:020000040800F2
:1000000000040020B9020008BB020008BB0200087F
:10001000BB020008BB020008BB020008BB020008CC
:10002000BB020008BB020008BB020008C1020008B6
:10003000BB020008BB020008DF020008BB02000888
:10004000BB020008BB020008BB020008BB0200089C
:10005000BB020008BB0200089132000811330008FF
:1000600081330008F133000861340008F13D0008D5
:10007000313E0008713E0008B13E0008F13E000824
:10008000313F0008713F0008BB020008BB020008B6
:10009000BB020008BB020008BB020008D134000804
:1000A000BB020008BB020008BB020008BB0200083C
:1000B000B13C0008BB020008BB0200083142000846
:1000C00001440008BB020008BB020008BB02000894
:1000D000BB020008BB02000801390008BB0200088F
:1000E000B1360008BB020008BB020008BB020008D2
:1000F000BB020008BB020008BB020008BB020008EC
:10010000BB020008BB020008BB020008BB020008DB
:10011000BB020008BB020008BB020008BB020008CB
:10012000114000085140000891400008D1400008EB
:1001300011410008BB020008BB020008BB02000816
:10014000BB020008BB020008BB020008BB0200089B
:10015000BB020008BB020008BB020008BB0200088B
:10016000BB020008BB020008BB020008BB0200087B
:10017000BB020008BB020008BB020008BB0200086B
:10018000BB020008BB020008BB020008BB0200085B
:10019000BB020008BB020008BB020008BB0200084B
:1001A000BB020008BB020008BB020008E13A0008DD
:1001B000BB020008BB020008BB020008BB0200082B
:1001C000C13F00085141000891410008E141000889
:1001D000BB020008BB020008BB020008BB0200080B
:1001E00072B6264880F30888254880F30988254898
:1001F00025490860022080F31488BFF36F8F02F056
:10020000F7FF04F05DF94FF0553020491B4A914249
:100210003CBF41F8040BFAE71D49194A91423CBF23
:1002200041F8040BFAE71B491B4A1C4B9A423EBF9C
:1002300051F8040B42F8040BF8E700201849194A5A
:1002400091423CBF41F8040BFAE702F0E9FF02F0EB
:10025000D7FF154C154DAC4203DA54F8041B884700
:10026000F9E704F01DFB124C124DAC4203DA54F8CE
:10027000041B8847F9E702F0CBBF00000004002010
:10028000000800200000000808ED00E00000002049
:100290000004002088AF01080008002004080020A6
:1002A00008080020E8240020E0010008E001000820
:1002B000E0010008E001000892E700F000F8FEE726
:1002C000EFF309820C31EFF31183A1E8FC4F0C30FE
:1002D000B0E8FC4F82F3098883F311887047EFF38D
:1002E000118308B504F0ACFA002808BF08BDBDE8CA
:1002F00008400C31EFF30982A1E8FC4F0C30B0E864
:10030000FC4F82F3098883F311887047002383F33D
:1003100011882846A047002004F04AFAFEE70000B2
:10032000844641EA000313F003036DD1403A41D300
:1003300051F8043B40F8043B51F8043B40F8043BBF
:1003400051F8043B40F8043B51F8043B40F8043BAF
:1003500051F8043B40F8043B51F8043B40F8043B9F
:1003600051F8043B40F8043B51F8043B40F8043B8F
:1003700051F8043B40F8043B51F8043B40F8043B7F
:1003800051F8043B40F8043B51F8043B40F8043B6F
:1003900051F8043B40F8043B51F8043B40F8043B5F
:1003A00051F8043B40F8043B51F8043B40F8043B4F
:1003B000403ABDD2303211D351F8043B40F8043BEF
:1003C00051F8043B40F8043B51F8043B40F8043B2F
:1003D00051F8043B40F8043B103AEDD20C3205D3FF
:1003E00051F8043B40F8043B043AF9D2043208D0F7
:1003F000D2071CBF11F8013B00F8013B01D30B8869
:1004000003806046704700BF082A13D38B078DD046
:1004100010F003038AD0C3F10403D21ADB071CBF18
:1004200011F8013B00F8013B80D331F8023B20F882
:10043000023B7BE7043AD9D3013A11F8013B00F8BB
:10044000013BF9D20B7803704B7843708B78837043
:100450006046704753B94AB9002908BF00281CBF3D
:100460004FF0FF314FF0FF3000F074B9ADF1080CE0
:100470006DE904CE00F006F8DDF804E0DDE90223C2
:1004800004B070472DE9F047089E0D4604468846A3
:10049000002B4DD18A42944668D9B2FA82F252B109
:1004A00001FA02F3C2F1200120FA01F10CFA02FC78
:1004B00041EA030894404FEA1C45210CB8FBF5FEC5
:1004C0001FFA8CF705FB1E8341EA03430EFB07F17D
:1004D00099420BD91CEB03030EF1FF3080F01E8113
:1004E000994240F21B81AEF1020E63445B1AA4B242
:1004F000B3FBF5F005FB103344EA034400FB07F7B8
:10050000A7420AD91CEB040400F1FF3380F00881F4
:10051000A74240F2058164440238E41B40EA0E40E1
:1005200000211EB1D4400023C6E90043BDE8F08796
:100530008B4208D9002E00F0EE800021C6E90005AC
:100540000846BDE8F087B3FA83F100294AD1AB42EF
:1005500002D3824200F2F980841A65EB0303012082
:100560009846002EE2D0C6E90048DFE702B9FFDE78
:10057000B2FA82F2002A40F09180A1EB0C054FEA1A
:100580001C471FFA8CFE0121B5FBF7F307FB135044
:10059000250C45EA00450EFB03F0A84208D91CEBE8
:1005A000050503F1FF3802D2A84200F2CB80434692
:1005B0002D1AA4B2B5FBF7F007FB105544EA054429
:1005C0000EFB00FEA64508D91CEB040400F1FF3524
:1005D00002D2A64500F2BB802846A4EB0E0440EAF6
:1005E00003409EE7C1F120078B4022FA07FC4CEA4A
:1005F000030C20FA07F405FA01F31C43FD404FEA0F
:100600001C4900FA01F3B5FBF9F8200C1FFA8CFE27
:1006100009FB185540EA054508FB0EF0A84202FA0E
:1006200001F20BD91CEB050508F1FF3A80F0888038
:10063000A84240F28580A8F1020865442D1AA4B2B0
:10064000B5FBF9F009FB105544EA054500FB0EFE29
:10065000AE4508D91CEB050500F1FF346CD2AE4560
:100660006AD90238654440EA0840A0FB0294A5EB31
:100670000E05A542C846A64656D353D05EB1B3EB8D
:10068000080265EB0E0505FA07F722FA01F3CD40E3
:100690001F43C6E900750021BDE8F087C2F12003C1
:1006A00020FA03F10CFA02FC25FA03F395400D43FE
:1006B0004FEA1C471FFA8CFEB3FBF7F107FB113022
:1006C0002B0C43EA004301FB0EF0984204FA02F4BB
:1006D00008D91CEB030301F1FF382FD298422DD922
:1006E000023963441B1AADB2B3FBF7F007FB1033BA
:1006F00045EA034500FB0EF3AB4208D91CEB0505A8
:1007000000F1FF3816D2AB4214D902386544ED1A15
:1007100040EA014138E73146304607E78646E5E6DC
:100720001846FAE64B45A9D2B9EB020864EB0C0E69
:100730000138A3E74046EAE7204694E74146D1E77F
:10074000D0467BE7023B654432E7084609E764444C
:10075000023842E7704700BF0000000000000000C0
:10076000012914BF6FF01300002070470000000043
:1007700000290CBF6FF0130000207047000000003C
:100780002DE9F04F02F00309C2F34114C2F38006D1
:10079000C2F3C105D709CE4600224FF00F0BA04689
:1007A00017E0D0F800A003EA0A0343EA0E03072A81
:1007B000036045D8036A23EA040444EA0C04046293
:1007C00049083BD07600AD004FEA88084FEA8E0E0C
:1007D0000132CB07F4D543680124944023EA040393
:1007E0003343436084684FF0030C53000CFA03F367
:1007F00024EA03042C438460C46824EA030C4CEA12
:100800000804C46002F00704A400B9F1020F07FA5B
:1008100004FC6FEA03030BFA04F4C2D1072A16D8CA
:10082000D0F820A02AEA040444EA0C040462046814
:10083000234043EA0E0349080360C3D1BDE8F08FAB
:10084000436A23EA040444EA0C044462B8E7D0F89B
:1008500024A02AEA040444EA0C044462E7E700BF47
:10086000024A136843F0C00313607047004400401D
:10087000836A9962DA6912F0800FC26806D0D206E4
:1008800003D51A6842F040021A6070471107F6D586
:10089000996841F400019960F1E700BF0000000091
:1008A000FEE700BF000000000000000000000000A4
:1008B000014B5B6883607047001000E0000000009F
:1008C0000E4A0F4B81685B6810B4946802691B1B69
:1008D0005B1AD218416902614268C46841F10001A3
:1008E0009342026888BF436001349342C0E90234F6
:1008F000416110BC38BF0360704700BFA00B0020EF
:10090000001000E0000000000000000000000000F7
:1009100010B4302383F311880B4B5C684942201AD2
:1009200008401968821A8A4207D3944205D35A6054
:10093000002383F3118810BC70470020002383F349
:10094000118810BC704700BF980B00200000000009
:10095000064B5A684942101A08401968884203D366
:10096000824201D35860704700207047980B0020E6
:10097000C1B100B54A1E22F00302031D1A44437898
:1009800090F800E090F803C081781B0443EA0E63FE
:1009900043EA0C0343EA012340F8043B8242EED1D0
:1009A0005DF804FB704700BF00000000000000007D
:1009B000302383F3118891F84C300C2B10D8DFE8EA
:1009C00003F02A0F0F260B070F0B0F0F0F0F0B0053
:1009D0000A6D936801339360D1E9003213605A6065
:1009E00010B400224FF0FF340B6C88680C6581F85E
:1009F0004C201B689A688242FBD25A680020C1E9E9
:100A000000321160596080F3118810BC70470B6D83
:100A100000221A60E4E7002383F31188704700BFC7
:100A20000368984234D0F0B4002605E0BCF10B0F07
:100A300029D01B68984224D0DA680A43DA6011B1E1
:100A40001A691142F5D0D3E90124156E92F84CC011
:100A50002C43BCF10A0F1466E8D1156D2C42E8D086
:100A6000146C9768166582F84C602468A568BD42CE
:100A7000FBD21B6865689842C2E900452A60626043
:100A8000DAD1F0BC7047156D35EA0404D1D1E7E73F
:100A9000704700BF000000000000000000000000E0
:100AA00010B50146302383F311881148FFF7B8FFD2
:100AB000104BD96818688A688468944214D904680D
:100AC0001C606360012480F84C40D86000240B6CEB
:100AD00081F84C401B689C68A242FBD35A68C1E96C
:100AE00000321160596000DF002383F3118810BDCC
:100AF00000080020D00900200000000000000000D5
:100B0000164B30B403F11004D96144601C69826053
:100B1000022A046038BF0222606018614FF08040F2
:100B20008C184463002404610224C460456AA5EB68
:100B3000010C624503D930BC704729461546013483
:100B400021444163426A511BA142F6D2022CF2D9E0
:100B50005A6B42F0010230BC5A637047D009002042
:100B60002DE9F0415D4D4B1CEF6886B0064669D01B
:100B7000A8465B4B58F8100FCDE903374FF0804C77
:100B80000023059340450A46DCF8241000F09780C6
:100B9000EB698468CB1AD31828BF13469C4223D92B
:100BA000022A38BF022201EB020ECCF834E0DCF856
:100BB00024E0AEEB01018A4298BF022214D8013230
:100BC00002EB0E01CCF83410DCF82410A1EB0E0E71
:100BD00096457ED2022A07D96A6B42F001026A6307
:100BE00002E000681B1B84689C42FAD3029382686F
:100BF0000090D31A426801926C461460C0E9014328
:100C00004FF0FF33AB613946286881F84C600368C8
:100C10002B6001225D6080F84C20E86000DF009BC3
:100C200063B12A69A2421DD0DDE901109A680B6008
:100C30000244C3E901124FF0FF33AB61386D06B0D7
:100C4000BDE8F081286887F84C6003682B600122BA
:100C50005D60394680F84C20E86000DF386D06B0F2
:100C6000BDE8F081002243452B610092C3F8048067
:100C70002BD09A6802994FF080400A449A60416AEA
:100C8000EB69CC1AA242D9D95B1A1344022B38BFA4
:100C90000223CA184263426A511A994228BF0223AA
:100CA000CCD30133D1184163416A8A1A9A4212D2D5
:100CB000022BC3D96B6B43F001036B63BEE76C4639
:100CC0002046FFF71DFFE9689EE74FF08043DA609A
:100CD000B4E78E4673E70A46E3E700BFD009002079
:100CE000B109000800000000000000000000000042
:100CF00070B5302304460D4683F31188164E08E084
:100D00006268C3E9004213606360FFF729FF0028AF
:100D100008DBA3682946042043B9F368002DEFD10E
:100D20004FF0FF30002383F3118870BDA368A169E1
:100D3000013BA36023694A1C9A4228BFE368A26171
:100D40000D7828BFA361E3690BB1204698470023C3
:100D500083F31188284670BDD009002000000000F0
:100D60004FF0FF310C30FFF7C3BF00BF00000000A1
:100D70000C30FFF7BDBF00BF000000000000000006
:100D80002DE9F041302304460F46164683F31188BF
:100D9000DFF8608008E06568C3E900452B606360A8
:100DA000FFF7DEFE002809DBA3683146042053B9B3
:100DB000D8F80C30002EEED14FF0FF30002383F333
:100DC0001188BDE8F0816269A368511C013B616133
:100DD000A3601770D4E904329A4224BFE3686361C8
:100DE000E3690BB120469847002080F31188BDE8E5
:100DF000F08100BFD00900200000000000000000CA
:100E00004FF0FF323030FFF7BBBF00BF00000000E3
:100E10003030FFF7B5BF00BF000000000000000049
:100E20002DE9F843054689461646302383F3118899
:100E3000114F00F1200806E02B62C3F85080FFF745
:100E40008FFE044658B9AB6ADB691B0631464FF08A
:100E500003000FD4FB68002EEED14FF0FF340023C7
:100E600083F311881CB949462846FFF701FD204647
:100E7000BDE8F8830024F2E7D0090020000000005C
:100E80002DE9F84F9046002A52D00026294D0446FD
:100E90008B461F46B146302383F3118804F1200AA4
:100EA00005E02362C3F850A0FFF75AFE58B9A36AC1
:100EB000DB691A0639464FF0030033D4EB68002F84
:100EC000EFD14FF0FF3089F3118840BBA8EB060C3F
:100ED000302383F31188A26AD3691B060ED5DC4444
:100EE0005B4601E09C451FD013F8011B9162D1695C
:100EF000090600F10100F5D406448344E3681807AD
:100F000003D5916841F400019160DB0603D51368B5
:100F100043F04003136089F31188B045BBD83046D5
:100F2000BDE8F88F0020CEE7E36806448344ECE791
:100F30001646F4E7D0090020000000000000000081
:100F40004FF0FF33FFF79CBF0000000000000000DF
:100F5000FFF796BF00000000000000000000000046
:100F6000F8B50D46302383F31188836AD96940F2BE
:100F70000F12114219D1104E044600F1180705E076
:100F8000A3611F65FFF7ECFD58B9A36ADB699B06F7
:100F900029464FF003000DD4F368002DF0D14FF037
:100FA000FF30002383F31188F8BD002383F31188F9
:100FB0000120F8BD0020F4E7D00900200000000067
:100FC00010B54FF0FF310446FFF7CAFF00B110BD66
:100FD000A36A586ADA699206F9D4E268510703D520
:100FE000996841F0805199609205F0D51A6842F0F5
:100FF00010021A6010BD00BF0000000000000000D9
:1010000010B50446FFF7ACFF00B110BDA36A586AE3
:10101000DA699206F9D4E268510703D5996841F07C
:10102000805199609205F0D51A6842F010021A605A
:1010300010BD00BF00000000000000000000000024
:101040002DE9F04F914683B0002A68D01F46354EF7
:1010500000230446884601934FF0300A8AF3118832
:10106000A36ADD6940F20F110D404FD104F1180B56
:1010700006E0A361C3F850B0FFF772FD58B9A36A48
:10108000DB699B0639464FF0030046D4F368002F16
:10109000EFD14FF0FF30002383F3118868BB019B31
:1010A000A9EB030C8AF31188A36AD9698A0611D5C2
:1010B000C444414601E08C4523D05B6A01F8013B02
:1010C000A36AD869820605F10105F4D4019A2A447D
:1010D0000192A844E168480703D5986840F0805021
:1010E0009860890503D5196841F010011960002343
:1010F00083F31188019B9945B0D8019803B0BDE8EE
:10110000F08F019B2B440193A844F0E7002383F365
:101110001188019803B0BDE8F08F0020BBE7019271
:10112000EBE700BFD0090020000000000000000035
:101130004FF0FF33FFF784BF000000000000000005
:10114000FFF77EBF0000000000000000000000006C
:1011500008B50146302383F311880820FFF700FD0E
:10116000002383F3118808BD000000000000000088
:10117000104B114ADB6880B520275A644FF0904627
:10118000B846A6F81A80302585F3118841F28831D7
:101190000820FFF7E5FC002484F31188378385F3EA
:1011A000118841F288310820FFF7DAFC84F31188B6
:1011B000E7E700BFD0090020485300080000000006
:1011C000F0B50446302585F31188A1F1700C604418
:1011D000012143612B4B43642B4B826080F84E10FE
:1011E000A0F1200E2949DF6A40F8081CD968C0F830
:1011F0000CE06FF0020EC0F834E04FF0807E056125
:1012000000F1380640F804EC826600F1580500222F
:1012100003F1280E826180F84D20C763C0F838E0E2
:10122000C0E91822846403643E60C0E9165500F1E9
:101230005405DE62456586688D680265AE4214D944
:1012400081F84C200A6C12689468A542FBD354685C
:10125000C1E9002421600124516080F84C40D8602D
:1012600000DF002383F31188F0BD80F84C201B6859
:101270009A689642FBD95A6844F80C304260106074
:101280005860EEE750530008D00900200D03000815
:101290002DE9F04F83B0C769019299464FF0300AAB
:1012A0008AF31188002A33D0DDF804B004460E46D4
:1012B000A268A169934522698CBFA5685D46A2EB2F
:1012C0000108A8454FD82AD2A5EB0803424630466C
:1012D0000093FFF725F806EB0800DDF80080E168D1
:1012E0004246FFF71DF8E2684244A261A268521B21
:1012F000A260FDB10FB12046B847002383F31188E7
:10130000ABEB050B2E448AF31188BBF1000FCFD154
:101310000198002383F3118803B0BDE8F08F2A46BB
:101320003046FEF7FDFFE268A261A268521BA26090
:10133000002DDFD1104BDA68B9F1000F0AD06168D7
:101340000420C2E900410A6049466260FFF708FCD8
:101350000028ADD0019BA3EB0B00002383F3118881
:1013600003B0BDE8F08F2A463046FEF7D9FFA269E8
:101370002A44A261BAE700BFD009002000000000A3
:101380004FF0FF330C30FFF783BF00BF00000000B9
:101390000C30FFF77DBF00BF000000000000000020
:1013A0002DE9F04F83B0D0F81C80019299464FF0A0
:1013B000300A8AF3118882B3DDF804B004460F4680
:1013C000A368D4E904609B458CBFA5685D46361AC6
:1013D000AE424DD828D232463946FEF7A1FFAA1BAD
:1013E000E0680092B919FEF79BFFE368009A134486
:1013F0006361A3685B1BA3600DB3B8F1000F01D05C
:101400002046C047002383F31188ABEB050B2F4424
:101410008AF31188BBF1000FD2D10198002383F326
:10142000118803B0BDE8F08F2A463946FEF778FFF1
:10143000E3686361A3685B1BA360002DDDD1104BE3
:10144000DB68B9F1000F0AD062684946C3E900427F
:10145000042013606360FFF783FB0028B0D0019B7A
:10146000A3EB0B00002383F3118803B0BDE8F08FDA
:101470002A463946FEF754FF63692B446361B8E797
:10148000D009002000000000000000000000000063
:101490004FF0FF333030FFF783BF00BF0000000084
:1014A0003030FFF77DBF00BF0000000000000000EB
:1014B000F8B584460F46302383F31188134B00F1AF
:1014C000200603254FF0010E0FE0D9681868CCF80C
:1014D000201081F84C5002681A600E65536080F845
:1014E0004CE0D86000DF0C6D2CB9DCF82820D26904
:1014F0001206EAD50024002383F311881CB939466B
:101500006046FFF7B5F92046F8BD00BFD0090020BE
:101510008446002070B5DCF83040CCF8080080F339
:101520001188DCF82C50DCF824E06E68DCF82850D8
:101530006D68C6F800E0F2607360DCF820302B6064
:10154000049BEB604FF08042059B6B60556A4FF047
:10155000300E8EF31188A3691E0407D40EE080F3C9
:1015600011888EF31188A3691E0407D5536A5B1B8B
:10157000B3F5FA7FF3D34FF0FF3070BDDCF80430E1
:10158000DCF830509E68330557D56960DCF82C30A4
:10159000586841686B6823F0FF73FF2923F4803398
:1015A00094BF09044FF47F0143EA060394BF4FF050
:1015B000000E4FF0807E0B4343EA0E036B6002681F
:1015C0001F4B42F0010202602268D968186842F09D
:1015D00040022260626842F4005262606246012565
:1015E00042F81C1F0A65032281F84C2002681A6029
:1015F000536080F84C50D86000DF086D431CBCD1AC
:101600006268DCF8283042F4804262605C68DCF892
:101610002C20216821F00F012160197C1C680E2309
:1016200003FA01F161605468216821F00F01216023
:10163000117C12688B40536070BD49006960A5E75A
:10164000D0090020000000000000000000000000A1
:1016500070B42A4D29680023012000FA03F212EA2F
:10166000010405D00133102BF7D1002070BC704766
:1016700011432960591C5FFA82FC45F8314005EBA3
:10168000C1051F4C1F49696003EB83006546990043
:1016900004EB80004DB11C4DAE6C46F00106AE640B
:1016A000AE6E46F00106AE66AD6E12F47F4F09D005
:1016B000154A956C45F002059564956E45F0020556
:1016C0009566926E104A0B44916C54F8235041F089
:1016D00004019164916E41F00401916604EB830171
:1016E000936E4B680C7C19680E22A24021F00F010A
:1016F000002419606A601C6070BC7047C80B002031
:1017000018AD010808080020001002400000000089
:10171000F8B5056B2B6823F001032B600678012ECA
:10172000044617D0D4E90A3162685B68496805F15C
:1017300024009860D2E9002343F4404343F090032F
:1017400005F1280088602B602A612B6843F00103B3
:101750002B60F8BD1F4B8A229A219842C0E90821CC
:10176000E0D11D4B9A6B42F400129A639A6B22F4FB
:1017700000129A639A6B9A6D42F400129A659A6FFE
:1017800042F400129A679B6FFFF762FFA062FFF7B7
:101790005FFF236AE06243F44053C0682362636AD8
:1017A00043F440536362A36ADF680C4B4FF0100CA4
:1017B000C7F800C050224FF000411127076083F89E
:1017C0001F23C3F88011196083F82023C3F88461B4
:1017D0005E60A7E7080800200010024000E100E07A
:1017E000F0B5174E85B0030A8DF80C308DF80D005A
:1017F000D6E901438DF80E10302787F31188636016
:101800002046FFF785FF02232370002484F311880C
:101810007568318887F3118803232B70AC6003AAA5
:10182000CDE900442846FFF773FE431C14BF022392
:1018300005232B7084F31188C0B205B0F0BD00BF42
:10184000640C002000000000000000000000000008
:101850002DE9F04184B00B0A8DF80C300446D0E934
:10186000015317468DF80D104FF0300888F311889A
:101870006B602846FFF74CFF02232B70002686F38F
:1018800011886568218888F31188032201202A7055
:10189000AE6003AA019000972846FFF739FE431C6B
:1018A00014BF022305232B7086F31188C0B204B045
:1018B000BDE8F08100000000000000000000000012
:1018C0002DE9F041C4B0194E8DF80D00000A8DF8D5
:1018D0000C000DF10E0017464FF03008FEF720FD0A
:1018E000D6E9014388F3118863602046FFF710FFB3
:1018F00002232370002484F311887568318888F3EB
:10190000118803202870AC60FB18CDE9004403AABD
:101910002846FFF7FDFD431C14BF022305232B704F
:1019200084F31188C0B244B0BDE8F081640C00209B
:101930002DE9F84381468846164601270024351BC9
:10194000B5F5807F28BF4FF4807509EB040008EBE4
:1019500004012A4680B2FFF7B3FF2C44A64207EAEF
:101960000007ECD83846BDE8F88300BF000000004F
:101970002DE9F043174D85B0030A8DF80C300F4662
:10198000D5E9014390468DF80D004FF0300989F3F9
:10199000118863602046FFF7BBFE022323700026F8
:1019A00086F311886C68298889F3118803222270D4
:1019B000A66003AACDE900782046FFF7A9FD431CE5
:1019C00014BF02230523237086F31188C0B205B02B
:1019D000BDE8F083640C002000000000000000005F
:1019E0002DE9F04F83B01F4D009316469DF830202F
:1019F000019283460F464FF0C908002405F20C5AA5
:101A00004FF030095A4651463046FFF7B1FF0443C4
:101A1000E4B289F3118864210820FFF7A1F80021BE
:101A200081F3118808F1FF3313F0FF0805EB07017C
:101A300014D0BBF1040F03D195F80E057E280AD807
:101A4000009B91F80C151940019B9942DAD1204670
:101A500003B0BDE8F08F44F04204F8E744F001041D
:101A6000F5E700BF640C002000000000000000004B
:101A7000F0B585B0D6B213118DF80D10090A8DF8A6
:101A80000C108DF80E30114633011446C2F53F5745
:101A900005468DF80F30FEF76BFFDFF880C0083683
:101AA0003437631E04F20F52F6B2BFB21BB21CFAF7
:101AB00082F22919013B11F8010D02F801091BB24C
:101AC000581CF7D104F5A2639BB24FF0706E0399D6
:101AD000CCF80C1538460CEB03074CF803E040F249
:101AE0000513BB8004F10C020023FE71BB710C498D
:101AF00092B2FFF71DFF0322FF23009206464FF428
:101B0000305201210420FFF76BFF2146064328468F
:101B1000FEF72EFFF6B2304605B0F0BD640C002093
:101B20007011002000000000000000000000000014
:101B30002DE9F043DFF890C04FEA021E0C4615462F
:101B400002F10C0706464FEA11294FEA22189CE8D9
:101B5000070087B003AB83E8070019460C2242F662
:101B6000F4708DF80FE08DF80D408DF80C908DF825
:101B70000E80FFF7DDFE032300930446FF234FF49E
:101B8000305201210420FFF72BFFBFB23A460F4924
:101B9000044342F60440FFF7EBFEE4B20443394647
:101BA0000A48FEF7E5FE0A4AE4B22DB2701E002391
:101BB00001331BB212F8011F00F8011F9D42F7DC30
:101BC000204607B0BDE8F083DC4F0008701100200C
:101BD0007311002000000000000000000000000061
:101BE0002DE9F8430546BDF8209098460E46174665
:101BF000FFF79EFF98F8003005F8093004463A4692
:101C000031462846FFF734FF2043C0B2BDE8F883D1
:101C10000EB42DE9F04F86B00FAB53F8046B02936E
:101C20003546019315F8011B002900F00182044696
:101C30004FF000090CE023682046DB68984709F163
:101C400001092E46354615F8011B002900F0D98000
:101C50002529F0D173782D2B04BFB51C4FF0010C52
:101C60002B7818BF4FF0000C2B2B03BF6B784FF075
:101C7000010E01354FF0000E302B03BF01351F461A
:101C80002B7820272A2B49D16B78DDF804B02E2B36
:101C90005BF8042B05F1020656D0002003F0DF01AB
:101CA0004C295FD0A3F14405342D00F2B080DFE869
:101CB00015F0DC00AE00AE00AE00AE00DC00AE0001
:101CC000AE00AE00AE00AE004D011201AE00AE009F
:101CD000AE00AE00B401AE00AE001201AE00AE0028
:101CE000AE00AE00AE00AE00AE00AE00AE00AE0084
:101CF0006F01DC00AE00AE00AE00AE00DC00AE0056
:101D0000AE00AE00AE00AE004D011201AE00AE005E
:101D10005001AE00B401AE00AE0012016E1C002BEB
:101D20006FD0002205E016F8013B01EB4002002BCA
:101D300067D0A3F13001C9B2092902EB8200F2D9C0
:101D40002E2BDDF804B0A8D13378002B59D02A2BE4
:101D500047D173785BF8040B03F0DF014C2906F1DF
:101D600002069FD116F8013B002B4AD0A3F1440193
:101D700034294CD8DFE811F079004B004B004B00C0
:101D80004B0079004B004B004B004B004B00EA002E
:101D9000AF004B004B004B004B0051014B004B0080
:101DA000AF004B004B004B004B004B004B004B0077
:101DB0004B004B004B000C0179004B004B004B00DB
:101DC0004B0079004B004B004B004B004B00EA00EE
:101DD000AF004B004B00ED004B0051014B004B009E
:101DE000AF0001360020A3F13001C9B2092900EB90
:101DF00080053FF653AF16F8013B01EB4500002B81
:101E0000F1D1484606B0BDE8F04F03B070478DF8F9
:101E10000C30013ACDF804B022EAE27ABCF1000FAE
:101E200004D1002ACAF1000A00F3E48000250DF174
:101E30000C0B05F10108D84423681BF8011BDB6873
:101E400020469847C345F7D109F10109A944BAF1E1
:101E5000000F3FF4F7AE554623683946DB6820464D
:101E60009847013DF8D1D144ECE65B4653F8040BAA
:101E700001930028C0F2B680BEF1000F00F0D580BB
:101E80002B238DF80C300DF10D0E03AB0EF10B0B67
:101E90005D466B49A1FB0081C90801EB810A8846B8
:101EA000A0EB4A0130318246C9B2BAF1090F05F8F8
:101EB000011D4046EDDCABEB0500704401E015F878
:101EC000011F0EF8011B8645F9D1AEEB0305521B2D
:101ED0009B46013D2DE04FF010085B4653F8040B84
:101EE00001930DF1170300E02B468646B0FBF8F096
:101EF00008FB10EA0AF130013929C8BF0AF137019D
:101F0000C9B2C64503F1FF3503F8011CECD20DF14F
:101F10001700451B184603AB0DF117089E4601E05C
:101F200010F8011B0EF8011B4045F9D1521B9B46CE
:101F3000013D22EAE27ABCF1000F03D1002ACAF186
:101F4000000A2EDC002DBFF674AF80E74FF00808C2
:101F5000C3E75B4653F804BB0193BBF1000F5FD0AE
:101F60009BF8001000284AD100294BD047F6FE709C
:101F7000594601E0C54205D411F8013FABEB01051C
:101F8000002BF7D1A1EB0B01521A4D1E2027D0E7F1
:101F90005BF8043BCDF804B0013A8DF80C302027F3
:101FA0003AE7D0469BF800102D290FD02B290DD0F1
:101FB00023683946DB68204698471AF1010AF7D1B1
:101FC000002DA9EB0809BFF634AF3BE6302FEFD167
:101FD00022682046D2680BF1010B09F10109013D8D
:101FE0009047E5E72D238DF80C3040420DF10D0EA2
:101FF00003AB4BE76546D0460DF10C0BD2E709B1B8
:102000000138B5D522EAE27ABCF1000F03D1002AEB
:10201000CAF1000A0EDC202719E74FF00A085CE736
:10202000DFF820B00028A1D0EAE703AB9E462DE7F9
:102030008946E6E6D04620274FF0FF35B2E700BFDD
:10204000CDCCCCCC585300080000000000000000AC
:1020500080B5DFF8C4803149D8F80C2086B0302331
:10206000516483F311882E4BD8F80C001968019144
:1020700001AA1A60012100234FF0FF32CDE90201CD
:10208000CDE9043283F31188264F274D274E4FF0B8
:102090003009D8F80C4089F31188236ED8076FF007
:1020A000010121D50B400022236682F3118889F3B8
:1020B0001188049C049282F31188059B1C40E1075F
:1020C0000DD4A20706D46307E3D519492846FFF7C4
:1020D0009FFDDCE731462846FFF79AFDF3E73946D6
:1020E0002846FFF795FDECE7D8F80C10D8F800006B
:1020F00001230A22236581F84C200268C8F80020D9
:10210000C2F8048080F84C30C8F80C0000DF236E61
:1021100003F00101C943C5E7D0090020605300085E
:10212000000800206C5300086C0800209053000841
:10213000C85300080000000000000000000000007C
:1021400030B53B4A3B4B92E80300C7B002AC84E891
:10215000030093E8030004AD85E8030036494FF41B
:1021600042728818FEF7DCF894E80300334C84E8E8
:10217000030095E8030004F1180383E80300A4F1C9
:1021800008004FF44271FEF7F3FB04F12C014FF409
:10219000807206A8FEF7C4F806AD0EA80024A0F1D0
:1021A00020022946D2E9003C6344D2F820C06344AF
:1021B000D2F824C0083263449B08904241F8043BA3
:1021C000F0D10434102C05F1100500F14000E6D1E7
:1021D0001B4CC022002116A802F0AEFE4FF4807204
:1021E00006A904F5A860FEF79BF804F20C504FF422
:1021F0004271FEF7BDFB00231248C4F8400604F20A
:102200000C51C4F884354FF4427242F6F840FFF79F
:102210008FFB0323044600934FF43052FF23012128
:102220000420FFF7DDFB2043C0B247B030BD00BF44
:1022300000540008E84F0008680E002078110020C4
:10224000640C0020A0FC0100000000000000000061
:102250002DE9F04F544B93E80300E9B004AC083388
:1022600084E8030093E8030006AB83E803004F49CA
:102270004FF4F47201F59E60FEF752F894E8030003
:102280004B4C84E803004FF4F471A4F11000FEF706
:102290006FFB4FF4807204F12C0128A8FEF740F880
:1022A000802204F5987108A8FEF73AF808AF0DF1FE
:1022B000A00830AD3E464FF0000BA5F12001B4461A
:1022C000384644460396D1F804900A68B0F90030C5
:1022D000B0F902E0B0F910A04E6A4A44D1F820905B
:1022E00073444A44B0F912909A441AEB090A48BF61
:1022F0000AF1030A3244083192084FEAAA0AA942B5
:1023000044F8042B2CF802AB00F10400DBD1039E4F
:102310000BF1040BBBF1100F08F1100807F12007B7
:1023200006F1080601F14005C7D16022002110A87E
:1023300002F002FEC022002138A802F0FDFD28A90B
:102340004FF480721B48FDF7EBFF802208A91A4862
:10235000FDF7E6FF19484FF4F471FEF709FB184941
:102360004FF4F272A1F1080002F06AFD06AB93E8A7
:102370000300144B4FF4F47283E80300A3F5F071EB
:1023800042F61860FFF7D4FA0323044600934FF493
:102390003052FF2301210420FFF722FB2043C0B26B
:1023A00069B0BDE8F08F00BFF04F0008800C00203E
:1023B00080110020AC110020B0120020701100200C
:1023C00078110020501300200000000000000000E1
:1023D000734B744C2DE9804893E80700DFF8C8B1CF
:1023E000E3688BE80700714A5A64A1B04FF47A7031
:1023F000FEF7AEFE002147F6FF70FFF7F1F90CAFD4
:102400003A46002105465846FFF722FA10AA012154
:1024100006465846FFF71CFA0221044647F6FF70AD
:10242000FFF7DEF99DF83030F02B10D0604B61499A
:102430001868FFF7EDFB302484F3118842F2107125
:102440000820FEF78DFB002383F31188F4E79DF845
:102450004080B8F1020FE9D135432C4340EA04092A
:1024600019F0FF09E2D1544BCBF81830534BCBF89D
:10247000143001254FF00113494647F6FF700C93C5
:102480008BF8B89A1095FFF7ABF9042104460920A0
:10249000FFF7A6F9402104430F20FFF7A1F9E4B2AA
:1024A000044303210A20FFF79BF9E4B20DF1230254
:1024B000044347F6FF715846FFF7CAF9E4B20443F4
:1024C00029460C20FFF78CF9E4B20443494640F258
:1024D0000110FFF785F9E4B2044349464FF48170D7
:1024E000FFF77EF9E4B2044329464FF48570FFF705
:1024F00077F9E4B20443294644F20200FFF770F989
:10250000E4B20443494644F20200FFF769F9E4B239
:10251000044303214FF48570FFF762F9E4B20443EA
:10252000294640F20310FFF75BF9E4B20443494641
:102530000C20FFF755F9E4B2432104430F20FFF7C5
:102540004FF9E4B204430A20FEF702FE40210F20B7
:10255000FFF746F9E4B2294604430A20FFF740F9A1
:10256000E4B204434FF47A70FEF7F2FD494647F6B1
:10257000FF70FFF735F9E4B244EA000600954946DA
:10258000FF2306222846FFF72BFAF6B2064316F081
:10259000FF0617D0064B0A491868FFF739FB4AE7D0
:1025A00024AF0108D0090020640C00200C5400085E
:1025B000600C002014540008E85900081C5600085C
:1025C0004454000829460E20FFF70AF94146044604
:1025D00047F6FF70FFF704F90D2104430320FFF7CE
:1025E000FFF8E4B20443294647F6FF70FFF7F8F816
:1025F0004FF01009E4B24B46212204433146CDF896
:1026000000902846FFF7ECF9E4B20443314647F660
:10261000FF70FFF7E5F8E4B20DF12302044347F63B
:10262000FF715846FFF714F9E4B2044329460C2021
:10263000FFF7D6F8E4B20443314647F6FF70FFF7E0
:10264000CFF8E4B20443314640F20110FFF7C8F876
:10265000E4B2044331464FF48170FFF7C1F8E4B2AD
:10266000044329464FF48570FFF7BAF8E4B20443F7
:10267000294644F20200FFF7B3F8E4B204433146BE
:1026800044F20200FFF7ACF8E4B2044303214FF434
:102690008570FFF7A5F8E4B20443294640F2031021
:1026A000FFF79EF8E4B20443314644F20F00FFF70F
:1026B00097F8E4B20443432140F21A20FFF790F860
:1026C000E4B20443032140F21A20FFF789F8E4B290
:1026D0000443294640F21A20FFF782F8E4B204438B
:1026E000314640F21A20FFF77BF8E4B2044331464A
:1026F00040F21920FFF774F8E4B20443314640F287
:102700001B20FFF76DF8E4B20443314647F6FF7033
:10271000FFF766F8E4B20DF12302044347F6FF71B8
:102720005846FFF795F8E4B2044331460C20FFF712
:1027300057F8E4B20443294647F6FF70FFF750F814
:10274000E4B2044307212020FFF74AF8E4B204432F
:1027500006212020FFF744F8E4B20443092147F69C
:10276000FF70FFF73DF8E4B24FF4004267490443BD
:102770003046FFF7DDF8E4B204430A2147F6FF7064
:10278000FFF72EF8E4B24FF40042614904433046AB
:10279000FFF7CEF8E4B204430B2147F6FF70FFF7D2
:1027A0001FF8E4B24FF4A0425A4904433046FFF701
:1027B000BFF8E4B20443294647F6FF70FFF710F86C
:1027C000E4B20443414647F6FF70FFF709F8E4B26C
:1027D00004430D210320FFF703F8E4B20443294624
:1027E00047F6FF70FEF7FCFFE4B20443CDF800901B
:1027F0004B46314621222846FFF7F2F8E4B2044363
:1028000014F0FF047FF4C6AE214647F6FF70FEF7D2
:10281000E7FF0DF12302064647F6FF715846FFF722
:1028200017F8294606430C20FEF7DAFFF6B20643F6
:10283000214647F6FF70FEF7D3FFF6B20643214666
:102840004FF48A70FEF7CCFFF6B20643214640F201
:102850001510FEF7C5FFF6B2064342214FF48B7008
:10286000FEF7BEFFF6B20643214640F21710FEF710
:10287000B7FFF6B2064321460B20FEF7B1FFF6B2D2
:102880000DF12302064347F6FF715846FEF7E0FFBD
:10289000F6B2064321460C20FEF7A2FFF6B206432D
:1028A00029460B20FEF79CFFF5B20543EDB24FF42D
:1028B000FA764FF0300810E088F311880A210820DA
:1028C000FEF74EF9002383F311889DF82430013E72
:1028D00013F0010FB6B221D106B309AA062158465A
:1028E000FEF7B6FF9DF924300443002BE4B2E3DA8F
:1028F0000DF12808084842460721FEF7A9FF0443C6
:10290000E3B29DF828401C430AE000BFF05C0008D9
:10291000F0DC0008F05C0108640C00200DF12808D0
:1029200025437FF437AE022147F6FF70FEF758FFCC
:10293000CC490446282242F6D870FEF7F9FF02235C
:102940002946044300934FF43052FF230420FFF73D
:1029500047F8E4B2C44904434FF4F67242F6044027
:10296000FFF706F8C049E4B24FF4F4720443A1F54E
:102970009E60FDF7D5FCFFF76BFCE4B2BB494FF45A
:1029800042720443BA48FDF7CBFCFFF7D9FBE4B22F
:10299000DBF8141004434FF4737242F63440FEF730
:1029A000C7FFE4B20323044300934FF43052FF23E4
:1029B00001210420FFF714F8E4B2044304224DF689
:1029C00080313846FFF754F8E4B2044304224DF650
:1029D000641110A8FFF74CF8E4B2262304430093D7
:1029E00028220DF123034EF208119F4801258DF88E
:1029F0002350FFF7F5F8E4B22523044300939A48E7
:102A00000DF1230328224EF20811FFF7E9F8E4B292
:102A100044EA000313F0FF047FF4BCAD954B964DE0
:102A20001868964A9649FFF7F3F89422214605F173
:102A3000080002F081FA934A2346934C43F2415630
:102A4000C5E904424FF43012C5E9006205F11C02E9
:102A500002F8013B0133102BFAD130224FF0FF3145
:102A60008A4802F069FA9C2283484BF6AC71FEF763
:102A7000FFFF024600287BD143F244532B609C2287
:102A800006237D48EB744BF6AC71FEF7F1FF02466E
:102A9000002867D1012200920F228DF8232072486E
:102AA0000DF12303042245F25841FFF799F8064639
:102AB000002840F06C834FF44073CDE90A000822EF
:102AC00045F2504168480993FFF732F89BF80D250D
:102AD0009BF80CE56E4B02901EFB02FEFF2203F1F9
:102AE00010058BF80C200FCB87E80F000FCD10AC32
:102AF0000FC40FCDCBF810600FC495E80F0084E829
:102B00000F0040F6FF735FFA8EFE0DF13C0CB146EC
:102B1000B2460C9311E00C2B0EFB03931DD8BCF8AE
:102B200000206EF30F12ACF80020012603F1040917
:102B30000AF1010ABAF10C0F20D05CF8043F002B17
:102B4000F6D040F6FF7323FA0AF3D807F0D59CF8C5
:102B50000020110702F00F03DDD1BCF8003009EBB3
:102B60001313E2E7434B4B491868FFF751F862E44F
:102B7000404B49491868FFF74BF85CE40EB1CBF8BD
:102B80001090DBF81030302218334DF6801110A869
:102B9000CBF81030FEF76CFFDBF810300A930822F8
:102BA0000D234DF66811814640460B93FEF760FFFA
:102BB00010224DF6701182463846FEF759FF00216B
:102BC000804647F6FF70FEF70BFE052107460920F9
:102BD000FEF706FE0221064647F6FF70FEF700FEEE
:102BE00009A90422054642F6FC70FEF7A1FE032364
:102BF00000934FF43052FF23012104460420FEF7D6
:102C0000EFFE0C22039045F240411748FEF790FF7B
:102C1000BBF81415DBF810309942024606D0FF22AB
:102C2000144B1E491868FEF7F3FF04E4029949EAC1
:102C30000A03194348EA010847EA08073E43039B91
:102C400035432C4323431A4312F0FF02E8D1DFF847
:102C50005080029208F5807708F2C23608F2431AD3
:102C60002AE000BFF0AC01087011002000500008FD
:102C7000680E0020600C002020170020645400081B
:102C80007454000810100108060204094C170020B3
:102C900008530008CC5400089C5400084455000810
:102CA000BC170020302383F31188C8210820FDF7CA
:102CB00057FF029B83F311880422BF490020FEF7CF
:102CC00057FE9BF80C359BF80C209A42EAD0FF2B5C
:102CD000E8D09BF80D25052AE4D19BF80E2502F0DB
:102CE0000502052ADED19BF80F25D206DAD5DBF8DE
:102CF0001020B1498BF80C300020FEF739FE9BF80C
:102D00000C35BBF81010AC488BF80C30FDF730FEDA
:102D1000DBF81040102C88BF4FF010091AD849E09A
:102D200045F2D052934200F036816ED94DF65802EA
:102D3000934200F038814DF68432934206D109F572
:102D4000A2619E4859442A46FDF7EAFA0435A9448F
:102D5000A1452FD209F20C530BEB03001BF8032003
:102D60003BF80350438802F00F0202F10E0101F01C
:102D70000F010A29C5F30B1598BF15FB02F54DF697
:102D8000C432934200F04B81CAD94EF244029342BE
:102D900000F036814AD94EF284029342D6D109F529
:102DA000A2612A46043586485944A944FDF7B8FA79
:102DB000A145CFD3DFF80C82434653F8042FD20A43
:102DC000BB421A60F9D1804A02F20110A2F581716A
:102DD00002F1800412E0002BB8BF03339B10238064
:102DE00010F8013F5B08037032F8025F51F8043FAE
:102DF000ED09DB0AB24215800B6028D034F9023F9E
:102E0000DD1CE8DA029B2380EAE745F2B4429342F4
:102E100000F0FE8045F2D042934297D109F5A261BD
:102E200059442A466948FDF77BFA8FE74DF6C4629C
:102E3000934200F0FC804DF64472934286D109F52E
:102E4000A26159442A466248FDF76AFA7EE7614B5F
:102E5000FF2101E09A4507D013F8012F002AF9D18C
:102E60009A4583F88013F7D15B4A5C4952F8043FD6
:102E7000A1FB0303DB0B1360594B9342F6D10FAA5E
:102E80005849104611F9013B08EB8303D3F8D034BD
:102E900040F8043F544B8B42F4D10024CDE9054463
:102EA0000394204621462546CDF81C80049406E074
:102EB0004FF00A0CE3FB0C010134102C18D052F82F
:102EC000043F13EB050914F0030C4D46F0D0BCF1A0
:102ED000010F40D0BCF1020F4AD0DDE903CE4FF024
:102EE0000A080134E3FB08CE102CCDE903CEE6D16D
:102EF0003E4BDDF81C801B78002B00F0A0803C4B83
:102F00001C78032C00F0CC800A220023FDF7A2FAE3
:102F10000A2205460023DDE90301FDF79BFA8146FD
:102F2000002C40F0A2800023DDE905010A22FDF714
:102F300091FA40F6C4139D4240F20F81854240F25F
:102F40000C814D4540F209810123294A1370294A19
:102F50001E231360A6E64FF0060CE3FB0C01DDE92F
:102F600005C84FF0040EE3FB0EC8CDE905C8A3E782
:102F7000DDE905CE4FF00408E3FB08CECDE905CE30
:102F8000DDF81080DDF80CC04FF0060EE3FB0EC834
:102F9000CDE903C890E709F5A26159442A461648CD
:102FA000FDF7BEF9D2E609F5A26159442A46134855
:102FB000FDF7B6F9CAE600BF70110020C018002066
:102FC000401C0020BC170020FE1A0020C017002063
:102FD000801B0020BF180020881C0020018000807A
:102FE000081D00203C1700204C170020580C002022
:102FF000500C0020540C002000190020801C0020E0
:1030000009F5A26159442A466748FDF789F99DE60A
:103010000BEB090393F8183588F8003096E609F5AC
:10302000A26159442A466148FDF77AF98EE609F50E
:10303000A26159442A465E48FDF772F986E65D4A68
:103040001278002A37D141F2883399457FF62AAEAB
:10305000584901230B7058493C230B60574B584982
:1030600018684A46FEF7D4FD1CE6564A1368013B31
:10307000002B13607EDD022C5FD018D8012C16D1F6
:10308000632D3FF60FAE504A032313704F4A1923A6
:1030900002201360FDF704FD4D4A029B137001E608
:1030A0004A4A1368013B002B13603FF7FBAD464AC9
:1030B000029B1370F6E54048016801390029016060
:1030C0005CDD032A6BD801A353F822F047300008D7
:1030D0002131000803310008DD300008B9F5C87F50
:1030E000BFF4E0AD334A029B1370394B364A0120DE
:1030F000187003231370354A19231360FDF7D0FCB1
:10310000D0E541F2883399457FF6CCAD29490323B8
:103110000B702A4B2F4918684A46FEF779FDC1E526
:10312000B9F5C87FBFF4BEAD224A2B490223137004
:10313000224B1868FEF76CFDB4E563283FF6B2AD8C
:10314000214A03231370214A192304201360FDF739
:10315000A7FC1F4A029B1370A4E540F6C4139945CF
:103160007FF6A0AD4845BFF49DAD4D45BFF49AAD87
:103170000223EAE6144A029B1370D4E60D4C174969
:1031800023700E4B1868FEF743FD227899E70B4B2E
:10319000134918683246FEF73BFDFFF74CB9054A64
:1031A000029B13707EE500BF001C0020001A002067
:1031B000001B00200C1D0020101D0020600C0020B2
:1031C00090550008540C0020500C00205C0C00208E
:1031D000580C0020E0550008C05500087055000844
:1031E0000C55000800000000000000000000000076
:1031F000704700BF00000000000000000000000059
:10320000704700BF00000000000000000000000048
:10321000FEE700BF0000000000000000000000000A
:10322000F8B5154D154F16491648174A05F17004A3
:1032300081420DD9043A034652F8046F43F8046BF7
:103240009942F9D84B1E1B1A23F003030433184488
:10325000874207D97A1E121A22F003020432002193
:1032600001F06AFEA54205D0D5E90420D5E906178C
:103270001035DDE7F8BD00BF98AE0108E824002056
:10328000E8240020E82400208CAF010800000000A2
:10329000194A536903F00103536143B370B5174CE6
:1032A000A3680BB1E0689847302383F31188216845
:1032B000A14214D000260B4609681A6C9D68216053
:1032C0004C601E6583F84C6012689068A842FBD27F
:1032D0005068A142C3E9002003605360EBD1002392
:1032E00083F31188064B4FF080525A6070BD044B37
:1032F0004FF080525A60704700040140CC08002013
:1033000000ED00E0000000000000000000000000F0
:10331000174AF8B5536903F0020353611BB3154F05
:10332000BB690BB1F8699847302383F31188124CBD
:103330003969A14214D000260B4609689D681A6CB1
:1033400039614C601E6583F84C6012689068A84231
:10335000FBD25068A142C3E9002003605360EBD167
:10336000002383F31188054B4FF080525A60F8BD5B
:1033700000040140CC080020DC08002000ED00E043
:10338000174AF8B5536903F0040353611BB3154F93
:10339000BB6A0BB1F86A9847302383F31188124C4B
:1033A000396AA14214D000260B4609689D681A6C40
:1033B00039624C601E6583F84C6012689068A842C0
:1033C000FBD25068A142C3E9002003605360EBD1F7
:1033D000002383F31188054B4FF080525A60F8BDEB
:1033E00000040140CC080020EC08002000ED00E0C3
:1033F000174AF8B5536903F0080353611BB3154F1F
:10340000BB6B0BB1F86B9847302383F31188124CD8
:10341000396BA14214D000260B4609689D681A6CCE
:1034200039634C601E6583F84C6012689068A8424E
:10343000FBD25068A142C3E9002003605360EBD186
:10344000002383F31188054B4FF080525A60F8BD7A
:1034500000040140CC080020FC08002000ED00E042
:10346000174AF8B5536903F0100353611BB3154FA6
:10347000BB6C0BB1F86C9847302383F31188124C66
:10348000396CA14214D000260B4609681A6C9D685D
:1034900039644C601E6583F84C6012689068A842DD
:1034A000FBD25068A142C3E9002003605360EBD116
:1034B000002383F31188054B4FF080525A60F8BD0A
:1034C00000040140CC0800200C09002000ED00E0C1
:1034D000F8B56C4B5D6905F47872AC065A6125D578
:1034E000694CA36D0BB1E06D9847302383F31188CD
:1034F000664E216DB14216D04FF0000C0B460968A4
:103500001A6C9F6821654E60C3F850C083F84CC0A8
:1035100012689068B842FBD25068B142C3E90020FB
:1035200003605360EAD1002383F31188680625D530
:10353000554CA36E0BB1E06E9847302383F311888E
:10354000534E216EB14216D04FF0000C0B46096865
:103550001A6C9F6821664E60C3F850C083F84CC057
:1035600012689068B842FBD25068B142C3E90020AB
:1035700003605360EAD1002383F31188290625D51F
:10358000414CA36F0BB1E06F9847302383F3118850
:10359000404E216FB14216D04FF0000C0B46096827
:1035A0001A6C9F6821674E60C3F850C083F84CC006
:1035B00012689068B842FBD25068B142C3E900205B
:1035C00003605360EAD1002383F31188EA0529D50B
:1035D0002D4CD4F8883013B1D4F88C0098473023A0
:1035E00083F311882C4ED4F88010B14217D04FF0DD
:1035F000000C0B4609681A6C9F68C4F880104E6076
:10360000C3F850C083F84CC012689068B842FBD22F
:103610005068B142C3E9002003605360E9D1002340
:1036200083F31188AB0527D5174CD4F8983013B124
:10363000D4F89C009847302383F31188174DD4F8B1
:103640009010A94215D000270B4609681A6C9E6895
:10365000C4F890104D601F6583F84C701268906834
:10366000B042FBD25068A942C3E900200360536016
:10367000EAD1002383F31188094B4FF080525A603E
:10368000F8BD00BF00040140CC0800201C09002048
:103690002C0900203C0900204C0900205C09002076
:1036A00000ED00E00000000000000000000000004D
:1036B000F8B5884B5D6905F47C426E055A6129D5E1
:1036C000854CD4F8A83013B1D4F8AC009847302317
:1036D00083F31188814ED4F8A010B14217D04FF077
:1036E000000C0B4609681A6C9F68C4F8A0104E6065
:1036F000C3F850C083F84CC012689068B842FBD23F
:103700005068B142C3E9002003605360E9D100234F
:1037100083F311882C0529D56F4CD4F8B83013B138
:10372000D4F8BC009847302383F311886C4ED4F84A
:10373000B010B14217D04FF0000C0B4609681A6C5C
:103740009F68C4F8B0104E60C3F850C083F84CC0F6
:1037500012689068B842FBD25068B142C3E90020B9
:1037600003605360E9D1002383F31188E80429D56D
:10377000594CD4F8C83013B1D4F8CC009847302352
:1037800083F31188574ED4F8C010B14217D04FF0D0
:10379000000C0B4609681A6C9F68C4F8C0104E6094
:1037A000C3F850C083F84CC012689068B842FBD28E
:1037B0005068B142C3E9002003605360E9D100239F
:1037C00083F31188A90429D5434CD4F8D83013B118
:1037D000D4F8DC009847302383F31188424ED4F8A4
:1037E000D010B14217D04FF0000C0B4609681A6C8C
:1037F0009F68C4F8D0104E60C3F850C083F84CC026
:1038000012689068B842FBD25068B142C3E9002008
:1038100003605360E9D1002383F311886A0429D53A
:103820002D4CD4F8E83013B1D4F8EC00984730238D
:1038300083F311882D4ED4F8E010B14217D04FF029
:10384000000C0B4609681A6C9F68C4F8E0104E60C3
:10385000C3F850C083F84CC012689068B842FBD2DD
:103860005068B142C3E9002003605360E9D10023EE
:1038700083F311882B0427D5174CD4F8F83013B1F3
:10388000D4F8FC009847302383F31188184DD4F8FE
:10389000F010A94215D000270B4609681A6C9E68E3
:1038A000C4F8F0104D601F6583F84C701268906882
:1038B000B042FBD25068A942C3E9002003605360C4
:1038C000EAD1002383F311880A4B4FF080525A60EB
:1038D000F8BD00BF00040140CC0800206C090020A6
:1038E0007C0900208C0900209C090020AC090020E4
:1038F000BC09002000ED00E0000000000000000016
:103900002DE9F843724C666DD6F80080F569356292
:103910002A0740F0B680E90500F1A780AA064BD53A
:103920006C48002700F1080929E0D4E908329342E5
:1039300036D06269591C0132216262611D70D4E97E
:1039400007329A4201D3A3692362E3684B4511D041
:103950001A689D68196CE260C2F804901F6583F8CC
:103960004C7009688A68AA42FBD24A68C3E900120F
:1039700013604B6087F31188F569AB061CD53023C3
:1039800083F31188726A94F85C5063691540002BC8
:10399000CBD10421FDF744F8D4E908329342C8D1D1
:1039A0006269002AC5D04FF40061FDF739F887F34A
:1039B0001188F569AB06E2D418F0800F40D02906D3
:1039C0003ED5454F4FF0300C002126E0A26B206C15
:1039D0005D1C0132A263A564854293F800E001D327
:1039E000E36BA364236BBB4210D01A689D68186C0C
:1039F00022635760196583F84C1000688268AA42F8
:103A0000FBD24268C3E9000213604360C6F828E0B5
:103A100081F31188F5692B0612D58CF31188D4E94E
:103A200011239A42D2D1A26B002ACFD02948082173
:103A3000FCF7F6FF28F080033360002383F311883E
:103A400018F0400F0BD06A0609D5302383F3118894
:103A5000D4E911239A422FD0002383F311881F4BFE
:103A60004FF080525A60BDE8F883302383F3118809
:103A700018484FF48061FCF7D3FF002383F31188CB
:103A80004CE715F0080118BF4FF48071EB0748BFF1
:103A900041F02001AF0748BF41F04001680748BF2F
:103AA00041F08001302383F311880A48FCF7B8FF06
:103AB000002383F311882EE7A36B002BCCD005489D
:103AC0001021FCF7ADFF28F040033360C4E700BFCE
:103AD0006C080020700800209C08002000ED00E029
:103AE0006F48816AF8B50D688C68CA69C2F308022C
:103AF00053014FEA122C03F4787343EA8C234FEA04
:103B0000D20C0CF0040C43EA0C034FEA121C0CF02C
:103B1000080C920802F0100243EA0C031343C26837
:103B2000134012D013F4BC6614D19F0500F19D80A0
:103B30005E0700F183801A0748D4DB0663D403696B
:103B40000D608C600BB156489847564B4FF0805231
:103B50005A60F8BD10220A624A6824F0805422F0AC
:103B600040024A6024F0010425F48875302282F373
:103B7000118882698AB10026866182F84C6001262C
:103B800016659768166C3668D6F808C0BC45FAD238
:103B90007768166057603A607260C2698AB1002621
:103BA000C66182F84C60012616659768166C366807
:103BB000D6F808C0BC45FAD21660776857603A60FC
:103BC0007260002282F311881A07B6D524F400042B
:103BD000302282F31188026A82B1002606621665DD
:103BE00082F84C609768166C3668D6F808C0BC45F9
:103BF000FAD27768166057603A607260002282F3EA
:103C00001188DB069BD525F04005302383F311880E
:103C1000436A7BB1002242621A6583F84C209F6898
:103C20001A6C12689668BE42FBD256681A605E60D3
:103C300033605360002383F3118880E710220A6207
:103C400024F08054302282F311888269002AB8D08F
:103C500000268661166582F84C609768166C366897
:103C6000D6F808C0BC45A7D3F9E725F010053022E7
:103C700082F31188C2697AB1C661166582F84C6018
:103C80009768166C3668D6F808C0BC45FAD27768D3
:103C9000166057603A607260002282F3118847E72D
:103CA0003C08002000ED00E00000000000000000E3
:103CB0002DE9F0474FF080463369F2681340DAB2DD
:103CC000D2439B07326105D4444B4FF080525A6077
:103CD000BDE8F087302383F31188414D4FF0000990
:103CE00005F110074FF030082C69EB69716AA26882
:103CF000C81A904203EB020A34D3D4E90032C5F863
:103D00001CA013605A60C4F800902B69BB4208BF26
:103D1000C6F80C9089F31188D4E9033120469847FE
:103D200088F311886369002BDED0716AA1EB0A0069
:103D300083422FD32A69BA4246D091688B4204D974
:103D400012685B1A91689942FAD3A3609168226065
:103D5000CB1A516861600C60C2E901434FF0FF3338
:103D6000AB61BFE7BC420CD013445B1A022BE96184
:103D7000A36038BF0223CA187263726A511A8B4259
:103D800011D9002383F31188144B4FF080525A60ED
:103D9000BDE8F0876B6B2A6943F00203BA426B639C
:103DA00018D00346C9E702234FF080410133D018F1
:103DB0004863486A821A9A420ED2022BE1D96B6B91
:103DC00043F001036B63DCE753445A1A2046FCF7C7
:103DD00097FED6E70022F9E70246E7E700ED00E0AC
:103DE000D0090020000000000000000000000000DA
:103DF00008B5094B19689A6801F00E01114205D007
:103E0000064A596093680BB1D0689847044B4FF04D
:103E100080525A6008BD00BF00000240C80B00205D
:103E200000ED00E0000000000000000000000000C5
:103E30000C4B1968DA69090901F00E0111420CD026
:103E4000094810B504690A015A600CB14069A047DD
:103E5000064B4FF080525A6010BD044B4FF0805219
:103E60005A60704700000240C80B002000ED00E0DF
:103E70000C4B19681A6B090A01F00E0111420CD0A3
:103E8000094810B584690A025A600CB1C069A0479C
:103E9000064B4FF080525A6010BD044B4FF08052D9
:103EA0005A60704700000240C80B002000ED00E09F
:103EB0000C4B19685A6C090B01F00E0111420CD021
:103EC000094810B5046A0A035A600CB1406AA04759
:103ED000064B4FF080525A6010BD044B4FF0805299
:103EE0005A60704700000240C80B002000ED00E05F
:103EF0000C4B19689A6D090C01F00E0111420CD09F
:103F0000094810B5846A0A045A600CB1C06AA04717
:103F1000064B4FF080525A6010BD044B4FF0805258
:103F20005A60704700000240C80B002000ED00E01E
:103F30000C4B1968DA6E090D01F00E0111420CD01C
:103F4000094810B5046B0A055A600CB1406BA047D4
:103F5000064B4FF080525A6010BD044B4FF0805218
:103F60005A60704700000240C80B002000ED00E0DE
:103F70000D4B1968D3F88020090E01F00E01114293
:103F80000CD00A4810B5846B0A065A600CB1C06B9D
:103F9000A047074B4FF080525A6010BD044B4FF0C2
:103FA00080525A60704700BF00000240C80B0020DA
:103FB00000ED00E000000000000000000000000034
:103FC0000D4B1968D3F89420090F01F00E0111422E
:103FD0000CD00A4810B5046C0A075A600CB1406C4A
:103FE000A047074B4FF080525A6010BD044B4FF072
:103FF00080525A60704700BF00000240C80B00208A
:1040000000ED00E0000000000000000000000000E3
:1040100008B5094B19689A6801F00E01114205D0E4
:10402000064A5960936C0BB1D06C9847044B4FF023
:1040300080525A6008BD00BF00040240C80B002037
:1040400000ED00E0000000000000000000000000A3
:104050000C4B1968DA69090901F00E0111420CD004
:10406000094810B5046D0A015A600CB1406DA047B3
:10407000064B4FF080525A6010BD044B4FF08052F7
:104080005A60704700040240C80B002000ED00E0B9
:104090000C4B19681A6B090A01F00E0111420CD081
:1040A000094810B5846D0A025A600CB1C06DA04772
:1040B000064B4FF080525A6010BD044B4FF08052B7
:1040C0005A60704700040240C80B002000ED00E079
:1040D0000C4B19685A6C090B01F00E0111420CD0FF
:1040E000094810B5046E0A035A600CB1406EA0472F
:1040F000064B4FF080525A6010BD044B4FF0805277
:104100005A60704700040240C80B002000ED00E038
:104110000C4B19689A6D090C01F00E0111420CD07C
:10412000094810B5846E0A045A600CB1C06EA047ED
:10413000064B4FF080525A6010BD044B4FF0805236
:104140005A60704700040240C80B002000ED00E0F8
:104150000C4B1968DA6E090D01F00E0111420CD0FA
:10416000094810B5046F0A055A600CB1406FA047AA
:10417000064B4FF080525A6010BD044B4FF08052F6
:104180005A60704700040240C80B002000ED00E0B8
:104190000D4B1968D3F88020090E01F00E01114271
:1041A0000CD00A4810B5846F0A065A600CB1C06F73
:1041B000A047074B4FF080525A6010BD044B4FF0A0
:1041C00080525A60704700BF00040240C80B0020B4
:1041D00000ED00E000000000000000000000000012
:1041E0000E4B1968D3F89420090F01F00E0111420B
:1041F0000ED00B4810B5D0F880400A075A6014B1B1
:10420000D0F88400A047074B4FF080525A6010BD91
:10421000044B4FF080525A60704700BF00040240C8
:10422000C80B002000ED00E00000000000000000CE
:1042300071490A6B936903F0FE0070B4D06113F00A
:10424000100056D113F0800C36D15B062ED50B78BA
:10425000032B00F09C80886A4468236823F00F03D6
:104260002360047C00680E23A3404360536843F43A
:1042700080435360136823F040033020136080F3C1
:104280001188CB697BB100201A6C9C681865C861E5
:1042900083F84C0012689168A142FBD25168C3E9CF
:1042A00000210B605360002383F31188534B4FF0C0
:1042B000805270BC5A6070470B78032B4FD08B6ACA
:1042C0004C685B68A4685B685168FF2B94BF1B0453
:1042D0004FF47F0321F0FF7143EA040321F480319E
:1042E00088BF4FF080700B43034343F480635360F7
:1042F000DCE7CB6A5C68206820F00F002060187C47
:104300001C680E2303FA00F06060886AD0E900653B
:104310002C6824F00F042C60007C83407360536889
:10432000886843F4804340F0040088605360136859
:1043300023F046033020136080F31188CB69002BF3
:10434000B1D06FF0010400201C651A6C9C68C86134
:1043500083F84C0012689168A1429FD3FAE7CB6AB8
:1043600049685B6889685C68536823F0FF73FF2CB9
:1043700023F4803394BF24044FF47F0443EA010301
:1043800088BF4FF080702343034353608EE7C86AB1
:104390008B6A44685D68236823F00F032360047C04
:1043A00000680E23A34043606B68002B3FF45EAFB0
:1043B0006B684868FF2B806894BF1B044FF47F0331
:1043C00043EA0003506820F0FF7020F4803043EA95
:1043D000000388BF4FF0807C43EA0C0C4CF48063F0
:1043E00053602B6843F001032B605368042043F4AF
:1043F00000530870536059E70808002000ED00E002
:104400002B4AD2E90B30816970B401F47C54C46149
:104410005C68206820F00F002060187C1C680E2368
:1044200003FA00F06060906AD0E900652C6824F01F
:104430000F042C60007C834073609368CE0544BFFA
:1044400043F0010393608D0544BF43F00203936082
:104450004C0527D543F00803C804936002D543F008
:1044600020039360302383F31188D3698BB16FF0FD
:10447000010400201C65196C9C68D06183F84C0015
:1044800009688A68A242FBD24A68C3E90012136035
:104490004B60002383F31188064B4FF0805270BCB1
:1044A0005A607047C904DAD4002BF5D0DAE700BFB0
:1044B0000808002000ED00E00000000000000000FF
:1044C000984A9948D36A43F07F0330B4D362D46AE0
:1044D00024F07F04D462D46AD46C44F07F04D464A2
:1044E000D46E4FF0904144F07F040023D4668F4C8B
:1044F000D56E4B608C604FF01054CC604FF44C4440
:104500004B610C628A4C4B620C60C02443606FF0BC
:10451000406584606FF04004C36001F50061436151
:10452000036243620460834C4B604FF0FF308B604A
:10453000CB604B610B624B620D60636001F5006103
:10454000A360E36063612362636220604B608B6001
:10455000CB604B610B624B620860C4F80438C4F84E
:104560000838C4F80C38C4F81438C4F82038C4F833
:104570002438C4F80008C1F80438C1F80838C1F874
:104580000C38C1F81438C1F82038C1F82438C1F803
:104590000008916A9062916A9362916AD46A66494E
:1045A00064F07F04D462D46A04F07F04D462D46AD5
:1045B000146B1063146B1363146B946B9063946BA4
:1045C0009363946BD46BD063D46BD363D46B146C50
:1045D0001064106C1364106C106E40F001001066D3
:1045E000D2F8800020F00100C2F88000D2F88000EC
:1045F000906D40F080509065906F20F080509067F3
:104600004FF40044906F8C60CB600B624B628B6206
:10461000CB620B634B638B63CB630B644B648B6428
:10462000CB640B654B65086840F480700860D2F875
:10463000901001F44071B1F5807F05D04FF48031C6
:10464000C2F89010C2F89030364AD2F8903043F059
:104650001903C2F89030D2F890309B07FBD5374B46
:1046600035494FF4806494600020C2F888304FF4DC
:104670000073C2F89C000B604B6913F4C06FFBD150
:10468000284A936803F00C03042B61D1254B1A6868
:1046900042F480321A601A689003FCD5D3F898105F
:1046A000204A41F00101C3F89810D2F898309907D8
:1046B000FBD52349234B1B48D160136003689A0143
:1046C000FCD58368204A214903F0030343F4806347
:1046D0008360116013684B4013F00F03FAD1164A40
:1046E0004FF440704FF4807110605360C2F8801036
:1046F00053699B05FCD40B4A936843F0030341F2D2
:104700000C01936093684B4013F00C0FFAD1D2F870
:10471000903023F0032343F4807330BCC2F8903010
:10472000704700BF0010024000040048000C003C2D
:10473000AFF7FFEB000C004800700040550100503F
:1047400053556101000301010020024004070400E9
:10475000136843F48073136013685D05FCD501236F
:104760000D4993608B6803F00C03042BFAD10B4ABC
:104770000B4B1360136813F00F03FBD1064A632140
:10478000C2F89830116013689C03FCD4054B4FF4B9
:104790008072C3F8802079E70010024000200240B8
:1047A000000604000070004000000000000000004F
:1047B00070B5302383F311881D4BD9684A6D0865A5
:1047C00001F1540C944518BF4FF0000E11D191F82F
:1047D0004E201AB318680F2281F84C2002681A6024
:1047E0004FF0010C536080F84CC0D86000DF70BD02
:1047F00022461468106C96684C6582F84CE000689C
:104800008568B542FBD245681060644555602A60F2
:104810004260EDD191F84E20002ADBD191F84D2075
:104820009207D7D1D1E90E2002605060D2E700BFD5
:10483000D00900200000000000000000000000007F
:1048400010B4302383F31188114AD3681068996833
:1048500084688C4216D9046814606260012480F870
:104860004C40D06000241A6C83F84C401268946865
:10487000A142FBD3516810BCC3E900210B6019466B
:1048800053607047002080F31188014610BC7047C8
:10489000D00900200000000000000000000000001F
:1048A0002DE98048044A054B05480021C2E9001162
:1048B00089B003F5A07407E0C80B002030AD0108F3
:1048C0000800024053F8140C016014339C4242F873
:1048D000081FF7D1BB4ABC494FF0FF304FF0E0232F
:1048E000486050605C680022930003F1604303F568
:1048F00061439442C3F8800002F10102C3F88001D1
:10490000F2D1B24A60234021802482F806334FF46A
:104910008070C2F88011116082F80733C2F88041BC
:1049200014604FF4007482F80833C2F880011060FC
:1049300082F80933C2F8804114604FF4806482F831
:104940000A33C2F8804114604FF4000482F8173330
:10495000C2F88041146082F828339D4BC2F884016C
:104960004FF080555060C0244FF00060702682F8F0
:104970001C63C2F88051156082F82643C2F8841186
:10498000516082F85B4303F58071C2F88801906042
:104990000022C3E90033C3E9022210338B42F8D16D
:1049A0008C4B8D4C1C638D4C5A60012103F10C0023
:1049B0001970C3E90300C3E90A225A61DA61234688
:1049C000874843F8040B6360864BA36104F10C0035
:1049D000C4E90300C4E9083303F1100004F1300313
:1049E000C4E90C33804BE06110206261A0631818A9
:1049F00020647E487E4DE0647E48E363C4E9113361
:104A00007D4B2172C4E915507C482465C4E90A2411
:104A100018607B4898627B481971D862C3E902220A
:104A2000C3E90422C3E90622C3E90822764B774E84
:104A3000986D08439865986F0843986774489B6F12
:104A400083680B4383604FF0804344F26720986291
:104A50004FF0FF30D8629A615A63DA605A60596148
:104A600019600290317000200021C6E90122CDE9D1
:104A700003220592CDE90601042502A8FBF718FFE1
:104A8000FBF71EFF013DF8D1624B029AB260624A09
:104A90001A60624A5A60624B624A1A6003F10C0261
:104AA000C3E90322604A61491162916302F1100176
:104AB000116102F12401516202F12801916202F1B7
:104AC0003C01D16302F14001C3E901555D6111640C
:104AD000574B956002F14401516456499963142182
:104AE0004FF0040C91611C21C2E900225561D5628E
:104AF00073601D63C2F81CC0C2F834C011634FF06C
:104B0000300888F3118862B6C3E927554A4A9D6088
:104B10005D63DD61D068DB674FF6FF010840474900
:104B2000C3F884500143D160D2F8FC10444841F0EE
:104B30008071C2F8FC10016841F00101016020277A
:104B4000F021D77782F822104FF0804203F1100154
:104B5000526A0192C3E9041103F12801996703F134
:104B60009401C3E9251180215964C3F8A41003F10D
:104B70009001C3F8901003F13C01D96031490198CC
:104B8000C3F880104FF0FF312F4A9961012703F1DC
:104B9000740A2946A3F8887083F88A70C3F828A09D
:104BA000C3E908014FF00200307002F14000D06606
:104BB000264850676FF00200C2F8940024489065C0
:104BC00048E000BF000402400000024000E100E0B5
:104BD000CC08002008080020005400406C08002089
:104BE00030AF0108141D0020241D002061080008BA
:104BF0000044004080FE210A3C08002058AF010814
:104C00000080004040FF100500100240A00B002073
:104C1000002004E0980B0020E8240020000002207F
:104C2000AC0B002011090008500B002051090008AE
:104C3000D009002058AE010800ED00E00003FA059D
:104C4000001000E06CAE0108800A0020A1080008F6
:104C50000D03000803F128014FF0807002F1980B5A
:104C6000C2E9261A02F1B80902F1600ED06502F11C
:104C7000B4016748C3F8AC50C2E93055C2E92E9977
:104C8000C2E91833C3E900EEC2F8A820C2F8A400B4
:104C9000C2F8B410C2F8708095679766C2F8A03069
:104CA000C2F8C87082F8AE70C3F874B0C3F82CB004
:104CB000A2F8AC5085F311884FF09040614640F265
:104CC0008232FBF75DFD40F282320821FBF758FD8E
:104CD00088F31188237ABB4209D14E4B9A6D42F476
:104CE00000329A659A6F42F400329A679B6FA36D07
:104CF0004949626D03F59643A1FB03131B0BD36077
:104D00004020012540F22D1350604FF0FF31956097
:104D1000136002231162237284F85C10002383F372
:104D200011883E4E3E4B304640F23E224FF4807199
:104D30001C60FBF725FD3B4C40F23E224FF4007116
:104D4000FBF71EFD384B394880224FF49261FCF787
:104D500037FA20462A462946FBF712FD4FF09040CD
:104D60002A462946FBF70CFD2A462021FBF708FDC1
:104D70002A464FF48071FBF703FD2A464FF4007179
:104D8000FBF7FEFC30462A462946FBF7F9FC2A468B
:104D90004FF48061FBF7F4FC2A461021FBF7F0FC8E
:104DA0002A462021FBF7ECFC2A460821FBF7E8FC09
:104DB0004FF0904320224FF4807125831D835A8346
:104DC00059834FF4007159834FF48063358308246D
:104DD00033831023338316483283164B3483812266
:104DE0004FF4C8717483FCF7EBF9134B134880221E
:104DF0004FF4C871FCF7E4F9302484F3118841F2D0
:104E000088310820FBF7ACFE002383F31188F4E718
:104E10001056000800100240B5814E1B00040048E7
:104E2000600C002000080048D12300085820002012
:104E3000381D00207111000851200008C81E0020F4
:104E400088420DD98B1883420AD900EB020CBAB103
:104E5000624613F801CD02F801CD9942F9D17047AD
:104E60000F2A0ED8034602F1FF3C4AB10CF1010CA7
:104E7000013B8C4411F8012B03F8012F6145F9D156
:104E8000704740EA01039B0750D1A2F1100370B5AF
:104E900001F1200C23F00F0501F1100E00F11004B8
:104EA000AC441B095EF8105C44F8105C5EF80C5CC6
:104EB00044F80C5C5EF8085C44F8085C5EF8045C3E
:104EC00044F8045C0EF1100EE64504F11004E9D13B
:104ED000013312F00C0F01EB031102F00F0400EB91
:104EE000031327D0043C24F003064FEA940C1E441D
:104EF0001C1F8E465EF8045B44F8045FB442F9D18F
:104F00000CF1010402F0030203EB840301EB8401C2
:104F100002F1FF3C4AB10CF1010C013B8C4411F849
:104F2000012B03F8012F6145F9D170BD02F1FF3C5F
:104F300003469BE72246EBE7830730B548D0541E73
:104F4000002A3FD0CAB2034601E0013C3AD303F83D
:104F5000012B9D07F9D1032C2DD9CDB245EA0525AA
:104F60000F2C45EA054536D9A4F1100222F00F0CAA
:104F700003F1200EE6444FEA121C03F1100242E94D
:104F8000045542E9025510327245F8D10CF1010284
:104F900014F00C0F03EB021204F00F0C13D0ACF161
:104FA000040323F003030433134442F8045B9342E5
:104FB000FBD10CF003042CB1CAB21C4403F8012B42
:104FC0009C42FBD130BD64461346002CF4D1F9E776
:0C4FD00003461446BFE71A46A446E0E77B
:104FDC00000000000000000F00020008007800082C
:104FEC00000000080F040400081010070000000F58
:104FFC00030101E49FD800C0032009600B080817C7
:10500C00080808039FE401400000000000000000B5
:10501C000000000001E00020000000209FF800408C
:10502C00171717179FFC0404000046A400003766EE
:10503C000000266000001CBC000017730000112546
:10504C000000110700000E6300008B4C000060A2F2
:10505C0000003DC0000026AA00001BC2000018047E
:10506C0000001497000010ED0001281B000093F0C5
:10507C00000057610000302B000020AA00001AB677
:10508C00000015C30000160E00017FBB0000AD58D8
:10509C00000071AF000036D9000022FB00001C9606
:1050AC00000018830000179600019000000097D6AE
:1050BC000000663B0000330A000020CD00001938C8
:1050CC00000016A5000014BB0000AFCF0000657DEA
:1050DC0000003D93000029D10000194E000015BAC4
:1050EC00000011C60000127F0000731D0000422C4E
:1050FC0000002E8200001E800000181C0000132DE2
:10510C0000000FC600000F8500004F04000033E9BB
:10511C0000001F06000018400000132C000012971E
:10512C0000000E0100000DACA0FC0100000000000E
:10513C00000000030000000000000000A10C0100B2
:10514C0000000080000000030000000000000000D0
:10515C00A11C00C0000070EB0C8001E000000026D8
:10516C00A12809020000000000000000000000005F
:10517C00000100000036000301D90143023302177D
:10518C00024B0241011702220027005D00050011AD
:10519C000000000100000000000000000000000002
:1051AC0000000000000000000000000000000000F3
:1051BC0000000000000000000000000000000000E3
:1051CC0000000000000000000000000000000000D3
:1051DC0000000000000000000000000000000000C3
:1051EC0000000000000000000000000000000000B3
:1051FC0000000000000000000000000000000000A3
:10520C000000000000000000000000000000000092
:10521C000000000000000000000000000000000082
:10522C000000000000000000000000000000000072
:10523C000000000000000000000000000000000062
:10524C000000000000000000000000000000000052
:10525C000000000000000000000000000000000042
:10526C000000000000000000000000000000000032
:10527C000000000000000000000000000000000022
:10528C0000000000A248004000000000A24C008179
:10529C000000000000000000A2540081000000008B
:1052AC0000000000A25C0081000000000000000073
:1052BC00A26400810000000000000000A26C0084C9
:1052CC0000000000000000000000000000000000D2
:1052DC0000000000000000000000000000000000C2
:1052EC00A28C008200000000000000000000000002
:1052FC00000000000000000F05010304070000007F
:10530C000000000000000000000000C00D000000C4
:10531C00C000B4544000C0540401D0540404D0550F
:10532C00010484DB0404C4DB0204C4DE020444DF95
:10533C00010444E0010484E0C00858D8626C696E32
:10534C006B6572006E6F6E616D650000286E756C1A
:10535C006C290000636F6E73756D65720000000040
:10536C000D0A5B2121215D2053495354454D4120A9
:10537C00415454495641544F205B2121215D0D0A63
:10538C000D0A00000D0A3C2D2D2D20415A494F4E7F
:10539C00452053494E49535452412052494C45568D
:1053AC004154412120284D616E6F2041706572740B
:1053BC00612F436869757361290D0A000D0A2D2D43
:1053CC002D3E20415A494F4E45204445535452419D
:1053DC002052494C45564154412120284D616E6F55
:1053EC00204170657274612F436869757361290D72
:1053FC000A0000000F04041708101007000000003A
:10540C006765737475726500564C35334C37435869
:10541C00206E6F74206465746563746564206174B8
:10542C00207265717565737465642061646472655E
:10543C0073730D0A00000000564C35334C3743583B
:10544C0020554C44204C6F6164696E67206661691D
:10545C006C65640D0A000000564C35334C374358CC
:10546C005F322E302E300000564C35334C374358BB
:10547C0020554C44207265616479202120285665A2
:10548C007273696F6E203A202573290D0A00000093
:10549C004D6F74696F6E20696E64696361746F72AD
:1054AC0020696E6974206661696C65642077697423
:1054BC006820737461747573203A2025750D0A0089
:1054CC004D6F74696F6E20696E64696361746F727D
:1054DC00207365742064697374616E6365206D6FED
:1054EC0074696F6E206661696C6564207769746895
:1054FC0020737461747573203A2025750D0A0000B1
:10550C00766C35336C3763785F7365745F72616E7C
:10551C0067696E675F6672657175656E63795F68E2
:10552C007A206661696C65642C2073746174757380
:10553C002025750D0A000000766C35336C376378C6
:10554C005F73746172745F72616E67696E672066F7
:10555C0061696C65642C2073746174757320257596
:10556C000D0A00005B57616B652D75705D205469E9
:10557C006D656F75742C20726970726F76612E0D6B
:10558C000A0000005B57616B652D75705D20312F33
:10559C0034202D205072696D6F206D6F76696D65AA
:1055AC006E746F2028546F743A20256C75290D0A7F
:1055BC00000000005B57616B652D75705D20322F0C
:1055CC0034202D204D616E6F206665726D612E2E1C
:1055DC002E0D0A005B57616B652D75705D20332FA6
:1055EC0034202D205365636F6E646F206D6F766968
:1055FC006D656E746F2028546F743A20256C752974
:10560C000D0A000069646C65000000006330000046
:10561C00545000800004040400000808AD300080E1
:10562C000201030300000300AD38010001E001405A
:10563C0000400040010004000000000154580040EC
:10564C00041A0100545C01400000271000000FA058
:10565C000FA003E802801F4000000500547000807A
:10566C0003200320000000085478010001130029D6
:10567C0000330000020000010401080254880140BC
:10568C00000000000000000000000000000000000E
:10569C0000000C00AD48010001F4000003060010EE
:1056AC000807080700000008AD600100000000803A
:1056BC0000000000201F01F400001D0AAD700080E6
:1056CC0008001F4000000001AD78008000A00320FE
:1056DC0000010190AD80004000002800AD840080E6
:1056EC000000320003200000AD8C00800258FF380F
:1056FC000000000CAD94010000019000FFFFFC00C5
:10570C000000040000000101ADA400C00480061AD2
:10571C000040058000000106ADB000C00480061AF0
:10572C001900058000000190ADBC04400000000091
:10573C00000000000012002500000006000000051B
:10574C000000000500000006000000040000000F2F
:10575C000000005A00000000000000090B0C0B0BAD
:10576C00030311050101010100000000000D000000
:10577C00AE00010400000004000000080000000A54
:10578C000000000C0000000D0000000E00000008DE
:10579C0000000008000000100000001000000020B5
:1057AC0000000020000000060000050A02000C08A2
:1057BC0000000000AE400040000001FFAE4400407D
:1057CC0000100401AE48004000001000AE4C004038
:1057DC0000000001AE50014000000014040028003D
:1057EC0003206C000000000000002580AE64004027
:1057FC0000000002AED8010000C805DC00000CCD92
:10580C000104000000002601B550028200000000D7
:10581C00000000000000000000000000000000007C
:10582C00000000000000000000000000000000006C
:10583C00000000000000000000000000000000005C
:10584C00000000000000000000000000000000004C
:10585C00000000000000000000000000B5A0028263
:10586C00000000000000000000000000000000002C
:10587C00000000000000000000000000000000001C
:10588C00000000000000000000000000000000000C
:10589C0000000000000000000000000000000000FC
:1058AC0000000000000000000000000000000000EC
:1058BC00B5F0004000FF0000B39C0100349B0435A0
:1058CC00021B087C8001120100000800B6C000C059
:1058DC00000060000000200000000000AEA80040A6
:1058EC0000000405AEAC00800100010000020000C5
:1058FC00AEB4004000000000AEB800810000000013
:10590C0000000000AEC0008100000000000000009C
:10591C00AEC800810801010800000008AED000816B
:10592C000108080800000001B5F400800000000028
:10593C0000000000B5FC008000000000000000002A
:10594C00B604004000000000B6080044000000004F
:10595C00000000000000000000000000B618004429
:10596C00000000000000000000000000000000002B
:10597C00B6280044000000000000000000000000F9
:10598C0000000000B63800440000000000000000D9
:10599C000000000000000000B648010000000000FC
:1059AC00000000000000000000000000B6580100DC
:1059BC0000000000000000000000000000000000DB
:1059CC00B6680100000000000000000000000000AC
:1059DC00000000000000000F000103C89FD800C0A9
:1059EC00032009600B080817080808039FE401400E
:1059FC0000000000000000000000000001E000209A
:105A0C00000000209FF80040171717179FFC040494
:105A1C00000046A4000037660000266000001CBC95
:105A2C0000001773000011250000110700000E6321
:105A3C0000008B4C000060A200003DC0000026AAB4
:105A4C0000001BC20000180400001497000010EDA9
:105A5C000001281B000093F0000057610000302B60
:105A6C00000020AA00001AB6000015C30000160E94
:105A7C0000017FBB0000AD58000071AF000036D9AB
:105A8C00000022FB00001C960000188300001796F3
:105A9C0000019000000097D60000663B0000330A1E
:105AAC00000020CD00001938000016A5000014BB22
:105ABC000000AFCF0000657D00003D93000029D1B0
:105ACC000000194E000015BA000011C60000127F2C
:105ADC000000731D0000422C00002E8200001E806E
:105AEC000000181C0000132D00000FC600000F85CD
:105AFC0000004F04000033E900001F0600001840AE
:105B0C000000132C0000129700000E0100000DACD9
:105B1C00A0FC0100000000000000000300000000D9
:105B2C0000000000A10C0100000000800000000338
:105B3C000000000000000000A11C00C0000070EB81
:105B4C000C8001E000000026A128090200000000E2
:105B5C0000000000000000000001000000360003FF
:105B6C0001D9014302330217024B024101170222F1
:105B7C000027005D0005001100000001000000007E
:105B8C000000000000000000000000000000000009
:105B9C0000000000000000000000000000000000F9
:105BAC0000000000000000000000000000000000E9
:105BBC0000000000000000000000000000000000D9
:105BCC0000000000000000000000000000000000C9
:105BDC0000000000000000000000000000000000B9
:105BEC0000000000000000000000000000000000A9
:105BFC000000000000000000000000000000000099
:105C0C000000000000000000000000000000000088
:105C1C000000000000000000000000000000000078
:105C2C000000000000000000000000000000000068
:105C3C000000000000000000000000000000000058
:105C4C000000000000000000000000000000000048
:105C5C000000000000000000000000000000000038
:105C6C00000000000000000000000000A2480040FE
:105C7C0000000000A24C00810000000000000000A9
:105C8C00A25400810000000000000000A25C008112
:105C9C000000000000000000A26400810000000071
:105CAC0000000000A26C0084000000000000000056
:105CBC0000000000000000000000000000000000D8
:105CCC000000000000000000A28C00820000000018
:105CDC000000000000000000000000000000000FA9
:105CEC0005010304E0000308E0000AC8E000050811
:105CFC00E0640848E0000A88E0000A88E0000A88AE
:105D0C00E0000A88E0642E28E06431E8E06435485D
:105D1C00E0643B88E0680468E0681768E0681B484A
:105D2C00E0681EC8E0682528E0682848E00009E81B
:105D3C00E00009C8E00009A8E0000988E000096853
:105D4C00E0000948F8020006C1C381011E06A10B40
:105D5C001A0681009923E10097B397E3062C9773F9
:105D6C000634E2C0062CFC80C183E340E2C0061C72
:105D7C00FC980634FC9C0634E340061C6938C1834D
:105D8C00C143E800C1C38105E100000CFA045E6563
:105D9C00EC100CF0F41C5E60BC6E8861FF8407FC98
:105DAC009A14D804E4300460FC124C06E0D04C4A3F
:105DBC00C1C38215C1C3C1C3F804170C819381837D
:105DCC00E2C00C2C1C8CD167E36BE404E56B8E05F4
:105DDC008064038804D8E76BE96B8064EB6B8AC53D
:105DEC00806406080A58ED6BF16B806480640728A8
:105DFC000878F36BF56B8064F76B8AC5F96B8C05CF
:105E0C00FB6B8C450C0A8A458A65E4B4E4B80C0A31
:105E1C000A7884454006E064404AFC1280D5E0D004
:105E2C00C1C3C1C31F0CC1C30FFCF004BCF4F78485
:105E3C00C153FD64E080000CE080000CE080000C9D
:105E4C00E080000CE080000CE080000CE080000C96
:105E5C00E080000CE080000CE080000CE080000C86
:105E6C00E080000CC1C3C143C1C3C153FAFC040C94
:105E7C00600006DA0A20A10B183064000E24E4003E
:105E8C00020A37800C068000083420000A70B780A4
:105E9C005842A40481613298212BAA45060A8CBB76
:105EAC000C1000000400E400181A6400A825E0009F
:105EBC000804A11D0E1457801006D7800440400022
:105ECC000854C4044C72768010C4D2A0144076805E
:105EDC000E64A4801224F680A16B76803C01548061
:105EEC008C8B400004800890DC004870849B28A3B5
:105EFC00EC040EA09EE5A07D964B217B0E8A864578
:105F0C000E9AE5000006448016A0800008542C84EC
:105F1C00C000289C20010E4A0054400000C4A8ACCC
:105F2C00C000289D0F9C14544002885B80CB99A81C
:105F3C0061840084E1840894128401CB324FE0FC2C
:105F4C00E4041C704B0A01A158DA841094BB640061
:105F5C006D84401A1C70C61F00C424080E54A08403
:105F6C00085421FC4002A084A1EB399C3C00580051
:105F7C00BC004A401D5A08C50EE0E0040DCBEC04F1
:105F8C00E1FC00A44B0A42B758FA840808C4641810
:105F9C0010A4E0FC400A608420BFED8C005490AB50
:105FAC0014846184280F9C809194482213B04A6217
:105FBC004C50C3C7805B1C0027F04ED89C0044405B
:105FCC00960B211D578004A4D78002B4400006060E
:105FDC00C4040420528C42124010946B4C205C0080
:105FEC00801BDC000C0C8C0BDD93F2FC8C1B7FC536
:105FFC00806B7FA5967B73E5FA3C040C81C1210B69
:10600C000000020AA085986B76800A140824A12B44
:10601C00060A76800C048000988B7680061A1EC5C2
:10602C001834E000A11B7680A4800E403C014EC0C9
:10603C000860C00048500480A873DC00EC040A70AF
:10604C009AC5A05D90CB215B0A8A86450A9AE50029
:10605C0008064480107080000A4A2C84C00020007E
:10606C00289508340C24400008248F94182428A068
:10607C00C000289419984842883B982B61840814D6
:10608C00E0FC0C14618418042CCF893BE41046DA34
:10609C000430450AE40412506D84401A125081C138
:1060AC000C2424080834A1FC0A2420844842A0842F
:1060BC00A19B39983C004640BC004450135A186BC5
:1060CC0088C5E004EC040E9046FA033B450AE40450
:1060DC000A2404001034E184C26760FC60841CC490
:1060EC00ED8C400A6184083410C4B05F9CCB61FC19
:1060FC005002306F44129188883B138C1C00422054
:10610C0040808A2B18E41C004FD89C80180BA7ECFD
:10611C000C0C8C1BDD93F23C826B00CB75F5FF9560
:10612C00C1C3905BFAFC040C808B210B0000020AAB
:10613C00046B829B80E5867B060AA12B400A8000BB
:10614C0080E5E59C841B81210C0C840BDD93F2FC17
:10615C006800418800BB841B02AB900B41188E1B5E
:10616C00007BE80040D8920B8C1B680044B2813154
:10617C0042A2F08C8623F29C42127D85C1C3F28030
:10618C00E6864A0EE706580E6606460EE1C008542F
:10619C006786440EE0C000C402C460578A03E1C0A5
:1061AC00F29042125D938603F2884212E50004CA13
:1061BC00C17C0214DC004010848004CACC80042012
:1061CC00C9080014C17C02148000045AAD8806145E
:1061DC00200106060004C0000214898840028908C8
:1061EC00DD93998CE50004CAC0000206C0000006CD
:1061FC00848004CACC800420C9880014C000020624
:10620C008000045AAD880614200106060004C00064
:10621C000214898840028988DD93998C8141610B35
:10622C0006148A25E11B768076800404088581415A
:10623C000630A43304046C04A03DE184A13B86E544
:10624C00C88C021464041830E408431A240818306B
:10625C00A08402140AC021CB195AEC048245E00434
:10626C00C247401D1C8008449184400227FC4A9878
:10627C005D93C3177FE5880B7D55804BC1C3883B6D
:10628C00FA00040C8111006BE8045048E1A0408630
:10629C0000158004A11BE03CDC384208680457C898
:1062AC00C1C38C0BFA04047C74A9464E490EC01071
:1062BC00C01074A98825893DCD14CD04050ACD24C0
:1062CC004A00E0808425F00CE4000A3A6001009852
:1062DC0004208000C116EC04F80C004A0420FE6572
:1062EC00E92DEC10FE85C11EE00404CA800045486F
:1062FC0045C8C116FBF587FCE19841466191430600
:10630C00801EC00081119B0181318121E8044A88E3
:10631C008C45A10B74A906CE484EC010C01074A9B0
:10632C008A45893DCD14CD04050ACD244A00E08070
:10633C008625F00CF00C4C10E4184A5AE4000A3A8A
:10634C00A0000128600100A8C5508000EC040420C6
:10635C00004AC156FE45F80C0420C554E92DEC103A
:10636C00FE65C15EE00404CA80004588C156C55074
:10637C0087FC45884786FB6508F0E1908C4EE4303D
:10638C00E1A40C46E1A40E4682458F6D023AD91465
:10639C000068E40080006001FC3842088161FF6500
:1063AC000046E16B4C08E1A48B04DC38FE24891414
:1063BC00E86C6568E1A40C46E1A40E4682458F6D3D
:1063CC00023AD9140068E40080006001FC384208ED
:1063DC007578FF650C7CEFFCDD93F2048055A11BF6
:1063EC000A0083114006E550404AFC12D7F4E0D075
:1063FC00C1C382B5C1C3C1C3F4040B3FF4040B2F5A
:10640C00F4040B1FF4040B0F0A508135405AEC4076
:10641C004406E0BC446ABC22404AA090C0002089DB
:10642C00ED88401A200101980AFFC000C1C3F40492
:10643C00C1C3C1C3F4040BF5F4040BE5F4040BD590
:10644C00F4040BC5F4040BB5F4040BA5F4040B9580
:10645C00F4040B850AFF81550A50F404D7E4EC8050
:10646C00D7B4D7D4D794D7A4D774D784820B9464D9
:10647C00FA005C08F83C044CE440048A212B80A50B
:10648C008215803B461281F5064AF98082B5F80CDC
:10649C000420803B044AEC04C548E4004588CD4602
:1064AC000C4C87FCDD93F03C6C400A204927E1C181
:1064BC0004208ACF06C06C04044AE44048126400ED
:1064CC000033F08C0275806B0285F0100295F80C8D
:1064DC0002A5F8084C75F8044C85F0104C95F80C96
:1064EC004CA5F8084408F804445287F8E92DF1B09B
:1064FC000A208695C5276C1061880E54EC040C207C
:10650C0064041870E4000C4A047444C74242E088E6
:10651C00867B70B0DD8ED18487FC4D8871884452A7
:10652C00A12B9833F7E5ECF5881B212BF7A5EC751F
:10653C00E100000CF804040C780C000A8225803B66
:10654C0094A5A12B04204D16064AEC04FE25F80C4C
:10655C009095E92D7A800814E440048AE0A00A445E
:10656C000854A85F06F5E0C00C24AA4F0A206190DD
:10657C0061C1EC40EC040C600C4A0ACF4E32E400D2
:10658C00862B70B0E4400670F0104445F80C44457E
:10659C00F8084445F804444587FC4C08F1B04452D3
:1065AC008695E92DF9C107514A52A4530453FAB008
:1065BC00EC1004200E2408514557E188E4041870AF
:1065CC006C040C50E0880A7464000C4ADD4E867B27
:1065DC0087FC4DC8AA2344C7A12B983304208205FD
:1065EC00044AEC04CD16E40087FC45C8F0040C0CFE
:1065FC00C1C3DD93FE7C040C044A007B4072E010A6
:10660C001EF07988000CED20001A6200110EF80CB7
:10661C001B0E828B200100265E05C0004000203539
:10662C00233EEF8D5E17A40B9D2EE0FC2388A10E5C
:10663C000024C000C41B6188C03B7D417A1042120B
:10664C00FA1046328413003382113E1E82317C3E96
:10665C000020191E973EEC040084FE0EAF8B618463
:10666C00540A158E2EA5E68A00808EA3108A6C041F
:10667C00400AE4A45672E68A40707080A2B5DC0031
:10668C0000840FBE23B4E18CE68A4C0A608400645B
:10669C00F09850728E030D0E8E0B0B0E5608901B3D
:1066AC00138EFC380B84809B901B900BFC38560887
:1066BC00829DFF11A00D82850E0B84D5A324901B07
:1066CC00FC3844088E0B210D81C582858275A10D85
:1066DC00901B0E0B4408A324210DFC3880458E0B17
:1066EC00930E900B50A22C0B2364F198F09856A2A9
:1066FC00900B0B0E4C08941B009BFC3809BE940BA2
:10670C004C08961BFF11FC3882A5829D84D5A00DE8
:10671C00900B09648C1BA324FC38440801D5A10DF3
:10672C009C0050608255A10D900B09A4941BA324CE
:10673C00FC3844088055A10D8FB490AB8D148B940C
:10674C009693A364718440B28D0E921BFC384C0856
:10675C00920B008B4C08961BFF11FC3882C5828D66
:10676C00A00D15840D648615A324961B44088C0B70
:10677C00A10DFC384CB001E515849C008275A10D6F
:10678C00961B0D648C0BA324FC3844088095A10D3A
:10679C008CBB0135930492BB941B23644C08930E61
:1067AC00009BFC38961B940BFC384C08829DFF1107
:1067BC00A00D828513A484D5A324961B4408940BA6
:1067CC00A10DFC3881D582A58275A10D961B136491
:1067DC008C0BA324FC3844085660A10D96AB9C008E
:1067EC00002A9B040118E00080004001E0FC1E0719
:1067FC0017148435024A8E0B8024E400C13EA83461
:10680C004308E92E830587FCA8149C04A80E9C1E43
:10681C00191481B5024A8E0B8028E400C136A838C1
:10682C004308E9261D1487FCEC040080500A8161A2
:10683C00407266861B0EF0840E8380AB90BB809BEF
:10684C008CD5D6AD8E1B140B4408A324A00DFC389C
:10685C00A10B8AF59D049205A10B8DB5C0401E05B8
:10686C00012888D580004001E0FC1E0717248455C0
:10687C00961B900BE400044A80448434C13EC54E00
:10688C0087FC4508AC048315AC1EA01481C5A00E72
:10689C00960B1924044A901B8038E400C1468448A6
:1068AC004508C536210487FC80838361D6AD80B34F
:1068BC00160B94F5A3248E1BFC384408F2C5A10DCD
:1068CC00400103981E0780008E35E0FC960B1724C0
:1068DC00044A941B8434E400C54E80444508C13EF0
:1068EC00878587FC400101281E0780008455E0FC49
:1068FC00940B1724044A921B8434E400C54E804444
:10690C004508C13E831587FCA814A404A80EA41E38
:10691C00192481C5941B920BE400044A84488038E6
:10692C00C536C14687FC450883611D04719580936B
:10693C00A80480A3A81EAC1481C5AC0E940B19241A
:10694C00044A961B8038E400C14684484508C53685
:10695C001D0487FC210483616F3580A31D1480B353
:10696C009504A16BE686400A00000E88F0805872F0
:10697C00719C4292F1A440A2922B011D44A00E3BAB
:10698C0046909C0048229C00A14BF18C1E078A2546
:10699C0042A260FC8455F190FD3145474422C82B3E
:1069AC008E3B7A0C82218823E400044A84548C4464
:1069BC00C54ECD5E87FC450808308335FD516C040F
:1069CC0082212443FA14484226238823044A8E3B0E
:1069DC008C48E400CD5684584508C5461D2487FCD8
:1069EC00F1A042C2F1AC52824492A413A12BFB84BD
:1069FC001E078C4584B5E0FC61880224423BFD41B6
:106A0C00F18844C2FA10463202308233024AE4045E
:106A1C00A834E400E94E88444308C93E83B587FC9A
:106A2C0006B07E143033EC04901382214212B8135A
:106A3C00FD317A8CFA0C4612F1844232E400024A9F
:106A4C0046C228580E48F188EC0404208E56E946BC
:106A5C0087FC4208986B1D148245C20DEFF87E0826
:106A6C008E0B001BA3349D24EFFC5C68C29D9D140F
:106A7C007D58A805920B6FF8F1A44E62808B1D24F3
:106A8C00F9884072000A11045E07F80C1B0EE0FC3A
:106A9C00C000002640345E051E08EF8D408A9FFC26
:106AAC00840DE68A0E03A0C5F08850720024190EDE
:106ABC00441BE188403BFD21FA08421244321D344C
:106ACC008023FA08E40416200C108613CE8DE404FF
:106ADC00909B8AC592AB2194941B2324920B949384
:106AEC00FC3844088875A30DA10B9B041E0782E596
:106AFC008435E0FC6400164A961B920B8034A82463
:106B0C00C12EE93E87FC4308A8048305A81EA414E3
:106B1C0081B5A40E64000C4A8C1B920B8038A828FB
:106B2C00C126E93687FC4308F4B5CE9D19049D04B3
:106B3C00C18D808387D5F2B5820D1BB48E2599CE7D
:106B4C00FC84BE64828182618AC5CEBD2194969BF1
:106B5C00232492AB9493941B4408920BA30DFC3802
:106B6C000118887580004001E0FC1E07104A84352E
:106B7C00920B6400A824901BE93E80344308C12E7C
:106B8C00830587FCA414A804A40EA81E0C4A81B586
:106B9C00920B6400A8288C1BE93680384308C12668
:106BAC00CE9D87FC9D04F4B580B31904F2B5C1BD2C
:106BBC00E5201EF0F67C0C0CC1C3DD9304FC805B5D
:106BCC004006E2C0D56EFC12D58ED57E405AD59EBD
:106BDC004206E0BCD5AEBC22D5DED5BE426AD5EEAF
:106BEC00404AA090C0002089ED88401A200101780D
:106BFC00C1C3C000C1C3C1C3F0044B85F0044B95A5
:106C0C00F0044BA5F0044BB5F0044BC5F0044BD588
:106C1C00F0044BE5F0044BF5C21F81A5D51ED51E23
:106C2C00D51ED51ED51ED51ED51ED51EE0D0404A6C
:106C3C0082B5D52EC1C3C1C34B0FC1C34B1FF004CA
:106C4C004B2FF0044B3FF0048165F004D51EC21F9E
:106C5C00D51ED51E94FED51EDD938101E004198648
:106C6C00A3CDC1C3184A82A54346E0000215E198A2
:106C7C004205800041FE8000BFFF1FFD4346DD93AF
:106C8C008414E19841FE84CEFFFF7FFDC1C3DD93E8
:106C9C00FE7C040C6C401EF07C0E826BE1A04086E6
:106CAC0002058014A10BE14802109AE5C001652190
:106CBC00BE14BE1E808BFE1EA30DA204401B92555B
:106CCC001400FD214E1264044407FA081003947357
:106CDC00E4000E6AE6101600A16B140B140000E51C
:106CEC001615EC048D1BE08022148AF5EC080000CC
:106CFC00F8801625500583AB020600045615C0001B
:106D0C00A12B58801015882583316188003422947A
:106D1C00801FE8808265A11BE18C10152C14801F4C
:106D2C008205A11B4408820B8175FC38FC38440891
:106D3C00FC048145FC384408819BA204FE04883580
:106D4C00910B80044E6886B53FFF47E5EC1016B0FA
:106D5C00A10B8101A2048625A10B2004A10B82B5F5
:106D6C00FE748465900B1C0E680140089C84C00066
:106D7C00E875A18B7E8E8195E6D5A10BBE0481555D
:106D8C00A10B8004A0F1E4F5F67C0C0CC1C3DD93DF
:106D9C00E100000CFA00004C8301001BEFFC7608AC
:106DAC008105C143FA8002140006E11B00069422FF
:106DBC00DD93D462F800040C6C501EF0E47C034AA2
:106DCC00826B3C5EFC1EBE5E42668E050C4AF00277
:106DDC000634647C5E15FA804A0E00045E259FFC26
:106DEC00061A00081E25E400442280045E2598142F
:106DFC001E2580001E5580004A5080084422907C3D
:106E0C005E2599941E2580044220800418149C0051
:106E1C0040003CB5BC341814024400D5E11BFA8088
:106E2C00DC3C18C4E2320066420E28F1C01060014E
:106E3C000C0C8C2B8775F000017E28F10C0CFFF8E4
:106E4C00DD93F0006C401EF0E47C014ABE2EBC2E9B
:106E5C008685FC2EE47C000A440684453E2EF00216
:106E6C00FC1EC121841FBE14BC14BC1EBE29FC24F4
:106E7C00BE1EA41F0006BE148155E206F87E400615
:106E8C00F0FE00065D9381017FE5A0F1FFF801AEF5
:106E9C00E2C0041C041FC111F07C4400021CA41F9E
:106EAC00DD93E340E47C040A408804240000060ED1
:106EBC0008308010481204105802D08802067190D5
:106ECC00FFFC600000C483C7020FF080700142C059
:106EDC00610BDFFC73FD40C04807C00300A5D01751
:106EEC005D93A20FFFF8018E60010286A20FF800DD
:106EFC004006900EA10DFC12400682C5A10DFC1A95
:106F0C00400682150206FC0AC02060018075830DC4
:106F1C00F372004681015D93FA7C040CEC301EF098
:106F2C00864B088B81713E2E405A006B7C7EE506A9
:106F3C00425A8131882B6586EFF84F6867D1000083
:106F4C00448640014212E03C8131729CEFF8456866
:106F5C00000017A4C0046401729C42121974D70774
:106F6C00E0D41614FF0120BF001401BB57FEE1ACA6
:106F7C00A10B1FFC60381409DFFC57FE81111B9418
:106F8C000AF01C241504E420BE44A10B8008001B4D
:106F9C0006148004901B7B00E80043C8FC04BC0E64
:106FAC00E0180E496834AA245082A01B8E0B7B90EB
:106FBC0068384A683E0E8C4B850581A10E29D90A8A
:106FCC0042BAE01C48BAE502062065828301E41C43
:106FDC000203A70F4242811190217284EFF85048AE
:106FEC007FFD45FE82A1403F41FEC50D003F1FFDC8
:106FFC0041FEA11BC03F1FFD91ADE50EBE04F8156F
:10700C001E05A10B98F10000F27C0C0CC1C3DD93A2
:10701C005896211B0214E008180640AC442AC00004
:10702C00A14B41060000020680085896FF118265AC
:10703C000244023D6037E10491800214421A861327
:10704C002023E0928223980BDD93942EFA04044CB7
:10705C008111026B6000450666D88C0B81716FF84C
:10706C0066000060E4C00260912101A50420067E48
:10707C004073EC044275F820C17CF008FCF5A12BA0
:10708C007FF4410EE038030660280506FFD4470E56
:10709C00486281F500007180927EEC204862107E7F
:1070AC00107EF088F084486282111076870B88215C
:1070BC0041F6FC358111600C6F404C016744006057
:1070CC006398C0038F216FF865610060026040080F
:1070DC00C003676105060195067EE008EC040420F8
:1070EC00F0084275A12BC17C0C4CFE35DD93F204EB
:1070FC006FD10019A11BC00500098245C006602D87
:10710C00F3F04000000CA90BDD93E20081015D93CC
:10711C00F0804412EC7004298405A12BE03C022978
:10712C00E682402A02098013C0056B71EC14000042
:10713C00E40800CAE200000C5D93DD93C1C3810139
:10714C00F804040C603C0239677002100A04C00396
:10715C000420608C0455E64058227C14463AF09486
:10716C00817166820834B264C2376088FC100245B3
:10717C00486288538613729C0804324E305EE08855
:10718C000213844340016C01083580238233E200F2
:10719C00E2004835EC000409440182010C0CEC00BF
:1071AC00DD93F004FE04040C4822086B214BF98C8F
:1071BC0008658A7BE008489661840824E0FC0A3460
:1071CC000A342A4F8803E1846FF47188F2844252A6
:1071DC00641C434A421A8141416AE01C420AE41889
:1071EC00421AE580420AE1880904ED80DC004C007B
:1071FC00DC004E10806E827E0C0C880BDD93F60446
:10720C00F800044C67FD002581514001864484340C
:10721C00E01802C56FC90021843340056050026B31
:10722C00F29448426FCD00010255C00584C3601C26
:10723C008261064E42C5843E80536018E01C425564
:10724C00E0504263F0000C4CC1C3DD93603C02394A
:10725C00C84481C1463ACA54C437E68206358233E3
:10726C008643E7DC72B04652CA3E80130201C84E18
:10727C000435EA708033E020E0204435E054043BD0
:10728C00EB700201E0240415443382318013E05486
:10729C00E0244415C1C3DD93E03C0239E058044BB3
:1072AC00E682403AE01404358013C407E7DC02059B
:1072BC00E0100415810100137280403244058241B4
:1072CC004415E0144443E010DD93E0586058002965
:1072DC000A39845B0A49EF400239EF44400160519E
:1072EC004A21C72DC82D4F406F484A21E4A0080001
:1072FC004F444A210035C23786136020603002C3E8
:10730C0067600A500213C003980BE0C0E0002468C9
:10731C00FA3C040C846B027B60500E2B0EAB81810B
:10732C000E9BE054188EE0589A8EA12B4C23D88ECD
:10733C004CA3E0184C93E01C84C5E02006241C04EC
:10734C009E14E184813106036FF46588F2A0421229
:10735C0067FD008A41FEC7FF00011FFD41FEA11B16
:10736C00C0011FFD140A980E04A4680084C5FB809C
:10737C0006245C04DE14E184813106036FF463E8B7
:10738C00F2A0421267FD008A41FEC7FF00011FFDFB
:10739C0041FEA11BC0011FFD120A9A0E0494680045
:1073AC008605FB8060100E05E1840624E0140E15A2
:1073BC00813106036FF46228F2A0421267FD008A45
:1073CC0041FEC7FF00011FFD41FEA11BC0011FFDB7
:1073DC000C0CD80EDD93F23CF804040C843B010138
:1073EC0046018A068E06F008020B8C06A10BE050B3
:1073FC0002C58845060460187F51E184866BA64B54
:10740C004C408ACD18639C00FFF8180EE0824E6A3F
:10741C00E01C02654A720A6D4640FA300A521C00A2
:10742C000856E9FC403A8C334002E0820002FA3004
:10743C008A06E9FCE054020B8845A10B602002C5CA
:10744C00E1840604A64B7F518ACD866B9C004C4090
:10745C00602402C54C6A9863020E60828ACDFFF8E4
:10746C001C004640FA044C620A621833403AE9FCAC
:10747C00C856E082FA044002E9FC00020C0CCA0671
:10748C00DD93F004F81C040C8904847A0489861AB0
:10749C00D658E010807C8898C8C88A780429CA68B5
:1074AC00021CE014E1840284601040510A249813F9
:1074BC00C217618402100C534011EC04C257601CBB
:1074CC006C0402504011C287C22760206028402102
:1074DC00664004400619C00381316038E0144091C5
:1074EC00E0184071E024408149488195EC040A3051
:1074FC00EC0402104640C95DA11B9C004031FCF518
:10750C008101602CF01C0C0CC1C3DD93F080462271
:10751C00EC70063986A5A13BE03C0439E682403A82
:10752C00F08046226B7106390630C005E23DEC1442
:10753C00C207841504038023C00263B98612842217
:10754C00411A850D400AE004000CE184DD93E20051
:10755C0081015D93FA7C040CEC701EF081611D04BA
:10756C00888B7C5E901B7E1E00063E0E8B6EE004AC
:10757C00E03804B98145896E0000456EA10BEC041E
:10758C007C04FE951220874140036571E64014305F
:10759C0066410E30806EC003C26E824E0006406E95
:1075AC00BE14E008864E840EC46EC66E9C2885E51B
:1075BC0086A5A12B0009FE04C12DE0103E148245C6
:1075CC00E00800468701040EA408860EC60EC46EA1
:1075DC0006F02A142804E4407FFD49FE3C3ECFFF10
:1075EC005E18813181516FFC8195890483017C2463
:1075FC00880E8711A4188A1ECA1EC86E16B0610E9A
:10760C000291EC04827190A1F455A1BBB8F17C04F9
:10761C00A10B8004C0084C960C0C8C0BDD93F27CF7
:10762C00FA7C040CEC301EF0886B0A9B80BB067B4A
:10763C0064D10090848B4001089002AB3C0EE49026
:10764C0064910A900E2BC00178588C3BA10BEFFC77
:10765C0098F180A5F27C0C0C0490DD93960B6430B1
:10766C006FFC65887C8E8C1BE48010908C1B160B39
:10767C006FFC6B483C9E902B7C24960B0E3B941B12
:10768C0070188C4B905B6FFC0C0C98F1DD93F27CBA
:10769C00FA1C044C829B048B867B086B6F48101978
:1076AC00676004801209C0038C3B6010E8045968C1
:1076BC00E0100E05E0340E1BEF481029E0101239D3
:1076CC00E08C0E498101180E4C21D81C4C31E0186D
:1076DC004C41E01C0C4CE020DD93F21CFA7C044C79
:1076EC0081B113A46E4002221174888B285E866BC4
:1076FC000FBE81918155812182214134FA2452326D
:10770C00FE75C32D41FEA09D803F1FFD80005405DA
:10771C0006F09005920B6470902B0A1BE8345E48BF
:10772C008E15A10B901B120B68346148A10B8E2B8C
:10773C008F848C3554B5A18B409600008A45800807
:10774C00981A9C04C7079A2A8095C30D8101440D91
:10775C00401288250406708842B2FF40813172AC19
:10776C00EFF44E2860FC0414240FC3070131C31737
:10777C004438902B0404EFF4FF3160A0D01771074C
:10778C00A20F072B1FFC45FE45FEA10BA82EDFFC0C
:10779C000C4C8101DD93F27CF81C040C8403041363
:1077AC00618A400A421A82110420618A1804EC048E
:1077BC000C04608808C5E08C4E527C300A65F09849
:1077CC00850D7C18CAC79E8412C4A6C38CC3617C69
:1077DC00F2A04C920C041E6E1CCEE0840CCB8A637F
:1077EC000006690000008000830BC4044CC382C1F6
:1077FC00F6D5E900F01C0C0CC1C3DD93F81C040C8D
:10780C0061FC182404C3A20303C786030BC4818143
:10781C004C0AB8030034618E0904E088F0804E42B3
:10782C000C13948E421AC4678863618EB08E808E5E
:10783C00C4170223618E462AF08444424242C43764
:10784C000670708C827BEC101494D9841093C66DE6
:10785C00DC004C40DD84949EC67D30944E401093E9
:10786C00309EDC00FC35856BC9C480549853C62D02
:10787C004440005E832BDC000C0CFE35DD93F01CC9
:10788C00FE7C040CEC401EF04C4208134C6AF08059
:10789C00821161926192421AE0881844D6077E3EAA
:1078AC00C46719344FFE4417C0017FFD52520AC3FE
:1078BC003E3EF084F098545206C00C7E7C5EEC1078
:1078CC00FCA8160481C1014181110181E96483F591
:1078DC00C6AD7E041EA5CA674E624008217DF180AC
:1078EC000C068E6BA02D40009C004C70617C0E64CD
:1078FC00406A8C435872642E4C6AF2B08083E4AEBA
:10790C0072844262640016B093ABC00818CAF83592
:10791C00181AE000082AE000420AE000421AE5804A
:10792C00420AE1880845ED80800840966184004455
:10793C00E0FC04C404C4240F1003E1844212983BFD
:10794C00882B7288EFF06948E000034A021A3E1453
:10795C00006AE000420AE000421AE580420AE1882F
:10796C000006ED80040EC000A0F18101F67C0C0C29
:10797C00C1C3DD93F87C040C4C520D040C23F08035
:10798C00F0944E126196582AEC041050C487027180
:10799C0018338F24463AC4C7420261964C6AF0B041
:1079AC00829B619661964E7AC4378151708C5802D5
:1079BC00F0A04602E5A481659453C69DDC005200FC
:1079CC00FE55999BA34D4467C477046380000C95C6
:1079DC0052920265FF9190946024491A0C958A9BEF
:1079EC005292A000189EB1940483847383D5FF91A6
:1079FC00C5B4F1A44AA28AA30CA5F1AC024580003F
:107A0C00909454A26024491A0CA58AAB54A2A000ED
:107A1C0018AEB194E40C591A3C015800431A4000BA
:107A2C004200E40CC0003C0164101460551A846BD5
:107A3C004CA0E4204C1ABC003DB8E01CC3FF3FFD39
:107A4C000C0C8101DD93F07CFA7C040CEC301EF004
:107A5C00CA37008BE1FC148400A490A38033E104AA
:107A6C0060A2403AE17C0654617C180456C2AA0319
:107A7C004602F38C1734F9AC41FEA13B00011FFD0B
:107A8C0080084E960A449005A443617C617C1824BE
:107A9C004A52FF21817173B04472045D3E1EF18025
:107AAC00124480CBE05761C01C005820F3AC4272EA
:107ABC00E0477C3E608406B4E1FC0C046084040462
:107ACC005610B25F40C21C0042B2F090AC3F7294B0
:107ADC00EFF05CE802A495B4D6B77C00A2833E1408
:107AEC00A38B7C3404010000D617800402048203AB
:107AFC00961FE17C401A80130002E1AE0002E00008
:107B0C00C7FF6BFD8E0B0C0E0C0C98F1DD93F27C09
:107B1C00FA7C040CEC501EF0A4131B74A403093E55
:107B2C008A9B1F6446721D84563AF088882B619E8E
:107B3C007C4E99A416138E4B7E1E960321B4A01373
:107B4C003C6E931DC404121070A442020210943BAC
:107B5C00905B6C04EFFC69688615A10B943B7E145A
:107B6C008E4B3CBE905B7C24E40400106FFC68A838
:107B7C00A10BB20318048275400AD677980EE11E49
:107B8C00400AAC042C0EE11E98248101C22DAC14C9
:107B9C0040004C15DC004220C0005625C0000C35BE
:107BAC0044300934A8F1DC004C35C62D1615C00044
:107BBC00C71DC000C0005635F27C0C0C000CDD93C8
:107BCC00C0006101FA7C040CECF01EF0849B111EC9
:107BDC00934E955E973E8F0EB3148C08191EA10B15
:107BEC009D1E811184459B1EE004000285B3811308
:107BFC008BF39904E5800000F8604015F8304015CF
:107C0C004015C11E4015E02C9704E05CA10B8208C6
:107C1C0031B4A225AF8481711324ADA4E084007427
:107C2C007C000443F0804222E09002238245844D84
:107C3C00067419048033E0880255861B8404F030E6
:107C4C00190485F5E08806744442092E0D7EFA0865
:107C5C0000338221061BA823E6400C30F03002557D
:107C6C0002C584040513E060EC0404408B4E85339C
:107C7C00E800313C70884EA282718221E1AA4E7AD2
:107C8C001045C4778803FC1CE444840E8C5E885336
:107C9C00FC1C164598CE88C38B448D7420518924C6
:107CAC00E0880C7408444B570C5EFB801E55CA0DC3
:107CBC00400240300674D19482214088FA8018A486
:107CCC00D094463240604605F190462206340F04AB
:107CDC000009FB001904E0308063A10BE640006052
:107CEC00C00000258000040600004025800004062A
:107CFC00A604914450588414E4D008F008F07C4E4B
:107D0C00BE4EE4E09544BCCEE80062088271210BC3
:107D1C0080341E1580C04C1586189714DED5837DD3
:107D2C00020B801B0C0CF8F1DD93F27CFA7C040C3A
:107D3C00EDF01EF01E05A90E972EE0ACE0B41E254A
:107D4C001E059D0E195EE0A0E64018209951151EE7
:107D5C001E05A30E1E15E09C1E65E0B0130EE0A8D8
:107D6C001EB581011E75E0A4BD0EE098B90EBB0EC8
:107D7C00B50EB70EB10EB30E8145AF0E0A50710C95
:107D8C00A15BEC042954FE95E640142012101B7ED6
:107D9C00256EE4C0E5800C40650118500A50400285
:107DAC00C0046601101021CE1F5EE640E008449628
:107DBC008171273E9395ABBE020AA414C7FF63FDE5
:107DCC00A10B8A0525B486D5AD2E963BF8C00C03C5
:107DDC0078300C13A324964B6B58A954A10BE800D4
:107DEC000C0382B5812178C078300C13AB34964BE0
:107DFC006A98A154A10BE800A7348445AD24ABB418
:107E0C00E2A4040A0FFC43F6800844968000541345
:107E1C0088910271846104A184810D8581212BB428
:107E2C00F8C00C03F8300C13963B1D4468B89F54F3
:107E3C002734E800AD24A10B2002F895E5A004F04E
:107E4C0006F018123E2EE5D0E5B00AF09603113E6E
:107E5C00E1AE400ABC3E9BB42B34AD0EA144962B34
:107E6C00EFFC4CE800F018123E0EE5C0E5E00AF01D
:107E7C00962B1104A944AB342D04BC0E4BF886BBD5
:107E8C009704EFFCE03000098405A10B657000F04D
:107E9C00E58004F00AF018123E0EE590BC2E963BDD
:107EAC009B24AD044AB89F44BD04EFFC992495145F
:107EBC00BB04AD0EB534B3B4841A910E8B2E8DAEBB
:107ECC00AF049324892EB1C4FCBEFE0EBECEABB45F
:107EDC00B944BC3E9B04B7549134AD24E818756882
:107EEC008101002BF1D5A734837D8E181EF0D8D5D7
:107EFC000C0CE5F0DD93F27CFA7C040CEC501EF0DB
:107F0C00828B3E2E0050009B1911E76081858121E8
:107F1C0078604023EC040210F8304023A11BC12CE4
:107F2C000C50FE150E4067607C3EE4C0BEB481A1CF
:107F3C009C0485D563FD000A88A5C7FF78300E1513
:107F4C00A024960BE042A43A4298E458090EE800AB
:107F5C009C14960BA43AA024E458E042E800420892
:107F6C00960B7E0EE0300E15A43AA024E458E042A5
:107F7C00E8004168FC34FE14F8604C13980C89142A
:107F8C00F8304C13846102A18E088871F45581ADD0
:107F9C00A8F10101F27C0C0CC1C3DD93180E241363
:107FAC00441AF000401AE4820224E40282CFE17CFD
:107FBC00810100C3F2844222640104C04212C080D9
:107FCC001814F280E1C7E17C42129823E1277280F9
:107FDC00A22FE017080E0823422AFF00442AE48E41
:107FEC000614E40E864FE17C421288230420F28CA6
:107FFC00C0086401F2804212E17C06148623E93742
:10800C0072804212E817D927020E222F4222F80062
:10801C000212FA04C07F6BFD4010A11DA05D1C0074
:10802C0040105D93C1C39C00FA3C04CC886B008B60
:10803C00602C100901A183412034C827214F867B75
:10804C000FAE820B0DAE841B5298882B58AEE830C5
:10805C001AAE809BE47004F0921B0E0BE83057A80C
:10806C008435A10B06F00F042214E460580E922BF9
:10807C0053988E0BA10BE83080181E0500044C059C
:10808C0080000006F23C0CCCC1C3DD93FA7C040CDE
:10809C00EC301EF0889B007B602C0E090E29846B43
:1080AC008351603060100E4B215F81B11C3486AB64
:1080BC007CBE820BE8880454881B3EBEE8304F0817
:1080CC000090008B0195E4C041BE9911EC040210A4
:1080DC00F83440B5E02C40B5FE15A11B658014A00A
:1080EC0005C5E091A10B8101280488D5E42004F09A
:1080FC0068305308A10B901B7C0486D5E41006F065
:10810C00A40E902B9E14A804E8304EE88475A10BA5
:10811C0006F03E04902BE410F8305205E060140594
:10812C004E189E14A10BE83080041E050030520539
:10813C008000000688A102B19A188891F49583BD3D
:10814C000C0C98F1DD93F27CFA7C044C847B1124AA
:10815C00889B15A4FF8113B441F6A12B4C960FFC00
:10816C008A058008442A2B3F463AE68A8161668E4E
:10817C00423A8F1E463AE502002465828203E1846E
:10818C0072984232739881310F24EFEC41FE910BBF
:10819C00A11B1FFC5FFC41FE0294A19B81814184C9
:1081AC00509C4212501A847380734026408A8E83EE
:1081BC00AC8EF00A8C0B280EF27C0C4CC1C3DD93F8
:1081CC00E682401A64010000DF07C0406FFD000228
:1081DC005D93C03FFB800004FE7C040CEC601EF041
:1081EC00827B049B8161005B8111120B81B101A127
:1081FC00030A81C58275E23CF0080025F8040045AD
:10820C00564284A3821172ACFC958F1D6000174AF4
:10821C00E18400A46000161AE0FC02B46000146A49
:10822C007E0EA20FE580420A6188421AE18400B4F6
:10823C00422A7C0E3E3EED80E43010305E27895E93
:10824C0089A5E05C601C4CCA440A8101400AE180AB
:10825C008EE5E99C8101262404CAA414041AE000CA
:10826C00022AE000420AE000421AE5801E27E1885B
:10827C00420AE05C8AA5ED80647C0B0A0050823BCC
:10828C0046206C8044529C0002067B800022C00079
:10829C002023EC7CEF8008146C000A047E04A13FC0
:1082AC004852A11F04227890A83FEC0482037C144E
:1082BC00942B253F7284423269F8963B0954EFECBB
:1082CC0067FD008A41F6C0FFA11B0FFCCFFC41F6F5
:1082DC008261610C0C0A9091ECB5E240B0F13E0465
:1082EC00E0184071E01C4051F67C0C0CC1C3DD93CE
:1082FC00F800044C02100A280814EC04E03161FC6C
:10830C0083410813831703A57830065BEC04042023
:10831C00826080C046C38AC3CD5AF8600AC40A631F
:10832C001864FB004A427B004663F1949853602C1E
:10833C00FB144A12E05C4653F8F5A12B0C4C81015E
:10834C00DD93F000F804040C60880C3401458A7B42
:10835C00F0985852D97DDD2E0613FED5440A8603BB
:10836C008211618E618E461AF09840420C34C427FB
:10837C00424260884652F088444270888195F09859
:10838C00C11DC5644240CD6ED93D1C009C004650B9
:10839C00FCF5851B0C0C8101DD93F004FA7C040CBC
:1083AC00EC701EF00034008B0603E1FC1F1482BB42
:1083BC000D3E83071D348A6B2374845B21A4A02B90
:1083CC003E1E829B0B4E900B7E2E8141093EAA23B2
:1083DC003C3E961B7C5E8A3B6CD88C5BA10BEFF809
:1083EC00090486753EAE81417E24961B3C0E8C5B47
:1083FC008D34900BEFF86C0882D5A10B81410D24C4
:10840C00961B7E048C5B3E7E0904FC343C0E802360
:10841C006B18900B161BEFF80B64968D090E8CBB2A
:10842C000A55944B2594920BFA204212B0138211E8
:10843C00A714831383B38D1EE80031EC70A046B2F1
:10844C00463A801B828161AE00A5C437880B7C0C38
:10845C007C0C0855F08C4492FC0C0EC5719848A20B
:10846C000A438CA33843B453084E98530D14804BD5
:10847C008233820B09048C5E0C0CB8F1DD93F27C18
:10848C00FA7C040CECD01EF080BB2904828B2F7478
:10849C0043FE134EC0017FFD8A6B0F2EB144B324F3
:1084AC0081017E0E9C0E913E970E990E41F6150E93
:1084BC008B4EE00C8D2E900CAD94881E91A4AB5479
:1084CC004062897E420AF0ACC417E19AFC040A258A
:1084DC0084A5A12B84E5A12DFC0412158E95A11D5C
:1084EC00400A8201C407E19AFC000A158C95A11D73
:1084FC007C001205820DFF1181A58AF5FC04120582
:10850C008A45A10B7C041205820DFF11030188A57D
:10851C00E4B002F08A7B1C0E0AF00B04142BE4C0AE
:10852C0000BC8C3BE4A000F0960B3E0E8F14BC1EDE
:10853C005658FE440D04EFF89924961B3E0E9734C2
:10854C009544940B9354BC6EEFF868088E5B0974D9
:10855C00E2A4000A8101807582B19C0E808591BDD8
:10856C00A10B9C040101EAE50C0CE8F1DD93F27C13
:10857C00FA7C044C827B006B60140C19E00040C642
:10858C009475F41DE0180C2992F5F02DE686502A0E
:10859C00E500110A1921925576D88E0B8C1B6FECC5
:1085AC0064300070E0040206819101550210419C78
:1085BC00A11BEC040060FE9581B1649081110195C2
:1085CC00E500028A412480E556228211D11DFAACC5
:1085DC0000B4FE15D8B761D098710F0E81A1486117
:1085EC00810103D540961824A12BE0080F14848533
:1085FC00E1840024813116036FEC5008F2A442127E
:10860C0067FD008A41F6C0FFA11B0FFCCFFC41F6B1
:10861C0081011C0C847102A1D1AD8861150A80C541
:10862C008075E4FCF6E5A10BF27C0C4CC1C3DD9328
:10863C00FA7C040CECF01EF0866B048860100219B6
:10864C0000A98191060E6010C00072C088BB1D9EEF
:10865C0042967E1EC00167B98B1E8004110E8D1EC2
:10866C0063214156150EC0016EA100061B0EC00100
:10867C008F1E840B191E931E973E8C1BE80048C856
:10868C006C0400A0E00842C6741C010A090E8101AA
:10869C00808800A4045002F0E010101A1C0002059F
:1086AC008000020600105E050904B18BED80420AC1
:1086BC00C00842C642C6A10BE5AD00088A95FC1E57
:1086CC00A10BFC047E148A350E0B907B4998962BDB
:1086DC0018B1E80004068111960B6008EFEC72C823
:1086EC00E69E4E7A00068375E7AD610084159D0EFB
:1086FC0000F018341A44E4E0E1EC0B76901B3E0ECB
:10870C00FE248904920B3C0EE80040C86D0C9D04BD
:10871C00937B82917C04FA350C0CF8F1DD93F27C9E
:10872C00F87C040C61064E0AE08812246006500A9C
:10873C000F4488CB4E9A866B8111669EE6A2509AA6
:10874C008E630D34402A10C3101EE68AF0A44E62CC
:10875C00650E443AF0A450C2E58E463A8FAD81C501
:10876C0046AA56AAC41014A0D0A456B242127E3502
:10877C0088C1D0AC52CA91CD546046B2FC15DC0015
:10878C00E1841804425A02C340CAE6960C0CE0027B
:10879C008135F07CC1C38B45FA00040C480A086B88
:1087AC00400AE5060A2465860244E184E84761B084
:1087BC0018346807201FE184E0FC00344042A05FBD
:1087CC0041B8F09442126FEC0406F2B040406001E4
:1087DC008403FF318131070B728C42129FFC41FEE6
:1087EC0041FEA11B400ADFFC0204F00A8413E18461
:1087FC00E002401A8101180EF2000C0CC1C3DD938B
:10880C0060144401083C81310A3CAF41FC00061461
:10881C0060184401E41C0030601C4401EC0400307E
:10882C00602044014441C21783016010E0244411CC
:10883C00E0284411E02C4401C1C3DD93042E003820
:10884C00A13BFFFC8208844582E5A10B7180482284
:10885C002623900140009031400173C173C1463012
:10886C000623C00181358803FFFC002E860E842E62
:10887C00C1C3DD93FA7C040CEC501EF0867B090E10
:10888C0061840014E0AC0674886B20238413862367
:10889C00E10E401AE10E422AE1AC0404611E562A94
:1088AC00E1AC0414E11E502AE40404B0611E542A05
:1088BC00E0800406068422230623E0ACF184420205
:1088CC0004B47C2E7E1EE0AC3E0EA40385B5909BBA
:1088DC008235919BE02C521AA0101E05A00C1E157F
:1088EC00A0000168E020521AA0000088521A090466
:1088FC0000F8E02CC000200180101E0580081E1519
:10890C00179B80C580B58101BE148904E8004B0813
:10891C00608802940C2582918C137C04E11E529A7F
:10892C00842E8023F4B5959BA8F10101F27C0C0CEC
:10893C00C1C3DD93FA1C044C847B028B866B009BB9
:10894C0000061C14E024E0804338A434A044E80062
:10895C009E14980E880B602442B8A4349A0EE8003A
:10896C00F21C0C4CC1C3DD93FA3C040C828B047BCF
:10897C0060240E1910498321866B602460280E59DF
:10898C001C04809B2234A32FE0900244682C48885E
:10899C00E89414249C24A4142234980E040BCF17AE
:1089AC0047D8942B1A0EE82C0C0C8101DD93F23C69
:1089BC00FA0C040C403A006B027BE50AE58A423A59
:1089CC0000000181C00167D172A04212E03C4486D4
:1089DC006FE871487F218131850B81311FFC41FE8D
:1089EC0041FEA11B427ADFFC447AE50200646582F9
:1089FC008203E09C72A04222E0A00464EFE86FE8DE
:108A0C007FFD45FEC50DC03F1FFD41FEA11B003F74
:108A1C001FFD41FE0C0CC03FDD93F20CA11B005B53
:108A2C0060084096640018500006C080070A400099
:108A3C0040C6E640190A4000C0FF67FCC00040C6B3
:108A4C005C08A10B1814DA00A15D61FCE05702C3AD
:108A5C00D63703C7D18018C442CA8AC38413E086B0
:108A6C00E0000212E10E421ADD93901E6506440AE4
:108A7C00420A81310020E586C0046401F28C421266
:108A8C005C08EE1D41FE5A00C03F1FFCD7076A1759
:108A9C00A20F5D93FA7C040CEC701EF081617E3E9B
:108AAC0088BB092EE03404098D6EFC1EE80D3E0EC9
:108ABC00602402A9E00040C6150A981596B5E64058
:108ACC008904FC147518FE3404106FFCA10BE430FF
:108ADC007C0494958914963B72D8FE2400B0EFFC6C
:108AEC0081116420551D8175162581218211400448
:108AFC00020AC12EFE15E24089117E04B0010175F7
:108B0C0078104065EC040210A11BC16E0974FE556F
:108B1C007E8490B1BCBE8101C0717C94B08105B5DE
:108B2C008A75A10B906B0B6E8984FE14F8100E25C0
:108B3C00A004861473D8A4342224EFFC1C0480BB3C
:108B4C00E46008F0601012157698943B8C8B6FFCE7
:108B5C008295A10B781050B58D24943B8904A02EDE
:108B6C000014BC446878960B0B64EFFC8881887108
:108B7C00BE148261F4B5C36D0C0CB8F1DD93F27CBC
:108B8C00FA7C040CEC301EF0806B064A04C9840A93
:108B9C004C45E0C00249EDAC4C05E020C40AEDA800
:108BAC00EE244C45E0CC0449EDB04C05E0C804097A
:108BBC00E0C40479EDC04C45E0D00441EDBC4C055B
:108BCC00E02C0405EDB44CC5EDB84C75E0D404C1F3
:108BDC00E0D80471EDC44C45E0E00449EE284C05A6
:108BEC00E0DC0401EDC84CC5EDCC4C75EDD44C4526
:108BFC00E0F00449E0E404C9E0EC0479EDD04C0564
:108C0C00E0E80409EDE44C45EDD84CC5EDE04C75BD
:108C1C008AC48844CA84C874E0F80491E0FC04A1B6
:108C2C006DDC4C054CC581014C75EDF04C85EDF4BB
:108C3C004C95EDF84CA5EE484C05EE4C4C45EDE84A
:108C4C000645EDEC04C5E0340475E0104C45E01429
:108C5C000645EE500485E0380495E01804A5E01CA8
:108C6C004CC5E0204C75EE704C95EE744CA5EE7C2A
:108C7C0083A16E80EE544C45EE784C8504C58C4433
:108C8C00A194E024EE844C45A4888E444C459B74FE
:108C9C00CC44EE884C45A7B4CE44EE8CEE904C45BB
:108CAC00E0100645EE944C45E0140645EE984C4514
:108CBC00E0180645EE9C4C45E01C0645EEA04C45E4
:108CCC00E0200645EEA44C45E0240645EEA84C45B4
:108CDC00E0280645EEAC4C45E02C0645EEB04C4584
:108CEC00E0300635EEB84CC54C3599C49734EEB42B
:108CFC006D884CC57FFC59E69F44C020ED844C35F3
:108D0C004C85C8349D84ED806D8C4C4567FC0430DB
:108D1C00582DC0FFE0081806017C18342344FF21AD
:108D2C0081C018C46D944C7590B0463218342534FB
:108D3C004C8581400E606D90C00D6600EE344C5534
:108D4C00EE044C259534FC3E6DA44CC5FFF459CE75
:108D5C006D9C4C45FFF8088E0C85994B5082CD9C30
:108D6C000840519050A1CC04FCF5C0006E3C4C0561
:108D7C00670000604C05C00600606D98C00265007D
:108D8C006E204C35E080068A6601066050C64004B1
:108D9C004C65E0004C05EDA04C35EE2C4C25EE302E
:108DAC008875EE14EDF80C35EE280C4586B5874D1C
:108DBC00EDB40C25E4080020E17C18049803FDC7F1
:108DCC00610818045802A101A9CDF1B0BEBE82D52C
:108DDC00EDC40CC5EDC80CB580F596CDEE7C0CC57C
:108DEC00EE800CB580C596CD98F1100BF27C0C0C76
:108DFC000CC5DD93AACDEDCC2041FE15A6439833CE
:108E0C00FC75A94DEDD00C35FAF5AC3DE40406200B
:108E1C00E1FC0834460206438347F1B0F8B5893DBE
:108E2C00EDB80C45EE240CC598438643F6B5854D3C
:108E3C006DD80C4551F69131A24DE00C3EB482F543
:108E4C000906A14B188600008605800049F6234BC5
:108E5C0011C1E00C846589213EB4838549F6A54B8C
:108E6C0059F6000C8245800C82F5A74B600C49F634
:108E7C00E00C59F645F601458921E00CEE584C45BD
:108E8C00EE5C4CC5EE604C25EDE00C458235A24DF8
:108E9C0084C5A14B41F6234B0465E00C83758921F5
:108EAC0041F6A54B47F6000C8245800C82F5A74B8A
:108EBC00600C41F6E00C47F645F601458921E00CC3
:108ECC00EE644C05EE684C35EE6C4C254C55C60AE0
:108EDC004002EE344C05FA148E0B6E34E80C5448F8
:108EEC00680C46E853B88E0B8E0B68046808722821
:108EFC000C058E0B0C15EE384CA5EE204C05EE181F
:108F0C00BE0D6E3C6E1C4CA5908440020E3C4C0574
:108F1C000000820381116C04EE404C056E444C053C
:108F2C00BE1E8101BE048F55E31C010AA1ABD6D530
:108F3C000C0584D5A70BEE1CA50B8225A30B826513
:108F4C004AF882958E0B68006C1881858E0B680030
:108F5C00551881458E0B6800EE180CA580F5A3AB57
:108F6C008E0B7C14FC384208EE180CA58A35A5AB88
:108F7C006E080C150C0587218411EE404C15830DE1
:108F8C0040104E400C15DC00010A6E280116E04022
:108F9C004C0580000C058E40820D6E20840402105E
:108FAC008E404C15E68A400AEE3C0C15EC3800005D
:108FBC004C05801D8E0B4E3CFC385608EE180CA54B
:108FCC008815A7AB6E400C050C158721010AEE081D
:108FDC000116E040841100000E404C050C05830D79
:108FEC004C15EE200C15CE40400AEE3C0000E68AF3
:108FFC00801DEC184E3C4C0550388E0B0CA5E80827
:10900C003E04EE188201AFAB000CBE0EA10BE200C9
:10901C000C05E26581116E0426068201FA800004BB
:10902C000C25839500006D9C0C45EC040223EE206E
:10903C00043384110453E030583AE060465AE1920C
:10904C0044C3E192468AE0304632E8304433D09053
:10905C00A10BE0605995F8F5C1C38181FA3C040C71
:10906C00ECA01EF0548E2D84C010641113AEAF947E
:10907C0063D1144E91AEC0108D8E8F9EA1C4ABA443
:10908C00A974A564A384A794897E8BAEFC6EFE9E06
:10909C00BCCEBE8EEFFC57680C0CD0F1DD93F23CCD
:1090AC00FA1C044C0C05806BA10DE0880C1580B5E6
:1090BC00830DE0BC8F0180A5E0984C050C158BC589
:1090CC000C25E1400C75E0A84622E018870BF084D3
:1090DC000C358255A13BE07C0C3580D5460AE074FA
:1090EC009295E080E1D00C19E088420A0321822598
:1090FC0063388C1B0C25E8084C05E0A80C15E0889F
:10910C00875160C4E0340C35E0A00C45E0BC4C1534
:10911C00484A82334A326696095DF1884C5585512E
:10912C00484260984C5590880640609C48328C04AC
:10913C00C42B7188182444470E55E08898737C1012
:10914C00E0AC0C450825C4570A34FC148E53E08857
:10915C000000823D4C05840882A580C0063057C4AF
:10916C00C4C7EC04FC3008C5FC7584CD60BC4C3520
:10917C00FDC5982BF21C0C4C0C25DD930614608459
:10918C000C45E08886736078823B01514C25822126
:10919C00824360840EC58345DD84F810E0200C9575
:1091AC00C487C4C7FC3012C5FC201285F1B05882AC
:1091BC004AC20ACD4610FA1482115C00FA85881D49
:1091CC000C5598140C45E03C0210E01C032DEC04EB
:1091DC000443C227483386534853E030DA85E060B5
:1091EC0082010311E0984C15E09C4C15E0BC4C0539
:1091FC00C1C3F925FAFC040C0C15806BA11DE08C85
:10920C000C058235801DE0880C0580A5830DE0BC23
:10921C008F0180E5E0984C05F2FC0C0C0C55DD93AD
:10922C000C25E1440CC5E0A80C35E0180C4BE0B45F
:10923C00445260480C2BF188851B6050E0C80C85AB
:10924C00E0CC0C750C958275A19BE0800C9580F59B
:10925C00520AE0740FB8E0800C55C0005486607060
:10926C005202E03CAAA3F1849645949D60940C555F
:10927C00955BFDA10C5594A51450E03416A4E404A0
:10928C0096A3E1FC8AA383A79245959D7084520214
:10929C000291C6371494A031CB3761FCF9A1149319
:1092AC000CA5C297949F6010189592C3B2C4F80C89
:1092BC0014A5C497C4C77C24641016A0C7B786A392
:1092CC00669248BA7FFC578E0840C3FFC947E50039
:1092DC0060200CB588A3964FF00A48AAFC2416957A
:1092EC00FC3016C5E68A444A0420A693989366007F
:1092FC00849DD1270C2584A59834E084E01C0C4572
:10930C004C25822106306084072DEC040443C227CF
:10931C00F1944602E0304833E06048030C05DE650A
:10932C00FF91613460944C9573588C2B0C35E80884
:10933C000C25E08C4832E088861B7180613C4C45E2
:10934C004240854DAB0D1C00E13C4C150C0982D5FF
:10935C00400AE1D00026E0904C05C0004C05C098B6
:10936C000030409C9435CC1060340C05F1884832A8
:10937C0086E5880DE40402000614A8130C35E1FC04
:10938C00861360840C158317A223601C840302319E
:10939C0060844C354C25C23786136088603042237C
:1093AC004C058F214203E08C4C25E060E755E0989A
:1093BC0060380C05F1884A12E0A40C45895D8043A5
:1093CC0030238A45F09C403260884C254C058C1B20
:1093DC0068B8E08C0C15E8080C25E0840C35E01C12
:1093EC004C05E0888211608C60844C150223C217F6
:1093FC0044038F118C0B6060E0304433E0984C15C3
:10940C00F2FC0C0CE00810A860BC4C054C15FD11CE
:10941C00E135E09460A00C050C3587210C45E04447
:10942C00400AE0484C25E68A461260980000F18C10
:10943C00A8136C1860BC4C354C25803D4C95E09CB9
:10944C004C15E0944C05E0C0DD75C0BC60780C0593
:10945C00445281310054718000C3E08883558A0BDB
:10946C001875F3440C85F80CC447E0201045C477FC
:10947C001075FC104872FC1C064DF190FA0C46421B
:10948C005C004050EC040A50FA65855DE0840C25C4
:10949C000C4598340C55E03C8221601C60844C25B2
:1094AC00EC040630C227072D460204534A33F190D0
:1094BC004A03E0302AE8E06085019FFCE0984C0507
:1094CC00609C4C05EC040010C1C3F505FAFC040CBF
:1094DC008781006BE0900C05E0180C15E0840C758E
:1094EC0060984C85ACD5A10DE08C0C25AC45850D58
:1094FC0060200C55E08804047C080225F088461294
:10950C00F8100645F80806C5781806350A25C4274C
:10951C00C4477C087C100A450AC5C4C7C4377C30D4
:10952C00FC0C0A35A6C3A823906584CDE0340C2529
:10953C0006248421FD37E17C852786234C05A40372
:10954C00040460900245E08846127C088E34F08852
:10955C00C4479A240435C4370445FC0C4832FC102B
:10956C00893171900A00854518046C0402C5E088A5
:10957C0012547C300295E088C4C7FC247C3004C5AE
:10958C000495C497B2C3FC2482F5A3CDE408124021
:10959C00E17C14949493FDA793CD859700904C5542
:1095AC009C0040509C0048C0EC040630F695A13B52
:1095BC008C1B0321E8047D28613C0C450C35FFC154
:1095CC00126060340C15E6200C25E0944A42E088C9
:1095DC004052F18C991B7B00FA004422E0904C2500
:1095EC000C15B045981DE0840C05AE051414601CD8
:1095FC000CC5E08480A3E0A4E0301453F1B05652C3
:10960C000F38972D021180004C1584330814608498
:10961C000803E0840CA591114C15E0508C1B605094
:10962C00E030402360604033FB000034E80855E82C
:10963C000C1598240C35E0844CA5E01C04206050DB
:10964C00051DEC04E084041446038433A0A5E060FB
:10965C000C25A535FF11609486B5832B613C0C2538
:10966C000C0582710A7460349844E084E01C0C355B
:10967C00608C0C054C25A023084060900A33EC0448
:10968C004C25897D4C75E0944623E0844603E030FC
:10969C009865E060E0880C05E0A40C35E0904C2562
:1096AC00F18048228E25864D60340C35EC04042064
:1096BC0060BC4C254C4585414C45E0988033609C02
:1096CC0060944C15EC0C063060C04C359215862D10
:1096DC00603C0C150C2582710674601C4C75E08482
:1096EC008013E084608C4C15440386234413E030D3
:1096FC000C09E060400AE1D08AE5E0847B000014AC
:10970C004F388C1B0C15E8080C25E084C217E01CA4
:10971C00440382238515E06086F5A17D601C0C1541
:10972C00E0840474E0400C3504238223463AE03094
:10973C00A023E0A282A5862D02098E138201E1E00E
:10974C00E1E04201E0880C05E01C0C15E0840C758E
:10975C008E13C277E03042034C058F010C0CE0985D
:10976C00DD93F2FCE0A40C05E0840C15F180405272
:10977C00812D0211E0844C1598449425E01C0C3585
:10978C00E08C0C05EC0418401814191D86C3E084F9
:10979C00E0305853E06058030C09F8050C55E1D043
:1097AC00400AE03C02A5E084F0884052680849E891
:1097BC000C158C1B0C25E0840C35E0909844E01CB7
:1097CC00084002110A14EC04891D608460844C1555
:1097DC0046038A3387016060603046238000007640
:1097EC00E0984C058BA5EEA5606014A348A286C337
:1097FC00A443FB108E05984D8211184460844C15BF
:10980C0008408433091DEC04E084081440238803C9
:10981C004033E030E825E0600C3587F50814601C17
:10982C000C05E0848833E08CE0304623E06046038E
:10983C00E1D00C29E084440A000482E58C1B7B00F7
:10984C00E8084548E0840C15E01C0C25E08406145F
:10985C00440386239804E060E0984C85EC040000F7
:10986C00DE65811D0C3583B5A4536040E0A2463AF9
:10987C0082A5865D001982038211E1E0E1E04011CE
:10988C00E0900C25E01C0C05E0840C15E08406141B
:10989C00402386034C85E030A404E098E0A40C350A
:1098AC00E0900C25862D80330C3586C58033E03452
:1098BC0090A5872D601C0C25E4040810603C0C3529
:1098CC00E0840244E0844C454403822342326030FD
:1098DC004413F0800C09E060400AE1D030F8E084D9
:1098EC00E7B5DFFC86F5A11D601C0C25E084061491
:1098FC00E0400C4506338433484AE030A033E0A204
:10990C008285883D040982238201E1E0E1E0440183
:10991C000C25A4040C15E01C0614E0848623E084BA
:10992C00E03044038F01027160984C0531888F1B25
:10993C008C0BDFFCF2FC0C0CE0042708E0FC0C05A3
:10994C00E1000C15E0944C2560984C85F180402288
:10995C0060BC4C054C25A223E125E0C0F81C040C8E
:10996C008161022460200015004581718834E0A0DB
:10997C00C8C48A540035CA24865360185852985368
:10998C00825B7088044055CE81D5EC1082710284C4
:10999C007C181085F098528260101295B0C38861C3
:1099AC00D5CE92C3FC75857D60881844EC040840C4
:1099BC0070B04A120A50983318C06C3081F5EC40E4
:1099CC0082214D7402858264C477FC307C300C9506
:1099DC000C6588C1B283FC1CD58E8C83FC35892D1B
:1099EC00F01C0C0CC1C3DD93F87C040CED801EF054
:1099FC0060BC00750035FF61811160C060180025E6
:109A0C00401581814065E07C0015E08800C5E0B41C
:109A1C004065E0A8253EE140E088067460D800353A
:109A2C00004586231620606C4ACAEC40812166866C
:109A3C004686213E2833E03C1B3EA051E4400610F4
:109A4C0008100B377C3EE410E4080610CB570211CB
:109A5C00853707478317195E81513E4E8141093E78
:109A6C000015951E931EE0DCE0E000150015FE1EAF
:109A7C008D1EE028E02C00150015911E8FCEE024E1
:109A8C001D1EA37EE08402C481110B1E8EC32B1EEF
:109A9C0081113CCE1A38971E0AA0E0000B0AE40490
:109AAC001A48E7201615C000A24D60105E45AD6E39
:109ABC005E25C05C98F5C04CC41727BE60AC003561
:109ACC0019748CBB06C58E6BAB34FC0404CDAEC3D1
:109ADC002B3E88339C0058204E600E05298E9C002E
:109AEC00AF4E988BE0B000358BC48F44FC04061548
:109AFC006084061488338E13E032463A463A9DC48D
:109B0C0090CB66B2E5000630463ACF370D34E6927C
:109B1C00421A8613421AF00A0210E68ED117E6009A
:109B2C001E4582CD5820005C1E859C001E75805001
:109B3C0082658044966B2F44E0884095A14BA984A4
:109B4C00811180C581E5AB1E966B01E583413C1408
:109B5C00E14040959413A5247B084412A52E811155
:109B6C00A374AB1EAB249B14822DA7B4C00013F8B6
:109B7C001278A34D4C80400027CEDC0016158321B3
:109B8C00AF2EE01060201625E0880814E020003588
:109B9C00E0100015C42721C4FC100665FC0806253E
:109BAC007C100245100599AD93C48C239E6599AD2C
:109BBC0083ADFE14EE34AA85FCC482140215C4379E
:109BCC0042C2FC0C1814FA044C22E08CC267F1B0AF
:109BDC001E95906D4C8000580FB89C00298E80000B
:109BEC00E4100E40C77740C4B3111F1EE686442A0A
:109BFC0018259D1410207C0C1F34E4084E7AC58760
:109C0C0082CB6686AD110883483A10714977E68697
:109C1C00E098022406060E830283E00410438311AD
:109C2C0013E58F811F5E83711615805B1665F83006
:109C3C001675F820298EF8102C84C41706C5C46735
:109C4C00C4777C04FC1806657C1C06750635C48735
:109C5C002904FC208E639863866315347A18463287
:109C6C00E0840C24806DA6631D849245E4100E40A4
:109C7C00C7770A0B844342C466A24E7A9F54C447EA
:109C8C007C04181545778471087390CB027391810D
:109C9C00487290110414708C0606E19089116008CA
:109CAC0087710BF5F8101675C477ACC47C1C06656F
:109CBC000635C4C789C4FC3046C28C334C22FA0C1E
:109CCC00C267F18C9EE5906D1840298E0215E41048
:109CDC00C7C77C1C84431D740243918144CA8811FC
:109CEC008643669E8ECB4447060604214527E00832
:109CFC0004438571E18C0414851107358A0B006BC4
:109D0C00A374AD94A7C4AF448D559F54C477AC7461
:109D1C00FC1C06154232BE340614FA044C22E084B4
:109D2C00C267F18C92E5906D1840298E0035E410D5
:109D3C00C7C7601484431D847C1C063558CA8771C0
:109D4C0010C1E6A249C786131843843110CBC4173F
:109D5C00043482438F81618860040606442A891189
:109D6C008223E6B21124EF2F424A8443421AF00AAE
:109D7C008613E68A826DF11F80501E6580581E95F1
:109D8C0080441E75AF4488C5E088409523749714B1
:109D9C00A7C4A34B971E8211001584958EA360F067
:109DAC0060A0002585418731442A94130610668EE5
:109DBC00853DE41040485E154015831181B5E07C6B
:109DCC008195AD94906B2D94A7C4AF448135A37449
:109DDC00A7C4AF4488B10C8B926B182B8AAB25149B
:109DEC00F0A8527225A8829DA16D9FFC9724821524
:109DFC00E0F00015832D8221C08840651EF0011112
:109E0C004015E5800C0CE098DD93F07CF87C040C9C
:109E1C00ED801EF0FF31012160804025E03C4A8638
:109E2C00606C0025001581B1816160B4608C403597
:109E3C0040358191A453614460C00035E440041066
:109E4C0060A800C500458B27A93EE0BCE01800A522
:109E5C000410092E0727E410E68646CA44427E2EDB
:109E6C004427F1B050A2A031041070880211E4080C
:109E7C000527CB371F3E8317E088064486A3215E57
:109E8C0081310F2E00159B1EA51EE0E4E0E80015A5
:109E9C000015991E8D1EE0ECE02800150015931E90
:109EAC00971EE02CE0240015231E95CEE08402C4FE
:109EBC00B81B111EFF117C1E81110B1E81C11D1EB2
:109ECC000D0AB1A518B8E31CA2CDC0005C004E3041
:109EDC00DC0046C02DAE965520248CAB0015886B4B
:109EEC0098B360ACC4279F44FC080215F1904E1245
:109EFC000C05867D9C004E308E9B2F9EE0B000554D
:109F0C0091749514FC080A2560840A2482538823D2
:109F1C00E01E4A5A4A5AA374927B669EE5000A5088
:109F2C004A5ACF579314E686442A8A23442AF00AC5
:109F3C000420E686D127E6001E95847D4E30005C19
:109F4C0082059C00A1CB0C4BE08C404501E580A523
:109F5C0001D581B17C248C4B404581B183C16144D6
:109F6C008823A914FA044222AF94A91E946B2114DD
:109F7C0082BDADA4C0001348833123CD5C0046C024
:109F8C00DC004A90C00011B8ADBEAB7EF8101425B1
:109F9C00E0200055F82014C5C4272514FC080AB588
:109FAC00601000250A75C4C7836D7C30FC3004C575
:109FBC008EB30E65836D99148D149C25836DA874D6
:109FCC000214A6858924C477FC1C0215FA044422C9
:109FDC00E08C0224F1844AB2925DC25780000FA833
:109FEC0012C02F9E278EE410C014C797B3113E1ECB
:109FFC00E68650BA3EB4A314C58784816686529A0D
:10A00C0016B59883ADC17C1C582A10914997E6B2BD
:10A01C00E0040E0604B412830483E09810C3839109
:10A02C0013458F81A78E83211475A8241485E01005
:10A03C002F9EE0201495C427C47760307C080A1545
:10A04C000A75C4870A85FC1CC4977C20FC240A551D
:10A05C0082731B1490732F940AB40A734E12E0840B
:10A06C00AE53FA1C90E5925D10C023944214E41098
:10A07C0096C3C78766A6508A0215C4C78481FC089C
:10A08C009883C58790110283709C5882E1901614B6
:10A09C009181121B0E060B95A78EE0081415A8844F
:10A0AC00C487E0107C200A750A15C4178F54FC0471
:10A0BC004E528E134AB2FA04C257F19C8665925DD9
:10A0CC0085912F9E7C200415E41004C0C72723849F
:10A0DC0002C396C3442A88118EC366A2161444C7C1
:10A0EC000421E18C4527901B04C39181E0080E06E6
:10A0FC00852105D5925B0D05C4777E24FC1C0A15C1
:10A10C00FA044422E0840224F1844AB2925DC257DC
:10A11C00AF9E980510C0278E0015E410C7876014F9
:10A12C0096C323947C1C0215E0040E06E6A6508A06
:10A13C008223108184114987C42710C361881614A7
:10A14C00121B84C307218F8142BA89919213E68630
:10A15C00E51F172442CA82C3421AF00A8E13E68AFC
:10A16C00825DF11F805C1E55404588C5A33B608C09
:10A17C00882B1D1448202784ADB4DC0082112B746D
:10A18C0086959D1E60F40015984B84CB71844622F5
:10A19C000230FF212924EC409514841D5C004430CE
:10A1AC001E25833D83114050608040158B4E8531B8
:10A1BC008145A92EADB4A78406CBAB74084082614F
:10A1CC0010806C0414A0EC108A9B6C108E3B014523
:10A1DC00925B7F35834DA9149FFC2758A13D8B348E
:10A1EC009D248215E0F40015832D8221C08C40350E
:10A1FC001EF001114015E5800C0CE098DD93F07C0D
:10A20C00F87C040CECA01EF060BC00854015FF111E
:10A21C000015E090911EE0C0E0300015E01800B58C
:10A22C0000158D1E8B1EE024E064001589BEFE8E89
:10A23C0081110F1E8111131E81113E1EADB5FC1E26
:10A24C00E31C050AC00016E860200075E08806A42F
:10A25C007C0C16858F1482210E95C487A11B7C2043
:10A26C0096C5932EB413FE149645B01D60B400151C
:10A27C00065596330625FA10C457E0207C140E457B
:10A28C000EC5C42704107C088727E410FA1044225A
:10A29C0060100095082492C34CC2E0841285F190A2
:10A2AC00A36D7C20A4B5BC8E601400458B94C26752
:10A2BC007C140845E4100A8098834757E6A64A5A4E
:10A2CC006408164045B7882356BA9051C95766A6FC
:10A2DC00C4270A83848308B1C7B70D44448A968384
:10A2EC00442AF00A0420E692CF27E5001EB5846DBF
:10A2FC009AE58010846DFC24C09040A589B4BE24DE
:10A30C00C0085E6598B5A12BE0F8002544A29144E5
:10A31C004822F18883217A10BE2E914E00658BA5C0
:10A32C0042B260B40245F08C00B5FA100660E0143D
:10A33C004447E4100E25873716C5FC104A32FC2022
:10A34C0004947A080654E0844622E084A33DF18C00
:10A35C00C0101EB51645A25550C27C103CCEF0A4C0
:10A36C00E40816C0C5B70BC4844108838A834547EB
:10A37C0066B256BA484AC487C23766B288B10D5421
:10A38C00C7B708419643C747484A9043484AF00A22
:10A39C000840E696CF47E5001EB5883D1EC58010E7
:10A3AC009865800089B4FC4440A5883D5E35C0901A
:10A3BC00BE34C008A13BBCC4003596159144E0F8EE
:10A3CC00F18C46A27A104832914E833189D5BE3E2B
:10A3DC0010A00C340484EC04A01160887C08166571
:10A3EC0002248B170E45C437C467FC0CFC180425DB
:10A3FC00FA084612E0880234A2A5891DE08C0234CA
:10A40C00F18442C2A0F5A31DB3414024669248CA10
:10A41C008BC4C2177C1804253C6484410A60C54770
:10A42C008C436410AD614757E6B24A5A66B2582A5B
:10A43C001051CC27E69A463A82C14957C3C70A4302
:10A44C0086430D3498438443F00A444AE68E442AEA
:10A45C00E5000420841DCF27FC2496C540A5841D4F
:10A46C005E15C09089B5C00810A002440454EC04D9
:10A47C00E08806847C0C16358B67A0610234C457C7
:10A48C000835E0880E45FC044C62FC140664FA0C9A
:10A49C00893DE088066490054622E08CA33DF18C52
:10A4AC0040248E55E40808C0C5470B74C4C7395105
:10A4BC007C040415484A9B21C237669EE68A449A5E
:10A4CC004A6A084104C3E696E69E441ACC174747ED
:10A4DC00822108C3C3270AC30D2482C342CA84C382
:10A4EC00421AF00A0210E68ACF17E5008465823D15
:10A4FC00823DFC14C09040A5C0085E35A11BBE1463
:10A50C00001582551114E0F842A2A2A3111EFA0400
:10A51C00BE1E831190AB111483AD93249FFC29288C
:10A52C00D0F10111E0984015F07C0C0CC1C3DD9307
:10A53C0060AC001500258141815160A08185843477
:10A54C0006CDC5C4FB3046321C004850855D825197
:10A55C004045FE15DD93E0B8F87C040C60180265EC
:10A56C008E35A32BE04C02559465815D080406C41E
:10A57C000C25E08888637C106C040E00804B838172
:10A58C00E0880624FC0C183586AB03F5F8040C9512
:10A59C001895C497959DFC24879D82A502A582657C
:10A5AC0016A4E0B4F7B7E17C8EBB16A3949D8BA7E1
:10A5BC00A38B809588BB82750C6002810E70EC10A9
:10A5CC0092AB6C048A8D964B9854F8451855C45729
:10A5DC0081C5FC14040406340C25E0880824FC080E
:10A5EC000655E088804B7C1002C58A3BC42760204E
:10A5FC00E3400219FC081825E686463AE686425ADC
:10A60C0086530421822385274800855D880BDC0056
:10A61C00F07C0C0CC1C3DD93F87C040CEC801EF0B8
:10A62C00E0840015B0F5A11D601C0025E084121417
:10A63C0012738493A17DE0300045AED5875160A0A4
:10A64C00E0601233E696504AACA5913DAC75A13D45
:10A65C00AC25917D0C70092E0045E40C00A5E0B4EE
:10A66C00A041E0D4617C0A44FA8004A4F7570F2E71
:10A67C0004A40A430B47E1A00D4EE1A7E08808644F
:10A68C0060180055FA801624FE2EFCAE54520B5E58
:10A69C000151F09081C5814182616924E02000C59F
:10A6AC001825C4278421FC0848228527866DFA10BA
:10A6BC000FC4FC851223A01D8EC3C02CF0AC4EC25F
:10A6CC005B1C4E229CF5A3CD892D8D2404B09C855A
:10A6DC00FA2DEC04917D9C150D249AC5E18406B4E9
:10A6EC000CC00BA43E1EE404E0880264A8230F1ED9
:10A6FC0082A344278191262360AE462AE088044435
:10A70C008C8B01B10315A6CB6924A4C3821482815E
:10A71C000215C427C417FC08A6C318136000041242
:10A72C00E8000212A29304B3FC058E8D18900B84E2
:10A73C000F14E408E40806B003258994611482839D
:10A74C00C02482610415C4170025FC04442AE024AB
:10A75C008A136686E50004204A12CF278E6DF08896
:10A76C00FE14FAE5F420028A0C3488D585C76108FA
:10A77C00F1B0466286E5A03D60D000057C248CC318
:10A78C0042CA8AC3D107F00AFA800004E692400A52
:10A79C00E68A421A05078401E600021091170603A7
:10A7AC00820D3E04D0A44002C1E00019C404021082
:10A7BC00C1E040110C0CC0F1DD93F07CF87C040C72
:10A7CC00EC401EF060A80015007581410025E0AC3E
:10A7DC0000A5E0B0A31D60A0884E9C4E8313843569
:10A7EC008DF383339CC48254FC100A559C5E9853A1
:10A7FC0088C4C0547C100A55985388410254885E12
:10A80C00F18448A21870234D4C70E4100855DC00FC
:10A81C00DC005050608806447C3E8E6BE088161439
:10A82C00FE0C0C9582A17EAEA2A309138AAB3EAEA0
:10A83C00897383337C2C14A5CD84943B1493B093EF
:10A84C00F19E86ABBEC4FC840254FEA4C4C78A83AA
:10A85C000EA08EC3489AEC0400D8E01C0E10A00089
:10A86C008F13EC0487738333E174D934AE33D594EE
:10A87C00F13E9233182040548875E41060880E44E1
:10A88C000C85846B06A07E1C0913E404F184483209
:10A89C000614073330ACE0888A9B68007C0C129558
:10A8AC00E9B492AB1283B683F18E949B465240541A
:10A8BC00C447F09C200100A8582240008305F0906A
:10A8CC008A3B046BA00000D8EC0400108333811386
:10A8DC00D9048773D524CD148403A203A0F1F10EFF
:10A8EC00F07C0C0CC1C3DD93F81C040C60A0023589
:10A8FC0002258741463AE0504822E6920630F08025
:10A90C00874DEC0402358AA50804601883C1E088E1
:10A91C00FC100655C4578644FC1408550C0083F5EE
:10A92C000E0464040675E08810647C1C0685E088BF
:10A93C00C477FC207C1C08950875C487937DFC208B
:10A94C008B7D8205028580C5CA7760B48095907D29
:10A95C00806B23CB02C180B584CD8C0B0C0CF825FD
:10A96C00DD93F01C60A00055004581310254E018C5
:10A97C000454608881C5E08C4A4208CB713EF08457
:10A98C00943E84438231103E60A000558B3D984B21
:10A99C00DD93FC95F87C040CECA01EF081312D0DA0
:10A9AC000455AC350445E10404A5E108135EE10C43
:10A9BC00F19456124A12114E0495F1904012611006
:10A9CC000485F1A8585261140445F9AC4CC26118C5
:10A9DC000F1EF980F1A44E1258120D7E2C7FF1A09F
:10A9EC00F1904812B87F0BCEA17DA87F7C4EA2754A
:10A9FC00E08802B4C45709AEFE8EBE9EE0180495E2
:10AA0C00E11C0485E0B404A5FC141275FC041215B9
:10AA1C00E0200455C417C477FC040A45FC1C0A1535
:10AA2C00E1200475E6A2504AF1904812669E4E4A07
:10AA3C00907DB483044598E50C0461241235E088BC
:10AA4C009304FC180A35C4374232FC0C421AF184C8
:10AA5C00924B66928C258E1DC4B78DB4FC2C0805C8
:10AA6C000A65C4070405FC004662E128463AF18CED
:10AA7C009104E6828825823DC4A78BA4FC28080596
:10AA8C000A95C4070405FC004292E12C421AF19885
:10AA9C008904E6828425861D0435FC04C407E13054
:10AAAC00FC0008050A05C407B203FC00E68E400A48
:10AABC00820D7E0480041E058875A90DE0740415B2
:10AACC00E094420A8FC486C5AFCDA0C3C4C78655D7
:10AADC00181588C31825F818F034F8080A15C41787
:10AAEC00C4277C047C080A250A35C437A413FC0C43
:10AAFC00841DA6238C1000000C0CD0F1DD93F07C8F
:10AB0C00060B803B0C0CD0F1DD93F07CFA7C040C32
:10AB1C00EC901EF0827B0B2E0240090E0008E4C064
:10AB2C00E700044066400A4001F599C14265816125
:10AB3C0018C07830C56EEC044265D56C4A63E02CC5
:10AB4C00C966E02CE02C4461FC55A1CB6088020462
:10AB5C007C0EC207E700004000403E0E7E1EE64021
:10AB6C00E4C0123064C01440E6400C308181110EF8
:10AB7C0012058D459921783043389C1A1C1AE81C13
:10AB8C007FFD57FE4002CFFF99217BACF830540576
:10AB9C004278E504690EE81C8F9E9921E02C120581
:10ABAC0041F89C1A593AE81CFBAC400299211E1A38
:10ABBC0054058DAE860B602CE81C4148992111B4CC
:10ABCC000C03ED0C9E1AE05CE81C42A8602C0C03F4
:10ABDC001E1A80AB423899210C03E81C809B608CB8
:10ABEC0099211E1AE81C41C88934FC244222FE44D7
:10ABFC00B42371A492230013402A8E38441AE09295
:10AC0C001144E0920202A13B920B6000600006220C
:10AC1C00EBFC041202323E340006EBFCA19D40001A
:10AC2C009C004090603048030C2690334611828182
:10AC3C008F94E03091BE8DA482088B04E655818DF3
:10AC4C00C8F10101F27C0C0CC1C3DD93E08400441B
:10AC5C007C000A03F0805852E09018C3FD0120C319
:10AC6C0080CD3C04978018C4440418C08615A31DDD
:10AC7C00E68A44CAE50E582A658E442A18C08131EA
:10AC8C00C1006401728C4422DE27E3C702CDA4CF3D
:10AC9C0080F593110A298853E22DE1E08B11805540
:10ACAC0040118803DD93E3901824425A9833E088CE
:10ACBC00E0300635C35DC65780000A06D1944A12AF
:10ACCC008215CB3DE010000B8203C6075C08C03D2B
:10ACDC0004439A0048018501DD93E390FA7C040C4F
:10ACEC00ED301EF01E259B2EB7C4E08899411D4EF9
:10ACFC001E25952E0CC06084B5B4E7901E25972EAA
:10AD0C00992EE080A32EBF24912EBD24932EBB241C
:10AD1C000F2EB9248145812108405926A14BEC0402
:10AD2C001F1EFE95E5800A5060004F06E0081106D4
:10AD3C008191213E161587D5020AFC1CC7FF63FDC5
:10AD4C0048C28C658D1170A4E3904811A11B801A28
:10AD5C00942480E50286C32D4811C000821AC3904A
:10AD6C008265A11B709C44C20425CE17C22DE03015
:10AD7C00C0000236C3904811C01AA55E8205A11B03
:10AD8C00FC20182B0236C22D4811C0002314C3908E
:10AD9C00163B922B006B984B787898AB2134EFFCD8
:10ADAC00255494CB02918C0B087188518E18848198
:10ADBC00F055839D02299F14040AE0348485E3FC3A
:10ADCC00985B15240D2E9D448B2E8921892E97245A
:10ADDC00FE2E8F24FC2E9924BE2E9124BC2E93245F
:10ADEC0040989B240101E800E5301EF0F27C0C0C2D
:10ADFC00C1C3DD93FE7C040CED001EF0848B7C0E35
:10AE0C00955EBB04110EFE4EB704A30BB304BE0E2D
:10AE1C00B1048B0E8E28890E8675972E8171036571
:10AE2C008E039504E390000982D5AD0B8E4B7C0408
:10AE3C008B348924E0200013FE549504BE04BC0E10
:10AE4C00EFFC706882719724FA758F2BE0003998AB
:10AE5C00E0300209B5B49514A10B1F0E02101501B8
:10AE6C001D0EE790C0000046C0385E059B0EBD0469
:10AE7C0081A5B90404200438AD3BEC0480381E35A0
:10AE8C0000004231A12B82110994FCD5E200002A6A
:10AE9C0081A10B7460080D06400A8131962B66A6C1
:10AEAC0040090C06420AC000400AE51E0210E59E4D
:10AEBC00C008640172A84002E807D9178111220F5B
:10AECC00EFD8532866A6446A640000004212C10001
:10AEDC00E30772A8651E462A442ADE174C02659EBB
:10AEEC000630F9844008640140228111D93772A8D8
:10AEFC00962B68078131260FEFD851680000173464
:10AF0C00C100640142121B445E17F2A80434E3072B
:10AF1C00A20F6088A61B0823640106400420400988
:10AF2C00C00964016008488611B48151852581C12E
:10AF3C00A9BB15A4FC10147314958C7E4695FC14B7
:10AF4C0052A260C012A9F1B046A5E3908295E180AF
:10AF5C00887E8C730E7595744475FC141279E0C060
:10AF6C004475E39018C0E18084416C048831082159
:10AF7C00991B88511F24F6D51B44815191B481C172
:10AF8C0060880624193EA41B0F3E8833E5E004803C
:10AF9C006581063008404009C00A67810862851542
:10AFAC00F09452425265A9BB1075F9805275FC148D
:10AFBC004E8278C00EA9F1B0A4AEE240006382B517
:10AFCC00F09452321065A46E5265FC140E69E0C008
:10AFDC005265E24018C0E18084216C04991B8851B1
:10AFEC001104F6F51754FF819F148141004A1B345C
:10AFFC00000CE00C0454E20000146880420AE88063
:10B00C008135E68A82414D8EFEB5834D0E041B14AC
:10B01C008141E08865810610933EC0091BC485956B
:10B02C00E0880A44829B13648AC39FA466010AC009
:10B03C0018C0400AC009640194B4836582E5A1BBC1
:10B04C00E1800CB58265A1BB9834B0B416B4A6B33C
:10B05C00170AF080C0036081800052B56C0414A004
:10B06C0088618891FA55A1AB824117548B4B8E1392
:10B07C009114F4F50A48A91B0368C000C0004001F4
:10B08C006696420A9B34814105B5C4171B5486133E
:10B09C00F0944642C4371364829B1FA40A308A334F
:10B0AC00400A6601640118308365C009A13B9434E1
:10B0BC000C3582E5A13BE180B0348265B63398B49F
:10B0CC00F08016346081170A52B5C00314A08000BA
:10B0DC0088916C04A1AB88611754FA558E13824188
:10B0EC00F4D58B4B1B14874599348141061086137C
:10B0FC00C00965818595933E0A441BC41364E0889E
:10B10C009FA4829B0AC08AC3400A6601640118C0CE
:10B11C008365C009A1BB94B40CB582E5A1BBE180E9
:10B12C00B0B48265A6B39834F08016B46081170A67
:10B13C0052B5C00314A0800088916C04A1AB886147
:10B14C001754FA558E138241F4F58B4B420A9F34F7
:10B15C009944E69686131B340613C41706308833BD
:10B16C0040096581933E81411BC4859513648853C6
:10B17C001FA4C4578AC3829B66010AC018C0400A28
:10B18C00C009640194B4836582E5A1BBE1800CB570
:10B19C008265A1BB9834B0B416B4A6B3170AF0807C
:10B1AC00C0036081800052B56C0414A08861889142
:10B1BC00FA55A1AB824117548B4B8E131B94F4F5AB
:10B1CC008D0581416682424A7FFC55FE139EDFFF4E
:10B1DC000D1E923B59FEFF515FFF7FFD0385FF6102
:10B1EC008C1481918405911B4A60951D58A05C00BC
:10B1FC000275DC00DC004C9092BB191D1C005650F3
:10B20C00FB305812941B965B88310291819D82AB66
:10B21C001394FA358C85915BF1A842C2E1DC030AE8
:10B22C0058A008551B94DC00E08802446088066432
:10B23C00E088165412901213C00A6481FC0C12356B
:10B24C00E9C00215FC2C1295F18C4612063432130F
:10B25C001394F080F08002144A60871D58A01C00E3
:10B26C008A6B9C008131121B458E8135813D823168
:10B27C008D14FEB582631B148263C467024198CEA1
:10B28C00854D8E931B34E8158D35819143FE139EAD
:10B29C00DFFF7FFDFF4106BB7FFD4BFEFFC15FFF64
:10B2AC008191038591ABACA483AD84055C0048C04F
:10B2BC00DC004A10589002750BADDC004C40926BD0
:10B2CC004AA21C008C4BFB14029182AB941B8EB3D4
:10B2DC00FA35859D914B13944C528E450D0AF18491
:10B2EC000855E1DCDC004A100C941BA412C4E08865
:10B2FC00164460881463E088670114A01495C00993
:10B30C000C65FC2414A5EA205262FC2C3463F1A4D5
:10B31C00F0801294F0800C64936D13941C0048C060
:10B32C009C004A10011188CB856D81615084483294
:10B33C00C4040C6040004885D09C421242CAFCF503
:10B34C009B44E682C4179213845E88138831029161
:10B35C00E6B5819D022A91140C28E010C000400132
:10B36C00FF311B6481C17F41136E8B757FB18C5B88
:10B37C000345FF618A9B8111FE1C12A519A491AB98
:10B38C00DC0046A0DC005610FC280A554850915BA6
:10B39C004C105C000211DC00851D925B91BB80A5FA
:10B3AC00916BFA6591BBFA25916B8C8542328C4579
:10B3BC000214F190030AF0808695E1DC02C41B9420
:10B3CC000AB4E088146460881213E0886701129054
:10B3DC001255C0090215FC141295EA204A12FC28D9
:10B3EC003213F194F0800A54F08002148095835D3E
:10B3FC00893D81859F1480C5E6824A6A9813015560
:10B40C00668242BA1B54985BC4178A13848E8A13C3
:10B41C0082C113649F5488618BCB9714420AE8F560
:10B42C0081516686C4179B2454220B85192EF084F7
:10B43C00141B84BB7FC1FF2181E58161919BED943D
:10B44C00469045944460DC00919BDC005C005860A5
:10B45C00DC004890816D8261912B80A591CBFC051D
:10B46C00912BFAC591CB8CC542328C850214F1908C
:10B47C00030AF08086D5E1DC02541B9414BBE088EF
:10B48C00E0880C24E08814C412901213C00A648162
:10B49C00FC181265E9C002157C2812954C1296AB6B
:10B4AC003213F198F0800C64F08002144CCA0155F0
:10B4BC0046CAE0041714E010DC00582002069B2456
:10B4CC008A13C000E682421AC4179813848E841320
:10B4DC00825119248E238EA3835B97149724EA350B
:10B4EC009BB49F14E68A400A00138F341D94C40742
:10B4FC004CB2C41780B370848111091582AB15044A
:10B50C00862B0F3E8C4B163B82031B14679000005E
:10B51C008165815188410251882108319FC488116D
:10B52C008845995D93CB80C884C4FCD5841591CB98
:10B53C005FFD3F2888C4C3FF80F591CB91CB8CC4B1
:10B54C0090C48095F8E591CB801689117C0481D547
:10B55C008924944B00138B349504E020BC0EFE54CC
:10B56C007758BE041B04EFF80F34941B1724821178
:10B57C000E038E631B0E8EB3851B8E331EF0F015DF
:10B58C000C0CE500DD93F67CFE7C040CEC601EF0EC
:10B59C00829B00AB60940034E18402A4820325C436
:10B5AC00602A400A2984A1714202816140C27BB0A9
:10B5BC00A273FA80F398426240128073CB77729830
:10B5CC00E0EC02040E042E1F0B1EE194FA904022B4
:10B5DC0044422E1F211BFB88EFFC43F6A403201CC6
:10B5EC007398426280084C968000101848AA9F24D9
:10B5FC00897EE6AA064406233E5EE1840623CA271A
:10B60C00442A823B84C3E012F29844624E22A0C1C9
:10B61C00CBC7729860EC167438BFCB777FFD45FEB4
:10B62C0056CAC03F802B6408E0000E1AE180420A23
:10B63C001FFD57FE0E06403F5758C0000404EFD4C0
:10B64C00D01761E045FE241FC03F7FFDFFA15007CE
:10B65C0042CA7C9E7E8EE408E008421A406A0B9433
:10B66C000984E028E580420AE188421A6D80420A8A
:10B67C0041FE922B43FE5FFCC03F1FFC6FD44BE896
:10B68C00122B903B4B98903B023BEFD423A4802B86
:10B69C00E028446A06CA21841D94E5FCE1FC061AE4
:10B6AC006580420A421A960B8E1B6188ED80420A15
:10B6BC005FFC45FEC00447F6EFD4536847FE3E24BA
:10B6CC00C03F7FFD89B4A774446284937E84F29852
:10B6DC00442290937C94F298442292A354CA729878
:10B6EC00041AE40C420AE0000406E18055FE400016
:10B6FC00C03F1FFC61E006A450A7D0271403A62F5F
:10B70C004212FFA145FE7288DFFF7FFC640842CA2B
:10B71C00421A8471C7776008E028406AE580420AC3
:10B72C00E188421AED80420A1FFD43FE41FE5FFF95
:10B73C00A11BDFFC0B24824545F8963B0131EFD46D
:10B74C004F188E2B8195EFD48E2B0131EFD44EC830
:10B75C00963B0B24EFD4452843FEA11D5FFF1FFD34
:10B76C00DFFC41FE82E5A11B963B0B24EFD4446821
:10B77C0060F80414240FC5070131C5174D388E2B02
:10B78C0081E5EFD48E2B0131EFD44CE8963B0B24A2
:10B79C00EFD4434860F80414240FC507211DC517C6
:10B7AC007FFD45FE0414C7FFFF31018801880004AA
:10B7BC0080F8021419844602465AA12B409A60283C
:10B7CC00400AE52647FEE18404065FFC0033C00016
:10B7DC00E5A6409A4022953B47FE7280A10B9FFC48
:10B7EC00DFFC47FEF00A403A0C0BA00C0C0CB0F13D
:10B7FC00DD93F67C814101B582414954985DC5C405
:10B80C0080000A06D1B04A52814DCD5E5D93FCD5C5
:10B81C00C1C38101F87C04CC67900A30E6A01830D3
:10B82C0081610F4E4806088B03A5E0242066809B9F
:10B83C0018A3A51B160E40001478D00000011606A4
:10B84C0006A59000F27D0000484A80B554A2E49C05
:10B85C0065AE90AC0831826104C182518AA88281A4
:10B86C00F8D5956D88D5E5AD82418F44885B033161
:10B87C0081C103B578040A699478A51BE08810642B
:10B88C007C200085E0881274FC240095938D8095B3
:10B89C008175809580A5928D78044A71946683C1D8
:10B8AC0082310AA80CA482518D3DFA80A3CDF89563
:10B8BC008101F6C5F07C0CCCC1C3DD93FA7C040C81
:10B8CC00ED901EF0E0841E75A74E9D5EAF2EA13E3E
:10B8DC009E14A91EE0200E05E08C1E85E0881E65D6
:10B8EC00E0801EA5820B250E47F8AD1E1F0EE81436
:10B8FC000E0583C14C05E0180E09EB54DC34E058FE
:10B90C000060310EC00B65419E48AB0EE0200E1B53
:10B91C005C589C284C35A9CF4C21EB50C0026D696A
:10B92C0004C41E044C13E894C00166B16D6D4C4107
:10B93C004C51C002C0026D71E8144B2860180E0502
:10B94C000E29809B90BB604CF0145605E0480E0904
:10B95C0014199BAE81A16034E0900E39E0940E492D
:10B96C0078185601E7F4030A78105631001081015B
:10B97C00027004045641E460904B780CF814562184
:10B98C00E01C0E355001A31E9901604850A1AC0675
:10B99C0050A1E054AB04E058B124AD14EFE074684E
:10B9AC008D51210B2FC490A5B11480AB64010060A4
:10B9BC00047040090165E4A04944823BEC04063064
:10B9CC00A13BC14E1E05FE75A1AB60909D0E96D598
:10B9DC00E0A4180912C5A10B846012806460128067
:10B9EC00E48002C064E004C0E5F006C064010060BD
:10B9FC0008604009C002650166010A6018604004D5
:10BA0C00C00667018DBE8F9E895E8BCEFC6EFE4E8E
:10BA1C00B104BE0EA554A744A904BC0EEFE87208ED
:10BA2C0080AB3114A1AB2FC405E588A5AFC49551EB
:10BA3C00E0701809EE45A10BE074180996F5A30BFC
:10BA4C00A114A30400349D24E44000C0A01146546A
:10BA5C00FC2EFE6E3C1EBE0E2904921B9F24989B4E
:10BA6C0065B8B144210BEFD890858F5192CB00ABC8
:10BA7C0000C0F3D5962B66F06FE443C880AB923BC5
:10BA8C008265A1AB9D0497511EF000AE025EE5905D
:10BA9C000C0C940BDD93F27C028027040460E6709E
:10BAAC0040096401924B963BE02C0059FE1EAF04FA
:10BABC003114A71EFC6EA001992EBE2E8E1B3C1EAF
:10BACC00A324970EEFE0480880AB1D04995121ABDD
:10BADC00239EF69564D10E802B04C0022D14962B58
:10BAEC00A7348E4BEFE06D48A1AB80AB79C58AA52E
:10BAFC0012099D5192CB6070D605A10B60580E09AE
:10BB0C00650004600660C0024004660167010860BD
:10BB1C005B78C0068C1B68109151210BAFC4D0B55B
:10BB2C001809B114A10BE070020BD045E4A004700D
:10BB3C00640106608C1B4009EFFC65E880AB311496
:10BB4C0093512FC42D7EE91566310480A574C00174
:10BB5C00FC2E999400702B2E3E9EE440E17C020456
:10BB6C00962B7717820323340A042F04155EE114F5
:10BB7C0031048E4BE7000200A904BC0EE80448080F
:10BB8C00A1AB80AB0AF660352F04C000AD24963B08
:10BB9C000009A1148F2EE304B0112B248D2EA34485
:10BBAC008B6EB124FE2E899E9F6495243E7EFC2EC6
:10BBBC00BC0E8C5B9724A904EFE04BA8A1AB80AB27
:10BBCC000B4658752F04C00021748C2BAB64963B2C
:10BBDC0000002D940270E7108C4BE4406FE058E8A5
:10BBEC0000AB925B21AB8E2B52D5927BC0000BC667
:10BBFC0008802F04C003649164700220162B849B70
:10BC0C00254E8E3BE7200000EFF47828A1AB80ABEB
:10BC1C000BD64E75120BC0002534961B4CB88E2BD0
:10BC2C0080ABE8044C15A1ABC0000BE61215AF7449
:10BC3C00122BE010A994E03C0E0BB1440E39E188B4
:10BC4C00919EE3208D2E8F4E9F148B1E0070090E3B
:10BC5C00A344E7309B14FE1EA534FC3E041027546D
:10BC6C003E3EE440BC6E963BEFF843A8A1AB80ABE4
:10BC7C005FFC30B8C0000BF663800E19645008806E
:10BC8C00120BC004A534962BEFFC5C684A0600AB83
:10BC9C00DFA5E000FA7C040CEC301EF082AB19142A
:10BCAC00849B1574866B3E5E88BB7C1E604012893B
:10BCBC0047F8941B8E3B6800E044120982E5A60D00
:10BCCC008665A90B8C25AD0BAF0B7CB4100B9A15AC
:10BCDC0061F88E1BA30DEFD88D158C258E45A50B09
:10BCEC00A70B7CB402609695900B64206FDC410826
:10BCFC00A30D8E2B8B3582258E1B100BEFD860A8D5
:10BD0C00A30D7CB43E6492958E1B900B6FD861A8EA
:10BD1C00100B8C2B69B88E1B8C2B6FD8921B140BB1
:10BD2C006FD86D6887B58C2B642002607EF8900B01
:10BD3C008E2B6FD8A30D7CB43E648C558E1B900B50
:10BD4C006FD86008100B8C2B6A788E1B8C2B6FD8DD
:10BD5C000E098565C0056FD184E5A10B67FD0E1535
:10BD6C009704C0016FC90E290E39C005C0056FCDEF
:10BD7C0060090E4BC21EC003E0105615E058562148
:10BD8C00E05C5631E03056436FD85B487CB48E0B88
:10BD9C0080B5A30D8E0B3E14EFD8634898F10101CA
:10BDAC0040162C0E2E0EE0000C0C8101DD93F27C63
:10BDBC00FA7C044C846B028B867B6028A008A2184A
:10BDCC00E810626860581019A204802B6678E03481
:10BDDC00C8176810E0440C199C55A51B4E05E014BF
:10BDEC00C00167DDE0180C0B98349A2467E14E15FE
:10BDFC000C19C0014E03E038C0026FE1E0540C098D
:10BE0C0067E94E254E35C001C00167ED6FC94E1173
:10BE1C00A10B4005603C0C190C2981010C39E04048
:10BE2C004E11E048C0056FCD6FD14E014E21C005BB
:10BE3C00C0056FD56FD94E31B0A5C00560510C0946
:10BE4C0002604001C0036491E08804047C08023560
:10BE5C00F08848124E358463400167F9E08406048B
:10BE6C0060600845065B82338013612068014E4593
:10BE7C008341400160094E530C25C003063BE1BCD5
:10BE8C004E41E150C0056FD167FD4E254E33C001C8
:10BE9C00C003600DE300020960214E010209C006D7
:10BEAC004E01E330C0066025E360020960294E01B3
:10BEBC000209C0064E01E390C006602D0C29914585
:10BECC0006706040E014E470E0104E0508241A047B
:10BEDC004E15E08886436014603C0E59E0841024B3
:10BEEC008C0B100E701500158683400260540CC923
:10BEFC00445A84334815E68A001BE100C0047811CB
:10BF0C00781900495013C008425264004641FBB0F6
:10BF1C0058726A000049F088C0087815EC00461188
:10BF2C00EB004641781100494641C00808246D00D9
:10BF3C000059E084400878090E43C42704708473C8
:10BF4C0040076771677108404651C01106C06E000A
:10BF5C00C0136770815107657C1400C96490106030
:10BF6C000EC4C0031095E08854827C1C8C73F09C2A
:10BF7C007801449512C4400214A5E084909360604B
:10BF8C00612012BB44A5988348B3E400C002780139
:10BF9C00E1BC0E75E150129B4E32497E519CF094DF
:10BFAC0010C982519CC6E300E33010C9E4004EC1B5
:10BFBC00E36010C9E8004EC1E39010C9EC004EC11B
:10BFCC00F275835DF27C0C4CC1C3DD93FA7C040CDE
:10BFDC00EC901EF084BB0B1E80AB2B1481813C5E5D
:10BFEC00866B3E4E8D1EAE04AF74A514FE1EA79438
:10BFFC004FB88F8E1639E810981AE094A53B9A2A00
:10C00C00E0105213E0145223090E8A557401000EED
:10C01C00BE7EC0078301260E85017C0E2D64A18C8B
:10C02C00FA800204940B29748D34FE24E8004D2808
:10C03C0060941619122B940B49988C3B0B64E800F6
:10C04C001629940B8E4B6090E094161968004E885C
:10C05C008D148C3B8904BE748F05FC941619A33483
:10C06C00CC28E0908295C51DC51DCE2800141E65F8
:10C07C008000122600181E15800050C6090E96E589
:10C08C00F084403260200019E47004F0E1200009D3
:10C09C0060805E11E48002F060845E0159788C0B44
:10C0AC00A10BE800008B80E58B64879189048D14CB
:10C0BC000F048955E47004F0608402040C13C40767
:10C0CC00021B80630C05E2485213E02402F0602846
:10C0DC00A60EE48057B8BE648C0B68008B11210B44
:10C0EC0088F5FC1E04F00F04FE14E4700215C4075E
:10C0FC008C036010E024000502F00203E60EE480DD
:10C10C005658BC648C0B68008475A10B8C1B0F04F7
:10C11C0004F02164C207E47002F00203000BE48017
:10C12C005203E0188C0B603CE80055288465A10B89
:10C13C00808B0B648B910D14021B89044418E1A8AD
:10C14C004C03EFE0900B6018C8F11C8E0C0C9E9EFB
:10C15C00DD93F27CBE7E8F048063C207E0180C0B6B
:10C16C00E0385203E0941609C1C3EBB5FA04044C51
:10C17C00843B066B4406027B0C0BE00057B8861B15
:10C18C00A67DEFD0A97B8225AD7B80A5AF7B8225D8
:10C19C0001858695A57B8101A77B8285810184D54C
:10C1AC004C03DA0E020660284C13E10081D5E0380E
:10C1BC00DA0E8101E0284C0360304C03E1000006EC
:10C1CC00E0384C03E03C4C03F2040C4CC1C3DD934F
:10C1DC00FA0C040C847B066B4446028B0C0BE00CB3
:10C1EC0054988E1BAD8BEFD0E00C101AED80420AE8
:10C1FC008000000680704C01A58B82E5012182B580
:10C20C00E480006060704C21E4B002700C0C992149
:10C21C001318F20C0C0CFFD0DD93F20CF83C044C10
:10C22C008C35A51B6FD106090619C005C0056FD941
:10C23C006FC906290659C00540056FCD4811A10BE1
:10C24C004821E0344851E0204801E0249AC5E03010
:10C25C0067F90605061BC001C0036009602D06299D
:10C26C004805C0064813E0100605E0E0C00168016F
:10C27C00600D061B4821C0034805E2804813E040CE
:10C28C008B45E110603C0659F08840326E70001905
:10C29C00E680184081710161E0344811EA700019A0
:10C2AC00E0204811EB700019E0244811E68A425A4C
:10C2BC00EC70000960840414E0880A1410028623D0
:10C2CC0000106C30C0166770677102200450400F6C
:10C2DC00C00B677160304881E5000A40029B8535D0
:10C2EC0050327C181085F08840047801F09854C2C4
:10C2FC0078605493F098521278304A8506858461A0
:10C30C0088217C08E400129B5032558E5493F09C8B
:10C31C0052C278301089F09C82717C000889A48606
:10C32C001084E030917DFA800C4CF675DD93F03C76
:10C33C00F88C040C60384611462181510430603C65
:10C34C00C001647060184653647018300C30C00221
:10C35C0040026671E00C43F6817103257900445567
:10C36C00F09C5062F15CC95E63005071A056827102
:10C37C00E1005051E2005051E4005011E1000E0A6E
:10C38C000430FAD540166771E010180649568145FD
:10C39C00EC0418C0FE95A1CB67F14655040640018C
:10C3AC004655EFF0C00167ED67E946554611C001EF
:10C3BC0040056FD94623881BC0026FE9602D46519A
:10C3CC000C0CC0062438F08CC1C3FFD4F81C040C30
:10C3DC00E0180079E0280039E02000C908700668F0
:10C3EC004A3AEC040049E6920089E0145252601C6F
:10C3FC000059F0B081016024D26D041840C6080EBB
:10C40C008E55E000EC041240E6A6525AD21D9093D1
:10C41C00D96D8C75D11D8C35A13B8AF5A15B8AA594
:10C42C0052C28A65128AF9A088D5F0008895F07DF1
:10C43C008855F44DEC081240F4F4130AE57D86B5EA
:10C44C004E328675A27FF9940E8AAC7F8495F000EB
:10C45C004E1AB013A17BE116B86382F5E10E586A4F
:10C46C008255A1CBE00E406AE016421AE692400AD1
:10C47C00080E82030C0C8101DD93F01CFA7C040C79
:10C48C00ED501EF080AB3D048191255E848B154EE2
:10C49C001630130E3B04E520E0080D068171211EB9
:10C4AC00A30EA99E270EB904650100A01B0EC002A5
:10C4BC00660100A0190EC004670100A0170EC0068B
:10C4CC00640100A01F0EC009650100A01D0EC00B69
:10C4DC008D8581019855A10B78901603AC12945B55
:10C4EC00A734A52472F8A344A10BEFDCA13494F576
:10C4FC0016039D44AC12F890E03016238B4E8C380A
:10C50C00A7549F449744894E9944FE4E9B44FC4E3D
:10C51C00BCAEBE4E7438A544A10BEFDC93448EF533
:10C52C001603A1342C12F890F0A44A426030162362
:10C53C008E388C43E0510F5E094E8B5EE54008F05F
:10C54C009D44FE4EA754915E9F44FC4EBCAEBE4E25
:10C55C0079789544A10BEFDCA904883511048FC4BC
:10C56C000034A30BC0000006C0005835C06058351D
:10C57C00A14484B5160393245058F890E58008C064
:10C58C000423AC12894EFC18FECEA744BE4EFCAE62
:10C59C003C4E95446BD883410271EFD804B188911D
:10C5AC00A2188461E4F5837DE5501EF0F27C0C0C3E
:10C5BC00C1C3DD93FE7C040CEC601EF084AB06B8AA
:10C5CC006010002302149941000B81513E0EE014BF
:10C5DC00E760003041568145EC040840FE95A14BC4
:10C5EC006C0400107FFC49EE3E04CFFFE410414A7E
:10C5FC00E00404DAED80420AEC0400006FF9015A01
:10C60C0040C6400F420AE000175AED80420AE4305F
:10C61C000006ED80BC0EC000800013C8600A402EDE
:10C62C00E7601230E6A01030E502441AE582481AA1
:10C63C000224092E7E4EE184E0FC0044C347201FF7
:10C64C008B4EFC1E2012A535A8348101401AA01D6A
:10C65C00423AC686403AE5820414E5020620F6808A
:10C66C00050A6C80005BE47CFB8C48226C7C0642E7
:10C67C009C004A10688C18544A0081510C341C00E0
:10C68C000E54EC00A6436F8C789C4C62EC04084270
:10C69C00ACCF0B64689008C4483BA75F4D4ACACB2B
:10C6AC004C1AE40C8C3B600C420A7C644D6AE580AD
:10C6BC00421AE430420AE1884052ED804E205098F4
:10C6CC0008F5DC00D28C42420865A12B80000E06D6
:10C6DC006C040E200F0A803B4610E47C02201C00E8
:10C6EC004472EC8400067B840222C0000804EC7CBB
:10C6FC000A146F842223EC00233FA30FF8904852B6
:10C70C00A83F0B146C040422A53F8C03F284423224
:10C71C00FE348924EFCC47280070002B0870E42CE1
:10C72C00010A6C540331E47CFB90480200000606BD
:10C73C00E48000CA6200000CEC7C0A426F9418047E
:10C74C00EC000C54AB3F2A4378B05862EC0408421E
:10C75C00AB0F383F44AA293F471DE400E00C41F6DB
:10C76C00E00C421AE580420AE188421AED80420A46
:10C77C00A11B9EC5BE448EF5F6800024F6800244B3
:10C78C00028A80139075E48064740F0A9C158341AF
:10C79C00BD113E04402AAE13044466820270E88444
:10C7AC0004206408A32FEC04F808460298D5853BB6
:10C7BC006C800610E47C030A461201210416FB8CE3
:10C7CC0002CA4000080CE480023262000A44EC7C8D
:10C7DC0018146F842233EC004AC2A32FA34F789411
:10C7EC0006322A2F272FEC04811188034222075589
:10C7FC00040BF284BE248131EFCC496864080670C6
:10C80C00070A812101E5E47CC00004166408067067
:10C81C00E512402A6592422AE47C070A0406832129
:10C82C000870800006CA6C780A0CE48048326200FA
:10C83C000642FB901854EC7C0C346F8C2643EC00B5
:10C84C005862A72FA75F78B00842382F292FEC0425
:10C85C0042128A034C78F28804706FCC008AE40C84
:10C86C0041F6E7FCA11B000CC00C41F616B0A40667
:10C87C0082916C04848108A102448195867168843C
:10C88C00EF0F820300027F45A1BBEFFCDFFC2DD82C
:10C89C00B0F13C04F67C0C0CC1C3DD93F804040C21
:10C8AC0080CB061D7A0C4C12FB0442321C00582023
:10C8BC00F18446621C004400670FFF01E17C0CC44C
:10C8CC00698C0EC4F89840028403AE0F79084C02B0
:10C8DC00F9304E02A16D8E6F040484F5BF61708037
:10C8EC004662632F4229F18C0424A7CF06C47680BC
:10C8FC000420FC7C4222EC042263F1846D3FA30FE4
:10C90C000335841BA31D860341FC04241FFC41FE3C
:10C91C000275DFFFD088400260010606C307600085
:10C92C000210062FA40FEC04941E900EF0040C0CB5
:10C93C00C1C3DD93FA7C040CEC701EF0889B1D3493
:10C94C00826B00CB5022062D5890FA0C52001C0022
:10C95C0021049C00FB084632718C54829C004C5084
:10C96C004A107ECE0D0E9C001F048C1B095E942B6E
:10C97C000B0E868B4378980B007BEFCC7F0182BB30
:10C98C007CAEFF1142F8942B09A4EFCCE17C04643B
:10C99C0078884002F8884212B61F2E0F56023E6E5F
:10C9AC004E12F0A44072F2A842727928820FF91844
:10C9BC009835A10DE17C0274F08440B2728444720B
:10C9CC00441FC20F40F8902B211BEFCC0014BFC1A9
:10C9DC00811156809C0440009680000484800000E5
:10C9EC00EC040C0044627C840020F1A0050A6C80ED
:10C9FC004822E47C42B07B8000429C0056706C7CE8
:10CA0C0006149C000A046F804652EC00A1BF788C7F
:10CA1C004EB27EB447F6F98CB0C3600071A04A32B6
:10CA2C000B0AA0435852647C1EB5FBB0965B000405
:10CA3C006C041042EC7C08C240000A06EC00144462
:10CA4C006F9012541014B17F40A2688002B4F8A405
:10CA5C00A8C3689000C2201F211FEC04E89000546A
:10CA6C007C7C0214F1884432EFC87BE803D5900338
:10CA7C00F29C4212FF01238D020682F560006001D8
:10CA8C00E0FC0074C37743B7B60F02AF79A84272CB
:10CA9C00EC040C807FA781A57FFD43FE0121DFFF05
:10CAAC0042229403906B7284880E8B240D048A1E90
:10CABC00806EB8F1F27C0C0CC1C3DD93FA7C044C93
:10CACC00887B0A6B76801424E00048C6B443195165
:10CADC00090A34534A42E47C81C17B946C7C085231
:10CAEC009C00580000000006E4B012106F9002C4C5
:10CAFC00EC001644788442B22853A90F0252A20FBC
:10CB0C0086A36C0468840204E89000C46FC85B08B8
:10CB1C0081818131FF213493849D1E1E82859C0E60
:10CB2C00128A189E8A55E0FC6FC87428ECF80490A1
:10CB3C0051E60525322BE000050A803B4610E47CCB
:10CB4C00C1111C004222B2130412FB840834EC7C89
:10CB5C00813168881C004600EC000A246F88003480
:10CB6C004052A413204FF880EC0400126880024459
:10CB7C00E88800349E1E9C0E0C4C988EDD93F27C43
:10CB8C00F87C040C887B52C4F0140E65E682521AB1
:10CB9C006090580A041683C1A16B400044C20DB4C6
:10CBAC0012249188423AA32B8FA4E6860824118480
:10CBBC0019C49B808088084410904E72E088081439
:10CBCC000A70147E2C5EE41017649071F0904A7217
:10CBDC001490285E0A94E40C12A460887D97E17C82
:10CBEC00F0945672F97112A3708452B2209E8EAFDB
:10CBFC00103494B31204608854B2E08850B270A020
:10CC0C0018AEF0A4303E9033E0E0440A0206133430
:10CC1C009524C000C000461586018295E17C18045D
:10CC2C009803FDC780838E0F8A83104390130C4E9C
:10CC3C000C0C881EDD93F07CFA7C044C88AB027BD8
:10CC4C00617C10741003866B527284BB509FF2A0EF
:10CC5C00100BC08F6C78921BA11BEFC8D6800014F0
:10CC6C009C04400096800004848000006080010ACF
:10CC7C00EC8402008255A81E41FE7F77DFFF7FFD0A
:10CC8C0081010073A80E987E561B85158203902B8C
:10CC9C006C800200E47C010A7B844002C000040624
:10CCAC006C7C02029C0050906F840424EC000614EF
:10CCBC0044322203238FF888EC040002A17D248FD8
:10CCCC00E8800084D18000040C4C980EDD93F27C3B
:10CCDC00FA7C044C827B0A6B617C0264E17C0674F6
:10CCEC0081A10243586211B40603F284F90450C2C4
:10CCFC00728C4A725842C60FC65F7904E5B2420A7A
:10CD0C00E532465AE5B2485A428A02334842E502B5
:10CD1C00528A72A80613E582E522465A72A448424A
:10CD2C00E5A24A5A708C5042E532400AF2A84852A9
:10CD3C00F99046828E85A13B06440F2E4A82E17CF7
:10CD4C005842F08C07CBF28C06C4C6CF90CB5680E1
:10CD5C00990C4A529680065484800630EC040A30B2
:10CD6C00E47C0B0A1C005840EC8408307B904A523F
:10CD7C00C0001006EC7C08526F901284EC00144436
:10CD8C0052A229CF2853F8A41216B2CF0A5260042B
:10CD9C002693EC04E89414C4922B298FEFC86248B4
:10CDAC00B41F0F2481A1300F01E584B3A11DB2B3D0
:10CDBC0056B2026504B39088E0FC0614C31743070F
:10CDCC0016B0260F21BDEC04E00004B21FFD43FE9B
:10CDDC0041FE5FFF048ADFFCFF8160FC603880F558
:10CDEC0004206FC845E6ECF84E6FE000F18048A2D5
:10CDFC00906D13544040154446A29C004230F3847D
:10CE0C00961E9C00902E940EF27C0C4CC1C3DD93AC
:10CE1C00FA04044C807B026B811158046BC804F635
:10CE2C00581881310404EFC8C21761FC7C7C0004E3
:10CE3C008403A22F7C7C02040013FF077001000EF8
:10CE4C00411DCFFFE1C000140000581E803F0FFDB4
:10CE5C0045F65C144022C3FC009AD180C03F634D60
:10CE6C00200100F8DD1740006D8D0000401AC03E17
:10CE7C00871166826686400AE0144306009A8FA5E5
:10CE8C00C03F61C9200100E80000C000C03C6F2D0C
:10CE9C006682401A400A8711028666868D95E030BC
:10CEAC0061BD009A00E8C03EC00020016D75000015
:10CEBC00401AC038871166826686400AE080038675
:10CECC00009A8B85C03C6071200100E80000C00016
:10CEDC00C0306DF56682401A400A8711038666865B
:10CEEC008975E12861C9009A00E8C037C0002001AB
:10CEFC006F290000401AC024871166826686400A9A
:10CF0C00E2540306009A8765C02F6149200100E8AE
:10CF1C000000C000C0166FC96682401A400A871113
:10CF2C00020666868555E41063F9009A00E8C02273
:10CF3C00C00020016D590000401AC00A871166829A
:10CF4C006686400AE62842060721834562D9009A84
:10CF5C00421AC012400AE68A400026872959430625
:10CF6C000000C00080022DB92686400AA8240206C3
:10CF7C00E086400AD1800004F2040C4CC1C3DD935E
:10CF8C00FA04044CE0300229E090440AC000000688
:10CF9C00C0004205842480F50416A12B4022800099
:10CFAC00442A9180E4500C108171230BC427811109
:10CFBC0090884C626FC86C08987E8C0BF2040C4CF9
:10CFCC00C1C3DD93FE7C040C6C611EF0133EC001EA
:10CFDC000E09807B8121604C60BC5E255E25886BD0
:10CFEC0081A160B40AF01D0EC00164515E25DC34D1
:10CFFC005E25E0AC5E25E09CA13B608C06343F2EA8
:10D00C005E25C1545E25E1045E25E1005E25E0FC51
:10D01C005E25E0F85E25E0F45E25E0F05E25E0ECB0
:10D02C005E25E0E85E25E0E45E25E0E05E25E0DCE0
:10D03C005E25E0D85E25E0D45E25E0D05E25E0CC10
:10D04C005E25E0C85E25E0C45E25E0C05E25E0B844
:10D05C005E25E0B05E25E0A85E25E0A45E25E098A4
:10D06C005E25E0945E25E088BD2EE084443ABB2E1C
:10D07C008731468E800C0E25E0500E090424971E35
:10D08C00A32D8138C40004068121192E9314982EE7
:10D09C0060204231042E8131E7C002F004F00D1EF5
:10D0AC000B2EE7D0E7E002F004F0091E7E2EE7F02D
:10D0BC00640102F07C1EC001641104F03E2EC0011C
:10D0CC00643102F03C1EC001910E832197449D14E3
:10D0DC00EFFC5588E1141E05AB0B8004E008001A28
:10D0EC00ED80420AC0003C58E10C1E05A10B8004E7
:10D0FC00800000B680004C0580003BB8676000F0F3
:10D10C0064400AF00D0EC001E77000F000F00B0E49
:10D11C00090EE780E79000F000F07E0E7C0EE7A091
:10D12C00E7B000F000F03E0EC001642181213C0EFE
:10D13C008131110497449D14EFFC5248E1101E05F7
:10D14C00AB0B8004E008001AED80420AC1141E05E6
:10D15C00C0000005C000342861081E05E58008F0F9
:10D16C00610C1E15E5700AF08004813181110424D4
:10D17C00EFFC4A6806F03314B104E5307C3EAF2472
:10D18C00E54006F0804B3E3E825B3C2EEFFC5A287D
:10D19C0081611B7E2FB891540E09E0008111604013
:10D1AC00E09C5E15E0885E1540003D1E1E05F3F800
:10D1BC00AD0B60F4E0985E15E0945E15E08C5E15A6
:10D1CC00E0845E15BB1EBF1E88F5956E60F01E35A3
:10D1DC00E7100CF018F00044AB14E6C07C6E8C30F9
:10D1EC00E17C0A44A904BECEBC3EA724EFFC572820
:10D1FC0060B41E15E70006F060B01E051E258C4BB2
:10D20C0051B8E0C41E25EFFC1E35E0DC1E05E0D84D
:10D21C001E15E0C08195E0C4E0F01E15E0DC1E2573
:10D22C00E0D81E358410800408F008240C30E5C0CA
:10D23C00E5B00AF0EFF87348819101810E09A9D588
:10D24C004000E040AD0BF3F81E358A750CF060F829
:10D25C001E05E71018F060FCAB14E6C0FC24063188
:10D26C00FC200045BECEFC6E0A442904A724E17CB8
:10D27C0052F8BC3E1E15EFFC06F060B41E05E7002C
:10D28C008C4B60B0E0C41E25EFFC4D88E0E41E25FD
:10D29C00E0E01E35E0C01E05E0C41E151E0581D55C
:10D2AC001E15E0FC1E25E0F81E35E0E40005E0E06C
:10D2BC000211FC200425FC2408F07C200631E750E8
:10D2CC000AF07C246EB8E7401E25EFF8A32DE0D4BD
:10D2DC00DC04809582C5A10B60D01E1508F0840B70
:10D2EC000AF067501924E7406D989D311E25EFF820
:10D2FC001E35E0D408F060D00AF0E6A083016690F9
:10D30C006FF87DE80E0981114000E040AD0BF3F899
:10D31C001E358AF50CF061001E05E71018F061044B
:10D32C00B314E6C0FC240631FC200045BECEFC6ED6
:10D33C000A443104AF24E17C4CB8BC3E1E15EFFC12
:10D34C0006F060B41E05E7008C4B60B0E0C41E25EF
:10D35C00EFFC4748E0EC1E15E0E81E25E0C01E057A
:10D36C00FC200245E0C41E15FC2404311E05831567
:10D37C001E35E1041E15E0E81E25E0EC0005E10079
:10D38C000245FC200411FC200631FC24282BFC2433
:10D39C00E73008F06FF86848E7200AF0A58EA39EE6
:10D3AC00A10BDC041714842553388E0B1E05EFFCDF
:10D3BC00802B60CC60C81E15E73008F067200AF09F
:10D3CC0066D89D311E65EFF812F060CC1E35E74033
:10D3DC000EF060C8FC9EE6E00A643E7E1E15E17C01
:10D3EC008C4B60ACE0A81E05E0A41E25BC3E9F3E05
:10D3FC0046F8A15E1EB5EFFC1E85E0BC1EA5E0B88C
:10D40C00961BE0D06D38900B942B6FC4E00002CAD1
:10D41C00E000021A670500EA420AC927421AE580B1
:10D42C00420AE18882A5ED80727D100681014002DE
:10D43C0060B85E855E0581A181B160BCE0D05E05FF
:10D44C00609C1E15E65006F006F07C3E3E3EE66003
:10D45C001E05904B965B6098E0941E2566B8BCAE9A
:10D46C001F34EFF8FC9E8C4B1E15BE7E1E05E0BCD7
:10D47C001E25E0B8BC3EE0D042B8A1541E35EFFCEE
:10D48C0018F060D07CCEE610E62018F01E15BECE4B
:10D49C001E05E08C1E25E0881E55E0841E45E0BC70
:10D4AC00BC3EE0B8EFF8648860A41E35E5D018F0F7
:10D4BC0018F07CCEBECEE5E0BD04BF141E55BB24D7
:10D4CC001E45E0ACBC3EE0A8EFF86368A584A394CD
:10D4DC0082919B749D0488812B28930B3944DFFC2B
:10D4EC00E5D00CF00EF03734FC6EE5E00A443E7EDD
:10D4FC00BF14E17CBB24BD047EB8BC3E7C6EEFF84F
:10D50C003E7E81313F148341BD048151BC3EBB241E
:10D51C00EFF8612881513904BB94B7143D44BF34F2
:10D52C00E9840404F6800C24376EBE61F1844262F7
:10D53C006C800410E47C030A7B8850129C004A0027
:10D54C006C7C0E82817C00046F9C0254EC00047491
:10D55C0054220C9D1604F884AE83689C82A5A55EAB
:10D56C00719844926238880B861B6FC4823B004BC7
:10D57C008C9B3D4EBB6EBF3EB4BF379D148202F5F3
:10D58C000490EC04880B6C286FC46128004B861B3C
:10D59C003D4E9591BF3E823B2524BB9EF98C40426B
:10D5AC0002B4210B0235E8A8E89C00248341012138
:10D5BC0083213F2E81313D2E6FC445A83F1E882B01
:10D5CC001E15B2630EF0609C1E35E6601E25E098B9
:10D5DC003B6EE094E6500CF0860B3D0E864B7C6E59
:10D5EC00825B3E7E7758BC2EBB34EFF8BE7EFC6E61
:10D5FC00E09C1E15E0981E05E0941E25BD44BF540A
:10D60C007678BC3E1E35EFF881716098E09C1E5513
:10D61C00E08C1E1560941E35F18C487273944A721E
:10D62C00E61018F018F07CCEBECEE620E0881E0581
:10D63C00E0841E2557F8BC3E1E65EFF8FF01608C98
:10D64C00E0841E851E95806D0C0640885E758000FA
:10D65C008C1B008C00885E751206902B5A7880000B
:10D66C00920B6FC4E00002CAE000021A640100EAE7
:10D67C00420AC100421AE580420AE1888225ED8007
:10D68C00608C5E755E05FF0181A16088FF0103055A
:10D69C00E044108A048082F5920B6C406FC4588869
:10D6AC0081A18C1BE08C5E15E0885E0591549B7407
:10D6BC00210185553003E1114402B013010A7B842A
:10D6CC00121BE47CEC7C0022400002069C005260A1
:10D6DC006F800614EC000804A19F202346421154CD
:10D6EC00269FF88CEC04042200141B74259FE88000
:10D6FC005E0581A15E95E0889564E08C1E259334CF
:10D70C001E45E104026460F81E35E0888613610052
:10D71C008261460E1E159DC400C4E0FC98336088DF
:10D72C008013002361045E251E2598435E35E0F4CA
:10D73C001E35E1005E15E0F0882160FCE0EC1E1562
:10D74C0060F45E251E2582315E45E0E4801360F8AE
:10D75C00E0E81E4560DC1E055E3580231E35E0F0DA
:10D76C00984360E060EC5E151E1588015E25E0D8DC
:10D77C00983360E460E85E455E35A121821160E07B
:10D78C00E0845E25E0DC5E05E0D85E1510688B6BEE
:10D79C001304DFFC01B5811141249801EC040A50FB
:10D7AC00454A9E34040CE40C8413E200FCD5A15BC6
:10D7BC00E0580E091E059334811D6114E200040C1F
:10D7CC008EAE8C2E4611800489116024A50B9324F7
:10D7DC00C0000266E0204411A50B17349314864553
:10D7EC00A31B8414CE1480E5E094424A00300E252D
:10D7FC000E198430AD1BE040400C0615C4300030CF
:10D80C00AB0B8AF5800C06059C940004800C460535
:10D81C00E1101E05A51B80140E1982750410E04042
:10D82C00A11B6C18E40804DAED80420ACE1488F5CA
:10D83C00E0440E29F0C042104410292BCE2EFC04DB
:10D84C00800480F54210A50B46159C0CCE14800C60
:10D85C00E094420A003082058921643091218125AF
:10D86C00801EA41FE0500E09420193141EF0E02804
:10D87C00C0016461F67C0C0CA31BDD939314FA3588
:10D88C00A31B8414FD45F4A5FA7C040CEDF01EF0EA
:10D89C00829B233EE0981E35A50EAB4E0619A73E83
:10D8AC001EB5E0900089E0A88013E048607002612A
:10D8BC00AC1E8111E0105615E04C0019A91EE6248F
:10D8CC00605000A9E080440A975ECE78241482E56B
:10D8DC00E084441A020CA11BA41EE200A0000078F4
:10D8EC00921B0101EFF874E8440AE6240016E08864
:10D8FC00429040007458DC0000F0CFF80AF06560EC
:10D90C000D0EE5D0E59000F000F00B0E090EE57061
:10D91C00E5A000F000F07E0E7C0EE580E5B000F096
:10D92C0000F03E0E3C0EE5C0291483210C3B940BF9
:10D93C005278924B6604EFF8E1318111E08C400A89
:10D94C00C0741E05C00040151205A7440819C00C70
:10D95C00860FE0942554E60EFC1044101FE8AB2B08
:10D96C00159EC0001C08A16DBB04C000A50B800453
:10D97C0080001F5860A01E051470C8770025E44075
:10D98C009404E010FF0100230024802D520AC1AC46
:10D99C008215C12AD707A40B400AA00B1200E1AADA
:10D9AC000A09EC04400AE0644420E094400713FDAB
:10D9BC00C0C0069440281E25D988463240084435FC
:10D9CC000A19AB1B08258068AB34E018529223145B
:10D9DC000C2490848418E120A71B52180629821568
:10D9EC00851BE02C062984158175E028E024062986
:10D9FC008235851BE0200629821102214C2A9F1EAC
:10DA0C008135E69A9F1E83118825A16B02641F2421
:10DA1C00832DE08408158685400A60209D6EE08881
:10DA2C00E6A2461A84D59B3E403A9F24813166A2D9
:10DA3C00600A442EE17C02047758932E0414EFC044
:10DA4C00A12BE1940C248E2587E5F680AC0E890180
:10DA5C001F04B155E194023476800214E0004406B0
:10DA6C008EBB1F7476800004E5E00AF000102023C2
:10DA7C00192EEC183344802D91884202088400340E
:10DA8C008414021051804222C000045600342D34FC
:10DA9C00400AC9044222669EBD1ED1848C3090245B
:10DAAC00E09A400AEFF46FC8AD14BD04407E8406C2
:10DABC00930EE01E04048DA506146194A62FE0ECD1
:10DACC00F6800C240460C061804B6C14647C050AE5
:10DADC0048108EBB02601C001D74EC94FB84422227
:10DAEC00EC7C0612688C0A444800814118341C00F6
:10DAFC000044EC00447A6F8C40C2E6AAA6137880EE
:10DB0C000012205F0254EC0400446880442AE88C24
:10DB1C008131669EEFC06728802B2704AB2EC0088E
:10DB2C004E62A31E840B71806FC075E81D648E2B32
:10DB3C000014A11B0004D68000009680AE038480E4
:10DB4C00E080010AC0541E05421682952B04E000A9
:10DB5C00F1804412A314A12EEFC07468A273A11417
:10DB6C000AF03344AD14E5E09024BD7E8E1B0430E6
:10DB7C00EFF4696846061F24BD04E0000424AD14CC
:10DB8C00A433F680993E8406609C1E0525549EB1F4
:10DB9C00A74481C1406AAB0E926B669A93B5910E05
:10DBAC00F0844492040CD52D0A29E200A40F606481
:10DBBC00FBFC000A444A80858665E090E17C0664A3
:10DBCC000663963F956D943B40000606E08C440A34
:10DBDC0040541E350464A6634422E0880420D08C93
:10DBEC00C00904019090442284A0042084738824EA
:10DBFC0082110261F4B5838BFBFC000A0A0980C513
:10DC0C00404AE06498A5E09000741B141934E09429
:10DC1C00E0880AC4A203B744F0800404E19402240F
:10DC2C00F6800214EC1802104212823D0424918CEE
:10DC3C000210088442328414065651840424C00015
:10DC4C00423249041F34D1849D04A10D442ABD1EC7
:10DC5C00B134E68EE082402A7C14082506318A43D2
:10DC6C00215EFC30D18000040AF023CE6178E5E01F
:10DC7C00A3C4EFF4BD14B10480169803A744A554B3
:10DC8C00E0640A09E084404A93048885B544A124E1
:10DC9C00E69E400A847B2F34F6800204A41D1154A6
:10DCAC0080000206CC080210A30F3D1E7C1C082528
:10DCBC00400A8E430AF060160631E5E05EF8FC304F
:10DCCC00A3C4EFF4BD14AF0480169803A744A55465
:10DCDC00909302C181CBA90440000E06C00002063D
:10DCEC00000662559714C0000A49B9348408E05400
:10DCFC008C248618E682401AE4040220E692480A34
:10DD0C00891B8C1E3B0480D5801E85118365953440
:10DD1C00A12D1534A10B84750A2984250424E04017
:10DD2C00040AFC008255F018E182401A1E05A10B72
:10DD3C0002560074401580000A098000400AE06415
:10DD4C008285E0808014BB040615A51B4210800C54
:10DD5C0046159C108311000C1EF0801E0C0CE5F077
:10DD6C00DD93F27CFA9C040C605000190029826B44
:10DD7C0081C1604C0A1090CE0E14640C0059E088DE
:10DD8C0052506064C00173F06686502A48C5927385
:10DD9C001280E010C487640C73F15290907341FFB1
:10DDAC0060844A0A10069273404000014C859071C1
:10DDBC00529240044E7290A0100610A44CC58000E4
:10DDCC00127400044A0AE188B28F60800E741A8EB5
:10DDDC0010848084A8711CC400044C85DCC01084A1
:10DDEC0040044C8560440E8A08A5C018800000666B
:10DDFC00E040007986D5EE7DE00C1036E49C504A6C
:10DE0C0000898635F38DE048007604C506898000CC
:10DE1C00FC8DE02C068982B5FC8DE02406898235C8
:10DE2C00FC8DE028063980B5FF3DE02001358215D8
:10DE3C00930191010C0C900EDD93F29C604400094F
:10DE4C0018CEE0274C25A22F2B0BE010FEAC01F6D0
:10DE5C008101580E000001065A0EAD7BDC940004C3
:10DE6C00400C4C05E0804A4A40000006DC00426051
:10DE7C00CFF848888C1B0301F29C0C0CFFF8082887
:10DE8C00FA3C040CEC201EF0829B006B0E603E2EC4
:10DE9C00088BEC043C9E86AB012181010141893148
:10DEAC0056988E1B8C5B6FCC82B5A10B81013EAE5C
:10DEBC0081213C9E814111318C5B0E1BEFCC55C8EE
:10DECC0080A5A10B0C0C90F1DD93F23C81013E8EF0
:10DEDC0081213C9E814121318C5B0E1BEFCC54C8BF
:10DEEC000C0C90F1DD93F23C8605A11B880DFF41D3
:10DEFC00C1AC0804C106484AD190481217800804E6
:10DF0C0073FC40000844C0070840812C424A84043A
:10DF1C008816E18681010C0E5D93DD93E008409636
:10DF2C00FE7C040CECE01EF0886B00BB60181689BC
:10DF3C00067B844B04F082AB06F064D0094EE4A05F
:10DF4C007D38880B901B6FFC64C004F0E49006F0E5
:10DF5C00901B140BEFFC7CA864B004F0E48006F07A
:10DF6C008E0B0B7E6FFC7C281E09901B98B160D029
:10DF7C0060C01E39E084048460B01E5942079623A9
:10DF8C00EC080420708042B20010C2374EB26C080C
:10DF9C00570DF08C4257849B9C0052006C0800700B
:10DFAC00F09446B2845B570D1C004A00EC0800301C
:10DFBC0084CB570D58001504FC0E9C000B048904EF
:10DFCC00130481ABE000541AED84400A9104BE0E98
:10DFDC0081013C0E9195FE0E8AAB0F8E8E5B048AEE
:10DFEC00A40A8D9E8994FC74400AB0030F2A669E85
:10DFFC00C0086400521A8B740E00601CC0046400CC
:10E00C00400D4126D7774000400D5E058C9B4000AB
:10E01C0020000188A0000C06B00A8C6AAC03BC443A
:10E02C006692400A6400091A4926C008C000200DF7
:10E03C00200D5E4500004000C00464018063D707DA
:10E04C0006258E8380000E06824B147ABE14A80A15
:10E05C00400AAE03031A6686C0086400200D4326EE
:10E06C005E15C0004000200D640100005707C0047D
:10E07C008073881B7B800064FB800C847A804C62EC
:10E08C00E40800107B800274E408411A7A9842126A
:10E09C00591C926B4200961B00503C00411AE4083C
:10E0AC00967B64084E000D440030BC00963B64081F
:10E0BC006408411A4600969B00403C000F84E4081B
:10E0CC00E408411A3C005200E40800A06408411A1C
:10E0DC004A00965B00C03C00411AE40896CB6408E9
:10E0EC003C005800EC041080E000101A3FFD37682B
:10E0FC007E04C3FF0C0CF0F1DD93F67C71884412A6
:10E10C00E1F582338401C20700045D93C1C3FA8038
:10E11C00FA00004CE506440A6586400A0420811189
:10E12C00C200640172844002E1CC082460B802048D
:10E13C000624DA07A04F61C879844432FC7C004481
:10E14C006010020675988131084CEFBCDD93F2002B
:10E15C00FA04044C802B046B4E96212B82C5E008EC
:10E16C0060C80014E1840624DD17060381310171B7
:10E17C006FBC7448F29C42128E0B980EF2040C4C3D
:10E18C00C1C3DD93E506440A6586400A042081116B
:10E19C00C200640172844002DC07E527A40F5D9382
:10E1AC00FA00004C822B4207811104017A80000492
:10E1BC007B9881310404EFBCA22FE1A041FEA12B7E
:10E1CC000004DFFC084CFA80DD93F200FA00040C2A
:10E1DC006FFC7A080264846B8203E184E01A400AC3
:10E1EC00F2000C0CC1C3DD9369294386441AC001AB
:10E1FC00401AE50281116582640104204002C200CC
:10E20C00E52772845D93DC07C1C3A40F043483310A
:10E21C00A33F6888422A82218013E68E00145D9306
:10E22C00C1C3FB80FA04044C847B066BEFFC77289B
:10E23C008461C267FA800264E69E421AE502441ABF
:10E24C006582401A04208111C00864017284400266
:10E25C00E807D9270C4CA40FDD93F2048111210B94
:10E26C0000008465040E6C044602FFF0A13BF80824
:10E27C0041840004C40402100214FE3500047B80A7
:10E28C00D017FA805D93A01FFB8000147A800204E3
:10E29C00A11FD10700105D93C1C3E404FA00004C28
:10E2AC00E502482AE5824A2A6506403A423A882B1A
:10E2BC008A3B6586EFBC738860010406813142009D
:10E2CC0042128403F907728C60900414240FF9171E
:10E2DC00850BFF211FFC41FE41FEA11B084CDFFCFE
:10E2EC00DD93F200FA04044C866B211B81710A4504
:10E2FC0088E5A12B7E81060E481A40004A0AE50AE1
:10E30C00400AE50E461AE58E1854658A5607E1D484
:10E31C00E1840244003420CF5657E0FC0434A01FA3
:10E32C00401261844222F094882B72B0EFBC666874
:10E33C00850BFF211FFC41FE0165A11BDFFC41FE8B
:10E34C004E960101180EE0080C4C8E0BDD93F20476
:10E35C007FFD47FE860DC03F00000602083EA11B54
:10E36C0080000206409C0634C1840814509046324A
:10E37C00423A810140964006881E8008C1C3DD9355
:10E38C00FA00040C8A25A12B0A0206130614E000DD
:10E39C00030A7A800830F47C81116C807B904632C1
:10E3AC000032814148506C7C0A069C0018440000E5
:10E3BC000C04EF80A0336C0078B05862214FA15F41
:10E3CC00E18400240632385F275FEC044252880354
:10E3DC0081317284EFBC6128F2000C0CC1C3DD9357
:10E3EC00FA00004CA12B003BE506403AE586423A88
:10E3FC000620826583416C048131274F6F38880376
:10E40C0042126FBCFF21F28C41FE850BA11B1FFC3D
:10E41C00DFFC41FEF200084CC1C3DD93FE00044C4E
:10E42C00A32D003BE406403AE486423A0820867568
:10E43C0083316C0468900834211D81C1E17C0A444D
:10E44C0071904CC2E8880434739458C2DC00486064
:10E45C005C004AC042528803062472845078E17CE6
:10E46C00034AEFBC021AE00000EAE000420AE000B6
:10E47C00421AE580420AE18880F5ED807FFD41FE7D
:10E48C000C4CDFFFDD93F60006067F21E0006001F7
:10E49C00E008434AE008421AE40C416AE580420A6B
:10E4AC00E188421AED80420A000100060C4CE000A3
:10E4BC00DD93F600FA7C044C866B044B70900809D3
:10E4CC00082981511210788C0839E60014107884D0
:10E4DC001806E4C0FFF857CE4E461A265856E000F0
:10E4EC00DA36818189A58F4EF0A04042E0400019B8
:10E4FC008AA5A11BE06000198A25A11BA11BA41AE7
:10E50C00081988C544627C204411F0A00019E01061
:10E51C004411E0200019E0304411E0400009E050C3
:10E52C004401E060A42AE070AA14A804E184062443
:10E53C00813106036FBC5628F294421242620F449A
:10E54C00040EF09C120B815181F5F820F0A0406272
:10E55C00E0104051E0304051E0504051607040516B
:10E56C00F09C40628101005E71AC4262040C8281BD
:10E57C00EC0816B088710491B18B90A18101ECD597
:10E58C00F27C0C4CC1C3DD93F87C040C060006280D
:10E59C006001E600E610081065100A1059C6F81163
:10E5AC0081616000027983F5A17BF820847884A5D1
:10E5BC008445A17B8084947406AB8294107AF820F5
:10E5CC000CBA8E83F2985292008E829E46A38EA332
:10E5DC0082B1782002C18CBC044184310851900175
:10E5EC000EC08211857DECF00C0CF6F5DD93F07C01
:10E5FC00FA3C040C846B062883814438807B4608E3
:10E60C009111258F6FFC5CE8E88C128414041C14A7
:10E61C001E34E090020B902B6418941B1C14EFFC1E
:10E62C00980E922B020B9E346398941B9C24EFFC47
:10E63C000E1B9A0E1E34E0106318840B922B6FFC89
:10E64C000C0CD80EDD93F23CFA1C044C887B44482D
:10E65C008101009B846B0A8B860B0B0E902B0E1B7F
:10E66C0068004348AB9B883BA59B84050C6002E586
:10E67C00A79B8410A99B824540800225A39B9C00EC
:10E68C000861867581258E0B0D149061E45006F09F
:10E69C00629898240B14EFFCE000001A619C4E0A5F
:10E6AC000F248101200102060206C000881EC00052
:10E6BC00F21C0C4C40C6DD934E0A60084E1AE99CC5
:10E6CC008111619CC1C3FDF58403A72F5C08C30DA8
:10E6DC0000061A005D938000F1804012FA7C040C55
:10E6EC00EC501EF06461000081414003FC1EBE0E24
:10E6FC0006088BF501B181A1814D81717E4E926529
:10E70C000209881381A160B060F00239024981B11D
:10E71C008161609060D00229420A9D118033668627
:10E72C0081713E5488230813C417094E814102534A
:10E73C0018858325C001783110A3F194484281815A
:10E74C0092B3F2A072A04C6282118271FC55851DAD
:10E75C00F05102011E15870D58504010FCF5DC00DD
:10E76C0084D5E57D6184107440828191813170A8DB
:10E77C0072A4424244188E2B00ABEFBCF0AC40822A
:10E78C0072A44262439881318E2B6FBCFC1480BB07
:10E79C000044FE44061060880444E510860360843F
:10E7AC008241043340B580AE4673E0208408E0809B
:10E7BC00E815814D0C0CA8F1DD93F27CFA7C040C6D
:10E7CC00EC701EF081C13001827B7C0E0C700DCE82
:10E7DC000BCEE4F089CE81A1FC94FECE1E088955A7
:10E7EC008DCE811101ADFECE89CE81018C058BCEF3
:10E7FC0070A85662F0A8509278E01609E43004F044
:10E80C0078A01619E4600AF0F8201039E0201049BD
:10E81C009B213C2EE800430878C01609E45004F014
:10E82C0078801619E4400AF0FC281239E0401049AF
:10E83C0093213C2EE800420881C17E048085A10B07
:10E84C00A11B8B147ECE80B50BCE81110D248101C2
:10E85C00F0A8486282A10934F8204801F8604821E8
:10E86C00F84048319C089016EE5581AD0C0CB8F16F
:10E87C00DD93F27C58120033143EF080F09040325D
:10E88C000000190D001BEC0402C081513C148C04D7
:10E89C00FB0444228235843D885B040DC0000016C5
:10E8AC00D18C4002D0884A02DD93845EFA3C040C81
:10E8BC00EC201EF0828B0A6B847B11948C1B080B52
:10E8CC006FFC69880101902B856591A18835A10B9E
:10E8DC006080121512458131902B6040E06012551A
:10E8EC00BE9E9C088C1B3C1EEFFC6B088435A10B58
:10E8FC0060801215E48004906040124512558131FD
:10E90C009E08E060902B3E2E8C1B3C1EEFFC69E8B1
:10E91C006C0414A0A1AB889190F1F655F23C0C0C50
:10E92C00C1C3DD93FA3C040CEC201EF0827B1584F1
:10E93C00846B17948E2B13046FFC65C80101901B1C
:10E94C00E00814C6A10B857512158855813168C075
:10E95C006460124512558E2B9808E6903C1EBE9EA4
:10E96C006738901BA10BEFFC12158455049068C0FE
:10E97C00C00264C064601245125581319A08E69059
:10E98C008E2B3E2E901B3C1EEFFC66086C0414A0D4
:10E99C00A1AB889190F1F635F23C0C0CC1C3DD9320
:10E9AC00FA3C040CEC401EF0809B1584847B0A6BB3
:10E9BC00008082AB088064503C0EE410E4400A8076
:10E9CC00EFFC77688415A10B67A00280E7600080DC
:10E9DC0004807E1E7C2EE7903E0E941B7A388E2B84
:10E9EC00A10BEFFCA0F180A5F23C0C0C1744DD93BD
:10E9FC000E1B920B103B8C2B0C0CA0F18115F23CD6
:10EA0C00FA0C040C868B086B847B020B6FFC6D88F4
:10EA1C00100B8C1B66388C1B1009EFFC0000E358A4
:10EA2C00E20DEC0C1C0040709C0042608FFC5AE81C
:10EA3C000C0C8101DD93F20CF83C044C6201025B7E
:10EA4C0081C140010CC485950E64FB808263608497
:10EA5C0060010C8982734002E8000E7B06A5C48716
:10EA6C00C4777C20FC1C00955082D3AD5095D08C83
:10EA7C000489C000A18BE0300C6082C540086401A1
:10EA8C0098688073C4679C747C1808858863CF77FA
:10EA9C00988E8E83588A82C1F4D5EC140C4C81016B
:10EAAC00DD93F03CF87C04CC81C10F4E81610D3EAE
:10EABC00640900398745C00260340299FA800EC49B
:10EACC00603002B90485C477A1BBFC1CE5A6548A4E
:10EADC006526508AF09C5222D187F0A756820F846B
:10EAEC008E83F9A88DA4A0BE8EA302C5C65AA864B5
:10EAFC00E516486AE5964A6AEE57D347F9944C42B4
:10EB0C00A0BE8CB3807324444E4582C1A844E90452
:10EB1C00E9444E454E65A0444E45E9C4588AE98403
:10EB2C00F275F40C0CCC8101DD93F07CF800044CF4
:10EB3C0081411931185483954C12608402C3F094AE
:10EB4C00185B82410CC9E800C0026001E0880C54DB
:10EB5C007C18006504C5C4C7D96DFC30D0804A52FE
:10EB6C000C014A3102CBC00440016201FB800A4413
:10EB7C00F855D95D0C4C8101DD93F000FA7C040C46
:10EB8C00EF101EF0848B026B64090C09807B400231
:10EB9C00651002F0E61004F0813101650000493E79
:10EBAC00C53EEC04FE75A10B661012F0E51014F0D6
:10EBBC008C1B0E0B923B102B6FFC740816F0944BB5
:10EBCC008C0B6410922B101B964B143BEFFC76C8ED
:10EBDC008C1B0E0B6FFC7AC80101962BE7101EF0F4
:10EBEC00F27C0C0CC1C3DD93FF010024832D841433
:10EBFC00000000065D93822DC0000016FA7C040C08
:10EC0C00EC901EF0829B7E2E02063E0E0921E01037
:10EC1C0068F1064E4EF8C010920B6FBC81110101C9
:10EC2C008101090E8381111E81A10F1E81317C0E81
:10EC3C000D3E91A5E088007412058B1E4C78FC00EB
:10EC4C000C74E800010A6084C00164004C039263F8
:10EC5C00000468001E1580844002800400B3908478
:10EC6C0000010C01C00C4126C0085E0547FC57F69C
:10EC7C00FBFC100A7EA486C5E48004F0647006F0E8
:10EC8C001419960B47B8E0281409E800808B602C07
:10EC9C00A10B2802400E82454206602E400AE0F885
:10ECAC00AA12E086FA0440028111090E81A109051D
:10ECBC00008A8B0414A0F43C02F604040CE58000DA
:10ECCC008000100689148F04F18040B2F08000049B
:10ECDC0082C5830D04F07E0406F0E4800019E47014
:10ECEC00960B6028E8004428818102A10B0483F56F
:10ECFC00E48004F006F07EA48201E470E02814198C
:10ED0C00960B0B0EE80043C8602C14092802808B6C
:10ED1C008245A10B602E400EE0F84206E086400AC8
:10ED2C004002AA12090EFA048B1481A192730D34BD
:10ED3C004E118F04C00260016C004CA34C03823155
:10ED4C00C00164096201120B0E344001C17DFB80CD
:10ED5C000010DC355201E404C0026409C8F17C04E3
:10ED6C00F27C0C0CC1C3DD930A448844AA43E90429
:10ED7C0081010043C34F084EDD938C4EA30F0C0E44
:10ED8C008101080EC1C3DD93603C0209A10B803BDD
:10ED9C0040960665483A8008403AE0020844E10291
:10EDAC008243FA80EC7008498101490D861382A5D3
:10EDBC006B710219F41DC005460680F5464AE064E5
:10EDCC008311648481118045DD93881600045D9362
:10EDDC00C1C3FA80FA7C040CEC301EF082BB007BC1
:10EDEC006771107012704011C003677181A13EBE33
:10EDFC008101016100A4852504F07B807C58E4200E
:10EE0C008E1B6FFCA11B91181FFD43FE56159FFF17
:10EE1C0082E5800045FE201ACFFF7FFDFB800C644D
:10EE2C00E0178261AC1EB41FC41DA414C00040C600
:10EE3C0088B102A1889104816001140AF695C00181
:10EE4C0098F13E14620142630C0CC001DD93F27C1C
:10EE5C0081015D9360380019A11B8121000002160D
:10EE6C0080084096CC2A8625E02806097CC0082418
:10EE7C00484AE22702106686010AEC0440C6644048
:10EE8C00442AE000080660120006F000422A8000C6
:10EE9C004242E686CE2CF184E0104613C1C3DD93CA
:10EEAC00FA3C040C808B066B60380C09210B847BBC
:10EEBC00869581018E1B100BEFFC78E8409600AB19
:10EECC00140AE0088445E2A4677112808E1B40038B
:10EEDC008C2B120BEFFC69484126008BA18BE00CAC
:10EEEC009C0050A0E3C8100A0C0C8095DD93F23CFA
:10EEFC008E1B120B6FFC6448A10B8C2BDC0050009A
:10EF0C000C0C900BDD93F23CFA00004CE1001E0659
:10EF1C00619C004666388311C1C3EFB8FA0C040C2F
:10EF2C00806B027B603C41F673D8811181816FBC90
:10EF3C006000427662988C0B7ED8E8248C0B680CAF
:10EF4C00E13C008680188004F1FC421000C60016DB
:10EF5C008004E144018600868004E144404600863A
:10EF6C008004E144404600860C2BEFDCC0156E0992
:10EF7C0073F54220444A40FF4C13E098C0156E09CB
:10EF8C00F8700039F3EC4430F87040214C81844522
:10EF9C00402B6C2173F942104C13C0FFC0156E0945
:10EFAC00F8204081F8100019F3F84210F8104011C5
:10EFBC00421080188016F3F8421080188016F3F473
:10EFCC00F83000194011C8194081F8300009E030C0
:10EFDC00400AF83082E5E08843F61C04FFC06FFD60
:10EFEC00020E020F4000F000C3007C019C049C0E3A
:10EFFC009C0E820F6E0D0C09A30BC0360C098415E8
:10F00C00C038631141C6A30B002012FD000102069B
:10F01C004C81BFC1803803118000401568005FA887
:10F02C0042868C0B8C0B6000E8245B08EFFC76E8C6
:10F03C00FA00040C8B11006BE8285688612400C67A
:10F04C00E00042064C118004402B6C1D001681110F
:10F05C00E13C008680188004F1FC4210400600164A
:10F06C008008EFDCE080400A0E090C0B4000C01554
:10F07C00C0FF137D0E094C038C0B4015E8005CA8F7
:10F08C00E8005C0861444046800485110186001646
:10F09C008004E14400C600168004E1440C0980168B
:10F0AC00C02B6C21EC0402008495E71DEC2C0200B3
:10F0BC0084B5E71DEC10020084D5E51D8625AD0B4B
:10F0CC008665B30B86B5B50B0C0C8C0B2058F20077
:10F0DC008C0BE058F2000C0CE04035480C0C8C0BFF
:10F0EC000838F2008C0BE054F2000C0CE04C10C809
:10F0FC000C0C8C0B85B5F2000C0C8C0B8575F2008E
:10F10C000C0C8101DD93F200FA00040C8111010159
:10F11C0068207DA8034681618331614C08368424C4
:10F12C00E11444C6903688440866882484148721E8
:10F13C0083110426F2000C0CE0203C68611440C6DC
:10F14C0080048311C1838016DD93C713FA3C040C31
:10F15C000C09806BC02B6C214096B30B4C018000CA
:10F16C00802B0C1D406682254C01E000402B6C1D51
:10F17C0041788C0B40F8E8508C0B681861D10C0965
:10F18C00807B40156C790C19400AC02C8201E686F4
:10F19C0067F9008A41D6C0030E66003C0004800467
:10F1AC00A17B5A8066314C038245C0166C1D0C291C
:10F1BC008C0B402B680C7048A10B8E1B47B89875B4
:10F1CC008C0B68446C210C09807B402B8855B30B4D
:10F1DC0092D5A17B683C72C8007B8C0BE134410654
:10F1EC00029600044C11E004C02B6C1D000E00169E
:10F1FC000C19FFF8C02C6CFDE3F0020AC4040010DB
:10F20C006CFD4C018C0B402CE8044BE88C15A17B5D
:10F21C00217B8785E00040666C1D4C018A15C02B54
:10F22C00614C554666E010602804C0A3676112600B
:10F23C000260C09F405465C1654104600660C054C3
:10F24C00405466D15ED8904B925B6FC0A17B807BA3
:10F25C00280482F5663102600860C0AD40A164717B
:10F26C006178902B923B6FC0A17B807B0C2982E54F
:10F27C00402B6C1D6A388C0B8E1B680C8055A10BB7
:10F28C008E0B8171F23C0C0C2804DD9364810460BC
:10F29C000660C09940A2652150D8901B7395EFF879
:10F2AC00C1C3807B6451008A80F5C003611801469C
:10F2BC0080048711DD9380166439008A80F5C002C2
:10F2CC006118014680048511DD9380166118034690
:10F2DC006418014A8414C001E200000CDD9384061A
:10F2EC006661028A0306C0030466010402158000ED
:10F2FC0086C580006499028A0306C0030456010483
:10F30C00021580008485800066C9028A0306C0024B
:10F31C000446010402158000824580006495030AAE
:10F32C00030640020414E10404268721042680000D
:10F33C00E10403068418841465794011DD93C02B15
:10F34C00030AC417C00F6681028A86F5C00F64F5E4
:10F35C00010402C68000040680000215028A84851E
:10F36C00C00C66CD010402C6800004168000021594
:10F37C00030A8245400A64A1E10402C685210414F3
:10F38C008000043602C684268414E10440118418DB
:10F39C00C02B6575C1C3DD93E118058688288824C8
:10F3AC000015A12B00090E0DC1180546C00004253F
:10F3BC0081B002144000042984040210C404042007
:10F3CC00C00A421A6E014013DD93C015E1240146B8
:10F3DC0084288014F3F84420430604268414E11492
:10F3EC00042484288426FC9484288014F3F4442078
:10F3FC0080048426421080188016F3CCC1C3DD93A0
:10F40C00E1240146801880048016C219C1C3DD9323
:10F41C00FAFC040C0026006B4C01E00C402B6C1D1C
:10F42C0065188101811168206FA90C15251BC00B73
:10F43C00E124034682458424424A881880C5E08032
:10F44C000C0C831123F8F2FC3E0EE02088188C0B78
:10F45C00F3F84210028608167578E00C812168508A
:10F46C00614410C6E1485386FFA12004E1245746AD
:10F47C00C7078008F0044E0080C5A17B6FA90C055E
:10F48C00A50BC00BA40482D5940D80000C29840517
:10F49C00402B6C1DE00C0296680C592881958C0B46
:10F4AC008008A0040155C707F0044E00EFFC52E899
:10F4BC008004AC04F835A10B83113E04F2FC0C0C57
:10F4CC00E0202028FAFC040C0036007B4E01E00CF6
:10F4DC00402B6C1D5F788101811168203E0E81816B
:10F4EC00E12401C6554600048086E1248064A8040A
:10F4FC008E0B0014E82074A843A603910321E00CA2
:10F50C0070388E0B4186E8508014E1140346048C4D
:10F51C008414E124C4298428434604260414E118E5
:10F52C0084B8832102C604868414E12402860496DE
:10F53C008004E00C8E0B009CE8506E88612401C6A0
:10F54C008004A9118E0B0096E8207208600C0286CC
:10F55C006DB881218E0B6850E14400C68008800490
:10F56C005200C707120AF00480C5FBFC6FA90E05F8
:10F57C00A30BC00B01C686B58004E124414600866E
:10F58C008004E11800C600B68004E1240146008620
:10F59C008004E124421080180016F3F4E00C02A65B
:10F5AC006C1D0E298E0B402BE80C50A800C68185D3
:10F5BC008004E144C7078008F00452008004A804CA
:10F5CC00F445816B8E0B2B11E8206E080014A804F7
:10F5DC006DB88E0B01C6E8208004E12441460086FC
:10F5EC008004E11800C600B68004E12401460086C0
:10F5FC008004E124421080180016F3F4BE04831139
:10F60C00F2FC0C0CE02016087001000602064020EB
:10F61C00FFC06001DD93801EFA0C040C808B027B12
:10F62C008101046B682055084386811149C66148E5
:10F63C000424E148700102060434C0208858A18BD0
:10F64C0008489024600104060CC9FFC0402B6C19BB
:10F65C00A65F843F60C7D0474652A85F0C49F9B0FB
:10F66C00C02C0CFDC0E00844442200B5A17BD09016
:10F67C0049FE80C5C03F7FFDA43F883F8311043EF7
:10F68C00F20C0C0CE0201208FAFC040C5006006B77
:10F69C000C09E1A0402D67CD209E8191E14C05C65F
:10F6AC00E080400AC00000160CF54C014006402CCE
:10F6BC008004E14C88048074E1E01674E0E014B43A
:10F6CC00FCC002A40074001E0814E1C0FCC404A415
:10F6DC00F010000A9405842EF008000A000A9885A0
:10F6EC00AA65F00CF004000A40001368C14C17C660
:10F6FC00025604AB6ED8E0108C0B6820619805465E
:10F70C00FB80007472FD49C602064020C0207301C4
:10F71C00401220432014F180E14C17C68555882AED
:10F72C006C080A40775D807BE1900A3473FD4A5087
:10F73C000816400F484A8000E13766964A308433F9
:10F74C0041FF73F10600C5478253641088CB0165F5
:10F75C0018C05D84D58EEC04FE75A1CBE0880A44FC
:10F76C0070944802F094403248309034BF4BF03CD7
:10F77C001F15F6150256942B8C0B608068206AA816
:10F78C000C0B847B40156E09E14C17C64000AC1481
:10F79C00C0FF72F16E094C038C0B4015EFF87C081E
:10F7AC008E2B1BA502563E2E6938E0208C0B682050
:10F7BC007B80007472FC43C64012C02002467180EC
:10F7CC00C02072C0041000340991E40017C68811DF
:10F7DC00083EE14CE198054608CA85A5EC080A40AC
:10F7EC000A34775D4A50E190400F73FD8000081693
:10F7FC006696484A2074E13746C086C341FF73F1D0
:10F80C00E1880A448ACB0801827B0E334DA48155D2
:10F81C00EC0418C0A1CBDDAE0034FE75FB8018944F
:10F82C0088C3445712C00A13C53EE410F03C48305C
:10F83C00F495BF4B91F5BE246040025664988C0B36
:10F84C004C91E820403864C54A588C0B45D8E800E8
:10F85C000C0BEFFC40156E09FFFC03EEE8000E0AE2
:10F86C004200820F40007C044C13FD0440156E09CD
:10F87C00E19803864C03849E40156E09FB8000744E
:10F88C0062E54CB117C640158E05E14C72FD49C6B8
:10F89C00054640200206E198402073012014A04345
:10F8AC00F18040128555882A6C080A40775D807B70
:10F8BC00E1900A3473FD4A500816400F484A800004
:10F8CC00E13766964A30843341FF73F10600C54731
:10F8DC008253641088CB016518C05D94D59EEC04EE
:10F8EC00FE75A1CBE0880A4470944802F094403233
:10F8FC0048309034BF4BF03C0C19F615401562653E
:10F90C00E14C00468819800444208028A22FF3EC97
:10F91C000C098026C02B64C56C214C018C0B402B30
:10F92C00E800458800602044C05465017B800404D5
:10F93C001911810172C106464F58C0202C14E800E1
:10F94C00002E9F217C514EA0847EC300EFF86DE801
:10F95C00A9910E2B6001020600947FC02C24FB8021
:10F96C00A01F841F7C014010880EC30067CD0C09BA
:10F97C00400AC02D80E5E0806C110C09400AC02BB8
:10F98C008095E098F2FC0C0C8C0BDD93F2FC0C0CCB
:10F99C00C1C39FA5FA00040C4186006B8014E1489A
:10F9AC00442084288426F3BC84288014F37C4420CF
:10F9BC0080048426421080188016F1FCEFF87A68D7
:10F9CC00831101010C0C8C2B2278F200C1C3FFFCBB
:10F9DC00F81C040C6141001908004015C0D96601DF
:10F9EC00614500290A004015C0D965C16211003972
:10F9FC0091C1401581710161E686442A621D00198E
:10FA0C004021C0154015630940318121C015630D9B
:10FA1C00061007C50C4AE4400C1AE000400AF87CBA
:10FA2C000A50E1840E06041094848000500A51841C
:10FA3C008225E49C6C34128012DAA18B420AE40811
:10FA4C008095ED8082610271BF8B8505A16B882545
:10FA5C0000958245C00D696D12C0936B4093842054
:10FA6C0080160BE1F03C528002A5B99B9B8018C418
:10FA7C00A19B498773FD508018C4400F508AFB80AE
:10FA8C0090C3C6A688C17D05E5FC0D0A4023F0A5F0
:10FA9C00400A6895FB8008C4688940138833400A83
:10FAAC006FF1068A0A34402B0049FB80002D07CDEC
:10FABC0040138811400A688DEC0402306891403381
:10FACC000606400AC0207001688540130214400AE3
:10FADC004840FB80A61F1C2007CD40410045802DCF
:10FAEC00C00D696964F940154015C00BC00B64FD6D
:10FAFC008941095B0E09002B4043C015C00A68817F
:10FB0C0012FD44204023C0FF40150E09E14004467D
:10FB1C0000860824881EE140801E8004F01C0C0C1A
:10FB2C00C1C3DD93F804040C61980B46E0900C14EF
:10FB3C004E0014CA0C64F03CA10B7B8000162E6F97
:10FB4C0058228000401A71B004C4E68202C460C01E
:10FB5C00246FFB80496E862B945AC5070200025312
:10FB6C004A50E404C1FF73F18A430165000051540B
:10FB7C00C95EEC04FE75A10B4032C4170C0CF0846A
:10FB8C00DD93F004FA7C040CEC501EF00C09806B35
:10FB9C00C0366E014060A30B4F789C004106880074
:10FBAC00029661340004E004E1A050066C1D4C1177
:10FBBC008171402B0016A07E0C0B8111C0156E09B3
:10FBCC0073FD40004C03C0FD40156E0967B8810100
:10FBDC007E0EE81CE148418641C60014FC1EE1483B
:10FBEC00800484180C298008C02D67CD68890C0B03
:10FBFC000604400A0229E0A03E3EA61F241FF0275F
:10FC0C004C15C50740026801643106608311C02899
:10FC1C004675C11D021058047E75C404C41006300C
:10FC2C00618D0C0B0860401CC0D9660165C10A606F
:10FC3C0081B140D9BC0E81A1F8044605090EA0047F
:10FC4C00E19801468101009A144A8B85141AE00050
:10FC5C00400AF87C0A50E1841606041094148000C3
:10FC6C00420A511490E5E4AC8425A1AB696D0C25D6
:10FC7C0085ABC00D08910C0B4000800A80FF13F17E
:10FC8C009098400206000EA580280401EC34041064
:10FC9C0080B5E42DBF1B4D1E87258AD58A65A11B17
:10FCAC00703C5810E1C00414B9CB0C1E848B01714C
:10FCBC00491782454E10A1CB400F73FD4E7A808BB5
:10FCCC00C577C6B29223091473F14020883141FFE5
:10FCDC000203862B81A58E1B0210218B00C5EC0420
:10FCEC0088010000000044C5A11B88214477FCD585
:10FCFC008E33900B82A102B1E5FC150A9D01E8E55B
:10FD0C009F010C0EBC048E0EFC04CC0E0C1980084A
:10FD1C00C01562EDF017BE24A20FA40F68014C05AC
:10FD2C008C0B4002E8104AC8E148418680188004D8
:10FD3C00E090420A80188265421080284420F080AE
:10FD4C00A22FF37CF88042207E0480165BB88311CE
:10FD5C000186E81C8004E1980C0BA30B80150E099E
:10FD6C009CA400040E094C0380858015680049C8CA
:10FD7C0003018C0B451881118C2B6FFC0C0CA8F11A
:10FD8C001C38F27CC1C3FFF8F87C040C6309001921
:10FD9C008121401500C9911540366E09FA8008245E
:10FDAC00630D0069460240150659F090C0156F416D
:10FDBC00586AA1CB0C306692C0DB66106E114651AE
:10FDCC008645C0367A800EC412848181CB9DFA8020
:10FDDC00549284055602F09C16B9F0A8C01A6E41D4
:10FDEC007C85B9BB8404108094CB325381459856E2
:10FDFC0081710B9B0A8A80A58371740818768075B3
:10FE0C0018C48E5B0C007A80C058664060880EC4A3
:10FE1C00E08812447C1C0C85661014001493C0DB23
:10FE2C000A0A8C7382217BFCE0405285E8000E8527
:10FE3C0062405285E08410C464000E7518638C8394
:10FE4C00D08058C261405275E08412446801107B26
:10FE5C0094934001527388A3107BE680C0016C011F
:10FE6C00E780527360010C795471C004C0016101C8
:10FE7C0064010C495441C004C001620168010C4981
:10FE8C005441C0044001630118498141C01A0E411C
:10FE9C0062114641448AC038DED5F404F07C0C0C67
:10FEAC00C1C3DD93FA84040C8101006B681C50C83B
:10FEBC000C1B8111400A68910060807B4028640112
:10FECC00700104068811C020C51701650210413469
:10FEDC00C93EEC04FE75A11B6148418680048C2B45
:10FEEC00E0198018830100166FF8798850D88111B9
:10FEFC007D18EFF88C0B680C618D0C0B8311401C7A
:10FF0C004C038201401C618D0C0C8E0B0DB8F284DD
:10FF1C00C1C3E01CFA00040C4386026B0414E148D4
:10FF2C00E0980604F100463044208428262FF2FC89
:10FF3C00E19807860C0E84260C1B820940156E096D
:10FF4C004210D007C0FE73FD4C13A01FC0156E09E4
:10FF5C00EFF84DC8811101010C0C8C2B35D8F20037
:10FF6C00C1C3FFF8E10001868008800482095D931B
:10FF7C00C713C183000CDD93C0006101FA0C040CA3
:10FF8C008101006B828B047B65394C010460402C31
:10FF9C00C0B165418C0B0311E80042888C0B031136
:10FFAC00E8004E2880D5A10B68485988A10B8C0B12
:10FFBC000C0C8085DD93F20C457601110931E000C3
:10FFCC005D588C0BA38BE848A10BFCB50C0BFC7596
:10FFDC0052388E1BA10BE8000111FAB58C0B812154
:10FFEC00F20C0C0CC1C3B145F87C040CECC01EF037
:04FFFC0060044686D1
:020000040801F1
:100000004031A51B402B6C1DE0040E06A1810EA5FE
:10001000AA35A31B600C41E6E00C59E601A6170EB9
:10002000110EE004E004012601860F0E150EE00417
:10003000E0040006A1010B0E0006090E7E0EE0048E
:100040007C0EA101E004018601860D0E3E0EE00447
:10005000E00401A649F63C0E4BA6E00C03A6600C9A
:100060000706E00C110660040DA6E00413A6600468
:100070000FA6E00C55A6600C13CEE00CE00C41E698
:1000800057F605950006E00C891160089101130EE2
:100090004006170E0D0EE000150E85010B0E8301B4
:1000A000090E81017E0EA1017C0E83010F0E8101DC
:1000B000110E85013E0E8101E000400681313C0EAB
:1000C00081910161140601510101E004160681418C
:1000D00081C1E0088BC488C689C48AC6FEC4C8C66C
:1000E000FCC4CAC6E0184481E0144431E01044C1A5
:1000F000E01C4431E0204431443195348F34E02415
:10010000E028443144318D349134E02CE0304431E6
:100110004431BE34BC34E034E03C4461E0404461EE
:10012000E0384431E0484491E04C4471E0444411EB
:10013000E0504411E05844A1E0544451E05C445183
:10014000E0604451E0684401440193049704E06C8A
:10015000E07844B1E0744441E0644401E07044015B
:10016000E07C4441E0F10101F07C0C0CC1C3DD9363
:10017000FA04040CEC901EF0806B251B8101042511
:100180009295A31B654102608C0B40B1E84862E880
:100190009095A10B4C018301C02C6539428687E5FF
:1001A000040660044C11E004402B6C1D6011020633
:1001B0003E1EC400091C83111516A111E000420661
:1001C00085711F16891125163116AB16AF269111B0
:1001D000040635269706E0089B769906A1769D06CB
:1001E000A706A306AD06A906B706B306BB16B90651
:1001F00060805E11E41002F0BF26BD06E0845E015F
:10020000608C5E015E218C0B5EF8E088A10BE848F3
:100210004C7180B5C02C6539C8F18101F2040C0C19
:10022000C1C3DD93FE7C04CC806B027B649002F042
:10023000E48004F0E810496860901E89E0040E2A0A
:10024000E0801E79400101880460C00040B165C1B2
:100250000155993149168111EC040630FE95A13BF8
:1002600065F104609D3140B1491C8145EC040630C4
:10027000FE95A13B15C601910785EAF0A10B81B15E
:1002800040628E15047470A8009CFA80E09000848F
:10029000799C4202F0AC40626EF1401143F6402B73
:1002A0008000400D603140914011C02C802C42B143
:1002B00043F1401102B4002C4091FA80002C4171AE
:1002C0004F588C0B1E89E800008060900204E40403
:1002D00082B17A80048084A1434AE424020CE408B9
:1002E000500062000273DC00170A8101F205E53C50
:1002F000F67C0CCCC1C3DD93FA7C040CEE501EF0EE
:10030000A11B006B65390C09848B402C42668A2541
:10031000A50B60046C1D4C118191402B81B102C56D
:100320008C0B0511EFFC7268A1BB80BBC0000BA851
:100330006804544880BB8C0BE440108AA1BBA275B2
:100340000C29A235402B6C1DE00042B6680463E81E
:1003500056B68C0B230BE0009ED58181230B95258F
:10036000E00440A66C1D4C018205C02B8C0B0311D0
:10037000EFFC7008A1BB80BB00C6A49502F060082A
:100380000155E42045B681B1EC040000FE95A10BB7
:1003900010600101C0B0657181013E0E15063C0E72
:1003A0008955E0047881100995114001619012048B
:1003B000429A9E098203E686E630010A034680F5EA
:1003C0008414E134B71B84140C2982F5402B6C1D76
:1003D000E008033668045FA80F368C0B230BE00897
:1003E000E00800C6A1BB88054EB006D52018DC0089
:1003F000E42004F06140140A8816802300045E950E
:1004000080000E0680005E953E0482C50004817166
:100410004092FA80BE0EFB800004BC044092FA8039
:10042000BC0EFA806C0414A08EBB8281EE75A1AB69
:100430008CF5A1BB0004BC04C407FA800E003E0486
:100440001204E4108C0B7A80680054A803D5C4977A
:10045000A1BB80BB40F688D5400061A181B5811168
:100460006080420A1029902B06F05C000233E420E1
:100470008C268211E230020A0C0BFC954B58901B23
:1004800000BBE804E0004F768275A1BB7A8002943D
:10049000FA800474642006F049988C0B80BBE8480D
:1004A0001EF0160B0C0CE650DD93F27CFA7C040C6B
:1004B000EC301EF0828B009B0C907C2EC0AF6471E0
:1004C000F0A05462E2801419E8004C88807B4287D7
:1004D00067C000A03C6E9063654512903E0EC0B1AF
:1004E00001A181B105558181FC248161F8041209C3
:1004F000440AA418D007E08048004D080E0FA20F50
:10050000FB8002648245830B1084031114A4FA80DB
:10051000B71F7B80828122AF3FBB806B1E0582B1FB
:10052000849100048000408180001E05800040A36B
:10053000E040160A0101F6750C0C98F1DD93F27C8F
:10054000E57C030A041482B58E19618C00098403CA
:10055000C02C65C1E484404AE200000C5D93DD9349
:10056000C1C38101FA00004C64710000041440AF63
:10057000000BE08480137C08E5000219684C6828B1
:10058000D0078211F200084CC1C3DD93FA7C044C01
:100590006C590019829B402B887B0A6B84AB068BBD
:1005A0008111231BA19B8825A1AB80A5A18B806510
:1005B00000298295402B6C1DE00842966804506823
:1005C000E00856968445A30BE022407AE122427A65
:1005D000E02A400AE026421AE6A2400AE026400A43
:1005E000020282031816EFFC960B81B1F27C0C4CD0
:1005F000C1C3DD93FA7C044C6C59001982AB402BCB
:10060000887B0A6B849B068B8111231BA1AB86E53B
:10061000A19B80A5A18B806500298295402B6C1D34
:10062000E008429668044D28E00856968405A30B1E
:10063000E022407AE122427AE126400AE12A421A87
:10064000E6AA400A020282031816EFFC960B81B15B
:10065000F27C0C4CC1C3DD9361900414442AA9318F
:100660000614668E8E39E1848121040381310603EC
:10067000000001E5C09C678170140049E080420AD7
:10068000C1900844254F9E49A83F8821E040040AB4
:100690005D93FC95FB8000349F210111813103950E
:1006A00068840824FB800634E34F804F618C0A4441
:1006B000E184184484C902591844385F4647E084ED
:1006C000385F88C9A85F90498811235F020AAA3F52
:1006D000F8F5E04000345D93C1C3FB80FA7C040C64
:1006E000EC701EF09D8100AB81911E0B9D11015598
:1006F0000210419CA11BEC0400A0FE9540B165F1E5
:1007000081459D110210419CA11BEC0485C5FE95FD
:1007100070A44CA2FA800E946EF10CB9940B402B8D
:100720006FFC7108000A8E1B86B5F0046CE9140991
:100730000C19C02CC02C62B1FA800004FA8002149B
:100740008435830B73C040B047079E1B022B9EB9B4
:1007500083317C008013373FA62F940B8E1B042C13
:10076000E8004248120A8291F475E140648D00E687
:100770009E1B40209D2101650420453AC13CEC04AC
:10078000FE75A12B648D40A69E1B4020452A8155F5
:10079000EC041080A18BC12C7758FE75940B684433
:1007A0000C0CB8F1DD93F27C833100136EF1021969
:1007B0000414C02B9E19618CA33F3C29002B840399
:1007C000C01662F94033A43FC01662F9C1C3DD937D
:1007D000FA7C040CECD01EF002F0009B5C18E4C024
:1007E00004F0680C1239E4B0C02B6C496C4112095A
:1007F0001219C02BC02B6C456C4D12891229C02BCD
:10080000C02B6C39403A8D3E1239E682C02B6C3DCC
:100810006686548AE188020452019101402664816F
:100820000F2EC5A75221920BC02664915231893EEA
:10083000C02664B112B98B1EC02B6C516C55126965
:100840005211C02B402664D1E4A002F064F152A101
:1008500067D8C026807BE80CA655A17B066445B707
:100860007CBEE1888065A1BB82F5A13B6C1D12298D
:100870004296402B120BE0087A78866B4E96680001
:10088000230BE008A0858C3BC5870D044BF67C1438
:10089000488AE00C81B1600E440AC5078F04E00667
:1008A000BE2E8B140203BC4EE68A424A0000092485
:1008B000FE0EEC0400A084A381A16C0452118D0EE5
:1008C000C02C653D4C928BE50C09F0ACC02B6EF151
:1008D00062B14C514C51C02CC02C63F1F03C420031
:1008E00092D5C51DC81D8D447E149275C20DC907D1
:1008F0008F1490F59095C30D618C00B4F01C44B03A
:1009000083413E09044412030019E888402C65C164
:1009100008A4868B0AF07A807C14E490F988581237
:1009200004340B3440C1FA80402C65C10214920B90
:1009300062D8FA8006346FFC807BFA808A15A17B2E
:100940000AF03E041E49E4801E39E0903C04E0A019
:10095000FA80020463F14C410404C02C920B7A80AB
:10096000EFFC64A8A17B807B1E09847582A1608056
:100970004BF6103B4C01E00CC02C62B182B18924D3
:10098000E53C170A4098E825920B68000E0B807B27
:100990000C0CE8F1DD93F27CFA1C040CEC301EF038
:1009A0008181006B6C590C09A30BC02B02F08A8566
:1009B0008C0B6420E80C5D8888D5A10B6FDC4006A9
:1009C00080088191E080404A04F100600060C0AD81
:1009D00080AD04F90315800AFB800E047A8002843E
:1009E000E41008F08C0B0121680042887C0A8E3BE1
:1009F000FB80129480938281C18DFC044C93FC1582
:100A0000C016629998F18101F21C0C0CC1C3DD93F0
:100A100082F5FC1D021483318211FA80F438030A36
:100A2000081482150834FA80804FE890FC85A14BA9
:100A300081010816C1C3DD93FA7C040CF80010FC98
:100A4000ECF01EF0805B029B63FC120AFC2E81011D
:100A5000900CBE4E80000B9810504937C0B066B164
:100A60000E503C3EC0B0643181A101B181617E5E17
:100A70000E098585930BE3C0FC04883580F5A30B34
:100A80006CE90A09A018C02C8615830B7A8002B481
:100A900055788A0B000AEFFC1E55F00482D5C00C75
:100AA00002A41C0804F0E08882A1645082237E54D2
:100AB000806370AD804588BE02B18195827182816C
:100AC000E53C170AA1ABF4E50A8B9EE5C0156A7DEB
:100AD000C987BC14FB8000146A810A0BD10D401534
:100AE0009C005010FB800284C01DC907DC00500030
:100AF000EC18510A3E148465E090006400F0040C88
:100B00000195E45041249F11EC0414A044118A2360
:100B1000C02C6171FE15A1AB81318B750034850548
:100B200002F060880215E4500014FC008A03E0849F
:100B30006E39002B810140158285A12B444A810129
:100B40004420E08040FF13F9C404000004247E35F3
:100B50000A13C18442018231C02C6171F815953BA2
:100B6000947B21068323A1434E8AABE38A25EC20A4
:100B7000645012F082B1FFB18845D5BD00502464A5
:100B8000C0AF6471E44004F060840264000B8063D1
:100B90000C19FC0473D8E5002108EFFC0C198891AE
:100BA000830BE500050102600E7440014201DB8009
:100BB0000E7040007E54C404EC204E8AC1C3F6B5CA
:100BC000C8773E040101807C18FCF8F10C0CF000A1
:100BD000DD93F27CFA00040C0246026B0414E12857
:100BE00084348321657500190045C01BC0066D491A
:100BF000657900098231401BA111232F880B212F19
:100C0000EFE875488101180EF2000C0CC1C3DD93AA
:100C1000FA7C040CEC501EF0887B008B650D1009EB
:100C2000826B402B60880274101384AB230B8121EC
:100C30004225869BC00B61A5A70B8225100B8C75E6
:100C400040156A79910C81B13E5E85056691001070
:100C50007C0EC0B142B8900B8E1B680002F04907B1
:100C60003C1EE440FB80160464300AF00C1B900B21
:100C7000123B942B43B8964B7E14E800FC24A10B46
:100C80008435881EBE54910AFB8006040416973BE7
:100C9000408040004270DC0048505C006CD8DC00B2
:100CA0008101CFFC0C0CA8F1DD93F27CFA1C044C02
:100CB000807B026B81810191407283250009F0A441
:100CC000C02C63F1E3FC000A8D0B8225029480F5B1
:100CD0008E0B7A80EFFC448882918083E140120A77
:100CE000900BFAB5F21C0C4CC1C3DD93FA7C040CDA
:100CF000EC501EF04006006B0004E118191482BB92
:100D0000088B8A7B0008869B7E1E84AB64F8911159
:100D1000002BEFE8E44000F00A843E0E3C7EE090B9
:100D200064E10660160BC0AD4DF8941B924B6FB496
:100D3000A17B807B0C298265402B6C1D54588C0B49
:100D40008E1B68008101230B090480E5C9078171AE
:100D50006FFD00027E14C0FF040CA8F10C0C8E0B7A
:100D6000DD93F27CFA3C040C0E00026BC0B065719E
:100D700064711000810140AF6004130683759DA16A
:100D800078810E194410C001C917703CE6AA442AA4
:100D90008D2B822380000E198000100B08486728D5
:100DA000840402106C04129084818271FA35A19B34
:100DB0000C0CD007DD93F23CFA00040C0206006B29
:100DC0005DF8E28043F6E8480586600C7B98E01009
:100DD0008C0B6FA8457601110C0BE0000C0C8C3BC2
:100DE0003E38F200C1C3E040FA9C040C4096006B10
:100DF0004C01E004402B6C1D0206827B8C0B628050
:100E0000E8485C08E4400E8A0C2982D5402B6C1D12
:100E1000E00042B668004DA850B68C0B230BE000F2
:100E20008C85817161880074060991910494831105
:100E3000A11F69804022C82781117984441281A5AD
:100E4000044AF91C4462F80C82115084C000440129
:100E5000E040020A0111FCB50C0B9F2167B88C3BE6
:100E6000808BE8408455A18B6AA90C09A30BC02B89
:100E700000608435408B66B1E0100206411E81455A
:100E8000EC041290FE95A19B900B8181F29C0C0CBE
:100E90000C0BDD930C0C8C1B1C78F29CC1C3E03C4A
:100EA000FA00040C61004C46E004453640219814D9
:100EB000C02B6C1D442084288426F3EC84289814CD
:100EC000F3F84420434604266258E01C832168441A
:100ED00080189804F3F442100C0C8016DD93F20095
:100EE000FA80000C4186003B0004E148E00409461A
:100EF0006C1D46418048C02BFC9C084441C60046FE
:100F00008004E148830100166C2546218111402BA5
:100F10006FF078A8080C862B0FD8F280C1C3FFF0C1
:100F2000FA3C040C8101006B68144D4881818111E9
:100F300068286FC81286807BA404E13C42108018A8
:100F40008016F3BCE83072C8951103A18C0B032105
:100F5000E8445E28E11041468486801480A680041F
:100F60008018A4040016E01979B88C0B00C6EFFCB9
:100F70008004E12C421080180016F3F8E1184106B5
:100F800000868004E114410680188004F2FC4210BF
:100F9000414600160004E11400868311E1144186E5
:100FA000008C8004E118000600868004E1180046E9
:100FB00000868004E11800C6008680040C0C8E0BAD
:100FC0000878F23CC1C3E014FA3C040C816102AB26
:100FD000807B21AB419C0CA4E00401166C1D4E01EA
:100FE000849B402B50044C60473881018111681468
:100FF0004256008B5CF8E0008E0B68140106216BF2
:101000004E01E004C02B6C1D012688A5941B6004D2
:101010006C1D4E018E0B402B6FFC764841C6922B07
:10102000402072FD600102068004FFC00206020F2C
:10103000C02072C1FCC4000401C6040E8004E19803
:101040008475A30B72C102068E0B4020EFEC76E88C
:10105000013681F5941B60046C1D4E018E0B402BF4
:101060006FFC74088195922B6800416842968E0B44
:101070008E0B6000E81459086000426658B88E0B69
:101080000311E8144258900B8C0BE814F23C0C0C42
:10109000C1C3DD93FA84040C0C0B806BC0156E0980
:1010A00072F940004C03C0FF40156E094C018101EC
:1010B000C02B64D5E8007D688C0B007BE8185E4887
:1010C00068007C8847F88C0BA17BE80C49F88625E2
:1010D0008C0B68006800418801C68C0B42466FDCAF
:1010E000421EE00402168311E01C4346F808401536
:1010F000EFF069280C0C8C0B0A78F2840C0CE00CD5
:10110000DD93F284634900190656402DC001600149
:101110006401403583314005681540338121400A20
:1011200065454031070640224031E008401B656DAF
:101130004031E0194022654D4031A1414028648989
:101140004011AF31402D6349601102264031C0C0CB
:1011500040286491E00C47F6632940159111400B3B
:1011600067C940310606402D4033E00840136985C9
:10117000E08C0606681140134011C00A4027631531
:10118000E010038669914013438640134033E0002A
:1011900040136995E000468663314011891140276C
:1011A00063354031003BC027C00A69316C61401192
:1011B000851140226C6540119D1140226FB1401194
:1011C000023440224021FCA8C02C6E516809402303
:1011D0004023C00AC00A680D611D40259521400AC0
:1011E000656540414043C01BC0146241648D40218D
:1011F0004043C028C0136981631140414021C0278A
:10120000C0226FB569314013DD93C00AF87C040C2D
:10121000600C148663C0040E40A3C0BB40156DB5BE
:10122000EFFC55F66DC140A355F6401540A1E00C0A
:10123000402C6CFDE07C0706636940A155F6402D0B
:10124000C02072FD645940250506400540A5E00810
:10125000400B64E1E00457C664E540A5BDA1400B26
:101260006E254021832140296E8140B1B7B1402CC9
:1012700063A940A11456402DC02070016AE140339B
:10128000120640154033E008401C626DE0004686BF
:1012900060240D86E05C11C66E8940B1ABB1402C74
:1012A0006225403346C6401C4021E000402B6511BA
:1012B0004021A351402B65D1E0400E0666814021BC
:1012C0008111402B6685402191C1402B6B8D4021BF
:1012D0008541402B6B9140214021C02BC02C6D617A
:1012E0006E5D40214021C02CC02C6E616E9140216A
:1012F0004021C02CC02C6E996331402140A5C02DE7
:10130000C00B64ED64F140A58DA1400B681D402128
:101310004021C02DC02D69D969DD40214021C02D5B
:10132000C02D6A7D64D54021A92140386B1D4063E2
:101330000C0640154083F90040156DB1E0CC10D685
:101340006E9540B116C6402C40A1E00C402D63D1F3
:1013500072BD55F64023C020401C6211E01044C607
:10136000622940330706401C4091E018C0296E21D5
:101370006E2940914091C029402C6E9D4051B591FD
:10138000402B65C9EFF04B866D9540650C0E400A09
:101390004083FFC040156DB9E0005066634940B11D
:1013A0001786402D4023E060401C62154033A12188
:1013B000401C622DE0F84606632940914091C02D03
:1013C000C02D633963D940914091C02D402D6409EF
:1013D0006001120640A5C020C00B64F964FD40A561
:1013E0001466400BC02068016B1940539951401599
:1013F0006D9940658961400A6D9D40758B71400A09
:101400006B9540818F81402B69A940B387B140160D
:10141000623140334646401C4095E0F8C00B6505FC
:1014200065094095B991400B651140A540A5C00BD9
:10143000400B6515402393A1C01C622162414023EB
:101440004023C01C401C6245E018040662054011A0
:101450004041C015C02B653165CD40C14051C02B06
:10146000C02B66416AA140714061C02BC02B6AA5A8
:101470006B8940614081C02BC02C6D516E594081F9
:101480004061C02CC02C6E656E69406140C1C02CAB
:10149000C02C6E856E8D404140C1C02CC02C6EA505
:1014A000632540714071C02DC02D633563414041BB
:1014B0004071C02DC02D6345635940B14071C02DAE
:1014C000C02D635D636140614071C02DC02D6365B7
:1014D000636D401140B1C02DC02D637163A1407197
:1014E0004071C02DC02D63A563D540714081C02DD2
:1014F000C02D64016405407140C1C02DC02D643110
:10150000643540714091C02DC02D6439646140A1A3
:101510004071C02DC02D6465646940914081C02D2B
:10152000C02D6531653540814061C02DC02D6811E9
:101530006A31404140C1C02DC02D6A356A3940B181
:101540004061C02DC02D6A7164D140114013C03874
:10155000C01C6219621D40534033C01CC01C623560
:10156000623940134013C01CC01C623D62494023D5
:101570004023C01CC01C624D625140234013C01C5C
:10158000C01C6255F07C0C0CC1C3DD93F83C044CCC
:10159000614C4446E4500A0091C10A140C86483458
:1015A000C00061954E860844C0006195E686443AC5
:1015B00061900644E4100800558A8355EC0418C075
:1015C000C987D19266A2502AE1F41494508A86A960
:1015D0009493600EFB001294508A8597D99EE686FC
:1015E000A1CBDD8E0012FA75619904860202C0005B
:1015F000619906C6881EC0000C4C8C0EDD93F03C31
:1016000004C60002C0006199840D88245A005C0859
:10161000C0000006619504868834C0004486870DAA
:10162000C0000195C000042504358EB5870DE01C6F
:1016300001990446042580008C858000833101A532
:10164000FA8008340845C447804DFC08823180B5D3
:10165000F418070A0630FCC50A34EC040850FA8076
:10166000C45764047C080A350825C447A623FC082F
:101670000605A12B800004066195588646024000AD
:101680000A55F18C0845FC30AA43FC30E17C184433
:101690009843F5C7463A8D47443AE692CC27E08A0C
:1016A00004148A23619906868C34C000FA00403203
:1016B000E682400AE082402AE40042CAE200000CCE
:1016C000C1C3DD93FA7C040CEC501EF0828B7C2E9F
:1016D000866B621875B8BE1E6008EFFC81A191810F
:1016E000E100000A104609157C14C00000049603AE
:1016F0008013FA80EC0002198885C3AD400ABE143D
:101700009403E686FA800E0460840074E088027414
:101710007C040C1500038C03C0016C01619C041453
:10172000E43002F0C5077E2E00F0110C7698E440FC
:10173000A10BEFFC50984E72C00000E60C014E0168
:101740008291C004FA800094F415D10D8211BC146A
:10175000FA800014560AD10D120646A25E15C0008A
:10176000FC35C000BE0482A17C7581ABC0000206BE
:101770000C0CA8F1DD93F27CF87C04CCE45DC2583B
:10178000400898958F5E81416100000A0B95910198
:10179000C0000046107498734E12FA800E99F0A0A3
:1017A000D34DEC00508A8E858883E696FA801084AB
:1017B000F0A054226C0114B9BDBBC004214B8C15A0
:1017C00064010E708A15C00388D5A59B640412803D
:1017D000640014A05622C013068470A416B9E084D5
:1017E00040046C018483C487169428B61420E084D6
:1017F000400E6401145BC49786A37C2C0455A85C3E
:10180000205EFC2464010A200A8BC00C86537C2CC9
:101810008F54948C06909C989C36EC040E648261E4
:10182000C17DFA808D34EE1518348231C1CDFA8035
:10183000468258CAC0000C06C0185E358241FC358D
:101840007C958B4BC0000606F07C0CCCC1C3DD93AD
:10185000E1144246841884146BF14011DD93C02BCF
:10186000E14C000680088004E000004AE200000C21
:10187000C1C3DD93614C000680048111DD938016A5
:1018800061484186E19805C683310004C219801879
:10189000883E8016C1C3DD9361484186E19805C644
:1018A00081310004421080188016F3F8DD93883EE1
:1018B000E14841868000800441C6A10D00058148B1
:1018C000001980004210800040119C04DD938000CC
:1018D000E14841868000800441C6A10D0005814891
:1018E000001980004210800040119C08DD938000A8
:1018F000E14841868000800441C6A10D0005814871
:101900000019800042108000401193F4DD938000A4
:10191000E14841868000800441C6A10D0005814850
:10192000001980004210800040119C10DD9380005F
:10193000E14841868000800441C6A10D0005814830
:101940000019800042108000401193ECDD9380006C
:10195000FAFC040C8101006B680C7BC88181811149
:10196000613456862C04807BE14C1306832103A14D
:10197000A4048086A4048086A40480A60C15808616
:10198000C00B69F94086A11B00158FDC8C0B000091
:10199000E8404DC883112C04404600A68004E13481
:1019A000A40480A6A4048086A40480A68C0B0086D0
:1019B000E81067A88E0B0311E80C78C867CD0C09F6
:1019C000A409C02D8275A50B6C210C09A70BC02B97
:1019D0008C0B80D5F2FC0C0CE02C1228F2FC0C0CC9
:1019E000C1C3DD93FA7C040CED501EF09711006B1F
:1019F000E8104D28EFDC4246400084088406F3F8E6
:101A000062650C09404AC0152258E08C0C09800020
:101A1000C02D6B8521F8A10B0660800040B667A140
:101A2000E0040006645004F081458111000049166D
:101A3000A10BEC041921FE953E3E81511B4881010A
:101A4000000AE0001B48F000525AC0008693E68A64
:101A5000E02012A91249A1AB15F8802812B9800024
:101A6000B1AB602CE0281249E18400B440407C0E08
:101A7000890EF0FCAC05FE4E1E05B3AB4002801093
:101A80000049909880150F4180000BA88EE5B5ABFA
:101A90001E05B7AB400280100041909880150E41A2
:101AA0000C09AAC54015621189C4B9ABE68240CAC7
:101AB0009A800004909840020E410049A6E5801AE1
:101AC000A425BBAB8A45BDAB81413FAB140AA6053B
:101AD0000C45E040800D0859140AA2850C45E044ED
:101AE000800D085D140AA0C50C49E04880360185C8
:101AF000140AA0C58685E04CE050140A89048815B4
:101B00008C03C40768E500458F35C00DC207890402
:101B1000004B8C03C00A6DA189048F2500418C0302
:101B2000C0156E416D4100010D35C0158904A043FB
:101B30008C03C407686500458BB5C00D08040924F3
:101B40003C5EFA808C2389016F4104398121401564
:101B50000E2485458873FA800E708C73C06B6641C5
:101B6000110A988B0635F41CC40404207010000A76
:101B7000E40418801C58FCD5FA80108410898C83EA
:101B8000C02E67C1FA800A54FA801084FA35915B3E
:101B900093C1040B89217BF5F40C448A18067675F1
:101BA000000AC00004047010A215FA80E080561AE2
:101BB000A000085806F07C040944E450BC5483217A
:101BC000E080400A5C100629F09040324420BE3488
:101BD0008026D004890495058C03C40764D1004590
:101BE0008175C005C407890400458C03C00565D113
:101BF00060010006814BFC00800008F8E024120917
:101C00008445AB0B8465A30B8865A50B8885A70B62
:101C10008A85A90BA015A10B814DA404A6049035BB
:101C20008265804DA40487D5814B0395814DA40422
:101C3000A60480958C85804D04F07C048944E45092
:101C40006080400A040983010735DC10D00440009D
:101C500001E5A404A604804D09C4804DE45000F0C1
:101C60000029FC348265FC30A404831509C4814B2F
:101C7000E45000F00029FC348205FC30464A7E44E2
:101C80000406E080018580007E44843BE080460AB3
:101C9000462083319803D004BE3480367C0481D53D
:101CA000E45004F0404A894481016080DC1004095A
:101CB00088237E4407158806BC549921564A8455CA
:101CC00082E5E08006F07C0409C4E450FE448121F2
:101CD000E080404A5C300629F0B04032FBE58026C7
:101CE000010A3E3484F5F40C8685AFAB8A85A5AB3A
:101CF0008C25A7AB8CC5A9AB8E85ABAB9025ADABC6
:101D00008235A3ABC227882304438C23400C6D216A
:101D1000EF559921FE4499217200404009458251B6
:101D20000823CF07664100600624C05880236084E2
:101D300064010429860340046C010043BE34C001E1
:101D40000705C827882384438C23C427689104454A
:101D50008585C005C427882304458C23C00660916F
:101D6000882385158C23C2276921044B9921400CB7
:101D70008823E96504498C23401A6A41E7F59921D3
:101D800000600823C058664160840624042980232B
:101D90004004600100438603C0016C01C827BE34C3
:101DA0006575A4430B0A992124C8E4FC4C159FFCDB
:101DB000400B69ED4C158101400B69E985A5812136
:101DC000645006F0EC8008107C040639FB904A123F
:101DD000647C030AEC7C08526C00104406CBA853C8
:101DE000180682110EC4800081C168909C00583092
:101DF0006F9006C44682A9CFB80F788C0652267F12
:101E00004C05EC04400B69E9AE2FA77F69ED4C252A
:101E1000020AC00BF4B5E100A10BA40F0C09880560
:101E2000C03864C564C10C19430DC03864C5006076
:101E300086F5C0E1EFDC42468818822B8816C2196D
:101E40006E0D0C19A31BC0368000021603114C1135
:101E500081F58038C209840883258406EFDC40467A
:101E60008408801BF3F8400000600406C0E164C5EC
:101E7000020A80180210E3FC4011C4041EF0C000E6
:101E80000C0CE550DD93F27CEFDC40468028801896
:101E90000419C217F3F444208026A22FC1C3DD9396
:101EA000EFDC0286E0700229E084440A9A005C08B4
:101EB00064D50029A72BC02B800002299C20442038
:101EC00080004221FFFC1468FA00040C6C510019D8
:101ED0000029C02BC0156141E08406146686422AA1
:101EE000FA8004346C494031060A402B421AF00053
:101EF0004011E00AC02B6C41810180A5F2000C0C5E
:101F00000029DD93402B6C1DE00842966FF845E8F0
:101F1000E0084C960C06A30B8C0BC000F2000C0CD6
:101F2000C1C3DD93FA00040C6C5500190029C02BC5
:101F3000C0156145E08406146686422AFA8004349E
:101F40006C4D4031060A402B421AF0004011E00A65
:101F5000C02B6C45810180A5F2000C0C0029DD939B
:101F6000402B6C1DE00842966FF84308E0084C9641
:101F70000C06A30B8C0BC000F2000C0CC1C3DD934C
:101F8000FA04044C0C09806BC0156145EC04020096
:101F9000F41C030A0C1982D5C0156141EC0404102D
:101FA000F424050A400A80D5008AE6868435E54493
:101FB0006C1D0C290FF6402B03F6E0088C0B600813
:101FC000EFF840480D78A30B0C198000C015614153
:101FD00061510C0904144015440AFA80050AE68A86
:101FE0008295E4A061450C290C39C015C0156155D6
:101FF000E68A443AE484048A0C298495402B6C1DBB
:10200000E0084E76600842767DF88C0BA30BEFF467
:1020100080000B2861410C190C09C015C0156151D5
:102020007A800214FA80040461490C39422AC015EE
:102030008613E686E4A0030A0C198415C0156145D1
:1020400061550C290C39C015C015614DE686422A30
:10205000028A86138415E4846C1D0C294E76402B6D
:102060004276E0088C0B6008EFF47B08A065A30BB8
:1020700061510C09000AC01586D5F01061550C0994
:10208000A90BC0150C098635C0156141E080404A96
:102090000C0980E5C0156145E080400A0C2982A545
:1020A000402B6C1DE0084E066008420678D88C0B69
:1020B000A30BEFF40C099805C0156149F80C004A10
:1020C0000C098465C015614DF80C004A0C0982A505
:1020D000C0156151F80C004A0C0980E5C015615526
:1020E000F80C000A0C2982A5402B6C1DE0084E1646
:1020F0006008421676988C0BA30BEFF40C098E85C2
:10210000C015614188B5A30B61450C09A30BC0152F
:102110000C098815C0156151EC100000F430010A5B
:102120000C0982554015615500008171008AEC1040
:102130008835F4346C1D0C294E36402B4236E008AD
:102140008C0B6008EFF474280355A30BC0000E0637
:1021500061510C09B10BC015A90B82050C0984153E
:10216000C0156155A90B016561550C09B10BC0156E
:10217000817100D50C4C8E0BDD93F2046C1D0C2983
:102180004E26402B4226E0088C0B6008EFF471E8E5
:102190000E06A30B8E0BC000F2040C4CC1C3DD93E2
:1021A000FA0004CC8101006B66350C1B9906C01641
:1021B000424A9106420660804C11E004C02B6C1D1F
:1021C00080000C586FFC6DE8A10B8C0BC0000BF865
:1021D00061410C0904F040150C19E420C01561455B
:1021E0006682401AE43002F063094C018C0B401502
:1021F000E8004B8861490C099918C015614D0C29FC
:102200001138C0150C09C507401561414C118013E8
:10221000402B6C39E188082461510C198643401524
:1022200061550C29A30B401561450C394C41C01573
:10223000C02B6C3D6C514C114C21C02BC02B6C55EC
:10224000060A80959C45F004F40C070A4C2184553D
:10225000402B6C4D4C31EA0DC02B6C4563588C25DE
:102260008C0B6FFC9C55A10B6C410C0985E5C02BB8
:10227000F010060A680D86154C218931C02B6C4D73
:102280006C454C318685C02B6FFC6208A10B8C0B12
:102290000C0996B5C02B6C418615AB0B6FFC6448DE
:1022A000FD158C0B6FFC6408A10B8C0B0C0992F5CF
:1022B000C0156141F495E80D6C510C194C11C02BFF
:1022C000C02B6C496C414C010C19C02B402B6C4548
:1022D000FA8000046C4D0C39401AC02B0C19E682B0
:1022E000C02B6C556C510C09000A402B0416E040C1
:1022F0004C218000802C0C816C490C294C11C02B86
:10230000002B0C6DFA8002140C694C01443A802BAE
:10231000401AE68A402AE6824C01E002402C6C79A1
:10232000FA80020466314C134498C0168C0B680086
:102330008295A10B6FF064E8A10B8C0B73B880F54C
:102340008C0B682468304F0821118C0B4C118321B1
:10235000C01B656165414C210CCCC022DD93F200AD
:10236000681100490039C02740276815088A810193
:102370000844E54000408188068A0C500406E500C8
:10238000063481010034818800009A8088068C40E0
:10239000A13B8438C4080630C1880634C0004231ED
:1023A000C0000409FBFC000ADA800004C408000035
:1023B000C188000440004401DD938101FA00040C4F
:1023C000680040C8A10B806B0C0C8085DD93F20087
:1023D0000C0C8C0B8B55F200FA04044C0C19806B1E
:1023E000C02B6C516C550C09441AC02BA12BE50273
:1023F0000C398605C02B6C4D6C490C490C59C02B0F
:10240000C02B6C456C410CC9464AC02B48CAE50E2E
:10241000464AE516443AE50E0365E00AEFFC04225D
:102420006C1D0C294E56402B4256E0088C0B600860
:10243000EFF45CC88805A30B6C510C198121402B6B
:102440006C550C090424C02BC2077A800422017148
:102450004C01ED00401B63054C11C217401B63018A
:10246000E004000663094C014C21C01BC01B630D36
:1024700063114C718E0BC01BF2040C4CC1C3DD9375
:10248000FA7C040CEC301EF08101006B630D0C79BA
:1024900002F0401B0C99E420C02B6C516C550CA928
:1024A000FC0EC02B3C06890645188C0BA10BE800DE
:1024B000C000100600081E859095A10B641002F064
:1024C00074F89E2B8C0B6FFC8E65A18B6C3D0C39C8
:1024D0000290402B3C48EC04EC0404A06C390C59ED
:1024E00081C1402BA8338908608C083464200660C1
:1024F000A053C06DC6570545124402C151CDFA80A4
:10250000F0945412790046A1F0A4562282258CB68C
:102510006C510C990A54402BC297FA80925301D502
:102520006C550C4981C1402B6C390C59C247C02BEA
:10253000924320530E70C65782316C04F6B5A17BCE
:1025400098F18101F27C0C0CC1C3DD936C51003910
:10255000824B402B6C4900290019C02BC02B6C41C9
:10256000C1C38725FA04040CEC301EF08101007B06
:10257000826B7C0E02F03E0E7E98E4208E0B6FFC88
:102580008415A10B641002F041188E0BA10BE8001A
:10259000FC048235401ABE140002E682180EEFFCDD
:1025A00098F18101F2040C0CC1C3DD936C55003924
:1025B000824B402B6C4D00290019C02BC02B6C4561
:1025C000C1C38125FA00040C8285A13BE50A401AAB
:1025D000E00E400AEFFC00028101100EF2000C0C2C
:1025E0000029DD93402B6C1DE00842566FF44EE845
:1025F000E0084C560C06A30B8C0BC000F2000C0C30
:10260000C1C3DD93FA045E65EC100CF0741C5E60CF
:10261000BC6E8861FE8003FCF804170CEC301EF0E1
:102620008193818341C6C183432661488004E00CC5
:10263000418600168004E148021480188016FC9C34
:10264000EFE456A86F9C6248C1C38101FA00004CB8
:10265000614841C6E00C4336001680046011000654
:102660000004C020E148438680188404FC9C0214C6
:102670005518801660B8EFE481016F9CFA00004C99
:10268000614841C6E00C4346001680046011000614
:102690000004C020E148438680188404FC9C021496
:1026A000539880165F38EFE481016F9CFA00004C6C
:1026B000614841C6E00C43760016800460110006B4
:1026C0000004C020E148438680188404FC9C021466
:1026D000521880165DB8EFE481016F9CFA00004C3F
:1026E000614841C6E00C4396001680046011000664
:1026F0000004C020E148438680188404FC9C021436
:10270000509880165C38EFE481016F9CFA00004C11
:10271000614841C6E00C43A6001680046011000623
:102720000004C020E148438680188404FC9C021405
:102730004F1880165AB8EFE481016F9CFA00004CE4
:10274000614841C6E00C43E60016800460110006B3
:102750000004C020E148438680188404FC9C0214D5
:102760004D9880165938EFE481016F9CFA00004CB7
:10277000E2C0002C614841C6E00C43F6001680041C
:10278000E148418680188004FC9C02144C38801675
:1027900057D8EFE481016F9CFE1C04CC6FF84628EB
:1027A000807B806BE0000E2A400105F80501800067
:1027B0004C018191402B6C1DE19400061060009E3D
:1027C000C0AF641DEFE87D688265A10BA00687019C
:1027D000EFF84528EFF84568EFE449E8EFE87D08B1
:1027E000458601116AD8EE108C0B6F9C6FDC008659
:1027F0006A78811144C66F9C0086E0004286600CB6
:102800004C15E03C400E60D9600102064C05C07DCD
:10281000C00E60CD60D14C054C05C00E400E60D599
:102820004C058B01400E60DD4C158301400A6D495B
:10283000E05003E66E914C010006402C4C13E4007E
:1028400040166739E0004216673D4C03007640169B
:10285000C02060096E014C13871140154C11809601
:10286000C03864C10006830510606194C0AF641C69
:10287000231B80144C118311402B6C1DC0000206D9
:10288000C0004015EFE45AA8646018F060188C0B83
:102890008D04E8108255A10BA19B8F94014680E521
:1028A0008004E134A30B80045ED888958C0B680CFF
:1028B00010B6202802B6E0088C0B6008EFF07868AC
:1028C00068384AC851F88C0B8C0B68047D38A18B92
:1028D00050006FF47D589C0041D8EFF40101EFE403
:1028E0006A1883118C2B6FE40CCC900BDD93F61CD3
:1028F000680C7A48008B8C0BA18B8C0B48788085F8
:10290000FBF5EFF4E81464E8A18B808B7A18F65598
:102910008C0B6FF4E8004588400104488C0B0000E4
:10292000EFF447686FF07F0801C68C0B42466FDCFE
:10293000421EE00402168311E01C4346F8084015CD
:10294000EFE466A86800482800C68C0B9711614C1C
:10295000A39B000481810191004600160004E14C14
:1029600080169D11745880B58C0B680C020E808BFC
:1029700040106001E5400006022B8185EC04000058
:102980000233C934C69F841BFE15A10B72FD41C6DC
:10299000009EC02044188C0BA18BE8388135E4B52B
:1029A000E83843C88E1B0C0B6FE86F08808B8E2BAA
:1029B000E255A18B9F2101118C0B0331E8344DE8C6
:1029C000808B7135612000C68004811101060016DC
:1029D0008004E120014600168004E12001860016F3
:1029E0008004E12001C600168004E12040060016A4
:1029F0008004E120404600168004E1204086001655
:102A00008004E12040C600168004E1204106001643
:102A10008004E120414600168004E1204186001632
:102A20008004E12041C600168004E1200006001663
:102A30008004E124004600168004E124008600168C
:102A40008004E124DD93801662650009024640158A
:102A50000414E14C8809813144208428202FF3ECB0
:102A6000E13440868311042600168004E134404698
:102A700000168004E14C01068836802488168024E4
:102A800000368004E134400600168004E14C0086E4
:102A9000430600048016E000C1C3DD936805001BF7
:102AA000002BC00AC00A68016815003B004BC00A31
:102AB000400A6809002BE017400A680D005BA41F5C
:102AC000400A6811801EE037282FE027822EAA3F97
:102AD000DD93C03EFA045E65EC100CF0741C5E6081
:102AE000BC6E8861FE8407FCF804170CEC501EF0E5
:102AF000819381830161C183E03C41F66FA055A8B9
:102B0000010681114F066198001AE14CE138440634
:102B100088449C34001CC2194601A101402B6C1D45
:102B2000101683118804831141F600665418E03CA6
:102B30007BD8EFA01C04E8144D188111A8F1E80817
:102B4000F0041F0CF6840FFCFD64BCF4C1C3C15338
:102B5000FA045E65EC100CF0741C5E60BC6E88615B
:102B6000FE8003FCF804170CEC301EF08193818387
:102B70000106C18345066198001AE14CE13846869A
:102B80008C548844001CC4194801A301402B6C1DBF
:102B9000141683118C0481118804801667CD0019E6
:102BA000C819C02D67CD40118311402DE808498810
:102BB0001F0C98F10BFCF004BCF4F680C153FD64CB
:102BC000FA045E65EC100CF0741C5E60BC6E8861EB
:102BD000FE8407FCF804170CEC501EF081938183EF
:102BE00041F6C1838111603CEFA04E48614C4D0617
:102BF0009804A5116C1D40118511402BE808470869
:102C0000E1384F4680189C04E080420A0106864560
:102C100045066198801AE138C81988348C08801CF0
:102C20008C06C20980188804F3F8421098048016B4
:102C3000E8347568022618044518E0109C04E8087A
:102C4000400A800884C5E08461980106E1384506A1
:102C50008834801A801CD019C4098C0888048C061A
:102C6000421080180016F3F4E020022643789804FE
:102C700041F6E8088311603CEFA049C81F0CA8F199
:102C80000FFCF004BCF4F684C153FD64FA045E65E5
:102C9000EC100CF0741C5E60BC6E8861FE8407FC56
:102CA000F804170CEC501EF08193818341F6C18328
:102CB0008111603CEFA047E8614C4D069804A711D4
:102CC0006C1D40118711402BE80840A8E13C0E46DE
:102CD00080189C04E080420A010684E5040661989D
:102CE000801AE13CE01988348C08801C8C06C209EB
:102CF00080188804F3F84210023600169804E01099
:102D0000E8047EE880189C04E084420A01068605F7
:102D100004066198801AE13C02148834801CFC94FB
:102D2000C4098C0888048C06421080180016F3F43D
:102D3000E02002367D3898049C04E804400A8008AC
:102D40008A05E08861980106E13C04068834801A0F
:102D5000FC9802148C08801C8C06C8098018880412
:102D6000F3EC421041C600168004E138421080188E
:102D70008016F3EC001B9804C0156E09FC98021431
:102D80006E094013023640157A98E0404C38E8044A
:102D900041F6EFE08311603CEFA040C81F0CA8F1A2
:102DA0000FFCF004BCF4F684C153FD64FA045E65C4
:102DB000EC100CF0741C5E60BC6E8861FE8407FC35
:102DC000F804170CEC501EF08193818341F6C18307
:102DD0008111603CEF9C7EE8614C4D069804A9117E
:102DE0006C1D40118911402BE80477A8E13C0F06C7
:102DF00080189C04E080420A010686A504C66198FA
:102E0000801AE13C02148834801CFC9CC2098C08A6
:102E100088048C06421080180016F3F8E010024671
:102E200075D898041804E804E00C4296E8044C684D
:102E300080189C04E084420A010686A504C66198B5
:102E4000801AE13C02148834801CFCA0C4098C0860
:102E500088048C06421080180016F3F4E00C42A699
:102E60004AB898041804E804E0200246E80473888D
:102E700080189C04E088420A010686A504C6619871
:102E8000801AE13C02148834801CFCA4C8098C0818
:102E900088048C06421080180016F3ECE00C42B651
:102EA00048B898041804E804E0400246E804718831
:102EB00080189C04E08C420A010686A504C661982D
:102EC000801AE13C02148834801CFCA8D0098C08CC
:102ED00088048C06421080180016F3DCE08002465D
:102EE0006FD898041804E804E00C42C6E804466869
:102EF00080189C04E090420A010686A504C66198E9
:102F0000801AE13C02148834801CFCACE0098C0877
:102F100088048C06421080180016F3BCE1000246BB
:102F20006DD898041804E804E00C42D6E80444681C
:102F300080189C04E094420A010686C504C6619884
:102F4000801AE13C02148834801CFCB000048C0818
:102F50008C06FC9480188804F37C4210024600160C
:102F60009804E200E8046BC842E618044258E00CFA
:102F70009C04E804420A801886C5E098619801061E
:102F8000E13C04C68834801AFCB402148C08801C0E
:102F9000FC98000488048C06421080180016F2FC8D
:102FA000E400024669B898041804E804E00C42F60C
:102FB000E804404800009C04820DFF1100C686B55D
:102FC0008014E13C042484288426FC9C801880041E
:102FD000F1FC421003060016842AE19804249804A8
:102FE000042CFCB8E8000246E80467A8430618046D
:102FF0007F98E00C41F6E8008311603CEF9C6DA8DF
:103000001F0CA8F10FFCF004BCF4F684C153FD645E
:10301000FA045E65EC100CF0741C5E60BC6E886196
:10302000FE8407FCF804170CEC501EF0819381839A
:103030000161C183E03C41F66F9C6BC84F06811172
:103040000306614C1C04E198E13C4646AB41042A6E
:1030500040418C54C02B6C1D7CBC0024040C83218B
:1030600094268B1180668C0463989C049C04E8046D
:10307000EFE07128603C41F669B88311A8F1EF9C3C
:10308000F0041F0CF6840FFCFD64BCF4C1C3C153F3
:10309000FA045E65EC100CF0741C5E60BC6E886116
:1030A000FE8C07FCF804170CEC401EF08193818322
:1030B0000161C183E03C41F66F9C67C84F068111F6
:1030C000AD01614C83811C146C1D42018301402BB6
:1030D000EFE47288E13C41C60486801480048D11BF
:1030E0009C048066E8045FC8603C41F66618831162
:1030F000A0F1EF9CF0041F0CF68C0FFCFD64BCF4F7
:10310000C1C3C153FA045E65EC100CF0741C5E6020
:10311000BC6E8861FE8407FCF804170CEC501EF0AE
:103120008193818341F6C1838111603C6F9C642847
:103130004F068161AF01614C42019C14402B6C1D14
:103140006EF881011C04EFE45C988F110086E8049E
:103150008018EFDCF8C0020A801880E5F0C0421049
:10316000E080020A9C1482B56C150219420AC02B39
:103170000019E0848018C070F3DC42109C048016B3
:103180006C150019420AC02B8445E08468045A88F3
:10319000E010027668D89C049C04EFE46E09001BE2
:1031A0004210C015C0FD73FD6E0940130146C015E5
:1031B000831161400016800400668311E03C41F6F3
:1031C000EF9C5F881F0CA8F10FFCF004BCF4F684A0
:1031D000C153FD64FA045E65EC100CF0741C5E6073
:1031E000BC6E8861FE8003FCF804170CEC301EF006
:1031F00081938183001CC1834000E2C002067F00EE
:10320000840EE19CE340001C614C4106E14042C653
:10321000B1310004834104246C1D40310846C02BA9
:103220008414812191110426E80455A81F0C98F1FB
:103230000BFCF004BCF4F680C153FD64FA045E6537
:10324000EC100CF0741C5E60BC6E8861FE8407FCA0
:10325000F804170CEC501EF081938183001CC1838D
:103260004000E2C002067F00840EE19CE340001CA7
:10327000614C4F06E13442C6B3211C044DC6041410
:103280004021E198C02B6C1D1816841852789311B8
:103290009808E80482E5A70B84A5A30B8665A50B17
:1032A0008855A10B02961C045198E010C183E804D4
:1032B0008385C11302961C045118E080C183E80481
:1032C0008305C71302961C045098E020C183E804CC
:1032D0008185C31302961C045018E040C183E804A2
:1032E0008101C513004698068311614481210004C1
:1032F0008016A8F11F0C80260FFCF004BCF4F684A5
:10330000C153FD64FA04044C68005EE8A10B806BB5
:10331000C0001D4863290C39404E402DC0106CDDA3
:1033200063210C190C29C02DC02D6325618408343C
:103330005478823982496F9C1BF8A10B0C39C0006C
:10334000402D63396CE5400E0C19C010C02D63315F
:1033500063350C290834C02D823961846F9C532851
:10336000A10B8249C0001AA863490C39010E402DF7
:10337000C0106CED63410C190C29C02DC02D6345A4
:103380006184083451D8823982496F9C1958A10B45
:103390000C3BC000401669A96CF901CE0C19C01095
:1033A000C02D6359635D0C290834C02D82396184B6
:1033B0006F9C5088A10B8249C000180863710C39BA
:1033C00041CE402DC0106D0963610C190C29C02D30
:1033D000C02D6365618408344F38823982496F9CFF
:1033E00016B8A10B0C39C000402D63A96D31400EF9
:1033F0000C19C010C02D63A163A50C290834C02D81
:10340000823961846F9C4DE8A10B8249C000156828
:1034100063D90C39400E402DC0106D3963D10C19A1
:103420000C29C02DC02D63D5618408344C98823995
:1034300082496F9C1418A10B0C39C000402D6409FF
:103440006D41014E0C19C010C02D640164050C299A
:103450000834C02D823961846F9C4B48A10B82498E
:10346000C00012C864390C39404E402DC0106D4D5B
:1034700064310C190C29C02DC02D64354A188239CD
:10348000864B6F9C1198A10B0C39C000402D6469CC
:103490006D5500CE0C19C010C02D646164650C29F7
:1034A0000834C02D823961846F9C48C8A10B8249C1
:1034B000C00010486F9C4F4841F681018311603C69
:1034C000EF9C478863290C0903C6402D8414E1381A
:1034D0008209C707424604060C09E138C02D63394A
:1034E000C707841404068209E13840C60C298014F9
:1034F000C02D6349C927843846308229A43FF3F898
:103500008004843663490C198028C02D8419C9179A
:10351000F3F444200026A22FE13841C60C2B80147E
:10352000C01669A9CB27843846308229A43FF3F816
:103530008014843669A90C2B8438C0168429CB27C3
:10354000F3F446308436A43F0C1B8004C01669A9EE
:10355000CB17802844208819A22FF3EC0086002680
:103560000C19E13CC02D636900168004E13C014662
:1035700064E10C158004C00B0186001E0C15E13CB3
:10358000C00B64E5001E8004E13C03C663A90C097E
:103590008414C02D8209C507420604060C09E13CCB
:1035A000C02D63A9C707841404068209E13C40C604
:1035B00064ED0C158004C00B4106001E0C15E13CA7
:1035C000C00B64F1001E8004E13C434663D90C0942
:1035D0008414C02D8209C507438604060C09E13C0A
:1035E000C02D63D9C707841404068209E140004650
:1035F00064F90C158004C00B0086001E0C15E14018
:10360000C00B64FD001E8004E14002C664090C0981
:103610008414C02D8209C507030604060C09E14085
:10362000C02D6409C707841404068209E14001C65D
:1036300065050C158004C00B4006001E0C15E1400A
:10364000C00B6509001E8004E140424664390C0944
:103650008414C02D8209C507428604060C09E14086
:10366000C02D6439C707841404068209E14041462D
:1036700065110C158004C00B4186001E0C15E1403D
:10368000C00B6515001E8004E14043C664690C0947
:103690008414C02D8209C507020604060C09E14402
:1036A000C02D6469C707841404068209E134014609
:1036B000800480048455BF0B6C1D0C290EA6402B82
:1036C00002A6E0088C0B6008EFEC48080E06A30B7E
:1036D0008E0BC000F2040C4C8101DD93F2040C4C03
:1036E000C1C3DD93FA00040C0C09806BC02D63216B
:1036F00063250C197AD8C02DA10BEF980C099435CD
:10370000C02D633163350C197A38C02DA10BEF98A9
:103710000C0990F5C02D634163450C197998C02DB3
:10372000A10BEF980C098EB5C02D6359635D0C1980
:1037300078F8C02DA10BEF980C098C75C02D636132
:1037400063650C197858C02DA10BEF980C098A35C8
:10375000C02D63A163A50C1977B8C02DA10BEF98FC
:103760000C0986F5C02D63D163D50C197718C02DCF
:10377000A10BEF980C0984B5C02D640164050C19E8
:103780007678C02DA10BEF980C098275C02D64319D
:1037900064350C1975D8C02DA10BEF980C0C8085E1
:1037A000DD93F20064610C090C19C02DC02D646515
:1037B000F2000C0CFF9834E8FA80000C6C1D002914
:1037C0004038C02BA30BEFEC41F682558111603CD1
:1037D000EF986F08F280080CFFD839E8F280080CE7
:1037E000C1C3DD93FA0C040C0C0B806BC0156E0981
:1037F000E080400A0C298235402B6C1D0C0C8C0B90
:103800003E38F20C4E46FFE80E09EFDCC209F81014
:10381000F8104E016C210C09A70BC02B42368CF519
:103820008C0B6000E8005B886004424657388321B7
:103830008C0B683081811C08F3F840009C089C06C2
:10384000F3F440004E819C060C0BE030C0156E096D
:1038500073FD40004C03C0FD40156E0940F88C0B11
:1038600075F8E8208C0B6FE8614400C6E000424622
:1038700000868004E14401860086800458B88C0BE1
:103880000C0CE8003478F20C4256FFD88C0B600028
:10389000E80058286E090C0B02064015FFC06001B5
:1038A000FC9800046E094C0341C64015C02072FD0F
:1038B000020F800472C102060004C020040EFCC482
:1038C00072C102068C0BC020F20C0C0CFFD832E83F
:1038D000FA00040C8225A11B6F9866C8400683116C
:1038E0000C0CFA02DD93F2007A024C06E03C41F641
:1038F0006F9866088C0B8111F2000C0CC1C3DD932C
:10390000FA7C044C1206006B14C6E008574661149A
:103910001086E1108101613C817109956C1D4C910B
:103920008C0B402BE80044881415A10B0219C00031
:103930008E75C000680048C828148C0B8418A10B31
:10394000420A8C958C25E0848E1B0C0BE8004D08F8
:10395000E0C8000A62388AB52C04E81C8321811172
:103960009511001668304D882C048C0B801683113D
:103970008008A804E084404A40001605C000020602
:10398000C00040118018A004F3DC4210A00480168F
:10399000421080180016F3BCE11000C680188004A5
:1039A0000016C219E0004126E87D82710C4CEE053C
:1039B000DD93F27CFA0C040C6FEC7AC80E16806B67
:1039C00042C660084C71E010402B6C1D4A388121C2
:1039D0008C0B6830614400C6E1245086A01480043A
:1039E00084388028E080464A444A8465FE25E08C7D
:1039F000EFEC7A086C1D0C290216402B6E58E0087B
:103A00008C0B6FE88095A30BE8304F484F188195D9
:103A1000A004E830400A800880D5E0848E0B8171D4
:103A2000F20C0C0C7858DD930C29EFEC402B6C1D3C
:103A3000E0080E26600802266C788C0BA30BEFE8DA
:103A4000C0000E060C0C8E0BDD93F20CFA0C040C6D
:103A50006FEC76080026806B428660084C01E03CE3
:103A6000402B6C1D457881218C0B6830614400C669
:103A7000E1245046A014800484388028E080464A1F
:103A8000444A84A5FE25E08CEFEC75486C1D0C299A
:103A90000E46402B0246E0088C0B6008EFE8696890
:103AA0008095A30BE8304A684A388375A004E83053
:103AB000400A800882E5E084EFEC73C86C1D0C2995
:103AC0000E56402B0256E0088C0B6008EFE867E8C2
:103AD0008045A30B008681718004E13CD0198018D9
:103AE0008E0B0016F20C0C0CC1C3DD93FA1C044CB7
:103AF000806B027BEFEC70E860080036E004422641
:103B00006C1D4C018121402B6830406800C68C0B35
:103B100052C661448004E1248028A414464A8438B3
:103B200084A5E080E08C444A7038FE250C29EFEC37
:103B3000402B6C1DE00810666008026664588C0B10
:103B4000A30BEFE84558809581E5E830E83045283B
:103B50008008A404E084400A100600E5697D800026
:103B6000E0005126900B80A5F21C0C4C6E18DD93E2
:103B70000C29EFEC402B6C1DE0080E7660080276F5
:103B800062388C0BA30BEFE8C0000E060C4C8E0BBA
:103B9000DD93F21C6FA50025A12BC00B9A005C08D9
:103BA000E06C020A04CD00259AA580050025A51B1E
:103BB000800B0A0D840404200A0D402598C5800B53
:103BC0000025A71B800B0A15840404200A15402534
:103BD0009685800B0025A91B800B0A118404042004
:103BE0000A1140259445800B0025AB1B800B0A1958
:103BF000840404200A1940259205800B0025AD1B82
:103C0000800B0A1D840404200A1D40258EC5800BEC
:103C10000025AF1B800B0A21840404200A214025C3
:103C20008C85800B0025B11B800B0A2584040420A1
:103C30000A2540258A45800B0025B31B800B0A29E5
:103C4000840404200A2940258805800B86C5B51BFD
:103C50000025B71B800B0A2D840404200A2D402563
:103C60008485800B0025A31B800B0A098404042093
:103C70000A0940258245800BFC044410E074040AC4
:103C8000832180B56A3140250025C00B400B6A01B5
:103C900064010600C627C0BA448604334615E00016
:103CA0004206E0344615FC060015E038C00B6A01F8
:103CB000441A82114015E10AC00B6A010015A12BBC
:103CC000000B0A05800004060A0140250210800B43
:103CD00040158404800B0A05C1C3DD936FA5002540
:103CE000A12BC00B9A005C086B7500250600400BE9
:103CF000C0BB65D1E0004A868623C6274606C81E9B
:103D00000045FC06C00B6B7598214A3E4A4A824129
:103D10004045E116C00B6B750035A15B000B0B79BC
:103D2000800008060B7540450630800B4035840442
:103D3000000B0B79F024020A020A98A588C5F0044A
:103D4000F008020A020A9A658A85F00CF010020A4D
:103D5000020A9C259E45F014F018020A020A8AE520
:103D60008E05F01CF020020A020A90255C08F00083
:103D70000015DA00C00B6CBD821188246CBD4015A3
:103D80004025C00BC00B6CE50015DD93C00B6CC16A
:103D900040158211C00B6CC140158814C00B6CE932
:103DA0000015DD93C00B6CC940158211C00B6CC9A6
:103DB00040158814C00B6CF10015DD93C00B6CD559
:103DC000821188246CD540154025C00BC00B6CFDBA
:103DD0000015DD93C00B6CD940158211C00B6CD956
:103DE00040158814C00B6D010015DD93C00B6CDD10
:103DF000821188246CDD40154025C00BC00B6D0579
:103E00000015DD93C00B6CE140158211C00B6CE115
:103E100040158814C00B6D090015DD93C00B6CC5EF
:103E2000821188246CC540154025C00BC00B6CED79
:103E30000015DD93C00B6CCD821188246CCD40152C
:103E40004025C00BC00B6CF50035DD93400B6CD1E9
:103E50006015020A8231C0086CD140358834C00B2D
:103E60006CF940358445C00B6015020A5C08C0043B
:103E70000015DA00C00B6D0D821188246D0D401500
:103E80004025C00BC00B6D150015DD93C00B6D11E7
:103E900040158211C00B6D1140158814C00B6D19AF
:103EA000C1C3DD936FA50025A12BC00B9A005C0850
:103EB0006D1D00350800400BC0BD64716D250025E7
:103EC000C637C00B864302216D254025A921400B32
:103ED0004206D21E4815FC060015E010C00B6D1DF1
:103EE000441A82114015E10AC00B6D1D0015A12B6B
:103EF000000B0D21800004060D1D40250210800BD3
:103F000040158404800B0D21C1C3DD93FA04044CD9
:103F10000C05806BC00B6FA58AA5A10B6DE90C0584
:103F2000A921400B668A440AE0880604F08C4E62A0
:103F300000208C2340BD67C16A38A9214006EF905C
:103F40004E05FC06C00B6DC96DE90C058201C00B66
:103F50006DE94C05004A400B0C05F81C400B0DEDBB
:103F6000C00002060DE94C150000C00B4C05C4044E
:103F7000C00B0DEDF2040C4CC1C3DD936FA5002501
:103F8000A12BC00B9A005C086EB10025863AC00BCD
:103F9000F008024B1824065A041AE08C00C3C42708
:103FA00058538023C0176D7D6D7958135833C0174F
:103FB000C0176D756D7158434206C0174415FC0655
:103FC000C00B6E916EB100158211C00B6EB1401521
:103FD000024A400B0015F81C400B0EB5C000040649
:103FE0000EB140250210C00B4015C404C00B0EB525
:103FF000C1C3DD936FA50025A12BC00B9A005C08FF
:104000006F190025C634C00B609008240043C427F4
:1040100048358023C00B6F2D4835C434C00B6F2941
:1040200048358634C00B6F2548158414C00B6F21AA
:10403000FC0642066EF944150015C00BC00B6F1943
:1040400040158211400B6F19F81C024A0F1D001514
:104050000406400B4025C000C00B0F19C404021019
:104060000F1D4015DD93C00BFA0C040C614C4D067E
:10407000E1980346812118046E104786E1000AC6C4
:104080000386040C042EE198E19803C60286042EF0
:104090004025E1A4400B6FA9E10000460486001E04
:1040A000083EE10066A108100210C0BF40B967F1E8
:1040B000E1000506944E980476F8881E1804EFF087
:1040C0004071B571C02B6C1DEFF44EA842C61804A8
:1040D000840EE198E82C49A845861814880EE198CA
:1040E000682C49884286820B040EE198E03C41F638
:1040F0006F946608001C81115006E2C0C0006199EF
:104100000046200E5618E19CA004EF94E340001CEA
:10411000603C41F664D8831183816F944386180410
:10412000C480601569FD40150396400BD98463096E
:104130006C1D40714015C02BC00B6FA16FA5408551
:104140004058C00B9804E800C1C3FFD5FA0C040C1A
:1041500041F6007B62D8E03C81116F9409018161D6
:104160004E01B711402B6C194E118E0B402B6C1D5C
:10417000511883110E0BEFFCC0156E09E098404AF0
:104180000E1982E5C02B64C58AF5A71BEFDC0286F9
:10419000420A84188A25E080E080400A051188C51B
:1041A0004F988E0B5F78EFFCA10BE8085F9880B505
:1041B0008E0B68080E0B806B40156E094000831152
:1041C000C0FF72FD6E094E0341F640155F18E03CDA
:1041D000A16BEF940711A4D54DD88E0B72F8EFFCAC
:1041E0008E0B6FD4806B11E58E0B0911EFFC4D48DF
:1041F00064D50E09A70BC02B108692D5A008EFDC62
:10420000F8C0000AA00880E5F0C04000E080000A85
:104210000E0B9055C0156E09E080400A0E098E0500
:10422000C02B6C218C75A70B404AA0088AE5E08C56
:104230008E0B1B11EFFC4B086FD854C81D118E0B51
:104240004A988E0B7C18EFFC8E0B681864CD0E0517
:10425000E214C00586E5C20DC809A0088E0B200631
:10426000E8187F286E090E0B83114015FC98000496
:104270006E094E0341F6401559B8E03C0B11EF941E
:1042800048988E0B4138EFFC8155E80C8E0B1F11BE
:10429000EFFC4828603C41F658B883110E09EF94B2
:1042A000C02B6C11E098404A11118A8547388E0B5B
:1042B0000E05EFFCC00E60F5400685054E05FC06B8
:1042C000400E60FD6F588E0B56B8E8088E0B6808DC
:1042D000FC06400660F90E250E15C00EC00E60F5F6
:1042E00061014E058221C00E60F94E250010400E7E
:1042F0004E05EC04C00E60F5F815A10BC313C18385
:10430000603C41F6555883110064EF940C0CFA8020
:10431000DD93F20C6C194011DD93C02B6E0D00196A
:10432000A31BC036DA005C0863110019A31BC03858
:10433000002B82F540156E09E14C03C6442084141D
:10434000C0FF72F16E0940231EF8C015DD93FFD443
:10435000FA84040C4106006B0004E114832183718C
:10436000C4198018410600160004E1280076851162
:10437000E1284006007680047CD88C0B4046E82873
:10438000BD116128832100048C0B0076F2840C0C93
:10439000E0283C28FA7C044C4186008B0004E1288C
:1043A0000311827B5672866B154670888016E13445
:1043B00040868D25831161288121000441C6007645
:1043C0008004E128020600167A58E010900B682855
:1043D000614400C6E12C0246841480048038A8247D
:1043E000A14B8448884480858475A54BE08C460A9F
:1043F00088348085FC95A53B6C1D102902C6402B96
:104400005E38E008900B6FE4E00812C68CD5A10B73
:10441000612C0086000481118004812141C6180EA0
:104420008004E128020600167758E010900B6828F7
:10443000614400C6E12C0246841480048038A8241C
:10444000A34B8448884480858475A74BE08C460A3A
:1044500088348085FC95A73B6C1D102902C6402B33
:104460005B38E008900B6FE4E00812C680D5A10B22
:1044700082710861E6C5D67D920B8191F27C0C4C6D
:10448000C1C3DD93FA00040C612842460414816123
:104490000466832173F883114006E8288004E1282C
:1044A000410600668004E114421080188016F3F47F
:1044B000F2000C0CC1C3DD93E0180015E05000259C
:1044C0006127E017700142104025C300C0096E0942
:1044D000E0500025FB8004240406241FC3C06001B3
:1044E0006E0D40150015C009ED17E054F3F04210B1
:1044F000684140110015C027DD17E054F3F0421069
:10450000684540110015C0274011E058C0386315B8
:10451000E05800150406041FC30060018121051B3B
:104520008000022603154011020000388395E570D3
:1045300088210434C63BF137621142318434C027EC
:10454000C63BE137621542318434C027C63BD137C0
:1045500062194231C534C0274231C63BC027620DC3
:104560006061048AF8B5C00165D102008121400173
:10457000463B837542318821C0266D71E137843412
:104580004231C63BC0266D75D13784344231C63BBB
:10459000C0266D79C63BC5346D6D42310434C026EA
:1045A000E040048AF13778F5680140310015C027F2
:1045B000E117E184680540110015C027F117E18873
:1045C000681140110015C027E117E18868154011F6
:1045D0000015C027FF17E18C67F140110015C027B7
:1045E000F117E18CF0FC421067E140110015C02783
:1045F0000025E18CE917E18C9E194727A41FA0290B
:1046000067ED40110015C0270025E18CE117E18C12
:104610009E194527A41FA02967E940110015C0274E
:104620000025E18CD117E18C44203E19241FF08035
:10463000E004040667E540110015C0274015E1902D
:10464000C00A6EE9E1FC00154013E117C0136C29A4
:10465000E1FC00156C2D40130015C013D117E200CA
:10466000686540110015C0274011E200C027686945
:10467000E20400154011F117C027686DE20400152F
:104680004011E117C0276871E20400154011D117ED
:10469000C0276875E2040015687940110015C0272D
:1046A000F117E208687D401102004027C002643122
:1046B00045348175EC0404206C294235A12BC009D6
:1046C0000200FE354003643181B581218421043428
:1046D0004233E137C01368594233C534C0136855BB
:1046E000E500048A0200FC95400367318175892149
:1046F000042045344235EC04C00A6B1DFE35A12B65
:10470000677100009311400341248175EC0402108D
:10471000603D4025A11BC0055D93FE35C1C38101ED
:10472000FA00040CEF4C022980B5A12BEF3C0229C2
:104730009625A12BF93101218151074158528385DA
:104740004C52780C82C3F890FC1818C991C1582FAC
:10475000440A81B5C227609C73F9442018C0400107
:104760004420EC04A1CBD8748251FCB5E1400A0A84
:104770000706F8F5040A61380C34FBFC9FF8059E27
:10478000FA80042402398C2E872BEF4C074680F5E3
:104790008C34E134AF3B8C34021986F5832BEF3C2B
:1047A000034680F58414E134AF1B8414024684B5BB
:1047B0000CE661948638E0086C1D00298466C02BE5
:1047C000F3F046300636C439E00802E6EFE07FE851
:1047D0008255A10B005681858018E194F3F04210B8
:1047E0008016C2198C0B8161F2000C0CC1C3DD93E1
:1047F000FA00040C0206006B4C38E2805A98E82C50
:104800008C0B6FFC45F601110C0BE00C5C388C3BFB
:10481000A10BEFFC637882D58C0B6FFC8C1B0C0B0F
:10482000EFFC780880B5A10B6FFC648881018C0BCC
:10483000F2000C0CC1C3DD93FA0C040CB911006B2F
:10484000682C4A08E4100E60812129118E3B0C0B64
:10485000EFFC5A28A17B807B615880C58C0B6FFCD4
:10486000E0001E08642010600921851159388C0B66
:10487000903B6FFC8C0B007BEFFC60681D18A17BEC
:104880002014C000E1080E0604149C04D11761C076
:104890007A800614FA800424A1391F2968005C6814
:1048A0001C048911E114034684148008830B8418C6
:1048B000C0001AE8E1340146800480041A78A90B8C
:1048C0005A148000E1444F0604149C04F11761C09F
:1048D0007A800624F87C4410788046305A588B1130
:1048E0001C04E800E14842C684148008830B841845
:1048F000C00018E84F465A149C04E14461A0041417
:10490000FA8002147A800424F88046108B113F2923
:10491000E80058C843061C048008E1488418841441
:104920001758830B0C45C000028660108404E148D0
:10493000E1E0044444200038C43DFBFCE14780D55D
:10494000FA8004448065C53D8404802603860008FF
:104950008414E148830B8418C00015A8E0100C05EE
:10496000E0B8400A02468485D507614886090424D8
:1049700004048806E14803C684148008CB17841811
:10498000830B8619C0001448E0100C05E0B4400AFF
:1049900002068485D1076148860904240404880638
:1049A000E14803C684148008C7178418830B86194E
:1049B000C00012E8E0100C05E0B0400A43C6844590
:1049C0008E0961448806842403C604048008E148F3
:1049D00084188414830B8E19C00011A8E0100C05F4
:1049E000E094400A42068405C7076108860904244A
:1049F00004048806E114038684148008830B841859
:104A0000C0001068E0140C05E0F8400A02C68445B6
:104A1000F10761489E09042404048806E14842061F
:104A200084148008830B8418C0000F28E0140C0540
:104A3000E0F4400A03068445E90761489E0904241E
:104A400004048806E148424684148008830B8418D5
:104A5000C0000DE8E0140C05E0F0400A0346844570
:104A6000E10761489E09042404048806E14842865F
:104A700084148008830B8418C0000CA8E0140C0573
:104A8000E0B4400A43868625C907610084090424EE
:104A900046308838A03FF3F404048836E11403C696
:104AA000841480088418C307C01FCD17E080424AD1
:104AB0000C05AAC5400AE0148605E0B061004386F3
:104AC0000424C90788388209F3F846308836A03FA5
:104AD00003C604048008E11484188414C01FCB1793
:104AE000E080424A0C05A485400AE0148625E0AC2B
:104AF000610043460424C50788388409F3F446302E
:104B00008836A03F03C604048008E114C307841458
:104B1000C7178418424AC01F9E25E080E0140C0588
:104B2000E0A8400A43468605C507610082090424BF
:104B300046308838A03FF3F804048836E11403C6F1
:104B400084148008C5178418424AC01F96E5E08087
:104B5000E0140C05E0A4400A430684C58409610002
:104B600088388424F3F446308836A03F03C6040412
:104B70008008E11484188414424AC01F90E5E08440
:104B8000E0140C05E0A0400A430684858209610018
:104B900088388424F3F846308836A03F03C60404DE
:104BA0008008E11484188414420AC01F8AF5E0804A
:104BB000E0180C05E0F4400A02468605EB076104A4
:104BC00087310414788C460284288609F3F0442047
:104BD0000426A62FE1144206841884148619CB17E4
:104BE00084B5811BE0180C05E0071A147001400021
:104BF0008171430061C00414FB8002146E094C25CE
:104C0000A20F40096E0D4C0581B5C0096C1D0C2921
:104C10004E66402B4266E00C8C0B600CEFE05D684A
:104C20000C0C8E0BDD93F20C69840824E9840A34A1
:104C300018440048B85FE0840425A75BE984024477
:104C40008625A35B86A5A55B5C08A15BC44DDA0045
:104C5000A11B8065A11B84858185863582E5A11B0A
:104C60005C08A31BC44DDA00C74D82559A005C084E
:104C7000DD9380368205C44D80D5A11BDD9380264F
:104C800080168111C74DDD93A31B8065DD93FC4524
:104C9000FA1C044C986B008BEFF875C867C10E8046
:104CA000434640AE0121E00C7758900B8E3B6FF8E5
:104CB000A10B81911C1482357FFD45FE434AC03F04
:104CC000120CE408980EE2000C4C9A9EDD93F21C44
:104CD000FA84040C61984F061C6E806BE10002069A
:104CE000E82865088C0B1C14E80040888C0B1C1409
:104CF000F2840C0CC1C38765FA84040C807B026BC0
:104D000060084026655002704E01C089402B6C1D22
:104D1000641100600921C0116A9881310060E818AF
:104D200040116421650102702921C08969F881312F
:104D30000060E81840116471656102702121C0892A
:104D4000695881310060E818401164B165A10270B2
:104D50004506C08989316018F2840C0CE018288857
:104D6000FA7C040CECF01EF082BB006B6E050C09A3
:104D7000A30BC03616099675C00464A1E3FC000AB3
:104D80000C0994A540386321E19C4E0A001A8181E8
:104D90000B38E000C0002001600C00564C01967BEF
:104DA000402B6C1D66B112601460C0BF40C065210D
:104DB000641100B002B0C011401464616621166035
:104DC0000460C0AE40AE65A165E1187009BEC01FA9
:104DD00064C106607ECEC0AD652108607C2EC0AD8A
:104DE00065410A603E1EC0543C0E941B5538920B20
:104DF0008E2B6FC463210C094E0A4038001AE19CC7
:104E000007B8E000C0002001600C00666560066025
:104E10004C01C0D8402B6C1D141B920B4D988E2B4F
:104E2000964B6FC04E0A0DA54046E19C4346600874
:104E30004C01E14C402B6C1D641104B01860C01192
:104E400040AE65A1640110B00E60C010409F676164
:104E50006611086014B0C0AD401365B1679112B01F
:104E600017BEC010662116600404C0AE66D1026091
:104E70000FBEC0546451066019BEC09E0D9E8EBB0D
:104E800066710A608B8EC0A2FECE89AE186013CE0A
:104E9000C0A364A108607C4EC06C6701964B3E4E77
:104EA000BCCE9B8E9D2E951EEFB84988A18B808B22
:104EB000405688750A606008C0A164706C1D4C0182
:104EC0004146402B1734E14C9924964B0230800424
:104ED0004014646165E10E30892EC01FFC1EFE7E09
:104EE0009B249D14861B3E1E923B3CAEEFB44EE8C5
:104EF000A18B808BA18B8A456E890C051056400AC8
:104F00000C15C00CC00A6E8D6E910C250C35C00AB4
:104F1000C00A6E95693D4C034060400A4C13DC00AA
:104F2000400A6941C00C025669454C234C33C00A03
:104F3000C00A69490C1D0C294478C02B100BCFE026
:104F40000C0CF8F1DD93F27C60084266E14C4146BE
:104F50006C1D4C110260402BC0B667010A60192419
:104F6000C0A366E19B3480048E2B7C2E9514BE1E5C
:104F7000BC1E934469589D1417B4EFB4A18B808B69
:104F80009FFC30184E0A77A5C1C3E99CFA7C044CFB
:104F90004106008B008EE198E100020668284F2848
:104FA0000191900BE6D45406836117B1817109C554
:104FB0006E19101B00644015801FE8A49005A11B0A
:104FC000E13443868428841480A5A12B801F841893
:104FD0008CC5A11BF0A44C8268810C09000AC01B7F
:104FE000410663FC8014E198049480E5900B7A807C
:104FF000E800432868188145900B6FFC68810C0914
:105000000606401B0C14E138EC0404B0000A83616E
:105010001005E3FC1009DC28002707E55005A17BFB
:10502000C00A6E698255842CE1984106900B0014E9
:10503000EFFC6988613806068C04807B029180BC95
:1050400084B188A1E040120A8E0BEC95F27C0C4CE6
:10505000C1C3DD93FA0C040C808B027B60084036E0
:105060005001846B402B6C1D641100700280C011D4
:10507000406D65714FB889218131681864210070D5
:1050800002804011C06D652181312921E8184F0847
:1050900060880064658002800225C06D82037C0008
:1050A00089310C13611D4E250025C0014E25E040BD
:1050B00040016121E0184506E080000561254E05AC
:1050C0000209C0014E01E300C00464A1634002096B
:1050D000E0184306E686426A64A54E0182834004D6
:1050E00064B1007002804011C06E6501F20C0C0CBE
:1050F000E0180BE8FA3C040C15C6006B1060E1A048
:10510000405466D165411260286EC05467610E60DC
:10511000100BC0AE0C2B921B6A388E3BA10BEFCC50
:1051200028248455121B900B6C188E3BA10BEFCCDE
:10513000000014259C0040801C0042909C0046709A
:105140008FCC68E86E890C15A10B400A6E8D0C257A
:105150000E06400A0C358000C00A6E916E950C4513
:105160004C13C00AC00A693D69414C234C33C00A44
:10517000C00A694569494C438265C00A6C1D0C2907
:105180000E56402B0256E00C8C0B600CEFDC71E8E5
:105190000C0C8E0BDD93F23CF87C040CEC601EF0E2
:1051A0006141001915C640150029E0104015614500
:1051B000422A81B10029E686C0156211FA800214E4
:1051C00004000B2EC066664904007E2EC05866514E
:1051D00004007C2EC06B664597C5BE2EF08C440241
:1051E0006F410479E57DC0158B2482D5E68A483A63
:1051F000F09044026E410429F02DC01A544A80D523
:105200008075E48882B1157569910029A52BC02BA2
:1052100040880444C0000A16D080442208910495B6
:1052200086B5C00560840444802383516D210463E6
:105230000454C00CCF2DFA808088084490804842E6
:105240000891089588058005825108238023C2278C
:105250006D2104238D2DC00CFB55FAA5FA80045452
:105260000844CF2D48428084086B9080800C0D212B
:1052700008238265C427825104258023C0056891D4
:10528000FAA5D22D0B24F905FCC4D5974A2A899E8C
:10529000FE24E68E60840654E088085498433EC499
:1052A00004640433FB27FB009853062910648463CD
:1052B00083617B00858709C5F02D9428544A809529
:1052C0009025E48818248C2286C9E1F404249823CC
:1052D0008527FB005822102412C0F1A0130AEDB05C
:1052E000C0046475D52702E56D4018C0E00452463D
:1052F00060A658CA89948221EC0818C0E00A449A32
:10530000099483D5190A8221C0026045600A449A33
:10531000C00013E6402658CAC0041306589202F58E
:105320009F91D1B066A658CAE00452466EC118C01B
:1053300058CAC00418C0E0A6D82DEC14C00004D68A
:10534000C0004A218431026182510841ECB5CF6D21
:1053500006B4EBA5C33DFA800101D0550C0CB0F1A9
:10536000DD93F07CF81C040C63150019A51BC038F4
:1053700000199415C03864D19275A11B61410019C0
:10538000813140156145002989414015E686442A4E
:10539000621100190795C015FA80042470B04A0202
:1053A000E68658CA67410A508161405798838585CF
:1053B000F0A04E026E410E99AB9BC01AC28786F5D3
:1053C00010838083C00C6D21E1F4128400938699D0
:1053D000401C626D108492838587FB0082D5928D7C
:1053E0006A410E890099C01AC03864D5D28DC3872E
:1053F00006410E704E41806B82618000106414780B
:10540000CF8DFA808231F4B5FA801834F0F5C5CD2D
:105410000C0C8101DD93F01CF804040C61410019AF
:10542000FB3140156145002981414015E686422A3D
:105430006211002909F5C015FA800214668A4A7AB9
:1054400066400C005862C05818C9F094C0046C0142
:1054500018062BCB8675E0800E798073C0156F41DE
:1054600084A5A17BE084185481C118636C010C638E
:10547000876DC0010CC480C58CC3E1FC83C701F5F6
:10548000600D0D0A59F6402082C5E07CE17C0CC419
:105490008CC3F96718C089C70053E5C84AC1824167
:1054A000C01A6241186483850D0A61F4C003607CF0
:1054B0008CC386C9FB0018C485C776E5617D0D0ADB
:1054C000F8B5C009E17C0CC48CC3FB677D6587C758
:1054D000E53018C0FA800E44EC35C37D0C0C810118
:1054E000DD93F004FA9C040C5106006B206EE198E9
:1054F000670112600315C0940C0B8171C0166635EC
:105500006080404AE01000065C004060DC004270B1
:10551000CFDC42A88271650EE2300E0A2014FAF543
:105520000C0C8C0B8115F29CFA04040CEC301EF070
:105530000006006B4C01E00C402B6C1DE14C414619
:1055400064810E6018604099C08B646104603E7E87
:10555000C0AE66A106600004C09F67616521086057
:105560000A6040A2C0A366E16218BCCEA10BEFC8DE
:105570000E0602A50C298000402B6C1DE00C0E5677
:10558000600C025652188C0B0E0BEFDC0C0C98F1D1
:10559000DD93F204E10400068008800482095D9333
:1055A000FA7C040CEC301EF08101008B6FF059285E
:1055B00081718111600447C61005806B40096E0D32
:1055C000656104801015C0ADC00A6D496C1D503175
:1055D0005C58C02B809BEFC482C5A19B6C1D102919
:1055E000900B402B6FDC4F280311921B57188C0B2C
:1055F0001575EFF07C6E927BE10401466D59101534
:105600008004C00A1005801EC00A6D596E0D101569
:105610005BF8C0090000EFC4C0806401E1C012045F
:105620006FCC6488100B920B6BD8921B100BEFCCD5
:1056300065D8921B100BEFCC6898921B0146EFCCFB
:10564000028661188004E118842480080404880616
:10565000E1040386102B8008C016673950018414BA
:10566000402B657DE10401C68321042C673D101B9E
:105670008004C01641C6001C8004E100C2198018D5
:10568000004600168004E104D0198018900B001623
:1056900060CD101563F8C00E1009E820403863157E
:1056A000E1041406A50B83210E9110194106402C2C
:1056B0000005C1104011C000891140000016A80467
:1056C0001015900BC00E60D1E82062688F6128042D
:1056D000006683211015900BC00E60D5E82061C8CC
:1056E0001676280400B6E0044C58900B5075E8007C
:1056F000400E60ED5075A10BC00E60E960F1507571
:105700008885C00E0346FC640186E11883A16118F8
:1057100080A6800480088404409A82015003E0023D
:10572000C0156E01EFE04D68E11800C680A6800448
:10573000E8206608EFCC4F088C0B0311EFF04CA863
:1057400098F10E0BF27C0C0C1015DD93C00E60E589
:1057500060DD10058211C00E60E55015A10B400EF2
:1057600050158311C00E60ED60F150159685C00E86
:1057700083913E9EA8048905421080188016F3ECA0
:105780008018A804F2FC4210A80480164210801869
:105790008016F3F48018A804F3F84210A8048016C9
:1057A0008321002660D11015900B400EE8205B4845
:1057B00083212804900B006660D510155AB8C00EDE
:1057C000A804E820900B00B6E80045689015A10BEE
:1057D00060E510058291400E60ED10158201C00E4B
:1057E00060E550058211400E60DD10055015C00EB9
:1057F000C00E60ED89210201EED5C19D6C1D1029FE
:105800000236402B7E18E008900B6FD8E0080E3669
:10581000831100AB45D8FC0421ABEFF03E94806BC4
:1058200080000E061029EF15402B6C1DE008023693
:105830006FD87CC80E36900B00ABE008FC048311D7
:10584000EFF04488806B21AB0E066BF510058000ED
:10585000400E6105E118034660E150955095C00E79
:10586000C00E60E9D30D7C6401055095BE94C00E56
:10587000C1C3E9D5FA00040C60D900158121400E9E
:10588000682054A800C68161038661448004E10059
:1058900080288414464A843800C5E09080000C16A5
:1058A000E08C444A8C0BFCE5F2000C0CC1C3DD9388
:1058B000FA1C044C8101006B6FF040C8818181119A
:1058C0000186007B0004E118E00443D66C1D4C11F6
:1058D0001286402B8086E13C6E0D0C05A414C00995
:1058E0008201D9076E014C038408C015F37C400087
:1058F000000604068014E104442084288426F3EC86
:1059000084288014F2FC44208014842644208428B7
:105910008426F3F480188004F3F8421041C6001680
:105920008004E100421080180016F3F8E1040046FC
:1059300080188004F3DC42107DB88016A404EFDCEC
:10594000021480188016FC94EFC87E688E0B031139
:10595000EFEC7C08E11800C680868004F21C0C4C39
:10596000C1C3DD93FA04044C4326006B0C01E00430
:10597000C02B65B56C1D4C11400AC02B0C09E0848E
:10598000C02B05A943068C958418EFDC80B5A31BBA
:1059900066E90C0985B5C026F700008A0C1980D588
:1059A000C02666EDFCA5A11BE098404A0C1980C5F5
:1059B000C02C6CFD8265A11B820DFF110C19821594
:1059C000C02666ED0465A11B80004046E094400AB5
:1059D00005A90C090260002B80AD05B104410260ED
:1059E0008418C09E08450C098203C027E100428646
:1059F00084068414A10B8408840880A5E504008A29
:105A0000404680958406E00061004E469C04832158
:105A1000421080188016F3DC80189C040016C2190E
:105A2000479887118C0B682083211C04C4198018A7
:105A300099110016682047089C048C0BC81980181F
:105A40000C4C8016DD93F204E10441C680188004FA
:105A50008016C219C1C3DD93FA04044C4246007B90
:105A60004598E0048121682000C681610386614475
:105A70008004E10080288414464A84388425E09814
:105A8000E08C444A0E29FE25402B6C1DE0080C8654
:105A90006008028669988E0BA30BEFD8C0000C0635
:105AA000E8204A880C4C8C0BDD93F204FA00040CBD
:105AB00041F6016157D8E03C81116F88E14441C64D
:105AC00080668004EFDC6EA8EFDC7148EFDC7328A1
:105AD000603C41F656D883110C0CEF883358F20025
:105AE000C1C3FFC8FA00040C40C6006B4C01E008BB
:105AF000C02B6C1D6D490C054C05C006C00B66859E
:105B000066850C057778C00B0004EFC04C05FB8060
:105B1000C00B668965390C094C01C02BC02D6A3554
:105B2000653D0C094C01C02BC02D6A39F2000C0CEC
:105B3000C1C3DD93FA00040C40D6006B4C01E008B1
:105B4000402B6C1D0C059111C008695966794C05F4
:105B50000C09C00BC02B65CDEFC072A86A054C01C3
:105B60000C05C02DC00B637D667D4C050C0CC00B75
:105B7000DD93F200FA0C040CC417006B600840E6D9
:105B80004C018C13402B6C1D0205847BC0066D619B
:105B900066794C050C09C00BC02C6E316D0D0C09DB
:105BA000A30B402C404A84150060E08C00AD054DED
:105BB00005A10260006080B340AD05490591026017
:105BC00081C5C0B3608C404A65C002600060C0B34C
:105BD00080AD0545054100608008C0AD9111048489
:105BE000EFC06E686A054C01A37B402D03890C85CC
:105BF0004C85800BC00B667DF20C0C0CC1C3DD9391
:105C0000600848F640418231C02B6C1D667100452A
:105C1000A14BC00B06710045463AC00B4035C0127F
:105C2000C00B6669666900350045C00BC00B666D28
:105C3000E192463A666940354021C00BC02D69D1DA
:105C400069D54011DD93C02D6008430640118921BC
:105C5000C02B6C1D6A7140210019C02DC02B6551ED
:105C60004015D617C00B66916D5100154015C00642
:105C7000C00B669569D10019A51BC02D031184D5F1
:105C800040118121C02D6A7565F500154015C00BC6
:105C9000C00B669965F900154015C00BC00B66A1D5
:105CA00066B14025DD93C00B681500198121402D98
:105CB0006A7540110015C02DC00B65FD6699401531
:105CC0000200400BC0B666C168150039872DC02D93
:105CD0009A005C0878A80235024582210055F898A0
:105CE000C00B6669E692485A424586430235F81071
:105CF000C237F810F8104235F810023569D500495E
:105D0000C247C02D084B8043C0146669E012463A72
:105D1000F8104235F81002354235C3370235F81015
:105D20000245F8880055F878C00B6669E692485A33
:105D3000844E8643C23784348434843E69D5004916
:105D4000C247C02D084B8043C0146551E092463ACB
:105D50008434843EC53E8337C1C3F785667D001514
:105D60004015C00BC00869456A0500194011C02DD7
:105D7000C0226549C1C3DD93667D00154015C00B87
:105D8000C0066D4D6A0500194011C02DC01B656924
:105D9000C1C3DD93E0280225E02C0215695D402592
:105DA00045F640084015E02CC008696162C94023EF
:105DB000DD93C011FA9C040C808B046B6088006436
:105DC0005282827B433670805011E008402B6C1D5C
:105DD000668100900270C06D892164A0681064889B
:105DE00000908131406D6781E4B0027081310921FA
:105DF000E81063E860184106E4C002706682406AF9
:105E0000E024040680838531650100800C0CC06E9F
:105E100022D8F29CC1C3E010FA0C040C826B007B08
:105E20006CFD0E3943F6402C6EB8E00C85216FFCFA
:105E30006FFC70C867F88E0B8E0B6FFC600840A675
:105E400065E002704E01C0B6402B6C1DE14C41462E
:105E500004700004C0B6664164A0086062188C3B00
:105E6000008BEF94E00841266C1D4E010070402B22
:105E7000C08965A164C00260E024040668105F88E0
:105E8000900B8531F20C0C0CC1C3DD93FA1C044C51
:105E9000866B008B708852821219827B401B68814E
:105EA00010398321C02C6CFDEFFC6AC86FFC6CE8D4
:105EB0001219900B401B688165D8900B8C2B6FFCDE
:105EC000600840B665E002805001C0B6402B6C1DF2
:105ED000E14C414604800004C0B6664164A00870ED
:105EE0005DF88E3B1229EF94401B6881100B806B8C
:105EF00076188E1B8C0BEFFCF21C0C4CC1C3DD938F
:105F0000613000C6E1300306054600040786E13033
:105F100009C661304A06E130584661308004E130FC
:105F20008414841400138824E13040868C3488243F
:105F30008C3484138613904494549044945488135E
:105F40008A13B0C48004B0C48004981382035D93A4
:105F5000FA00040C0146006B0004E124E1244546EC
:105F60006E090C158008C009C50788244400083450
:105F70004DB8F00C8C0B68206CFD0C198121402C65
:105F800064B54C054C21C005C01562E162E94C21A5
:105F90004C11C015C01562EDF2000C0CC1C3DD93AD
:105FA000E118420684188414655D4011DD93C02217
:105FB000E118420684188414657D4011DD93C01BEE
:105FC000FA00040C0046006B0004E128E1184206C8
:105FD000841480044C058201C008694591110408AD
:105FE000EFC04E6865494C010C0CC022DD93F200F5
:105FF000FA00040C0046006B0004E128E118420698
:10600000841480044C058201C0066D4D9111040872
:10601000EFC04CE86D010C194C01C02CC01B656928
:10602000655D4C110C0CC01BDD93F200FA00040CF2
:1060300001C6006B0004E13480048B3165490C29F2
:106040000C19C022C0226559695D4C0559F8C00879
:106050004C05EFC040086961E00C43F665914C11B6
:106060000C0CC022DD93F200FA0C040C68206DC801
:106070004278806B8C0B6800668100600206406D80
:10608000C0206341600404064F1881310E60E8109F
:10609000406D678181F5A18178400E050C298B3117
:1060A000C01B656965790C195718C01B5D0EEFC0E0
:1060B000EC041080FC35A18BF20C0C0CC1C3DD93F9
:1060C000FA9C040C0206006B45B8E0040E60E82060
:1060D000406E64810195A1815D188C9B5E788C0B6C
:1060E000650EEFD4EC041080FE15A18B6581006075
:1060F0000406406D0131E0040C0C8C1B0B78F29C03
:10610000C1C3E01065A1000002064089C020631DE4
:10611000602404060AB88731C1C3E010650100009D
:106120000206406EC02061016240040609F8873112
:10613000C1C3E010FA7C040C6D911EF0006BC0042A
:10614000E13041466C6D0C2942C640220C39E130E9
:1061500040226FBD4C41854140226C690004817131
:106160004C21822140226C6D4C31823140226FBD26
:1061700064D104F00414C002E41006F095511D41EE
:10618000818101C112C4836582C17A80E112529A71
:106190006696549A120CBB9B10A3E20014A492833F
:1061A000C4A7FA80FC2800B502A5C9BECDAEFC2864
:1061B000E230180A0060FA354090658164D102F03F
:1061C0004506C00281316020E81045286641006024
:1061D00002F040924506E41081316020E8104488C6
:1061E000613000C6E130024604C600040414E13800
:1061F000663106600824C08B83658141700C4A407B
:1062000018548241A75B608462000A0C18C48EC3D4
:106210008A737A80C4C708CEFC300065F8204665D2
:10622000FC3002C5B14BCDCE1EF0FA55C0046591CD
:10623000F27C0C0CC1C3DD93E1184206841884146F
:106240006CAD4011DD93C022E1184206841884141D
:106250006FFD4011DD93C022638500154015C00B12
:10626000C0086B21C1C3DD93638500154015C00BC9
:10627000C0086BF5C1C3DD93FA1C044C8101008B8F
:106280006FE87288816181110006007B0004E110D3
:10629000E00443166C1D50118391402B004600967C
:1062A0008004E108C2198018008600168004E10805
:1062B000C21980187C9880167CF8EFF8900B6FF864
:1062C00082E5A10B6C1D10290C86402B0286E0088C
:1062D000900B6008EFD467A80B45A30BC0000C0619
:1062E000EFD86E886FF874084558900B900B6800D3
:1062F00061144106E0044566801880040016C21946
:10630000E1044086435600040096E004E11800468C
:1063100050118004C02B6C1D00C600968004E1184B
:10632000010600961019E10CC02C6E5D502180040E
:10633000C02B6C1D00C600161019E10CC02C6E6538
:1063400000168004E10840866E6110198004C02C9C
:10635000404600161019E108C02C6E690016800432
:10636000E14441866E5910198004C02C4176001614
:106370005001E004402B6C1DEFFC41F66800490819
:10638000031181116A588E0B8C0BEFE8F21C0C4C38
:10639000C1C3DD936E8100290346402C8414E110B3
:1063A000038604260029E110C02C6E85042684147F
:1063B000E11042C66E8900298414C02C42060426CE
:1063C0000029E110C02C6E5104268414E11005C68A
:1063D0006BAD00198824C02BF0FC421043C6081690
:1063E0000029E110C02C6EA18426841463150019C5
:1063F000A51BC0380EA500290246402C0215C11469
:106400000416C00043068000021581100426800097
:10641000E11402066E5500298414C02C028604265D
:106420000029E114C02C6E8D842684146EA90019F5
:10643000211BC02CE1104386842584240816811179
:10644000E11045468816882463150029A52BC0381D
:10645000030684E583216110837584140816831173
:10646000E11045468816882463150029A52BC038FD
:1064700041100306C0000406C0000215050680D5C1
:106480008824E1148125881600098426402C6E9DFD
:10649000E110024684068414C1C3DD93E11C04C6E6
:1064A00008168824E11C050608168824E11C054608
:1064B00008168824E11C058608168824E11C05C6F8
:1064C00008168824E11C440608168824E11C44466A
:1064D00008168824E11C448608168824E11C44C65A
:1064E00008168824E11C450608168824E11C454648
:1064F00008168824E11C458608168824E11C45C638
:1065000008168824E120040608168824E1200446A1
:1065100008168824E120048608168824E11443869E
:10652000840C8414C1C3DD93612401C680048111ED
:10653000DD938016FA0C040C0046006B0014E11881
:10654000E00804C66C1D4C218121402B11C603714B
:106550000426E124E12C43060426841480048511DA
:10656000A00480768C0B0026E8185248027620049E
:106570004C11E008C02B6C1D0C0C8076DD93F20CE6
:10658000FA0C040C827B043B861B012168186C48C2
:1065900000068161434661280004E12CE14404C601
:1065A0008131041480C8882484488458500A88881B
:1065B0000405E08C80080D56C75745C7C44702C97B
:1065C000A6CF0459AACF084946C2A8CF877BF81C9A
:1065D00070F8FA758C0BE818F20C0C0CC1C3DD9343
:1065E0000286022B4011E008402B6C1DF9958F119B
:1065F000FA84040C0046007B4E01E008402B6C1D21
:106600007998826B8E0B6FFC600800864E018F11AB
:10661000402B6C1D8C2B8E0BF2840C0CC1C3F72508
:10662000FA7C044C613811462004806B70010256DC
:106630000E86F7AB1246613C0321E114801E8BA14C
:1066400080189C04F3F44210891100160016A4046B
:1066500066188B118C0B6818E11416C68008AC0400
:106660006080400AA60599016FA90C15A31BC00BF9
:1066700001C6A4658004E100404A80089B01608453
:10668000A51BA2650B11A225645883218C0B6818E9
:10669000E1104046800880046090404A9E859F013A
:1066A0006FA90C15A71BC00B24049CE583218B113B
:1066B0008C0B00A6E81863088008AC046080404A90
:1066C0009A45A1016FA90C15A91BC00B01C698A57D
:1066D0008004E100400A8008A30160842B1B96A57A
:1066E000E10015C60B119625615883218C0B6818A3
:1066F000E1104046800880046090404A9285A501E0
:106700006FA90C15AF1BC00B240490E583218511E4
:106710008B11001668186008AC048C0B404A800886
:10672000A70160800C158E25400B6FA9E11044462F
:106730008C45B11B8008A8046084400A8A85A901A1
:106740008A45B31B610041068004851188048016C8
:10675000404A80089D0160900C1586E5C00B6FA92A
:106760008645AD1B81B1240483210B11E1105446F1
:10677000410600B68004E1108C0B00B6E8185CC836
:106780008008A8046090404A80C597016FA90C1545
:10679000B51BC00B20148295700104760604F7AB7C
:1067A00080BB7A804C35842EC00B6FA961104106E6
:1067B0000004831100168321E100410681110004C9
:1067C000911100160016A4045A588D118C0B6818EC
:1067D00002662004F7AB70019C04801EC419801867
:1067E0009C1480164400840800B47C408426FA80FF
:1067F000F27C0C4CC1C3DD93FA7C040CEC501EF00F
:10680000613853062404806BE00402066C1D4C11B1
:1068100054C6402B5106E1388018E1348016C21965
:106820008018A404F3F84210A804801642108018BF
:106830000016F3F8E00402164C11A004C02B6C1DE6
:106840008C0B0016E8187B686D150C09807B402CBA
:10685000E084404A400A824582E5E0886D210C19B7
:10686000420AC02C8225E0886138004680048911E4
:106870000C098016C02C6D15F81C004A0175809516
:10688000E99C4E0A6D110C19A11BC02CE0000E1AD8
:1068900020010258400AC000400AE99C86C5E99CD4
:1068A000E094404A0C098865C02D631186D5A10B80
:1068B000022620044C11E004402B6C1DE11016460A
:1068C000A31100160016AC0464788C0B0C09E800C8
:1068D000402C6E9DAC14807BA17B8406000680E575
:1068E00087116138801C800440469B958014E1002C
:1068F000442084280426F3ECE13C02868428841496
:10690000FC9C042480048426C81980180C09801675
:10691000C02C6D15E080400A0C0980C5C02D6311A4
:106920009AA5A10B61380006800487110C09801C10
:10693000C02C6D15E084400A0C0980E5C02C6D2147
:10694000E084400A0C098E75C02C6D1128C5A10B7E
:1069500080000E06026620044C11E004402B6C1DE2
:10696000A121A1B100600016C06E648102F0017522
:106970004138E410EC040420A12BC5366538FE75BF
:106980008C0B681C8C1B0C0BE80443280060007BFC
:10699000C06E648102F001754528E410EC0416B065
:1069A000A1BBC1260C09FE75C02D67C99CD5A50BDE
:1069B000680074480F258C0B2004807BE00402469D
:1069C0006C1D4C110016C02BE138004685110004E7
:1069D0008C0B001668007B28807B8C1B8C05A17BB0
:1069E00061380006801489210336042C0004E00875
:1069F0004C118B21C02B6C1D8B05802C0236200482
:106A00004C11E004C02B6C1D004600160004E13858
:106A10000016831144588C0B0C09E81C402D67C9E3
:106A2000A10B807B709880B58C0B68000006807B82
:106A3000A17B6138871100048C15801C6B18EF95C1
:106A40008C0B6FF863110C09400AC02D8275E08031
:106A50006FF875A86B588C0B8C0B6FF86FF86E88FD
:106A600081858C0B6FF857C80C0B8C0B59388C1B1D
:106A70001606EFF889116138001CAC04E0080136F5
:106A80006C1D4C018C0B402BEFF05248807B2C048A
:106A90008B11217B11E8801C280480008018A17BC9
:106AA0008016C2198018A4048016C2198018A40484
:106AB000F3F8421092C58016A17B2404C2198018F5
:106AC000A4048016421080188016F3F88018A804D9
:106AD000F3F842108A9580166FF863C820048C0B77
:106AE000E00402B66C1D4C118016C02BEFFC51E87F
:106AF000613C10862004839180188321F3BC4210EE
:106B000000C600168004E110421080180016F3F849
:106B1000401895118C0B6818611041468014812132
:106B200080048426A0048096E01980180006801650
:106B300042E661380004E000001CA8F1E13C008658
:106B400080188004F1FC42108E0B0016F27C0C0CB5
:106B50000C09DD93C02C6D15E088400A0C198C25BA
:106B6000C02C6D21E088420A20048A65E004027688
:106B70006C1D4C110016C02BE13800468711000433
:106B80008C0B0016E8007BA867C90C098171402DA9
:106B900080B5A70B68006528807B8C0B63110C09FE
:106BA000404AC02D80E5E0806FFC4C6877F88C0B84
:106BB0008C0B6814E035A17B6D150C09400AC02CC4
:106BC0008645E08C028620044C11E004C02B6C1D2D
:106BD0008C0B0016E80079C867C90C09807B402D32
:106BE00080B5A90B680062A8807B8C0BD8B5A17B0F
:106BF0006D150C09400AC02C8425E0906FD46F48B5
:106C000020048C0BE00402966C1D4C110016C02B66
:106C10007BF88C0B0C09EFC4C02C6D156088400A02
:106C2000D26581716D210C09400AC02CD0A5E08885
:106C300002A620044C11E004C02B6C1D0C09801628
:106C4000C02D6311E080404A70F884258C0B6FF8EA
:106C50006FF870486F188C0B8C0B6FF86FF86F68BB
:106C600079188C0B8C0B68004DD883358C0B681C05
:106C70006FF8628801958C0B013181010C1B8C0B24
:106C800050588E2B8271EFF8E0400E0A210BFCF574
:106C90003138807B7C38DFFC8C0B680066350C0B50
:106CA00081714016E080404A9FFC30886FF8582878
:106CB0000C098C0BC02D6311E080400A62F88EB580
:106CC0008C0B6FF86FF859685CF88C0B8C0B6FF8B5
:106CD0000C098765C02D67C98215A30B68005AE8A7
:106CE000807B8C0B2DA8A17B2004DFFCE0040256E6
:106CF0006C1D4C118016C02B6C810C090200C02C3D
:106D0000E51DEC0440C682C58311610400168004B1
:106D1000E10C018602060004801EE800FFFC2158F9
:106D200040C6A10B0206010400058000401180004E
:106D300020A880004218FFFC8C0B6FF843B620049B
:106D40004C11E008C02B6C1D8311001668007B48B5
:106D500057358C0BC1C3807BFA7C040CEC301EF0E1
:106D60000486006B0C09E13CC03863150C19A50BB7
:106D7000402C0E99C1140106C000000580000206D7
:106D80008110010680000005410600168004E11410
:106D9000E019801888048016421080188016F3DCF1
:106DA00080188804F3BC421000C600168004E1106D
:106DB000C21980188C0B0016EFE45A4881013E0E70
:106DC00050863C0E0391E124E1244E46612454C6D2
:106DD000A185810100067C0E4C01E008C02B6C1DD2
:106DE000EFD4598860080016E01042C66C1D4C01B3
:106DF0008121402B6814690800C68C0B8004E14493
:106E0000816580B8EFD4596863294C91A004C038DB
:106E1000400A800880C5E08063290C09A10BC038B6
:106E2000560A8245FAE5E08C63290C09A10BC038AB
:106E3000FD45FA55E8146DE88008A004E084404A56
:106E40000C0980C5C038632980C5A10BEFD4572831
:106E500063294C9155F8C03855B8EFC00026EFD4DF
:106E6000428660084C01E03C402B6C1D6538812156
:106E70008C0B6814E14400C680B880045598816585
:106E80004C91EFD4C038632980089C04E080404ACC
:106E9000560A8245FC85E08C63290C09A10BC03899
:106EA000FD95FAF5E8146A6880089C04E084404A7D
:106EB0000C0980C5C03863298285A10BEFD453A883
:106EC000E13C0086801880048016D01963294C911B
:106ED0000086C0388004E13CD019801851B8801673
:106EE0000C09EFC0C02C6EA90106A30B0005811090
:106EF000409180009E258000E11400C68008800437
:106F0000E084400A50589AA50036EFD44226600823
:106F10004C01E004402B6C1D5FD881218C0B681460
:106F2000E14400C680B88004503881654C91EFD4AC
:106F3000C03863298008A804E080404A560A824588
:106F4000FC85E08C63290C09A10BC038FD95FAF58E
:106F5000E81465088008A804E084404A0C0980C54C
:106F6000C03863299225A10BE90DFC044D3890250A
:106F700000C6EFC0574661100004E110801883215D
:106F8000F3F84210811100160016AC045C3895111C
:106F90008C0B681443462C040486E1100096E13CF7
:106FA000E11400C680088004E084404A40000205E5
:106FB000C0000206C000401180188804F3DC4210B3
:106FC00088048016421080180016F3BCE11000C639
:106FD000801880040016C219E00C41F6FC04BE0EB5
:106FE000E80D82019FFC2F88BC0EBE044A188185E3
:106FF0004C91EFD4C0386329EFC048E863150C0901
:107000004F064038A50BE11470B882158C0B6FF851
:107010004C01BC0EC0386329E13C00868018800416
:107020008016E01980189C04F3BC42103C048016C2
:107030000C0C98F1DD93F27CFA7C040CEC301EF021
:107040000809804BC02D67CDE08C400A080B96D50F
:1070500040166BE1668112401440C0B540B56541F1
:10706000BC4E817173F140008803C0FF64011000C1
:1070700000404028C0B366B100407C0EC09C674110
:1070800087B5BE0E7C04A80A73F14C0028BAC0FF75
:10709000816B88636D9880F5880B6810A10B3C4468
:1070A000BE048C1580F5816B68106B283C44880BFE
:1070B00088F5A10BA10BA40A240A86A5A41AE0B79F
:1070C000210B9E0973C1441020BFC0FF0016C917D1
:1070D000A4BF0000E686400A4507E1BE0165902B8B
:1070E0005934801BEC040210A11BC93EC407FE7575
:1070F00004918083827184A1E49C0F0A8101F08550
:107100000C0C98F1DD93F27C6C1D08294000402B9B
:107110004801F3F4402D67CDE00C0E36600C0236CA
:107120007538880B230BEFCC0E0698F18E0BC00040
:10713000F27C0C0CC1C3DD93FA0C040C827B006B57
:107140006D210C098181402CE084400A40C68AE50B
:1071500085316104834100048C0B0086637D0C152E
:107160007978C00B822B681463110C09404AC02D3A
:1071700082C5E0806FF85E0848188C0B8C0B681491
:10718000794102068C0B5DCDEFF862C80C0B81557E
:1071900064388E1B008BEFF446388C0B0C09E81416
:1071A000C02C6D01653D4C01900BC022F20C0C0C03
:1071B000C1C3DD936C8100090200C02CE51DEC0405
:1071C00040C682A58311610400168004E10C01868B
:1071D00002060004801EE800A10BDD93DA005C08C3
:1071E000610440C680048111DD938016FA7C044C52
:1071F000826B007B6D390E098181402CE080400A52
:107200000E099CE5C02D63116D414E81404AC02C92
:107210004070E0805E38DC001406C80091B161382F
:107220000E098BF5C02D6311E080400A120604752B
:107230000206C0005DCD79415DB88E0B01D5EFF837
:107240000331808B0C1B8E0B6218922B008BEFF49A
:10725000120A8291FCD5E0406D410E09A10BC02CB1
:107260000000140580000266800040130D410E09E5
:10727000000A802C1405F00440B38000A18B0000AC
:1072800001118AF551788E0B0E09E800402C6D41F2
:10729000A10B808B00001405800002768000401353
:1072A0000D410E09000A802C1405F004029600001E
:1072B00040138000A18B00000E1B8295401666359E
:1072C0000E298E0BC02C6D096FC84188808B8219E6
:1072D0006D410E098201C02C6D414E010E09C02C7A
:1072E000C02C6D416D110E19C30DC02C900BE675AD
:1072F000F27C0C4CC1C3DD93638100158531400BDA
:10730000638500258141400BE0142C48FA00040CF1
:107310000C09806BC02C6D516080400A8285810110
:10732000680056880C198C0BC02D67C94060AB1BD8
:1073300068389C000C198FFCC02C6D51E084420A07
:10734000625882858C0B6FEC67C90C19B11BC02D7C
:107350009C0040608FFC67286D510C19420AC02CBC
:1073600082A5E088680056280C198C0BC02D67C9CF
:1073700080B5B31B0C0C8C0BCBF5F200F2000C0C9F
:10738000C1C3DD93FA84040C0C09806BC02D6531F8
:10739000E080404A0C0980E5C02D6535E080400A58
:1073A0000D118C85794104064EB8DDCD8C0B6FF83C
:1073B0008085A10BF2840C0C6BD8DD938C0B6FF4E1
:1073C0006AAD0C090C79C02BC02C6CFD1E79A30B87
:1073D0009C00406008106BA89A8002746D510C09E3
:1073E000400AC02C8425E08C61344106E00845A6A3
:1073F000027400044C21FA80C02B6C1D8C0B0026FB
:10740000E8004D68F4F5A10B04060F11DDCD7941BC
:107410000C0C8C0B0B58F284C1C3FFF8FA04044C1B
:107420008101006B6FE06568007B8111E148418656
:1074300080088004E090400A0C098CC5C02D67CDFF
:10744000E084400A0C098C05C02C6D15E090404A80
:107450000C0980C5C02C6CFD88B5A10B603C41F6C1
:107460004A7883114206EF7C8C0B6000EFE079488C
:1074700061380106E00C43F60C298004C02D67CD6D
:10748000E088444AC00040154216FE358C0B60006F
:10749000EFE0782867CD0C094000C02D4C01F3ECDB
:1074A000C02D67CD8E0B0311EFE061480C4C8101BC
:1074B000DD93F204FE7C040CEC601EF0806B3E1E3B
:1074C000650D0C098111402B81A10B1E002A911C16
:1074D000810160040098FE0EC0004001645002F07B
:1074E00077988C0B80ABEFC86048020664988C0BD1
:1074F0000060E81440096401610112067C0EC0209E
:10750000E6E41006817109156E190C0B400AC015CE
:107510008C65E49CF09C4062688100B9160AC01B2F
:107520008A65E3FC40010178BE04C0000406A10B9B
:10753000061600244060800042901C0042629C00BD
:10754000450650A00646C0184060400068F8DC00C0
:107550000B34E804E4400AF08C1B0C0B964B7C24A3
:10756000EFC87588A1AB80AB7E1484B5910A81A168
:10757000FB800214FE0E820312900271C0026501AC
:1075800066C11080FE7DC001FE04F00562994C03C7
:10759000140BC0160C0CB0F1DD93F67CE11000C6A4
:1075A00080188004F3F84210DD938016FA84040CEE
:1075B000807B026BEFEC798882B5A10B66350E1BE0
:1075C000420AC01680E5E0808C1B0E0BF2840C0C86
:1075D000E01016E8F2840C0CC1C3DD93638900153A
:1075E0008531400B041083411538EC28C1C3E014E9
:1075F000FA00040C0C09806BC02D67C98235AD0BF5
:107600006FFC51C8A10B8C0B0C0982B5C02D67C94A
:10761000701C000A80D581010C0C8C0B10D8F20074
:107620000C0CFFFCDD93F200FA84040C8171006BFA
:107630006D150C09400AC02C8CC5E0906FEC55C844
:107640005AB88C0B8C0B6FEC6FEC68E80C098C0B48
:10765000403864B5A10B807B04210060026000E12A
:1076600080540701074104600660005480580641B9
:107670008FD042A864B90C09A10BC0380701006083
:1076800002600054805407410FD0478806400460D0
:107690000C098058C038632180C5A10B0C0C8C0BE1
:1076A0002BB8F2848E0BFFECF2840C0CC1C3DD937B
:1076B000FA0C040C0A86006B0C09EFDCC02C6D0D73
:1076C0006D150C190C2BC02CC01666316CED0C79A5
:1076D000404A402C0C89E080C02C6C716CF10C4944
:1076E0004210402C0214DC20400A1C0C0660E09082
:1076F000C0B30531053506608C3880B36D114C314F
:107700004610402C4C31FC10C02C6D154A0A945880
:107710000424E0840424C084854BFA80DC10023405
:107720001C504210E08C404A6D154C114010402C0A
:107730004C0193F0802C0D15547880858C0B6804D7
:1077400063110C09400AC02D0C09E080C02C0D15F6
:10775000D3F840000D154C01100A402C8465FFFC45
:107760007A800084FA8002740C09811B002C0D15AC
:10777000800002060D114C114000802C4C0193E05A
:10778000802C0D150C0C8101DD93F20CFA00040C19
:10779000680043084898806B8C0B680C6C110C09CE
:1077A000400AC02B8465E094EFDC4006400A800864
:1077B00082B5E0806C210C09A70BC02B4FB882B5B5
:1077C0008C0B6FFC68046B0881458C0B6FD44EA842
:1077D000A10B8C0B575882558C0B680080B5A10B00
:1077E000680044E881018C0BF2000C0CC1C3DD93EE
:1077F0006C21001945C6402B4021E008C02B6C1DB0
:107800004226A31B40118000802B0C1DA71B8A451C
:10781000A51B8205800042360C1D40118515802B6A
:10782000E00042466C1D40110286402B8428EFDCAC
:10783000F0C04420E040040A842880E5F0C04420E1
:10784000E080040A842880B5F3DC442000298426E3
:10785000C02B6C11E094440AC0000416C0A0422161
:107860006E09001BC419C0156E094013008640152F
:107870008018EFDCF3F84210DD938016FA9C040CBC
:107880008101007B6FE04268818181116C210E09CA
:10789000806B402BE00843D66C1D4E11A50BC02B0E
:1078A000A70B88450E0BA275C0156E0973754000B5
:1078B0000004C0FF4E03FC9440156E0960988E0BC7
:1078C0004838EFBC8E0B680064D50E09A70BC02B9F
:1078D000A50B8605008608C5A30B8FDC03D588F5AC
:1078E000EFDC00866E090E0B4000C015C0FF7371FF
:1078F000FC9400046E094E030C0CC015DD93F29C41
:10790000EFDC0086424A801880E5E08C6C150E1989
:10791000420AC02B80A5E08401558008FC080004C1
:10792000C8098008EFDC02864F9884068E0B6FE44E
:10793000EFDC1286400AA40882B5E080400AA40861
:1079400082F5E0888E0B3D11EFE0526868004968CF
:1079500087258E0B8E0B3F11F29C0C0CFFE011C89B
:107960006E090E0502064009C0FA6001E002401AE5
:1079700064CD0E150404C005D017E184C20D841334
:10798000C00000460002401AE14C0386040E841435
:107990000E0B9511C0156E09FC9800046E094E037C
:1079A0008E0B4015EFE04F88603C41F66018831164
:1079B00047D8EF785281EFF00311E0A00C0C8C0B4C
:1079C0003878F29CC1C3FFDCFA00040C0146006B5E
:1079D0000004E124E00843E66C1D4C114546402BB1
:1079E0000C15E124C0096E09882480080834C507F5
:1079F000F00C4400681079A802868C0B48866FDC76
:107A0000860EE03CC424860468B10C3B480AC00AD8
:107A1000000E6692C3D06400600E400A8823C947F6
:107A20004002C50D020991884000C0004201DC04FB
:107A3000000640004C05C000C00564CDF2000C0CEF
:107A4000C1C3DD936E09001504064009C0FA600148
:107A500064CD0005422AC005D007E006E184041485
:107A6000C01D8403C00000460006400AE14C0386A6
:107A7000840E8414C1C3DD93FA00040C41F6006B3C
:107A80004C01E008402B6C1D4858B7118C0B6FE07F
:107A900064CD0C15028AC00580F5E5948C0B01219C
:107AA000F2000C0CE01006C88C0B3B11EFE04748CD
:107AB000600442468C0B8121F2000C0CE010060899
:107AC000FA7C044C0006006B0004E13800BC83B172
:107AD000E1940046A1AB80A80C298265402B6C1D67
:107AE00067388C0B941B6FC80E08A10B0E60C0008A
:107AF00040B3645160B88C0B8E1B6FE067CD0C09EE
:107B00000204C02D420AE1908219608006314C13B4
:107B1000400A40168625E0846C110C19424AC02B9D
:107B20008465E09461380306E00C45F6404A84140D
:107B30004225E0880C09C000C02D07CD4000FE356D
:107B40004C01F3ECC02D67CD64D10060106040B3F0
:107B5000C0AF641181A10F0E819113A5FBFC160A21
:107B60001311A60541788C0B120AEFE041067BFC4D
:107B70004C01E000C02B6C1D41269CA54C01E0008F
:107B8000402B6C1D5DD88C0B0F14E80063388C0BF8
:107B90001911EFE07FF88C0B4166EFDC4C01E0003F
:107BA000402B6C1D6F388C0B80ABE80098F5A1ABB7
:107BB000E00041366C1D4C018C0B402BE8105968DD
:107BC000A1AB80AB414696954C01E000402B6C1D6B
:107BD0004A788C0B80ABE8149435A1AB6D090C0985
:107BE0000C1BC02CC01666356C040400E000415626
:107BF0006C1D4C019E29402B8C0B0219EFC077E8BD
:107C0000A1AB80AB41768E954C01E000402B6C1D02
:107C100054F88C0B80ABEFFC8C35A1AB61380006BF
:107C2000E00043864C118004402B6C1D001C851124
:107C30005E388C0B80ABEFF48835A1AB6C710C090E
:107C40004396402C4C11E000C02B6C1DE3FC000A55
:107C50000C1980E5C02C6CED1606811B01F5800027
:107C6000411681A14C01E000402B6C1D42388C0B69
:107C700000ABE800A1AB83918391E4258E1B0C0B34
:107C8000EFE05468901B0C0BEFE057A8D8E5A1ABD0
:107C90006C910C09210BC02CE00041A66C1D4C011D
:107CA0004060402B53D89C00940B8FC8F27C0C4C46
:107CB000C1C3DD93FA04040CEC501EF00306006B04
:107CC0000C0BE008C0156E096C1D4C118311402B84
:107CD0006D094C11404AC02C810160940D0D0C19A6
:107CE0004C03C02CC01666716CE94C014210C02CCC
:107CF0004C11DC40C02C0D0D69650C150C29C00D14
:107D0000C02C6D0DE000021AA0000038442080C590
:107D10004C21F3DCC02C6D0D66350C1B4420401645
:107D20004C01F3E0402C6CED4C21C229402C6D0D30
:107D3000E00C45F66CF14C21420A402C4C03E094D7
:107D400040160681E088420A0CF94C21420A402C78
:107D50004C01E08C402C0CFDE090420A03354C05B0
:107D6000420A400B4C21E09CC02C6CF5685880E521
:107D70008C0B6FF066350C1B420AC0168625E0A0FE
:107D800067F10C598C0B402767ED0C490C39C02763
:107D9000C02767E967E50C290C19C027C02767E1F0
:107DA000E8044188A17B807B0C1B9EF5C0166635DC
:107DB000E0A4420A031182854E7881218C0B6FC0AA
:107DC000A17B807B0C1B9C35C0166635E0B8420A4F
:107DD0007BF880E58C0B680CA17B807B0C0998B547
:107DE000C02D6311E080400ADC004060CFEC67C822
:107DF00065510C094346402B0414E10400008551F1
:107E00008E09EC040C098406C038632D4006210B52
:107E10004C01E008C02B6C1D0C0982F5C0386315BD
:107E20000245A50B80000A8600C5A30B80000A66E8
:107E30000A46A10B02608000405465416411046051
:107E40000860C09E40A26671E43000F006F0215642
:107E50007F58E410A10BEF800C1D0C290206402B6B
:107E600084B5C00460084416645000604C21C09E74
:107E7000402B6C1D64A102607818C0A3A10BEF8099
:107E80000C298605402B6C1DE00402166E8D4C15E6
:107E90000E56400A4C05E00C400A6E89E00C025672
:107EA0006FC849480E0B8C0B0C0CA8F1DD93F20443
:107EB00069650C05A10BC00D0C0980E5C02B6C1188
:107EC000E094404A414684E54BE6614C0004E00CF6
:107ED00066D106600C29C0544015630D66E1086048
:107EE0000C19C0A3C01563096C1D4C516278C02BDE
:107EF0000C09EFA0C02B6C116094404AE00C0046C6
:107F00006C1D4C018645C02B66B10060026040BF0D
:107F1000C0C0652164C10460066040ADC0AD65218C
:107F20006FAC7288662008600060C0AE40D86561A2
:107F30007078811104C66F707765E010C1C38171DC
:107F4000F87C04CC6D0D00C90316402C4011E008EC
:107F5000402B6C1DEFDC48066C7900190079C02CB1
:107F6000402C6C75FC0010C46D0D408100ABC02C22
:107F7000C016663100198D1EC02C6D09631500B541
:107F80000069C00BC02C6CF900198F1EC02C6CF559
:107F90006635005B0099C016C02C6CF1F8600829AA
:107FA000E084440A0F1B865506108331020A4404FC
:107FB0000616E3FC120A00004031E3FC402C6CF58D
:107FC000808583210490959B4021C404402C6CF152
:107FD00082CFF111C4C9076563FC020A1654964B9F
:107FE000832161B483310245E0840674FA8006344B
:107FF0008331071BC40406106CF54031120A402C73
:1080000080E5E3FC02A4C2A7839BFA80C404049029
:108010006CF14021560A402C80A5E080FA800234A1
:1080200080F5CE1DE080564A464A80E58085E08096
:108030005880015558C0FC1808BBF3E0EFDC480637
:108040006D0D40C1580A402C82C5E084FA8002645C
:1080500083110F1B44040260F3FC0C0A800002161B
:108060006CF940110029C02C402C6CFDFFF8020E69
:10807000FFF80C0EE3FC040A44040220E0B44A0AB0
:108080006CFD40118855C02C42C2911118C47884EF
:1080900022CFFC0C40C1A11BC02C6D0D8D1490157E
:1080A000020A8F3480E5FBFC7A800214FA800434E3
:1080B00084F5832B6CED00198321402C6D09402140
:1080C000020AC02C88D5E3F08D148575020A8F341E
:1080D00082A5FBFC7A800214FA80043480E5832BAD
:1080E000E40402306D0940118395C02C6CED001939
:1080F0009121402C788844C2FC0C18C4832124CFE1
:108100006D094021020A402C40C1E3F0C02C6D0DE6
:108110000C1080654061E404C02C6CED6CED00191E
:10812000A11BC02C42C082C54011F3BCC02C6D0DF8
:10813000421090189016F3F86D0D00C98315C02CED
:10814000E08C584A00198225C02B6C11E094424AF9
:1081500058C000B558C0DC4040C1F3BCC02C6D0D08
:10816000E08C584A00158405C00B63158265A11B7D
:10817000633500258311400B0220972B4015C40462
:10818000C00B6335F07C0CCCC1C3DD93FA04044C06
:10819000680C46880E01807B402C6D01008A81614D
:1081A00082D5E1B86C1D0E290C46402B0246E00C2E
:1081B0008E0B600CEFC470A80C06A10B8C0B80001A
:1081C000F2040C4CC1C3DD93FA00040C0C09806B63
:1081D000C02C6CFD80F5A10B6C6D0C09404AC02CC5
:1081E0008265E08C63350C05A10BC00B0C15826514
:1081F000C00B631580D5830B6D150C090555C02C7C
:108200000C09C609C02C6C6DE090400A0C0986254B
:10821000C02C6C898485A10B680C42480C118C0B16
:10822000C02C6D056C890C290C01C02CC02C6D0173
:10823000F188461282F5870D840D82230C09829500
:10824000C02C6D15F3F040006D154C010C0CC02CCA
:10825000DD93F2006D150C194C01C02CC02C6D057E
:108260004C11C619C02C6D15C1C3FF3582C5A93B81
:1082700002A5A33B818804248485A53B8485A73B74
:108280005C08A13B0FD8DA008975FF705C08A12B50
:1082900045349A00EC0404207BFD4630C13EDFFFEC
:1082A0008131FF6583318145DD938125F81C040C04
:1082B000900145274BFE0141C03F7FFD0484859519
:1082C0000674A33BC4C48841A01146641BFD5080C2
:1082D0004E709FFF1FFF1BFD12748A8F58C060E015
:1082E0009FFF1BFC1BFD4C60B09F1FFF10C451770C
:1082F00061C7E0C0FB800E7418C450672E8FFA80EF
:108300004095B86F4085F8084065F804C54DF00CFD
:108310000C0CF4F5DD93F01CF81C040C90014527BF
:1083200049FE0131C03F7FFD7FF10A0E180E403F2C
:10833000C03F7001026583D58631700CF808027564
:10834000F8040285781052624095F167127478083B
:108350000A9FE0A02C9FE177E0C00C847804409550
:108360002E6F986F4065D1874085F010C53DF80CA1
:108370000C0CF875DD93F01CEC401EF06018002921
:1083800000498131BE3EE010C5277C3EA72B7E3ED2
:10839000668A464A0A2683411806000082658000E4
:1083A0008151252B814103C1A32B80C5015180F54B
:1083B000814181C1FCCEBE5EC008FE4E0034001378
:1083C00001B5FA80484A81310AF0610A8231E4102D
:1083D0000A45C447C546FC10FA800834FC95C14DD7
:1083E000A0F10101C1C3DD93EC401EF0601C002927
:1083F00000498131855160147C3EBE3E272BC52744
:10840000E68A484A18167E3E8205800081C1252BE7
:10841000A32B80A5015180D5BE5E81C1FECEFC3E5E
:10842000813142080044001381A5FA80610A484A5C
:10843000E4100AF0C4478231FC100A450834C546EE
:10844000C14DFA800101FC95DD93A0F1F81C040CEC
:10845000610C07C6E10C490646060CC40C64E10C2D
:10846000E10C46864F8610540C44E10C1C348B8181
:10847000E4600E001C988175EC041080DD98F19684
:10848000A18BD9961800FE35896164747178815585
:10849000EC040C60A16BD5761D51FE75815580CB27
:1084A0000A507168D166EC04FE75A15B95411C0110
:1084B00041588155EC040840A14BCD560020FE7573
:1084C00083316C0468800034080081C100346C047E
:1084D0000A00E88881016C04816103450E54E92D8E
:1084E000000448B08255DB80E8B00E4400600073A1
:1084F0000034E4300E7468800E03FB8086C1826114
:10850000FAB58D1B610442066BFC010A0414C0FF1E
:10851000DB80000404010000040CC0800C0C81010D
:10852000DD93F01CFA04044C4216006B6298E000E4
:108530000C09E80C402B6C45E10C42460E6004141B
:10854000C0AF6431000CA90B0406E20071588E0B19
:108550008C1B6FFC6438026074788E0B0C19EFFC76
:10856000402B6C39E46000606C410C298131402B58
:108570000C498185A14BFC04411680758211823122
:10858000FE15C53D6C3D0C090260402B0C39E474AE
:10859000402B6C45446281410195F08088589C21B4
:1085A0008075A15B8241450682210201FE15C74DFF
:1085B0006C450C298C0B402B6C410C197478C02B2A
:1085C0004298EFFC8C0B68100C4C8101DD93F20497
:1085D000FE7C040CED401EF04016006B089BE0048E
:1085E0004C0186AB402B6C1D010184BB5EB1828BBC
:1085F0008A7B613061205EA1E2800206E1105E911B
:108600009F0EA10E5E019D0E5E01E0D05E01E0C0F6
:108610008C0B60B0E80C5B689F2101118C3B0C0B4C
:10862000E80469A860900084E18C028440000D8E0B
:108630004E09F1C0E0040E6A71845002937E8F01EE
:1086400000B8958E80004001FA800084150E9001DC
:108650005E0191019F0160B040A20F0EB20FF9AC14
:108660009AA5A10B4F761E89118EE000F0AC50A2A6
:10867000928307656C1D0C294376402B4A58E00015
:108680008C0B6FC45EB1A10B5EA1C1305E91C120A5
:108690001548C110160AC00081017000440400B0E2
:1086A000F000164A6200020CF000144A6200040C4A
:1086B000141A828381117000240502A08483400073
:1086C0007000124A060C8121121A62000490F00018
:1086D00040002405049B868380BB82ABF265E88D55
:1086E0005EB193045EA1E1301104E1205E91A30B21
:1086F0005E07E1101504E03CE4200E001E75897E43
:10870000160A40201074FBFCB003FA8044000C25CC
:108710001504F07CE080500AA12B8875A0018885A3
:1087200060D05E01F3C0420065C4028A02808E0BF5
:108730000080043C5E118C04838580D06C1D0C2964
:108740004376402B4418E0008C0B6FC4E0004F765A
:108750000F48A10B9BA1C000E1205EA1A12BF14518
:108760008440000060D05E015E018E0B00F0E0C02E
:1087700016F065003E0EE4D0E4C008F004F00B2EC5
:108780003CBEE530E4B00AF08C0B011168004DE806
:108790001EA98C3B140A60C08605FBFCE0804E0AD3
:1087A000443C0270CC040070C0D05E118B0482B5D2
:1087B000E040000AC0281E05C440000080281E05B5
:1087C00060D05E015E018E0B00F0E0C004F064F04A
:1087D0003E0EE520E4C008F00AF03CBE0311E4B010
:1087E0004B388C0B8C3B680060C01E99FBFC120A56
:1087F000504A86A50E70E0805E71CC048495C0D08E
:10880000A10B8B0480281E0580D05E01950482A5F3
:108810005E01A001420060D0028AF3C00E80E5C470
:108820005E718C085E7180D000F0E0C004F064E0FE
:108830003E0EE510E4C008F00AF03CBE0511E4B0BD
:1088400048388C0B8C3B6800807B858196D5A17B5A
:108850008C3B13141E198F04A11B60C040101E25F1
:10886000FA800004FB8040A27B804092FA800214D0
:1088700040205E25FB804212040491048C0B7A8018
:10888000E80456A8A17B807B0C0B90354CD88C1B40
:108890001E07E80040C6603C0004E1080121851184
:1088A000020681710016C000E1084106022C800416
:1088B0000026E200E108414600168004E1084186F6
:1088C000020C80040026E200E10841C60016800484
:1088D000E10C000683110004004600168004E10C40
:1088E000008600868004E10C8D3480269F14A1044C
:1088F0004C319D24C02767E167E54C014C11C0272E
:10890000C02767E967ED4C214C71C027402767F508
:108910001304A9319F248B411D04A1144616A10BF9
:1089200008F64000442AC000D017668EE692400A3E
:108930008023822369594C250E0BC008E5401EF0A8
:10894000F67C0C0CC1C3DD93FA7C044C93348F3E4F
:108950008B7591649488909894F5D19D500218A8D5
:108960001079F0A44027634156A283C110B4F1A44A
:108970004E7061901684FBFC16C4FA80967FE8ACBA
:108980008675A17B108A0FC40EB6F410161600006F
:108990004E7280000E7491A018799A8016B47C24CF
:1089A0009893889CA476B67F0E7088788876EC04BD
:1089B00082718C7498A88C7E7A8012A4EC040E10BC
:1089C0006480149098A6E57DA11B8455148A865571
:1089D00084F5F6000E904AA750A0ED44B073F080E5
:1089E00090789876EC040E7081B59076F3FC150AB9
:1089F0000E9082159876ED880E7090789076EC083F
:108A0000A18B888881C5EA156C1D00294366402B1F
:108A10006DB8E0084D666FC0A10BE008816180551C
:108A20000C4C8C0BDD93F27CF87C040CEC401EF0BB
:108A300066B104009131408B814101550630494EA9
:108A4000A13BEC040121FE95015181318B958141BF
:108A500010447C2E7E1EFA80F408088A888104283F
:108A600081913E4E0C2488AB0E2461940469E19CF4
:108A7000E18418240E242E6F0879E18C2E6F90C9A2
:108A8000386F9E294867A9C1800058168B612C2F2A
:108A900000000CF6FA800E244E0A85758665E4A463
:108AA0007A8008A4F000065A7000060A041C98BBDD
:108AB000025462004447FA80DC0056604402051B01
:108AC0000415F09040086BAD8010160644159613FF
:108AD000C0086BAD600C121A0A0A829154807BFCAC
:108AE0000A0CBC00B19BE2007C24F635BE448339FD
:108AF0007C0C040A020C82217E14E2008211824363
:108B0000F43C050A0101E8C50C0CA0F1DD93F07CF2
:108B1000FA7C040CEC301EF04056006B4C01E00077
:108B2000402B6C1D7C0E810171788C0B0C09E800C8
:108B3000C02B65F9E080400A050100600206409BF9
:108B40004FF8C00004064F6C0C09C018C02B6C21F4
:108B500088F5AB0B6D210C094000C02CC209F3F065
:108B60006D214C018C0B402CEFF47AC86D210C095F
:108B7000807B402C4306217B8321EFDC40000426D0
:108B8000C409F3F06D214C018265C02C6C1D0C29C9
:108B90008C0B402B6FC061A8A10B8E1BC0000C3842
:108BA0008111017181A1135512B43E34D09DFA8018
:108BB000004A9C359AC5FBFC7000060A0111960B11
:108BC00084058121F004060A000000069C0042B0E2
:108BD00004060225060A800082B5F0088111010111
:108BE0004C01962BC02767E567E94C114C21C02743
:108BF000C02767ED80F5A17B6FF47648807B8C0BF6
:108C00008245A17B6C1D0C298C0B402B6FC05DE84D
:108C1000A10B8E1B02F0A0F58C0B6420E8004E889F
:108C2000807B7C0465F90C194486402B400AE03CAB
:108C3000420AE00ACF07E0808405FC0E7A8002A495
:108C4000650004600614C09B0433E0888C0E822308
:108C5000E40044B14411BC140C1BE50040156AF952
:108C6000C30D82A1D19D862507F50C0916B04027BA
:108C7000E675C4046AF50C1BC11DC0150C1B8205EA
:108C8000C0156AF143F6430D8855E00C415603C503
:108C9000BC14E000160A83D543F670148615E00C68
:108CA000020ABC148495F00C6AF50C1BC11DC0159A
:108CB0000C1B8205C0156AF143F6430D8215E00CCA
:108CC000E000414667F54C0143F64027030AE00CFB
:108CD00086D5F40C67F50C09004AC0278605FBFC15
:108CE00067E10C298C0B402782113E1E02143C1EAA
:108CF00041D8FA80808BE8001656EB8D0006000004
:108D0000D4658000E000413667F54C014CA1C027D6
:108D100040266CF173D88C0B4106EFB481116FDCE7
:108D20000E0B80160C0C98F1DD93F27CF81C04CC31
:108D300067F10059A71B402718240131153CE18C2D
:108D400005418F6180040F5602160485251B8000A3
:108D5000E0084EA60000020680001006231B826574
:108D600002958141035681118341600481112916C6
:108D700012F08381B09FE4503863A476FBFC0A4A6A
:108D8000701C58200A648121FF617A8000000486EB
:108D9000E8B01864084405554C12FA8010F0708849
:108DA0000063E4500C798B1B40276341E1FC0C14F9
:108DB0000C6482634C12FC001069F1984E727C18AE
:108DC0000C7F9830A17B816150045070C1840E7477
:108DD0004C627E750634D0A088137A808A1D8C334D
:108DE0000034F6A50CCCFA80DD93F01CFA0C040CD0
:108DF000827B006B6D590C059121400A6E0D0C159C
:108E00005EB8C0090C29EFA8402B6551E118434614
:108E10008351041484188448637D0C359E49C00B2B
:108E20008E19C9170224235F63F8E09004546FA8D9
:108E30004678E890808B6FE8601002066598902B6A
:108E40008E3B6FA8A17B807B0C2982E5402B6C1D9B
:108E50004BB88C0B8E1B6FC00E06A30B8E0BC00085
:108E6000F20C0C0C8101DD93F20C0C0CC1C3DD93F0
:108E700064C100390216402B4011E00C402B6C1DE0
:108E800000198341C01562196635002B0059C016C0
:108E9000C02B650D6C7540110019C02C402B6C1156
:108EA000700544204031C080402C6C7D7EF9442008
:108EB0000039C079C02B65096094424A4011851180
:108EC000C02265956D3140110206402C4041C00022
:108ED000C02C6C8D6C8540514023C02CC01666356B
:108EE0006D3540314011C02CC02C0C810E1940133F
:108EF0004011C015C02B0C59C1C3DD93E0140229E9
:108F00006635003B8444C016063482294045FC0087
:108F1000400B63154033A43F40166635EFDC0886EE
:108F200060240229FC0C0634C22790584A500429B8
:108F3000A45FF3F402299056C627E028A62F9029B3
:108F400066354023042440160239FC10C837E02C53
:108F5000A43FA0396635403346304016C0FF737DCC
:108F6000E03002294420CA270029F080402B64C544
:108F70004033A43FC0166635E01002394031A72BBC
:108F8000C02C6C71002980F5C02B6C11E094444A10
:108F9000022982650239E0184021E020C02C6C795A
:108FA000663140330229C0160039E03CC02C6D21E7
:108FB0006D3900598229C02CFC000634601C02293E
:108FC0004031A43F402C6D21FC040634604002492E
:108FD000F3F84A506C8940210400402CC06E64C1F3
:108FE0008449C2474041A64F402C6D21F3EC4840D4
:108FF000E0440239A65F82396D3940510239C02CF4
:10900000C437E048A64F88396D2140410239C02C51
:109010000049E04CC02C6D154630CA37484070807E
:10902000A64FF37C6D1540410239C02C0049E05039
:10903000C02C6D5108448239A64FFC006D5140414F
:109040000844402C0239FC04C237E054A83F84395C
:109050006D5140310634402C0249FC08C447E058A9
:10906000A83F88496D5140314630402C0249F3DC1D
:10907000C647E05CA83F90496D5140319F31402C7C
:109080000249816506306034C946EC04FE55A13BB7
:10909000E038022968FD40210219C01B4011E0346C
:1090A000C0226FB9C1C3DD93FA00040CEC601EF05E
:1090B0000C05806BC00A6D6562190C190C29C0156E
:1090C000C02B6C2165B90C393C0EC02B11168101E7
:1090D0000F3683118B06A32B82258D168285A72B35
:1090E0005E11A52B042600248085800045F613061A
:1090F0000345E00C0C4B833140156E090C25FD51E6
:10910000C00D6965212BCB47060C8521C84B620039
:10911000041613364642C0000C49F994C02B65B5BD
:109120008B21092600162706C040701182490B0EBC
:109130008C0B1536993697369D269B16A1169F46A1
:10914000A516A316EFFC69688C0B1E1BEFFC6D883F
:109150000C0CB0F1DD93F200FA00040CEC601EF090
:1091600070000216E00404068101006B83113E1EAC
:109170008B2111269B16BC0E9F069D26A306A116C9
:10918000A706A506AB16A916AF06AD168C0B1306DF
:109190009716951666D899161E1BEFFC6AF88C0B6D
:1091A000B0F1EFFCF2000C0CC1C3DD93FA00040C2B
:1091B000EC601EF08321006B61D10C190C39C015D5
:1091C000C01562196D650C058916C00A65B90C19C0
:1091D0001136C02B3C0E87318F16810165B50C19F5
:1091E0001B36C02B8B068D3182190D2602161F16D9
:1091F000C0407011A1269D36A526A3261306A706FA
:109200008B1E8C0B97269526633899261E1BEFFC28
:1092100067588C0BB0F1EFFCF2000C0CC1C3DD936E
:10922000FA00040CEC601EF08321006B65B50C099C
:109230008141402B62190C390A164015BC4EF000D2
:10924000618C020411368209F88842128B311F06A4
:109250008C0B3E5E9D369B26A346A146A716A546CF
:10926000AB46A926AF46AD26952693469926972666
:10927000EFFC60088C0B1E1BEFFC64280C0CB0F19B
:10928000DD93F200FA00040CEC601EF00416006B93
:10929000C00460116C210C09A131402B83213E2EAA
:1092A0008B3111366034004A020C8101BC0EE200A1
:1092B0009D369B26A1069F06A526A306A926A716CE
:1092C0001306AB06AD268C0B9526AF26992697265E
:1092D000EFFC5D088C0B1E1BEFFC61280C0CB0F141
:1092E000DD93F200FA0C040C0206006B7498E28025
:1092F0004046E8040F8660044C01E010402B6C1DD2
:1093000081958C8B6381100940F8C0276106E800C5
:10931000EC040E70FCF5A17B457601110C0BE0000E
:109320000C0C8C3BA915F20C61840404E18C020442
:1093300070804420F03C480060840604282FA01967
:109340004630C607A22F7100720040005D93A62F21
:10935000C1C3A40F60044826640C4B064041C020E2
:10936000402B6C1D640D48068135C020D1C6CDC888
:10937000FEB58B4B81158531FA7C044C4106006BA0
:109380000004E1144786867B524660044C31E12C90
:10939000402B6C1D0038AD7BE03981B100060036F2
:1093A0000004E118E00447966C1D4C318331402BDA
:1093B000A4048036868580B68A05A37B8CC5A57BF0
:1093C0009025A77B92E5A97B8445AB7B96B5A17BD5
:1093D000612C010680049F11014600B68004E12C37
:1093E000A4048016421080188016F3E401868BA531
:1093F0008004E12C01C600168004E12CA404802620
:10940000421080188016FD80010689C59F11612CCD
:1094100000B68004E12C0146801680048018A40464
:10942000F3E442108016C419010687C58004E12CBC
:10943000014600168004E12CA4048026CC19801873
:1094400085F58016612C0186E000437600B6800425
:10945000E12C01C6801680048018A404F27C42101E
:1094600083F58016612C0186E000437600B6800407
:10947000E12C01C6801680048018A404F27C4210FE
:10948000FC94021481D580166C1D0C2911A6402B6A
:1094900003A6E0088C0B6008EFBC59889A85A30BE3
:1094A000E12C54C68008A80480F5A10BE1340146E4
:1094B0008004800482B5B10B6C1D0C2911A6402BD1
:1094C00003A6E0088C0B6008EFBC58089485A30B3A
:1094D000E47D240488D58018812142194286001633
:1094E0007198E03C8C0B6800614400C6E13405468D
:1094F000A814800480388824480A84488085E08045
:10950000B54B8844460A8E158085E08CB53B88347F
:109510000C29FC75402B6C1DE00811B603B60575CF
:109520006019E00800168121E03C428668006F481F
:1095300000C68C0B054661448004E1348824A814DD
:1095400084488038E090480A884480858475B34B0D
:10955000E08C460A88348085FC75B33B6C1D0C2971
:1095600011C6402B03C6E00852F8E0088C0B6FBC14
:109570008045A30B73D881812404E800E00802F63B
:10958000410600B68004E1146C1D4C118018C02BFC
:10959000F3BC4210000600168004E118900B00B6E0
:1095A000F27C0C4CC1C3DD936004485664200B86EA
:1095B0004041C020402B6C1D641108068135C0203D
:1095C000D1C6CDC8FEB58B4BDB758D3164314906F4
:1095D0004BC64020C0206439CDC881358B4BD1C6E5
:1095E0008B31FEB5C1C3D9A5E00444766C1D402182
:1095F00041C6402BC020643905C60165C020643DCA
:10960000C136C538FEB5850B81015D93FA1C044C4B
:109610008111007B81310121EFFC6B080E70006B22
:10962000C09A66F1640D5106A1914020E108817550
:10963000EFFC67C812905D06A19BEC048C0BFE3515
:10964000F21C0C4CC1C3DD93FA1C044C8111007B4D
:1096500087310121EFFC69280E70006BC0B366B141
:1096600064211186138640208175E01065D8E108D9
:109670005D06EFFCEC041290FE35A19B0C4C8C0BAC
:10968000DD93F21CFA7C044C0046006B0004E118E8
:10969000E00442366C1D4C1183B1402B613055C63D
:1096A00000B68191E13410C60096A804E1340006AA
:1096B00084288014F3C04420800484269E198018D6
:1096C000FF404210008600168004E134A00480961A
:1096D000A10B8008014680F58004E134BB0B8004B7
:1096E0000C2982B5402B6C1DE0080FA6600803A66C
:1096F00046B88C0BA30BEFBC28048A45E03C42869D
:1097000000B6812160788C0B00C6E80005466144F4
:109710008004E1348824A014844880388085A14BDB
:10972000BD4B8844460A84758085E08CBD3B8834F7
:109730000C29FC95402B6C1DE0080FC6600803C681
:1097400044388C0BA30BEFBC81718045E800652881
:109750000096A804E1180046009680040C4C8E0B7D
:10976000DD93F27C0025A11B000B0521812C43C653
:109770008000021580004225A31B80C5A51B8085A3
:1097800083658225653100250206400B8414E13093
:109790000025842E400B6521E12C43C6042E841441
:1097A000E1300206653100058414C00BDD93840EA0
:1097B000F80C044C611804460834A51B8C46814102
:1097C000A31B882543061025A11B812C00399A353F
:1097D000402D6531E12C43064BB6041489C1E00CE1
:1097E00084488239F3F848408731264F437604464F
:1097F0000049E00C402D65316531000007D5C0B54A
:109800000049C247402D6531E12C4306824984342A
:109810004A508C58A85FF3F884348C56653100495F
:109820008C58C02D8849C247F3EC4A508C56A85F2B
:1098300000498434C02D6531C2478C584A50904944
:10984000A85FF3DC04148C56E0084BF6653500394C
:109850001806402D8448E004A039C837F3BC4840BE
:109860008F31264F43F604460049E004402D65350C
:1098700065350000CA47C0B5612C4D061874984F75
:10988000FA8006348A8F9C889C86A88F800898442A
:10989000C5079058270F8209A05F825F0804905681
:1098A00080168311F00C0C4CC1C3DD93F80C044CF2
:1098B00061880414E198478686190C546090082446
:1098C00064B00600A24FC08B0A43C44781D58151C2
:1098D00018C05D844C85EC04A1CBF0102031FE55FE
:1098E00008408251C00164011846A55B4C4040000D
:1098F0007C95DC00DC004E3061984686E0004B86AB
:109900006516442A640000000C34C08CE00C480644
:109910008151033565124C5AF0B04E1200658463D4
:109920008C737C3088C144779C6E8673E0E0180AA3
:109930007001FC55B55B825118067E558101C0004F
:10994000F00C0C4CC1C3DD93F83C044C6188061448
:10995000E0080B069321061966964A3AE09008340F
:10996000668A581A65B00C00A24FC08B81C118538B
:109970000E608375898164408AAB089B59AE8185EE
:10998000EC041080601C4C958891C8A1FE15A18B39
:109990000A5002C1C002650165000840A5CB8E6B6C
:1099A0004B86FA3508006000C09065806516463A1F
:1099B000E00C40068151035565024E5AF098501252
:1099C00070985242867388614E8A8E83A47EE68A9E
:1099D000E2305285E0E00C0A0251FC15B55B984B71
:1099E00044E01840C0000C068101FCD5F03C0C4C52
:1099F000C1C3DD93FA00040C6FFC44688C0B806BD0
:109A0000F2000C0CFFF005E800005D93C0286541F2
:109A100000005D93C02B66116108038684149D21AC
:109A2000030604260424E10808168311E114450600
:109A3000883888240836C839600106060025C040E9
:109A4000C00A6EF1A121472D080500290146002713
:109A50008004E128010600268004E128DD938016B9
:109A6000E128038684288414872B84380220FEB5DD
:109A70004011ED5CC02C6D01C1C3DD9360084356FD
:109A8000E12805866C1D40118814C02B8438842879
:109A9000FEB5872BED5C02206D0140114011C02CFA
:109AA000C015613165394011DD93C02260084366FD
:109AB000E12805866C1D40118814C02B8438842849
:109AC000FEB5872BED5C02206D0140114011C02CCA
:109AD000C015613165594011DD93C01B6008439684
:109AE000E12805866C1D40118814C02B8438842819
:109AF000FEB5872BED5C02206D0140114011C02C9A
:109B0000C015613562F140114011C015C01B655D83
:109B1000C1C3DD936E01000B070640150C34E14410
:109B20008721A12BE686400A00C60C0E8014E14472
:109B30005C08842680049A00424A8018FEA5E08CC6
:109B400080168111C1C3DD936E01000B07C640155D
:109B50000C34E1448721A12BE686400A01860C0ED5
:109B60008014E1445C08842680049A00424A8018EC
:109B7000FEA5E08C80168111C1C3DD93F800044C72
:109B800061384BC6143485618C48A12BF3EC4840F6
:109B900048460C4610C4E144B0368131B06690C4EA
:109BA000303690C4E14458866E01000BB0C4C01535
:109BB0006686400AB00E871100169004E13C00064C
:109BC00084C8801484C6C8C980188004F3EC42108D
:109BD00094048016C819801880E5801680189004B7
:109BE000E08C424A8036FEA5F0000C4CC1C3DD93E8
:109BF000614400C680048111DD938016FA9C040C38
:109C000043E6029B086BE0044011867B402B6C1DF1
:109C100041B8848B4206E800C26761188469041465
:109C2000424604968414E118428604868414E1189E
:109C3000420604768414E11044208428AC2FF3F407
:109C40000C0C842683F5F29C61144106E1144786CE
:109C50008141001484188428CB278C34821904296C
:109C6000A41F0C5A80348C4C8C48E057F3F84840C1
:109C700000348C46F984405242408C488C16F2FCE9
:109C8000C1C3DD9361144386E1C004044800041499
:109C9000CA07F004F10040004306042C8424E114B8
:109CA00046308838A83FF3F8841488364420842846
:109CB000A02FF2FCDD938426FA9C040C41F6009B55
:109CC000066BE0045201847B402B6C1D7BD8828B99
:109CD0001229EFFC402C6E95E11C0246C887041443
:109CE00071C0488004269E79E11843468838842450
:109CF000F23C46308836A83F84288414F3C04420C0
:109D00000426AE2FE11C028684668414F29C0C0C9F
:109D1000C1C3F7A5FA84040C826B007B65350E394C
:109D20000E29C02BC02B6539653D0E197C58C02B00
:109D30000E0BEFFC66B88C1BA10BE8000C0C8085A9
:109D4000DD93F2848C1B0E0BF2840C0CE00027E8F0
:109D5000FA3C040C41A6006B4C01E004402B6C1D46
:109D6000E00443A66FFC7D88807B8C0BA4D5A17B8F
:109D7000653D0C290C19C02BC02B653965350C09C4
:109D800064B8C02B008BEFA0E1040146902B0004C7
:109D90000CA58094C0096E0D65410C39920BC02B47
:109DA0006FA064884C05941B400B636D0C39920BBB
:109DB000402B654963D8941B902B6FA063654C05BD
:109DC000920B400B65450C39941B402B6FA0632808
:109DD0004C05902B400B63710C39920B402B654D59
:109DE0006278941B902B6FA06D590C159121400A3D
:109DF00063694C05020BC00B5EF8941B4C05EFA089
:109E000040066D49E11C02864C058414C008694176
:109E10006B1D4C054C05C008C0086BF14C01840853
:109E2000C01B65714C018408C02265514C01840837
:109E3000C0226CA1434604088414E1186FF14C0160
:109E40008408C0224C019E09C01B65759E098408C8
:109E500065554C018408C0224C019E09C0226CA5A6
:109E60009E0984086FF54C018408C0228E09C90739
:109E700065794C018408C01B8E09C90765594C01DE
:109E80008408C0228E09C9076CA94C018408C0222D
:109E90008E09C9076FF94C014078C0228C0B68000D
:109EA0000C0C8E0BDD93F23C68B1001B060E400AD1
:109EB000C3D06401E18404146C7900398623402CFA
:109EC000E006422AE1840434422A8223002BE00E79
:109ED000C00A68B50206C41D421280004015D18830
:109EE000C00B6375C1C3DD93FA9C040C0C19806B25
:109EF000C02B64C165510C990C79C02BC02B65C96E
:109F0000EC040010C797650D810102150C09A71B11
:109F1000C02C0E31830180B56E314C010C09C02C70
:109F2000402C6D0DF004000A8E930275E08C404ABF
:109F3000054D006001C580AD05490060404AC0ADD7
:109F40000060E08C80AD0545054100608088C0ADB3
:109F50006FA04E080294900B81417A806102461AEC
:109F6000101B8C0B64B88E2B0C09EFFCC02B6551B9
:109F70006C1D0C19C807C02B6AA94C034C03C00DFB
:109F8000C011629966494C034C03C011401167F13E
:109F900052188C0BA10BE8000C0C8085DD93F29C11
:109FA0006C1D0C198C0B402BF29C0C0CC1C39F85B3
:109FB000F804040C6E3100190019C02C402C6D0DF2
:109FC0008245A11BE08C424A05A1040001C580B373
:109FD00005910400424AC0B30400E08C80B305C17F
:109FE00005B104000069C0B3C02B64CD005B8824B8
:109FF000C0156AD16AE1004BA36B401568C900CB5C
:10A00000003BC00AC00A68CD0461006584C58005B4
:10A010000065A56B8005045D00758425400B6375A4
:10A020000285A76B9C004C70645D0065CC7DC0050B
:10A03000046100654C628005424A9A9CD8C7608CD6
:10A04000026402E55857E0B04A5AD847484AE00A45
:10A050004055E00AC00B6379637D4045481AC00B48
:10A06000D81D600A421258374045D1B0400B638179
:10A07000481A8141423AC00A4045E00AC00B638554
:10A08000638940158101400BF0040C0CC1C3DD93C2
:10A09000FA3C040C00B6008B5001E008402B6C1D0C
:10A0A000067B88AB4E18849B820B6FA06FA04F6815
:10A0B000210B806B0206FF11A3AB0000820302E5B7
:10A0C0008295D30D84A5A37B5095A17BC00B052160
:10A0D00050958415C00B6521A37B8335A17B82C578
:10A0E000052150058235C00B652150058185C00BC7
:10A0F000653150958145C00B65315005100BC00B83
:10A1000073188E1B5A18EFF80E646FFC4386E1A09B
:10A110008414E11843C604768414E1180C0C846698
:10A120001B18F23CC1C3FFFCFA04044C866B4227A7
:10A13000042484210624FA808233E184600A4E3AA2
:10A140000029C62D402B0C1DC0084296CFB473E8E1
:10A150006001000681317D09E01E400AE51A420ACD
:10A16000E59A440A648100104222C7A1040E728C51
:10A17000C00374246F5C74880C4C8131DD93F2044D
:10A18000FA00040C6C010C12811140286F605DA86C
:10A190008C0B8C2BF2000C0CC1C3DD93FA00040C69
:10A1A0004206022B0414E118E124478684188161D9
:10A1B0008C388C348245871B60080366E0080D6686
:10A1C000EFB470480C06A10B8C0B8000F2000C0C55
:10A1D000C1C3DD93FA00040C4286022B0414E1187B
:10A1E000E12447C6841881618C388C348245871BF2
:10A1F00060080376E0080D76EFB46E880C06A10BBC
:10A200008C0B8000F2000C0CC1C3DD93FA00040C2F
:10A2100002C6022B0414E128E11847468418816124
:10A220008C388C348E39C9378245871B6008038689
:10A23000E0080D86EFB46CA80C06A10B8C0B800017
:10A24000F2000C0CC1C3DD93FA00040C0286022B51
:10A250000414E128E1184746841881618C388C3455
:10A26000871B9E39039682450D9660086AD8E008E0
:10A27000A10BEFB480000C060C0C8C0BDD93F200EC
:10A280006C800412813181114800C53D00045004E6
:10A290004212C18406305090FCF5C404820B5D93D9
:10A2A000FA00040C0C09806BC02B65B5E084400AF1
:10A2B00005A90C194086402B0005C1004011C000C3
:10A2C0008495C0006D210C09400AC02C82C5E08035
:10A2D00063790C158531400B8C0B03416FFC6DA825
:10A2E0008C0B822BF2000C0C81018165F2000C0CAE
:10A2F000C1C3DD93FA7C044C0086006B8004E13C12
:10A30000421080188016F1FC65B50C09404AC02B3C
:10A310000004609880C5FA006CFD0C19A11BC02CCC
:10A32000FF1182858235820D66ED0C19A11BC026B6
:10A3300002600285809906E5E094400A04450260C7
:10A340000260C09E80AD05A953F604180C39E000E8
:10A35000C02B65AD70844432050AA613161264FC46
:10A360001224E000400A1A800060E090409906F153
:10A37000C00002064F604E68C018040615860FBE66
:10A380000101E1008975817161004086E0084206A3
:10A39000832100048C0B00B6EFF87BE8603C42861A
:10A3A00052788C0B007BEFE075B88C0B0C09EFF842
:10A3B000402C6D01F0A04462A17B28146BF1440194
:10A3C0008408C02641F682658111603CEF644F2805
:10A3D000600C430660788C0B5938EFC80C19EFDC21
:10A3E000C02B65B5E090420A0284826504606088F3
:10A3F000C09966F09023041344B1840E0C15E40058
:10A40000C00A6D610206C20D4C11C000C02606EDE7
:10A4100082B180D5FA8010B4ECE5D28D65B50C1907
:10A420008291402BE090420AC01C1E25D1884482B4
:10A4300006E14C21938B40260C0984F5402666E505
:10A44000E10042868321041466ED4C210406C026F7
:10A45000E03C41F66F644AE8430681118C0B600CC6
:10A46000EFC85C28420A8595448660940824E10080
:10A47000044102604CB1C09E402666E505B1026011
:10A48000841880AD021290138816ECFC6C6D0C29B8
:10A490004C11C02CC02666E969B54C05440AC009B8
:10A4A0008245E0906FF86DE80C098C0BC02C6D01B3
:10A4B0006D054C014046C02C8014E10044208428E6
:10A4C0000426F3ECE13C028684288414FC9C0424DA
:10A4D00080048426C81980188E0B0016F27C0C4C60
:10A4E000C1C3DD93FA00040C40A6006B4C01E000F0
:10A4F000402B6C1D69588C0B6E38EFF48C0B6FE899
:10A500000C19A10B802C0D15937C42100D154C11CC
:10A510008111002C6C214C110C0CC02BDD93F2002E
:10A52000FA1C044C8171006B66350C0B43F6401627
:10A530004C73EFFCC0166671E080404A0C19988598
:10A54000C02B6C496C510C890C29C02BC02B6C554D
:10A550006C4D0C39C517402BC527C587482A453790
:10A560004A3AE6A20644E6860854FA80893BFA8015
:10A5700080000016888C0004020010C50C398C0481
:10A58000402C6D09E084400A6686442AFA8008144B
:10A59000815101116C040030400283310009D098D0
:10A5A000C02C0CA16CE94C018305C02C8425A18B27
:10A5B0007A801884E89412346032584AFB8002147E
:10A5C0004C13B21FC0166671855D98538345FC1508
:10A5D0006C1D0C294296402B4F78E0088C0B6FB411
:10A5E000E0084E9666710C1BA30B40166CE90C0933
:10A5F0000E06402C0004C00002147A80400AFB8042
:10A60000A11FE6A266714C138E0B4016F21C0C4C77
:10A61000C1C3DD93E1044206841A84146E19401309
:10A62000DD93C015F87C040CEC601EF06C410069F1
:10A630009F71402B6C4900398181402B6C5100493E
:10A640008191402B423AAF76421AE69ABE1EE01242
:10A650006C4D00193C1EC02B6031020E7C1EC241A5
:10A66000E04002168F110D1C95111D1685111F1645
:10A670008B11211691112316971125169911271662
:10A680009B1129169D112B1681112D166C5500C991
:10A690008365C02B64200AF00A2982B18023FC085C
:10A6A000688144818281401B6C4100690A64C02B2F
:10A6B00004B47A809453FA80FAB5CB2D00298291A4
:10A6C000402B6C45FA8014940494C5AD5420C08886
:10A6D000C00313F156A07AB50029DC00402C6C8130
:10A6E000FA8018C4E012463AA32B3C24DFFC4FEE5C
:10A6F00068BD40713E24C01BFA800A246032485A6B
:10A7000064800A000745C06EFA8004246E1900CBED
:10A71000580AC01559E6E4844C50000C88A59C00EA
:10A720006C7900C9E5CDC02C94C888356C410069AE
:10A730000079C02BC02C6CE9E01A50CAE00E527AA6
:10A74000E11A58CAE692508AE10E4C7A58CA109320
:10A750000E94E68E50027A804E7AF0848CC3668A1C
:10A7600064810C808EC3C06E021198C6020A8251A9
:10A77000F2B5E0400C0CB0F1DD93F07C0000101459
:10A7800000434AB00000092C00001A24004354C0C2
:10A79000000000200000194400000000000000E05C
:10A7A00000000000008002000080020100000000A4
:10A7B00000800211008002120000000000800216DA
:10A7C0000080021700800218008002190080021A1F
:10A7D0000080021B000000000080021D0080021E9D
:10A7E0000080022000800224008002260080022CCB
:10A7F000000000000080022F0080024600000000E0
:10A800000080024A000000000080024C0080024DDF
:10A810000080024E008002510000000000800253C0
:10A820000000000000800257000000000080025974
:10A830000080025A0080025F008002600080026196
:10A840000080026200800263008002640080026572
:10A850000080026600800267008002680080027348
:10A8600000000000008002780080027C00800281ED
:10A8700000800286008002870000000000800295B0
:10A88000000000000080029900000000008002A388
:10A89000008002A800000000008002AA008002AB35
:10A8A000008002AC008002AD008002AE008002B1E8
:10A8B000008002B200000000008002B6008002B7F3
:10A8C000008002B8008002B9008002BA008002BB9A
:10A8D000008002BC008002BD008002BE008002BF7A
:10A8E000008002C2008002C3008002C4008002C552
:10A8F0000080400000000000008040020080400313
:10A9000000804004008040060000000000804009F4
:10A910000080400A0080400B0080400C00000000D6
:10A920000080400E0080400F0000000000804013B7
:10A930000080401400804015000000000080401995
:10A940000080401E0080401F00804020000000006A
:10A9500000804024008040250080403C0080403D35
:10A960000080403E0080403F0080404000804041E9
:10A9700000804042008040430080404400804045C9
:10A9800000804046008040470080404800804049A9
:10A990000080404A0080404B0080404C0080404D89
:10A9A0000080404E0080404F008040500080405169
:10A9B0000080405200804053008040540080405549
:10A9C0000080405600804057008040580080405929
:10A9D0000080405A0080405B0080405C0000000026
:10A9E0000080405E00000000008040600000000029
:10A9F000008040690080406A0080406B00000000D9
:10AA00000080407400804078008040790080407A67
:10AA10000080407C00804084008040850080408829
:10AA2000008040890080408E00000000008040903F
:10AA30000080409100804099000000000080409F0D
:10AA400000000000008040A1008040A20000000043
:10AA5000008040A8008040B0008040B6008040D018
:10AA6000008040D1008040D4008040D5000000002C
:10AA7000008040DD00000000008040DF008043DCFB
:10AA8000008043DD00000000008043E400804404B7
:10AA90000080442800000000008044480080444CAE
:10AAA0000080445000804454008044580080445C3E
:10AAB000008044600080446400804468000000001E
:10AAC0000080469800000000008048C8008048C907
:10AAD00000000000008048CB008048CC000000004F
:10AAE0000080491C000000000080343C0080800091
:10AAF0000080800100808002008080060080800746
:10AB00000000000000808009000000000080800E2E
:10AB100000808010000000000080801400808018F9
:10AB20000080801C000000000080802D0080802EAE
:10AB30000080803100808032008080350080803647
:10AB40000080803700000000008080390080803A5B
:10AB50000080803B0080803C0080803D0080803E03
:10AB600000808040008080440080804800808049D0
:10AB70000080804A000000000080804C00808050EF
:10AB800000808054008080550080805600000000C6
:10AB9000008080580080805C008080600080806140
:10ABA0000080806200000000008080640080806877
:10ABB0000080806C0080806D0080806E000000004E
:10ABC00000808070008080740080807800808079B0
:10ABD0000080807A000000000080807C00808080FF
:10ABE00000000000008080880080808C0000000051
:10ABF0000080809400808098000000000080008029
:10AC0000008000810080008200800083008000843A
:10AC1000008000850080008600800087008000881A
:10AC2000008000890080008A0080008B0080008CFA
:10AC30000080008D0080008E0080008F00800090DA
:10AC4000000000000080010100800102008001037B
:10AC500000800104008001050080010600800107DA
:10AC60000080010A0080010C00812C0000812FFC73
:10AC700000000D00000000640000BB8000001A48C6
:10AC80000000FB8000000000000000000000000049
:10AC9000000017EC00001854000018BC0000000071
:10ACA00000000000000000000000000000000000A4
:10ACB0000000000000000000000000000000000094
:10ACC00000001A3F0000000000000000000000002B
:10ACD0000000000000000000000000000000000074
:10ACE0000000000000000000000000000000000064
:10ACF000540000409E1400C09E2001409E3400403D
:10AD00009E3804049F3804029FB801009FC80100C8
:10AD10000000000F02020024000002400800024070
:10AD2000010000000008024000000B00000002408B
:10AD30001C000240020000000408024004010C0054
:10AD400000000240300002400400000008080240F9
:10AD500008020D000000024044000240080000000C
:10AD60000C0802400C030E00000002405800024094
:10AD7000100000001008024010040F000000024004
:10AD80006C0002402000000014080240140510006E
:10AD9000000002408000024040000000180802400D
:10ADA00018061100000002409400024080000000DC
:10ADB0001C0802401C076000000402400804024016
:10ADC0000001000020080240000838000004024092
:10ADD0001C0402400002000024080240040939005B
:10ADE0000004024030040240000400002808024031
:10ADF000080A3A000004024044040240000800002F
:10AE00002C0802400C0B3B00000402405804024096
:10AE10000010000030080240100C3C00000402400A
:10AE20006C0402400020000034080240140D610050
:10AE30000004024080040240004000003808024044
:10AE4000180E6200000402409404024000800000DA
:10AE50003C0802401C0F6300185600080000000068
:10AE600000000000800A0020500B00206D61696E18
:10AE7000002C0438040470080C383C44484C4D4EF7
:10AE80000000000000002804010004000000000091
:10AE9000000C0010283034008CAF0108E82400209A
:10AEA000E8240020E82400208CAF010800000020E6
:10AEB00000000020000000208CAF010800000020EE
:10AEC00000000020000000208CAF0108004001209D
:10AED00000400120004001208CAF010800800120CB
:10AEE00000800120008001208CAF010800000010CC
:10AEF00000000010000000108CAF010800000000EE
:10AF000000000000000000008CAF010800000000FD
:10AF10000000000000000000090333800000000072
:10AF200000000000290000000808002018AF0108F8
:10AF3000000000009114000881130008010E0008B1
:10AF4000610D0008110E0008710D0008A114000821
:10AF5000911300086107000800000000410F00087D
:10AF600031110008B1140008C10F0008210E0008BB
:10AF700001100008510F0008411100087107000876
:08AF80000455FE7F01000000F2
:04AF8800000800209D
:04000005080002B934
:00000001FF
