ARM GAS  C:\Users\nello\AppData\Local\Temp\ccYycJvt.s 			page 1


   1              		.cpu cortex-m4
   2              		.arch armv7e-m
   3              		.fpu softvfp
   4              		.eabi_attribute 20, 1
   5              		.eabi_attribute 21, 1
   6              		.eabi_attribute 23, 3
   7              		.eabi_attribute 24, 1
   8              		.eabi_attribute 25, 1
   9              		.eabi_attribute 26, 1
  10              		.eabi_attribute 30, 6
  11              		.eabi_attribute 34, 1
  12              		.eabi_attribute 18, 4
  13              		.file	"chinstances.c"
  14              		.file 1 "c:\\chibistudio\\tools\\gnu tools arm embedded\\10.3 2021.10\\arm-none-eabi\\include\\mac
  15              		.file 2 "c:\\chibistudio\\tools\\gnu tools arm embedded\\10.3 2021.10\\arm-none-eabi\\include\\sys
  16              		.file 3 "../../chibios2111/os/common/ports/ARM-common/chtypes.h"
  17              		.file 4 "../../chibios2111/os/rt/include/chearly.h"
  18              		.file 5 "../../chibios2111/os/rt/include/chobjects.h"
  19              		.file 6 "../../chibios2111/os/rt/include/chrfcu.h"
  20              		.file 7 "../../chibios2111/os/rt/include/chdebug.h"
  21              		.file 8 "../../chibios2111/os/rt/include/chtime.h"
  22              		.file 9 "../../chibios2111/os/rt/include/chlists.h"
  23              		.file 10 "../../chibios2111/os/common/ports/ARMv7-M-ALT/chcore.h"
  24              		.file 11 "../../chibios2111/os/rt/include/chtm.h"
  25              		.file 12 "../../chibios2111/os/rt/include/chsem.h"
  26              		.file 13 "../../chibios2111/os/rt/include/chmtx.h"
  27              		.file 14 "../../chibios2111/os/rt/include/chthreads.h"
  28              		.file 15 "../../chibios2111/os/rt/include/chregistry.h"
  29              		.file 16 "../../chibios2111/os/rt/include/chsys.h"
  30              		.file 17 "../../chibios2111/os/rt/src/chinstances.c"
  31              		.file 18 "../../chibios2111/os/rt/include/chvt.h"
  32              		.file 19 "../../chibios2111/os/hal/osal/rt-nil/chcore_timer.h"
  33              		.section	.gnu.debuglto_.debug_info,"e",%progbits
  34              	.Ldebug_info0:
  35              		.hidden	chinstances.c.81b60380
  36              		.weak	chinstances.c.81b60380
  37              	chinstances.c.81b60380:
  38 0000 980C0000 		.4byte	0xc98
  39 0004 0400     		.2byte	0x4
  40 0006 00000000 		.4byte	.Ldebug_abbrev0
  41 000a 04       		.byte	0x4
  42 000b 01       		.uleb128 0x1
  43 000c A7060000 		.4byte	.LASF184
  44 0010 0C       		.byte	0xc
  45 0011 8E050000 		.4byte	.LASF185
  46 0015 C1070000 		.4byte	.LASF186
  47 0019 00000000 		.4byte	.Ldebug_line0
  48 001d 02       		.uleb128 0x2
  49 001e 04       		.byte	0x4
  50 001f 05       		.byte	0x5
  51 0020 696E7400 		.ascii	"int\000"
  52 0024 03       		.uleb128 0x3
  53 0025 04       		.byte	0x4
  54 0026 07       		.byte	0x7
  55 0027 C9020000 		.4byte	.LASF0
  56 002b 03       		.uleb128 0x3
  57 002c 08       		.byte	0x8
ARM GAS  C:\Users\nello\AppData\Local\Temp\ccYycJvt.s 			page 2


  58 002d 05       		.byte	0x5
  59 002e 4F010000 		.4byte	.LASF1
  60 0032 03       		.uleb128 0x3
  61 0033 08       		.byte	0x8
  62 0034 04       		.byte	0x4
  63 0035 63060000 		.4byte	.LASF2
  64 0039 03       		.uleb128 0x3
  65 003a 01       		.byte	0x1
  66 003b 06       		.byte	0x6
  67 003c 5D010000 		.4byte	.LASF3
  68 0040 04       		.uleb128 0x4
  69 0041 66000000 		.4byte	.LASF6
  70 0045 01       		.byte	0x1
  71 0046 2B       		.byte	0x2b
  72 0047 18       		.byte	0x18
  73 0048 4C000000 		.4byte	0x4c
  74 004c 03       		.uleb128 0x3
  75 004d 01       		.byte	0x1
  76 004e 08       		.byte	0x8
  77 004f 6A050000 		.4byte	.LASF4
  78 0053 03       		.uleb128 0x3
  79 0054 02       		.byte	0x2
  80 0055 05       		.byte	0x5
  81 0056 C6050000 		.4byte	.LASF5
  82 005a 04       		.uleb128 0x4
  83 005b 6C070000 		.4byte	.LASF7
  84 005f 01       		.byte	0x1
  85 0060 39       		.byte	0x39
  86 0061 19       		.byte	0x19
  87 0062 66000000 		.4byte	0x66
  88 0066 03       		.uleb128 0x3
  89 0067 02       		.byte	0x2
  90 0068 07       		.byte	0x7
  91 0069 00080000 		.4byte	.LASF8
  92 006d 04       		.uleb128 0x4
  93 006e 90070000 		.4byte	.LASF9
  94 0072 01       		.byte	0x1
  95 0073 4D       		.byte	0x4d
  96 0074 18       		.byte	0x18
  97 0075 79000000 		.4byte	0x79
  98 0079 03       		.uleb128 0x3
  99 007a 04       		.byte	0x4
 100 007b 05       		.byte	0x5
 101 007c CD010000 		.4byte	.LASF10
 102 0080 04       		.uleb128 0x4
 103 0081 4E020000 		.4byte	.LASF11
 104 0085 01       		.byte	0x1
 105 0086 4F       		.byte	0x4f
 106 0087 19       		.byte	0x19
 107 0088 8C000000 		.4byte	0x8c
 108 008c 03       		.uleb128 0x3
 109 008d 04       		.byte	0x4
 110 008e 07       		.byte	0x7
 111 008f EE020000 		.4byte	.LASF12
 112 0093 04       		.uleb128 0x4
 113 0094 0B050000 		.4byte	.LASF13
 114 0098 01       		.byte	0x1
ARM GAS  C:\Users\nello\AppData\Local\Temp\ccYycJvt.s 			page 3


 115 0099 69       		.byte	0x69
 116 009a 19       		.byte	0x19
 117 009b 9F000000 		.4byte	0x9f
 118 009f 03       		.uleb128 0x3
 119 00a0 08       		.byte	0x8
 120 00a1 07       		.byte	0x7
 121 00a2 ED000000 		.4byte	.LASF14
 122 00a6 04       		.uleb128 0x4
 123 00a7 C6080000 		.4byte	.LASF15
 124 00ab 02       		.byte	0x2
 125 00ac 18       		.byte	0x18
 126 00ad 13       		.byte	0x13
 127 00ae 40000000 		.4byte	0x40
 128 00b2 04       		.uleb128 0x4
 129 00b3 09020000 		.4byte	.LASF16
 130 00b7 02       		.byte	0x2
 131 00b8 24       		.byte	0x24
 132 00b9 14       		.byte	0x14
 133 00ba 5A000000 		.4byte	0x5a
 134 00be 04       		.uleb128 0x4
 135 00bf 62050000 		.4byte	.LASF17
 136 00c3 02       		.byte	0x2
 137 00c4 2C       		.byte	0x2c
 138 00c5 13       		.byte	0x13
 139 00c6 6D000000 		.4byte	0x6d
 140 00ca 04       		.uleb128 0x4
 141 00cb 38060000 		.4byte	.LASF18
 142 00cf 02       		.byte	0x2
 143 00d0 30       		.byte	0x30
 144 00d1 14       		.byte	0x14
 145 00d2 80000000 		.4byte	0x80
 146 00d6 04       		.uleb128 0x4
 147 00d7 5D000000 		.4byte	.LASF19
 148 00db 02       		.byte	0x2
 149 00dc 3C       		.byte	0x3c
 150 00dd 14       		.byte	0x14
 151 00de 93000000 		.4byte	0x93
 152 00e2 05       		.uleb128 0x5
 153 00e3 D6000000 		.4byte	0xd6
 154 00e7 04       		.uleb128 0x4
 155 00e8 70040000 		.4byte	.LASF20
 156 00ec 03       		.byte	0x3
 157 00ed 36       		.byte	0x36
 158 00ee 1D       		.byte	0x1d
 159 00ef CA000000 		.4byte	0xca
 160 00f3 04       		.uleb128 0x4
 161 00f4 48060000 		.4byte	.LASF21
 162 00f8 03       		.byte	0x3
 163 00f9 48       		.byte	0x48
 164 00fa 1D       		.byte	0x1d
 165 00fb D6000000 		.4byte	0xd6
 166 00ff 04       		.uleb128 0x4
 167 0100 1D040000 		.4byte	.LASF22
 168 0104 04       		.byte	0x4
 169 0105 4D       		.byte	0x4d
 170 0106 19       		.byte	0x19
 171 0107 E7000000 		.4byte	0xe7
ARM GAS  C:\Users\nello\AppData\Local\Temp\ccYycJvt.s 			page 4


 172 010b 04       		.uleb128 0x4
 173 010c DB030000 		.4byte	.LASF23
 174 0110 04       		.byte	0x4
 175 0111 50       		.byte	0x50
 176 0112 19       		.byte	0x19
 177 0113 F3000000 		.4byte	0xf3
 178 0117 04       		.uleb128 0x4
 179 0118 9A030000 		.4byte	.LASF24
 180 011c 04       		.byte	0x4
 181 011d 53       		.byte	0x53
 182 011e 19       		.byte	0x19
 183 011f A6000000 		.4byte	0xa6
 184 0123 04       		.uleb128 0x4
 185 0124 E4010000 		.4byte	.LASF25
 186 0128 04       		.byte	0x4
 187 0129 54       		.byte	0x54
 188 012a 19       		.byte	0x19
 189 012b A6000000 		.4byte	0xa6
 190 012f 04       		.uleb128 0x4
 191 0130 20050000 		.4byte	.LASF26
 192 0134 04       		.byte	0x4
 193 0135 55       		.byte	0x55
 194 0136 19       		.byte	0x19
 195 0137 A6000000 		.4byte	0xa6
 196 013b 04       		.uleb128 0x4
 197 013c 38050000 		.4byte	.LASF27
 198 0140 04       		.byte	0x4
 199 0141 57       		.byte	0x57
 200 0142 19       		.byte	0x19
 201 0143 CA000000 		.4byte	0xca
 202 0147 04       		.uleb128 0x4
 203 0148 32050000 		.4byte	.LASF28
 204 014c 04       		.byte	0x4
 205 014d 58       		.byte	0x58
 206 014e 19       		.byte	0x19
 207 014f BE000000 		.4byte	0xbe
 208 0153 04       		.uleb128 0x4
 209 0154 B8030000 		.4byte	.LASF29
 210 0158 04       		.byte	0x4
 211 0159 5A       		.byte	0x5a
 212 015a 19       		.byte	0x19
 213 015b CA000000 		.4byte	0xca
 214 015f 04       		.uleb128 0x4
 215 0160 B0020000 		.4byte	.LASF30
 216 0164 04       		.byte	0x4
 217 0165 5C       		.byte	0x5c
 218 0166 19       		.byte	0x19
 219 0167 BE000000 		.4byte	0xbe
 220 016b 04       		.uleb128 0x4
 221 016c 16050000 		.4byte	.LASF31
 222 0170 04       		.byte	0x4
 223 0171 80       		.byte	0x80
 224 0172 12       		.byte	0x12
 225 0173 24000000 		.4byte	0x24
 226 0177 04       		.uleb128 0x4
 227 0178 77070000 		.4byte	.LASF32
 228 017c 04       		.byte	0x4
ARM GAS  C:\Users\nello\AppData\Local\Temp\ccYycJvt.s 			page 5


 229 017d 85       		.byte	0x85
 230 017e 1A       		.byte	0x1a
 231 017f 83010000 		.4byte	0x183
 232 0183 06       		.uleb128 0x6
 233 0184 66030000 		.4byte	.LASF47
 234 0188 70       		.byte	0x70
 235 0189 05       		.byte	0x5
 236 018a 9C       		.byte	0x9c
 237 018b 08       		.byte	0x8
 238 018c 66020000 		.4byte	0x266
 239 0190 07       		.uleb128 0x7
 240 0191 68647200 		.ascii	"hdr\000"
 241 0195 05       		.byte	0x5
 242 0196 AD       		.byte	0xad
 243 0197 05       		.byte	0x5
 244 0198 92060000 		.4byte	0x692
 245 019c 00       		.byte	0
 246 019d 07       		.uleb128 0x7
 247 019e 63747800 		.ascii	"ctx\000"
 248 01a2 05       		.byte	0x5
 249 01a3 B1       		.byte	0xb1
 250 01a4 21       		.byte	0x21
 251 01a5 8A050000 		.4byte	0x58a
 252 01a9 0C       		.byte	0xc
 253 01aa 08       		.uleb128 0x8
 254 01ab 00030000 		.4byte	.LASF33
 255 01af 05       		.byte	0x5
 256 01b0 B6       		.byte	0xb6
 257 01b1 21       		.byte	0x21
 258 01b2 B3030000 		.4byte	0x3b3
 259 01b6 38       		.byte	0x38
 260 01b7 08       		.uleb128 0x8
 261 01b8 58060000 		.4byte	.LASF34
 262 01bc 05       		.byte	0x5
 263 01bd BB       		.byte	0xbb
 264 01be 22       		.byte	0x22
 265 01bf 9F070000 		.4byte	0x79f
 266 01c3 40       		.byte	0x40
 267 01c4 08       		.uleb128 0x8
 268 01c5 20030000 		.4byte	.LASF35
 269 01c9 05       		.byte	0x5
 270 01ca C0       		.byte	0xc0
 271 01cb 22       		.byte	0x22
 272 01cc 3F030000 		.4byte	0x33f
 273 01d0 44       		.byte	0x44
 274 01d1 08       		.uleb128 0x8
 275 01d2 6F060000 		.4byte	.LASF36
 276 01d6 05       		.byte	0x5
 277 01d7 C9       		.byte	0xc9
 278 01d8 22       		.byte	0x22
 279 01d9 BA050000 		.4byte	0x5ba
 280 01dd 48       		.byte	0x48
 281 01de 08       		.uleb128 0x8
 282 01df C7010000 		.4byte	.LASF37
 283 01e3 05       		.byte	0x5
 284 01e4 CE       		.byte	0xce
 285 01e5 21       		.byte	0x21
ARM GAS  C:\Users\nello\AppData\Local\Temp\ccYycJvt.s 			page 6


 286 01e6 23010000 		.4byte	0x123
 287 01ea 4C       		.byte	0x4c
 288 01eb 08       		.uleb128 0x8
 289 01ec CE080000 		.4byte	.LASF38
 290 01f0 05       		.byte	0x5
 291 01f1 D2       		.byte	0xd2
 292 01f2 21       		.byte	0x21
 293 01f3 17010000 		.4byte	0x117
 294 01f7 4D       		.byte	0x4d
 295 01f8 08       		.uleb128 0x8
 296 01f9 4A010000 		.4byte	.LASF39
 297 01fd 05       		.byte	0x5
 298 01fe D7       		.byte	0xd7
 299 01ff 21       		.byte	0x21
 300 0200 2F010000 		.4byte	0x12f
 301 0204 4E       		.byte	0x4e
 302 0205 09       		.uleb128 0x9
 303 0206 7500     		.ascii	"u\000"
 304 0208 05       		.byte	0x5
 305 0209 2801     		.2byte	0x128
 306 020b 21       		.byte	0x21
 307 020c C0060000 		.4byte	0x6c0
 308 0210 50       		.byte	0x50
 309 0211 0A       		.uleb128 0xa
 310 0212 80020000 		.4byte	.LASF40
 311 0216 05       		.byte	0x5
 312 0217 2D01     		.2byte	0x12d
 313 0219 21       		.byte	0x21
 314 021a 86030000 		.4byte	0x386
 315 021e 54       		.byte	0x54
 316 021f 0A       		.uleb128 0xa
 317 0220 B5010000 		.4byte	.LASF41
 318 0224 05       		.byte	0x5
 319 0225 3301     		.2byte	0x133
 320 0227 21       		.byte	0x21
 321 0228 B3030000 		.4byte	0x3b3
 322 022c 58       		.byte	0x58
 323 022d 0A       		.uleb128 0xa
 324 022e 7D030000 		.4byte	.LASF42
 325 0232 05       		.byte	0x5
 326 0233 3901     		.2byte	0x139
 327 0235 21       		.byte	0x21
 328 0236 53010000 		.4byte	0x153
 329 023a 60       		.byte	0x60
 330 023b 0A       		.uleb128 0xa
 331 023c 30090000 		.4byte	.LASF43
 332 0240 05       		.byte	0x5
 333 0241 4001     		.2byte	0x140
 334 0243 22       		.byte	0x22
 335 0244 99070000 		.4byte	0x799
 336 0248 64       		.byte	0x64
 337 0249 0A       		.uleb128 0xa
 338 024a 00040000 		.4byte	.LASF44
 339 024e 05       		.byte	0x5
 340 024f 4401     		.2byte	0x144
 341 0251 21       		.byte	0x21
 342 0252 3B010000 		.4byte	0x13b
ARM GAS  C:\Users\nello\AppData\Local\Temp\ccYycJvt.s 			page 7


 343 0256 68       		.byte	0x68
 344 0257 0A       		.uleb128 0xa
 345 0258 3B030000 		.4byte	.LASF45
 346 025c 05       		.byte	0x5
 347 025d 4B01     		.2byte	0x14b
 348 025f 22       		.byte	0x22
 349 0260 C0050000 		.4byte	0x5c0
 350 0264 6C       		.byte	0x6c
 351 0265 00       		.byte	0
 352 0266 04       		.uleb128 0x4
 353 0267 95010000 		.4byte	.LASF46
 354 026b 04       		.byte	0x4
 355 026c 8A       		.byte	0x8a
 356 026d 1F       		.byte	0x1f
 357 026e 72020000 		.4byte	0x272
 358 0272 0B       		.uleb128 0xb
 359 0273 AB070000 		.4byte	.LASF48
 360 0277 B0       		.byte	0xb0
 361 0278 05       		.byte	0x5
 362 0279 8A01     		.2byte	0x18a
 363 027b 08       		.byte	0x8
 364 027c F1020000 		.4byte	0x2f1
 365 0280 0A       		.uleb128 0xa
 366 0281 8F010000 		.4byte	.LASF49
 367 0285 05       		.byte	0x5
 368 0286 8E01     		.2byte	0x18e
 369 0288 21       		.byte	0x21
 370 0289 D0070000 		.4byte	0x7d0
 371 028d 00       		.byte	0
 372 028e 0A       		.uleb128 0xa
 373 028f 69020000 		.4byte	.LASF50
 374 0293 05       		.byte	0x5
 375 0294 9201     		.2byte	0x192
 376 0296 21       		.byte	0x21
 377 0297 4D060000 		.4byte	0x64d
 378 029b 10       		.byte	0x10
 379 029c 0A       		.uleb128 0xa
 380 029d F8070000 		.4byte	.LASF51
 381 02a1 05       		.byte	0x5
 382 02a2 9901     		.2byte	0x199
 383 02a4 21       		.byte	0x21
 384 02a5 74060000 		.4byte	0x674
 385 02a9 28       		.byte	0x28
 386 02aa 0A       		.uleb128 0xa
 387 02ab 90000000 		.4byte	.LASF52
 388 02af 05       		.byte	0x5
 389 02b0 9E01     		.2byte	0x19e
 390 02b2 21       		.byte	0x21
 391 02b3 6B010000 		.4byte	0x16b
 392 02b7 30       		.byte	0x30
 393 02b8 0A       		.uleb128 0xa
 394 02b9 30000000 		.4byte	.LASF53
 395 02bd 05       		.byte	0x5
 396 02be A401     		.2byte	0x1a4
 397 02c0 21       		.byte	0x21
 398 02c1 18030000 		.4byte	0x318
 399 02c5 34       		.byte	0x34
ARM GAS  C:\Users\nello\AppData\Local\Temp\ccYycJvt.s 			page 8


 400 02c6 0A       		.uleb128 0xa
 401 02c7 A0060000 		.4byte	.LASF54
 402 02cb 05       		.byte	0x5
 403 02cc A901     		.2byte	0x1a9
 404 02ce 22       		.byte	0x22
 405 02cf 44080000 		.4byte	0x844
 406 02d3 38       		.byte	0x38
 407 02d4 0A       		.uleb128 0xa
 408 02d5 1C010000 		.4byte	.LASF55
 409 02d9 05       		.byte	0x5
 410 02da AD01     		.2byte	0x1ad
 411 02dc 21       		.byte	0x21
 412 02dd 77010000 		.4byte	0x177
 413 02e1 3C       		.byte	0x3c
 414 02e2 09       		.uleb128 0x9
 415 02e3 64626700 		.ascii	"dbg\000"
 416 02e7 05       		.byte	0x5
 417 02e8 B101     		.2byte	0x1b1
 418 02ea 21       		.byte	0x21
 419 02eb 56030000 		.4byte	0x356
 420 02ef AC       		.byte	0xac
 421 02f0 00       		.byte	0
 422 02f1 04       		.uleb128 0x4
 423 02f2 11040000 		.4byte	.LASF56
 424 02f6 06       		.byte	0x6
 425 02f7 3F       		.byte	0x3f
 426 02f8 12       		.byte	0x12
 427 02f9 CA000000 		.4byte	0xca
 428 02fd 06       		.uleb128 0x6
 429 02fe ED010000 		.4byte	.LASF57
 430 0302 04       		.byte	0x4
 431 0303 06       		.byte	0x6
 432 0304 44       		.byte	0x44
 433 0305 10       		.byte	0x10
 434 0306 18030000 		.4byte	0x318
 435 030a 08       		.uleb128 0x8
 436 030b 59020000 		.4byte	.LASF58
 437 030f 06       		.byte	0x6
 438 0310 48       		.byte	0x48
 439 0311 21       		.byte	0x21
 440 0312 F1020000 		.4byte	0x2f1
 441 0316 00       		.byte	0
 442 0317 00       		.byte	0
 443 0318 04       		.uleb128 0x4
 444 0319 CD030000 		.4byte	.LASF59
 445 031d 06       		.byte	0x6
 446 031e 49       		.byte	0x49
 447 031f 03       		.byte	0x3
 448 0320 FD020000 		.4byte	0x2fd
 449 0324 06       		.uleb128 0x6
 450 0325 70020000 		.4byte	.LASF60
 451 0329 04       		.byte	0x4
 452 032a 07       		.byte	0x7
 453 032b 3E       		.byte	0x3e
 454 032c 10       		.byte	0x10
 455 032d 3F030000 		.4byte	0x33f
 456 0331 08       		.uleb128 0x8
ARM GAS  C:\Users\nello\AppData\Local\Temp\ccYycJvt.s 			page 9


 457 0332 9A070000 		.4byte	.LASF61
 458 0336 07       		.byte	0x7
 459 0337 46       		.byte	0x46
 460 0338 24       		.byte	0x24
 461 0339 45030000 		.4byte	0x345
 462 033d 00       		.byte	0
 463 033e 00       		.byte	0
 464 033f 0C       		.uleb128 0xc
 465 0340 04       		.byte	0x4
 466 0341 51030000 		.4byte	0x351
 467 0345 05       		.uleb128 0x5
 468 0346 3F030000 		.4byte	0x33f
 469 034a 03       		.uleb128 0x3
 470 034b 01       		.byte	0x1
 471 034c 08       		.byte	0x8
 472 034d 76060000 		.4byte	.LASF62
 473 0351 0D       		.uleb128 0xd
 474 0352 4A030000 		.4byte	0x34a
 475 0356 04       		.uleb128 0x4
 476 0357 81000000 		.4byte	.LASF63
 477 035b 07       		.byte	0x7
 478 035c 51       		.byte	0x51
 479 035d 03       		.byte	0x3
 480 035e 24030000 		.4byte	0x324
 481 0362 04       		.uleb128 0x4
 482 0363 86070000 		.4byte	.LASF64
 483 0367 08       		.byte	0x8
 484 0368 6D       		.byte	0x6d
 485 0369 12       		.byte	0x12
 486 036a CA000000 		.4byte	0xca
 487 036e 04       		.uleb128 0x4
 488 036f A2020000 		.4byte	.LASF65
 489 0373 08       		.byte	0x8
 490 0374 79       		.byte	0x79
 491 0375 12       		.byte	0x12
 492 0376 CA000000 		.4byte	0xca
 493 037a 04       		.uleb128 0x4
 494 037b 3F020000 		.4byte	.LASF66
 495 037f 08       		.byte	0x8
 496 0380 81       		.byte	0x81
 497 0381 12       		.byte	0x12
 498 0382 D6000000 		.4byte	0xd6
 499 0386 04       		.uleb128 0x4
 500 0387 5C030000 		.4byte	.LASF67
 501 038b 09       		.byte	0x9
 502 038c 32       		.byte	0x32
 503 038d 18       		.byte	0x18
 504 038e 92030000 		.4byte	0x392
 505 0392 06       		.uleb128 0x6
 506 0393 A2030000 		.4byte	.LASF68
 507 0397 04       		.byte	0x4
 508 0398 09       		.byte	0x9
 509 0399 38       		.byte	0x38
 510 039a 08       		.byte	0x8
 511 039b AD030000 		.4byte	0x3ad
 512 039f 08       		.uleb128 0x8
 513 03a0 45010000 		.4byte	.LASF69
ARM GAS  C:\Users\nello\AppData\Local\Temp\ccYycJvt.s 			page 10


 514 03a4 09       		.byte	0x9
 515 03a5 39       		.byte	0x39
 516 03a6 1A       		.byte	0x1a
 517 03a7 AD030000 		.4byte	0x3ad
 518 03ab 00       		.byte	0
 519 03ac 00       		.byte	0
 520 03ad 0C       		.uleb128 0xc
 521 03ae 04       		.byte	0x4
 522 03af 86030000 		.4byte	0x386
 523 03b3 04       		.uleb128 0x4
 524 03b4 5E020000 		.4byte	.LASF70
 525 03b8 09       		.byte	0x9
 526 03b9 3F       		.byte	0x3f
 527 03ba 19       		.byte	0x19
 528 03bb BF030000 		.4byte	0x3bf
 529 03bf 06       		.uleb128 0x6
 530 03c0 F5010000 		.4byte	.LASF71
 531 03c4 08       		.byte	0x8
 532 03c5 09       		.byte	0x9
 533 03c6 45       		.byte	0x45
 534 03c7 08       		.byte	0x8
 535 03c8 E7030000 		.4byte	0x3e7
 536 03cc 08       		.uleb128 0x8
 537 03cd 45010000 		.4byte	.LASF69
 538 03d1 09       		.byte	0x9
 539 03d2 46       		.byte	0x46
 540 03d3 1A       		.byte	0x1a
 541 03d4 E7030000 		.4byte	0x3e7
 542 03d8 00       		.byte	0
 543 03d9 08       		.uleb128 0x8
 544 03da 70000000 		.4byte	.LASF72
 545 03de 09       		.byte	0x9
 546 03df 47       		.byte	0x47
 547 03e0 1A       		.byte	0x1a
 548 03e1 E7030000 		.4byte	0x3e7
 549 03e5 04       		.byte	0x4
 550 03e6 00       		.byte	0
 551 03e7 0C       		.uleb128 0xc
 552 03e8 04       		.byte	0x4
 553 03e9 B3030000 		.4byte	0x3b3
 554 03ed 04       		.uleb128 0x4
 555 03ee AC000000 		.4byte	.LASF73
 556 03f2 09       		.byte	0x9
 557 03f3 4E       		.byte	0x4e
 558 03f4 22       		.byte	0x22
 559 03f5 F9030000 		.4byte	0x3f9
 560 03f9 06       		.uleb128 0x6
 561 03fa 21080000 		.4byte	.LASF74
 562 03fe 0C       		.byte	0xc
 563 03ff 09       		.byte	0x9
 564 0400 55       		.byte	0x55
 565 0401 08       		.byte	0x8
 566 0402 2E040000 		.4byte	0x42e
 567 0406 08       		.uleb128 0x8
 568 0407 45010000 		.4byte	.LASF69
 569 040b 09       		.byte	0x9
 570 040c 56       		.byte	0x56
ARM GAS  C:\Users\nello\AppData\Local\Temp\ccYycJvt.s 			page 11


 571 040d 1A       		.byte	0x1a
 572 040e 2E040000 		.4byte	0x42e
 573 0412 00       		.byte	0
 574 0413 08       		.uleb128 0x8
 575 0414 70000000 		.4byte	.LASF72
 576 0418 09       		.byte	0x9
 577 0419 57       		.byte	0x57
 578 041a 1A       		.byte	0x1a
 579 041b 2E040000 		.4byte	0x42e
 580 041f 04       		.byte	0x4
 581 0420 08       		.uleb128 0x8
 582 0421 DE040000 		.4byte	.LASF75
 583 0425 09       		.byte	0x9
 584 0426 58       		.byte	0x58
 585 0427 19       		.byte	0x19
 586 0428 3B010000 		.4byte	0x13b
 587 042c 08       		.byte	0x8
 588 042d 00       		.byte	0
 589 042e 0C       		.uleb128 0xc
 590 042f 04       		.byte	0x4
 591 0430 ED030000 		.4byte	0x3ed
 592 0434 04       		.uleb128 0x4
 593 0435 12020000 		.4byte	.LASF76
 594 0439 09       		.byte	0x9
 595 043a 5F       		.byte	0x5f
 596 043b 1E       		.byte	0x1e
 597 043c 40040000 		.4byte	0x440
 598 0440 06       		.uleb128 0x6
 599 0441 93080000 		.4byte	.LASF77
 600 0445 0C       		.byte	0xc
 601 0446 09       		.byte	0x9
 602 0447 64       		.byte	0x64
 603 0448 08       		.byte	0x8
 604 0449 75040000 		.4byte	0x475
 605 044d 08       		.uleb128 0x8
 606 044e 45010000 		.4byte	.LASF69
 607 0452 09       		.byte	0x9
 608 0453 65       		.byte	0x65
 609 0454 1A       		.byte	0x1a
 610 0455 75040000 		.4byte	0x475
 611 0459 00       		.byte	0
 612 045a 08       		.uleb128 0x8
 613 045b 70000000 		.4byte	.LASF72
 614 045f 09       		.byte	0x9
 615 0460 66       		.byte	0x66
 616 0461 1A       		.byte	0x1a
 617 0462 75040000 		.4byte	0x475
 618 0466 04       		.byte	0x4
 619 0467 08       		.uleb128 0x8
 620 0468 4A000000 		.4byte	.LASF78
 621 046c 09       		.byte	0x9
 622 046d 67       		.byte	0x67
 623 046e 19       		.byte	0x19
 624 046f 6E030000 		.4byte	0x36e
 625 0473 08       		.byte	0x8
 626 0474 00       		.byte	0
 627 0475 0C       		.uleb128 0xc
ARM GAS  C:\Users\nello\AppData\Local\Temp\ccYycJvt.s 			page 12


 628 0476 04       		.byte	0x4
 629 0477 34040000 		.4byte	0x434
 630 047b 0B       		.uleb128 0xb
 631 047c A1040000 		.4byte	.LASF79
 632 0480 20       		.byte	0x20
 633 0481 0A       		.byte	0xa
 634 0482 9301     		.2byte	0x193
 635 0484 08       		.byte	0x8
 636 0485 F5040000 		.4byte	0x4f5
 637 0489 09       		.uleb128 0x9
 638 048a 723000   		.ascii	"r0\000"
 639 048d 0A       		.byte	0xa
 640 048e 9401     		.2byte	0x194
 641 0490 19       		.byte	0x19
 642 0491 CA000000 		.4byte	0xca
 643 0495 00       		.byte	0
 644 0496 09       		.uleb128 0x9
 645 0497 723100   		.ascii	"r1\000"
 646 049a 0A       		.byte	0xa
 647 049b 9501     		.2byte	0x195
 648 049d 19       		.byte	0x19
 649 049e CA000000 		.4byte	0xca
 650 04a2 04       		.byte	0x4
 651 04a3 09       		.uleb128 0x9
 652 04a4 723200   		.ascii	"r2\000"
 653 04a7 0A       		.byte	0xa
 654 04a8 9601     		.2byte	0x196
 655 04aa 19       		.byte	0x19
 656 04ab CA000000 		.4byte	0xca
 657 04af 08       		.byte	0x8
 658 04b0 09       		.uleb128 0x9
 659 04b1 723300   		.ascii	"r3\000"
 660 04b4 0A       		.byte	0xa
 661 04b5 9701     		.2byte	0x197
 662 04b7 19       		.byte	0x19
 663 04b8 CA000000 		.4byte	0xca
 664 04bc 0C       		.byte	0xc
 665 04bd 09       		.uleb128 0x9
 666 04be 72313200 		.ascii	"r12\000"
 667 04c2 0A       		.byte	0xa
 668 04c3 9801     		.2byte	0x198
 669 04c5 19       		.byte	0x19
 670 04c6 CA000000 		.4byte	0xca
 671 04ca 10       		.byte	0x10
 672 04cb 0A       		.uleb128 0xa
 673 04cc D6020000 		.4byte	.LASF80
 674 04d0 0A       		.byte	0xa
 675 04d1 9901     		.2byte	0x199
 676 04d3 19       		.byte	0x19
 677 04d4 CA000000 		.4byte	0xca
 678 04d8 14       		.byte	0x14
 679 04d9 09       		.uleb128 0x9
 680 04da 706300   		.ascii	"pc\000"
 681 04dd 0A       		.byte	0xa
 682 04de 9A01     		.2byte	0x19a
 683 04e0 19       		.byte	0x19
 684 04e1 CA000000 		.4byte	0xca
ARM GAS  C:\Users\nello\AppData\Local\Temp\ccYycJvt.s 			page 13


 685 04e5 18       		.byte	0x18
 686 04e6 0A       		.uleb128 0xa
 687 04e7 E7050000 		.4byte	.LASF81
 688 04eb 0A       		.byte	0xa
 689 04ec 9B01     		.2byte	0x19b
 690 04ee 19       		.byte	0x19
 691 04ef CA000000 		.4byte	0xca
 692 04f3 1C       		.byte	0x1c
 693 04f4 00       		.byte	0
 694 04f5 0B       		.uleb128 0xb
 695 04f6 75000000 		.4byte	.LASF82
 696 04fa 28       		.byte	0x28
 697 04fb 0A       		.byte	0xa
 698 04fc B701     		.2byte	0x1b7
 699 04fe 08       		.byte	0x8
 700 04ff 8A050000 		.4byte	0x58a
 701 0503 0A       		.uleb128 0xa
 702 0504 E3040000 		.4byte	.LASF83
 703 0508 0A       		.byte	0xa
 704 0509 B801     		.2byte	0x1b8
 705 050b 19       		.byte	0x19
 706 050c CA000000 		.4byte	0xca
 707 0510 00       		.byte	0
 708 0511 09       		.uleb128 0x9
 709 0512 723400   		.ascii	"r4\000"
 710 0515 0A       		.byte	0xa
 711 0516 B901     		.2byte	0x1b9
 712 0518 19       		.byte	0x19
 713 0519 CA000000 		.4byte	0xca
 714 051d 04       		.byte	0x4
 715 051e 09       		.uleb128 0x9
 716 051f 723500   		.ascii	"r5\000"
 717 0522 0A       		.byte	0xa
 718 0523 BA01     		.2byte	0x1ba
 719 0525 19       		.byte	0x19
 720 0526 CA000000 		.4byte	0xca
 721 052a 08       		.byte	0x8
 722 052b 09       		.uleb128 0x9
 723 052c 723600   		.ascii	"r6\000"
 724 052f 0A       		.byte	0xa
 725 0530 BB01     		.2byte	0x1bb
 726 0532 19       		.byte	0x19
 727 0533 CA000000 		.4byte	0xca
 728 0537 0C       		.byte	0xc
 729 0538 09       		.uleb128 0x9
 730 0539 723700   		.ascii	"r7\000"
 731 053c 0A       		.byte	0xa
 732 053d BC01     		.2byte	0x1bc
 733 053f 19       		.byte	0x19
 734 0540 CA000000 		.4byte	0xca
 735 0544 10       		.byte	0x10
 736 0545 09       		.uleb128 0x9
 737 0546 723800   		.ascii	"r8\000"
 738 0549 0A       		.byte	0xa
 739 054a BD01     		.2byte	0x1bd
 740 054c 19       		.byte	0x19
 741 054d CA000000 		.4byte	0xca
ARM GAS  C:\Users\nello\AppData\Local\Temp\ccYycJvt.s 			page 14


 742 0551 14       		.byte	0x14
 743 0552 09       		.uleb128 0x9
 744 0553 723900   		.ascii	"r9\000"
 745 0556 0A       		.byte	0xa
 746 0557 BE01     		.2byte	0x1be
 747 0559 19       		.byte	0x19
 748 055a CA000000 		.4byte	0xca
 749 055e 18       		.byte	0x18
 750 055f 09       		.uleb128 0x9
 751 0560 72313000 		.ascii	"r10\000"
 752 0564 0A       		.byte	0xa
 753 0565 BF01     		.2byte	0x1bf
 754 0567 19       		.byte	0x19
 755 0568 CA000000 		.4byte	0xca
 756 056c 1C       		.byte	0x1c
 757 056d 09       		.uleb128 0x9
 758 056e 72313100 		.ascii	"r11\000"
 759 0572 0A       		.byte	0xa
 760 0573 C001     		.2byte	0x1c0
 761 0575 19       		.byte	0x19
 762 0576 CA000000 		.4byte	0xca
 763 057a 20       		.byte	0x20
 764 057b 0A       		.uleb128 0xa
 765 057c D4030000 		.4byte	.LASF84
 766 0580 0A       		.byte	0xa
 767 0581 C401     		.2byte	0x1c4
 768 0583 19       		.byte	0x19
 769 0584 CA000000 		.4byte	0xca
 770 0588 24       		.byte	0x24
 771 0589 00       		.byte	0
 772 058a 0B       		.uleb128 0xb
 773 058b 47080000 		.4byte	.LASF85
 774 058f 2C       		.byte	0x2c
 775 0590 0A       		.byte	0xa
 776 0591 DF01     		.2byte	0x1df
 777 0593 08       		.byte	0x8
 778 0594 B4050000 		.4byte	0x5b4
 779 0598 09       		.uleb128 0x9
 780 0599 737000   		.ascii	"sp\000"
 781 059c 0A       		.byte	0xa
 782 059d E001     		.2byte	0x1e0
 783 059f 1A       		.byte	0x1a
 784 05a0 B4050000 		.4byte	0x5b4
 785 05a4 00       		.byte	0
 786 05a5 0A       		.uleb128 0xa
 787 05a6 5E060000 		.4byte	.LASF86
 788 05aa 0A       		.byte	0xa
 789 05ab E101     		.2byte	0x1e1
 790 05ad 19       		.byte	0x19
 791 05ae F5040000 		.4byte	0x4f5
 792 05b2 04       		.byte	0x4
 793 05b3 00       		.byte	0
 794 05b4 0C       		.uleb128 0xc
 795 05b5 04       		.byte	0x4
 796 05b6 7B040000 		.4byte	0x47b
 797 05ba 0C       		.uleb128 0xc
 798 05bb 04       		.byte	0x4
ARM GAS  C:\Users\nello\AppData\Local\Temp\ccYycJvt.s 			page 15


 799 05bc 0B010000 		.4byte	0x10b
 800 05c0 0E       		.uleb128 0xe
 801 05c1 04       		.byte	0x4
 802 05c2 0F       		.uleb128 0xf
 803 05c3 04       		.byte	0x4
 804 05c4 0B       		.byte	0xb
 805 05c5 3F       		.byte	0x3f
 806 05c6 09       		.byte	0x9
 807 05c7 D9050000 		.4byte	0x5d9
 808 05cb 08       		.uleb128 0x8
 809 05cc BA070000 		.4byte	.LASF87
 810 05d0 0B       		.byte	0xb
 811 05d1 43       		.byte	0x43
 812 05d2 19       		.byte	0x19
 813 05d3 FF000000 		.4byte	0xff
 814 05d7 00       		.byte	0
 815 05d8 00       		.byte	0
 816 05d9 04       		.uleb128 0x4
 817 05da AD040000 		.4byte	.LASF88
 818 05de 0B       		.byte	0xb
 819 05df 44       		.byte	0x44
 820 05e0 03       		.byte	0x3
 821 05e1 C2050000 		.4byte	0x5c2
 822 05e5 10       		.uleb128 0x10
 823 05e6 07       		.byte	0x7
 824 05e7 01       		.byte	0x1
 825 05e8 4C000000 		.4byte	0x4c
 826 05ec 05       		.byte	0x5
 827 05ed 32       		.byte	0x32
 828 05ee 0E       		.byte	0xe
 829 05ef 0C060000 		.4byte	0x60c
 830 05f3 11       		.uleb128 0x11
 831 05f4 92060000 		.4byte	.LASF89
 832 05f8 00       		.byte	0
 833 05f9 11       		.uleb128 0x11
 834 05fa 69010000 		.4byte	.LASF90
 835 05fe 01       		.byte	0x1
 836 05ff 11       		.uleb128 0x11
 837 0600 04010000 		.4byte	.LASF91
 838 0604 02       		.byte	0x2
 839 0605 11       		.uleb128 0x11
 840 0606 13080000 		.4byte	.LASF92
 841 060a 03       		.byte	0x3
 842 060b 00       		.byte	0
 843 060c 04       		.uleb128 0x4
 844 060d 08090000 		.4byte	.LASF93
 845 0611 05       		.byte	0x5
 846 0612 37       		.byte	0x37
 847 0613 03       		.byte	0x3
 848 0614 E5050000 		.4byte	0x5e5
 849 0618 06       		.uleb128 0x6
 850 0619 38040000 		.4byte	.LASF94
 851 061d 18       		.byte	0x18
 852 061e 05       		.byte	0x5
 853 061f 64       		.byte	0x64
 854 0620 10       		.byte	0x10
 855 0621 4D060000 		.4byte	0x64d
ARM GAS  C:\Users\nello\AppData\Local\Temp\ccYycJvt.s 			page 16


 856 0625 08       		.uleb128 0x8
 857 0626 80070000 		.4byte	.LASF95
 858 062a 05       		.byte	0x5
 859 062b 68       		.byte	0x68
 860 062c 21       		.byte	0x21
 861 062d 34040000 		.4byte	0x434
 862 0631 00       		.byte	0
 863 0632 08       		.uleb128 0x8
 864 0633 D0050000 		.4byte	.LASF96
 865 0637 05       		.byte	0x5
 866 0638 73       		.byte	0x73
 867 0639 21       		.byte	0x21
 868 063a 62030000 		.4byte	0x362
 869 063e 0C       		.byte	0xc
 870 063f 08       		.uleb128 0x8
 871 0640 F6030000 		.4byte	.LASF97
 872 0644 05       		.byte	0x5
 873 0645 79       		.byte	0x79
 874 0646 21       		.byte	0x21
 875 0647 E2000000 		.4byte	0xe2
 876 064b 10       		.byte	0x10
 877 064c 00       		.byte	0
 878 064d 04       		.uleb128 0x4
 879 064e 2F010000 		.4byte	.LASF98
 880 0652 05       		.byte	0x5
 881 0653 7B       		.byte	0x7b
 882 0654 03       		.byte	0x3
 883 0655 18060000 		.4byte	0x618
 884 0659 06       		.uleb128 0x6
 885 065a 2E020000 		.4byte	.LASF99
 886 065e 08       		.byte	0x8
 887 065f 05       		.byte	0x5
 888 0660 80       		.byte	0x80
 889 0661 10       		.byte	0x10
 890 0662 74060000 		.4byte	0x674
 891 0666 08       		.uleb128 0x8
 892 0667 25030000 		.4byte	.LASF100
 893 066b 05       		.byte	0x5
 894 066c 84       		.byte	0x84
 895 066d 21       		.byte	0x21
 896 066e B3030000 		.4byte	0x3b3
 897 0672 00       		.byte	0
 898 0673 00       		.byte	0
 899 0674 04       		.uleb128 0x4
 900 0675 2D060000 		.4byte	.LASF101
 901 0679 05       		.byte	0x5
 902 067a 85       		.byte	0x85
 903 067b 03       		.byte	0x3
 904 067c 59060000 		.4byte	0x659
 905 0680 04       		.uleb128 0x4
 906 0681 25040000 		.4byte	.LASF102
 907 0685 05       		.byte	0x5
 908 0686 8A       		.byte	0x8a
 909 0687 14       		.byte	0x14
 910 0688 8C060000 		.4byte	0x68c
 911 068c 0C       		.uleb128 0xc
 912 068d 04       		.byte	0x4
ARM GAS  C:\Users\nello\AppData\Local\Temp\ccYycJvt.s 			page 17


 913 068e 77010000 		.4byte	0x177
 914 0692 12       		.uleb128 0x12
 915 0693 0C       		.byte	0xc
 916 0694 05       		.byte	0x5
 917 0695 A0       		.byte	0xa0
 918 0696 03       		.byte	0x3
 919 0697 C0060000 		.4byte	0x6c0
 920 069b 13       		.uleb128 0x13
 921 069c 03090000 		.4byte	.LASF103
 922 06a0 05       		.byte	0x5
 923 06a1 A4       		.byte	0xa4
 924 06a2 21       		.byte	0x21
 925 06a3 86030000 		.4byte	0x386
 926 06a7 13       		.uleb128 0x13
 927 06a8 25030000 		.4byte	.LASF100
 928 06ac 05       		.byte	0x5
 929 06ad A8       		.byte	0xa8
 930 06ae 21       		.byte	0x21
 931 06af B3030000 		.4byte	0x3b3
 932 06b3 13       		.uleb128 0x13
 933 06b4 A4070000 		.4byte	.LASF104
 934 06b8 05       		.byte	0x5
 935 06b9 AC       		.byte	0xac
 936 06ba 21       		.byte	0x21
 937 06bb ED030000 		.4byte	0x3ed
 938 06bf 00       		.byte	0
 939 06c0 12       		.uleb128 0x12
 940 06c1 04       		.byte	0x4
 941 06c2 05       		.byte	0x5
 942 06c3 EB       		.byte	0xeb
 943 06c4 03       		.byte	0x3
 944 06c5 30070000 		.4byte	0x730
 945 06c9 13       		.uleb128 0x13
 946 06ca 50000000 		.4byte	.LASF105
 947 06ce 05       		.byte	0x5
 948 06cf F2       		.byte	0xf2
 949 06d0 21       		.byte	0x21
 950 06d1 47010000 		.4byte	0x147
 951 06d5 13       		.uleb128 0x13
 952 06d6 13010000 		.4byte	.LASF106
 953 06da 05       		.byte	0x5
 954 06db F9       		.byte	0xf9
 955 06dc 21       		.byte	0x21
 956 06dd 47010000 		.4byte	0x147
 957 06e1 14       		.uleb128 0x14
 958 06e2 D4080000 		.4byte	.LASF107
 959 06e6 05       		.byte	0x5
 960 06e7 0001     		.2byte	0x100
 961 06e9 22       		.byte	0x22
 962 06ea C0050000 		.4byte	0x5c0
 963 06ee 14       		.uleb128 0x14
 964 06ef 35000000 		.4byte	.LASF108
 965 06f3 05       		.byte	0x5
 966 06f4 0701     		.2byte	0x107
 967 06f6 22       		.byte	0x22
 968 06f7 30070000 		.4byte	0x730
 969 06fb 14       		.uleb128 0x14
ARM GAS  C:\Users\nello\AppData\Local\Temp\ccYycJvt.s 			page 18


 970 06fc 27010000 		.4byte	.LASF109
 971 0700 05       		.byte	0x5
 972 0701 0C01     		.2byte	0x10c
 973 0703 21       		.byte	0x21
 974 0704 47010000 		.4byte	0x147
 975 0708 14       		.uleb128 0x14
 976 0709 E7020000 		.4byte	.LASF110
 977 070d 05       		.byte	0x5
 978 070e 1501     		.2byte	0x115
 979 0710 22       		.byte	0x22
 980 0711 5E070000 		.4byte	0x75e
 981 0715 14       		.uleb128 0x14
 982 0716 41060000 		.4byte	.LASF111
 983 071a 05       		.byte	0x5
 984 071b 1E01     		.2byte	0x11e
 985 071d 22       		.byte	0x22
 986 071e 99070000 		.4byte	0x799
 987 0722 14       		.uleb128 0x14
 988 0723 EC050000 		.4byte	.LASF112
 989 0727 05       		.byte	0x5
 990 0728 2601     		.2byte	0x126
 991 072a 21       		.byte	0x21
 992 072b 53010000 		.4byte	0x153
 993 072f 00       		.byte	0
 994 0730 0C       		.uleb128 0xc
 995 0731 04       		.byte	0x4
 996 0732 80060000 		.4byte	0x680
 997 0736 06       		.uleb128 0x6
 998 0737 17060000 		.4byte	.LASF113
 999 073b 0C       		.byte	0xc
 1000 073c 0C       		.byte	0xc
 1001 073d 34       		.byte	0x34
 1002 073e 10       		.byte	0x10
 1003 073f 5E070000 		.4byte	0x75e
 1004 0743 08       		.uleb128 0x8
 1005 0744 25030000 		.4byte	.LASF100
 1006 0748 0C       		.byte	0xc
 1007 0749 35       		.byte	0x35
 1008 074a 19       		.byte	0x19
 1009 074b B3030000 		.4byte	0x3b3
 1010 074f 00       		.byte	0
 1011 0750 07       		.uleb128 0x7
 1012 0751 636E7400 		.ascii	"cnt\000"
 1013 0755 0C       		.byte	0xc
 1014 0756 37       		.byte	0x37
 1015 0757 19       		.byte	0x19
 1016 0758 5F010000 		.4byte	0x15f
 1017 075c 08       		.byte	0x8
 1018 075d 00       		.byte	0
 1019 075e 0C       		.uleb128 0xc
 1020 075f 04       		.byte	0x4
 1021 0760 36070000 		.4byte	0x736
 1022 0764 06       		.uleb128 0x6
 1023 0765 8A080000 		.4byte	.LASF114
 1024 0769 10       		.byte	0x10
 1025 076a 0D       		.byte	0xd
 1026 076b 39       		.byte	0x39
ARM GAS  C:\Users\nello\AppData\Local\Temp\ccYycJvt.s 			page 19


 1027 076c 08       		.byte	0x8
 1028 076d 99070000 		.4byte	0x799
 1029 0771 08       		.uleb128 0x8
 1030 0772 25030000 		.4byte	.LASF100
 1031 0776 0D       		.byte	0xd
 1032 0777 3A       		.byte	0x3a
 1033 0778 19       		.byte	0x19
 1034 0779 B3030000 		.4byte	0x3b3
 1035 077d 00       		.byte	0
 1036 077e 08       		.uleb128 0x8
 1037 077f 58060000 		.4byte	.LASF34
 1038 0783 0D       		.byte	0xd
 1039 0784 3C       		.byte	0x3c
 1040 0785 1A       		.byte	0x1a
 1041 0786 8C060000 		.4byte	0x68c
 1042 078a 08       		.byte	0x8
 1043 078b 08       		.uleb128 0x8
 1044 078c 45010000 		.4byte	.LASF69
 1045 0790 0D       		.byte	0xd
 1046 0791 3E       		.byte	0x3e
 1047 0792 1A       		.byte	0x1a
 1048 0793 2E0B0000 		.4byte	0xb2e
 1049 0797 0C       		.byte	0xc
 1050 0798 00       		.byte	0
 1051 0799 0C       		.uleb128 0xc
 1052 079a 04       		.byte	0x4
 1053 079b 64070000 		.4byte	0x764
 1054 079f 0C       		.uleb128 0xc
 1055 07a0 04       		.byte	0x4
 1056 07a1 66020000 		.4byte	0x266
 1057 07a5 0B       		.uleb128 0xb
 1058 07a6 AA030000 		.4byte	.LASF115
 1059 07aa 10       		.byte	0x10
 1060 07ab 05       		.byte	0x5
 1061 07ac 5C01     		.2byte	0x15c
 1062 07ae 10       		.byte	0x10
 1063 07af D0070000 		.4byte	0x7d0
 1064 07b3 0A       		.uleb128 0xa
 1065 07b4 A4070000 		.4byte	.LASF104
 1066 07b8 05       		.byte	0x5
 1067 07b9 6101     		.2byte	0x161
 1068 07bb 21       		.byte	0x21
 1069 07bc ED030000 		.4byte	0x3ed
 1070 07c0 00       		.byte	0
 1071 07c1 0A       		.uleb128 0xa
 1072 07c2 EB040000 		.4byte	.LASF116
 1073 07c6 05       		.byte	0x5
 1074 07c7 6501     		.2byte	0x165
 1075 07c9 22       		.byte	0x22
 1076 07ca 8C060000 		.4byte	0x68c
 1077 07ce 0C       		.byte	0xc
 1078 07cf 00       		.byte	0
 1079 07d0 15       		.uleb128 0x15
 1080 07d1 23000000 		.4byte	.LASF117
 1081 07d5 05       		.byte	0x5
 1082 07d6 6601     		.2byte	0x166
 1083 07d8 03       		.byte	0x3
ARM GAS  C:\Users\nello\AppData\Local\Temp\ccYycJvt.s 			page 20


 1084 07d9 A5070000 		.4byte	0x7a5
 1085 07dd 0B       		.uleb128 0xb
 1086 07de 85040000 		.4byte	.LASF118
 1087 07e2 14       		.byte	0x14
 1088 07e3 05       		.byte	0x5
 1089 07e4 6B01     		.2byte	0x16b
 1090 07e6 10       		.byte	0x10
 1091 07e7 32080000 		.4byte	0x832
 1092 07eb 0A       		.uleb128 0xa
 1093 07ec 20030000 		.4byte	.LASF35
 1094 07f0 05       		.byte	0x5
 1095 07f1 6F01     		.2byte	0x16f
 1096 07f3 22       		.byte	0x22
 1097 07f4 3F030000 		.4byte	0x33f
 1098 07f8 00       		.byte	0
 1099 07f9 0A       		.uleb128 0xa
 1100 07fa CE040000 		.4byte	.LASF119
 1101 07fe 05       		.byte	0x5
 1102 07ff 7501     		.2byte	0x175
 1103 0801 22       		.byte	0x22
 1104 0802 BA050000 		.4byte	0x5ba
 1105 0806 04       		.byte	0x4
 1106 0807 0A       		.uleb128 0xa
 1107 0808 59080000 		.4byte	.LASF120
 1108 080c 05       		.byte	0x5
 1109 080d 7901     		.2byte	0x179
 1110 080f 22       		.byte	0x22
 1111 0810 BA050000 		.4byte	0x5ba
 1112 0814 08       		.byte	0x8
 1113 0815 0A       		.uleb128 0xa
 1114 0816 E6030000 		.4byte	.LASF121
 1115 081a 05       		.byte	0x5
 1116 081b 7F01     		.2byte	0x17f
 1117 081d 22       		.byte	0x22
 1118 081e BA050000 		.4byte	0x5ba
 1119 0822 0C       		.byte	0xc
 1120 0823 0A       		.uleb128 0xa
 1121 0824 21090000 		.4byte	.LASF122
 1122 0828 05       		.byte	0x5
 1123 0829 8301     		.2byte	0x183
 1124 082b 22       		.byte	0x22
 1125 082c BA050000 		.4byte	0x5ba
 1126 0830 10       		.byte	0x10
 1127 0831 00       		.byte	0
 1128 0832 15       		.uleb128 0x15
 1129 0833 C0000000 		.4byte	.LASF123
 1130 0837 05       		.byte	0x5
 1131 0838 8501     		.2byte	0x185
 1132 083a 03       		.byte	0x3
 1133 083b DD070000 		.4byte	0x7dd
 1134 083f 0D       		.uleb128 0xd
 1135 0840 32080000 		.4byte	0x832
 1136 0844 0C       		.uleb128 0xc
 1137 0845 04       		.byte	0x4
 1138 0846 3F080000 		.4byte	0x83f
 1139 084a 0B       		.uleb128 0xb
 1140 084b F3050000 		.4byte	.LASF124
ARM GAS  C:\Users\nello\AppData\Local\Temp\ccYycJvt.s 			page 21


 1141 084f 0C       		.byte	0xc
 1142 0850 05       		.byte	0x5
 1143 0851 C901     		.2byte	0x1c9
 1144 0853 10       		.byte	0x10
 1145 0854 83080000 		.4byte	0x883
 1146 0858 0A       		.uleb128 0xa
 1147 0859 C7010000 		.4byte	.LASF37
 1148 085d 05       		.byte	0x5
 1149 085e CD01     		.2byte	0x1cd
 1150 0860 21       		.byte	0x21
 1151 0861 0C060000 		.4byte	0x60c
 1152 0865 00       		.byte	0
 1153 0866 0A       		.uleb128 0xa
 1154 0867 DD020000 		.4byte	.LASF125
 1155 086b 05       		.byte	0x5
 1156 086c D101     		.2byte	0x1d1
 1157 086e 22       		.byte	0x22
 1158 086f 83080000 		.4byte	0x883
 1159 0873 04       		.byte	0x4
 1160 0874 09       		.uleb128 0x9
 1161 0875 746D6300 		.ascii	"tmc\000"
 1162 0879 05       		.byte	0x5
 1163 087a D601     		.2byte	0x1d6
 1164 087c 21       		.byte	0x21
 1165 087d D9050000 		.4byte	0x5d9
 1166 0881 08       		.byte	0x8
 1167 0882 00       		.byte	0
 1168 0883 16       		.uleb128 0x16
 1169 0884 9F070000 		.4byte	0x79f
 1170 0888 93080000 		.4byte	0x893
 1171 088c 17       		.uleb128 0x17
 1172 088d 24000000 		.4byte	0x24
 1173 0891 00       		.byte	0
 1174 0892 00       		.byte	0
 1175 0893 15       		.uleb128 0x15
 1176 0894 86030000 		.4byte	.LASF126
 1177 0898 05       		.byte	0x5
 1178 0899 ED01     		.2byte	0x1ed
 1179 089b 03       		.byte	0x3
 1180 089c 4A080000 		.4byte	0x84a
 1181 08a0 18       		.uleb128 0x18
 1182 08a1 F3050000 		.4byte	.LASF124
 1183 08a5 10       		.byte	0x10
 1184 08a6 3E01     		.2byte	0x13e
 1185 08a8 14       		.byte	0x14
 1186 08a9 93080000 		.4byte	0x893
 1187 08ad 04       		.uleb128 0x4
 1188 08ae 7D040000 		.4byte	.LASF127
 1189 08b2 0E       		.byte	0xe
 1190 08b3 34       		.byte	0x34
 1191 08b4 10       		.byte	0x10
 1192 08b5 B9080000 		.4byte	0x8b9
 1193 08b9 0C       		.uleb128 0xc
 1194 08ba 04       		.byte	0x4
 1195 08bb BF080000 		.4byte	0x8bf
 1196 08bf 19       		.uleb128 0x19
 1197 08c0 CA080000 		.4byte	0x8ca
ARM GAS  C:\Users\nello\AppData\Local\Temp\ccYycJvt.s 			page 22


 1198 08c4 1A       		.uleb128 0x1a
 1199 08c5 C0050000 		.4byte	0x5c0
 1200 08c9 00       		.byte	0
 1201 08ca 0F       		.uleb128 0xf
 1202 08cb 18       		.byte	0x18
 1203 08cc 0E       		.byte	0xe
 1204 08cd 39       		.byte	0x39
 1205 08ce 09       		.byte	0x9
 1206 08cf 22090000 		.4byte	0x922
 1207 08d3 08       		.uleb128 0x8
 1208 08d4 20030000 		.4byte	.LASF35
 1209 08d8 0E       		.byte	0xe
 1210 08d9 3D       		.byte	0x3d
 1211 08da 16       		.byte	0x16
 1212 08db 3F030000 		.4byte	0x33f
 1213 08df 00       		.byte	0
 1214 08e0 08       		.uleb128 0x8
 1215 08e1 9B040000 		.4byte	.LASF128
 1216 08e5 0E       		.byte	0xe
 1217 08e6 41       		.byte	0x41
 1218 08e7 16       		.byte	0x16
 1219 08e8 BA050000 		.4byte	0x5ba
 1220 08ec 04       		.byte	0x4
 1221 08ed 08       		.uleb128 0x8
 1222 08ee E8000000 		.4byte	.LASF129
 1223 08f2 0E       		.byte	0xe
 1224 08f3 45       		.byte	0x45
 1225 08f4 16       		.byte	0x16
 1226 08f5 BA050000 		.4byte	0x5ba
 1227 08f9 08       		.byte	0x8
 1228 08fa 08       		.uleb128 0x8
 1229 08fb DE040000 		.4byte	.LASF75
 1230 08ff 0E       		.byte	0xe
 1231 0900 49       		.byte	0x49
 1232 0901 15       		.byte	0x15
 1233 0902 3B010000 		.4byte	0x13b
 1234 0906 0C       		.byte	0xc
 1235 0907 08       		.uleb128 0x8
 1236 0908 57000000 		.4byte	.LASF130
 1237 090c 0E       		.byte	0xe
 1238 090d 4D       		.byte	0x4d
 1239 090e 15       		.byte	0x15
 1240 090f AD080000 		.4byte	0x8ad
 1241 0913 10       		.byte	0x10
 1242 0914 07       		.uleb128 0x7
 1243 0915 61726700 		.ascii	"arg\000"
 1244 0919 0E       		.byte	0xe
 1245 091a 51       		.byte	0x51
 1246 091b 16       		.byte	0x16
 1247 091c C0050000 		.4byte	0x5c0
 1248 0920 14       		.byte	0x14
 1249 0921 00       		.byte	0
 1250 0922 04       		.uleb128 0x4
 1251 0923 98000000 		.4byte	.LASF131
 1252 0927 0E       		.byte	0xe
 1253 0928 58       		.byte	0x58
 1254 0929 03       		.byte	0x3
ARM GAS  C:\Users\nello\AppData\Local\Temp\ccYycJvt.s 			page 23


 1255 092a CA080000 		.4byte	0x8ca
 1256 092e 0F       		.uleb128 0xf
 1257 092f 2C       		.byte	0x2c
 1258 0930 0F       		.byte	0xf
 1259 0931 34       		.byte	0x34
 1260 0932 09       		.byte	0x9
 1261 0933 E50A0000 		.4byte	0xae5
 1262 0937 08       		.uleb128 0x8
 1263 0938 FE010000 		.4byte	.LASF132
 1264 093c 0F       		.byte	0xf
 1265 093d 35       		.byte	0x35
 1266 093e 0D       		.byte	0xd
 1267 093f E50A0000 		.4byte	0xae5
 1268 0943 00       		.byte	0
 1269 0944 08       		.uleb128 0x8
 1270 0945 95020000 		.4byte	.LASF133
 1271 0949 0F       		.byte	0xf
 1272 094a 36       		.byte	0x36
 1273 094b 0D       		.byte	0xd
 1274 094c A6000000 		.4byte	0xa6
 1275 0950 04       		.byte	0x4
 1276 0951 08       		.uleb128 0x8
 1277 0952 4E030000 		.4byte	.LASF134
 1278 0956 0F       		.byte	0xf
 1279 0957 37       		.byte	0x37
 1280 0958 0D       		.byte	0xd
 1281 0959 A6000000 		.4byte	0xa6
 1282 095d 05       		.byte	0x5
 1283 095e 08       		.uleb128 0x8
 1284 095f 09040000 		.4byte	.LASF135
 1285 0963 0F       		.byte	0xf
 1286 0964 38       		.byte	0x38
 1287 0965 0D       		.byte	0xd
 1288 0966 B2000000 		.4byte	0xb2
 1289 096a 06       		.byte	0x6
 1290 096b 08       		.uleb128 0x8
 1291 096c 73080000 		.4byte	.LASF136
 1292 0970 0F       		.byte	0xf
 1293 0971 39       		.byte	0x39
 1294 0972 0D       		.byte	0xd
 1295 0973 A6000000 		.4byte	0xa6
 1296 0977 08       		.byte	0x8
 1297 0978 08       		.uleb128 0x8
 1298 0979 BE010000 		.4byte	.LASF137
 1299 097d 0F       		.byte	0xf
 1300 097e 3A       		.byte	0x3a
 1301 097f 0D       		.byte	0xd
 1302 0980 A6000000 		.4byte	0xa6
 1303 0984 09       		.byte	0x9
 1304 0985 08       		.uleb128 0x8
 1305 0986 51050000 		.4byte	.LASF138
 1306 098a 0F       		.byte	0xf
 1307 098b 3B       		.byte	0x3b
 1308 098c 0D       		.byte	0xd
 1309 098d A6000000 		.4byte	0xa6
 1310 0991 0A       		.byte	0xa
 1311 0992 08       		.uleb128 0x8
ARM GAS  C:\Users\nello\AppData\Local\Temp\ccYycJvt.s 			page 24


 1312 0993 78050000 		.4byte	.LASF139
 1313 0997 0F       		.byte	0xf
 1314 0998 3C       		.byte	0x3c
 1315 0999 0D       		.byte	0xd
 1316 099a A6000000 		.4byte	0xa6
 1317 099e 0B       		.byte	0xb
 1318 099f 08       		.uleb128 0x8
 1319 09a0 92030000 		.4byte	.LASF140
 1320 09a4 0F       		.byte	0xf
 1321 09a5 3D       		.byte	0x3d
 1322 09a6 0D       		.byte	0xd
 1323 09a7 A6000000 		.4byte	0xa6
 1324 09ab 0C       		.byte	0xc
 1325 09ac 08       		.uleb128 0x8
 1326 09ad 54040000 		.4byte	.LASF141
 1327 09b1 0F       		.byte	0xf
 1328 09b2 3E       		.byte	0x3e
 1329 09b3 0D       		.byte	0xd
 1330 09b4 A6000000 		.4byte	0xa6
 1331 09b8 0D       		.byte	0xd
 1332 09b9 08       		.uleb128 0x8
 1333 09ba EE070000 		.4byte	.LASF142
 1334 09be 0F       		.byte	0xf
 1335 09bf 3F       		.byte	0x3f
 1336 09c0 0D       		.byte	0xd
 1337 09c1 A6000000 		.4byte	0xa6
 1338 09c5 0E       		.byte	0xe
 1339 09c6 08       		.uleb128 0x8
 1340 09c7 C4030000 		.4byte	.LASF143
 1341 09cb 0F       		.byte	0xf
 1342 09cc 40       		.byte	0x40
 1343 09cd 0D       		.byte	0xd
 1344 09ce A6000000 		.4byte	0xa6
 1345 09d2 0F       		.byte	0xf
 1346 09d3 08       		.uleb128 0x8
 1347 09d4 81050000 		.4byte	.LASF144
 1348 09d8 0F       		.byte	0xf
 1349 09d9 41       		.byte	0x41
 1350 09da 0D       		.byte	0xd
 1351 09db A6000000 		.4byte	0xa6
 1352 09df 10       		.byte	0x10
 1353 09e0 08       		.uleb128 0x8
 1354 09e1 DB080000 		.4byte	.LASF145
 1355 09e5 0F       		.byte	0xf
 1356 09e6 42       		.byte	0x42
 1357 09e7 0D       		.byte	0xd
 1358 09e8 A6000000 		.4byte	0xa6
 1359 09ec 11       		.byte	0x11
 1360 09ed 08       		.uleb128 0x8
 1361 09ee 17090000 		.4byte	.LASF146
 1362 09f2 0F       		.byte	0xf
 1363 09f3 43       		.byte	0x43
 1364 09f4 0D       		.byte	0xd
 1365 09f5 A6000000 		.4byte	0xa6
 1366 09f9 12       		.byte	0x12
 1367 09fa 08       		.uleb128 0x8
 1368 09fb 53030000 		.4byte	.LASF147
ARM GAS  C:\Users\nello\AppData\Local\Temp\ccYycJvt.s 			page 25


 1369 09ff 0F       		.byte	0xf
 1370 0a00 44       		.byte	0x44
 1371 0a01 0D       		.byte	0xd
 1372 0a02 A6000000 		.4byte	0xa6
 1373 0a06 13       		.byte	0x13
 1374 0a07 08       		.uleb128 0x8
 1375 0a08 22020000 		.4byte	.LASF148
 1376 0a0c 0F       		.byte	0xf
 1377 0a0d 45       		.byte	0x45
 1378 0a0e 0D       		.byte	0xd
 1379 0a0f A6000000 		.4byte	0xa6
 1380 0a13 14       		.byte	0x14
 1381 0a14 08       		.uleb128 0x8
 1382 0a15 24060000 		.4byte	.LASF149
 1383 0a19 0F       		.byte	0xf
 1384 0a1a 46       		.byte	0x46
 1385 0a1b 0D       		.byte	0xd
 1386 0a1c A6000000 		.4byte	0xa6
 1387 0a20 15       		.byte	0x15
 1388 0a21 08       		.uleb128 0x8
 1389 0a22 88020000 		.4byte	.LASF150
 1390 0a26 0F       		.byte	0xf
 1391 0a27 47       		.byte	0x47
 1392 0a28 0D       		.byte	0xd
 1393 0a29 F50A0000 		.4byte	0xaf5
 1394 0a2d 16       		.byte	0x16
 1395 0a2e 08       		.uleb128 0x8
 1396 0a2f 68080000 		.4byte	.LASF151
 1397 0a33 0F       		.byte	0xf
 1398 0a34 48       		.byte	0x48
 1399 0a35 0D       		.byte	0xd
 1400 0a36 A6000000 		.4byte	0xa6
 1401 0a3a 1A       		.byte	0x1a
 1402 0a3b 08       		.uleb128 0x8
 1403 0a3c 70030000 		.4byte	.LASF152
 1404 0a40 0F       		.byte	0xf
 1405 0a41 49       		.byte	0x49
 1406 0a42 0D       		.byte	0xd
 1407 0a43 A6000000 		.4byte	0xa6
 1408 0a47 1B       		.byte	0x1b
 1409 0a48 08       		.uleb128 0x8
 1410 0a49 F6080000 		.4byte	.LASF153
 1411 0a4d 0F       		.byte	0xf
 1412 0a4e 4A       		.byte	0x4a
 1413 0a4f 0D       		.byte	0xd
 1414 0a50 A6000000 		.4byte	0xa6
 1415 0a54 1C       		.byte	0x1c
 1416 0a55 08       		.uleb128 0x8
 1417 0a56 B8080000 		.4byte	.LASF154
 1418 0a5a 0F       		.byte	0xf
 1419 0a5b 4B       		.byte	0x4b
 1420 0a5c 0D       		.byte	0xd
 1421 0a5d A6000000 		.4byte	0xa6
 1422 0a61 1D       		.byte	0x1d
 1423 0a62 08       		.uleb128 0x8
 1424 0a63 5E040000 		.4byte	.LASF155
 1425 0a67 0F       		.byte	0xf
ARM GAS  C:\Users\nello\AppData\Local\Temp\ccYycJvt.s 			page 26


 1426 0a68 4C       		.byte	0x4c
 1427 0a69 0D       		.byte	0xd
 1428 0a6a A6000000 		.4byte	0xa6
 1429 0a6e 1E       		.byte	0x1e
 1430 0a6f 08       		.uleb128 0x8
 1431 0a70 10030000 		.4byte	.LASF156
 1432 0a74 0F       		.byte	0xf
 1433 0a75 4E       		.byte	0x4e
 1434 0a76 0D       		.byte	0xd
 1435 0a77 A6000000 		.4byte	0xa6
 1436 0a7b 1F       		.byte	0x1f
 1437 0a7c 08       		.uleb128 0x8
 1438 0a7d 41030000 		.4byte	.LASF157
 1439 0a81 0F       		.byte	0xf
 1440 0a82 4F       		.byte	0x4f
 1441 0a83 0D       		.byte	0xd
 1442 0a84 A6000000 		.4byte	0xa6
 1443 0a88 20       		.byte	0x20
 1444 0a89 08       		.uleb128 0x8
 1445 0a8a 40050000 		.4byte	.LASF158
 1446 0a8e 0F       		.byte	0xf
 1447 0a8f 50       		.byte	0x50
 1448 0a90 0D       		.byte	0xd
 1449 0a91 F50A0000 		.4byte	0xaf5
 1450 0a95 21       		.byte	0x21
 1451 0a96 08       		.uleb128 0x8
 1452 0a97 7B060000 		.4byte	.LASF159
 1453 0a9b 0F       		.byte	0xf
 1454 0a9c 51       		.byte	0x51
 1455 0a9d 0D       		.byte	0xd
 1456 0a9e A6000000 		.4byte	0xa6
 1457 0aa2 25       		.byte	0x25
 1458 0aa3 08       		.uleb128 0x8
 1459 0aa4 3B000000 		.4byte	.LASF160
 1460 0aa8 0F       		.byte	0xf
 1461 0aa9 53       		.byte	0x53
 1462 0aaa 0D       		.byte	0xd
 1463 0aab A6000000 		.4byte	0xa6
 1464 0aaf 26       		.byte	0x26
 1465 0ab0 08       		.uleb128 0x8
 1466 0ab1 2B030000 		.4byte	.LASF161
 1467 0ab5 0F       		.byte	0xf
 1468 0ab6 54       		.byte	0x54
 1469 0ab7 0D       		.byte	0xd
 1470 0ab8 A6000000 		.4byte	0xa6
 1471 0abc 27       		.byte	0x27
 1472 0abd 08       		.uleb128 0x8
 1473 0abe E5080000 		.4byte	.LASF162
 1474 0ac2 0F       		.byte	0xf
 1475 0ac3 55       		.byte	0x55
 1476 0ac4 0D       		.byte	0xd
 1477 0ac5 A6000000 		.4byte	0xa6
 1478 0ac9 28       		.byte	0x28
 1479 0aca 08       		.uleb128 0x8
 1480 0acb 06060000 		.4byte	.LASF163
 1481 0acf 0F       		.byte	0xf
 1482 0ad0 56       		.byte	0x56
ARM GAS  C:\Users\nello\AppData\Local\Temp\ccYycJvt.s 			page 27


 1483 0ad1 0D       		.byte	0xd
 1484 0ad2 A6000000 		.4byte	0xa6
 1485 0ad6 29       		.byte	0x29
 1486 0ad7 08       		.uleb128 0x8
 1487 0ad8 00000000 		.4byte	.LASF164
 1488 0adc 0F       		.byte	0xf
 1489 0add 57       		.byte	0x57
 1490 0ade 0D       		.byte	0xd
 1491 0adf A6000000 		.4byte	0xa6
 1492 0ae3 2A       		.byte	0x2a
 1493 0ae4 00       		.byte	0
 1494 0ae5 16       		.uleb128 0x16
 1495 0ae6 4A030000 		.4byte	0x34a
 1496 0aea F50A0000 		.4byte	0xaf5
 1497 0aee 17       		.uleb128 0x17
 1498 0aef 24000000 		.4byte	0x24
 1499 0af3 03       		.byte	0x3
 1500 0af4 00       		.byte	0
 1501 0af5 16       		.uleb128 0x16
 1502 0af6 A6000000 		.4byte	0xa6
 1503 0afa 050B0000 		.4byte	0xb05
 1504 0afe 17       		.uleb128 0x17
 1505 0aff 24000000 		.4byte	0x24
 1506 0b03 03       		.byte	0x3
 1507 0b04 00       		.byte	0
 1508 0b05 04       		.uleb128 0x4
 1509 0b06 28050000 		.4byte	.LASF165
 1510 0b0a 0F       		.byte	0xf
 1511 0b0b 58       		.byte	0x58
 1512 0b0c 03       		.byte	0x3
 1513 0b0d 2E090000 		.4byte	0x92e
 1514 0b11 0D       		.uleb128 0xd
 1515 0b12 050B0000 		.4byte	0xb05
 1516 0b16 1B       		.uleb128 0x1b
 1517 0b17 07030000 		.4byte	.LASF166
 1518 0b1b 0F       		.byte	0xf
 1519 0b1c 7F       		.byte	0x7f
 1520 0b1d 1D       		.byte	0x1d
 1521 0b1e 110B0000 		.4byte	0xb11
 1522 0b22 04       		.uleb128 0x4
 1523 0b23 9A020000 		.4byte	.LASF167
 1524 0b27 0D       		.byte	0xd
 1525 0b28 34       		.byte	0x34
 1526 0b29 19       		.byte	0x19
 1527 0b2a 64070000 		.4byte	0x764
 1528 0b2e 0C       		.uleb128 0xc
 1529 0b2f 04       		.byte	0x4
 1530 0b30 220B0000 		.4byte	0xb22
 1531 0b34 03       		.uleb128 0x3
 1532 0b35 01       		.byte	0x1
 1533 0b36 02       		.byte	0x2
 1534 0b37 5C050000 		.4byte	.LASF168
 1535 0b3b 1C       		.uleb128 0x1c
 1536 0b3c 0E000000 		.4byte	.LASF187
 1537 0b40 11       		.byte	0x11
 1538 0b41 59       		.byte	0x59
 1539 0b42 06       		.byte	0x6
ARM GAS  C:\Users\nello\AppData\Local\Temp\ccYycJvt.s 			page 28


 1540 0b43 830B0000 		.4byte	0xb83
 1541 0b47 1D       		.uleb128 0x1d
 1542 0b48 6F697000 		.ascii	"oip\000"
 1543 0b4c 11       		.byte	0x11
 1544 0b4d 59       		.byte	0x59
 1545 0b4e 2A       		.byte	0x2a
 1546 0b4f 9F070000 		.4byte	0x79f
 1547 0b53 1E       		.uleb128 0x1e
 1548 0b54 4F040000 		.4byte	.LASF169
 1549 0b58 11       		.byte	0x11
 1550 0b59 5A       		.byte	0x5a
 1551 0b5a 37       		.byte	0x37
 1552 0b5b 44080000 		.4byte	0x844
 1553 0b5f 1F       		.uleb128 0x1f
 1554 0b60 90000000 		.4byte	.LASF52
 1555 0b64 11       		.byte	0x11
 1556 0b65 5B       		.byte	0x5b
 1557 0b66 0D       		.byte	0xd
 1558 0b67 6B010000 		.4byte	0x16b
 1559 0b6b 20       		.uleb128 0x20
 1560 0b6c FD050000 		.4byte	.LASF188
 1561 0b70 930B0000 		.4byte	0xb93
 1562 0b74 21       		.uleb128 0x21
 1563 0b75 1F       		.uleb128 0x1f
 1564 0b76 BE040000 		.4byte	.LASF170
 1565 0b7a 11       		.byte	0x11
 1566 0b7b A7       		.byte	0xa7
 1567 0b7c 19       		.byte	0x19
 1568 0b7d 22090000 		.4byte	0x922
 1569 0b81 00       		.byte	0
 1570 0b82 00       		.byte	0
 1571 0b83 16       		.uleb128 0x16
 1572 0b84 51030000 		.4byte	0x351
 1573 0b88 930B0000 		.4byte	0xb93
 1574 0b8c 17       		.uleb128 0x17
 1575 0b8d 24000000 		.4byte	0x24
 1576 0b91 14       		.byte	0x14
 1577 0b92 00       		.byte	0
 1578 0b93 0D       		.uleb128 0xd
 1579 0b94 830B0000 		.4byte	0xb83
 1580 0b98 22       		.uleb128 0x22
 1581 0b99 D9050000 		.4byte	.LASF171
 1582 0b9d 11       		.byte	0x11
 1583 0b9e 3E       		.byte	0x3e
 1584 0b9f 0D       		.byte	0xd
 1585 0ba0 AF0B0000 		.4byte	0xbaf
 1586 0ba4 1D       		.uleb128 0x1d
 1587 0ba5 7000     		.ascii	"p\000"
 1588 0ba7 11       		.byte	0x11
 1589 0ba8 3E       		.byte	0x3e
 1590 0ba9 21       		.byte	0x21
 1591 0baa C0050000 		.4byte	0x5c0
 1592 0bae 00       		.byte	0
 1593 0baf 22       		.uleb128 0x22
 1594 0bb0 A3010000 		.4byte	.LASF172
 1595 0bb4 0F       		.byte	0xf
 1596 0bb5 97       		.byte	0x97
ARM GAS  C:\Users\nello\AppData\Local\Temp\ccYycJvt.s 			page 29


 1597 0bb6 14       		.byte	0x14
 1598 0bb7 C70B0000 		.4byte	0xbc7
 1599 0bbb 1D       		.uleb128 0x1d
 1600 0bbc 727000   		.ascii	"rp\000"
 1601 0bbf 0F       		.byte	0xf
 1602 0bc0 97       		.byte	0x97
 1603 0bc1 32       		.byte	0x32
 1604 0bc2 C70B0000 		.4byte	0xbc7
 1605 0bc6 00       		.byte	0
 1606 0bc7 0C       		.uleb128 0xc
 1607 0bc8 04       		.byte	0x4
 1608 0bc9 74060000 		.4byte	0x674
 1609 0bcd 23       		.uleb128 0x23
 1610 0bce A1080000 		.4byte	.LASF173
 1611 0bd2 12       		.byte	0x12
 1612 0bd3 FD01     		.2byte	0x1fd
 1613 0bd5 14       		.byte	0x14
 1614 0bd6 E80B0000 		.4byte	0xbe8
 1615 0bda 24       		.uleb128 0x24
 1616 0bdb 3A020000 		.4byte	.LASF174
 1617 0bdf 12       		.byte	0x12
 1618 0be0 FD01     		.2byte	0x1fd
 1619 0be2 3C       		.byte	0x3c
 1620 0be3 E80B0000 		.4byte	0xbe8
 1621 0be7 00       		.byte	0
 1622 0be8 0C       		.uleb128 0xc
 1623 0be9 04       		.byte	0x4
 1624 0bea 4D060000 		.4byte	0x64d
 1625 0bee 25       		.uleb128 0x25
 1626 0bef B6020000 		.4byte	.LASF175
 1627 0bf3 12       		.byte	0x12
 1628 0bf4 7A       		.byte	0x7a
 1629 0bf5 19       		.byte	0x19
 1630 0bf6 62030000 		.4byte	0x362
 1631 0bfa 25       		.uleb128 0x25
 1632 0bfb 33080000 		.4byte	.LASF176
 1633 0bff 13       		.byte	0x13
 1634 0c00 6F       		.byte	0x6f
 1635 0c01 19       		.byte	0x19
 1636 0c02 62030000 		.4byte	0x362
 1637 0c06 26       		.uleb128 0x26
 1638 0c07 F3040000 		.4byte	.LASF189
 1639 0c0b 0A       		.byte	0xa
 1640 0c0c 6103     		.2byte	0x361
 1641 0c0e 1B       		.byte	0x1b
 1642 0c0f 23       		.uleb128 0x23
 1643 0c10 D6010000 		.4byte	.LASF177
 1644 0c14 09       		.byte	0x9
 1645 0c15 AA01     		.2byte	0x1aa
 1646 0c17 14       		.byte	0x14
 1647 0c18 2A0C0000 		.4byte	0xc2a
 1648 0c1c 24       		.uleb128 0x24
 1649 0c1d 54080000 		.4byte	.LASF178
 1650 0c21 09       		.byte	0x9
 1651 0c22 AA01     		.2byte	0x1aa
 1652 0c24 33       		.byte	0x33
 1653 0c25 75040000 		.4byte	0x475
ARM GAS  C:\Users\nello\AppData\Local\Temp\ccYycJvt.s 			page 30


 1654 0c29 00       		.byte	0
 1655 0c2a 23       		.uleb128 0x23
 1656 0c2b 7B080000 		.4byte	.LASF179
 1657 0c2f 09       		.byte	0x9
 1658 0c30 5001     		.2byte	0x150
 1659 0c32 14       		.byte	0x14
 1660 0c33 450C0000 		.4byte	0xc45
 1661 0c37 27       		.uleb128 0x27
 1662 0c38 70717000 		.ascii	"pqp\000"
 1663 0c3c 09       		.byte	0x9
 1664 0c3d 5001     		.2byte	0x150
 1665 0c3f 38       		.byte	0x38
 1666 0c40 2E040000 		.4byte	0x42e
 1667 0c44 00       		.byte	0
 1668 0c45 22       		.uleb128 0x22
 1669 0c46 B8050000 		.4byte	.LASF180
 1670 0c4a 09       		.byte	0x9
 1671 0c4b DE       		.byte	0xde
 1672 0c4c 14       		.byte	0x14
 1673 0c4d 5D0C0000 		.4byte	0xc5d
 1674 0c51 1D       		.uleb128 0x1d
 1675 0c52 717000   		.ascii	"qp\000"
 1676 0c55 09       		.byte	0x9
 1677 0c56 DE       		.byte	0xde
 1678 0c57 2E       		.byte	0x2e
 1679 0c58 E7030000 		.4byte	0x3e7
 1680 0c5c 00       		.byte	0
 1681 0c5d 22       		.uleb128 0x22
 1682 0c5e 7D010000 		.4byte	.LASF181
 1683 0c62 07       		.byte	0x7
 1684 0c63 C0       		.byte	0xc0
 1685 0c64 14       		.byte	0x14
 1686 0c65 760C0000 		.4byte	0xc76
 1687 0c69 1D       		.uleb128 0x1d
 1688 0c6a 73647000 		.ascii	"sdp\000"
 1689 0c6e 07       		.byte	0x7
 1690 0c6f C0       		.byte	0xc0
 1691 0c70 36       		.byte	0x36
 1692 0c71 760C0000 		.4byte	0xc76
 1693 0c75 00       		.byte	0
 1694 0c76 0C       		.uleb128 0xc
 1695 0c77 04       		.byte	0x4
 1696 0c78 56030000 		.4byte	0x356
 1697 0c7c 22       		.uleb128 0x22
 1698 0c7d D5000000 		.4byte	.LASF182
 1699 0c81 06       		.byte	0x6
 1700 0c82 68       		.byte	0x68
 1701 0c83 14       		.byte	0x14
 1702 0c84 950C0000 		.4byte	0xc95
 1703 0c88 1E       		.uleb128 0x1e
 1704 0c89 B2080000 		.4byte	.LASF183
 1705 0c8d 06       		.byte	0x6
 1706 0c8e 68       		.byte	0x68
 1707 0c8f 2F       		.byte	0x2f
 1708 0c90 950C0000 		.4byte	0xc95
 1709 0c94 00       		.byte	0
 1710 0c95 0C       		.uleb128 0xc
ARM GAS  C:\Users\nello\AppData\Local\Temp\ccYycJvt.s 			page 31


 1711 0c96 04       		.byte	0x4
 1712 0c97 18030000 		.4byte	0x318
 1713 0c9b 00       		.byte	0
 1714              		.section	.gnu.debuglto_.debug_abbrev,"e",%progbits
 1715              	.Ldebug_abbrev0:
 1716 0000 01       		.uleb128 0x1
 1717 0001 11       		.uleb128 0x11
 1718 0002 01       		.byte	0x1
 1719 0003 25       		.uleb128 0x25
 1720 0004 0E       		.uleb128 0xe
 1721 0005 13       		.uleb128 0x13
 1722 0006 0B       		.uleb128 0xb
 1723 0007 03       		.uleb128 0x3
 1724 0008 0E       		.uleb128 0xe
 1725 0009 1B       		.uleb128 0x1b
 1726 000a 0E       		.uleb128 0xe
 1727 000b 10       		.uleb128 0x10
 1728 000c 17       		.uleb128 0x17
 1729 000d 00       		.byte	0
 1730 000e 00       		.byte	0
 1731 000f 02       		.uleb128 0x2
 1732 0010 24       		.uleb128 0x24
 1733 0011 00       		.byte	0
 1734 0012 0B       		.uleb128 0xb
 1735 0013 0B       		.uleb128 0xb
 1736 0014 3E       		.uleb128 0x3e
 1737 0015 0B       		.uleb128 0xb
 1738 0016 03       		.uleb128 0x3
 1739 0017 08       		.uleb128 0x8
 1740 0018 00       		.byte	0
 1741 0019 00       		.byte	0
 1742 001a 03       		.uleb128 0x3
 1743 001b 24       		.uleb128 0x24
 1744 001c 00       		.byte	0
 1745 001d 0B       		.uleb128 0xb
 1746 001e 0B       		.uleb128 0xb
 1747 001f 3E       		.uleb128 0x3e
 1748 0020 0B       		.uleb128 0xb
 1749 0021 03       		.uleb128 0x3
 1750 0022 0E       		.uleb128 0xe
 1751 0023 00       		.byte	0
 1752 0024 00       		.byte	0
 1753 0025 04       		.uleb128 0x4
 1754 0026 16       		.uleb128 0x16
 1755 0027 00       		.byte	0
 1756 0028 03       		.uleb128 0x3
 1757 0029 0E       		.uleb128 0xe
 1758 002a 3A       		.uleb128 0x3a
 1759 002b 0B       		.uleb128 0xb
 1760 002c 3B       		.uleb128 0x3b
 1761 002d 0B       		.uleb128 0xb
 1762 002e 39       		.uleb128 0x39
 1763 002f 0B       		.uleb128 0xb
 1764 0030 49       		.uleb128 0x49
 1765 0031 13       		.uleb128 0x13
 1766 0032 00       		.byte	0
 1767 0033 00       		.byte	0
ARM GAS  C:\Users\nello\AppData\Local\Temp\ccYycJvt.s 			page 32


 1768 0034 05       		.uleb128 0x5
 1769 0035 35       		.uleb128 0x35
 1770 0036 00       		.byte	0
 1771 0037 49       		.uleb128 0x49
 1772 0038 13       		.uleb128 0x13
 1773 0039 00       		.byte	0
 1774 003a 00       		.byte	0
 1775 003b 06       		.uleb128 0x6
 1776 003c 13       		.uleb128 0x13
 1777 003d 01       		.byte	0x1
 1778 003e 03       		.uleb128 0x3
 1779 003f 0E       		.uleb128 0xe
 1780 0040 0B       		.uleb128 0xb
 1781 0041 0B       		.uleb128 0xb
 1782 0042 3A       		.uleb128 0x3a
 1783 0043 0B       		.uleb128 0xb
 1784 0044 3B       		.uleb128 0x3b
 1785 0045 0B       		.uleb128 0xb
 1786 0046 39       		.uleb128 0x39
 1787 0047 0B       		.uleb128 0xb
 1788 0048 01       		.uleb128 0x1
 1789 0049 13       		.uleb128 0x13
 1790 004a 00       		.byte	0
 1791 004b 00       		.byte	0
 1792 004c 07       		.uleb128 0x7
 1793 004d 0D       		.uleb128 0xd
 1794 004e 00       		.byte	0
 1795 004f 03       		.uleb128 0x3
 1796 0050 08       		.uleb128 0x8
 1797 0051 3A       		.uleb128 0x3a
 1798 0052 0B       		.uleb128 0xb
 1799 0053 3B       		.uleb128 0x3b
 1800 0054 0B       		.uleb128 0xb
 1801 0055 39       		.uleb128 0x39
 1802 0056 0B       		.uleb128 0xb
 1803 0057 49       		.uleb128 0x49
 1804 0058 13       		.uleb128 0x13
 1805 0059 38       		.uleb128 0x38
 1806 005a 0B       		.uleb128 0xb
 1807 005b 00       		.byte	0
 1808 005c 00       		.byte	0
 1809 005d 08       		.uleb128 0x8
 1810 005e 0D       		.uleb128 0xd
 1811 005f 00       		.byte	0
 1812 0060 03       		.uleb128 0x3
 1813 0061 0E       		.uleb128 0xe
 1814 0062 3A       		.uleb128 0x3a
 1815 0063 0B       		.uleb128 0xb
 1816 0064 3B       		.uleb128 0x3b
 1817 0065 0B       		.uleb128 0xb
 1818 0066 39       		.uleb128 0x39
 1819 0067 0B       		.uleb128 0xb
 1820 0068 49       		.uleb128 0x49
 1821 0069 13       		.uleb128 0x13
 1822 006a 38       		.uleb128 0x38
 1823 006b 0B       		.uleb128 0xb
 1824 006c 00       		.byte	0
ARM GAS  C:\Users\nello\AppData\Local\Temp\ccYycJvt.s 			page 33


 1825 006d 00       		.byte	0
 1826 006e 09       		.uleb128 0x9
 1827 006f 0D       		.uleb128 0xd
 1828 0070 00       		.byte	0
 1829 0071 03       		.uleb128 0x3
 1830 0072 08       		.uleb128 0x8
 1831 0073 3A       		.uleb128 0x3a
 1832 0074 0B       		.uleb128 0xb
 1833 0075 3B       		.uleb128 0x3b
 1834 0076 05       		.uleb128 0x5
 1835 0077 39       		.uleb128 0x39
 1836 0078 0B       		.uleb128 0xb
 1837 0079 49       		.uleb128 0x49
 1838 007a 13       		.uleb128 0x13
 1839 007b 38       		.uleb128 0x38
 1840 007c 0B       		.uleb128 0xb
 1841 007d 00       		.byte	0
 1842 007e 00       		.byte	0
 1843 007f 0A       		.uleb128 0xa
 1844 0080 0D       		.uleb128 0xd
 1845 0081 00       		.byte	0
 1846 0082 03       		.uleb128 0x3
 1847 0083 0E       		.uleb128 0xe
 1848 0084 3A       		.uleb128 0x3a
 1849 0085 0B       		.uleb128 0xb
 1850 0086 3B       		.uleb128 0x3b
 1851 0087 05       		.uleb128 0x5
 1852 0088 39       		.uleb128 0x39
 1853 0089 0B       		.uleb128 0xb
 1854 008a 49       		.uleb128 0x49
 1855 008b 13       		.uleb128 0x13
 1856 008c 38       		.uleb128 0x38
 1857 008d 0B       		.uleb128 0xb
 1858 008e 00       		.byte	0
 1859 008f 00       		.byte	0
 1860 0090 0B       		.uleb128 0xb
 1861 0091 13       		.uleb128 0x13
 1862 0092 01       		.byte	0x1
 1863 0093 03       		.uleb128 0x3
 1864 0094 0E       		.uleb128 0xe
 1865 0095 0B       		.uleb128 0xb
 1866 0096 0B       		.uleb128 0xb
 1867 0097 3A       		.uleb128 0x3a
 1868 0098 0B       		.uleb128 0xb
 1869 0099 3B       		.uleb128 0x3b
 1870 009a 05       		.uleb128 0x5
 1871 009b 39       		.uleb128 0x39
 1872 009c 0B       		.uleb128 0xb
 1873 009d 01       		.uleb128 0x1
 1874 009e 13       		.uleb128 0x13
 1875 009f 00       		.byte	0
 1876 00a0 00       		.byte	0
 1877 00a1 0C       		.uleb128 0xc
 1878 00a2 0F       		.uleb128 0xf
 1879 00a3 00       		.byte	0
 1880 00a4 0B       		.uleb128 0xb
 1881 00a5 0B       		.uleb128 0xb
ARM GAS  C:\Users\nello\AppData\Local\Temp\ccYycJvt.s 			page 34


 1882 00a6 49       		.uleb128 0x49
 1883 00a7 13       		.uleb128 0x13
 1884 00a8 00       		.byte	0
 1885 00a9 00       		.byte	0
 1886 00aa 0D       		.uleb128 0xd
 1887 00ab 26       		.uleb128 0x26
 1888 00ac 00       		.byte	0
 1889 00ad 49       		.uleb128 0x49
 1890 00ae 13       		.uleb128 0x13
 1891 00af 00       		.byte	0
 1892 00b0 00       		.byte	0
 1893 00b1 0E       		.uleb128 0xe
 1894 00b2 0F       		.uleb128 0xf
 1895 00b3 00       		.byte	0
 1896 00b4 0B       		.uleb128 0xb
 1897 00b5 0B       		.uleb128 0xb
 1898 00b6 00       		.byte	0
 1899 00b7 00       		.byte	0
 1900 00b8 0F       		.uleb128 0xf
 1901 00b9 13       		.uleb128 0x13
 1902 00ba 01       		.byte	0x1
 1903 00bb 0B       		.uleb128 0xb
 1904 00bc 0B       		.uleb128 0xb
 1905 00bd 3A       		.uleb128 0x3a
 1906 00be 0B       		.uleb128 0xb
 1907 00bf 3B       		.uleb128 0x3b
 1908 00c0 0B       		.uleb128 0xb
 1909 00c1 39       		.uleb128 0x39
 1910 00c2 0B       		.uleb128 0xb
 1911 00c3 01       		.uleb128 0x1
 1912 00c4 13       		.uleb128 0x13
 1913 00c5 00       		.byte	0
 1914 00c6 00       		.byte	0
 1915 00c7 10       		.uleb128 0x10
 1916 00c8 04       		.uleb128 0x4
 1917 00c9 01       		.byte	0x1
 1918 00ca 3E       		.uleb128 0x3e
 1919 00cb 0B       		.uleb128 0xb
 1920 00cc 0B       		.uleb128 0xb
 1921 00cd 0B       		.uleb128 0xb
 1922 00ce 49       		.uleb128 0x49
 1923 00cf 13       		.uleb128 0x13
 1924 00d0 3A       		.uleb128 0x3a
 1925 00d1 0B       		.uleb128 0xb
 1926 00d2 3B       		.uleb128 0x3b
 1927 00d3 0B       		.uleb128 0xb
 1928 00d4 39       		.uleb128 0x39
 1929 00d5 0B       		.uleb128 0xb
 1930 00d6 01       		.uleb128 0x1
 1931 00d7 13       		.uleb128 0x13
 1932 00d8 00       		.byte	0
 1933 00d9 00       		.byte	0
 1934 00da 11       		.uleb128 0x11
 1935 00db 28       		.uleb128 0x28
 1936 00dc 00       		.byte	0
 1937 00dd 03       		.uleb128 0x3
 1938 00de 0E       		.uleb128 0xe
ARM GAS  C:\Users\nello\AppData\Local\Temp\ccYycJvt.s 			page 35


 1939 00df 1C       		.uleb128 0x1c
 1940 00e0 0B       		.uleb128 0xb
 1941 00e1 00       		.byte	0
 1942 00e2 00       		.byte	0
 1943 00e3 12       		.uleb128 0x12
 1944 00e4 17       		.uleb128 0x17
 1945 00e5 01       		.byte	0x1
 1946 00e6 0B       		.uleb128 0xb
 1947 00e7 0B       		.uleb128 0xb
 1948 00e8 3A       		.uleb128 0x3a
 1949 00e9 0B       		.uleb128 0xb
 1950 00ea 3B       		.uleb128 0x3b
 1951 00eb 0B       		.uleb128 0xb
 1952 00ec 39       		.uleb128 0x39
 1953 00ed 0B       		.uleb128 0xb
 1954 00ee 01       		.uleb128 0x1
 1955 00ef 13       		.uleb128 0x13
 1956 00f0 00       		.byte	0
 1957 00f1 00       		.byte	0
 1958 00f2 13       		.uleb128 0x13
 1959 00f3 0D       		.uleb128 0xd
 1960 00f4 00       		.byte	0
 1961 00f5 03       		.uleb128 0x3
 1962 00f6 0E       		.uleb128 0xe
 1963 00f7 3A       		.uleb128 0x3a
 1964 00f8 0B       		.uleb128 0xb
 1965 00f9 3B       		.uleb128 0x3b
 1966 00fa 0B       		.uleb128 0xb
 1967 00fb 39       		.uleb128 0x39
 1968 00fc 0B       		.uleb128 0xb
 1969 00fd 49       		.uleb128 0x49
 1970 00fe 13       		.uleb128 0x13
 1971 00ff 00       		.byte	0
 1972 0100 00       		.byte	0
 1973 0101 14       		.uleb128 0x14
 1974 0102 0D       		.uleb128 0xd
 1975 0103 00       		.byte	0
 1976 0104 03       		.uleb128 0x3
 1977 0105 0E       		.uleb128 0xe
 1978 0106 3A       		.uleb128 0x3a
 1979 0107 0B       		.uleb128 0xb
 1980 0108 3B       		.uleb128 0x3b
 1981 0109 05       		.uleb128 0x5
 1982 010a 39       		.uleb128 0x39
 1983 010b 0B       		.uleb128 0xb
 1984 010c 49       		.uleb128 0x49
 1985 010d 13       		.uleb128 0x13
 1986 010e 00       		.byte	0
 1987 010f 00       		.byte	0
 1988 0110 15       		.uleb128 0x15
 1989 0111 16       		.uleb128 0x16
 1990 0112 00       		.byte	0
 1991 0113 03       		.uleb128 0x3
 1992 0114 0E       		.uleb128 0xe
 1993 0115 3A       		.uleb128 0x3a
 1994 0116 0B       		.uleb128 0xb
 1995 0117 3B       		.uleb128 0x3b
ARM GAS  C:\Users\nello\AppData\Local\Temp\ccYycJvt.s 			page 36


 1996 0118 05       		.uleb128 0x5
 1997 0119 39       		.uleb128 0x39
 1998 011a 0B       		.uleb128 0xb
 1999 011b 49       		.uleb128 0x49
 2000 011c 13       		.uleb128 0x13
 2001 011d 00       		.byte	0
 2002 011e 00       		.byte	0
 2003 011f 16       		.uleb128 0x16
 2004 0120 01       		.uleb128 0x1
 2005 0121 01       		.byte	0x1
 2006 0122 49       		.uleb128 0x49
 2007 0123 13       		.uleb128 0x13
 2008 0124 01       		.uleb128 0x1
 2009 0125 13       		.uleb128 0x13
 2010 0126 00       		.byte	0
 2011 0127 00       		.byte	0
 2012 0128 17       		.uleb128 0x17
 2013 0129 21       		.uleb128 0x21
 2014 012a 00       		.byte	0
 2015 012b 49       		.uleb128 0x49
 2016 012c 13       		.uleb128 0x13
 2017 012d 2F       		.uleb128 0x2f
 2018 012e 0B       		.uleb128 0xb
 2019 012f 00       		.byte	0
 2020 0130 00       		.byte	0
 2021 0131 18       		.uleb128 0x18
 2022 0132 34       		.uleb128 0x34
 2023 0133 00       		.byte	0
 2024 0134 03       		.uleb128 0x3
 2025 0135 0E       		.uleb128 0xe
 2026 0136 3A       		.uleb128 0x3a
 2027 0137 0B       		.uleb128 0xb
 2028 0138 3B       		.uleb128 0x3b
 2029 0139 05       		.uleb128 0x5
 2030 013a 39       		.uleb128 0x39
 2031 013b 0B       		.uleb128 0xb
 2032 013c 49       		.uleb128 0x49
 2033 013d 13       		.uleb128 0x13
 2034 013e 3F       		.uleb128 0x3f
 2035 013f 19       		.uleb128 0x19
 2036 0140 3C       		.uleb128 0x3c
 2037 0141 19       		.uleb128 0x19
 2038 0142 00       		.byte	0
 2039 0143 00       		.byte	0
 2040 0144 19       		.uleb128 0x19
 2041 0145 15       		.uleb128 0x15
 2042 0146 01       		.byte	0x1
 2043 0147 27       		.uleb128 0x27
 2044 0148 19       		.uleb128 0x19
 2045 0149 01       		.uleb128 0x1
 2046 014a 13       		.uleb128 0x13
 2047 014b 00       		.byte	0
 2048 014c 00       		.byte	0
 2049 014d 1A       		.uleb128 0x1a
 2050 014e 05       		.uleb128 0x5
 2051 014f 00       		.byte	0
 2052 0150 49       		.uleb128 0x49
ARM GAS  C:\Users\nello\AppData\Local\Temp\ccYycJvt.s 			page 37


 2053 0151 13       		.uleb128 0x13
 2054 0152 00       		.byte	0
 2055 0153 00       		.byte	0
 2056 0154 1B       		.uleb128 0x1b
 2057 0155 34       		.uleb128 0x34
 2058 0156 00       		.byte	0
 2059 0157 03       		.uleb128 0x3
 2060 0158 0E       		.uleb128 0xe
 2061 0159 3A       		.uleb128 0x3a
 2062 015a 0B       		.uleb128 0xb
 2063 015b 3B       		.uleb128 0x3b
 2064 015c 0B       		.uleb128 0xb
 2065 015d 39       		.uleb128 0x39
 2066 015e 0B       		.uleb128 0xb
 2067 015f 49       		.uleb128 0x49
 2068 0160 13       		.uleb128 0x13
 2069 0161 3F       		.uleb128 0x3f
 2070 0162 19       		.uleb128 0x19
 2071 0163 3C       		.uleb128 0x3c
 2072 0164 19       		.uleb128 0x19
 2073 0165 00       		.byte	0
 2074 0166 00       		.byte	0
 2075 0167 1C       		.uleb128 0x1c
 2076 0168 2E       		.uleb128 0x2e
 2077 0169 01       		.byte	0x1
 2078 016a 3F       		.uleb128 0x3f
 2079 016b 19       		.uleb128 0x19
 2080 016c 03       		.uleb128 0x3
 2081 016d 0E       		.uleb128 0xe
 2082 016e 3A       		.uleb128 0x3a
 2083 016f 0B       		.uleb128 0xb
 2084 0170 3B       		.uleb128 0x3b
 2085 0171 0B       		.uleb128 0xb
 2086 0172 39       		.uleb128 0x39
 2087 0173 0B       		.uleb128 0xb
 2088 0174 27       		.uleb128 0x27
 2089 0175 19       		.uleb128 0x19
 2090 0176 01       		.uleb128 0x1
 2091 0177 13       		.uleb128 0x13
 2092 0178 00       		.byte	0
 2093 0179 00       		.byte	0
 2094 017a 1D       		.uleb128 0x1d
 2095 017b 05       		.uleb128 0x5
 2096 017c 00       		.byte	0
 2097 017d 03       		.uleb128 0x3
 2098 017e 08       		.uleb128 0x8
 2099 017f 3A       		.uleb128 0x3a
 2100 0180 0B       		.uleb128 0xb
 2101 0181 3B       		.uleb128 0x3b
 2102 0182 0B       		.uleb128 0xb
 2103 0183 39       		.uleb128 0x39
 2104 0184 0B       		.uleb128 0xb
 2105 0185 49       		.uleb128 0x49
 2106 0186 13       		.uleb128 0x13
 2107 0187 00       		.byte	0
 2108 0188 00       		.byte	0
 2109 0189 1E       		.uleb128 0x1e
ARM GAS  C:\Users\nello\AppData\Local\Temp\ccYycJvt.s 			page 38


 2110 018a 05       		.uleb128 0x5
 2111 018b 00       		.byte	0
 2112 018c 03       		.uleb128 0x3
 2113 018d 0E       		.uleb128 0xe
 2114 018e 3A       		.uleb128 0x3a
 2115 018f 0B       		.uleb128 0xb
 2116 0190 3B       		.uleb128 0x3b
 2117 0191 0B       		.uleb128 0xb
 2118 0192 39       		.uleb128 0x39
 2119 0193 0B       		.uleb128 0xb
 2120 0194 49       		.uleb128 0x49
 2121 0195 13       		.uleb128 0x13
 2122 0196 00       		.byte	0
 2123 0197 00       		.byte	0
 2124 0198 1F       		.uleb128 0x1f
 2125 0199 34       		.uleb128 0x34
 2126 019a 00       		.byte	0
 2127 019b 03       		.uleb128 0x3
 2128 019c 0E       		.uleb128 0xe
 2129 019d 3A       		.uleb128 0x3a
 2130 019e 0B       		.uleb128 0xb
 2131 019f 3B       		.uleb128 0x3b
 2132 01a0 0B       		.uleb128 0xb
 2133 01a1 39       		.uleb128 0x39
 2134 01a2 0B       		.uleb128 0xb
 2135 01a3 49       		.uleb128 0x49
 2136 01a4 13       		.uleb128 0x13
 2137 01a5 00       		.byte	0
 2138 01a6 00       		.byte	0
 2139 01a7 20       		.uleb128 0x20
 2140 01a8 34       		.uleb128 0x34
 2141 01a9 00       		.byte	0
 2142 01aa 03       		.uleb128 0x3
 2143 01ab 0E       		.uleb128 0xe
 2144 01ac 49       		.uleb128 0x49
 2145 01ad 13       		.uleb128 0x13
 2146 01ae 34       		.uleb128 0x34
 2147 01af 19       		.uleb128 0x19
 2148 01b0 00       		.byte	0
 2149 01b1 00       		.byte	0
 2150 01b2 21       		.uleb128 0x21
 2151 01b3 0B       		.uleb128 0xb
 2152 01b4 01       		.byte	0x1
 2153 01b5 00       		.byte	0
 2154 01b6 00       		.byte	0
 2155 01b7 22       		.uleb128 0x22
 2156 01b8 2E       		.uleb128 0x2e
 2157 01b9 01       		.byte	0x1
 2158 01ba 03       		.uleb128 0x3
 2159 01bb 0E       		.uleb128 0xe
 2160 01bc 3A       		.uleb128 0x3a
 2161 01bd 0B       		.uleb128 0xb
 2162 01be 3B       		.uleb128 0x3b
 2163 01bf 0B       		.uleb128 0xb
 2164 01c0 39       		.uleb128 0x39
 2165 01c1 0B       		.uleb128 0xb
 2166 01c2 27       		.uleb128 0x27
ARM GAS  C:\Users\nello\AppData\Local\Temp\ccYycJvt.s 			page 39


 2167 01c3 19       		.uleb128 0x19
 2168 01c4 01       		.uleb128 0x1
 2169 01c5 13       		.uleb128 0x13
 2170 01c6 00       		.byte	0
 2171 01c7 00       		.byte	0
 2172 01c8 23       		.uleb128 0x23
 2173 01c9 2E       		.uleb128 0x2e
 2174 01ca 01       		.byte	0x1
 2175 01cb 03       		.uleb128 0x3
 2176 01cc 0E       		.uleb128 0xe
 2177 01cd 3A       		.uleb128 0x3a
 2178 01ce 0B       		.uleb128 0xb
 2179 01cf 3B       		.uleb128 0x3b
 2180 01d0 05       		.uleb128 0x5
 2181 01d1 39       		.uleb128 0x39
 2182 01d2 0B       		.uleb128 0xb
 2183 01d3 27       		.uleb128 0x27
 2184 01d4 19       		.uleb128 0x19
 2185 01d5 01       		.uleb128 0x1
 2186 01d6 13       		.uleb128 0x13
 2187 01d7 00       		.byte	0
 2188 01d8 00       		.byte	0
 2189 01d9 24       		.uleb128 0x24
 2190 01da 05       		.uleb128 0x5
 2191 01db 00       		.byte	0
 2192 01dc 03       		.uleb128 0x3
 2193 01dd 0E       		.uleb128 0xe
 2194 01de 3A       		.uleb128 0x3a
 2195 01df 0B       		.uleb128 0xb
 2196 01e0 3B       		.uleb128 0x3b
 2197 01e1 05       		.uleb128 0x5
 2198 01e2 39       		.uleb128 0x39
 2199 01e3 0B       		.uleb128 0xb
 2200 01e4 49       		.uleb128 0x49
 2201 01e5 13       		.uleb128 0x13
 2202 01e6 00       		.byte	0
 2203 01e7 00       		.byte	0
 2204 01e8 25       		.uleb128 0x25
 2205 01e9 2E       		.uleb128 0x2e
 2206 01ea 00       		.byte	0
 2207 01eb 03       		.uleb128 0x3
 2208 01ec 0E       		.uleb128 0xe
 2209 01ed 3A       		.uleb128 0x3a
 2210 01ee 0B       		.uleb128 0xb
 2211 01ef 3B       		.uleb128 0x3b
 2212 01f0 0B       		.uleb128 0xb
 2213 01f1 39       		.uleb128 0x39
 2214 01f2 0B       		.uleb128 0xb
 2215 01f3 27       		.uleb128 0x27
 2216 01f4 19       		.uleb128 0x19
 2217 01f5 49       		.uleb128 0x49
 2218 01f6 13       		.uleb128 0x13
 2219 01f7 00       		.byte	0
 2220 01f8 00       		.byte	0
 2221 01f9 26       		.uleb128 0x26
 2222 01fa 2E       		.uleb128 0x2e
 2223 01fb 00       		.byte	0
ARM GAS  C:\Users\nello\AppData\Local\Temp\ccYycJvt.s 			page 40


 2224 01fc 03       		.uleb128 0x3
 2225 01fd 0E       		.uleb128 0xe
 2226 01fe 3A       		.uleb128 0x3a
 2227 01ff 0B       		.uleb128 0xb
 2228 0200 3B       		.uleb128 0x3b
 2229 0201 05       		.uleb128 0x5
 2230 0202 39       		.uleb128 0x39
 2231 0203 0B       		.uleb128 0xb
 2232 0204 27       		.uleb128 0x27
 2233 0205 19       		.uleb128 0x19
 2234 0206 00       		.byte	0
 2235 0207 00       		.byte	0
 2236 0208 27       		.uleb128 0x27
 2237 0209 05       		.uleb128 0x5
 2238 020a 00       		.byte	0
 2239 020b 03       		.uleb128 0x3
 2240 020c 08       		.uleb128 0x8
 2241 020d 3A       		.uleb128 0x3a
 2242 020e 0B       		.uleb128 0xb
 2243 020f 3B       		.uleb128 0x3b
 2244 0210 05       		.uleb128 0x5
 2245 0211 39       		.uleb128 0x39
 2246 0212 0B       		.uleb128 0xb
 2247 0213 49       		.uleb128 0x49
 2248 0214 13       		.uleb128 0x13
 2249 0215 00       		.byte	0
 2250 0216 00       		.byte	0
 2251 0217 00       		.byte	0
 2252              		.section	.gnu.debuglto_.debug_line,"e",%progbits
 2253              	.Ldebug_line0:
 2254 0000 7F020000 		.4byte	.LELT0-.LSLT0
 2255              	.LSLT0:
 2256 0004 0400     		.2byte	0x4
 2257 0006 79020000 		.4byte	.LELTP0-.LASLTP0
 2258              	.LASLTP0:
 2259 000a 01       		.byte	0x1
 2260 000b 01       		.byte	0x1
 2261 000c 01       		.byte	0x1
 2262 000d F6       		.byte	0xf6
 2263 000e F2       		.byte	0xf2
 2264 000f 0D       		.byte	0xd
 2265 0010 00       		.byte	0
 2266 0011 01       		.byte	0x1
 2267 0012 01       		.byte	0x1
 2268 0013 01       		.byte	0x1
 2269 0014 01       		.byte	0x1
 2270 0015 00       		.byte	0
 2271 0016 00       		.byte	0
 2272 0017 00       		.byte	0
 2273 0018 01       		.byte	0x1
 2274 0019 00       		.byte	0
 2275 001a 00       		.byte	0
 2276 001b 01       		.byte	0x1
 2277 001c 2E2E2F2E 		.ascii	"../../chibios2111/os/common/ports/ARM-common"
 2277      2E2F6368 
 2277      6962696F 
 2277      73323131 
ARM GAS  C:\Users\nello\AppData\Local\Temp\ccYycJvt.s 			page 41


 2277      312F6F73 
 2278 0048 00       		.byte	0
 2279 0049 2E2E2F2E 		.ascii	"../../chibios2111/os/common/ports/ARMv7-M-ALT"
 2279      2E2F6368 
 2279      6962696F 
 2279      73323131 
 2279      312F6F73 
 2280 0076 00       		.byte	0
 2281 0077 2E2E2F2E 		.ascii	"../../chibios2111/os/hal/osal/rt-nil"
 2281      2E2F6368 
 2281      6962696F 
 2281      73323131 
 2281      312F6F73 
 2282 009b 00       		.byte	0
 2283 009c 2E2E2F2E 		.ascii	"../../chibios2111/os/rt/include"
 2283      2E2F6368 
 2283      6962696F 
 2283      73323131 
 2283      312F6F73 
 2284 00bb 00       		.byte	0
 2285 00bc 2E2E2F2E 		.ascii	"../../chibios2111/os/rt/src"
 2285      2E2F6368 
 2285      6962696F 
 2285      73323131 
 2285      312F6F73 
 2286 00d7 00       		.byte	0
 2287 00d8 633A5C63 		.ascii	"c:\\chibistudio\\tools\\gnu tools arm embedded\\10."
 2287      68696269 
 2287      73747564 
 2287      696F5C74 
 2287      6F6F6C73 
 2288 0107 33203230 		.ascii	"3 2021.10\\arm-none-eabi\\include\\machine"
 2288      32312E31 
 2288      305C6172 
 2288      6D2D6E6F 
 2288      6E652D65 
 2289 012e 00       		.byte	0
 2290 012f 633A5C63 		.ascii	"c:\\chibistudio\\tools\\gnu tools arm embedded\\10."
 2290      68696269 
 2290      73747564 
 2290      696F5C74 
 2290      6F6F6C73 
 2291 015e 33203230 		.ascii	"3 2021.10\\arm-none-eabi\\include\\sys"
 2291      32312E31 
 2291      305C6172 
 2291      6D2D6E6F 
 2291      6E652D65 
 2292 0181 00       		.byte	0
 2293 0182 00       		.byte	0
 2294 0183 5F646566 		.ascii	"_default_types.h\000"
 2294      61756C74 
 2294      5F747970 
 2294      65732E68 
 2294      00
 2295 0194 06       		.uleb128 0x6
 2296 0195 00       		.uleb128 0
 2297 0196 00       		.uleb128 0
ARM GAS  C:\Users\nello\AppData\Local\Temp\ccYycJvt.s 			page 42


 2298 0197 5F737464 		.ascii	"_stdint.h\000"
 2298      696E742E 
 2298      6800
 2299 01a1 07       		.uleb128 0x7
 2300 01a2 00       		.uleb128 0
 2301 01a3 00       		.uleb128 0
 2302 01a4 63687479 		.ascii	"chtypes.h\000"
 2302      7065732E 
 2302      6800
 2303 01ae 01       		.uleb128 0x1
 2304 01af 00       		.uleb128 0
 2305 01b0 00       		.uleb128 0
 2306 01b1 63686561 		.ascii	"chearly.h\000"
 2306      726C792E 
 2306      6800
 2307 01bb 04       		.uleb128 0x4
 2308 01bc 00       		.uleb128 0
 2309 01bd 00       		.uleb128 0
 2310 01be 63686F62 		.ascii	"chobjects.h\000"
 2310      6A656374 
 2310      732E6800 
 2311 01ca 04       		.uleb128 0x4
 2312 01cb 00       		.uleb128 0
 2313 01cc 00       		.uleb128 0
 2314 01cd 63687266 		.ascii	"chrfcu.h\000"
 2314      63752E68 
 2314      00
 2315 01d6 04       		.uleb128 0x4
 2316 01d7 00       		.uleb128 0
 2317 01d8 00       		.uleb128 0
 2318 01d9 63686465 		.ascii	"chdebug.h\000"
 2318      6275672E 
 2318      6800
 2319 01e3 04       		.uleb128 0x4
 2320 01e4 00       		.uleb128 0
 2321 01e5 00       		.uleb128 0
 2322 01e6 63687469 		.ascii	"chtime.h\000"
 2322      6D652E68 
 2322      00
 2323 01ef 04       		.uleb128 0x4
 2324 01f0 00       		.uleb128 0
 2325 01f1 00       		.uleb128 0
 2326 01f2 63686C69 		.ascii	"chlists.h\000"
 2326      7374732E 
 2326      6800
 2327 01fc 04       		.uleb128 0x4
 2328 01fd 00       		.uleb128 0
 2329 01fe 00       		.uleb128 0
 2330 01ff 6368636F 		.ascii	"chcore.h\000"
 2330      72652E68 
 2330      00
 2331 0208 02       		.uleb128 0x2
 2332 0209 00       		.uleb128 0
 2333 020a 00       		.uleb128 0
 2334 020b 6368746D 		.ascii	"chtm.h\000"
 2334      2E6800
 2335 0212 04       		.uleb128 0x4
ARM GAS  C:\Users\nello\AppData\Local\Temp\ccYycJvt.s 			page 43


 2336 0213 00       		.uleb128 0
 2337 0214 00       		.uleb128 0
 2338 0215 63687365 		.ascii	"chsem.h\000"
 2338      6D2E6800 
 2339 021d 04       		.uleb128 0x4
 2340 021e 00       		.uleb128 0
 2341 021f 00       		.uleb128 0
 2342 0220 63686D74 		.ascii	"chmtx.h\000"
 2342      782E6800 
 2343 0228 04       		.uleb128 0x4
 2344 0229 00       		.uleb128 0
 2345 022a 00       		.uleb128 0
 2346 022b 63687468 		.ascii	"chthreads.h\000"
 2346      72656164 
 2346      732E6800 
 2347 0237 04       		.uleb128 0x4
 2348 0238 00       		.uleb128 0
 2349 0239 00       		.uleb128 0
 2350 023a 63687265 		.ascii	"chregistry.h\000"
 2350      67697374 
 2350      72792E68 
 2350      00
 2351 0247 04       		.uleb128 0x4
 2352 0248 00       		.uleb128 0
 2353 0249 00       		.uleb128 0
 2354 024a 63687379 		.ascii	"chsys.h\000"
 2354      732E6800 
 2355 0252 04       		.uleb128 0x4
 2356 0253 00       		.uleb128 0
 2357 0254 00       		.uleb128 0
 2358 0255 6368696E 		.ascii	"chinstances.c\000"
 2358      7374616E 
 2358      6365732E 
 2358      6300
 2359 0263 05       		.uleb128 0x5
 2360 0264 00       		.uleb128 0
 2361 0265 00       		.uleb128 0
 2362 0266 63687674 		.ascii	"chvt.h\000"
 2362      2E6800
 2363 026d 04       		.uleb128 0x4
 2364 026e 00       		.uleb128 0
 2365 026f 00       		.uleb128 0
 2366 0270 6368636F 		.ascii	"chcore_timer.h\000"
 2366      72655F74 
 2366      696D6572 
 2366      2E6800
 2367 027f 03       		.uleb128 0x3
 2368 0280 00       		.uleb128 0
 2369 0281 00       		.uleb128 0
 2370 0282 00       		.byte	0
 2371              	.LELTP0:
 2372              	.LELT0:
 2373              		.section	.gnu.debuglto_.debug_str,"eMS",%progbits,1
 2374              	.LASF164:
 2375 0000 6F66665F 		.ascii	"off_inst_rfcu\000"
 2375      696E7374 
 2375      5F726663 
ARM GAS  C:\Users\nello\AppData\Local\Temp\ccYycJvt.s 			page 44


 2375      7500
 2376              	.LASF187:
 2377 000e 6368496E 		.ascii	"chInstanceObjectInit\000"
 2377      7374616E 
 2377      63654F62 
 2377      6A656374 
 2377      496E6974 
 2378              	.LASF117:
 2379 0023 72656164 		.ascii	"ready_list_t\000"
 2379      795F6C69 
 2379      73745F74 
 2379      00
 2380              	.LASF53:
 2381 0030 72666375 		.ascii	"rfcu\000"
 2381      00
 2382              	.LASF108:
 2383 0035 77747472 		.ascii	"wttrp\000"
 2383      7000
 2384              	.LASF160:
 2385 003b 6F66665F 		.ascii	"off_inst_rlist\000"
 2385      696E7374 
 2385      5F726C69 
 2385      737400
 2386              	.LASF78:
 2387 004a 64656C74 		.ascii	"delta\000"
 2387      6100
 2388              	.LASF105:
 2389 0050 7264796D 		.ascii	"rdymsg\000"
 2389      736700
 2390              	.LASF130:
 2391 0057 66756E63 		.ascii	"funcp\000"
 2391      7000
 2392              	.LASF19:
 2393 005d 75696E74 		.ascii	"uint64_t\000"
 2393      36345F74 
 2393      00
 2394              	.LASF6:
 2395 0066 5F5F7569 		.ascii	"__uint8_t\000"
 2395      6E74385F 
 2395      7400
 2396              	.LASF72:
 2397 0070 70726576 		.ascii	"prev\000"
 2397      00
 2398              	.LASF82:
 2399 0075 706F7274 		.ascii	"port_intctx\000"
 2399      5F696E74 
 2399      63747800 
 2400              	.LASF63:
 2401 0081 73797374 		.ascii	"system_debug_t\000"
 2401      656D5F64 
 2401      65627567 
 2401      5F7400
 2402              	.LASF52:
 2403 0090 636F7265 		.ascii	"core_id\000"
 2403      5F696400 
 2404              	.LASF131:
 2405 0098 74687265 		.ascii	"thread_descriptor_t\000"
ARM GAS  C:\Users\nello\AppData\Local\Temp\ccYycJvt.s 			page 45


 2405      61645F64 
 2405      65736372 
 2405      6970746F 
 2405      725F7400 
 2406              	.LASF73:
 2407 00ac 63685F70 		.ascii	"ch_priority_queue_t\000"
 2407      72696F72 
 2407      6974795F 
 2407      71756575 
 2407      655F7400 
 2408              	.LASF123:
 2409 00c0 6F735F69 		.ascii	"os_instance_config_t\000"
 2409      6E737461 
 2409      6E63655F 
 2409      636F6E66 
 2409      69675F74 
 2410              	.LASF182:
 2411 00d5 5F5F7266 		.ascii	"__rfcu_object_init\000"
 2411      63755F6F 
 2411      626A6563 
 2411      745F696E 
 2411      697400
 2412              	.LASF129:
 2413 00e8 77656E64 		.ascii	"wend\000"
 2413      00
 2414              	.LASF14:
 2415 00ed 6C6F6E67 		.ascii	"long long unsigned int\000"
 2415      206C6F6E 
 2415      6720756E 
 2415      7369676E 
 2415      65642069 
 2416              	.LASF91:
 2417 0104 63685F73 		.ascii	"ch_sys_running\000"
 2417      79735F72 
 2417      756E6E69 
 2417      6E6700
 2418              	.LASF106:
 2419 0113 65786974 		.ascii	"exitcode\000"
 2419      636F6465 
 2419      00
 2420              	.LASF55:
 2421 011c 6D61696E 		.ascii	"mainthread\000"
 2421      74687265 
 2421      616400
 2422              	.LASF109:
 2423 0127 73656E74 		.ascii	"sentmsg\000"
 2423      6D736700 
 2424              	.LASF98:
 2425 012f 76697274 		.ascii	"virtual_timers_list_t\000"
 2425      75616C5F 
 2425      74696D65 
 2425      72735F6C 
 2425      6973745F 
 2426              	.LASF69:
 2427 0145 6E657874 		.ascii	"next\000"
 2427      00
 2428              	.LASF39:
ARM GAS  C:\Users\nello\AppData\Local\Temp\ccYycJvt.s 			page 46


 2429 014a 72656673 		.ascii	"refs\000"
 2429      00
 2430              	.LASF1:
 2431 014f 6C6F6E67 		.ascii	"long long int\000"
 2431      206C6F6E 
 2431      6720696E 
 2431      7400
 2432              	.LASF3:
 2433 015d 7369676E 		.ascii	"signed char\000"
 2433      65642063 
 2433      68617200 
 2434              	.LASF90:
 2435 0169 63685F73 		.ascii	"ch_sys_initializing\000"
 2435      79735F69 
 2435      6E697469 
 2435      616C697A 
 2435      696E6700 
 2436              	.LASF181:
 2437 017d 5F5F6462 		.ascii	"__dbg_object_init\000"
 2437      675F6F62 
 2437      6A656374 
 2437      5F696E69 
 2437      7400
 2438              	.LASF49:
 2439 018f 726C6973 		.ascii	"rlist\000"
 2439      7400
 2440              	.LASF46:
 2441 0195 6F735F69 		.ascii	"os_instance_t\000"
 2441      6E737461 
 2441      6E63655F 
 2441      7400
 2442              	.LASF172:
 2443 01a3 5F5F7265 		.ascii	"__reg_object_init\000"
 2443      675F6F62 
 2443      6A656374 
 2443      5F696E69 
 2443      7400
 2444              	.LASF41:
 2445 01b5 6D736771 		.ascii	"msgqueue\000"
 2445      75657565 
 2445      00
 2446              	.LASF137:
 2447 01be 74696D65 		.ascii	"timesize\000"
 2447      73697A65 
 2447      00
 2448              	.LASF37:
 2449 01c7 73746174 		.ascii	"state\000"
 2449      6500
 2450              	.LASF10:
 2451 01cd 6C6F6E67 		.ascii	"long int\000"
 2451      20696E74 
 2451      00
 2452              	.LASF177:
 2453 01d6 63685F64 		.ascii	"ch_dlist_init\000"
 2453      6C697374 
 2453      5F696E69 
 2453      7400
ARM GAS  C:\Users\nello\AppData\Local\Temp\ccYycJvt.s 			page 47


 2454              	.LASF25:
 2455 01e4 74737461 		.ascii	"tstate_t\000"
 2455      74655F74 
 2455      00
 2456              	.LASF57:
 2457 01ed 63685F72 		.ascii	"ch_rfcu\000"
 2457      66637500 
 2458              	.LASF71:
 2459 01f5 63685F71 		.ascii	"ch_queue\000"
 2459      75657565 
 2459      00
 2460              	.LASF132:
 2461 01fe 6964656E 		.ascii	"identifier\000"
 2461      74696669 
 2461      657200
 2462              	.LASF16:
 2463 0209 75696E74 		.ascii	"uint16_t\000"
 2463      31365F74 
 2463      00
 2464              	.LASF76:
 2465 0212 63685F64 		.ascii	"ch_delta_list_t\000"
 2465      656C7461 
 2465      5F6C6973 
 2465      745F7400 
 2466              	.LASF148:
 2467 0222 6F66665F 		.ascii	"off_preempt\000"
 2467      70726565 
 2467      6D707400 
 2468              	.LASF99:
 2469 022e 63685F72 		.ascii	"ch_registry\000"
 2469      65676973 
 2469      74727900 
 2470              	.LASF174:
 2471 023a 76746C70 		.ascii	"vtlp\000"
 2471      00
 2472              	.LASF66:
 2473 023f 73797374 		.ascii	"systimestamp_t\000"
 2473      696D6573 
 2473      74616D70 
 2473      5F7400
 2474              	.LASF11:
 2475 024e 5F5F7569 		.ascii	"__uint32_t\000"
 2475      6E743332 
 2475      5F7400
 2476              	.LASF58:
 2477 0259 6D61736B 		.ascii	"mask\000"
 2477      00
 2478              	.LASF70:
 2479 025e 63685F71 		.ascii	"ch_queue_t\000"
 2479      75657565 
 2479      5F7400
 2480              	.LASF50:
 2481 0269 76746C69 		.ascii	"vtlist\000"
 2481      737400
 2482              	.LASF60:
 2483 0270 63685F73 		.ascii	"ch_system_debug\000"
 2483      79737465 
ARM GAS  C:\Users\nello\AppData\Local\Temp\ccYycJvt.s 			page 48


 2483      6D5F6465 
 2483      62756700 
 2484              	.LASF40:
 2485 0280 77616974 		.ascii	"waiting\000"
 2485      696E6700 
 2486              	.LASF150:
 2487 0288 6F66665F 		.ascii	"off_reserved\000"
 2487      72657365 
 2487      72766564 
 2487      00
 2488              	.LASF133:
 2489 0295 7A65726F 		.ascii	"zero\000"
 2489      00
 2490              	.LASF167:
 2491 029a 6D757465 		.ascii	"mutex_t\000"
 2491      785F7400 
 2492              	.LASF65:
 2493 02a2 73797369 		.ascii	"sysinterval_t\000"
 2493      6E746572 
 2493      76616C5F 
 2493      7400
 2494              	.LASF30:
 2495 02b0 636E745F 		.ascii	"cnt_t\000"
 2495      7400
 2496              	.LASF175:
 2497 02b6 63685654 		.ascii	"chVTGetSystemTimeX\000"
 2497      47657453 
 2497      79737465 
 2497      6D54696D 
 2497      655800
 2498              	.LASF0:
 2499 02c9 756E7369 		.ascii	"unsigned int\000"
 2499      676E6564 
 2499      20696E74 
 2499      00
 2500              	.LASF80:
 2501 02d6 6C725F74 		.ascii	"lr_thd\000"
 2501      686400
 2502              	.LASF125:
 2503 02dd 696E7374 		.ascii	"instances\000"
 2503      616E6365 
 2503      7300
 2504              	.LASF110:
 2505 02e7 77747365 		.ascii	"wtsemp\000"
 2505      6D7000
 2506              	.LASF12:
 2507 02ee 6C6F6E67 		.ascii	"long unsigned int\000"
 2507      20756E73 
 2507      69676E65 
 2507      6420696E 
 2507      7400
 2508              	.LASF33:
 2509 0300 72717565 		.ascii	"rqueue\000"
 2509      756500
 2510              	.LASF166:
 2511 0307 63685F64 		.ascii	"ch_debug\000"
 2511      65627567 
ARM GAS  C:\Users\nello\AppData\Local\Temp\ccYycJvt.s 			page 49


 2511      00
 2512              	.LASF156:
 2513 0310 6F66665F 		.ascii	"off_sys_reglist\000"
 2513      7379735F 
 2513      7265676C 
 2513      69737400 
 2514              	.LASF35:
 2515 0320 6E616D65 		.ascii	"name\000"
 2515      00
 2516              	.LASF100:
 2517 0325 71756575 		.ascii	"queue\000"
 2517      6500
 2518              	.LASF161:
 2519 032b 6F66665F 		.ascii	"off_inst_vtlist\000"
 2519      696E7374 
 2519      5F76746C 
 2519      69737400 
 2520              	.LASF45:
 2521 033b 6D706F6F 		.ascii	"mpool\000"
 2521      6C00
 2522              	.LASF157:
 2523 0341 6F66665F 		.ascii	"off_sys_rfcu\000"
 2523      7379735F 
 2523      72666375 
 2523      00
 2524              	.LASF134:
 2525 034e 73697A65 		.ascii	"size\000"
 2525      00
 2526              	.LASF147:
 2527 0353 6F66665F 		.ascii	"off_refs\000"
 2527      72656673 
 2527      00
 2528              	.LASF67:
 2529 035c 63685F6C 		.ascii	"ch_list_t\000"
 2529      6973745F 
 2529      7400
 2530              	.LASF47:
 2531 0366 63685F74 		.ascii	"ch_thread\000"
 2531      68726561 
 2531      6400
 2532              	.LASF152:
 2533 0370 696E7465 		.ascii	"intervalsize\000"
 2533      7276616C 
 2533      73697A65 
 2533      00
 2534              	.LASF42:
 2535 037d 6570656E 		.ascii	"epending\000"
 2535      64696E67 
 2535      00
 2536              	.LASF126:
 2537 0386 63685F73 		.ascii	"ch_system_t\000"
 2537      79737465 
 2537      6D5F7400 
 2538              	.LASF140:
 2539 0392 6F66665F 		.ascii	"off_ctx\000"
 2539      63747800 
 2540              	.LASF24:
ARM GAS  C:\Users\nello\AppData\Local\Temp\ccYycJvt.s 			page 50


 2541 039a 746D6F64 		.ascii	"tmode_t\000"
 2541      655F7400 
 2542              	.LASF68:
 2543 03a2 63685F6C 		.ascii	"ch_list\000"
 2543      69737400 
 2544              	.LASF115:
 2545 03aa 63685F72 		.ascii	"ch_ready_list\000"
 2545      65616479 
 2545      5F6C6973 
 2545      7400
 2546              	.LASF29:
 2547 03b8 6576656E 		.ascii	"eventmask_t\000"
 2547      746D6173 
 2547      6B5F7400 
 2548              	.LASF143:
 2549 03c4 6F66665F 		.ascii	"off_name\000"
 2549      6E616D65 
 2549      00
 2550              	.LASF59:
 2551 03cd 72666375 		.ascii	"rfcu_t\000"
 2551      5F7400
 2552              	.LASF84:
 2553 03d4 6C725F65 		.ascii	"lr_exc\000"
 2553      786300
 2554              	.LASF23:
 2555 03db 73746B61 		.ascii	"stkalign_t\000"
 2555      6C69676E 
 2555      5F7400
 2556              	.LASF121:
 2557 03e6 69646C65 		.ascii	"idlethread_base\000"
 2557      74687265 
 2557      61645F62 
 2557      61736500 
 2558              	.LASF97:
 2559 03f6 6C617374 		.ascii	"laststamp\000"
 2559      7374616D 
 2559      7000
 2560              	.LASF44:
 2561 0400 7265616C 		.ascii	"realprio\000"
 2561      7072696F 
 2561      00
 2562              	.LASF135:
 2563 0409 76657273 		.ascii	"version\000"
 2563      696F6E00 
 2564              	.LASF56:
 2565 0411 72666375 		.ascii	"rfcu_mask_t\000"
 2565      5F6D6173 
 2565      6B5F7400 
 2566              	.LASF22:
 2567 041d 7274636E 		.ascii	"rtcnt_t\000"
 2567      745F7400 
 2568              	.LASF102:
 2569 0425 74687265 		.ascii	"thread_reference_t\000"
 2569      61645F72 
 2569      65666572 
 2569      656E6365 
 2569      5F7400
ARM GAS  C:\Users\nello\AppData\Local\Temp\ccYycJvt.s 			page 51


 2570              	.LASF94:
 2571 0438 63685F76 		.ascii	"ch_virtual_timers_list\000"
 2571      69727475 
 2571      616C5F74 
 2571      696D6572 
 2571      735F6C69 
 2572              	.LASF169:
 2573 044f 6F696370 		.ascii	"oicp\000"
 2573      00
 2574              	.LASF141:
 2575 0454 6F66665F 		.ascii	"off_newer\000"
 2575      6E657765 
 2575      7200
 2576              	.LASF155:
 2577 045e 6F66665F 		.ascii	"off_sys_instances\000"
 2577      7379735F 
 2577      696E7374 
 2577      616E6365 
 2577      7300
 2578              	.LASF20:
 2579 0470 706F7274 		.ascii	"port_rtcnt_t\000"
 2579      5F727463 
 2579      6E745F74 
 2579      00
 2580              	.LASF127:
 2581 047d 7466756E 		.ascii	"tfunc_t\000"
 2581      635F7400 
 2582              	.LASF118:
 2583 0485 63685F6F 		.ascii	"ch_os_instance_config\000"
 2583      735F696E 
 2583      7374616E 
 2583      63655F63 
 2583      6F6E6669 
 2584              	.LASF128:
 2585 049b 77626173 		.ascii	"wbase\000"
 2585      6500
 2586              	.LASF79:
 2587 04a1 706F7274 		.ascii	"port_extctx\000"
 2587      5F657874 
 2587      63747800 
 2588              	.LASF88:
 2589 04ad 746D5F63 		.ascii	"tm_calibration_t\000"
 2589      616C6962 
 2589      72617469 
 2589      6F6E5F74 
 2589      00
 2590              	.LASF170:
 2591 04be 69646C65 		.ascii	"idle_descriptor\000"
 2591      5F646573 
 2591      63726970 
 2591      746F7200 
 2592              	.LASF119:
 2593 04ce 6D61696E 		.ascii	"mainthread_base\000"
 2593      74687265 
 2593      61645F62 
 2593      61736500 
 2594              	.LASF75:
ARM GAS  C:\Users\nello\AppData\Local\Temp\ccYycJvt.s 			page 52


 2595 04de 7072696F 		.ascii	"prio\000"
 2595      00
 2596              	.LASF83:
 2597 04e3 62617365 		.ascii	"basepri\000"
 2597      70726900 
 2598              	.LASF116:
 2599 04eb 63757272 		.ascii	"current\000"
 2599      656E7400 
 2600              	.LASF189:
 2601 04f3 706F7274 		.ascii	"port_wait_for_interrupt\000"
 2601      5F776169 
 2601      745F666F 
 2601      725F696E 
 2601      74657272 
 2602              	.LASF13:
 2603 050b 5F5F7569 		.ascii	"__uint64_t\000"
 2603      6E743634 
 2603      5F7400
 2604              	.LASF31:
 2605 0516 636F7265 		.ascii	"core_id_t\000"
 2605      5F69645F 
 2605      7400
 2606              	.LASF26:
 2607 0520 74726566 		.ascii	"trefs_t\000"
 2607      735F7400 
 2608              	.LASF165:
 2609 0528 63686465 		.ascii	"chdebug_t\000"
 2609      6275675F 
 2609      7400
 2610              	.LASF28:
 2611 0532 6D73675F 		.ascii	"msg_t\000"
 2611      7400
 2612              	.LASF27:
 2613 0538 74707269 		.ascii	"tprio_t\000"
 2613      6F5F7400 
 2614              	.LASF158:
 2615 0540 6F66665F 		.ascii	"off_sys_reserved\000"
 2615      7379735F 
 2615      72657365 
 2615      72766564 
 2615      00
 2616              	.LASF138:
 2617 0551 74687265 		.ascii	"threadsize\000"
 2617      61647369 
 2617      7A6500
 2618              	.LASF168:
 2619 055c 5F426F6F 		.ascii	"_Bool\000"
 2619      6C00
 2620              	.LASF17:
 2621 0562 696E7433 		.ascii	"int32_t\000"
 2621      325F7400 
 2622              	.LASF4:
 2623 056a 756E7369 		.ascii	"unsigned char\000"
 2623      676E6564 
 2623      20636861 
 2623      7200
 2624              	.LASF139:
ARM GAS  C:\Users\nello\AppData\Local\Temp\ccYycJvt.s 			page 53


 2625 0578 6F66665F 		.ascii	"off_prio\000"
 2625      7072696F 
 2625      00
 2626              	.LASF144:
 2627 0581 6F66665F 		.ascii	"off_stklimit\000"
 2627      73746B6C 
 2627      696D6974 
 2627      00
 2628              	.LASF185:
 2629 058e 2E2E2F2E 		.ascii	"../../chibios2111/os/rt/src/chinstances.c\000"
 2629      2E2F6368 
 2629      6962696F 
 2629      73323131 
 2629      312F6F73 
 2630              	.LASF180:
 2631 05b8 63685F71 		.ascii	"ch_queue_init\000"
 2631      75657565 
 2631      5F696E69 
 2631      7400
 2632              	.LASF5:
 2633 05c6 73686F72 		.ascii	"short int\000"
 2633      7420696E 
 2633      7400
 2634              	.LASF96:
 2635 05d0 6C617374 		.ascii	"lasttime\000"
 2635      74696D65 
 2635      00
 2636              	.LASF171:
 2637 05d9 5F5F6964 		.ascii	"__idle_thread\000"
 2637      6C655F74 
 2637      68726561 
 2637      6400
 2638              	.LASF81:
 2639 05e7 78707372 		.ascii	"xpsr\000"
 2639      00
 2640              	.LASF112:
 2641 05ec 65776D61 		.ascii	"ewmask\000"
 2641      736B00
 2642              	.LASF124:
 2643 05f3 63685F73 		.ascii	"ch_system\000"
 2643      79737465 
 2643      6D00
 2644              	.LASF188:
 2645 05fd 5F5F6675 		.ascii	"__func__\000"
 2645      6E635F5F 
 2645      00
 2646              	.LASF163:
 2647 0606 6F66665F 		.ascii	"off_inst_core_id\000"
 2647      696E7374 
 2647      5F636F72 
 2647      655F6964 
 2647      00
 2648              	.LASF113:
 2649 0617 63685F73 		.ascii	"ch_semaphore\000"
 2649      656D6170 
 2649      686F7265 
 2649      00
ARM GAS  C:\Users\nello\AppData\Local\Temp\ccYycJvt.s 			page 54


 2650              	.LASF149:
 2651 0624 6F66665F 		.ascii	"off_time\000"
 2651      74696D65 
 2651      00
 2652              	.LASF101:
 2653 062d 72656769 		.ascii	"registry_t\000"
 2653      73747279 
 2653      5F7400
 2654              	.LASF18:
 2655 0638 75696E74 		.ascii	"uint32_t\000"
 2655      33325F74 
 2655      00
 2656              	.LASF111:
 2657 0641 77746D74 		.ascii	"wtmtxp\000"
 2657      787000
 2658              	.LASF21:
 2659 0648 706F7274 		.ascii	"port_stkalign_t\000"
 2659      5F73746B 
 2659      616C6967 
 2659      6E5F7400 
 2660              	.LASF34:
 2661 0658 6F776E65 		.ascii	"owner\000"
 2661      7200
 2662              	.LASF86:
 2663 065e 72656773 		.ascii	"regs\000"
 2663      00
 2664              	.LASF2:
 2665 0663 6C6F6E67 		.ascii	"long double\000"
 2665      20646F75 
 2665      626C6500 
 2666              	.LASF36:
 2667 066f 77616261 		.ascii	"wabase\000"
 2667      736500
 2668              	.LASF62:
 2669 0676 63686172 		.ascii	"char\000"
 2669      00
 2670              	.LASF159:
 2671 067b 6F66665F 		.ascii	"off_inst_rlist_current\000"
 2671      696E7374 
 2671      5F726C69 
 2671      73745F63 
 2671      75727265 
 2672              	.LASF89:
 2673 0692 63685F73 		.ascii	"ch_sys_uninit\000"
 2673      79735F75 
 2673      6E696E69 
 2673      7400
 2674              	.LASF54:
 2675 06a0 636F6E66 		.ascii	"config\000"
 2675      696700
 2676              	.LASF184:
 2677 06a7 474E5520 		.ascii	"GNU C17 10.3.1 20210824 (release) -mcpu=cortex-m4 -"
 2677      43313720 
 2677      31302E33 
 2677      2E312032 
 2677      30323130 
 2678 06da 6D746875 		.ascii	"mthumb -mfloat-abi=soft -march=armv7e-m -ggdb -O0 -"
ARM GAS  C:\Users\nello\AppData\Local\Temp\ccYycJvt.s 			page 55


 2678      6D62202D 
 2678      6D666C6F 
 2678      61742D61 
 2678      62693D73 
 2679 070d 666F6D69 		.ascii	"fomit-frame-pointer -falign-functions=16 -ffunction"
 2679      742D6672 
 2679      616D652D 
 2679      706F696E 
 2679      74657220 
 2680 0740 2D736563 		.ascii	"-sections -fdata-sections -fno-common -flto\000"
 2680      74696F6E 
 2680      73202D66 
 2680      64617461 
 2680      2D736563 
 2681              	.LASF7:
 2682 076c 5F5F7569 		.ascii	"__uint16_t\000"
 2682      6E743136 
 2682      5F7400
 2683              	.LASF32:
 2684 0777 74687265 		.ascii	"thread_t\000"
 2684      61645F74 
 2684      00
 2685              	.LASF95:
 2686 0780 646C6973 		.ascii	"dlist\000"
 2686      7400
 2687              	.LASF64:
 2688 0786 73797374 		.ascii	"systime_t\000"
 2688      696D655F 
 2688      7400
 2689              	.LASF9:
 2690 0790 5F5F696E 		.ascii	"__int32_t\000"
 2690      7433325F 
 2690      7400
 2691              	.LASF61:
 2692 079a 70616E69 		.ascii	"panic_msg\000"
 2692      635F6D73 
 2692      6700
 2693              	.LASF104:
 2694 07a4 70717565 		.ascii	"pqueue\000"
 2694      756500
 2695              	.LASF48:
 2696 07ab 63685F6F 		.ascii	"ch_os_instance\000"
 2696      735F696E 
 2696      7374616E 
 2696      636500
 2697              	.LASF87:
 2698 07ba 6F666673 		.ascii	"offset\000"
 2698      657400
 2699              	.LASF186:
 2700 07c1 433A5C43 		.ascii	"C:\\ChibiStudio\\workspace_user\\GestureLogicv4\000"
 2700      68696269 
 2700      53747564 
 2700      696F5C77 
 2700      6F726B73 
 2701              	.LASF142:
 2702 07ee 6F66665F 		.ascii	"off_older\000"
 2702      6F6C6465 
ARM GAS  C:\Users\nello\AppData\Local\Temp\ccYycJvt.s 			page 56


 2702      7200
 2703              	.LASF51:
 2704 07f8 7265676C 		.ascii	"reglist\000"
 2704      69737400 
 2705              	.LASF8:
 2706 0800 73686F72 		.ascii	"short unsigned int\000"
 2706      7420756E 
 2706      7369676E 
 2706      65642069 
 2706      6E7400
 2707              	.LASF92:
 2708 0813 63685F73 		.ascii	"ch_sys_halted\000"
 2708      79735F68 
 2708      616C7465 
 2708      6400
 2709              	.LASF74:
 2710 0821 63685F70 		.ascii	"ch_priority_queue\000"
 2710      72696F72 
 2710      6974795F 
 2710      71756575 
 2710      6500
 2711              	.LASF176:
 2712 0833 706F7274 		.ascii	"port_timer_get_time\000"
 2712      5F74696D 
 2712      65725F67 
 2712      65745F74 
 2712      696D6500 
 2713              	.LASF85:
 2714 0847 706F7274 		.ascii	"port_context\000"
 2714      5F636F6E 
 2714      74657874 
 2714      00
 2715              	.LASF178:
 2716 0854 646C6870 		.ascii	"dlhp\000"
 2716      00
 2717              	.LASF120:
 2718 0859 6D61696E 		.ascii	"mainthread_end\000"
 2718      74687265 
 2718      61645F65 
 2718      6E6400
 2719              	.LASF151:
 2720 0868 696E7463 		.ascii	"intctxsize\000"
 2720      74787369 
 2720      7A6500
 2721              	.LASF136:
 2722 0873 70747273 		.ascii	"ptrsize\000"
 2722      697A6500 
 2723              	.LASF179:
 2724 087b 63685F70 		.ascii	"ch_pqueue_init\000"
 2724      71756575 
 2724      655F696E 
 2724      697400
 2725              	.LASF114:
 2726 088a 63685F6D 		.ascii	"ch_mutex\000"
 2726      75746578 
 2726      00
 2727              	.LASF77:
ARM GAS  C:\Users\nello\AppData\Local\Temp\ccYycJvt.s 			page 57


 2728 0893 63685F64 		.ascii	"ch_delta_list\000"
 2728      656C7461 
 2728      5F6C6973 
 2728      7400
 2729              	.LASF173:
 2730 08a1 5F5F7674 		.ascii	"__vt_object_init\000"
 2730      5F6F626A 
 2730      6563745F 
 2730      696E6974 
 2730      00
 2731              	.LASF183:
 2732 08b2 72666375 		.ascii	"rfcup\000"
 2732      7000
 2733              	.LASF154:
 2734 08b8 6F66665F 		.ascii	"off_sys_state\000"
 2734      7379735F 
 2734      73746174 
 2734      6500
 2735              	.LASF15:
 2736 08c6 75696E74 		.ascii	"uint8_t\000"
 2736      385F7400 
 2737              	.LASF38:
 2738 08ce 666C6167 		.ascii	"flags\000"
 2738      7300
 2739              	.LASF107:
 2740 08d4 77746F62 		.ascii	"wtobjp\000"
 2740      6A7000
 2741              	.LASF145:
 2742 08db 6F66665F 		.ascii	"off_state\000"
 2742      73746174 
 2742      6500
 2743              	.LASF162:
 2744 08e5 6F66665F 		.ascii	"off_inst_reglist\000"
 2744      696E7374 
 2744      5F726567 
 2744      6C697374 
 2744      00
 2745              	.LASF153:
 2746 08f6 696E7374 		.ascii	"instancesnum\000"
 2746      616E6365 
 2746      736E756D 
 2746      00
 2747              	.LASF103:
 2748 0903 6C697374 		.ascii	"list\000"
 2748      00
 2749              	.LASF93:
 2750 0908 73797374 		.ascii	"system_state_t\000"
 2750      656D5F73 
 2750      74617465 
 2750      5F7400
 2751              	.LASF146:
 2752 0917 6F66665F 		.ascii	"off_flags\000"
 2752      666C6167 
 2752      7300
 2753              	.LASF122:
 2754 0921 69646C65 		.ascii	"idlethread_end\000"
 2754      74687265 
ARM GAS  C:\Users\nello\AppData\Local\Temp\ccYycJvt.s 			page 58


 2754      61645F65 
 2754      6E6400
 2755              	.LASF43:
 2756 0930 6D74786C 		.ascii	"mtxlist\000"
 2756      69737400 
 2757              		.text
 2758              		.section	.gnu.lto_.inline.71a48b7f,"e",%progbits
 2759 0000 789CBBCB 		.ascii	"x\234\273\313\310\000\007\334\014\014,\015@\300\234"
 2759      C80007DC 
 2759      0C0C2C0D 
 2759      40C09C
 2760 000f C2C0C004 		.ascii	"\302\300\300\004g\26104\002YuL\014L@%\214\004U01\260"
 2760      67B13034 
 2760      0259754C 
 2760      0C4C4025 
 2760      8C045530 
 2761 0025 82C49952 		.ascii	"\202\304\231R\201L6\030\013E\0053\003H\374\000X\005"
 2761      814C3618 
 2761      0B450533 
 2761      0348FC00 
 2761      5805
 2762 0037 078C85A2 		.ascii	"\007\214\205\242\202\205\240\012V\260-\013\230\323\200"
 2762      8285A00A 
 2762      56B02D0B 
 2762      98D380
 2763 0046 2A98C0B6 		.ascii	"*\230\300\266`\270\203\033\344\334\011~l@\036X\030\344"
 2763      60B8831B 
 2763      E4DC097E 
 2763      6C401E58 
 2763      18E4
 2764 0058 34180B45 		.ascii	"4\030\013E%;qf1p\020\251\216\223\201\013(\264\2019\035"
 2764      253B7166 
 2764      317010A9 
 2764      8E93810B 
 2764      28B48139 
 2765 006d A7EB21EA 		.ascii	"\247\353!\352`.\344b\320\004\251b\316\004\012\251\201"
 2765      602EE462 
 2765      D004A962 
 2765      CE040AA9 
 2765      81
 2766 007e D5A763F5 		.ascii	"\325\247c\365\013\003\033?(l&\370M\360Ch&\226f\000\000"
 2766      0B031B3F 
 2766      286C26F8 
 2766      4DF04368 
 2766      26966600 
 2767 0093 72865E84 		.ascii	"r\206^\204"
 2768              		.text
 2769              		.section	.gnu.lto_.jmpfuncs.71a48b7f,"e",%progbits
 2770 0000 789C6362 		.ascii	"x\234cb@\006\000\000*\000\003"
 2770      40060000 
 2770      2A0003
 2771              		.text
 2772              		.section	.gnu.lto_.lto.71a48b7f,"e",%progbits
 2773 0000 09000400 		.ascii	"\011\000\004\000\001\000\000\000"
 2773      01000000 
 2774              		.text
 2775              		.section	.gnu.lto___rfcu_object_init.0.71a48b7f,"e",%progbits
ARM GAS  C:\Users\nello\AppData\Local\Temp\ccYycJvt.s 			page 59


 2776 0000 789C4D4F 		.ascii	"x\234MO=K\003A\020\235\271I\202\242\275X\251(H\012\357"
 2776      3D4B0341 
 2776      109DB949 
 2776      82A2BD58 
 2776      A928480A 
 2777 0015 722A126C 		.ascii	"r*\022lS\244\261\263\223\200&\233\323\034J.\334\207"
 2777      53A4B1B3 
 2777      9380269B 
 2777      D31C4A2E 
 2777      DC87
 2778 0027 29B32A82 		.ascii	")\263*\202\330Dc'j!\207\244\263\322Dm\362\023\304J\260"
 2778      D8446327 
 2778      6A2187A4 
 2778      B3D2446D 
 2778      F213C44A 
 2779 003c D0CA4EC1 		.ascii	"\320\312N\301\200b!\234s1\242\303\016\373\336\333\371"
 2779      8062219C 
 2779      7331A2C3 
 2779      0EFBDEDB 
 2779      F9
 2780 004d 78FB0100 		.ascii	"x\373\001\000e\316\021N \300\332\376\256\002A\020T\""
 2780      65CE114E 
 2780      20C0DAFE 
 2780      AE024110 
 2780      5422
 2781 005f 0A6E8CE1 		.ascii	"\012n\214\341\025v0BE\301\012\036P\\J\371\271}x\277"
 2781      15763042 
 2781      45C10A1E 
 2781      505C4AF9 
 2781      B97D78BF 
 2782 0073 D527EB2D 		.ascii	"\325'\353-\364\011\340\204\340'\216\010k\344\023b\244"
 2782      F409E084 
 2782      E0278E08 
 2782      6BE41362 
 2782      A4
 2783 0084 8B141C66 		.ascii	"\213\024\034fD\0130\336\222\362\366\261)e/\370D\330"
 2783      440B30DE 
 2783      92F2F6B1 
 2783      29652FF8 
 2783      44D8
 2784 0096 40EEC14B 		.ascii	"@\356\301K\304\013\204PX\332\031\004\210\375Nb\015\316"
 2784      C40B8450 
 2784      58DA1904 
 2784      88FD4E62 
 2784      0DCE
 2785 00a8 EFA22DF9 		.ascii	"\357\242-\371\025T\245|\177\306\207Q\266\202M\326\253"
 2785      1554A57C 
 2785      7FC68751 
 2785      B6824DD6 
 2785      AB
 2786 00b9 143AEBC4 		.ascii	"\024:\353\304\020\323=R\376(\302+n\266\233/o\324\335"
 2786      10D33D52 
 2786      FE28C22B 
 2786      6EB69B2F 
 2786      6FD4DD
 2787 00cc 4E183A3A 		.ascii	"N\030::C6\\\357\367)r\312~\256\021\022\314{|\212\342"
 2787      43365CEF 
ARM GAS  C:\Users\nello\AppData\Local\Temp\ccYycJvt.s 			page 60


 2787      F72972CA 
 2787      7EAE1112 
 2787      CC7B7C8A 
 2788 00e1 0D1E87FB 		.ascii	"\015\036\207\373\302\322\030\017k\343\346S#\335\371"
 2788      C2D2180F 
 2788      6BE3E653 
 2788      23DDF9
 2789 00f0 4895F0FF 		.ascii	"H\225\360\377\032\200\211\324l&U0s\346\274\353\345M"
 2789      1A8089D4 
 2789      6C265530 
 2789      73E6BCEB 
 2789      E54D
 2790 0102 2B53B6EC 		.ascii	"+S\266\354U\247\224\025\306\242\347\030v&m8\256g\033"
 2790      55A79415 
 2790      C6A2E718 
 2790      76266D38 
 2790      AE671B
 2791 0115 73D68A29 		.ascii	"s\326\212)\326\247!\256\252\032\037\0216X\316\244\256"
 2791      D6A721AE 
 2791      AA1A1F11 
 2791      3658CEA4 
 2791      AE
 2792 0126 EB9AE568 		.ascii	"\353\232\345h\266\253\231E\261\346\345\015~\261\227"
 2792      B6AB9945 
 2792      B1E6E50D 
 2792      7EB197
 2793 0135 85A71620 		.ascii	"\205\247\026 \032\336\245\001\256,:n\266(\014G\025j"
 2793      1ADEA501 
 2793      AE2C3A6E 
 2793      B6280C47 
 2793      156A
 2794 0147 52CFCD24 		.ascii	"R\317\315$\246\222\011\370\006\006\206\206k"
 2794      A69209F8 
 2794      06068686 
 2794      6B
 2795              		.text
 2796              		.section	.gnu.lto___dbg_object_init.1.71a48b7f,"e",%progbits
 2797 0000 789C4D4F 		.ascii	"x\234MO1K\303P\020\276\3135\242\370\003tSA(\012&\215"
 2797      314BC350 
 2797      10BECB35 
 2797      A2F80374 
 2797      5341280A 
 2798 0016 8A14D70E 		.ascii	"\212\024\327\016.\342\342h\241\264\311\243\015JS\362"
 2798      2EE2E268 
 2798      A1B4C9A3 
 2798      0D4A53F2 
 2799 0026 923AF629 		.ascii	"\222:\366)\210\342R\255\223\242\202\032\244\233\203"
 2799      88E252AD 
 2799      93A2821A 
 2799      A49B83
 2800 0035 A8559722 		.ascii	"\250U\227\"\270\213\273\340&.\035:\210\203\020_jE\217"
 2800      B88BBBE0 
 2800      262E1D3A 
 2800      8883105F 
 2800      6A458F
 2801 0048 3BF8BE7B 		.ascii	";\370\276{w\367}\357\003\000\312\262Fd\001\001\326v"
 2801      77F77DEF 
ARM GAS  C:\Users\nello\AppData\Local\Temp\ccYycJvt.s 			page 61


 2801      0300CAB2 
 2801      46640101 
 2801      D676
 2802 005a B71508C3 		.ascii	"\267\025\010\303\260\022Spm\024o\261\203\021*\012Vp"
 2802      B0125370 
 2802      6D146FB1 
 2802      83112A0A 
 2802      5670
 2803 006c 8FC68410 		.ascii	"\217\306\204\020\237\033\007[\233\375\242\336\304\200"
 2803      9F1B075B 
 2803      9BFDA2DE 
 2803      C480
 2804 007a 008E097E 		.ascii	"\000\216\011~\342\220\260F\001!\306\272H\301a\211h\011"
 2804      E290B046 
 2804      0121C6BA 
 2804      48C16189 
 2804      6809
 2805 008c E24D219E 		.ascii	"\342M!\236Z\015!\372  \302\033\224;x\215x\205\02052"
 2805      5A0D21FA 
 2805      2020C21B 
 2805      943B788D 
 2805      78851035 
 2806 00a1 EF83003D 		.ascii	"\357\203\000=\277\227d\017.\236\325\246\370\012\253"
 2806      BF97640F 
 2806      2E9ED5A6 
 2806      F80AAB
 2807 00b0 42BCBCE1 		.ascii	"B\274\274\341~\\Z\301\206\354W)r\326\211!IwH\371\243"
 2807      7E5C5AC1 
 2807      86EC5729 
 2807      72D68921 
 2807      497748F9 
 2808 00c5 082D7C68 		.ascii	"\010-|h7\036\317\324\256:a\344\350\034\245\341\272\244"
 2808      371ECFD4 
 2808      AE3A61E4 
 2808      E81CA5E1 
 2808      BAA4
 2809 00d7 B153E9E7 		.ascii	"\261S\351\347\016!q\"Do@*\336\343Q\244\027\215\252\362"
 2809      0E217122 
 2809      446F402A 
 2809      DEE351A4 
 2809      178DAAF2 
 2810 00eb 581BD75F 		.ascii	"X\033\327_/\027:\037\251\022\376\227\001\230H\315\246"
 2810      2F173A1F 
 2810      A912FE97 
 2810      019848CD 
 2810      A6
 2811 00fc 53053B67 		.ascii	"S\005;g/z\276e;\351U\307]\346\245\254\3112>gnz\216q"
 2811      2F7ABE65 
 2811      3BE955C7 
 2811      5DE6A5AC 
 2811      C9323E67 
 2812 0114 CF77D9BC 		.ascii	"\317w\331\274\223\267\315\3624\214k\232.\323\214\026"
 2812      93B7CDF2 
 2812      348C6B9A 
 2812      2ED38C16 
 2813 0124 1C3E6918 		.ascii	"\034>i\030\206\356p\335\365t\273h\256\370\026\223/\026"
 2813      86EE70DD 
ARM GAS  C:\Users\nello\AppData\Local\Temp\ccYycJvt.s 			page 62


 2813      F574BB68 
 2813      AEF81693 
 2813      2F16
 2814 0136 CBF979AD 		.ascii	"\313\371y\255\000\304\255\322\200\034,r/[4\031\327L"
 2814      00C4ADD2 
 2814      801C2C72 
 2814      2F5B3419 
 2814      D74C
 2815 0148 2D69E466 		.ascii	"-i\344f\022S\311\004|\003 E\205\233"
 2815      1253C904 
 2815      7C032045 
 2815      859B
 2816              		.text
 2817              		.section	.gnu.lto_ch_queue_init.19.71a48b7f,"e",%progbits
 2818 0000 789C754F 		.ascii	"x\234uO=K\003A\020\235\331ID\361\007h\347\007BP\360"
 2818      3D4B0341 
 2818      109DD949 
 2818      44F10768 
 2818      E7074250 
 2819 0015 2EA722C1 		.ascii	".\247\"\3016\205\215`aiP\222\313a\016C.\336\336i\231"
 2819      36858D60 
 2819      61695092 
 2819      CB610E43 
 2819      2EDEDE69 
 2820 002a 3520824D 		.ascii	"5 \202M4b\023\324B\016\261\263R\023E\011\330Y\251`+"
 2820      346213D4 
 2820      420EB1B3 
 2820      52134509 
 2820      D859A960 
 2821 003f 16225616 		.ascii	"\026\"V\026V\012\302\271\227D\264q\330\2057o\336\333"
 2821      560AC2B9 
 2821      9744B471 
 2821      D885376F 
 2821      DEDB
 2822 0051 79DB8F00 		.ascii	"y\333\217\000.\000\364\311\013\004X\336\332`\340\373"
 2822      2E00F4C9 
 2822      0B0458DE 
 2822      DA60E0FB 
 2823 0061 7E21C470 		.ascii	"~!\304pu\000k\330\300\010\005\206\005\334\246A!\304"
 2823      75006BD8 
 2823      C0080586 
 2823      05DCA641 
 2823      21C4
 2824 0073 C75AE56A 		.ascii	"\307Z\345j\275S\034\325\321#\200}\202f\355\022\226\311"
 2824      BD531CD5 
 2824      D123807D 
 2824      8266ED12 
 2824      96C9
 2825 0085 23C4500B 		.ascii	"#\304P\0131\354\225\210f!R\027\342\366\261*D\007xDx"
 2825      31EC9588 
 2825      66215217 
 2825      E2F6B12A 
 2825      44077844 
 2826 009a 86D283A7 		.ascii	"\206\322\203\247\210'r\267$\346\356\272\001\332~^\222"
 2826      882772B7 
 2826      24E6EEBA 
 2826      01DA7E5E 
ARM GAS  C:\Users\nello\AppData\Local\Temp\ccYycJvt.s 			page 63


 2826      92
 2827 00ab 1C1CDF87 		.ascii	"\034\034\337\207\353\342\313/\011\361\360\2027\2210"
 2827      EBE2CB2F 
 2827      09F1F082 
 2827      379130
 2828 00ba 43AC4ABE 		.ascii	"C\254J\276DA\262F\365\310v\223\330o\213\360\206\305"
 2828      4441B246 
 2828      F5C87693 
 2828      D86F8BF0 
 2828      86C5
 2829 00cc 4AEDF99A 		.ascii	"J\355\371\232Z\333\011\203D\207(\003\2772\217B\0072"
 2829      5ADB0983 
 2829      44872803 
 2829      BF328F42 
 2829      0732
 2830 00de CF394254 		.ascii	"\3179BT\366\355\301\364\002\367\202}\222n8?\233\316"
 2830      F6EDC1F4 
 2830      02F7827D 
 2830      926E383F 
 2830      9BCE
 2831 00f0 FFF59752 		.ascii	"\377\365\227R\217M\375;\026\237v\246\033\237.\021\376"
 2831      8F4DFD3B 
 2831      169F76A6 
 2831      1B9F2E11 
 2831      FE
 2832 0101 8D04301C 		.ascii	"\215\0040\034\237H\3043f\312\234q\334\264i%V,{\221\347"
 2832      9F48C433 
 2832      66CA9C71 
 2832      DCB46925 
 2832      562C7B91 
 2833 0116 93BA31EF 		.ascii	"\223\2721\357r\303NL\032\334qmc\312Z0\365\3451\030R"
 2833      72C34E4C 
 2833      1ADC716D 
 2833      63CA5A30 
 2833      F5E53118 
 2834 012b 14551E3D 		.ascii	"\024U\036=0X|D\3234\325\342\252\355\250fN\317\272iC"
 2834      30587C44 
 2834      D334D5E2 
 2834      AAEDA866 
 2834      4ECFBA69 
 2835 0140 4EB22677 		.ascii	"N\262&w\270\222\001\266\224\357\222\272\034w\2229\335"
 2835      B89201B6 
 2835      94EF92BA 
 2835      1C779239 
 2835      DD
 2836 0151 E08AAEC4 		.ascii	"\340\212\256\304\264\324xt4\026\205o\342Y\222\236"
 2836      B4D47874 
 2836      3416856F 
 2836      E259929E 
 2837              		.text
 2838              		.section	.gnu.lto_ch_pqueue_init.26.71a48b7f,"e",%progbits
 2839 0000 789C7D50 		.ascii	"x\234}P=K\003A\020\235\271M\202\342\017\320N\005AT\274"
 2839      3D4B0341 
 2839      109DB94D 
 2839      82E20FD0 
 2839      4E054154 
 2840 0015 CBA948B0 		.ascii	"\313\251H\260Mac'\2441\020\222\313a\016C.\336^b\231"
ARM GAS  C:\Users\nello\AppData\Local\Temp\ccYycJvt.s 			page 64


 2840      4D616327 
 2840      A4311092 
 2840      CB610E43 
 2840      2EDE5E62 
 2841 002a 3560A345 		.ascii	"5`\243E4vA-$H\032\261\322$\212\230\237 Bll\354\254\264"
 2841      3476412D 
 2841      24481AB1 
 2841      D2248A98 
 2841      9F20426C 
 2842 0042 48154138 		.ascii	"H\025A8\347.\361\243\321e\027\346\275yo\347\355F\020"
 2842      E72EF1A3 
 2842      D16517E6 
 2842      BD796FE7 
 2842      ED4610
 2843 0055 200F00E3 		.ascii	" \017\000\343t\200\001\226\017v%p\034\247\340\223p{"
 2843      74800196 
 2843      0F762570 
 2843      1CA7E093 
 2843      707B
 2844 0067 029BE8D5 		.ascii	"\002\233\350\325\010\005\011\013x\310\246\204\020\335"
 2844      0805090B 
 2844      78C8A684 
 2844      10DD
 2845 0075 9D4A6D6F 		.ascii	"\235JmoH\324ZXe\000'\014z\353\210a\231U\031\242\257"
 2845      48D45A58 
 2845      6500270C 
 2845      7AEB8861 
 2845      995519A2 
 2846 008a 5F493846 		.ascii	"_I8F\025[\203\311\226\020\367\335\206\020\203Pe\014"
 2846      155B83C9 
 2846      9610F7DD 
 2846      86108350 
 2846      650C
 2847 009c EB481EBC 		.ascii	"\353H\036\274B\274\244\331D\304\352#\000\201\257\233"
 2847      42BCA4D9 
 2847      44C4EA23 
 2847      0081AF9B 
 2848 00ac 88838B07 		.ascii	"\210\203\213\007\177K|8%!^_\360|& !6\210/17\231\267"
 2848      7F4B7C38 
 2848      25215E5F 
 2848      F07C2620 
 2848      2136882F 
 2849 00c4 4609EE33 		.ascii	"F\011\3563\351\007\"\274a\261\322l\267Y\177:C7\321\031"
 2849      E90722BC 
 2849      61B1D26C 
 2849      B7597F3A 
 2849      4337D119 
 2850 00d8 52E01A41 		.ascii	"R\340\032A\337)\345\271F\010\022\036p\2737x\354\316"
 2850      DF29E5B9 
 2850      4608121E 
 2850      70BB3778 
 2850      ECCE
 2851 00ea 23DA73BE 		.ascii	"#\332s\276\367\234\177\353oI\217\337\372N\343\361_\275"
 2851      F79C7FEB 
 2851      6F498FDF 
 2851      FA4EE3F1 
 2851      5FBD
ARM GAS  C:\Users\nello\AppData\Local\Temp\ccYycJvt.s 			page 65


 2852 00fc 1FEF482F 		.ascii	"\037\357H/\001\270Q\002\344\353`\361\371)\342}T\211"
 2852      01B85102 
 2852      E4EB60F1 
 2852      F929E27D 
 2852      5489
 2853 010e E1EF6700 		.ascii	"\341\357g\000\314\206\227\242\341\224\2210V\355\\\322"
 2853      CC8697A2 
 2853      E1949130 
 2853      56ED5CD2 
 2854 011e 30A35BA6 		.ascii	"0\243[\246\265\301\263qM\217\345\270nE\227un\347,}\305"
 2854      B5C1B371 
 2854      4D8FE5B8 
 2854      6E459775 
 2854      6EE72C7D 
 2855 0133 5C37B4FC 		.ascii	"\\7\264\374\002L\313\262B[s\015&\237SUU1\271b\331\212"
 2855      024CCBB2 
 2855      425B730D 
 2855      269F5355 
 2855      5531B962 
 2856 0149 91D1D2B9 		.ascii	"\221\321\322\271\244N\235\264\301m.\247\200e7\263\303"
 2856      A44E9DB4 
 2856      C16D2EA7 
 2856      806537B3 
 2856      C3
 2857 015a 24CC703B 		.ascii	"$\314p;\236\321t.krHM,\006\347CA\370\004\204J\242\\"
 2857      9ED1742E 
 2857      6B72484D 
 2857      2C06E743 
 2857      41F80484 
 2858              		.text
 2859              		.section	.gnu.lto_ch_dlist_init.30.71a48b7f,"e",%progbits
 2860 0000 789C7D50 		.ascii	"x\234}P=K\003A\020\235\271\275\004\305\302R;\025\004"
 2860      3D4B0341 
 2860      109DB9BD 
 2860      04C5C252 
 2860      3B1504
 2861 0013 51C825A7 		.ascii	"Q\310%\247\"\3016\205\215\235\235\011hr9\314a\310\205"
 2861      22C13685 
 2861      8D9D9D09 
 2861      687239CC 
 2861      61C885
 2862 0026 EC9D29B3 		.ascii	"\354\235)\263\0126\202Dc\027\242\205\004\261\263R\023"
 2862      0A368244 
 2862      6317A285 
 2862      04B1B352 
 2862      13
 2863 0037 45923F20 		.ascii	"E\222? \210\245\215v\012B\204\024\242 \234s\227\370"
 2863      88A58D76 
 2863      0A428414 
 2863      A2209C73 
 2863      97F8
 2864 0049 D1E8B00B 		.ascii	"\321\350\260\013\363f\336\333y;\213\010\220\007\200"
 2864      F366DEDB 
 2864      793B8B08 
 2864      900780
 2865 0058 11BAC000 		.ascii	"\021\272\300\000K\273[\0228\216S\220%\\\037\305:z9B"
 2865      4BBB5B12 
ARM GAS  C:\Users\nello\AppData\Local\Temp\ccYycJvt.s 			page 66


 2865      388E5390 
 2865      255C1FC5 
 2865      3A7A3942 
 2866 006c 41C202EE 		.ascii	"A\302\002\356\261q!\304\333f\371n\273O\0347\261\312"
 2866      B17121C4 
 2866      DB66F96E 
 2866      BB4F1C37 
 2866      B1CA
 2867 007e 000E1874 		.ascii	"\000\016\030t\242\302\260\304\252\014Q\356f\022\016"
 2867      A2C2B0C4 
 2867      AA0C51EE 
 2867      66120E
 2868 008d 53C6A230 		.ascii	"S\306\2420\326\024\342\346\271&D/T\031\303s$\015\236"
 2868      D614E2E6 
 2868      B926442F 
 2868      5419C373 
 2868      240D9E
 2869 00a0 219ED26C 		.ascii	"!\236\322l*,W\006\001\374_/Q\015Nn}M\361\341\024\205"
 2869      2A2C5706 
 2869      01FC5F2F 
 2869      510D4E6E 
 2869      7D4DF1E1 
 2870 00b6 B87EC4FB 		.ascii	"\270~\304\373\200_B\254Q\275\310\\g^\014\021\334a\322"
 2870      805F42AC 
 2870      51BDC85C 
 2870      675E0C11 
 2870      DC61D2
 2871 00c9 0F4468E1 		.ascii	"\017Dh\341F\271\336ze\335\351\014]GGH\206\237\010\312"
 2871      46B9DE7A 
 2871      65DDE90C 
 2871      5D474748 
 2871      869F08CA 
 2872 00dd 87E4E702 		.ascii	"\207\344\347\002!D\270\307\355^\342\276;\217\312\236"
 2872      2144B8C7 
 2872      ED5EE2BE 
 2872      3B8FCA9E 
 2873 00ed F2BDA3FC 		.ascii	"\362\275\243\374\233\177E|\374\346\267k/\377\362}\330"
 2873      9B7F457C 
 2873      FCE6B76B 
 2873      2FFFF27D 
 2873      D8
 2874 00fe 20BE04E0 		.ascii	" \276\004\340Z\361\273Kt\372\241\215\033\017\215\250"
 2874      5AF1BB4B 
 2874      74FAA18D 
 2874      1B0F8DA8 
 2875 010e B7AC22C3 		.ascii	"\267\254\"\303\337_\001\010Dfc\221\224\2210\026,;i\230"
 2875      DF5F0108 
 2875      44666391 
 2875      94913016 
 2875      2C3B6998 
 2876 0122 B1BC995B 		.ascii	"\261\274\231[\345\331\270\246/\331\\\317\305\346tn\331"
 2876      E5D9B8A6 
 2876      2FD95CCF 
 2876      C5E6746E 
 2876      D9
 2877 0133 397DDE5C 		.ascii	"9}\336\\1\264\265i\230P\224 \035\315\025\230|RU\325"
 2877      31B4B569 
ARM GAS  C:\Users\nello\AppData\Local\Temp\ccYycJvt.s 			page 67


 2877      98509420 
 2877      1DCD1598 
 2877      7C5255D5 
 2878 0147 A0C98339 		.ascii	"\240\311\2039+hd\264\264\235\324\251\2236\270\305\225"
 2878      2B6864B4 
 2878      B49DD4A9 
 2878      9336B8C5 
 2878      95
 2879 0158 14C8C974 		.ascii	"\024\310\311t*;@\314\014\267\342\031M\347\212\246\204"
 2879      2A3B40CC 
 2879      0CB7E219 
 2879      4DE78AA6 
 2879      84
 2880 0169 D5C44C68 		.ascii	"\325\304Lh*\034\202O\3239\250<"
 2880      2A1C824F 
 2880      D339A83C 
 2881              		.text
 2882              		.section	.gnu.lto_port_timer_get_time.185.71a48b7f,"e",%progbits
 2883 0000 789C658F 		.ascii	"x\234e\217=K\003A\020\206gn6\222\312\312V\014\210\205"
 2883      3D4B0341 
 2883      1086676E 
 2883      3692CACA 
 2883      560C8885 
 2884 0014 451223A9 		.ascii	"E\022#\251\254\204\0246v\266\201\020/\2079\214\236\334"
 2884      AC841436 
 2884      76B68110 
 2884      2F87398C 
 2884      9EDC
 2885 0026 5DB4CC46 		.ascii	"]\264\314F\215B@/\037\235\204\024\346\012;\233\210\355"
 2885      8D42402F 
 2885      1F9D8414 
 2885      E60A3B9B 
 2885      88ED
 2886 0038 813F40D0 		.ascii	"\201?@\320V\320\326\217\"X\211\010\347\354\0210\340"
 2886      56D0D68F 
 2886      22588908 
 2886      E7EC1130 
 2886      E0
 2887 0049 CBCEEECC 		.ascii	"\313\316\356\314\273\317\356\316\206\000P\342X\342\000"
 2887      BBCFEECE 
 2887      860050E2 
 2887      58E200
 2888 0058 01D86937 		.ascii	"\001\330i75\010\303\260&4\354\266\233\367\375\241\300"
 2888      3508C3B0 
 2888      2634ECB6 
 2888      9BF7FDA1 
 2888      C0
 2889 0069 5B8C0CC2 		.ascii	"[\214\014\302\272\210\022\204\232FX\303.\365\010;\344"
 2889      BA881284 
 2889      9A4658C3 
 2889      2EF5083B 
 2889      E4
 2890 007a 13A01867 		.ascii	"\023\240\030g\210\211\305@\312\257\306\305\363`\272"
 2890      8889C540 
 2890      CAAFC6C5 
 2890      F360BA
 2891 0089 7715089F 		.ascii	"w\025\010\2374\3503p\2038D\2104\005\312aq\215\013AC"
ARM GAS  C:\Users\nello\AppData\Local\Temp\ccYycJvt.s 			page 68


 2891      34E83370 
 2891      83384488 
 2891      3405CA61 
 2891      718D0B41 
 2892 009e 8E5EEF4E 		.ascii	"\216^\357N\316gZ\365\370\177\370\372!\026\310\237\320"
 2892      CE675AF5 
 2892      F87FF8FA 
 2892      2116C89F 
 2892      D0
 2893 00af 93329C7D 		.ascii	"\2232\234}\177\372\216\013\002\005\201G\252\311HsL\266"
 2893      7FFA8E0B 
 2893      02058147 
 2893      AAC94873 
 2893      4CB6
 2894 00c1 48FB2B11 		.ascii	"H\373+\021Fx\224\270$:F\315'\352\023\003>\011P\030M"
 2894      467894B8 
 2894      243A46CD 
 2894      27EA1303 
 2894      3E095018 
 2895 00d6 60F881F5 		.ascii	"`\370\201\365U\230\227R\216\336\0062\201>\305\306\215"
 2895      55989752 
 2895      8EDE0632 
 2895      813EC5C6 
 2895      8D
 2896 00e7 297DE2E1 		.ascii	")}\342\341\313\343\351\031\362\357\371*\345x\204\223"
 2896      CBE3E919 
 2896      F2EFF92A 
 2896      E5788493 
 2897 00f7 6F022473 		.ascii	"o\002$s+\371\\\331\33447\334j\311\264\362\007\226\275"
 2897      2BF95CD9 
 2897      DC3437DC 
 2897      6AC9B4F2 
 2897      0796BD
 2898 010a EDEC1575 		.ascii	"\355\354\025u\243Pu\014;\277f8n\3256\326\255-S\337\317"
 2898      A350750C 
 2898      3BBF6638 
 2898      6ED536D6 
 2898      AD2D53DF 
 2899 011f 4236954A 		.ascii	"B6\225J\363\320\325\001\313Y\316d2i\313I\227\213\025"
 2899      F3D0D501 
 2899      CB59CE64 
 2899      3269CB49 
 2899      978B15
 2900 0132 5E78B2DD 		.ascii	"^x\262\335\344\256Y\341m\335\262\215\202k\356\030v\252"
 2900      E4AE59E1 
 2900      6DDDB28D 
 2900      826BEE18 
 2900      76AA
 2901 0144 0CBFD01F 		.ascii	"\014\277\320\037\217w"
 2901      8F77
 2902              		.text
 2903              		.section	.gnu.lto_chVTGetSystemTimeX.198.71a48b7f,"e",%progbits
 2904 0000 789C658F 		.ascii	"x\234e\217=K\003A\020\206gn6\242\215\225}\002\"ba\316"
 2904      3D4B0341 
 2904      1086676E 
 2904      36A28D95 
 2904      7D022262 
ARM GAS  C:\Users\nello\AppData\Local\Temp\ccYycJvt.s 			page 69


 2905 0016 132B2B21 		.ascii	"\023++!\205\215\235\205M@\364r\230C\361\344>by{j\024"
 2905      858D9D85 
 2905      4D40F472 
 2905      9843F1E4 
 2905      3E62797B 
 2906 002c 039AAF4E 		.ascii	"\003\232\257NB\204x\202\235M\304\306\342\300\177`ck"
 2906      42847882 
 2906      9D4DC4C6 
 2906      E2C07F60 
 2906      636B
 2907 003e 2D16C14A 		.ascii	"-\026\301JDXw\217\200\001_f`\346\335gwf\005\000l\310"
 2907      4458778F 
 2907      80015F66 
 2907      60E6DD67 
 2907      77660500 
 2908 0054 5C90090C 		.ascii	"\\\220\011\014\260\325\254i \204\010\231\206\355fM\\"
 2908      B0D5AC69 
 2908      20840899 
 2908      86ED664D 
 2908      5C
 2909 0065 F7193E62 		.ascii	"\367\031>bj\020F,-\020B\2150\3046u\010[\024\023 \033"
 2909      6A10462C 
 2909      2D10428D 
 2909      30C43675 
 2909      085B1413 
 2910 007b 5688B9B9 		.ascii	"V\210\271\271\204\363\257\352\325\367\315d\347.a1i\320"
 2910      84F3AFEA 
 2910      D5F7CD64 
 2910      E72E6131 
 2910      69D0
 2911 008d 95C00362 		.ascii	"\225\300\003b\037!\325\030(GJ\3668\223T\371@<\237^N"
 2911      1F21D518 
 2911      28474AF6 
 2911      389354F9 
 2911      403C9F5E 
 2912 00a2 35A2F1FF 		.ascii	"5\242\361\377\360\375K&\341?\242\316\371k\366\375\251"
 2912      F0FD4B26 
 2912      E13FA2CE 
 2912      F96BF6FD 
 2912      A9
 2913 00b3 37C10814 		.ascii	"7\301\010\024\004uRK\246\312J\262A\332_\2130\300\343"
 2913      0475524B 
 2913      A6CA4AB2 
 2913      41DA5F8B 
 2913      30C0E3
 2914 00c6 5C8FE804 		.ascii	"\\\217\350\004\265\230\250K\022\210\211\201\302h\004"
 2914      B598A84B 
 2914      12888981 
 2914      C26804
 2915 00d5 C30F8C56 		.ascii	"\303\017\214V`\232s>8\277\3459\214)3\\L\351\023\217"
 2915      609A733E 
 2915      38BFE539 
 2915      8C29335C 
 2915      4CE9138F 
 2916 00e9 DEC4D905 		.ascii	"\336\304\331\005\312\337\313\247\224S'\034\235\0110"
 2916      CADFCBA7 
 2916      9453271C 
ARM GAS  C:\Users\nello\AppData\Local\Temp\ccYycJvt.s 			page 70


 2916      9D0930
 2917 00f8 5F582E16 		.ascii	"_X.\026\312\366\266\275\356\007%\333)\036:\356\256w"
 2917      CAF6B6BD 
 2917      EE0725DB 
 2917      291E3AEE 
 2917      AE77
 2918 010a B0655A9B 		.ascii	"\260eZ\233\201g\271\305U\313\363\003\327Zsvl\263\262"
 2918      8167B9C5 
 2918      55CBF303 
 2918      D75A7376 
 2918      6CB3B2
 2919 011d 04B3F9BC 		.ascii	"\004\263\371\274.\303T\027\034o\3210\014\335\361t\327"
 2919      2EC35417 
 2919      1C6FD130 
 2919      0CDDF174 
 2919      D7
 2920 012e D7ED7D73 		.ascii	"\327\355}s/(Y\362\244\342\347\313\360\013]%\212\020"
 2920      2F2859F2 
 2920      A4E2E7CB 
 2920      F00B5D25 
 2920      8A10
 2921              		.text
 2922              		.section	.gnu.lto___vt_object_init.216.71a48b7f,"e",%progbits
 2923 0000 789C6D91 		.ascii	"x\234m\221Oh\023A\024\306\3377o\223\246\255z\2157+\024"
 2923      4F681341 
 2923      14C6DF37 
 2923      6F93A6AD 
 2923      7A8D372B 
 2924 0015 8A073789 		.ascii	"\212\0077\211J)^\013z\361\246\007\017)\322n\027\273"
 2924      4A295E0B 
 2924      7AF1A607 
 2924      0F29D26E 
 2924      17BB
 2925 0027 58B225BB 		.ascii	"X\262%\273\211\307L\377\210\220C\243\255\007\021\033"
 2925      89C74CFF 
 2925      889043A3 
 2925      AD07111B 
 2926 0037 68584A6F 		.ascii	"hXJo\342\241\332V\301\240x\027\301\213 \224\236rQJO"
 2926      E2A1DA56 
 2926      C1A07817 
 2926      C18B2094 
 2926      9E72514A 
 2927 004c 3D44D637 		.ascii	"=D\3267kJ{\35003\274\367\346\275\337\373ff\013D!\021"
 2927      6B4A7BE8 
 2927      3033BCF7 
 2927      E6BDDFFB 
 2927      66660B44 
 2928 0062 5D96454C 		.ascii	"]\226ELXy^W\024\307q\315R\230\037\306\016\022\033TS"
 2928      58795E57 
 2928      14C771CD 
 2928      52981FC6 
 2928      0E121B54 
 2929 0077 A86195AF 		.ascii	"\250a\225\257h\255\217\236\274\372\333\030\324\233m"
 2929      68AD8F9E 
 2929      BCFADB18 
 2929      D49B6D
 2930 0086 444CD464 		.ascii	"DL\324d\372?^3V8b\300\352Y\012Cb\361}\032ik\375\255"
ARM GAS  C:\Users\nello\AppData\Local\Temp\ccYycJvt.s 			page 71


 2930      FA3F5E33 
 2930      563862C0 
 2930      EA590A43 
 2930      62F17D1A 
 2931 009e BBAD753F 		.ascii	"\273\255u?E\314x\017\251\301;`KzK`\342g\226(}L\222\030"
 2931      45CC780F 
 2931      A9C13B60 
 2931      4B7A4B60 
 2931      E2679628 
 2932 00b6 BDF99E6A 		.ascii	"\275\371\236j\353n\334\320\372\307\305\345\325[\003"
 2932      EB6EDCD0 
 2932      FAC7C5E5 
 2932      D55B03
 2933 00c5 90344BC9 		.ascii	"\2204K\311\226b\331\322\026\260-i\0156B\223qI\334g\254"
 2933      9662D9D2 
 2933      16B02D69 
 2933      0D364293 
 2933      7149DC67 
 2934 00da 4E5CD01F 		.ascii	"N\\\320\037,\274\250\307q\272\305\350\351a\030\215\033"
 2934      2CBCA8C7 
 2934      71BAC5E8 
 2934      E961188D 
 2934      1B
 2935 00eb 902B6C66 		.ascii	"\220+lf#\356k\261\205\335$\226\227P&\342\014>`\315\210"
 2935      23EE6BB1 
 2935      85DD2496 
 2935      975026E2 
 2935      0C3E60CD 
 2936 0100 5832391D 		.ascii	"X29\035\271\236\205\217B>\300\322\220\304T\304\375M"
 2936      B99E858F 
 2936      423EC0D2 
 2936      90C454C4 
 2936      FD4D
 2937 0112 81902023 		.ascii	"\201\220 #\0360\035\016\217\276\276\274w\014\355\360"
 2937      1E301D0E 
 2937      8FBEBEBC 
 2937      770CEDF0 
 2938 0122 09B4471C 		.ascii	"\011\264G\034\304'!J\211\351\237JP\213{k\373\035\253"
 2938      C427214A 
 2938      89E99F4A 
 2938      508B7B6B 
 2938      FB1DAB
 2939 0135 C52A019E 		.ascii	"\305*\001\236k\2622\217p\336\320\272O\177\253\026\263"
 2939      6BB2328F 
 2939      70DED0BA 
 2939      4F7FAB16 
 2939      B3
 2940 0146 9C89F7F9 		.ascii	"\234\211\367\371\240\376K\235\211^O\320\027\360E\320"
 2940      A0FE4B9D 
 2940      895E4FD0 
 2940      17F045D0 
 2941 0156 CAA8613A 		.ascii	"\312\250a:\304\302\336\333\375L\362\017\015\306\351"
 2941      C4C2DEDB 
 2941      FD4CF20F 
 2941      0DC6E9
 2942 0165 6721BA3A 		.ascii	"g!\272:~\2638>\343Myw\303\312\264\347\027\037\373\345"
 2942      7EB3383E 
ARM GAS  C:\Users\nello\AppData\Local\Temp\ccYycJvt.s 			page 72


 2942      E34D7977 
 2942      C3CAB4E7 
 2942      171FFBE5 
 2943 0179 47C1DCA4 		.ascii	"G\301\334\244\343>\250\004n\271x\333\015\302J\331\275"
 2943      E33EA804 
 2943      6EB978DB 
 2943      0DC24AD9 
 2943      BD
 2944 018a E33FF49C 		.ascii	"\343?\364\234\352\015\032\261\355\234L\307\024\370\301"
 2944      EA0D1AB1 
 2944      ED9C4CC7 
 2944      14F8C1
 2945 0199 B542A190 		.ascii	"\265B\241\220\363\203\\9\314y%g\2662\355\312I5\264g"
 2945      F3835C39 
 2945      CC792567 
 2945      B632EDCA 
 2945      4935B467 
 2946 01ad C8AA86B3 		.ascii	"\310\252\206\263sYI+\005\341d\311q\003\333\261\307\012"
 2946      7359492B 
 2946      05E164C9 
 2946      7103DBB1 
 2946      C70A
 2947 01bf 53A3F9EB 		.ascii	"S\243\371\353cy\372\007\274r\274\004"
 2947      6379FA07 
 2947      BC72BC04 
 2948              		.text
 2949              		.section	.gnu.lto___reg_object_init.228.71a48b7f,"e",%progbits
 2950 0000 789C4D4F 		.ascii	"x\234MO\317K\002a\020\235\331Q3\272\347Q\203\":\270"
 2950      CF4B0261 
 2950      109DD951 
 2950      33BAE751 
 2950      83223AB8 
 2951 0014 6A454857 		.ascii	"jEHW\017At\353*\205\256\213.\205+\273k?N~\211^\274X"
 2951      0F4174EB 
 2951      2A85AE8B 
 2951      2E852BBB 
 2951      6B3F4E7E 
 2952 002c D629CA83 		.ascii	"\326)\312\203,!t\360T\231v\360?(\372\013:Et\210\010"
 2952      2C2174F0 
 2952      549976F0 
 2952      3F28FA0B 
 2952      3A457488 
 2953 0041 840E81CD 		.ascii	"\204\016\201\315\232Q\303\367\301\314\2337o\336\370"
 2953      9A51C3F7 
 2953      C1CC9B37 
 2953      6FDEF8
 2954 0050 11600F00 		.ascii	"\021`\017\000\246\370\003\001\326\216*\022\014\006\203"
 2954      A6F80301 
 2954      D68E2A12 
 2954      0C0683
 2955 005f 824BC283 		.ascii	"\202K\302\203i\274\305a\216P\220\260\200\3074'\204\370"
 2955      69BCC561 
 2955      8E5090B0 
 2955      80C73427 
 2955      84F8
 2956 0071 2C9FB6CA 		.ascii	",\237\266\312\023\242\331C\233\000\352\004?qFX#\233"
 2956      13A2D943 
ARM GAS  C:\Users\nello\AppData\Local\Temp\ccYycJvt.s 			page 73


 2956      9B00EA04 
 2956      3F714658 
 2956      239B
 2957 0083 105DA34C 		.ascii	"\020]\243L\302\000g\264\001\263=!\036^\333B\214\203"
 2957      C20067B4 
 2957      01B33D21 
 2957      1E5EDB42 
 2957      8C83
 2958 0095 4D8437C8 		.ascii	"M\2047\3103x\215x\305\273\031Ht}\000\236_%\306\240\365"
 2958      33788D78 
 2958      C5BB1948 
 2958      747D009E 
 2958      5F25C6A0 
 2959 00aa E8EE89AF 		.ascii	"\350\356\211\257AU\210\3763vf\334\3104\366\203mnV\311"
 2959      415588FE 
 2959      337666DC 
 2959      C834F683 
 2959      6D6E56C9 
 2960 00be B1370C3F 		.ascii	"\2617\014?\227\207$\375\225\010oX<\251\334_z\032\204"
 2960      978724FD 
 2960      95086F58 
 2960      3CA9DC5F 
 2960      7A1A84
 2961 00d1 2317848E 		.ascii	"#\027\204\216\263\013d\343\315I\233\334\015\366\325"
 2961      B30B64E3 
 2961      CD499BDC 
 2961      0DF6D5
 2962 00e0 19626186 		.ascii	"\031ba\206\2746y\260\213\347\316\352\222\303y\341\243"
 2962      BC3679B0 
 2962      8BE7CEEA 
 2962      92C379E1 
 2962      A3
 2963 00f1 5C78C7CA 		.ascii	"\\x\307\312\357X\0120&\3314Vg\021`I\233\274\360\201"
 2963      EF580A30 
 2963      26D93456 
 2963      67116049 
 2963      9BBCF081 
 2964 0105 C5A7FEEA 		.ascii	"\305\247\376\352\360\342*\341\177+\000\301\330r<\226"
 2964      F0E22AE1 
 2964      7F2B00C1 
 2964      D8723C96 
 2965 0115 D192DABA 		.ascii	"\321\222\332\272\225Oiz|W7\266\314\\BQ7\363\246j\304"
 2965      954F697A 
 2965      7C5737B6 
 2965      CC5C4251 
 2965      37F3A66A 
 2966 012a 5754D3CA 		.ascii	"WT\323\312\033\352\232\236\326\224\235E\010\312r\210"
 2966      1BEA9A9E 
 2966      D6949D45 
 2966      08CA7288 
 2967 013a 9FE20CE8 		.ascii	"\237\342\014\350\346|$\022\011\351f\310\260BZV\331\316"
 2967      E67C2412 
 2967      09E966C8 
 2967      B0425A56 
 2967      D9CE
 2968 014c A754EE18 		.ascii	"\247T\356\030jZ3-c_\316\200d\344|L\315\232V\"\253\250"
 2968      6A5A332D 
ARM GAS  C:\Users\nello\AppData\Local\Temp\ccYycJvt.s 			page 74


 2968      635FCE80 
 2968      64E47C4C 
 2968      CD9A5622 
 2969 0162 A6ACC8D1 		.ascii	"\246\254\310\321Hr)\274\020\015\3037\251D\217E"
 2969      487229BC 
 2969      100DC337 
 2969      A9448F45 
 2970              		.text
 2971              		.section	.gnu.lto___idle_thread.335.71a48b7f,"e",%progbits
 2972 0000 789C6D8F 		.ascii	"x\234m\217\275J\003A\024\205\357\335\211\001\237 \245"
 2972      BD4A0341 
 2972      1485EFDD 
 2972      89019F20 
 2972      A5
 2973 0011 76A290DD 		.ascii	"v\242\220\335\254\212\011\351BP\233\244\360\2473\"\311"
 2973      AC8A09E9 
 2973      42509BA4 
 2973      F0A73322 
 2973      C9
 2974 0022 B8984592 		.ascii	"\270\230E\222\011;\233Xf\032\021,\214&\235\210\325\026"
 2974      093B9B58 
 2974      661A112C 
 2974      8C269D88 
 2974      D516
 2975 0034 168288F8 		.ascii	"\026\202\210\370o\021\233\210\202\242>\202\370\006\202"
 2975      6F119B88 
 2975      82A23E82 
 2975      F80682
 2976 0043 5A88EBEC 		.ascii	"Z\210\353\354\032H\004\207\271p\347\273\347\234\231"
 2976      1A480487 
 2976      B970E7BB 
 2976      E79C99
 2977 0052 7901807D 		.ascii	"y\001\200}Y\343\262 \000X\337ZW\300u\335j@\301\306\303"
 2977      59E3B220 
 2977      0058DF5A 
 2977      57C075DD 
 2977      6A40C1C6 
 2978 0067 FBF5DB06 		.ascii	"\373\365\333\006\342\025\372\200`\375\360n\355\276\365"
 2978      E215FA80 
 2978      60FDF06E 
 2978      EDBEF5
 2979 0076 A4E0F92F 		.ascii	"\244\340\371/A\250*\004\253\212\002\235\325 \203B\210"
 2979      41A82A04 
 2979      AB8A029D 
 2979      D5208342 
 2979      88
 2980 0087 CFD5EDEF 		.ascii	"\317\325\355\357\270\330k\242C\000vI{\266##\210C\020"
 2980      B8D86BA2 
 2980      43007649 
 2980      7BB62323 
 2980      884310
 2981 009a 03ED4EC1 		.ascii	"\003\355N\301~\331\2219\030h\012\361x{&D/8\204\340)"
 2981      7ED99139 
 2981      18680AF1 
 2981      787B2644 
 2981      2F3884E0 
 2982 00af 4A0F9E20 		.ascii	"J\017\236 \036#x`\336\011\001\004\333I(-~\217x\201^"
ARM GAS  C:\Users\nello\AppData\Local\Temp\ccYycJvt.s 			page 75


 2982      1E237860 
 2982      DE090104 
 2982      DB49282D 
 2982      7E8F7881 
 2983 00c4 66D0BBB0 		.ascii	"f\320\273\2605\005\362Y\022z:\274\364g\322\014\007\317"
 2983      3505F259 
 2983      127A3ABC 
 2983      F467D20C 
 2983      07CF
 2984 00d6 3D4DF1E5 		.ascii	"=M\361\345\326\204\370\270\301\327\243\011\231P#\336"
 2984      D684F8B8 
 2984      C1D7A309 
 2984      995023DE 
 2985 00e6 0FFDD527 		.ascii	"\017\375\325'%\233D\351\034\245_\316I7\250\021\354\226"
 2985      259B44E9 
 2985      1CA55FCE 
 2985      4937A811 
 2985      EC96
 2986 00f8 038493F1 		.ascii	"\003\204\223\361L2o\346\314\031\273\274h\262\314\012"
 2986      4C326FE6 
 2986      CC19BBBC 
 2986      68B2CC0A 
 2987 0108 B3967929 		.ascii	"\263\226y)K\215\20527\254\314\244\301\355\262e\244\330"
 2987      4B8D8532 
 2987      37ACCCA4 
 2987      C1EDB265 
 2987      A4D8
 2988 011a 92492BA3 		.ascii	"\222I+\2430\244\252\232\334\32430>\254\353\272\306\270"
 2988      30A4AA9A 
 2988      DCD43330 
 2988      3EACEBBA 
 2988      C6B8
 2989 012c 66D91AB7 		.ascii	"f\331\032\267\250G\213\334\316\026\251\301U\012X\012"
 2989      A8478BDC 
 2989      CE16A9C1 
 2989      550A580A 
 2990 013c FD016A4C 		.ascii	"\375\001jL\317\215EFb\021\210\376\033BY\241\300\212"
 2990      CF8D4546 
 2990      621188FE 
 2990      1B4259A1 
 2990      C08A
 2991 014e 5A895936 		.ascii	"Z\211Y6\327\022\323\351J4\234\016'R\263RG\231e\250y"
 2991      D712D3E9 
 2991      4A349C0E 
 2991      2752B352 
 2991      479965A8 
 2992 0163 F801A84C 		.ascii	"\370\001\250L\2412"
 2992      A132
 2993              		.text
 2994              		.section	.gnu.lto_chInstanceObjectInit.336.71a48b7f,"e",%progbits
 2995 0000 789C8595 		.ascii	"x\234\205\225]lTE\024\200\347\334s\267\273\333\375+"
 2995      5D6C5445 
 2995      1480E7DC 
 2995      73B7BBDB 
 2995      FD2B
 2996 0012 05B628D0 		.ascii	"\005\266(\320\026\224\226\242l\273\345\307\352+\017"
 2996      169496A2 
ARM GAS  C:\Users\nello\AppData\Local\Temp\ccYycJvt.s 			page 76


 2996      6CBBE5C7 
 2996      EA2B0F
 2997 0021 BE185F7C 		.ascii	"\276\030_|\264\311\006\266\033\335h\330fw+/&\275m\012"
 2997      B4C906B6 
 2997      1BDD68D8 
 2997      66772B2F 
 2997      26BD6D0A 
 2998 0035 24F5A1B5 		.ascii	"$\365\241\265\020\023\320\336\207\353\325,\011\211\321"
 2998      1013D0DE 
 2998      87EBD52C 
 2998      0989D1
 2999 0044 446D2962 		.ascii	"Dm)b\005\241Q4 j\374\211b\015U\252\322\246]A\250\251"
 2999      05A15134 
 2999      206AFC89 
 2999      620D55AA 
 2999      D2A65D41 
 3000 005a 59CF997B 		.ascii	"Y\317\231{\367\257\331\224\233v2s\366\234\357\374\314"
 3000      F7AFD994 
 3000      9B763273 
 3000      F69CEFFC 
 3000      CC
 3001 006b 99992F9D 		.ascii	"\231\231/\235B\234\020B\354\244\177\241\012\030yuP\021"
 3001      429C1042 
 3001      ECA47FA1 
 3001      0A187975 
 3001      5011
 3002 007d B95CAE57 		.ascii	"\271\\\256WU\340\030\315\341#\220+\204>UN@\364*\010"
 3002      55E018CD 
 3002      E123902B 
 3002      843E554E 
 3002      40F42A08 
 3003 0091 BD700C5B 		.ascii	"\275p\014[4M\273w\370\344\370\005\3202\223`\242\020"
 3003      344DBB77 
 3003      F8E4F805 
 3003      D0329360 
 3003      A210
 3004 00a3 3A0AEB7B 		.ascii	":\012\353{\003a\004M\004P\355\231\002\2154\303gE\363"
 3004      0361044D 
 3004      0450ED99 
 3004      028D34C3 
 3004      6745F3
 3005 00b6 A4A65DFD 		.ascii	"\244\246]\375qL\323\334\302D\204\017\201l\340\003\200"
 3005      714CD3DC 
 3005      C244840F 
 3005      816CE003 
 3005      80
 3006 00c7 F741B020 		.ascii	"\367A\260 2\025d\275CRo\341\314\215\327\375\303DVa\274"
 3006      321564BD 
 3006      43526FE1 
 3006      CC8DD7FD 
 3006      C3445661 
 3007 00dc 5C4F8D7C 		.ascii	"\\O\215|\035\224^\360e\036\267\261\362\304\233G\375"
 3007      1D945EF0 
 3007      651EB7B1 
 3007      F2C49B47 
 3007      FD
 3008 00ed C37D2E13 		.ascii	"\303}.\023\0350Q\252-D\344\227`\225\200\263`\305\007"
ARM GAS  C:\Users\nello\AppData\Local\Temp\ccYycJvt.s 			page 77


 3008      1D3051AA 
 3008      2D44E497 
 3008      609580B3 
 3008      60C507
 3009 0100 85E03614 		.ascii	"\205\3406\024\202\233d!\016\200\204\015\023\354\312"
 3009      829B6421 
 3009      0E80840D 
 3009      13ECCA
 3010 010f 5B4F4B56 		.ascii	"[OKV\025\375\304\254\217\001\316Y\254;\314\372\004\004"
 3010      15FDC4AC 
 3010      8F01CE59 
 3010      AC3BCCFA 
 3010      0404
 3011 0121 1546446E 		.ascii	"\025FDn\007I\210\204\316 \013\337\271\346\230\324\226"
 3011      07498884 
 3011      CE200BDF 
 3011      B9E698D4 
 3011      96
 3012 0132 73439AF6 		.ascii	"sC\232\366\335\306\377\226\317\271\233\200\335\222\247"
 3012      DDC6FF96 
 3012      CFB99B80 
 3012      DD92A7
 3013 0141 317050D4 		.ascii	"1pP\324\316*\032\\N\032\334.\032\252\271\004\236j\032"
 3013      CE2A1A5C 
 3013      4E1ADC2E 
 3013      1AAAB904 
 3013      9E6A1A
 3014 0154 BC1E1EBC 		.ascii	"\274\036\036\274<\370h\360\371y\026\340Y\015\017\265"
 3014      3CF868F0 
 3014      F97916E0 
 3014      590D0FB5 
 3015 0164 0067C8CF 		.ascii	"\000g\310\317\020\362\306\310\257\201\226\303\250\024"
 3015      10F2C6C8 
 3015      AF8196C3 
 3015      A814
 3016 0172 9720E6A1 		.ascii	"\227 \346\241?{o\346]4\254\234\3742\332a\304\025:'\307"
 3016      3F7B6FE6 
 3016      5D34AC9C 
 3016      FC32DA61 
 3016      C4153A27 
 3017 0187 7FEF73DB 		.ascii	"\177\357s\333y\007d\276\003\240\3204\203r\3616\220\303"
 3017      790764BE 
 3017      03A0D034 
 3017      8372F136 
 3017      90C3
 3018 0199 1AB808F0 		.ascii	"\032\270\010\360\251\\\267\321\036g\374&\256\201K0\312"
 3018      A95CB7D1 
 3018      1E67FC26 
 3018      AE814B30 
 3018      CA
 3019 01aa D56B6741 		.ascii	"\325kgA\035o\335\024\220+\222\030\210\014~m\351f\237"
 3019      1D6FDD14 
 3019      902B9218 
 3019      880C7E6D 
 3019      E9669F
 3020 01bd C306E759 		.ascii	"\303\006\347Y\254K\313ZR\201\317@0L\356\317\347\304"
 3020      AC4BCB5A 
ARM GAS  C:\Users\nello\AppData\Local\Temp\ccYycJvt.s 			page 78


 3020      5281CF40 
 3020      304CEECF 
 3020      E7C4
 3021 01cf 02B6B443 		.ascii	"\002\266\264C\232[\304U\364U\370\202\364\025\326\257"
 3021      9A5BC455 
 3021      F455F882 
 3021      F415D6AF 
 3022 01df 150B3030 		.ascii	"\025\01300=1\005BF\275V\2670d\263\216I\307\007/\324"
 3022      3D310542 
 3022      46BD56B7 
 3022      3064B38E 
 3022      49C7072F 
 3023 01f4 1BE828B0 		.ascii	"\033\350(\260\352\212,;\027\302\255\207+\204C\221\027"
 3023      EA8A2C3B 
 3023      17C2AD87 
 3023      2B844391 
 3023      17
 3024 0205 CDD69B18 		.ascii	"\315\326\233\030\204\253$S\005aYB-\347\204\257\010M"
 3024      84AB2453 
 3024      05615942 
 3024      2DE784AF 
 3024      084D
 3025 0217 DE1A2D57 		.ascii	"\336\032-Wu\272\025\201\303\304\015\226\253\033\344"
 3025      75BA1581 
 3025      C3C40D96 
 3025      AB1BE4
 3026 0226 AA2AEF6A 		.ascii	"\252*\357jvS%W\017\3007\204u\224`]\360m\031\366A\235"
 3026      76532557 
 3026      0FC03784 
 3026      7594605D 
 3026      F06D19F6 
 3027 023c 23219089 		.ascii	"#!\220\211\033-\354\345\006\003\235\205\0146W\302n\202"
 3027      1B2DECE5 
 3027      06039D85 
 3027      0C3657C2 
 3027      6E82
 3028 024e EF095B55 		.ascii	"\357\011[U\202u\303\017e\330\315:'C \023\353-\354_\204"
 3028      8275C30F 
 3028      65D8CD3A 
 3028      27432013 
 3028      EB2DEC5F 
 3029 0263 7515B015 		.ascii	"u\025\260\025\243m\200\237\010\353,\301V\303\317e\330"
 3029      A36D809F 
 3029      08EB2CC1 
 3029      56C3CF65 
 3029      D8
 3030 0274 469D9321 		.ascii	"F\235\223!\220\211[\354zo7\320\275z\021\266\3024a]%"
 3030      90895BEC 
 3030      7A6F37D0 
 3030      BD7A11B6 
 3030      C234615D 
 3031 0289 580FFC5A 		.ascii	"X\017\374Z\206}H\347d\010d\342\303\0266w\252\333\300"
 3031      867D48E7 
 3031      640864E2 
 3031      C3163677 
 3031      AADBC0
 3032 029c EA02774F 		.ascii	"\352\002wO%\3566\230!\256\333\346rJ^\370Mr\2176\032"
ARM GAS  C:\Users\nello\AppData\Local\Temp\ccYycJvt.s 			page 79


 3032      25EE3698 
 3032      21AEDBE6 
 3032      724A5EF8 
 3032      4D728F36 
 3033 02b1 E891E426 		.ascii	"\350\221\344&\235\363!S\213\306\275\331l7=U\2749C{*"
 3033      9DF32153 
 3033      8BC6BDD9 
 3033      6C373D55 
 3033      BC39437B 
 3034 02c6 9DA8266E 		.ascii	"\235\250&n\207?\000f\271\261\216H|3\374\011t\306\331"
 3034      873F0066 
 3034      B9B18E48 
 3034      7C33FC09 
 3034      74C6D9
 3035 02d9 A405348A 		.ascii	"\244\0054\212z\007\207\2660xG\251\324\252\245\3555g"
 3035      7A0787B6 
 3035      307847A9 
 3035      D4AAA5ED 
 3035      3567
 3036 02eb B597EC2D 		.ascii	"\265\227\354-?G5O\202j\016\303\303\210\263'\256+\006"
 3036      3F47354F 
 3036      826A0EC3 
 3036      C388B327 
 3036      AE2B06
 3037 02fe 7AEF4759 		.ascii	"z\357GYXIY\264(\022q\252\311@\237\235\220Z<ld\370\010"
 3037      584959B4 
 3037      281271AA 
 3037      C9409F9D 
 3037      905A3C6C 
 3038 0315 1D12F89B 		.ascii	"\035\022\370\233\316\316\200\\>\012\267\311\314c\231"
 3038      CECE805C 
 3038      3E0AB7C9 
 3038      CC6399
 3039 0324 51F0681B 		.ascii	"Q\360h\033y\213F\263A\252%\005\004\377\024N\234\017"
 3039      798B46B3 
 3039      41AA2505 
 3039      04FF144E 
 3039      9C0F
 3040 0336 EE929597 		.ascii	"\356\222\225\227C\366I\177\3433\327\250\204\376\373"
 3040      43F6497F 
 3040      E333D7A8 
 3040      84FEFB
 3041 0345 C5BCB432 		.ascii	"\305\274\2642\346\177\2131gg\353Wx\364\227x\334\011"
 3041      E67F8B31 
 3041      6767EB57 
 3041      78F49778 
 3041      DC09
 3042 0357 CBA4EA13 		.ascii	"\313\244\352\023\202\203\013YW\025\265\301\351\254\012"
 3042      82830B59 
 3042      5715B5C1 
 3042      E9AC0A
 3043 0366 E7A18DEE 		.ascii	"\347\241\215\356\244V\272^G\321/O\355\226\343p\204l"
 3043      A456BA5E 
 3043      47D12F4F 
 3043      ED96E370 
 3043      846C
 3044 0378 DAE4568D 		.ascii	"\332\344V\215\335J\232\030\006M\261*\263t+\35300\260"
ARM GAS  C:\Users\nello\AppData\Local\Temp\ccYycJvt.s 			page 80


 3044      DD4A9A18 
 3044      064DB12A 
 3044      B3742BEB 
 3044      3030B0
 3045 038b 5A45FA95 		.ascii	"ZE\372\225Q\014\344+\222;\235d\274O\342k8\343\200\225"
 3045      510CE42B 
 3045      923B9D64 
 3045      BC4FE26B 
 3045      38E38095 
 3046 039f F11C736A 		.ascii	"\361\034sjV\343\034&\316\232\212\234Z\346\324\310\254"
 3046      56E31C26 
 3046      CE9A8A9C 
 3046      5AE6D4C8 
 3046      AC
 3047 03b0 5D2C6D97 		.ascii	"],m\227\322\265Vv-\371\354d^\273\344O\353\270\213\373"
 3047      D2B55676 
 3047      2DF9EC64 
 3047      5EBBE44F 
 3047      EBB88BFB 
 3048 03c4 2999F9F7 		.ascii	")\231\371\367\350\202\331\255\363q\221\027\372\315\021"
 3048      E882D9AD 
 3048      F3719117 
 3048      FACD11
 3049 03d3 276BED91 		.ascii	"'k\355\221Z\353\351\361\012\311\033p\361\025\277ut\366"
 3049      5AEBE9F1 
 3049      0AC91B70 
 3049      F115BF75 
 3049      74F6
 3050 03e5 EA8513C0 		.ascii	"\352\205\023\300\247\3571\322\243\202\231\330A\346\347"
 3050      A7EF31D2 
 3050      A38299D8 
 3050      41E6E7
 3051 03f4 AF032D1F 		.ascii	"\257\003-\037\337J\257\230\310B\377\364\335\313.~\264"
 3051      DF4AAF98 
 3051      C842FFF4 
 3051      DDCB2E7E 
 3051      B4
 3052 0405 F81B4228 		.ascii	"\370\033B(}J\350\371\337\367D\347\276\347\343\007\342"
 3052      7D4AE8F9 
 3052      DFF744E7 
 3052      BEE7E307 
 3052      E2
 3053 0416 CFA47BBA 		.ascii	"\317\244{\272\342\211\316C\211\344\013\251\356\375\321"
 3053      E289CE43 
 3053      89E40BA9 
 3053      EEFDD1
 3054 0425 58A42715 		.ascii	"X\244'\025Kv>\031K\245{\222\261\247\022\317\305\243"
 3054      4B763E19 
 3054      4BA57B92 
 3054      B1A712CF 
 3054      C5A3
 3055 0437 2FED163B 		.ascii	"/\355\026;B\241V\372\213\262A\"\325\036\016\207[\023"
 3055      42A156FA 
 3055      8BB24122 
 3055      D51E0E87 
 3055      5B13
 3056 0449 A9D664BA 		.ascii	"\251\326d\2725\225\214\262\364`*\275\377`4\226\012E"
ARM GAS  C:\Users\nello\AppData\Local\Temp\ccYycJvt.s 			page 81


 3056      35958CB2 
 3056      F4602ABD 
 3056      FF603496 
 3056      0A45
 3057 045b 0526E2DD 		.ascii	"\005&\342\335ue\242PG\370\300\336\266]\035mBM\304\243"
 3057      7565A250 
 3057      47F8C0DE 
 3057      B65D1D6D 
 3057      424DC4A3 
 3058 046f DDCE6822 		.ascii	"\335\316h\"\031\213\304\273\002\361\256\027c\221\256"
 3058      198BC4BB 
 3058      02F1AE17 
 3058      6391AE
 3059 047e 582A9A8C 		.ascii	"X*\232\214w\247\023I\007\257\305\377\344H\211\260"
 3059      77A71349 
 3059      07AFC5FF 
 3059      E44889B0 
 3060              		.text
 3061              		.section	.gnu.lto_.symbol_nodes.71a48b7f,"e",%progbits
 3062 0000 789C7D92 		.ascii	"x\234}\222K\012\302@\014\206\223L\237\343\023\335\271"
 3062      4B0AC240 
 3062      0C86934C 
 3062      9FE313DD 
 3062      B9
 3063 0011 50C10B78 		.ascii	"P\301\013x\007\017\226\016\275\200W\220\236\300\245"
 3063      070F960E 
 3063      BD805790 
 3063      9EC0A5
 3064 0020 A02E5DFA 		.ascii	"\240.]\372\026\335\327{\350\014\024\214\224N6\341\347"
 3064      16DDD77B 
 3064      E80C148C 
 3064      944E36E1 
 3064      E7
 3065 0031 FF2630F9 		.ascii	"\377&0\371\263&\000 `\370T5\301\345\021\254\206]f\314"
 3065      B3260020 
 3065      60F85435 
 3065      C1E511AC 
 3065      865D66CC 
 3066 0045 1C105C11 		.ascii	"\034\020\\\0212\372\201!\223\037\030\261\362\003c\016"
 3066      32FA8121 
 3066      931F18B1 
 3066      F203630E 
 3067 0055 FCC01B39 		.ascii	"\374\300\0339\364\023'\342\250FlW\202\330 \307\376\031"
 3067      F41327E2 
 3067      A8466C57 
 3067      82D820C7 
 3067      FE19
 3068 0067 07E4C44F 		.ascii	"\007\344\304O\274\220S?q&\3265bo\014V@x!\230\272~'t"
 3068      BC90533F 
 3068      7126D635 
 3068      626F0C56 
 3068      40782198 
 3069 007f 1D9FC4AD 		.ascii	"\035\237\304\255\377\007\000Y\2269\032\037\304\355&"
 3069      FF070059 
 3069      96391A1F 
 3069      C4ED26
 3070 008e EF46DC69 		.ascii	"\357F\334i\362\256\304\335\006O\205\"\254\205\212\305"
ARM GAS  C:\Users\nello\AppData\Local\Temp\ccYycJvt.s 			page 82


 3070      F2AEC4DD 
 3070      064F8522 
 3070      AC858AC5 
 3071 009e 8C994A62 		.ascii	"\214\231Jb\251\322@\222\251XM\216J\367\177\262\260R"
 3071      A9D24092 
 3071      A9584D8E 
 3071      4AF77FB2 
 3071      B052
 3072 00b0 245C5A29 		.ascii	"$\\Z)\322*\"\245\305\211\225V\212\035\026\261\322\342"
 3072      D22A22A5 
 3072      C5899556 
 3072      8A1D16B1 
 3072      D2E2
 3073 00c2 BE4A2B7B 		.ascii	"\276J+{\302\325J\213\237\344\003\370\002A\0208M"
 3073      C2D54A8B 
 3073      9FE403F8 
 3073      02411038 
 3073      4D
 3074              		.text
 3075              		.section	.gnu.lto_.refs.71a48b7f,"e",%progbits
 3076 0000 789CE367 		.ascii	"x\234\343g```\346b\344fb`\342\021d`b\223c`\000\000\003"
 3076      606060E6 
 3076      62E46662 
 3076      60E21164 
 3076      60629363 
 3077 0018 F50070   		.ascii	"\365\000p"
 3078              		.text
 3079              		.section	.gnu.lto_.decls.71a48b7f,"e",%progbits
 3080 0000 789CBD5A 		.ascii	"x\234\275ZyTTYz\177\337\273\257\026\212\315\026[\235"
 3080      79545459 
 3080      7A7FDFBB 
 3080      AF168ACD 
 3080      165B9D
 3081 0013 253DA68F 		.ascii	"%=\246\217\246\235\234\351\266\265\215\335\223\177\322"
 3081      A69D9CE9 
 3081      B6B58DDD 
 3081      937FD2
 3082 0022 733A2733 		.ascii	"s:'3\223Y2\231\351\231\223\311\231s*4Ube\330R<\264{"
 3082      93593299 
 3082      E99993C9 
 3082      99732A34 
 3082      556265D8 
 3083 003a FE490928 		.ascii	"\376I\011( \213\200\033\010*\012*n\200;\210\013\202"
 3083      208B801B 
 3083      082A0A2A 
 3083      6E803B88 
 3083      0B82
 3084 004c 0BA8A8B8 		.ascii	"\013\250\250\270\340\002\002\256\240\250\240\242\242"
 3084      E00202AE 
 3084      A0A8A0A2 
 3084      A2
 3085 0059 B8E4BBF7 		.ascii	"\270\344\273\367\276z\367\325b\354\223?R\207\217\367"
 3085      BE7AF7D5 
 3085      62EC933F 
 3085      52878FF7 
 3086 0069 DE7DBFFB 		.ascii	"\336}\277\373\355\367\273KU\3464Ij\015\221\244\323\212"
 3086      EDF7BB4B 
ARM GAS  C:\Users\nello\AppData\Local\Temp\ccYycJvt.s 			page 83


 3086      55E63449 
 3086      6A0D91A4 
 3086      D38A
 3087 007b 24BDC64F 		.ascii	"$\275\306O\230$Im\222\370D\"\035BjEjG\352F\352Cz\200"
 3087      9824496D 
 3087      92F84422 
 3087      1D426A45 
 3087      6A47EA46 
 3088 0093 F418E905 		.ascii	"\364\030\351\005\322+$\013H\322X\244\361H\223\220\246"
 3088      D22B240B 
 3088      48D258A4 
 3088      F1489390 
 3088      A6
 3089 00a4 237D8624 		.ascii	"#}\206$\343\273O\360\337|Y\362\371d\341;\013^g!\215"
 3089      E3BB4FF0 
 3089      DF7C59F2 
 3089      F964E13B 
 3089      0B5E6721 
 3090 00b9 461A8394 		.ascii	"F\032\203\224\201\230^l\277\201\364\001>\343E\272\011"
 3090      81985E6C 
 3090      BF81F401 
 3090      3EE345BA 
 3090      09
 3091 00ca FC7A480A 		.ascii	"\374zH\012\374\224\340\013\263\037\217L\344\361.\322"
 3091      FC94E00B 
 3091      B31F8F4C 
 3091      E4F12ED2 
 3092 00da 6899F78B 		.ascii	"h\231\367\213\322\256\255A\372o\301\027&\277\376Y\210"
 3092      D2AEAD41 
 3092      FA6FC117 
 3092      26BFFE59 
 3092      88
 3093 00eb FF83A6F7 		.ascii	"\377\203\246\367\357\361\372\245&\277=H\377\003AlX\200"
 3093      EFF1FAA5 
 3093      26BF3D48 
 3093      FF03416C 
 3093      5880
 3094 00fd 1D0F63FB 		.ascii	"\035\017c\373d\315\006\202t\020\357\233\220\016i\274"
 3094      64CD0682 
 3094      7410EF9B 
 3094      900E69BC 
 3095 010d BA83F06A 		.ascii	"\272\203\360j\013\302+\033y\275\300\366\247\006^#x\377"
 3095      0BC22B1B 
 3095      79BDC0F6 
 3095      A7065E23 
 3095      78FF
 3096 011f 1C6958E3 		.ascii	"\034iX\343\325\027\204\3273\315/^>\317\221r\220\327"
 3096      D51784D7 
 3096      33CD2F5E 
 3096      3ECF9172 
 3096      90D7
 3097 0131 88C69F7E 		.ascii	"\210\306\237~\250}4v4^\376\237\227\337\262\377+\215"
 3097      A87D3476 
 3097      345EFE9F 
 3097      97DFB2FF 
 3097      2B8D
 3098 0143 87FF2752 		.ascii	"\207\377'R\346yc\264%W\346\366P;&#)\232my4\346~2^\003"
ARM GAS  C:\Users\nello\AppData\Local\Temp\ccYycJvt.s 			page 84


 3098      E67963B4 
 3098      2557E6F6 
 3098      503B2623 
 3098      299A6D79 
 3099 015d B7950A21 		.ascii	"\267\225\012!4~2\177\2469\326\247\311\365\377\\\307"
 3099      347E327F 
 3099      A639D6A7 
 3099      C9F5FF5C 
 3099      C7
 3100 016e 77217E32 		.ascii	"w!~2\027\312<\236\203\300c\232\217\367\347%\356\267"
 3100      17CA3C9E 
 3100      83C0639A 
 3100      8FF7E725 
 3100      EEB7
 3101 0180 012DC634 		.ascii	"\001-\3064\217\203\305\266\037\337+~\374b\015\266\323"
 3101      8F83C5B6 
 3101      1FDF2B7E 
 3101      FC620DB6 
 3101      D3
 3102 0191 DC5F2207 		.ascii	"\334_\"\007\366\373\020\333~\354\327o\002\266\225#\335"
 3102      F6FB10DB 
 3102      7EECD76F 
 3102      02B69523 
 3102      DD
 3103 01a2 459EDB64 		.ascii	"E\236\333d\236#T7\232\357\324/4g\267#\345\343\373?\""
 3103      9E235437 
 3103      9AEFD42F 
 3103      3467B723 
 3103      E5E3FB3F 
 3104 01b7 7E07DE4F 		.ascii	"~\007\336OC\372k\244\037 \355D\372\024\337\205k\271"
 3104      43FA6BA4 
 3104      1F20ED44 
 3104      FA14DF85 
 3104      6BB9
 3105 01c9 B50BAF5D 		.ascii	"\265\013\257]\022\267k7\265O\342\343\246\026\357\233"
 3105      12B76B37 
 3105      B54FE2E3 
 3105      A616EF9B 
 3106 01d9 34DFD621 		.ascii	"4\337\326!\231\201\217\205=H'\260\275\013\237\353\361"
 3106      99818F85 
 3106      3D4827B0 
 3106      BD0B9FEB 
 3106      F1
 3107 01ea 7E2FD23C 		.ascii	"~/\322<-\026\237`\333\032\274\337G\365\302\373\357c"
 3107      2D169F60 
 3107      DB1ABCDF 
 3107      47F5C2FB 
 3107      EF63
 3108 01fc DB14BC36 		.ascii	"\333\024\2746\340\363A\231\347\361z\274\256\225\271"
 3108      E0F34199 
 3108      E7F17ABC 
 3108      AE95B9
 3109 020b FD8D5406 		.ascii	"\375\215T\006\322D:\336)\026\357\277\217\364WH\337A"
 3109      D2443ADE 
 3109      2916EFBF 
 3109      8FF45748 
 3109      DF41
ARM GAS  C:\Users\nello\AppData\Local\Temp\ccYycJvt.s 			page 85


 3110 021d 0A451A8B 		.ascii	"\012E\032\2134\036\351\273H\357!}\017)\004\251\014\351"
 3110      341EE9BB 
 3110      48EF217D 
 3110      0F2904A9 
 3110      0CE9
 3111 022f 12F6EB40 		.ascii	"\022\366\353@\332\212\367+\2216#\255B\252A\332\202\264"
 3111      DA8AF72B 
 3111      913623AD 
 3111      42AA41DA 
 3111      82B4
 3112 0241 09A91AC9 		.ascii	"\011\251\032\311&\361zBkH\267\026\247CZ\016\320\261"
 3112      26F17A42 
 3112      6B48B716 
 3112      A7435A0E 
 3112      D0B1
 3113 0253 4CEB0B8D 		.ascii	"L\353\013\215\301$-W\216\313\301\353L\011\221o\236\353"
 3113      C1242D57 
 3113      8ECBC1EB 
 3113      4C09916F 
 3113      9EEB
 3114 0265 3A6ABBC9 		.ascii	":j\273\311\363\\q\000\300\305\031\370\317&\375;\221"
 3114      F35C7100 
 3114      C0C519F8 
 3114      CF26FD3B 
 3114      91
 3115 0276 C678648F 		.ascii	"\306xd\217lv\020\331Fl\304ak\206\367&\017\221\317\255"
 3115      6C7610D9 
 3115      466CC461 
 3115      6B86F726 
 3115      0F91CFAD 
 3116 028a F2E4489B 		.ascii	"\362\344H\233\265\262\011F\331LVY\356\2638l\223\237"
 3116      B5B20946 
 3116      D94C5659 
 3116      EEB3386C 
 3116      939F
 3117 029c C366B9CC 		.ascii	"\303f\271\314<\341s\217\342\310y\267\317\342\221\363"
 3117      3CE1738F 
 3117      E2C879B7 
 3117      CFE291F3 
 3118 02ac 7F3DE693 		.ascii	"\177=\346\223\317\361\177\237\245\031\034\330\3537\212"
 3118      CFF17F9F 
 3118      A5191CD8 
 3118      EB378A
 3119 02bb 7514DEF5 		.ascii	"u\024\336\365YlC\244,\327\354h\2253?\200f\2609\246\215"
 3119      596C43A4 
 3119      2CD7EC68 
 3119      95333F80 
 3119      66B039A6 
 3120 02d0 F1783C9F 		.ascii	"\361x<\237[\255\357E6\222F\362O\222d\265\326T\275k\353"
 3120      5BADEF45 
 3120      369246F2 
 3120      4F9264B5 
 3120      D654BD6B 
 3121 02e5 B344228B 		.ascii	"\263D\"\213\311\216\011\243\034\023\"\233\301\344p\330"
 3121      C98E09A3 
 3121      1C13229B 
 3121      C1E470D8 
ARM GAS  C:\Users\nello\AppData\Local\Temp\ccYycJvt.s 			page 86


 3122 02f5 C64C9650 		.ascii	"\306L\226P\011\307\264i\237\3136\344\254X\233a\032\201"
 3122      09C7B469 
 3122      9FCB36E4 
 3122      AC589B61 
 3122      1A81
 3123 0307 B0699EAB 		.ascii	"\260i\236\253\375\343l&[\310{\023p\3448\244\177\222"
 3123      FDE36C26 
 3123      5BC87B13 
 3123      70E438A4 
 3123      7F92
 3124 0319 912F79ED 		.ascii	"\221/y\355\375\200\005e:\304#\300d\233<M&\277\350\303"
 3124      FD800565 
 3124      3AC423C0 
 3124      649B3C4D 
 3124      26BFE8C3 
 3125 032d 7A22CB13 		.ascii	"z\"\313\023$\311\243X\303\302\300\203\227\020\373/\034"
 3125      24C9A358 
 3125      C3C2C083 
 3125      9710FB2F 
 3125      1C
 3126 033e BF996693 		.ascii	"\277\231f\223\372,2\276\032\243\200G\006\321\323f\306"
 3126      FA2C32BE 
 3126      1AA38047 
 3126      06D1D366 
 3126      C6
 3127 034f A1A1F98F 		.ascii	"\241\241\371\217\225\027\237\332@\037\004V\022\357e"
 3127      95179FDA 
 3127      401F0456 
 3127      12EF65
 3128 035e F0BEE6B8 		.ascii	"\360\276\346\270\200\212\302K\025p\222\015\255>\335"
 3128      808AC24B 
 3128      1570920D 
 3128      AD3EDD
 3129 036d 0CCCC1AF 		.ascii	"\014\314\301\257;\320\017\375o\354 t\324\345\313\272"
 3129      3BD00FFD 
 3129      6FEC2074 
 3129      D4E5CBBA 
 3130 037d 5A20207E 		.ascii	"Z  ~\2123.\340U(\360C\274ispQG\206\351\026\272\315S"
 3130      8A332EE0 
 3130      5528F043 
 3130      BC697370 
 3130      514786E9 
 3131 0395 3406DECD 		.ascii	"4\006\336\315\377\\\002\362=\211|$M\361\260Oj\202\004"
 3131      FF5C02F2 
 3131      3D897C24 
 3131      4DF1B04F 
 3131      6A8204
 3132 03a8 BB3987E8 		.ascii	"\2739\207\350\320B\002\243A\301\377c`\002\371\206\366"
 3132      D04202A3 
 3132      41C1FF63 
 3132      6002F986 
 3132      F6
 3133 03b9 BE38FFFA 		.ascii	"\2768\377\372\254(\216l\340\372\325\003\354\005\250"
 3133      AC288E6C 
 3133      E0FAD503 
 3133      EC05A8
 3134 03c8 A50F642E 		.ascii	"\245\017d.P\314\302\323wv\231|A\373\004\010\001\313"
ARM GAS  C:\Users\nello\AppData\Local\Temp\ccYycJvt.s 			page 87


 3134      50CCC2D3 
 3134      7776997C 
 3134      41FB0408 
 3134      01CB
 3135 03da BA7AB745 		.ascii	"\272z\267E\2065x<\203\236\262F\005\366\003\354\001\250"
 3135      8635783C 
 3135      839EB246 
 3135      05F603EC 
 3135      01A8
 3136 03ec A3AAD3A9 		.ascii	"\243\252\323\251\007\001\363\356W\264\021Z\246\260\001"
 3136      0701F3EE 
 3136      57B4115A 
 3136      A6B001
 3137 03fb 12991632 		.ascii	"\022\231\0262\323b\024\276<\267oW\245m\034\362\276\353"
 3137      D36214BE 
 3137      3CB76F57 
 3137      A56D1CF2 
 3137      BEEB
 3138 040d F18C8159 		.ascii	"\361\214\201Y\320\010@g\"\300\251\010\250\270\367\363"
 3138      D0084067 
 3138      22C0A908 
 3138      A8B8F7F3 
 3139 041d F33DC35B 		.ascii	"\363=\303[\027<M\235qp^\206\3474\002\261\000\341[\330"
 3139      173C4D9D 
 3139      71705E86 
 3139      E73402B1 
 3139      00E15BD8 
 3140 0431 A56920E1 		.ascii	"\245i \341\235\004;\001v@\364\213\361\244\007$\362\220"
 3140      9D043B01 
 3140      7640F48B 
 3140      F1A40724 
 3140      F290
 3141 0443 29BE26E7 		.ascii	")\276&\347\\S\270\257\342G\000\216z\255K\225)\250u~"
 3141      5C53B8AF 
 3141      E247008E 
 3141      7AAD4B95 
 3141      29A8757E 
 3142 0457 C7B9105F 		.ascii	"\307\271\020_P\263\000Q\3532\333\177+\214k\021\306\035"
 3142      50B30051 
 3142      EB32DB7F 
 3142      2B8C6B11 
 3142      C61D
 3143 0469 E3C6A5A7 		.ascii	"\343\306\245\247\0359\033\316\214;\206\306a\303\323"
 3143      1D391BCE 
 3143      8C3B86C6 
 3143      61C3D3
 3144 0478 96FE55A1 		.ascii	"\226\376U\241A\014:\201Z\036\327\014\252=S\230\231a"
 3144      410C3A81 
 3144      5A1ED70C 
 3144      AA3D5398 
 3144      9961
 3145 048a F15422EA 		.ascii	"\361T\"\352g\370\002\016\353\266\034\326m\2712\236`"
 3145      67F8020E 
 3145      EBB61CD6 
 3145      6DB9329E 
 3145      60
 3146 049b 0924C798 		.ascii	"\011$\307\230\232\327\206\266\254\227}\325<\005p\332"
ARM GAS  C:\Users\nello\AppData\Local\Temp\ccYycJvt.s 			page 88


 3146      9AD786B6 
 3146      AC977DD5 
 3146      3C0570DA 
 3147 04ab 6BCB5906 		.ascii	"k\313Y\006Zt,\253\337\346\013j\023 \312\345^Z\263U\030"
 3147      5A742CAB 
 3147      DFE60B6A 
 3147      1320CAE5 
 3147      5E5AB355 
 3148 04c0 73461873 		.ascii	"sF\030s\226\033Sy\272\2632\202\031s\226\033Srx\323\325"
 3148      961B5379 
 3148      BAB33282 
 3148      1973961B 
 3148      537278D3 
 3149 04d5 C820C69C 		.ascii	"\310 \306\234G5\317y\215y\261t\277n\314y\200\223\272"
 3149      4735CF79 
 3149      8D79B174 
 3149      BF6ECC79 
 3149      8093BA
 3150 04e8 31277563 		.ascii	"1'uc\016\217'YD\"E\204J)\331w\327c\361\325\363\"\300"
 3150      0E8F2759 
 3150      44224584 
 3150      4A29D977 
 3150      D763F1D5 
 3151 04ff 25AF311B 		.ascii	"%\2571\033\031\350\326\306#w\301\027tY\200\020P\323"
 3151      19E8D6C6 
 3151      2377C117 
 3151      74598010 
 3151      50D3
 3152 0511 707E9F59 		.ascii	"p~\237Y\030\323!\214\351\344\306T\237\331\236\312#\323"
 3152      18D3218C 
 3152      E9E4C654 
 3152      9FD99ECA 
 3152      23D3
 3153 0523 C98D79D2 		.ascii	"\311\215y\322T\325\030\026\304\030\234q\340\212fLMe"
 3153      54D51816 
 3153      C4189C71 
 3153      E08A664C 
 3153      4D65
 3154 0535 76866754 		.ascii	"v\206gT*\312T\260\035.\350\266\\\320m\3318\236\354G"
 3154      2ACA54B0 
 3154      1D2EE8B6 
 3154      5CD06DD9 
 3154      389EEC47 
 3155 0549 5B4E3035 		.ascii	"[N05\217\234iy\350\247\346U\200k^[.3\320\366;\273\217"
 3155      8F9C6979 
 3155      E8A7E655 
 3155      806B5E5B 
 3155      2E33D0F6 
 3156 0560 9A7D41D7 		.ascii	"\232}A\327\005\010\001C+\262\326Z\204-7\204-7\271-\305"
 3156      05080143 
 3156      2BB2D65A 
 3156      842D3784 
 3156      2D37B92D 
 3157 0575 DBCEA7F2 		.ascii	"\333\316\247\362\300\334\344\266\\-\334z>X`p\206\205"
 3157      C0DCE4B6 
 3157      5C2DDC7A 
 3157      3E586070 
ARM GAS  C:\Users\nello\AppData\Local\Temp\ccYycJvt.s 			page 89


 3157      8685
 3158 0587 5B5E5B2E 		.ascii	"[^[.\347\352\266\364\002\364\350\266\364\350\266,\034"
 3158      E7EAB6F4 
 3158      02F4E8B6 
 3158      F4E8B62C 
 3158      1C
 3159 0598 4FEEA02D 		.ascii	"O\356\240-/\230\232\273+\256\267D\372\252y\007\240\337"
 3159      2F989ABB 
 3159      2BAEB744 
 3159      FAAA7907 
 3159      A0DF
 3160 05aa 6B4BA642 		.ascii	"kK\246BA\275}\255U~\266\334\025 \252\352\360\236:C9"
 3160      41BD7DAD 
 3160      557EB6DC 
 3160      1520AAEA 
 3160      F09E3A43 
 3161 05bf B8276CB9 		.ascii	"\270'l\271\317m\271_}\243Wa\266\334\347\266l\313\237"
 3161      CF6DB95F 
 3161      7DA35761 
 3161      B6DCE7B6 
 3161      6CCB9F
 3162 05d2 BBC01CC4 		.ascii	"\273\300\034\304\026\\9\300\2007\311\332\257\015\376"
 3162      165C39C0 
 3162      8037C9DA 
 3162      AF0DFE
 3163 05e1 BED4D3C0 		.ascii	"\276\324\323\300\255\031\004\270\255[s[\267\246z\034"
 3163      AD1904B8 
 3163      AD5B735B 
 3163      B7A67A1C 
 3164 05f1 39C894BC 		.ascii	"9\310\224\274=\234\336\037\311D\3042\011#7v\244\311"
 3164      3D9CDE1F 
 3164      C944C432 
 3164      09233776 
 3164      A4C9
 3165 0603 41240C61 		.ascii	"A$\014a\327G\336\"\263\377VO\265\205\213\360(\370\012"
 3165      D747DE22 
 3165      B3FF564F 
 3165      B5858BF0 
 3165      28F80A
 3166 0616 1EEA221E 		.ascii	"\036\352\"\036\352\"\212\306\221\347\212\204\325\353"
 3166      EA228AC6 
 3166      91E78A84 
 3166      D5EB
 3167 0624 03362545 		.ascii	"\0036%E\262;\211\344\231X\234\323V.\012\2631\323\033"
 3167      B23B89E4 
 3167      99589CD3 
 3167      562E0AB3 
 3167      31D31B
 3168 0637 D24324CD 		.ascii	"\322C$\315px\006\210\251\005\030\006x\012\010{~)}\304"
 3168      70780688 
 3168      A9051806 
 3168      780A087B 
 3168      7E297DC4 
 3169 064b A26BF31C 		.ascii	"\242k\363\034tup\331\014\211\2326\203w\006\353'6\245"
 3169      747570D9 
 3169      0C899A36 
 3169      837706EB 
ARM GAS  C:\Users\nello\AppData\Local\Temp\ccYycJvt.s 			page 90


 3169      2736A5
 3170 065e 69C36A04 		.ascii	"i\303j\004\340\211\256\315\023]\233\347\343H\253\211"
 3170      E089AECD 
 3170      135D9BE7 
 3170      E348AB89 
 3171 066e FB277FA0 		.ascii	"\373'\177\240\354\037t\377 \374\245\016\177\251\303"
 3171      EC1F74FF 
 3171      20FCA50E 
 3171      7FA9C3
 3172 067d EF8F2399 		.ascii	"\357\217#\231f\211\024\233\251\262\247K\267.\361\213"
 3172      6689149B 
 3172      A9B2A74B 
 3172      B72EF18B 
 3173 068d 36CEB373 		.ascii	"6\316\263se-\3325\014\324\262\265v_\230/(U\200h0\327"
 3173      652DDA35 
 3173      0CD4B2B5 
 3173      765F982F 
 3173      28558068 
 3174 06a3 AD39192E 		.ascii	"\2559\031.\242\235&\353\321N\227\031\340hZ\305\200\215"
 3174      A29D26EB 
 3174      D14E9719 
 3174      E0685AC5 
 3174      808D
 3175 06b5 85225DE6 		.ascii	"\205\"]\346\231\333\275\346@\260\314\3055\021\320\365"
 3175      99DBBDE6 
 3175      40B0CCC5 
 3175      3511D0F5 
 3176 06c5 1EB566F0 		.ascii	"\036\265f\360\345\302\354\010^\353\261\035^\353\266"
 3176      E5C2EC08 
 3176      5EEBB11D 
 3176      5EEBB6
 3177 06d4 BCD66D69 		.ascii	"\274\326mi\035G\216\240-\035L\315\213K\317\226\372\215"
 3177      1D478EA0 
 3177      2D1D4CCD 
 3177      8B4BCF96 
 3177      FA8D
 3178 06e6 C22C1916 		.ascii	"\302,\031\026xmy\300@\207vT}\207a\032\274\230l\201\301"
 3178      786D79C0 
 3178      40877654 
 3178      7D87611A 
 3178      BC986C81 
 3179 06fb F76BF776 		.ascii	"\367k\367v\031\347\261\034aJ.7\345\325\222\202\225\334"
 3179      19E7B11C 
 3179      614A2E37 
 3179      E5D59282 
 3179      95DC
 3180 070d 945C3485 		.ascii	"\224\\4\205\314\267\320\306\315\273r*\024_\321\013e"
 3180      CCB7D0C6 
 3180      CDBB722A 
 3180      145FD10B 
 3180      65
 3181 071e C8F78A5E 		.ascii	"\310\367\212^\302@eM\365'\211/\250@\200\020\220\337"
 3181      C240654D 
 3181      F527892F 
 3181      A8408010 
 3181      90DF
 3182 0730 794F11A2 		.ascii	"yO\021\242\013\205\350E\\tm\333\376=\300D/\222!O\246"
ARM GAS  C:\Users\nello\AppData\Local\Temp\ccYycJvt.s 			page 91


 3182      0B85E845 
 3182      5C746DDB 
 3182      FE3DC044 
 3182      2F92214F 
 3183 0745 F3E6FA47 		.ascii	"\363\346\372Gw\303\203\270\021\227\373\260\230wZ\276"
 3183      77C383B8 
 3183      1197FBB0 
 3183      98775ABE 
 3184 0755 BD6DBBF2 		.ascii	"\275m\273\362~\021K\355\374\335\343\365\324^\"C\246"
 3184      7E114BED 
 3184      FCDDE3F5 
 3184      D45E2243 
 3184      A6
 3185 0766 ECF5282E 		.ascii	"\354\365(.\3535\217\326\217%\345L\333\255\353n>4\277"
 3185      EB358FD6 
 3185      8F25E54C 
 3185      DBADEB6E 
 3185      3E34BF
 3186 0779 5FE4A149 		.ascii	"_\344\241IXF\207D\243L3j\231\336g\031[\036\221\032\206"
 3186      58468744 
 3186      A34C336A 
 3186      99DE6719 
 3186      5B1E911A 
 3187 078e EE98B735 		.ascii	"\356\230\2675\317\327\367\022,\367\232\277\217A\016"
 3187      CFD7F712 
 3187      2CF79ABF 
 3187      8F410E
 3188 079d D4A65F8D 		.ascii	"\324\246_\215\364u}\211\254\203h\261_\326T\037\"\354"
 3188      F4757D89 
 3188      AC8368B1 
 3188      5FD6541F 
 3188      22EC
 3189 07af 2F15F6AF 		.ascii	"/\025\366\257\340\246\214\334\314\373.3\177\005\365"
 3189      E0A68CDC 
 3189      CCFB2E33 
 3189      7F05F5
 3190 07be 7C1BE39A 		.ascii	"|\033\343\232\236Q\334\3427'\256\222\241\314+\272\203"
 3190      9E51DCE2 
 3190      3727AE92 
 3190      A1CC2BBA 
 3190      83
 3191 07cf 83       		.ascii	"\203"
 3192 07d0 1EAF7AE2 		.ascii	"\036\257z\342\267zY-@\010h/.\256\226\205\3505Bt9\027"
 3192      B77A592D 
 3192      4008682F 
 3192      2EAE9685 
 3192      E8354274 
 3193 07e6 BDE144E7 		.ascii	"\275\341D\347\260\250N\345\262\356\351\012\364\334J"
 3193      B0A84EE5 
 3193      B2EEE90A 
 3193      F4DC4A
 3194 07f5 8E296D3F 		.ascii	"\216)m?\270\330D=V[\364\272\254\004\230\307*d(\326="
 3194      B8D8443D 
 3194      565BF4BA 
 3194      AC0498C7 
 3194      2A6428D6 
 3195 080a 56CC3D56 		.ascii	"V\314=V`\225H\271\225\3668\357i-\265\006\226\212\365"
ARM GAS  C:\Users\nello\AppData\Local\Temp\ccYycJvt.s 			page 92


 3195      609548B9 
 3195      95F638EF 
 3195      692DB506 
 3195      968AF5
 3196 081d B26FA958 		.ascii	"\262o\251X\264=\177w\0303\274\222\032\276\211\3665\277"
 3196      B43D7F77 
 3196      1833BC92 
 3196      1ABE89F6 
 3196      35BF
 3197 082f 3C77FEB4 		.ascii	"<w\376\264\305\366=\000\374C\016}\236\306\271D\202O"
 3197      C5F63D00 
 3197      FC430E7D 
 3197      9EC6B944 
 3197      824F
 3198 0841 E0630936 		.ascii	"\340c\0116\312\200{\023\334\005\300\026\231\336b\300"
 3198      CA807B13 
 3198      DC05C016 
 3198      99DE62C0 
 3199 0851 5FFC00AF 		.ascii	"_\374\000\2574\007_\235\336\020J%\3665\004\307#\246"
 3199      34075F9D 
 3199      DE104A25 
 3199      F63504C7 
 3199      23A6
 3200 0863 7BC5AA82 		.ascii	"{\305\252\2020\341\214*\341\214jn\350\352C\271Yf\246"
 3200      30E18C2A 
 3200      E18C6A6E 
 3200      E8EA43B9 
 3200      5966A6
 3201 0876 4FB50C1B 		.ascii	"O\265\014\033h\227\225K^\\\343-\350\232\032\332\262"
 3201      6897954B 
 3201      5E5CE32D 
 3201      E89A1ADA 
 3201      B2
 3202 0887 FDC4BC0A 		.ascii	"\375\304\274\012\2537W\267\322\226\345\353\216\377s"
 3202      AB3757B7 
 3202      D296E5EB 
 3202      8EFF73
 3203 0896 300FE276 		.ascii	"0\017\342v\022\266q\306w{O\347DP\017\016\266\264d\344"
 3203      12B671C6 
 3203      777B4FE7 
 3203      44500F0E 
 3203      B6B464E4 
 3204 08aa 79E037F8 		.ascii	"y\3407\370\022\326\351\376[\247e\034\363\335\305\272"
 3204      12D6E9FE 
 3204      5BA7651C 
 3204      F3DDC5BA 
 3205 08ba EEBC50AF 		.ascii	"\356\274P\257\000ZR\036\325\366.\261\004\031\013\270"
 3205      005A521E 
 3205      D5F62EB1 
 3205      04190BB8 
 3206 08ca ED845D9C 		.ascii	"\355\204]\234\377\323\316\013\305!,\247\207\312\347"
 3206      FFD3CE0B 
 3206      C5212CA7 
 3206      87CAE7
 3207 08d9 3E3517D5 		.ascii	">5\027\325z\322M\024\000;u\031;\271\214\207V\211-Q\303"
 3207      7AD24D14 
 3207      003B7519 
ARM GAS  C:\Users\nello\AppData\Local\Temp\ccYycJvt.s 			page 93


 3207      3BB98C87 
 3207      56892D51 
 3208 08ee D812B587 		.ascii	"\330\022\265\207?X\311\013&\372@\373\223Cf\233G\013"
 3208      3F58C90B 
 3208      26FA40FB 
 3208      9343669B 
 3208      470B
 3209 0900 1BBEF0FA 		.ascii	"\033\276\360\372g?\212\232\002S\030\270\022\330\345"
 3209      673F8A9A 
 3209      025318B8 
 3209      12D8E5
 3210 090f 33F67F50 		.ascii	"3\366\177Pb|<\0262?\204\363\352\303<\320n{$\262<D\""
 3210      627C3C16 
 3210      323F84F3 
 3210      EAC33CD0 
 3210      6E7B24B2 
 3211 0926 6B4228EF 		.ascii	"kB(\357\033\2176\017\371\025\344f\031ZD\252\016\364"
 3211      1B8F360F 
 3211      F915E466 
 3211      195A44AA 
 3211      0EF4
 3212 0938 145719A2 		.ascii	"\024W\031\242\323\"\242s\214\236=lBN;\030\247#\217\217"
 3212      D322A273 
 3212      8C9E3D6C 
 3212      424E3B18 
 3212      A7238F8F 
 3213 094c 2F310526 		.ascii	"/1\005&\327\011cr1\371\027\271r\015\022i\300\316-H'"
 3213      D7096372 
 3213      31F917B9 
 3213      720D1269 
 3213      C0CE2D48 
 3214 0961 2903F385 		.ascii	")\003\363\205\373\017V\205FM\234\210\232\244\323\011"
 3214      FB0F5685 
 3214      464D9C88 
 3214      9AA4D309 
 3215 0971 05579B32 		.ascii	"\005W\2332\340j\224.:\317R\205\340\274\014\347\250\277"
 3215      E06A942E 
 3215      3ACF5285 
 3215      E0BC0CE7 
 3215      A8BF
 3216 0983 50C8F08B 		.ascii	"P\310\360\213\245\013\233\"\260\272\244\207\321e\343"
 3216      A50B9B22 
 3216      B0BAA487 
 3216      D165E3
 3217 0992 199942BC 		.ascii	"\031\231B\274\232M\221\250x\012\253\311K\303\325\010"
 3217      9A4D91A8 
 3217      780AABC9 
 3217      4BC3D508 
 3218 09a2 C7B40560 		.ascii	"\307\264\005`\246\262=\360\243kml\266\361\025\332\346"
 3218      A6B23DF0 
 3218      A36B6D6C 
 3218      B6F115DA 
 3218      E6
 3219 09b3 2F94E97E 		.ascii	"/\224\351~\032\227\275\250p\007\263\370P\305\360\035"
 3219      1A97BDA8 
 3219      7007B3F8 
 3219      50C5F01D 
ARM GAS  C:\Users\nello\AppData\Local\Temp\ccYycJvt.s 			page 94


 3220 09c3 BF027B49 		.ascii	"\277\002{I\206\313\336Zp\235\2016\324\014-\362[wv\010"
 3220      86CBDE5A 
 3220      709D8136 
 3220      D40C2DF2 
 3220      5B777608 
 3221 09d7 10DD313C 		.ascii	"\020\3351<\250\3170\011\007w\012\025\257\260,R^\357"
 3221      A8CF3009 
 3221      07770A15 
 3221      AFB02C52 
 3221      5EEF
 3222 09e9 5D7F418E 		.ascii	"]\177A\216\232\310\342\3174\324<\213\262\272\230\206"
 3222      9AC8E2CF 
 3222      34D43C8B 
 3222      B2BA9886 
 3223 09f9 DD9A4F6A 		.ascii	"\335\232Oj\236\325z<!a\330\217\332\332\025\304\326\312"
 3223      9ED57A3C 
 3223      2161D88F 
 3223      DADA15C4 
 3223      D6CA
 3224 0a0b C74FD6B1 		.ascii	"\307O\326\261y\303\227S\207\017'r\017-\034@z\202\364"
 3224      79C39753 
 3224      870F2772 
 3224      0F2D1C40 
 3224      7A82F4
 3225 0a1e 1229DDC6 		.ascii	"\022)\335\306\254\275y6\337\257\250\335\224\341\226"
 3225      ACBD7936 
 3225      DFAFA8DD 
 3225      94E196
 3226 0a2d 30E4C8D3 		.ascii	"0\344\310\323\252M\206\251\354\226\220\337K3\245\300"
 3226      AA4D86A9 
 3226      EC9690DF 
 3226      4B33A5C0 
 3227 0a3d 465D6866 		.ascii	"F]hf+\030\013\273\243\234\276&\305\214\373@\373\371"
 3227      2B180BBB 
 3227      A39CBE26 
 3227      C58CFB40 
 3227      FBF9
 3228 0a4f 4691E3BA 		.ascii	"F\221\343\272f\3752\342P\261;2\334\226\311*\233D\326"
 3228      66FD32E2 
 3228      50B13B32 
 3228      DC96C92A 
 3228      9B44D6
 3229 0a62 3278FBD0 		.ascii	"2x\373\320\372\256\360 \005\024\356\313\336\022\332"
 3229      FAAEF020 
 3229      0514EECB 
 3229      DE12DA
 3230 0a71 DBBBBC3C 		.ascii	"\333\273\274<T@\006\204:\203T\235Z\344u\000\251\231"
 3230      54400684 
 3230      3A83549D 
 3230      5AE47500 
 3230      A999
 3231 0a83 F21B7DA3 		.ascii	"\362\033}\243\276\177\015L\0343\221\177h~\355\337uu"
 3231      BE7F0D4C 
 3231      1C33917F 
 3231      687EEDDF 
 3231      7575
 3232 0a95 D90F0FA5 		.ascii	"\331\017\017\245y\232\033\0003\035\256\313\360\330\337"
ARM GAS  C:\Users\nello\AppData\Local\Temp\ccYycJvt.s 			page 95


 3232      799A1B00 
 3232      331DAECB 
 3232      F0D8DF
 3233 0aa4 A1FE7E94 		.ascii	"\241\376~\224(\204\246:\316\\2<\227\341\251\014Odx!"
 3233      2884A63A 
 3233      CE5C323C 
 3233      97E1A90C 
 3233      4F647821 
 3234 0ab8 C3900CCF 		.ascii	"\303\220\014\317\250ki\217\322\015\205\021\371s\011"
 3234      A86B698F 
 3234      D20D8511 
 3234      F97309
 3235 0ac7 DC95A12F 		.ascii	"\334\225\241/\010S\252\360\302\026\016\031\224\341\336"
 3235      0853AAF0 
 3235      C2160E19 
 3235      94E1DE
 3236 0ad6 1BE4DE59 		.ascii	"\033\344\336Y\257sy\024\234K\315\311,\236\372\2552\\"
 3236      AF737914 
 3236      9C4BCDC9 
 3236      2C9EFAAD 
 3236      325C
 3237 0ae8 7B83A04C 		.ascii	"{\203\240LMP,<x\203\234gB\316\30370\331\2421\351\225"
 3237      4D502C3C 
 3237      78839C67 
 3237      42CEC337 
 3237      30D9A231 
 3238 0afe E1461008 		.ascii	"\341F\020\010\033\354\037\263\321\323\214\213~\226\005"
 3238      1BEC1FB3 
 3238      D1D38C8B 
 3238      7E9605
 3239 0b0d DFC73515 		.ascii	"\337\3075\025\273\340~?\224\355\002\272\347\256\341"
 3239      BBE07E3F 
 3239      94ED02BA 
 3239      E7AEE1
 3240 0b1c F384615E 		.ascii	"\363\204a^I\245\010\364'\362\366\020\306f2\311\012\225"
 3240      49A508F4 
 3240      27F2F610 
 3240      C66632C9 
 3240      0A95
 3241 0b2e C842D665 		.ascii	"\310B\326e`[go\270\177\227\371\306.d\031\202W0\360\225"
 3241      605B676F 
 3241      B87F97F9 
 3241      C62E6419 
 3241      825730F0 
 3242 0b43 679BCF06 		.ascii	"g\233\317\006\200\263|\300\353B\251f\223\341\277\331"
 3242      80B37CC0 
 3242      EB42A966 
 3242      93E1BFD9 
 3243 0b53 7F896C61 		.ascii	"\177\211la\035S\273J*\331\2249\344i(\3127\353\345!\217"
 3243      1D53BB4A 
 3243      2AD99439 
 3243      E46928CA 
 3243      37EBE521 
 3244 0b68 82B06F2E 		.ascii	"\202\260o.\201\034B\267\364\2519\373\"D\266-$\272\027"
 3244      811C42B7 
 3244      F4A939FB 
 3244      2244B62D 
ARM GAS  C:\Users\nello\AppData\Local\Temp\ccYycJvt.s 			page 96


 3244      24BA17
 3245 0b7b F289563B 		.ascii	"\362\211V;\260\340\325\242B\373\220\232By\323\217x\271"
 3245      B0E0D5A2 
 3245      42FB909A 
 3245      4279D38F 
 3245      78B9
 3246 0b8d 97C931AD 		.ascii	"\227\3111\255a2/\21529\2515L g\021\177\231\351r\367"
 3246      61322F8D 
 3246      3239A935 
 3246      4C206711 
 3246      7F99E972 
 3247 0ba2 F0ED13E1 		.ascii	"\360\355\023\341\201\025v\0051TXr]\3538\236\364b\307"
 3247      81157605 
 3247      31545872 
 3247      5DEB389E 
 3247      F462C7
 3248 0bb5 7EED6914 		.ascii	"~\355i\024\271\217O\017\220\206\220\236\"=Gz\2114/\014"
 3248      B98F4F0F 
 3248      9086909E 
 3248      223D477A 
 3248      89342F0C 
 3249 0bc9 598F3DB5 		.ascii	"Y\217=\265\177\340\201<qb\324D\303\010\030*\277\332"
 3249      7FE0813C 
 3249      7162D444 
 3249      C308182A 
 3249      BFDA
 3250 0bdb 3DA9898F 		.ascii	"=\251\211\217\200\225\004\326\020\330\"\254*#z\236\015"
 3250      809504D6 
 3250      10D822AC 
 3250      2A237A9E 
 3250      0D
 3251 0bec E7F23C43 		.ascii	"\347\362<C\314\006\037\214\236EZe-&\200{q\330\310@\250"
 3251      CC061F8C 
 3251      9E455A65 
 3251      2D26807B 
 3251      71D8C840 
 3252 0c01 F0660235 		.ascii	"\360f\0025\004\266\021\250\"\260\203@5\201M\004v\022"
 3252      04B611A8 
 3252      22B08340 
 3252      35814D04 
 3252      7612
 3253 0c13 D84E602B 		.ascii	"\330N`+\321J\332\210`\276\316\2079=\251\365\026\371"
 3253      D14ADA88 
 3253      60BECE87 
 3253      393DA9F5 
 3253      16F9
 3254 0c25 970254E1 		.ascii	"\227\002T\341\003*'\002\364L\200*\003\324\32409\013"
 3254      032A2702 
 3254      F44C802A 
 3254      03D4D430 
 3254      390B
 3255 0c37 754CA90F 		.ascii	"uL\251\017\246\304\300\350\271`\264>P%\356\223L\301"
 3255      A6C4C0E8 
 3255      B960B43E 
 3255      5025EE93 
 3255      4CC1
 3256 0c49 68552023 		.ascii	"hU #\216y!\370\254\015\324\232c^\013\314\352@\377\243"
ARM GAS  C:\Users\nello\AppData\Local\Temp\ccYycJvt.s 			page 97


 3256      8E7921F8 
 3256      AC0DD49A 
 3256      635E0BCC 
 3256      EA40FFA3 
 3257 0c5d 42A4204C 		.ascii	"B\244 L\"\213i\014\345\341\214\353\033#|\013\364n\364"
 3257      228B690C 
 3257      E5E18CEB 
 3257      1B237C0B 
 3257      F46EF4
 3258 0c70 33D10B74 		.ascii	"3\321\013t\311\255\236\001C\201\256\025\334\352\220"
 3258      C9AD9E01 
 3258      4381AE15 
 3258      DCEA90
 3259 0c7f 1B29A35C 		.ascii	"\033)\243\\\314+V\235\230K0\023(\254\371T\036\033\331"
 3259      CC2B569D 
 3259      984B3013 
 3259      28ACF954 
 3259      1E1BD9
 3260 0c92 75047611 		.ascii	"u\004v\021\330\027$\262\203-\325\277\246\010\324l9C"
 3260      D81724B2 
 3260      832DD5BF 
 3260      A608D46C 
 3260      3943
 3261 0ca4 F018EB4E 		.ascii	"\360\030\353N\025\301_J`\011\006\177\017Ca\360\353\011"
 3261      15C15F4A 
 3261      6009067F 
 3261      0F4361F0 
 3261      EB09
 3262 0cb6 ECA54126 		.ascii	"\354\245A&[\320\200\255H\265T\274\265j\311\261>+\315"
 3262      5BD080AD 
 3262      48B554BC 
 3262      B56AC9B1 
 3262      3E2BCD
 3263 0cc9 433EC757 		.ascii	"C>\307Wy\347\370N6\1777\2769\271\352\261\356\310\354"
 3263      79E7F84E 
 3263      367F37BE 
 3263      39B9EAB1 
 3263      EEC8EC
 3264 0cdc 4CA791F1 		.ascii	"L\247\221\361?H\240\211\300!o\036Uk\353\200N\266Vh\014"
 3264      3F48A089 
 3264      C0216F1E 
 3264      556BEB80 
 3264      4EB65668 
 3265 0cf1 16FDC1DA 		.ascii	"\026\375\301\332rn.\256z\033\210\021\243\005\226.Ek"
 3265      726E2EAE 
 3265      7A1B8811 
 3265      A305962E 
 3265      456B
 3266 0d03 86CACC51 		.ascii	"\206\312\314Q\001R/\007\221J\366\241QM\314\250\336W"
 3266      01522F07 
 3266      914AF6A1 
 3266      514DCCA8 
 3266      DE57
 3267 0d15 9557C3E9 		.ascii	"\225W\303\351\354\342a\023\313\301K\023\265\211\245"
 3267      ECE26113 
 3267      CBC14B13 
 3267      B589A5
ARM GAS  C:\Users\nello\AppData\Local\Temp\ccYycJvt.s 			page 98


 3268 0d24 4786A304 		.ascii	"G\206\243\004Z\336f\225D!\310\275\231\300q\002\307\010"
 3268      5ADE6695 
 3268      4421C8BD 
 3268      99C07102 
 3268      C708
 3269 0d36 9F496A3A 		.ascii	"\237Ij:\327z\230M\207\011\034`\\\274h\235K\315E\015"
 3269      D77A984D 
 3269      87091C60 
 3269      5CBC689D 
 3269      4BCD450D 
 3270 0d4a D22EC311 		.ascii	"\322.\303\021\006\341\345\313\013!\315T\277\367\263"
 3270      06E1E5CB 
 3270      0B21CD54 
 3270      BFF7B3
 3271 0d59 EEE66C81 		.ascii	"\356\346l\201\211\306\017-\0044\274W\326\232\250\236"
 3271      89C60F2D 
 3271      0434BC57 
 3271      D69AA89E 
 3272 0d69 D8713F81 		.ascii	"\330q?\201\313\376\022\250\323F\016\363\352\217\253"
 3272      CBFE12A8 
 3272      D3460EF3 
 3272      EA8FAB
 3273 0d78 E2450CE2 		.ascii	"\342E\014\3425\245@dqf\006w>.\337\013\0031\232\367\253"
 3273      35A54064 
 3273      71660677 
 3273      3E2EDF0B 
 3273      03319AF7 
 3274 0d8d D71786D7 		.ascii	"\327\027\206\327x\010\244\021x-S\020\255\321\022\274"
 3274      7808A411 
 3274      782D5310 
 3274      ADD112BC 
 3275 0d9d A2E25ECA 		.ascii	"\242\342^\312\314\232\376\015\2725\247\031\304k\315"
 3275      CC9AFE0D 
 3275      BA35A719 
 3275      C46BCD
 3276 0dac 4959B7F8 		.ascii	"IY\267\370\276\260x11b\032\304\350\334xt\276g\324\334"
 3276      BEB07831 
 3276      31621AC4 
 3276      E8DC7874 
 3276      BE67D4DC 
 3277 0dc0 30C82030 		.ascii	"0\310 0\217\370\211J'\334q\332\344\211\323\331U\331"
 3277      8FF8894A 
 3277      27DC71DA 
 3277      E489D3D9 
 3277      55D9
 3278 0dd2 A8F2059D 		.ascii	"\250\362\005\235\315`\346qn:.\017\216\372`\216\030j"
 3278      CD60E671 
 3278      6E3A2E0F 
 3278      8EFA608E 
 3278      186A
 3279 0de4 53493667 		.ascii	"SI6g\024\013'|L?$0\2039\233\012\275\211wX\016\000q\235"
 3279      140B277C 
 3279      4C3F2430 
 3279      83399B0A 
 3279      BD897758 
 3280 0dfc 9F89D9FC 		.ascii	"\237\211\331\374x\2400\256P\361Q\316'\237@\266\217\260"
 3280      78A030AE 
ARM GAS  C:\Users\nello\AppData\Local\Temp\ccYycJvt.s 			page 99


 3280      50F151CE 
 3280      279F40B6 
 3280      8FB0
 3281 0e0e 57B25F5E 		.ascii	"W\262_^\341V\361\240\314\266\256\227Yf\265\022\270B"
 3281      E156F1A0 
 3281      CCB6AE97 
 3281      5966B512 
 3281      B842
 3282 0e20 E00C8193 		.ascii	"\340\014\201\223\3500\002\227\010t\0208K\3404\201s\004"
 3282      E8300297 
 3282      08741038 
 3282      4BE03481 
 3282      7304
 3283 0e32 3A09B411 		.ascii	":\011\264\021\270H\340<\201\013\004\332\265A5\270R\013"
 3283      B848E03C 
 3283      810B04DA 
 3283      B54135B8 
 3283      520B
 3284 0e44 D9020299 		.ascii	"\331\002\002\231\376~\344\203\277\346\212\2466f\372"
 3284      FE7EE483 
 3284      BFE68AA6 
 3284      3666FA
 3285 0e53 C5403F6A 		.ascii	"\305@?j\240\333Z\314\2602,c|x\261\020E\036G\336\343"
 3285      A0DB5ACC 
 3285      B0322C63 
 3285      7C78B110 
 3285      451E47DE 
 3286 0e68 EC33CBAC 		.ascii	"\3543\313\254Q\001\026\254\376\277[@N\206\361\311\361"
 3286      510116AC 
 3286      FEBF5B40 
 3286      4E86F1C9 
 3286      F1
 3287 0e79 63721E87 		.ascii	"cr\036\207\352e\244nVH\367\247\355\311\016\011\234g"
 3287      EA65A46E 
 3287      5648F7A7 
 3287      EDC90E09 
 3287      9C67
 3288 0e8b AF139F6D 		.ascii	"\257\023\237m\262r u\336\002\231\025\312\332\316\354"
 3288      B2722075 
 3288      DE029915 
 3288      CADACEEC 
 3289 0e9b A2340B1B 		.ascii	"\2424\013\033\3217\010\\#p+X\251\364Yr\327\003\005!"
 3289      D137085C 
 3289      23702B58 
 3289      A9F45972 
 3289      D7030521 
 3290 0eaf B79B8417 		.ascii	"\267\233\204\027\347\202\245\353B\002W\346\373|`\244"
 3290      E782A5EB 
 3290      420257E6 
 3290      FB7C60A4 
 3291 0ebf 9F69FC47 		.ascii	"\237i\374G\375\024\360\2178\001<b:W\314\277\364:\310"
 3291      FD14F08F 
 3291      38013C62 
 3291      3A57CCBF 
 3291      F43AC8
 3292 0ed2 EEAB9F62 		.ascii	"\356\253\237b\350\372\231\300mB^R\250\262\246\271\264"
 3292      E8FA99C0 
ARM GAS  C:\Users\nello\AppData\Local\Temp\ccYycJvt.s 			page 100


 3292      6D425E52 
 3292      A8B2A6B9 
 3292      B4
 3293 0ee3 C41615B8 		.ascii	"\304\026\025\270\315\272\003p\237\311\032\320\012L-"
 3293      CDBA0370 
 3293      9FC91AD0 
 3293      0A4C2D
 3294 0ef2 96AA7F9D 		.ascii	"\226\252\177\235\313\312/\257\037\367\375\353\007\012"
 3294      CBCA2FAF 
 3294      1FF7FDEB 
 3294      070A
 3295 0f00 6ECE5E96 		.ascii	"n\316^\226\037\031\270}\272\353\303\214\257j\200\314"
 3295      1F19B87D 
 3295      BAEBC38C 
 3295      AF6A80CC 
 3296 0f10 0B97480E 		.ascii	"\013\227H\016\322\022\244\022\244\325\341\224\305\311"
 3296      D212A412 
 3296      A4D5E194 
 3296      C5C9
 3297 0f1e E6862711 		.ascii	"\346\206'\021\201\272?\361\365\267u\370\345\353\034"
 3297      81BA3FF1 
 3297      F5B775F8 
 3297      E5EB1C
 3298 0f2d 93981A4E 		.ascii	"\223\230\032N\225kS\303S\002\217\011<\013(\327\001U"
 3298      956B53C3 
 3298      53028F09 
 3298      3C0B28D7 
 3298      0155
 3299 0f3f FA2A5014 		.ascii	"\372*P\024r\034!\360\234\300\2607\215O6\361\272\177"
 3299      721C21F0 
 3299      9CC0B037 
 3299      8D4F36F1 
 3299      BA7F
 3300 0f51 93CD0DCF 		.ascii	"\223\315\015\317\202\256\014Z\265\371\343&\233\207\236"
 3300      82AE0C5A 
 3300      B5F9E326 
 3300      9B879E
 3301 0f60 F9C717AD 		.ascii	"\371\307\027\255\310h\276\335m\013\234\032\256\007\021"
 3301      C868BEDD 
 3301      6D0B9C1A 
 3301      AE0711
 3302 0f6f 4AAAD1F6 		.ascii	"J\252\321\366:f\373\256\233%\027m\266\236\200\365\345"
 3302      3A66FBAE 
 3302      9B25176D 
 3302      B69E80F5 
 3302      E5
 3303 0f80 2BDFF5A5 		.ascii	"+\337\365\245\365\334\346\322\014\266@\343S\310\334"
 3303      F5DCE6D2 
 3303      0CB640E3 
 3303      53C8DC
 3304 0f8f FA898B3D 		.ascii	"\372\211\213=,\341^\020\030\"\220\252\370\225\346\253"
 3304      2CE15E10 
 3304      182290AA 
 3304      F895E6AB 
 3305 0f9f B4       		.ascii	"\264"
 3306 0fa0 6494A3CE 		.ascii	"d\224\243\316E\210yM\340%\303x\243\247\25504e\307K\360"
 3306      4588794D 
ARM GAS  C:\Users\nello\AppData\Local\Temp\ccYycJvt.s 			page 101


 3306      E025C378 
 3306      A3A7AD30 
 3306      3465C74B 
 3307 0fb5 80D01505 		.ascii	"\200\320\025\005=\213E\024\212\365(\220\246\300\\E\233"
 3307      3D8B4514 
 3307      8AF52890 
 3307      A6C05C45 
 3307      9B
 3308 0fc6 3DFB35EB 		.ascii	"=\3735\353\237\003<b\214\374Wa\364\004&\275\354\220"
 3308      9F033C62 
 3308      8CFC5761 
 3308      F40426BD 
 3308      EC90
 3309 0fd8 292A8065 		.ascii	")*\200ej\020\226\374p\002H#\272\241\031\251\235\272"
 3309      6A1096FC 
 3309      70024823 
 3309      BAA119A9 
 3309      9DBA
 3310 0fea C27CB0B1 		.ascii	"\302|\260\261(\227\306\227\206\244U+\255\3452d*\260"
 3310      2897C697 
 3310      86A4552B 
 3310      ADE53264 
 3310      2AB0
 3311 0ffc 2050A0F0 		.ascii	" P\240\360"
 3312 1000 F33C859A 		.ascii	"\363<\205\232\003\031\014\206r\262\025\310R\264\275"
 3312      03190C86 
 3312      72B215C8 
 3312      52B4BD
 3313 100f 56CBA6DF 		.ascii	"V\313\246\337R.|\202\\\340\357#\322\305B\220\273\243"
 3313      522E7C82 
 3313      5CE0EF23 
 3313      D2C54290 
 3313      BBA3
 3314 1021 ADC91415 		.ascii	"\255\311\024\025\3000\307\237!\253\0255\300\225\017"
 3314      C030C79F 
 3314      21AB1535 
 3314      C0950F
 3315 1030 25FDA8F8 		.ascii	"%\375\250\370\000cP\370\250\374axX\317\033\017\260\224"
 3315      006350F8 
 3315      A8FC6178 
 3315      58CF1B0F 
 3315      B094
 3316 1042 6DABF6CE 		.ascii	"m\253\366\316\017\231\030\2051\031>S\230\227\026\305"
 3316      0F991885 
 3316      31193E53 
 3316      989716C5 
 3317 1052 F3B65081 		.ascii	"\363\266P\201\002\005\026+o+\025G\200\202P\221E\012"
 3317      0205162B 
 3317      6F2B1547 
 3317      80825091 
 3317      450A
 3318 1064 2F150DB5 		.ascii	"/\025\015\265\017\266\331\002kE\263\037nt\271\247\377"
 3318      0FB6D902 
 3318      6B45B31F 
 3318      6E74B9A7 
 3318      FF
 3319 1075 5C84BEA6 		.ascii	"\\\204\276\246\347\211Spa\222\2268\203\004\356a\275"
ARM GAS  C:\Users\nello\AppData\Local\Temp\ccYycJvt.s 			page 102


 3319      E7895370 
 3319      61929638 
 3319      8304EE61 
 3319      BD
 3320 1086 154951E4 		.ascii	"\025IQ\344\237\024\013\025\310S\330\311\3622\306\267"
 3320      9F140B15 
 3320      C853D8C9 
 3320      F232C6B7 
 3321 1096 5881E50A 		.ascii	"X\201\345\012,U\240T\201\"\005V(P\242\300J\315\3275"
 3321      2C55A054 
 3321      81220556 
 3321      2850A2C0 
 3321      4ACDD735 
 3322 10aa 27B4A56A 		.ascii	"'\264\245j/\201\253\214\257\327\254\036\"*\375\312-"
 3322      2F81AB8C 
 3322      AFD7AC1E 
 3322      222AFDCA 
 3322      2D
 3323 10bb BCD2E72A 		.ascii	"\274\322\347*0_\241 \356l\343\222e#\205\320\254MW\340"
 3323      305FA120 
 3323      EE6CE392 
 3323      652385D0 
 3323      AC4D57E0 
 3324 10cf 2163C433 		.ascii	"!c\3043\311\230\2655W4>]\270\336b\352\361\351@\233\345"
 3324      C998B535 
 3324      57343E5D 
 3324      B8DE62EA 
 3324      F1E9409B 
 3325 10e4 B531BB5F 		.ascii	"\2651\273_\323\350.\201\276@\215\370\224y\251\225'Z"
 3325      D3E82E81 
 3325      BE408DF8 
 3325      9479A995 
 3325      275A
 3326 10f6 AE0CDD3E 		.ascii	"\256\014\335>\230\006\275\210\014\336\336\3021K\024"
 3326      9806BD88 
 3326      0CDEDEC2 
 3326      314B14
 3327 1105 C8578C98 		.ascii	"\310W\214\230\003\"\373K\216\016\014X\243\002|W\360"
 3327      0322FB4B 
 3327      8E0E0C58 
 3327      A3027C57 
 3327      F0
 3328 1116 76DFD1EF 		.ascii	"v\337\321\357\252{\236\275'\326\345\253\204\2002\205"
 3328      AA7B9EBD 
 3328      27D6E5AB 
 3328      84803285 
 3329 1126 7FA9D87A 		.ascii	"\177\251\330z`1\214\346\001/\223\261U\007\254V\330)"
 3329      60318CE6 
 3329      012F93B1 
 3329      5507AC56 
 3329      D829
 3330 1138 20DB42AF 		.ascii	" \333B\257\0319b\263\322-nf\017.\377\265\271x\215\""
 3330      193962B3 
 3330      D22D6E66 
 3330      0F2EFFB5 
 3330      B9788D22 
 3331 114c 76B8CF58 		.ascii	"v\270\317X\266\236\316k\357\212\360\303A\271\342\203"
ARM GAS  C:\Users\nello\AppData\Local\Temp\ccYycJvt.s 			page 103


 3331      B69ECE6B 
 3331      EF8AF0C3 
 3331      41B9E283 
 3332 115c CC8CC03A 		.ascii	"\314\214\300:\215\264(\202\3668\263\255):\310\251\261"
 3332      8DB42882 
 3332      F638B3AD 
 3332      293AC8A9 
 3332      B1
 3333 116d E23B1DAE 		.ascii	"\342;\035\256:|\347\024\260\351p\370\311\303\255['j"
 3333      3A7CE714 
 3333      B0E970F8 
 3333      C9C3AD5B 
 3333      276A
 3334 117f 3BC74A05 		.ascii	";\307J\005\326)\260\361mY.Q\010r\333@]B\232\230\334"
 3334      D629B0F1 
 3334      6D592E51 
 3334      0872DB40 
 3334      5D429A98 
 3335 1194 EAC5853B 		.ascii	"\352\305\205;C\003\363|\223b\304bmlYs\342}\357\274\260"
 3335      4303F37C 
 3335      9362C462 
 3335      6D6C5973 
 3335      E27DEFBC 
 3336 11a9 7F57DBA3 		.ascii	"\177W\333\243I\025i\036\232@\025\012]\226T)\232+\336"
 3336      4915691E 
 3336      9A40150A 
 3336      5D965429 
 3336      9A2BDE
 3337 11bc B063A893 		.ascii	"\260c\250\223)\004\331mQ\240Z\201\032o\355\330p\212"
 3337      2904D96D 
 3337      51A05A81 
 3337      1A6FEDD8 
 3337      708A
 3338 11ce 477DB502 		.ascii	"G}\265\002\373\030\304oV\240\230\252j\216\331\254\300"
 3338      FB18C46F 
 3338      56A098AA 
 3338      6A8ED9AC 
 3338      C0
 3339 11df 5AC588D1 		.ascii	"Z\305\210\321\246 r\216\031\2621w\365`x\340\324\260"
 3339      A620728E 
 3339      19B23177 
 3339      F56078E0 
 3339      D4B0
 3340 11f1 5509948C 		.ascii	"U\011\224\214\350\266\372\365\365d\022=5\316\177zu\325"
 3340      E8B6FAF5 
 3340      F564123D 
 3340      35CE7F7A 
 3340      75D5
 3341 1203 D4424FD9 		.ascii	"\324BO\331\317`\233B\365\244\333&\255\202\325\311Rt"
 3341      CF609B42 
 3341      F5A4DB26 
 3341      AD82D5C9 
 3341      5274
 3342 1215 D93B242B 		.ascii	"\331;$+R\"\205H\345\221\264\347\211#\271\315\340\177"
 3342      52228548 
 3342      E591B4E7 
 3342      8923B9CD 
ARM GAS  C:\Users\nello\AppData\Local\Temp\ccYycJvt.s 			page 104


 3342      E07F
 3343 1227 CAB14B31 		.ascii	"\312\261K1\236rl\212\344\325\3673\262\027\273\235@\352"
 3343      9E726C8A 
 3343      E4D5F733 
 3343      B217BB9D 
 3343      40EA
 3344 1239 407A18C9 		.ascii	"@z\030\311\253\033=\311Xtg\244:,\330i\363\001\205\236"
 3344      AB1B3DC9 
 3344      587467A4 
 3344      3A2CD869 
 3344      F301859E 
 3345 124d 36EF5710 		.ascii	"6\357W\020\323Xzb\265y47\350?`\267a\324(\014'\221\264"
 3345      D3587A62 
 3345      B5793437 
 3345      E83F60B7 
 3345      61D4280C 
 3346 1264 5112C947 		.ascii	"Q\022\311G*C\332\206\3240\212\313\035OZ\361\3512\322"
 3346      2A43DA86 
 3346      D4308ACB 
 3346      1D4F5AF1 
 3346      E932D2
 3347 1277 4DA48748 		.ascii	"M\244\207H#H\031\357 \032i9R\005\322V\244=H\207\220"
 3347      234819EF 
 3347      201A6939 
 3347      5205D256 
 3347      A43D4887 
 3348 128c 4E22B523 		.ascii	"N\"\265#u#\335Az\2044\362\016\345\3667\270\016\"\354"
 3348      7523DD41 
 3348      7A8434F2 
 3348      0EE5F637 
 3348      B80E22EC 
 3349 12a0 8AF246B3 		.ascii	"\212\362F\263\003\367\371\225+\3311\322]OC\252I\322"
 3349      03F7F995 
 3349      2BD931D2 
 3349      5D4F43AA 
 3349      49D2
 3350 12b2 CEE4A143 		.ascii	"\316\344\241CA\014\272\340\262\002\227\024\2223\032"
 3350      410CBAE0 
 3350      B2029714 
 3350      92331A
 3351 12c1 77CD484B 		.ascii	"w\315HKY\227\322G\007\036YtS6\211\332\335\3435e5\305"
 3351      5997D247 
 3351      071E5974 
 3351      533689DA 
 3351      DDE33565 
 3352 12d7 FDE3F9F5 		.ascii	"\375\343\371\365\271\331&\2619z\323\207\346`\373\265"
 3352      B9D926B1 
 3352      397AD387 
 3352      E660FBB5 
 3353 12e7 9EEDD357 		.ascii	"\236\355\323W\363\034D\337\340\220\356\363\346 \253"
 3353      F31C44DF 
 3353      E090EEF3 
 3353      E620AB
 3354 12f6 63750AAB 		.ascii	"cu\012\253a\225\345\036\266\013i\300\004c\020\2373\202"
 3354      6195E51E 
 3354      B60B69C0 
 3354      0463109F 
ARM GAS  C:\Users\nello\AppData\Local\Temp\ccYycJvt.s 			page 105


 3354      3382
 3355 1308 4FF819C1 		.ascii	"O\370\031\301\016\217\207\204Q.\347\014\\Xv\035Q\030"
 3355      0E8F8784 
 3355      512EE70C 
 3355      5C58761D 
 3355      5118
 3356 131a 22B789EF 		.ascii	"\"\267\211\357e\020r\334\0001\236|\274\324\231\234\365"
 3356      651072DC 
 3356      00319E7C 
 3356      BCD4999C 
 3356      F5
 3357 132b 67A221B2 		.ascii	"g\242!\262\004\223S\376L\364!#K\372\272\274\217\245"
 3357      049353FE 
 3357      4CF42123 
 3357      4BFABABC 
 3357      8FA5
 3358 133d ED4B2CCD 		.ascii	"\355K,\315\012\334\306y\335\004\217\025\270\247\300"
 3358      0ADCC679 
 3358      DD048F15 
 3358      B8A7C0
 3359 134c A0023714 		.ascii	"\240\0027\024\270\245\300\200\002\317\025\030Q\240W"
 3359      B8A5C080 
 3359      02CF1518 
 3359      51A057
 3360 135b 816105EE 		.ascii	"\201a\005\356+pG\201\233\012\274P\340\256\002O\024x"
 3360      2B704781 
 3360      9B0ABC50 
 3360      E0AE024F 
 3360      1478
 3361 136d A5C0235C 		.ascii	"\245\300#\\\015\230`H\201k\012\274V\340\272\002\375"
 3361      0D986048 
 3361      816B0ABC 
 3361      56E0BA02 
 3361      FD
 3362 137e 58F115F0 		.ascii	"X\361\025\360\230\340\231\002O\025H5i\313\217\001\335"
 3362      98E09902 
 3362      4F154835 
 3362      69CB8F01 
 3362      DD
 3363 138f 802B06ED 		.ascii	"\200+\006\355\246\360\335\032\005\344\010\375O\370\353"
 3363      A6F0DD1A 
 3363      05E408FD 
 3363      4FF8EB
 3364 139e AFF96983 		.ascii	"\257\371i\203\200\3545@\230\257\265=\337B\021\220\026"
 3364      80EC3540 
 3364      98AFB53D 
 3364      DF421190 
 3364      16
 3365 13af 9F80303E 		.ascii	"\237\2000>\270\007\245|\236\353\272\264\373;\223\207"
 3365      B807A57C 
 3365      9EEBBAB4 
 3365      FB3B9387 
 3366 13bf 2C5B086A 		.ascii	",[\010j\365\327\245\221\273\373\225\316\343\214?\017"
 3366      F5D7A591 
 3366      BBFB95CE 
 3366      E38C3F0F 
 3367 13cf CDA0111D 		.ascii	"\315\240\021\035q\336\037\241\361\270\257#\272\374|"
ARM GAS  C:\Users\nello\AppData\Local\Temp\ccYycJvt.s 			page 106


 3367      71DE1FA1 
 3367      F1B8AF23 
 3367      BAFC7C
 3368 13de A2C57493 		.ascii	"\242\305t\223\320\243\336\337`\315\226\345\002r\330"
 3368      D0A3DEDF 
 3368      60CD96E5 
 3368      0272D8
 3369 13ed 3F49352E 		.ascii	"?I5.\245\002\322\344\017\321\270<\3235\271\340\257+"
 3369      A502D2E4 
 3369      0FD1B83C 
 3369      D335B9E0 
 3369      AF2B
 3370 13ff DFBA1609 		.ascii	"\337\272\026\011\036\315\376<4k\252\004d\247\001R$F"
 3370      1ECDFE3C 
 3370      346BAA04 
 3370      64A70152 
 3370      2446
 3371 1411 C2028138 		.ascii	"\302\002\2018\351\357V\216\330\"\020\265\376<\264\323"
 3371      E9EF568E 
 3371      D82210B5 
 3371      FE3CB4D3 
 3372 1421 345DD336 		.ascii	"4]\3236\177M5[2\005\217\323\376\220:\236Hy\002r\314"
 3372      7F4D355B 
 3372      32058FD3 
 3372      FE903A9E 
 3372      48790272 
 3373 1436 5F112D91 		.ascii	"_\021-\221\356\24529=\012t\373\344\2218\233/\026L\216"
 3373      EEA53239 
 3373      3D0A74FB 
 3373      E491389B 
 3373      2F164C8E 
 3374 144a FABB444B 		.ascii	"\372\273DK\330U\002r\320?~\234\311f\201\330\343\217"
 3374      D8550272 
 3374      D03F7E9C 
 3374      C96681D8 
 3374      E38F
 3375 145c D0942D11 		.ascii	"\320\224-\021\220C\376r\264T\253\026\220\253\376n\323"
 3375      9043FE72 
 3375      B454AB16 
 3375      90ABFE6E 
 3375      D3
 3376 146d A233BCCB 		.ascii	"\2423\274\313\3431\205A\247\002\027\031\302\373U\347"
 3376      E3318541 
 3376      A7021719 
 3376      C2FB55E7 
 3377 147d 14EE3852 		.ascii	"\024\3568R\315*\351\334\221\007K\370\022\250\301P, "
 3377      CD2AE9DC 
 3377      91074BF8 
 3377      12A8C150 
 3377      2C20
 3378 148f DDF4FF59 		.ascii	"\335\364\377Y.\350\317\032\256u\224\233'\225\342\004"
 3378      2EE8CF1A 
 3378      AE75949B 
 3378      2795E204 
 3379 149f F6BAFC94 		.ascii	"\366\272\374\224\207~\253;\317\004;\230\012\336\372"
 3379      877EAB3B 
 3379      CF043B98 
ARM GAS  C:\Users\nello\AppData\Local\Temp\ccYycJvt.s 			page 107


 3379      0ADEFA
 3380 14ae B54391A2 		.ascii	"\265C\221\242\227\216E\354\374\345\305y\206\337s\365"
 3380      978E45EC 
 3380      FCE5C579 
 3380      86DF73F5 
 3381 14be 8A7D5D86 		.ascii	"\212}]\206\211\377H\340B\335\014\361~\211\210e&\177"
 3381      89FF48E0 
 3381      42DD0CF1 
 3381      7E898865 
 3381      267F
 3382 14d0 7F6C6F4E 		.ascii	"\177loN\251\341\353\321v1\177dq\300`\377H\247\341\347"
 3382      A9E1EBD1 
 3382      76317F64 
 3382      71C060FF 
 3382      48A7E1E7 
 3383 14e4 6F878584 		.ascii	"o\207\205\204\005\034p\351d\347I\020\200\027\002\220"
 3383      051C70E9 
 3383      64E74910 
 3383      80170290 
 3384 14f4 CD01ADEB 		.ascii	"\315\001\255\353\256=6|\2650\"~\333\224\303\001K\017"
 3384      AE3D367C 
 3384      B530227E 
 3384      DB94C301 
 3384      4B0F
 3385 1506 3D5F69D0 		.ascii	"=_i\320!](\231\313\001\327\272\012v\033\276\012\353"
 3385      215D2899 
 3385      CB01D7BA 
 3385      0A761BBE 
 3385      0AEB
 3386 1518 151CF238 		.ascii	"\025\034\3628\240|\371H\201M\000\006\205\016\0139\340"
 3386      A07CF948 
 3386      814D0006 
 3386      850E0B39 
 3386      E0
 3387 1529 DECE63FB 		.ascii	"\336\316c\373\015V\234\027\034\362\021@\352p:mcI\220"
 3387      0D569C17 
 3387      1CF21140 
 3387      EA703A6D 
 3387      634990
 3388 153c DDD8544A 		.ascii	"\335\330TJ\277\231\207B\3361\243>\357x\260_Z.6\211_"
 3388      BF998742 
 3388      DE31A33E 
 3388      EF78B05F 
 3388      5A2E3689 
 3389 1551 1D0D9517 		.ascii	"\035\015\225\027\324Y\352k=\236y\036O\352\017\351;("
 3389      D459EA6B 
 3389      3D9E791E 
 3389      4FEA0FE9 
 3389      3B28
 3390 1563 30B1536B 		.ascii	"0\261SkXd\202%\364\311\373s\221\371\343I7\312\032@z"
 3390      58648225 
 3390      F4C9FB73 
 3390      91F9E349 
 3390      37CA1A40 
 3391 1578 359AAF59 		.ascii	"5\232\257Y\306\260uE\031\220\274(\024\030\326\221\261"
 3391      C6B07545 
 3391      1990BC28 
ARM GAS  C:\Users\nello\AppData\Local\Temp\ccYycJvt.s 			page 108


 3391      1418D691 
 3391      B1
 3392 1589 A33D22CA 		.ascii	"\243=\"\312\273\343\321\026\\\313MPlb?\317)\245\214"
 3392      BBE3D116 
 3392      5CCB4D50 
 3392      6C623FCF 
 3392      29A58C
 3393 159c 61B509CA 		.ascii	"a\265\011\312L\260\302\004+M\260J\233e\350\346\350\200"
 3393      4CB0C204 
 3393      2B4DB04A 
 3393      9B65E8E6 
 3393      E880
 3394 15ae F71BBF7C 		.ascii	"\367\033\277|\334\013\230(8\310\331\376k\355D\0171K"
 3394      DC0B9828 
 3394      38C8D9FE 
 3394      6BED440F 
 3394      314B
 3395 15c0 03315ADD 		.ascii	"\0031Z\335\314\316\325A%> \303\341\376=\301\250\310"
 3395      CCCED541 
 3395      253E20C3 
 3395      E1FE3DC1 
 3395      A8C8
 3396 15d2 0763A8E2 		.ascii	"\007c\250\342\335\331\306\243S?\014?\222\336y\252\""
 3396      DDD9C6A3 
 3396      533F0C3F 
 3396      92DE79AA 
 3396      22
 3397 15e3 C43BEC84 		.ascii	"\304;\354\204\255\331o\264\225\236:\254\330\267\322"
 3397      ADD96FB4 
 3397      959E3AAC 
 3397      D8B7D2
 3398 15f2 F0D39F35 		.ascii	"\360\323\2375\006\365h8WD\261_\261\344\315\3532\214"
 3398      06F56838 
 3398      5744B15F 
 3398      B1E4CDEB 
 3398      328C
 3399 1604 8D2111F3 		.ascii	"\215!\021\363\265,:\244\234\3016f\255\354!A`\260\316"
 3399      B52C3AA4 
 3399      9CC13666 
 3399      ADEC2141 
 3399      60B0CE
 3400 1617 E4056E8A 		.ascii	"\344\005n\212\222H\015\322.\332!\342\356\372\346\247"
 3400      92480DD2 
 3400      2EDA21E2 
 3400      EEFAE6A7 
 3401 1627 566D1945 		.ascii	"Vm\031E\375^\364\372\364\366\351\215\334\357\353MPa"
 3401      FD5EF4FA 
 3401      F4F6E98D 
 3401      DCEFEB4D 
 3401      5061
 3402 1639 82AA60EE 		.ascii	"\202\252`\356\032\314j\312\366\236nn\360\301\030\216"
 3402      1ACC6ACA 
 3402      F69E6E6E 
 3402      F0C1188E 
 3403 1649 F08BCBB3 		.ascii	"\360\213\313\263\015G\370U\201\261\0219\341\335UV1/"
 3403      0D47F855 
 3403      81B11139 
ARM GAS  C:\Users\nello\AppData\Local\Temp\ccYycJvt.s 			page 109


 3403      E1DD5556 
 3403      312F
 3404 165b 6D35C166 		.ascii	"m5\301f\023\324\230`\213\0116\231\240ZK\212\301\015"
 3404      13D49860 
 3404      8B093699 
 3404      A05A4B8A 
 3404      C10D
 3405 166d 9AD058D8 		.ascii	"\232\320X\330\030\250\227\026\243\3344=\216\225\246"
 3405      18A89716 
 3405      A3DC343D 
 3405      8E95A6
 3406 167c 00A13CD6 		.ascii	"\000\241<\326/\371W\363<\214UA\302\270x]Q\241\361\034"
 3406      2FF957F3 
 3406      3C8C5541 
 3406      C2B8785D 
 3406      51A1F11C 
 3407 1690 4D3B3E29 		.ascii	"M;>)\221\377\027\005i\321\275x\341\222\341G\234]b\344"
 3407      91FF1705 
 3407      69D1BD78 
 3407      E192E147 
 3407      9C5D62E4 
 3408 16a4 6E67BEA7 		.ascii	"ng\276\247'\213O+7\033~`\260M\224\207\035|\214.\253"
 3408      278B4F2B 
 3408      371B7E60 
 3408      B04D9487 
 3408      1D7C8C2E 
 3409 16b9 2A9F6FA8 		.ascii	"*\237o\250\037\273E\015\333\311\001\025M\3076\032\276"
 3409      1FBB450D 
 3409      DBC90115 
 3409      4DC7361A 
 3409      BE
 3410 16ca 6DEF1299 		.ascii	"m\357\022\231\260\213\003\262\027\264\245\033\012\314"
 3410      B08B03B2 
 3410      17B4A51B 
 3410      0ACC
 3411 16d8 A000ECE6 		.ascii	"\240\000\354\346\200=e\303w\014\200&\001\250\345\200"
 3411      803D65C3 
 3411      770C8026 
 3411      01A8E580 
 3412 16e8 73D93BEE 		.ascii	"s\331;\356\032\224\234/t\250\343\200\375k\367.6\224"
 3412      1A949C2F 
 3412      74A8E380 
 3412      FD6BF72E 
 3412      3694
 3413 16fa C91382C3 		.ascii	"\311\023\202\303\036\016\350\274\343\3510\344\364v\301"
 3413      1E0EE8BC 
 3413      E3E930E4 
 3413      F476C1
 3414 1709 A19E0356 		.ascii	"\241\236\003V\314;<h0s\236!N\034\320\223\337\326\315"
 3414      CC3B3C68 
 3414      30739E21 
 3414      4E1CD093 
 3414      DFD6CD
 3415 171c 8B5C4390 		.ascii	"\213\\C\220\357p\021\320W\322v$\350\326h\277\211n\215"
 3415      EF7011D0 
 3415      57D27624 
 3415      E8D668BF 
ARM GAS  C:\Users\nello\AppData\Local\Temp\ccYycJvt.s 			page 110


 3415      896E8D
 3416 172f EAF8EF5B 		.ascii	"\352\370\357[L\364k\343M\236T\305\270\253H'p\300D7H"
 3416      4CF46BE3 
 3416      4D9E54C5 
 3416      B8AB4827 
 3416      70C04437 
 3417 1744 26866645 		.ascii	"&\206fE7s\356/\205:\015B\235\203\374\375\336\003\025"
 3417      3773EE2F 
 3417      853A0D42 
 3417      9D83FCFD 
 3417      DE0315
 3418 1757 8B0CA1AD 		.ascii	"\213\014\241\255\020\0065z\031Tu\030\\\262Mph\242\243"
 3418      1006357A 
 3418      19547518 
 3418      5CB24D70 
 3418      68A2A3
 3419 176a 784F142F 		.ascii	"xO\024/\220\357\262\002Y\011\3440\033\257\331\307s\013"
 3419      90EFB202 
 3419      5909E430 
 3419      1BAFD9C7 
 3419      730B
 3420 177c 209811CD 		.ascii	" \230\021\315\314\210b\252~\335\316\241\247!F\365\217"
 3420      CC8862AA 
 3420      7EDDCEA1 
 3420      A72146F5 
 3420      8F
 3421 178d 98E03055 		.ascii	"\230\3400U\277\305\304p\354\034\341L\301e\223\216\251"
 3421      BFC5C470 
 3421      EC1CE14C 
 3421      C165938E 
 3421      A9
 3422 179e 0AC44C5A 		.ascii	"\012\304LZ\314~\004XS\0276\267\254a\356\0048f\202\243"
 3422      CC7E0458 
 3422      531736B7 
 3422      AC61EE04 
 3422      386682A3 
 3423 17b2 26582A80 		.ascii	"&X*\200\207L\220\020\335?V\"SgH!\321\356\370\331\237"
 3423      874C9010 
 3423      DD3F5622 
 3423      53674821 
 3423      D1EEF8D9 
 3424 17c7 3A3F8C97 		.ascii	":?\214\227l1\211n\325"
 3424      6C31896E 
 3424      D5
 3425 17d0 F9F587F1 		.ascii	"\371\365\207\361\323\245\321v\273{fL\212=\361\253\377"
 3425      D3A5D176 
 3425      BB7B664C 
 3425      8A3DF1AB 
 3425      FF
 3426 17e1 74C6A876 		.ascii	"t\306\250vW\202K\375\341G\037M\301\277\230Y\256\257"
 3426      57824BFD 
 3426      E1471F4D 
 3426      C1BF9859 
 3426      AEAF
 3427 17f3 5C89C9D3 		.ascii	"\\\211\311\323\246N\235:%1y\212[\235\222\354\216\241"
 3427      A64E9D3A 
 3427      2531798A 
ARM GAS  C:\Users\nello\AppData\Local\Temp\ccYycJvt.s 			page 111


 3427      5B9D92EC 
 3427      8EA1
 3428 1805 AD09C96A 		.ascii	"\255\011\311jtB\2143\371\243\030\353O\177\375\373\011"
 3428      74428C33 
 3428      F9A318EB 
 3428      4F7FFDFB 
 3428      09
 3429 1816 5F4CFD54 		.ascii	"_L\375T\032\347\323\374\321gS\277\232\361\361'\237}"
 3429      1AE7D3FC 
 3429      D16753BF 
 3429      9AF1F127 
 3429      9F7D
 3430 1828 2C596266 		.ascii	",Ybf1\366f&C\375\360\213\277\377\323\027\224\355\357"
 3430      31F66626 
 3430      43FDF08B 
 3430      BFFFD317 
 3430      94EDEF
 3431 183b D414872B 		.ascii	"\324\024\207+\361Os\022\335\177NN\212\216q\332S\222"
 3431      F14F7312 
 3431      DD7F4E4E 
 3431      8A8E71DA 
 3431      5392
 3432 184d 9DEE3FFD 		.ascii	"\235\356?\375\324\231\254\246\270\235\277L\214u\305"
 3432      D499ACA6 
 3432      B89DBF4C 
 3432      8C75C5
 3433 185c CC9E2EBD 		.ascii	"\314\236.\275Q\017WBL\\\212\303\211o(\333\217fI\357"
 3433      510F5742 
 3433      4C5C8AC3 
 3433      896F28DB 
 3433      8F6649EF 
 3434 1870 D8ED8EAF 		.ascii	"\330\355\216\257b\2156D\242\340\344o\222Ug\274\335\341"
 3434      628D3644 
 3434      A2E0E46F 
 3434      925567BC 
 3434      DDE1
 3435 1882 FC2A2536 		.ascii	"\374*%6\302\370`W\377\366\355\254\031\022y\207#\247"
 3435      C2F86057 
 3435      FFF6EDAC 
 3435      19127987 
 3435      23A7
 3436 1894 FF4A71A6 		.ascii	"\377Jq\2468\031_\253\367\311\2467\177\033fq\256d5\031"
 3436      38195FAB 
 3436      F7C9A637 
 3436      7F1B6671 
 3436      AE643519 
 3437 18a8 994560AF 		.ascii	"\231E`\257$\301\355\035\372\350v%\272]\3527\234[T@\213"
 3437      24C1ED1D 
 3437      FAE87625 
 3437      BA5DEA37 
 3437      9C5B5440 
 3438 18bd 5DA51A38 		.ascii	"]\245\0328(\007\326\207=9\343\324h;m\212\364y\262\253"
 3438      2807D687 
 3438      3D39E3D4 
 3438      683B6D8A 
 3438      F479B2AB 
 3439 18d1 E809B7D3 		.ascii	"\350\011\267\323\307\023\2414\004\316X|\353\376\306"
ARM GAS  C:\Users\nello\AppData\Local\Temp\ccYycJvt.s 			page 112


 3439      C713A134 
 3439      04CE587C 
 3439      EBFEC6
 3440 18e0 E6BDC150 		.ascii	"\346\275\301P|\013\347j`\352\004\273\335\345\210C]\260"
 3440      7C0BE76A 
 3440      60EA04BB 
 3440      DDE58843 
 3440      5DB0
 3441 18f2 31DAF146 		.ascii	"1\332\361F\203\003\022D\212J\302L\263\253\256x\247\333"
 3441      83031244 
 3441      8A4AC24C 
 3441      B3ABAE78 
 3441      A7DB
 3442 1904 1EEBE477 		.ascii	"\036\353\344w!4\026x\265\253\323\2032\232\025\035\207"
 3442      21341678 
 3442      B5ABD383 
 3442      329A151D 
 3442      87
 3443 1915 17FCE756 		.ascii	"\027\374\347V?Lp\305\341kLW'g\202\272\214\216\231\365"
 3443      3F4C70C5 
 3443      E16B4C57 
 3443      276782BA 
 3443      8C8E99F5 
 3444 1929 872F7FEA 		.ascii	"\207/\177\352T\177\307\"\372%\266\376\333\007o7f\266"
 3444      547FC722 
 3444      FA25B6FE 
 3444      DB076F37 
 3444      66B6
 3445 193b 8A5D47D9 		.ascii	"\212]G\331\355\263U\243s\306\242sf\273\334jJt\034\347"
 3445      EDB355A3 
 3445      73C6A273 
 3445      66BBDC6A 
 3445      4A741CE7 
 3446 194f 9FCCFCF8 		.ascii	"\237\314\374\370n\2206\273:&f\326\3175\323\376\205\261"
 3446      6E9036BB 
 3446      3A2666D6 
 3446      CF35D3FE 
 3446      85B1
 3447 1961 F8397278 		.ascii	"\3709rx\0279$&\333\2756\333c\022\023f\272b\307\0046"
 3447      17392426 
 3447      DBBD36DB 
 3447      63121366 
 3447      BA62C704 
 3448 1976 D9D5085F 		.ascii	"\331\325\010_h\270\021\243\206%\253h\323\027\211)\011"
 3448      68B811A3 
 3448      8625AB68 
 3448      D3178929 
 3448      09
 3449 1987 AAD31D16 		.ascii	"\252\323\035\0263\353\313Y\216/\320\327\252\363\347"
 3449      33EBCB59 
 3449      8E2FD0D7 
 3449      AAF3E7
 3450 1996 51DCE918 		.ascii	"Q\334\351\030\346\344\030\267+IMt\333\325\020d\305\233"
 3450      E6E418B7 
 3450      2B494D74 
 3450      DBD51064 
 3450      C59B
ARM GAS  C:\Users\nello\AppData\Local\Temp\ccYycJvt.s 			page 113


 3451 19a8 ADDA5BF5 		.ascii	"\255\332[\365Go\367\001\207&\363\001\243\316r\030=a"
 3451      476FF701 
 3451      8726F301 
 3451      A3CE7218 
 3451      3D61
 3452 19ba 5169DAD9 		.ascii	"Qi\332\331U%fV\264;\204E\2156\177\032\224kLb||b\302"
 3452      55256656 
 3452      B43B8445 
 3452      8D367F1A 
 3452      946B4C62 
 3453 19d2 148A4A9E 		.ascii	"\024\212J\236\362\223\337\376j\366\247\037\376\352\303"
 3453      F293DFFE 
 3453      6AF6A71F 
 3453      FEEAC3
 3454 19e1 9FFCF24B 		.ascii	"\237\374\362K-T( D\037\177!z:\330\342\243]\011\232\326"
 3454      2D542820 
 3454      441F7F21 
 3454      7A3AD8E2 
 3454      A35D099A 
 3455 19f6 F82F8E0A 		.ascii	"\370/\216\012\264\304\253_S\357\322q\025\237\2025\311"
 3455      B4C4AB5F 
 3455      53EFD271 
 3455      159F8235 
 3455      C9
 3456 1a07 EA4C7226 		.ascii	"\352Lr&8\\\011\261\241\316\331\316\0045>:\371\317v\325"
 3456      385C09B1 
 3456      A1CED9CE 
 3456      04353E3A 
 3456      F9CF76D5 
 3457 1a1b 1A9F1CCB 		.ascii	"\032\237\034\313\006\203\222\340\374ZU\222\334\316\331"
 3457      068392E0 
 3457      FC5A5592 
 3457      DCCED9
 3458 1a2a 9639D12E 		.ascii	"\2269\321.\025a\264\302P\006!\332\325\256B\212\3319"
 3458      1561B4C2 
 3458      500621DA 
 3458      D5AE428A 
 3458      D939
 3459 1a3c 87F633CF 		.ascii	"\207\3663\317Q\221{\022^\222\235\361IaT#g|t\322,\324"
 3459      51917B12 
 3459      5E929DF1 
 3459      49615423 
 3459      677C74D2 
 3460 1a52 D0924C79 		.ascii	"\320\222Ly'\307\232\220\354\252i\216\252\272\223Fk\236"
 3460      27C79A90 
 3460      ECAA698E 
 3460      AABA9346 
 3460      6B9E
 3461 1a64 743B673A 		.ascii	"t;g:\335N\026\024\354\212.J\262:\277v\2511\211\016\247"
 3461      DD4E1614 
 3461      EC8A2E4A 
 3461      B23ABF76 
 3461      A931890E 
 3462 1a79 D9EDF806 		.ascii	"\331\355\370\006{|\013Ws\317RW+\310/\331\242\322\377"
 3462      7B7C0B57 
 3462      73CF5257 
 3462      2BC82FD9 
ARM GAS  C:\Users\nello\AppData\Local\Temp\ccYycJvt.s 			page 114


 3462      A2D2FF
 3463 1a8c 2869665C 		.ascii	"(if\\t,>\305#3|B\307\250N\253\312.TZ\364W\321\311N["
 3463      742C3EC5 
 3463      23337C42 
 3463      C7A84EAB 
 3463      CA2E545A 
 3464 1aa6 B2FAE7E8 		.ascii	"\262\372\347\3508Wl\002\006#!:\336iJ\234\223\340t\233"
 3464      38576C02 
 3464      0623213A 
 3464      DE694A9C 
 3464      93E0749B 
 3465 1aba DDCC0124 		.ascii	"\335\314\001$F\375\0329\306&\233\343\334v\347\3271\326"
 3465      46FD1A39 
 3465      C6269BE3 
 3465      DC76E7D7 
 3465      31D6
 3466 1acc 1474E927 		.ascii	"\024t\351'\323\354*qO\235\212\364\261\354\376\261\354"
 3466      D3EC2A71 
 3466      4F9D8AF4 
 3466      B1ECFEB1 
 3466      EC
 3467 1add FE4C767F 		.ascii	"\376Lv\177*\273g\310\356\277\223\335\323-\224)\372:"
 3467      2ABB67C8 
 3467      EEBF93DD 
 3467      D32D9429 
 3467      FA3A
 3468 1aef 540BAA8A 		.ascii	"T\013\252\212,\344\344$\376\210\356\304\3070v\217y\212"
 3468      2CE4E424 
 3468      FE88EEC4 
 3468      C730768F 
 3468      798A
 3469 1b01 0150C92C 		.ascii	"\001P\311,\207\333\314\213\224BCd\342\267\324\271\246"
 3469      87DBCC8B 
 3469      94424364 
 3469      E2B7D4B9 
 3469      A6
 3470 1b12 F8A4C4C4 		.ascii	"\370\244\304\30483Oh\205\026_\205::\224Uw\036*\013\033"
 3470      38334F68 
 3470      85165F85 
 3470      3A3A9455 
 3470      771E2A0B 
 3471 1b27 AB2E4788 		.ascii	"\253.G\210v\305\026T\227v6\317VY\244\343\242\223U:\256"
 3471      76C51654 
 3471      977636CF 
 3471      5659A4E3 
 3471      A293553A 
 3472 1b3c 4CACA699 		.ascii	"L\254\246\231X\365\012\307\\q\321\314\237M\007]\010"
 3472      58F50AC7 
 3472      5C71D1CC 
 3472      9F4D075D 
 3472      08
 3473 1b4d 85A053E2 		.ascii	"\205\240S\342\223\230y3\246\243\253\334\024\034\316"
 3473      93987933 
 3473      A6A3ABDC 
 3473      141CCE
 3474 1b5c 6A59B4E3 		.ascii	"jY\264\343\033\026jKL\212\033\003\245\206\211&\364\003"
 3474      1B166A4B 
ARM GAS  C:\Users\nello\AppData\Local\Temp\ccYycJvt.s 			page 115


 3474      4C8A1B03 
 3474      A5868926 
 3474      F403
 3475 1b6e 4E042149 		.ascii	"N\004!I\321\011\256\030;F\312[\3665\017\0235>\306\234"
 3475      D109AE18 
 3475      3B46CA5B 
 3475      F6350F13 
 3475      353EC69C 
 3476 1b82 387366B2 		.ascii	"8sf\262\023\265Rc\022\020\377-J\207\032OK\207\032o\217"
 3476      13B55263 
 3476      1210FF2D 
 3476      4A871A4F 
 3476      4B871A6F 
 3477 1b97 C1B07CE5 		.ascii	"\301\260|\345\216V]\211\030\233P1\303\250\223\337\316"
 3477      8E565D89 
 3477      189B5031 
 3477      C3A893DF 
 3477      CE
 3478 1ba8 04A1C8C5 		.ascii	"\004\241\310\305\312\3125N,\243P\0136\372\355\232\237"
 3478      CACA354E 
 3478      2CA3500B 
 3478      36FAED9A 
 3478      9F
 3479 1bb9 2CD4D2CF 		.ascii	",\324\322\317\354\252x\241\271-Ro\340\376\213\020\000"
 3479      ECAA78A1 
 3479      B92D526F 
 3479      E0FE8B10 
 3479      00
 3480 1bca FA38D6F7 		.ascii	"\3728\326\367\321\256\371\204\261A\231\310\005g\326"
 3480      D1AEF984 
 3480      B14199C8 
 3480      0567D6
 3481 1bd9 D94E4798 		.ascii	"\331NG\230\336\200\261\212\024o\231\214w\274\317\372"
 3481      DE80B18A 
 3481      146F998C 
 3481      77BCCFFA 
 3482 1be9 580DF7B6 		.ascii	"X\015\367\2660\317\205\351\355\011)\361a\336@%\273\376"
 3482      30CF85E9 
 3482      ED0929F1 
 3482      61DE4025 
 3482      BBFE
 3483 1bfb E2B4F17C 		.ascii	"\342\264\361|\242\267L\202W\234\225>\320(\207\322\033"
 3483      A2B74C82 
 3483      579C953E 
 3483      D02887D2 
 3483      1B
 3484 1c0c 1CB03802 		.ascii	"\034\2608\002U+G\314L\016\2417l(\260;.\203\337\3759"
 3484      552B47CC 
 3484      4C0EA137 
 3484      6C28B03B 
 3484      2E83DFFD 
 3485 1c21 CE15EFE2 		.ascii	"\316\025\357\342H\232\374\354}b\234\303\351fw\011\316"
 3485      489AFCEC 
 3485      7D629CC3 
 3485      E9667709 
 3485      CE
 3486 1c32 394EB785 		.ascii	"9N\267\205\336\241P+g\355J\264i\205\015\225\260R\231"
ARM GAS  C:\Users\nello\AppData\Local\Temp\ccYycJvt.s 			page 116


 3486      DEA1502B 
 3486      67ED4AB4 
 3486      69850D95 
 3486      B05299
 3487 1c45 F4C692A4 		.ascii	"\364\306\222\244\272\331u6\026p\014\030\313\244\251"
 3487      BAD97536 
 3487      16700C18 
 3487      CBA4A9
 3488 1c54 33704CD1 		.ascii	"3pL\321V\345/Nw\242\315\345@O\271f\272\234\356p\341"
 3488      56E52F4E 
 3488      77A2CDE5 
 3488      404FB966 
 3488      BA9CEE70 
 3489 1c69 45744F88 		.ascii	"EtO\2106\373\333\325ql`\320Rc\237\211u\227Y\356NIR\303"
 3489      36FBDBD5 
 3489      716C60D0 
 3489      52639F89 
 3489      759759EE 
 3490 1c81 A3E3E644 		.ascii	"\243\343\346D3\177\305\271\022\234\221tn\324\252\007"
 3490      337FC5B9 
 3490      129C9174 
 3490      6ED4AA07 
 3491 1c91 1D6C11A2 		.ascii	"\035l\021\242\320\331\261\230E\032\036\331k\003\034"
 3491      D0D9B198 
 3491      451A1ED9 
 3491      6B031C
 3492 1ca0 5F9B66A6 		.ascii	"_\233f\246$\304$YTzA\365\346\320\2469\024G\242\335\261"
 3492      24C42459 
 3492      547A41F5 
 3492      E6D0A639 
 3492      1447A2DD 
 3493 1cb5 36BB9DB5 		.ascii	"6\273\235\265\333?\372\330\352\275\375\037M\315\251"
 3493      DB3FFAD8 
 3493      EABDFD1F 
 3493      4DCDA9
 3494 1cc4 AA       		.ascii	"\252"
 3495              		.text
 3496              		.section	.gnu.lto_.symtab.71a48b7f,"e",%progbits
 3497 0000 6368496E 		.ascii	"chInstanceObjectInit\000"
 3497      7374616E 
 3497      63654F62 
 3497      6A656374 
 3497      496E6974 
 3498 0015 00       		.ascii	"\000"
 3499 0016 00       		.ascii	"\000"
 3500 0017 00       		.ascii	"\000"
 3501 0018 00000000 		.ascii	"\000\000\000\000\000\000\000\000"
 3501      00000000 
 3502 0020 16010000 		.ascii	"\026\001\000\000"
 3503 0024 63685F73 		.ascii	"ch_system\000"
 3503      79737465 
 3503      6D00
 3504 002e 00       		.ascii	"\000"
 3505 002f 02       		.ascii	"\002"
 3506 0030 00       		.ascii	"\000"
 3507 0031 00000000 		.ascii	"\000\000\000\000\000\000\000\000"
 3507      00000000 
ARM GAS  C:\Users\nello\AppData\Local\Temp\ccYycJvt.s 			page 117


 3508 0039 33020000 		.ascii	"3\002\000\000"
 3509 003d 63685F64 		.ascii	"ch_debug\000"
 3509      65627567 
 3509      00
 3510 0046 00       		.ascii	"\000"
 3511 0047 02       		.ascii	"\002"
 3512 0048 00       		.ascii	"\000"
 3513 0049 00000000 		.ascii	"\000\000\000\000\000\000\000\000"
 3513      00000000 
 3514 0051 86020000 		.ascii	"\206\002\000\000"
 3515 0055 73744765 		.ascii	"stGetCounter\000"
 3515      74436F75 
 3515      6E746572 
 3515      00
 3516 0062 00       		.ascii	"\000"
 3517 0063 02       		.ascii	"\002"
 3518 0064 00       		.ascii	"\000"
 3519 0065 00000000 		.ascii	"\000\000\000\000\000\000\000\000"
 3519      00000000 
 3520 006d 18010000 		.ascii	"\030\001\000\000"
 3521 0071 63685468 		.ascii	"chThdCreateI\000"
 3521      64437265 
 3521      61746549 
 3521      00
 3522 007e 00       		.ascii	"\000"
 3523 007f 02       		.ascii	"\002"
 3524 0080 00       		.ascii	"\000"
 3525 0081 00000000 		.ascii	"\000\000\000\000\000\000\000\000"
 3525      00000000 
 3526 0089 25010000 		.ascii	"%\001\000\000"
 3527 008d 5F5F7468 		.ascii	"__thd_object_init\000"
 3527      645F6F62 
 3527      6A656374 
 3527      5F696E69 
 3527      7400
 3528 009f 00       		.ascii	"\000"
 3529 00a0 02       		.ascii	"\002"
 3530 00a1 00       		.ascii	"\000"
 3531 00a2 00000000 		.ascii	"\000\000\000\000\000\000\000\000"
 3531      00000000 
 3532 00aa 34010000 		.ascii	"4\001\000\000"
 3533 00ae 706F7274 		.ascii	"port_init\000"
 3533      5F696E69 
 3533      7400
 3534 00b8 00       		.ascii	"\000"
 3535 00b9 02       		.ascii	"\002"
 3536 00ba 00       		.ascii	"\000"
 3537 00bb 00000000 		.ascii	"\000\000\000\000\000\000\000\000"
 3537      00000000 
 3538 00c3 38010000 		.ascii	"8\001\000\000"
 3539              		.text
 3540              		.section	.gnu.lto_.ext_symtab.71a48b7f,"e",%progbits
 3541 0000 01       		.ascii	"\001"
 3542 0001 01       		.ascii	"\001"
 3543 0002 00       		.ascii	"\000"
 3544 0003 02       		.ascii	"\002"
 3545 0004 01       		.ascii	"\001"
ARM GAS  C:\Users\nello\AppData\Local\Temp\ccYycJvt.s 			page 118


 3546 0005 02       		.ascii	"\002"
 3547 0006 00       		.ascii	"\000"
 3548 0007 01       		.ascii	"\001"
 3549 0008 00       		.ascii	"\000"
 3550 0009 01       		.ascii	"\001"
 3551 000a 00       		.ascii	"\000"
 3552 000b 01       		.ascii	"\001"
 3553 000c 00       		.ascii	"\000"
 3554 000d 01       		.ascii	"\001"
 3555 000e 00       		.ascii	"\000"
 3556              		.text
 3557              		.section	.gnu.lto_.opts,"e",%progbits
 3558 0000 272D666E 		.ascii	"'-fno-openmp' '-fno-openacc' '-fno-pie' '-fcf-prote"
 3558      6F2D6F70 
 3558      656E6D70 
 3558      2720272D 
 3558      666E6F2D 
 3559 0033 6374696F 		.ascii	"ction=none' '-g' '-mcpu=cortex-m4' '-mthumb' '-mflo"
 3559      6E3D6E6F 
 3559      6E652720 
 3559      272D6727 
 3559      20272D6D 
 3560 0066 61742D61 		.ascii	"at-abi=soft' '-mlibarch=armv7e-m' '-march=armv7e-m'"
 3560      62693D73 
 3560      6F667427 
 3560      20272D6D 
 3560      6C696261 
 3561 0099 20272D4F 		.ascii	" '-O0' '-fomit-frame-pointer' '-falign-functions=16"
 3561      30272027 
 3561      2D666F6D 
 3561      69742D66 
 3561      72616D65 
 3562 00cc 2720272D 		.ascii	"' '-ffunction-sections' '-fdata-sections' '-fno-com"
 3562      6666756E 
 3562      6374696F 
 3562      6E2D7365 
 3562      6374696F 
 3563 00ff 6D6F6E27 		.ascii	"mon' '-flto' '-Xassembler' '-alms=./build/lst/chins"
 3563      20272D66 
 3563      6C746F27 
 3563      20272D58 
 3563      61737365 
 3564 0132 74616E63 		.ascii	"tances.lst'\000"
 3564      65732E6C 
 3564      73742700 
 3565              		.text
 3566              		.comm	__gnu_lto_slim,1,1
 3567              		.ident	"GCC: (GNU Arm Embedded Toolchain 10.3-2021.10) 10.3.1 20210824 (release)"
ARM GAS  C:\Users\nello\AppData\Local\Temp\ccYycJvt.s 			page 119


DEFINED SYMBOLS
                            *ABS*:00000000 chinstances.c
C:\Users\nello\AppData\Local\Temp\ccYycJvt.s:37     .gnu.debuglto_.debug_info:00000000 chinstances.c.81b60380
                            *COM*:00000001 __gnu_lto_slim

NO UNDEFINED SYMBOLS
