ARM GAS  C:\Users\nello\AppData\Local\Temp\ccK3poCU.s 			page 1


   1              		.cpu cortex-m4
   2              		.arch armv7e-m
   3              		.fpu softvfp
   4              		.eabi_attribute 20, 1
   5              		.eabi_attribute 21, 1
   6              		.eabi_attribute 23, 3
   7              		.eabi_attribute 24, 1
   8              		.eabi_attribute 25, 1
   9              		.eabi_attribute 26, 1
  10              		.eabi_attribute 30, 6
  11              		.eabi_attribute 34, 1
  12              		.eabi_attribute 18, 4
  13              		.file	"chmsg.c"
  14              		.file 1 "c:\\chibistudio\\tools\\gnu tools arm embedded\\10.3 2021.10\\arm-none-eabi\\include\\mac
  15              		.file 2 "c:\\chibistudio\\tools\\gnu tools arm embedded\\10.3 2021.10\\arm-none-eabi\\include\\sys
  16              		.file 3 "../../chibios2111/os/common/ports/ARM-common/chtypes.h"
  17              		.file 4 "../../chibios2111/os/rt/include/chearly.h"
  18              		.file 5 "../../chibios2111/os/rt/include/chobjects.h"
  19              		.file 6 "../../chibios2111/os/rt/include/chrfcu.h"
  20              		.file 7 "../../chibios2111/os/rt/include/chdebug.h"
  21              		.file 8 "../../chibios2111/os/rt/include/chtime.h"
  22              		.file 9 "../../chibios2111/os/rt/include/chlists.h"
  23              		.file 10 "../../chibios2111/os/common/ports/ARMv7-M-ALT/chcore.h"
  24              		.file 11 "../../chibios2111/os/rt/include/chsem.h"
  25              		.file 12 "../../chibios2111/os/rt/include/chmtx.h"
  26              		.file 13 "../../chibios2111/os/rt/src/chmsg.c"
  27              		.file 14 "../../chibios2111/os/rt/include/chmsg.h"
  28              		.file 15 "../../chibios2111/os/rt/include/chsys.h"
  29              		.file 16 "../../chibios2111/os/common/ext/ARM/CMSIS/Core/Include/cmsis_gcc.h"
  30              		.file 17 "../../chibios2111/os/rt/include/chthreads.h"
  31              		.section	.gnu.debuglto_.debug_info,"e",%progbits
  32              	.Ldebug_info0:
  33              		.hidden	chmsg.c.ca24be00
  34              		.weak	chmsg.c.ca24be00
  35              	chmsg.c.ca24be00:
  36 0000 EC090000 		.4byte	0x9ec
  37 0004 0400     		.2byte	0x4
  38 0006 00000000 		.4byte	.Ldebug_abbrev0
  39 000a 04       		.byte	0x4
  40 000b 01       		.uleb128 0x1
  41 000c 7E040000 		.4byte	.LASF130
  42 0010 0C       		.byte	0xc
  43 0011 57020000 		.4byte	.LASF131
  44 0015 94050000 		.4byte	.LASF132
  45 0019 00000000 		.4byte	.Ldebug_line0
  46 001d 02       		.uleb128 0x2
  47 001e 04       		.byte	0x4
  48 001f 05       		.byte	0x5
  49 0020 696E7400 		.ascii	"int\000"
  50 0024 03       		.uleb128 0x3
  51 0025 04       		.byte	0x4
  52 0026 07       		.byte	0x7
  53 0027 E8010000 		.4byte	.LASF0
  54 002b 03       		.uleb128 0x3
  55 002c 08       		.byte	0x8
  56 002d 05       		.byte	0x5
  57 002e D0000000 		.4byte	.LASF1
ARM GAS  C:\Users\nello\AppData\Local\Temp\ccK3poCU.s 			page 2


  58 0032 03       		.uleb128 0x3
  59 0033 08       		.byte	0x8
  60 0034 04       		.byte	0x4
  61 0035 5F040000 		.4byte	.LASF2
  62 0039 03       		.uleb128 0x3
  63 003a 01       		.byte	0x1
  64 003b 06       		.byte	0x6
  65 003c DE000000 		.4byte	.LASF3
  66 0040 04       		.uleb128 0x4
  67 0041 37000000 		.4byte	.LASF7
  68 0045 01       		.byte	0x1
  69 0046 2B       		.byte	0x2b
  70 0047 18       		.byte	0x18
  71 0048 4C000000 		.4byte	0x4c
  72 004c 03       		.uleb128 0x3
  73 004d 01       		.byte	0x1
  74 004e 08       		.byte	0x8
  75 004f B8030000 		.4byte	.LASF4
  76 0053 03       		.uleb128 0x3
  77 0054 02       		.byte	0x2
  78 0055 05       		.byte	0x5
  79 0056 DD030000 		.4byte	.LASF5
  80 005a 03       		.uleb128 0x3
  81 005b 02       		.byte	0x2
  82 005c 07       		.byte	0x7
  83 005d C9050000 		.4byte	.LASF6
  84 0061 04       		.uleb128 0x4
  85 0062 5C050000 		.4byte	.LASF8
  86 0066 01       		.byte	0x1
  87 0067 4D       		.byte	0x4d
  88 0068 18       		.byte	0x18
  89 0069 6D000000 		.4byte	0x6d
  90 006d 03       		.uleb128 0x3
  91 006e 04       		.byte	0x4
  92 006f 05       		.byte	0x5
  93 0070 30010000 		.4byte	.LASF9
  94 0074 04       		.uleb128 0x4
  95 0075 A4010000 		.4byte	.LASF10
  96 0079 01       		.byte	0x1
  97 007a 4F       		.byte	0x4f
  98 007b 19       		.byte	0x19
  99 007c 80000000 		.4byte	0x80
 100 0080 03       		.uleb128 0x3
 101 0081 04       		.byte	0x4
 102 0082 07       		.byte	0x7
 103 0083 03020000 		.4byte	.LASF11
 104 0087 04       		.uleb128 0x4
 105 0088 75030000 		.4byte	.LASF12
 106 008c 01       		.byte	0x1
 107 008d 69       		.byte	0x69
 108 008e 19       		.byte	0x19
 109 008f 93000000 		.4byte	0x93
 110 0093 03       		.uleb128 0x3
 111 0094 08       		.byte	0x8
 112 0095 07       		.byte	0x7
 113 0096 7D000000 		.4byte	.LASF13
 114 009a 04       		.uleb128 0x4
ARM GAS  C:\Users\nello\AppData\Local\Temp\ccK3poCU.s 			page 3


 115 009b 3A060000 		.4byte	.LASF14
 116 009f 02       		.byte	0x2
 117 00a0 18       		.byte	0x18
 118 00a1 13       		.byte	0x13
 119 00a2 40000000 		.4byte	0x40
 120 00a6 04       		.uleb128 0x4
 121 00a7 B0030000 		.4byte	.LASF15
 122 00ab 02       		.byte	0x2
 123 00ac 2C       		.byte	0x2c
 124 00ad 13       		.byte	0x13
 125 00ae 61000000 		.4byte	0x61
 126 00b2 04       		.uleb128 0x4
 127 00b3 34040000 		.4byte	.LASF16
 128 00b7 02       		.byte	0x2
 129 00b8 30       		.byte	0x30
 130 00b9 14       		.byte	0x14
 131 00ba 74000000 		.4byte	0x74
 132 00be 04       		.uleb128 0x4
 133 00bf 30030000 		.4byte	.LASF17
 134 00c3 02       		.byte	0x2
 135 00c4 3C       		.byte	0x3c
 136 00c5 14       		.byte	0x14
 137 00c6 87000000 		.4byte	0x87
 138 00ca 05       		.uleb128 0x5
 139 00cb BE000000 		.4byte	0xbe
 140 00cf 04       		.uleb128 0x4
 141 00d0 44040000 		.4byte	.LASF18
 142 00d4 03       		.byte	0x3
 143 00d5 48       		.byte	0x48
 144 00d6 1D       		.byte	0x1d
 145 00d7 BE000000 		.4byte	0xbe
 146 00db 04       		.uleb128 0x4
 147 00dc C2020000 		.4byte	.LASF19
 148 00e0 04       		.byte	0x4
 149 00e1 50       		.byte	0x50
 150 00e2 19       		.byte	0x19
 151 00e3 CF000000 		.4byte	0xcf
 152 00e7 04       		.uleb128 0x4
 153 00e8 91020000 		.4byte	.LASF20
 154 00ec 04       		.byte	0x4
 155 00ed 53       		.byte	0x53
 156 00ee 19       		.byte	0x19
 157 00ef 9A000000 		.4byte	0x9a
 158 00f3 04       		.uleb128 0x4
 159 00f4 43010000 		.4byte	.LASF21
 160 00f8 04       		.byte	0x4
 161 00f9 54       		.byte	0x54
 162 00fa 19       		.byte	0x19
 163 00fb 9A000000 		.4byte	0x9a
 164 00ff 04       		.uleb128 0x4
 165 0100 8A030000 		.4byte	.LASF22
 166 0104 04       		.byte	0x4
 167 0105 55       		.byte	0x55
 168 0106 19       		.byte	0x19
 169 0107 9A000000 		.4byte	0x9a
 170 010b 04       		.uleb128 0x4
 171 010c 92030000 		.4byte	.LASF23
ARM GAS  C:\Users\nello\AppData\Local\Temp\ccK3poCU.s 			page 4


 172 0110 04       		.byte	0x4
 173 0111 57       		.byte	0x57
 174 0112 19       		.byte	0x19
 175 0113 B2000000 		.4byte	0xb2
 176 0117 04       		.uleb128 0x4
 177 0118 82020000 		.4byte	.LASF24
 178 011c 04       		.byte	0x4
 179 011d 58       		.byte	0x58
 180 011e 19       		.byte	0x19
 181 011f A6000000 		.4byte	0xa6
 182 0123 04       		.uleb128 0x4
 183 0124 AF020000 		.4byte	.LASF25
 184 0128 04       		.byte	0x4
 185 0129 5A       		.byte	0x5a
 186 012a 19       		.byte	0x19
 187 012b B2000000 		.4byte	0xb2
 188 012f 04       		.uleb128 0x4
 189 0130 E2010000 		.4byte	.LASF26
 190 0134 04       		.byte	0x4
 191 0135 5C       		.byte	0x5c
 192 0136 19       		.byte	0x19
 193 0137 A6000000 		.4byte	0xa6
 194 013b 04       		.uleb128 0x4
 195 013c 80030000 		.4byte	.LASF27
 196 0140 04       		.byte	0x4
 197 0141 80       		.byte	0x80
 198 0142 12       		.byte	0x12
 199 0143 24000000 		.4byte	0x24
 200 0147 04       		.uleb128 0x4
 201 0148 43050000 		.4byte	.LASF28
 202 014c 04       		.byte	0x4
 203 014d 85       		.byte	0x85
 204 014e 1A       		.byte	0x1a
 205 014f 53010000 		.4byte	0x153
 206 0153 06       		.uleb128 0x6
 207 0154 2F020000 		.4byte	.LASF43
 208 0158 70       		.byte	0x70
 209 0159 05       		.byte	0x5
 210 015a 9C       		.byte	0x9c
 211 015b 08       		.byte	0x8
 212 015c 36020000 		.4byte	0x236
 213 0160 07       		.uleb128 0x7
 214 0161 68647200 		.ascii	"hdr\000"
 215 0165 05       		.byte	0x5
 216 0166 AD       		.byte	0xad
 217 0167 05       		.byte	0x5
 218 0168 00060000 		.4byte	0x600
 219 016c 00       		.byte	0
 220 016d 07       		.uleb128 0x7
 221 016e 63747800 		.ascii	"ctx\000"
 222 0172 05       		.byte	0x5
 223 0173 B1       		.byte	0xb1
 224 0174 21       		.byte	0x21
 225 0175 4E050000 		.4byte	0x54e
 226 0179 0C       		.byte	0xc
 227 017a 08       		.uleb128 0x8
 228 017b 15020000 		.4byte	.LASF29
ARM GAS  C:\Users\nello\AppData\Local\Temp\ccK3poCU.s 			page 5


 229 017f 05       		.byte	0x5
 230 0180 B6       		.byte	0xb6
 231 0181 21       		.byte	0x21
 232 0182 77030000 		.4byte	0x377
 233 0186 38       		.byte	0x38
 234 0187 08       		.uleb128 0x8
 235 0188 54040000 		.4byte	.LASF30
 236 018c 05       		.byte	0x5
 237 018d BB       		.byte	0xbb
 238 018e 22       		.byte	0x22
 239 018f 0D070000 		.4byte	0x70d
 240 0193 40       		.byte	0x40
 241 0194 08       		.uleb128 0x8
 242 0195 39020000 		.4byte	.LASF31
 243 0199 05       		.byte	0x5
 244 019a C0       		.byte	0xc0
 245 019b 22       		.byte	0x22
 246 019c 0F030000 		.4byte	0x30f
 247 01a0 44       		.byte	0x44
 248 01a1 08       		.uleb128 0x8
 249 01a2 6B040000 		.4byte	.LASF32
 250 01a6 05       		.byte	0x5
 251 01a7 C9       		.byte	0xc9
 252 01a8 22       		.byte	0x22
 253 01a9 7E050000 		.4byte	0x57e
 254 01ad 48       		.byte	0x48
 255 01ae 08       		.uleb128 0x8
 256 01af 2A010000 		.4byte	.LASF33
 257 01b3 05       		.byte	0x5
 258 01b4 CE       		.byte	0xce
 259 01b5 21       		.byte	0x21
 260 01b6 F3000000 		.4byte	0xf3
 261 01ba 4C       		.byte	0x4c
 262 01bb 08       		.uleb128 0x8
 263 01bc 42060000 		.4byte	.LASF34
 264 01c0 05       		.byte	0x5
 265 01c1 D2       		.byte	0xd2
 266 01c2 21       		.byte	0x21
 267 01c3 E7000000 		.4byte	0xe7
 268 01c7 4D       		.byte	0x4d
 269 01c8 08       		.uleb128 0x8
 270 01c9 CB000000 		.4byte	.LASF35
 271 01cd 05       		.byte	0x5
 272 01ce D7       		.byte	0xd7
 273 01cf 21       		.byte	0x21
 274 01d0 FF000000 		.4byte	0xff
 275 01d4 4E       		.byte	0x4e
 276 01d5 09       		.uleb128 0x9
 277 01d6 7500     		.ascii	"u\000"
 278 01d8 05       		.byte	0x5
 279 01d9 2801     		.2byte	0x128
 280 01db 21       		.byte	0x21
 281 01dc 2E060000 		.4byte	0x62e
 282 01e0 50       		.byte	0x50
 283 01e1 0A       		.uleb128 0xa
 284 01e2 B4010000 		.4byte	.LASF36
 285 01e6 05       		.byte	0x5
ARM GAS  C:\Users\nello\AppData\Local\Temp\ccK3poCU.s 			page 6


 286 01e7 2D01     		.2byte	0x12d
 287 01e9 21       		.byte	0x21
 288 01ea 4A030000 		.4byte	0x34a
 289 01ee 54       		.byte	0x54
 290 01ef 0A       		.uleb128 0xa
 291 01f0 21010000 		.4byte	.LASF37
 292 01f4 05       		.byte	0x5
 293 01f5 3301     		.2byte	0x133
 294 01f7 21       		.byte	0x21
 295 01f8 77030000 		.4byte	0x377
 296 01fc 58       		.byte	0x58
 297 01fd 0A       		.uleb128 0xa
 298 01fe 88020000 		.4byte	.LASF38
 299 0202 05       		.byte	0x5
 300 0203 3901     		.2byte	0x139
 301 0205 21       		.byte	0x21
 302 0206 23010000 		.4byte	0x123
 303 020a 60       		.byte	0x60
 304 020b 0A       		.uleb128 0xa
 305 020c 87060000 		.4byte	.LASF39
 306 0210 05       		.byte	0x5
 307 0211 4001     		.2byte	0x140
 308 0213 22       		.byte	0x22
 309 0214 07070000 		.4byte	0x707
 310 0218 64       		.byte	0x64
 311 0219 0A       		.uleb128 0xa
 312 021a E7020000 		.4byte	.LASF40
 313 021e 05       		.byte	0x5
 314 021f 4401     		.2byte	0x144
 315 0221 21       		.byte	0x21
 316 0222 0B010000 		.4byte	0x10b
 317 0226 68       		.byte	0x68
 318 0227 0A       		.uleb128 0xa
 319 0228 3E020000 		.4byte	.LASF41
 320 022c 05       		.byte	0x5
 321 022d 4B01     		.2byte	0x14b
 322 022f 22       		.byte	0x22
 323 0230 84050000 		.4byte	0x584
 324 0234 6C       		.byte	0x6c
 325 0235 00       		.byte	0
 326 0236 04       		.uleb128 0x4
 327 0237 F8000000 		.4byte	.LASF42
 328 023b 04       		.byte	0x4
 329 023c 8A       		.byte	0x8a
 330 023d 1F       		.byte	0x1f
 331 023e 42020000 		.4byte	0x242
 332 0242 0B       		.uleb128 0xb
 333 0243 85050000 		.4byte	.LASF44
 334 0247 B0       		.byte	0xb0
 335 0248 05       		.byte	0x5
 336 0249 8A01     		.2byte	0x18a
 337 024b 08       		.byte	0x8
 338 024c C1020000 		.4byte	0x2c1
 339 0250 0A       		.uleb128 0xa
 340 0251 26060000 		.4byte	.LASF45
 341 0255 05       		.byte	0x5
 342 0256 8E01     		.2byte	0x18e
ARM GAS  C:\Users\nello\AppData\Local\Temp\ccK3poCU.s 			page 7


 343 0258 21       		.byte	0x21
 344 0259 3E070000 		.4byte	0x73e
 345 025d 00       		.byte	0
 346 025e 0A       		.uleb128 0xa
 347 025f 0E010000 		.4byte	.LASF46
 348 0263 05       		.byte	0x5
 349 0264 9201     		.2byte	0x192
 350 0266 21       		.byte	0x21
 351 0267 BB050000 		.4byte	0x5bb
 352 026b 10       		.byte	0x10
 353 026c 0A       		.uleb128 0xa
 354 026d C1050000 		.4byte	.LASF47
 355 0271 05       		.byte	0x5
 356 0272 9901     		.2byte	0x199
 357 0274 21       		.byte	0x21
 358 0275 E2050000 		.4byte	0x5e2
 359 0279 28       		.byte	0x28
 360 027a 0A       		.uleb128 0xa
 361 027b 61000000 		.4byte	.LASF48
 362 027f 05       		.byte	0x5
 363 0280 9E01     		.2byte	0x19e
 364 0282 21       		.byte	0x21
 365 0283 3B010000 		.4byte	0x13b
 366 0287 30       		.byte	0x30
 367 0288 0A       		.uleb128 0xa
 368 0289 0D000000 		.4byte	.LASF49
 369 028d 05       		.byte	0x5
 370 028e A401     		.2byte	0x1a4
 371 0290 21       		.byte	0x21
 372 0291 E8020000 		.4byte	0x2e8
 373 0295 34       		.byte	0x34
 374 0296 0A       		.uleb128 0xa
 375 0297 77040000 		.4byte	.LASF50
 376 029b 05       		.byte	0x5
 377 029c A901     		.2byte	0x1a9
 378 029e 22       		.byte	0x22
 379 029f B2070000 		.4byte	0x7b2
 380 02a3 38       		.byte	0x38
 381 02a4 0A       		.uleb128 0xa
 382 02a5 9D000000 		.4byte	.LASF51
 383 02a9 05       		.byte	0x5
 384 02aa AD01     		.2byte	0x1ad
 385 02ac 21       		.byte	0x21
 386 02ad 47010000 		.4byte	0x147
 387 02b1 3C       		.byte	0x3c
 388 02b2 09       		.uleb128 0x9
 389 02b3 64626700 		.ascii	"dbg\000"
 390 02b7 05       		.byte	0x5
 391 02b8 B101     		.2byte	0x1b1
 392 02ba 21       		.byte	0x21
 393 02bb 26030000 		.4byte	0x326
 394 02bf AC       		.byte	0xac
 395 02c0 00       		.byte	0
 396 02c1 04       		.uleb128 0x4
 397 02c2 F0020000 		.4byte	.LASF52
 398 02c6 06       		.byte	0x6
 399 02c7 3F       		.byte	0x3f
ARM GAS  C:\Users\nello\AppData\Local\Temp\ccK3poCU.s 			page 8


 400 02c8 12       		.byte	0x12
 401 02c9 B2000000 		.4byte	0xb2
 402 02cd 06       		.uleb128 0x6
 403 02ce 4C010000 		.4byte	.LASF53
 404 02d2 04       		.byte	0x4
 405 02d3 06       		.byte	0x6
 406 02d4 44       		.byte	0x44
 407 02d5 10       		.byte	0x10
 408 02d6 E8020000 		.4byte	0x2e8
 409 02da 08       		.uleb128 0x8
 410 02db AF010000 		.4byte	.LASF54
 411 02df 06       		.byte	0x6
 412 02e0 48       		.byte	0x48
 413 02e1 21       		.byte	0x21
 414 02e2 C1020000 		.4byte	0x2c1
 415 02e6 00       		.byte	0
 416 02e7 00       		.byte	0
 417 02e8 04       		.uleb128 0x4
 418 02e9 C6030000 		.4byte	.LASF55
 419 02ed 06       		.byte	0x6
 420 02ee 49       		.byte	0x49
 421 02ef 03       		.byte	0x3
 422 02f0 CD020000 		.4byte	0x2cd
 423 02f4 06       		.uleb128 0x6
 424 02f5 9A030000 		.4byte	.LASF56
 425 02f9 04       		.byte	0x4
 426 02fa 07       		.byte	0x7
 427 02fb 3E       		.byte	0x3e
 428 02fc 10       		.byte	0x10
 429 02fd 0F030000 		.4byte	0x30f
 430 0301 08       		.uleb128 0x8
 431 0302 74050000 		.4byte	.LASF57
 432 0306 07       		.byte	0x7
 433 0307 46       		.byte	0x46
 434 0308 24       		.byte	0x24
 435 0309 15030000 		.4byte	0x315
 436 030d 00       		.byte	0
 437 030e 00       		.byte	0
 438 030f 0C       		.uleb128 0xc
 439 0310 04       		.byte	0x4
 440 0311 21030000 		.4byte	0x321
 441 0315 05       		.uleb128 0x5
 442 0316 0F030000 		.4byte	0x30f
 443 031a 03       		.uleb128 0x3
 444 031b 01       		.byte	0x1
 445 031c 08       		.byte	0x8
 446 031d 72040000 		.4byte	.LASF58
 447 0321 0D       		.uleb128 0xd
 448 0322 1A030000 		.4byte	0x31a
 449 0326 04       		.uleb128 0x4
 450 0327 52000000 		.4byte	.LASF59
 451 032b 07       		.byte	0x7
 452 032c 51       		.byte	0x51
 453 032d 03       		.byte	0x3
 454 032e F4020000 		.4byte	0x2f4
 455 0332 04       		.uleb128 0x4
 456 0333 52050000 		.4byte	.LASF60
ARM GAS  C:\Users\nello\AppData\Local\Temp\ccK3poCU.s 			page 9


 457 0337 08       		.byte	0x8
 458 0338 6D       		.byte	0x6d
 459 0339 12       		.byte	0x12
 460 033a B2000000 		.4byte	0xb2
 461 033e 04       		.uleb128 0x4
 462 033f D4010000 		.4byte	.LASF61
 463 0343 08       		.byte	0x8
 464 0344 79       		.byte	0x79
 465 0345 12       		.byte	0x12
 466 0346 B2000000 		.4byte	0xb2
 467 034a 04       		.uleb128 0x4
 468 034b 26030000 		.4byte	.LASF62
 469 034f 09       		.byte	0x9
 470 0350 32       		.byte	0x32
 471 0351 18       		.byte	0x18
 472 0352 56030000 		.4byte	0x356
 473 0356 06       		.uleb128 0x6
 474 0357 99020000 		.4byte	.LASF63
 475 035b 04       		.byte	0x4
 476 035c 09       		.byte	0x9
 477 035d 38       		.byte	0x38
 478 035e 08       		.byte	0x8
 479 035f 71030000 		.4byte	0x371
 480 0363 08       		.uleb128 0x8
 481 0364 C6000000 		.4byte	.LASF64
 482 0368 09       		.byte	0x9
 483 0369 39       		.byte	0x39
 484 036a 1A       		.byte	0x1a
 485 036b 71030000 		.4byte	0x371
 486 036f 00       		.byte	0
 487 0370 00       		.byte	0
 488 0371 0C       		.uleb128 0xc
 489 0372 04       		.byte	0x4
 490 0373 4A030000 		.4byte	0x34a
 491 0377 04       		.uleb128 0x4
 492 0378 1C020000 		.4byte	.LASF65
 493 037c 09       		.byte	0x9
 494 037d 3F       		.byte	0x3f
 495 037e 19       		.byte	0x19
 496 037f 83030000 		.4byte	0x383
 497 0383 06       		.uleb128 0x6
 498 0384 54010000 		.4byte	.LASF66
 499 0388 08       		.byte	0x8
 500 0389 09       		.byte	0x9
 501 038a 45       		.byte	0x45
 502 038b 08       		.byte	0x8
 503 038c AB030000 		.4byte	0x3ab
 504 0390 08       		.uleb128 0x8
 505 0391 C6000000 		.4byte	.LASF64
 506 0395 09       		.byte	0x9
 507 0396 46       		.byte	0x46
 508 0397 1A       		.byte	0x1a
 509 0398 AB030000 		.4byte	0x3ab
 510 039c 00       		.byte	0
 511 039d 08       		.uleb128 0x8
 512 039e 41000000 		.4byte	.LASF67
 513 03a2 09       		.byte	0x9
ARM GAS  C:\Users\nello\AppData\Local\Temp\ccK3poCU.s 			page 10


 514 03a3 47       		.byte	0x47
 515 03a4 1A       		.byte	0x1a
 516 03a5 AB030000 		.4byte	0x3ab
 517 03a9 04       		.byte	0x4
 518 03aa 00       		.byte	0
 519 03ab 0C       		.uleb128 0xc
 520 03ac 04       		.byte	0x4
 521 03ad 77030000 		.4byte	0x377
 522 03b1 04       		.uleb128 0x4
 523 03b2 69000000 		.4byte	.LASF68
 524 03b6 09       		.byte	0x9
 525 03b7 4E       		.byte	0x4e
 526 03b8 22       		.byte	0x22
 527 03b9 BD030000 		.4byte	0x3bd
 528 03bd 06       		.uleb128 0x6
 529 03be DC050000 		.4byte	.LASF69
 530 03c2 0C       		.byte	0xc
 531 03c3 09       		.byte	0x9
 532 03c4 55       		.byte	0x55
 533 03c5 08       		.byte	0x8
 534 03c6 F2030000 		.4byte	0x3f2
 535 03ca 08       		.uleb128 0x8
 536 03cb C6000000 		.4byte	.LASF64
 537 03cf 09       		.byte	0x9
 538 03d0 56       		.byte	0x56
 539 03d1 1A       		.byte	0x1a
 540 03d2 F2030000 		.4byte	0x3f2
 541 03d6 00       		.byte	0
 542 03d7 08       		.uleb128 0x8
 543 03d8 41000000 		.4byte	.LASF67
 544 03dc 09       		.byte	0x9
 545 03dd 57       		.byte	0x57
 546 03de 1A       		.byte	0x1a
 547 03df F2030000 		.4byte	0x3f2
 548 03e3 04       		.byte	0x4
 549 03e4 08       		.uleb128 0x8
 550 03e5 68030000 		.4byte	.LASF70
 551 03e9 09       		.byte	0x9
 552 03ea 58       		.byte	0x58
 553 03eb 19       		.byte	0x19
 554 03ec 0B010000 		.4byte	0x10b
 555 03f0 08       		.byte	0x8
 556 03f1 00       		.byte	0
 557 03f2 0C       		.uleb128 0xc
 558 03f3 04       		.byte	0x4
 559 03f4 B1030000 		.4byte	0x3b1
 560 03f8 04       		.uleb128 0x4
 561 03f9 78010000 		.4byte	.LASF71
 562 03fd 09       		.byte	0x9
 563 03fe 5F       		.byte	0x5f
 564 03ff 1E       		.byte	0x1e
 565 0400 04040000 		.4byte	0x404
 566 0404 06       		.uleb128 0x6
 567 0405 EA000000 		.4byte	.LASF72
 568 0409 0C       		.byte	0xc
 569 040a 09       		.byte	0x9
 570 040b 64       		.byte	0x64
ARM GAS  C:\Users\nello\AppData\Local\Temp\ccK3poCU.s 			page 11


 571 040c 08       		.byte	0x8
 572 040d 39040000 		.4byte	0x439
 573 0411 08       		.uleb128 0x8
 574 0412 C6000000 		.4byte	.LASF64
 575 0416 09       		.byte	0x9
 576 0417 65       		.byte	0x65
 577 0418 1A       		.byte	0x1a
 578 0419 39040000 		.4byte	0x439
 579 041d 00       		.byte	0
 580 041e 08       		.uleb128 0x8
 581 041f 41000000 		.4byte	.LASF67
 582 0423 09       		.byte	0x9
 583 0424 66       		.byte	0x66
 584 0425 1A       		.byte	0x1a
 585 0426 39040000 		.4byte	0x439
 586 042a 04       		.byte	0x4
 587 042b 08       		.uleb128 0x8
 588 042c 18000000 		.4byte	.LASF73
 589 0430 09       		.byte	0x9
 590 0431 67       		.byte	0x67
 591 0432 19       		.byte	0x19
 592 0433 3E030000 		.4byte	0x33e
 593 0437 08       		.byte	0x8
 594 0438 00       		.byte	0
 595 0439 0C       		.uleb128 0xc
 596 043a 04       		.byte	0x4
 597 043b F8030000 		.4byte	0x3f8
 598 043f 0B       		.uleb128 0xb
 599 0440 5C030000 		.4byte	.LASF74
 600 0444 20       		.byte	0x20
 601 0445 0A       		.byte	0xa
 602 0446 9301     		.2byte	0x193
 603 0448 08       		.byte	0x8
 604 0449 B9040000 		.4byte	0x4b9
 605 044d 09       		.uleb128 0x9
 606 044e 723000   		.ascii	"r0\000"
 607 0451 0A       		.byte	0xa
 608 0452 9401     		.2byte	0x194
 609 0454 19       		.byte	0x19
 610 0455 B2000000 		.4byte	0xb2
 611 0459 00       		.byte	0
 612 045a 09       		.uleb128 0x9
 613 045b 723100   		.ascii	"r1\000"
 614 045e 0A       		.byte	0xa
 615 045f 9501     		.2byte	0x195
 616 0461 19       		.byte	0x19
 617 0462 B2000000 		.4byte	0xb2
 618 0466 04       		.byte	0x4
 619 0467 09       		.uleb128 0x9
 620 0468 723200   		.ascii	"r2\000"
 621 046b 0A       		.byte	0xa
 622 046c 9601     		.2byte	0x196
 623 046e 19       		.byte	0x19
 624 046f B2000000 		.4byte	0xb2
 625 0473 08       		.byte	0x8
 626 0474 09       		.uleb128 0x9
 627 0475 723300   		.ascii	"r3\000"
ARM GAS  C:\Users\nello\AppData\Local\Temp\ccK3poCU.s 			page 12


 628 0478 0A       		.byte	0xa
 629 0479 9701     		.2byte	0x197
 630 047b 19       		.byte	0x19
 631 047c B2000000 		.4byte	0xb2
 632 0480 0C       		.byte	0xc
 633 0481 09       		.uleb128 0x9
 634 0482 72313200 		.ascii	"r12\000"
 635 0486 0A       		.byte	0xa
 636 0487 9801     		.2byte	0x198
 637 0489 19       		.byte	0x19
 638 048a B2000000 		.4byte	0xb2
 639 048e 10       		.byte	0x10
 640 048f 0A       		.uleb128 0xa
 641 0490 F5010000 		.4byte	.LASF75
 642 0494 0A       		.byte	0xa
 643 0495 9901     		.2byte	0x199
 644 0497 19       		.byte	0x19
 645 0498 B2000000 		.4byte	0xb2
 646 049c 14       		.byte	0x14
 647 049d 09       		.uleb128 0x9
 648 049e 706300   		.ascii	"pc\000"
 649 04a1 0A       		.byte	0xa
 650 04a2 9A01     		.2byte	0x19a
 651 04a4 19       		.byte	0x19
 652 04a5 B2000000 		.4byte	0xb2
 653 04a9 18       		.byte	0x18
 654 04aa 0A       		.uleb128 0xa
 655 04ab F0030000 		.4byte	.LASF76
 656 04af 0A       		.byte	0xa
 657 04b0 9B01     		.2byte	0x19b
 658 04b2 19       		.byte	0x19
 659 04b3 B2000000 		.4byte	0xb2
 660 04b7 1C       		.byte	0x1c
 661 04b8 00       		.byte	0
 662 04b9 0B       		.uleb128 0xb
 663 04ba 46000000 		.4byte	.LASF77
 664 04be 28       		.byte	0x28
 665 04bf 0A       		.byte	0xa
 666 04c0 B701     		.2byte	0x1b7
 667 04c2 08       		.byte	0x8
 668 04c3 4E050000 		.4byte	0x54e
 669 04c7 0A       		.uleb128 0xa
 670 04c8 4F020000 		.4byte	.LASF78
 671 04cc 0A       		.byte	0xa
 672 04cd B801     		.2byte	0x1b8
 673 04cf 19       		.byte	0x19
 674 04d0 B2000000 		.4byte	0xb2
 675 04d4 00       		.byte	0
 676 04d5 09       		.uleb128 0x9
 677 04d6 723400   		.ascii	"r4\000"
 678 04d9 0A       		.byte	0xa
 679 04da B901     		.2byte	0x1b9
 680 04dc 19       		.byte	0x19
 681 04dd B2000000 		.4byte	0xb2
 682 04e1 04       		.byte	0x4
 683 04e2 09       		.uleb128 0x9
 684 04e3 723500   		.ascii	"r5\000"
ARM GAS  C:\Users\nello\AppData\Local\Temp\ccK3poCU.s 			page 13


 685 04e6 0A       		.byte	0xa
 686 04e7 BA01     		.2byte	0x1ba
 687 04e9 19       		.byte	0x19
 688 04ea B2000000 		.4byte	0xb2
 689 04ee 08       		.byte	0x8
 690 04ef 09       		.uleb128 0x9
 691 04f0 723600   		.ascii	"r6\000"
 692 04f3 0A       		.byte	0xa
 693 04f4 BB01     		.2byte	0x1bb
 694 04f6 19       		.byte	0x19
 695 04f7 B2000000 		.4byte	0xb2
 696 04fb 0C       		.byte	0xc
 697 04fc 09       		.uleb128 0x9
 698 04fd 723700   		.ascii	"r7\000"
 699 0500 0A       		.byte	0xa
 700 0501 BC01     		.2byte	0x1bc
 701 0503 19       		.byte	0x19
 702 0504 B2000000 		.4byte	0xb2
 703 0508 10       		.byte	0x10
 704 0509 09       		.uleb128 0x9
 705 050a 723800   		.ascii	"r8\000"
 706 050d 0A       		.byte	0xa
 707 050e BD01     		.2byte	0x1bd
 708 0510 19       		.byte	0x19
 709 0511 B2000000 		.4byte	0xb2
 710 0515 14       		.byte	0x14
 711 0516 09       		.uleb128 0x9
 712 0517 723900   		.ascii	"r9\000"
 713 051a 0A       		.byte	0xa
 714 051b BE01     		.2byte	0x1be
 715 051d 19       		.byte	0x19
 716 051e B2000000 		.4byte	0xb2
 717 0522 18       		.byte	0x18
 718 0523 09       		.uleb128 0x9
 719 0524 72313000 		.ascii	"r10\000"
 720 0528 0A       		.byte	0xa
 721 0529 BF01     		.2byte	0x1bf
 722 052b 19       		.byte	0x19
 723 052c B2000000 		.4byte	0xb2
 724 0530 1C       		.byte	0x1c
 725 0531 09       		.uleb128 0x9
 726 0532 72313100 		.ascii	"r11\000"
 727 0536 0A       		.byte	0xa
 728 0537 C001     		.2byte	0x1c0
 729 0539 19       		.byte	0x19
 730 053a B2000000 		.4byte	0xb2
 731 053e 20       		.byte	0x20
 732 053f 0A       		.uleb128 0xa
 733 0540 BB020000 		.4byte	.LASF79
 734 0544 0A       		.byte	0xa
 735 0545 C401     		.2byte	0x1c4
 736 0547 19       		.byte	0x19
 737 0548 B2000000 		.4byte	0xb2
 738 054c 24       		.byte	0x24
 739 054d 00       		.byte	0
 740 054e 0B       		.uleb128 0xb
 741 054f 4F030000 		.4byte	.LASF80
ARM GAS  C:\Users\nello\AppData\Local\Temp\ccK3poCU.s 			page 14


 742 0553 2C       		.byte	0x2c
 743 0554 0A       		.byte	0xa
 744 0555 DF01     		.2byte	0x1df
 745 0557 08       		.byte	0x8
 746 0558 78050000 		.4byte	0x578
 747 055c 09       		.uleb128 0x9
 748 055d 737000   		.ascii	"sp\000"
 749 0560 0A       		.byte	0xa
 750 0561 E001     		.2byte	0x1e0
 751 0563 1A       		.byte	0x1a
 752 0564 78050000 		.4byte	0x578
 753 0568 00       		.byte	0
 754 0569 0A       		.uleb128 0xa
 755 056a 5A040000 		.4byte	.LASF81
 756 056e 0A       		.byte	0xa
 757 056f E101     		.2byte	0x1e1
 758 0571 19       		.byte	0x19
 759 0572 B9040000 		.4byte	0x4b9
 760 0576 04       		.byte	0x4
 761 0577 00       		.byte	0
 762 0578 0C       		.uleb128 0xc
 763 0579 04       		.byte	0x4
 764 057a 3F040000 		.4byte	0x43f
 765 057e 0C       		.uleb128 0xc
 766 057f 04       		.byte	0x4
 767 0580 DB000000 		.4byte	0xdb
 768 0584 0E       		.uleb128 0xe
 769 0585 04       		.byte	0x4
 770 0586 06       		.uleb128 0x6
 771 0587 0F030000 		.4byte	.LASF82
 772 058b 18       		.byte	0x18
 773 058c 05       		.byte	0x5
 774 058d 64       		.byte	0x64
 775 058e 10       		.byte	0x10
 776 058f BB050000 		.4byte	0x5bb
 777 0593 08       		.uleb128 0x8
 778 0594 4C050000 		.4byte	.LASF83
 779 0598 05       		.byte	0x5
 780 0599 68       		.byte	0x68
 781 059a 21       		.byte	0x21
 782 059b F8030000 		.4byte	0x3f8
 783 059f 00       		.byte	0
 784 05a0 08       		.uleb128 0x8
 785 05a1 E7030000 		.4byte	.LASF84
 786 05a5 05       		.byte	0x5
 787 05a6 73       		.byte	0x73
 788 05a7 21       		.byte	0x21
 789 05a8 32030000 		.4byte	0x332
 790 05ac 0C       		.byte	0xc
 791 05ad 08       		.uleb128 0x8
 792 05ae DD020000 		.4byte	.LASF85
 793 05b2 05       		.byte	0x5
 794 05b3 79       		.byte	0x79
 795 05b4 21       		.byte	0x21
 796 05b5 CA000000 		.4byte	0xca
 797 05b9 10       		.byte	0x10
 798 05ba 00       		.byte	0
ARM GAS  C:\Users\nello\AppData\Local\Temp\ccK3poCU.s 			page 15


 799 05bb 04       		.uleb128 0x4
 800 05bc B0000000 		.4byte	.LASF86
 801 05c0 05       		.byte	0x5
 802 05c1 7B       		.byte	0x7b
 803 05c2 03       		.byte	0x3
 804 05c3 86050000 		.4byte	0x586
 805 05c7 06       		.uleb128 0x6
 806 05c8 98010000 		.4byte	.LASF87
 807 05cc 08       		.byte	0x8
 808 05cd 05       		.byte	0x5
 809 05ce 80       		.byte	0x80
 810 05cf 10       		.byte	0x10
 811 05d0 E2050000 		.4byte	0x5e2
 812 05d4 08       		.uleb128 0x8
 813 05d5 5D010000 		.4byte	.LASF88
 814 05d9 05       		.byte	0x5
 815 05da 84       		.byte	0x84
 816 05db 21       		.byte	0x21
 817 05dc 77030000 		.4byte	0x377
 818 05e0 00       		.byte	0
 819 05e1 00       		.byte	0
 820 05e2 04       		.uleb128 0x4
 821 05e3 29040000 		.4byte	.LASF89
 822 05e7 05       		.byte	0x5
 823 05e8 85       		.byte	0x85
 824 05e9 03       		.byte	0x3
 825 05ea C7050000 		.4byte	0x5c7
 826 05ee 04       		.uleb128 0x4
 827 05ef FC020000 		.4byte	.LASF90
 828 05f3 05       		.byte	0x5
 829 05f4 8A       		.byte	0x8a
 830 05f5 14       		.byte	0x14
 831 05f6 FA050000 		.4byte	0x5fa
 832 05fa 0C       		.uleb128 0xc
 833 05fb 04       		.byte	0x4
 834 05fc 47010000 		.4byte	0x147
 835 0600 0F       		.uleb128 0xf
 836 0601 0C       		.byte	0xc
 837 0602 05       		.byte	0x5
 838 0603 A0       		.byte	0xa0
 839 0604 03       		.byte	0x3
 840 0605 2E060000 		.4byte	0x62e
 841 0609 10       		.uleb128 0x10
 842 060a 69060000 		.4byte	.LASF91
 843 060e 05       		.byte	0x5
 844 060f A4       		.byte	0xa4
 845 0610 21       		.byte	0x21
 846 0611 4A030000 		.4byte	0x34a
 847 0615 10       		.uleb128 0x10
 848 0616 5D010000 		.4byte	.LASF88
 849 061a 05       		.byte	0x5
 850 061b A8       		.byte	0xa8
 851 061c 21       		.byte	0x21
 852 061d 77030000 		.4byte	0x377
 853 0621 10       		.uleb128 0x10
 854 0622 7E050000 		.4byte	.LASF92
 855 0626 05       		.byte	0x5
ARM GAS  C:\Users\nello\AppData\Local\Temp\ccK3poCU.s 			page 16


 856 0627 AC       		.byte	0xac
 857 0628 21       		.byte	0x21
 858 0629 B1030000 		.4byte	0x3b1
 859 062d 00       		.byte	0
 860 062e 0F       		.uleb128 0xf
 861 062f 04       		.byte	0x4
 862 0630 05       		.byte	0x5
 863 0631 EB       		.byte	0xeb
 864 0632 03       		.byte	0x3
 865 0633 9E060000 		.4byte	0x69e
 866 0637 10       		.uleb128 0x10
 867 0638 1E000000 		.4byte	.LASF93
 868 063c 05       		.byte	0x5
 869 063d F2       		.byte	0xf2
 870 063e 21       		.byte	0x21
 871 063f 17010000 		.4byte	0x117
 872 0643 10       		.uleb128 0x10
 873 0644 94000000 		.4byte	.LASF94
 874 0648 05       		.byte	0x5
 875 0649 F9       		.byte	0xf9
 876 064a 21       		.byte	0x21
 877 064b 17010000 		.4byte	0x117
 878 064f 11       		.uleb128 0x11
 879 0650 48060000 		.4byte	.LASF95
 880 0654 05       		.byte	0x5
 881 0655 0001     		.2byte	0x100
 882 0657 22       		.byte	0x22
 883 0658 84050000 		.4byte	0x584
 884 065c 11       		.uleb128 0x11
 885 065d 12000000 		.4byte	.LASF96
 886 0661 05       		.byte	0x5
 887 0662 0701     		.2byte	0x107
 888 0664 22       		.byte	0x22
 889 0665 9E060000 		.4byte	0x69e
 890 0669 11       		.uleb128 0x11
 891 066a A8000000 		.4byte	.LASF97
 892 066e 05       		.byte	0x5
 893 066f 0C01     		.2byte	0x10c
 894 0671 21       		.byte	0x21
 895 0672 17010000 		.4byte	0x117
 896 0676 11       		.uleb128 0x11
 897 0677 FC010000 		.4byte	.LASF98
 898 067b 05       		.byte	0x5
 899 067c 1501     		.2byte	0x115
 900 067e 22       		.byte	0x22
 901 067f CC060000 		.4byte	0x6cc
 902 0683 11       		.uleb128 0x11
 903 0684 3D040000 		.4byte	.LASF99
 904 0688 05       		.byte	0x5
 905 0689 1E01     		.2byte	0x11e
 906 068b 22       		.byte	0x22
 907 068c 07070000 		.4byte	0x707
 908 0690 11       		.uleb128 0x11
 909 0691 F5030000 		.4byte	.LASF100
 910 0695 05       		.byte	0x5
 911 0696 2601     		.2byte	0x126
 912 0698 21       		.byte	0x21
ARM GAS  C:\Users\nello\AppData\Local\Temp\ccK3poCU.s 			page 17


 913 0699 23010000 		.4byte	0x123
 914 069d 00       		.byte	0
 915 069e 0C       		.uleb128 0xc
 916 069f 04       		.byte	0x4
 917 06a0 EE050000 		.4byte	0x5ee
 918 06a4 06       		.uleb128 0x6
 919 06a5 1C040000 		.4byte	.LASF101
 920 06a9 0C       		.byte	0xc
 921 06aa 0B       		.byte	0xb
 922 06ab 34       		.byte	0x34
 923 06ac 10       		.byte	0x10
 924 06ad CC060000 		.4byte	0x6cc
 925 06b1 08       		.uleb128 0x8
 926 06b2 5D010000 		.4byte	.LASF88
 927 06b6 0B       		.byte	0xb
 928 06b7 35       		.byte	0x35
 929 06b8 19       		.byte	0x19
 930 06b9 77030000 		.4byte	0x377
 931 06bd 00       		.byte	0
 932 06be 07       		.uleb128 0x7
 933 06bf 636E7400 		.ascii	"cnt\000"
 934 06c3 0B       		.byte	0xb
 935 06c4 37       		.byte	0x37
 936 06c5 19       		.byte	0x19
 937 06c6 2F010000 		.4byte	0x12f
 938 06ca 08       		.byte	0x8
 939 06cb 00       		.byte	0
 940 06cc 0C       		.uleb128 0xc
 941 06cd 04       		.byte	0x4
 942 06ce A4060000 		.4byte	0x6a4
 943 06d2 06       		.uleb128 0x6
 944 06d3 1D060000 		.4byte	.LASF102
 945 06d7 10       		.byte	0x10
 946 06d8 0C       		.byte	0xc
 947 06d9 39       		.byte	0x39
 948 06da 08       		.byte	0x8
 949 06db 07070000 		.4byte	0x707
 950 06df 08       		.uleb128 0x8
 951 06e0 5D010000 		.4byte	.LASF88
 952 06e4 0C       		.byte	0xc
 953 06e5 3A       		.byte	0x3a
 954 06e6 19       		.byte	0x19
 955 06e7 77030000 		.4byte	0x377
 956 06eb 00       		.byte	0
 957 06ec 08       		.uleb128 0x8
 958 06ed 54040000 		.4byte	.LASF30
 959 06f1 0C       		.byte	0xc
 960 06f2 3C       		.byte	0x3c
 961 06f3 1A       		.byte	0x1a
 962 06f4 FA050000 		.4byte	0x5fa
 963 06f8 08       		.byte	0x8
 964 06f9 08       		.uleb128 0x8
 965 06fa C6000000 		.4byte	.LASF64
 966 06fe 0C       		.byte	0xc
 967 06ff 3E       		.byte	0x3e
 968 0700 1A       		.byte	0x1a
 969 0701 D1070000 		.4byte	0x7d1
ARM GAS  C:\Users\nello\AppData\Local\Temp\ccK3poCU.s 			page 18


 970 0705 0C       		.byte	0xc
 971 0706 00       		.byte	0
 972 0707 0C       		.uleb128 0xc
 973 0708 04       		.byte	0x4
 974 0709 D2060000 		.4byte	0x6d2
 975 070d 0C       		.uleb128 0xc
 976 070e 04       		.byte	0x4
 977 070f 36020000 		.4byte	0x236
 978 0713 0B       		.uleb128 0xb
 979 0714 A1020000 		.4byte	.LASF103
 980 0718 10       		.byte	0x10
 981 0719 05       		.byte	0x5
 982 071a 5C01     		.2byte	0x15c
 983 071c 10       		.byte	0x10
 984 071d 3E070000 		.4byte	0x73e
 985 0721 0A       		.uleb128 0xa
 986 0722 7E050000 		.4byte	.LASF92
 987 0726 05       		.byte	0x5
 988 0727 6101     		.2byte	0x161
 989 0729 21       		.byte	0x21
 990 072a B1030000 		.4byte	0x3b1
 991 072e 00       		.byte	0
 992 072f 0A       		.uleb128 0xa
 993 0730 6D030000 		.4byte	.LASF104
 994 0734 05       		.byte	0x5
 995 0735 6501     		.2byte	0x165
 996 0737 22       		.byte	0x22
 997 0738 FA050000 		.4byte	0x5fa
 998 073c 0C       		.byte	0xc
 999 073d 00       		.byte	0
 1000 073e 12       		.uleb128 0x12
 1001 073f 00000000 		.4byte	.LASF105
 1002 0743 05       		.byte	0x5
 1003 0744 6601     		.2byte	0x166
 1004 0746 03       		.byte	0x3
 1005 0747 13070000 		.4byte	0x713
 1006 074b 0B       		.uleb128 0xb
 1007 074c 39030000 		.4byte	.LASF106
 1008 0750 14       		.byte	0x14
 1009 0751 05       		.byte	0x5
 1010 0752 6B01     		.2byte	0x16b
 1011 0754 10       		.byte	0x10
 1012 0755 A0070000 		.4byte	0x7a0
 1013 0759 0A       		.uleb128 0xa
 1014 075a 39020000 		.4byte	.LASF31
 1015 075e 05       		.byte	0x5
 1016 075f 6F01     		.2byte	0x16f
 1017 0761 22       		.byte	0x22
 1018 0762 0F030000 		.4byte	0x30f
 1019 0766 00       		.byte	0
 1020 0767 0A       		.uleb128 0xa
 1021 0768 BC010000 		.4byte	.LASF107
 1022 076c 05       		.byte	0x5
 1023 076d 7501     		.2byte	0x175
 1024 076f 22       		.byte	0x22
 1025 0770 7E050000 		.4byte	0x57e
 1026 0774 04       		.byte	0x4
ARM GAS  C:\Users\nello\AppData\Local\Temp\ccK3poCU.s 			page 19


 1027 0775 0A       		.uleb128 0xa
 1028 0776 F9050000 		.4byte	.LASF108
 1029 077a 05       		.byte	0x5
 1030 077b 7901     		.2byte	0x179
 1031 077d 22       		.byte	0x22
 1032 077e 7E050000 		.4byte	0x57e
 1033 0782 08       		.byte	0x8
 1034 0783 0A       		.uleb128 0xa
 1035 0784 CD020000 		.4byte	.LASF109
 1036 0788 05       		.byte	0x5
 1037 0789 7F01     		.2byte	0x17f
 1038 078b 22       		.byte	0x22
 1039 078c 7E050000 		.4byte	0x57e
 1040 0790 0C       		.byte	0xc
 1041 0791 0A       		.uleb128 0xa
 1042 0792 78060000 		.4byte	.LASF110
 1043 0796 05       		.byte	0x5
 1044 0797 8301     		.2byte	0x183
 1045 0799 22       		.byte	0x22
 1046 079a 7E050000 		.4byte	0x57e
 1047 079e 10       		.byte	0x10
 1048 079f 00       		.byte	0
 1049 07a0 12       		.uleb128 0x12
 1050 07a1 08060000 		.4byte	.LASF111
 1051 07a5 05       		.byte	0x5
 1052 07a6 8501     		.2byte	0x185
 1053 07a8 03       		.byte	0x3
 1054 07a9 4B070000 		.4byte	0x74b
 1055 07ad 0D       		.uleb128 0xd
 1056 07ae A0070000 		.4byte	0x7a0
 1057 07b2 0C       		.uleb128 0xc
 1058 07b3 04       		.byte	0x4
 1059 07b4 AD070000 		.4byte	0x7ad
 1060 07b8 13       		.uleb128 0x13
 1061 07b9 63683000 		.ascii	"ch0\000"
 1062 07bd 0F       		.byte	0xf
 1063 07be 4101     		.2byte	0x141
 1064 07c0 16       		.byte	0x16
 1065 07c1 36020000 		.4byte	0x236
 1066 07c5 04       		.uleb128 0x4
 1067 07c6 CC010000 		.4byte	.LASF112
 1068 07ca 0C       		.byte	0xc
 1069 07cb 34       		.byte	0x34
 1070 07cc 19       		.byte	0x19
 1071 07cd D2060000 		.4byte	0x6d2
 1072 07d1 0C       		.uleb128 0xc
 1073 07d2 04       		.byte	0x4
 1074 07d3 C5070000 		.4byte	0x7c5
 1075 07d7 03       		.uleb128 0x3
 1076 07d8 01       		.byte	0x1
 1077 07d9 02       		.byte	0x2
 1078 07da AA030000 		.4byte	.LASF113
 1079 07de 14       		.uleb128 0x14
 1080 07df 0F040000 		.4byte	.LASF133
 1081 07e3 0D       		.byte	0xd
 1082 07e4 D0       		.byte	0xd0
 1083 07e5 06       		.byte	0x6
ARM GAS  C:\Users\nello\AppData\Local\Temp\ccK3poCU.s 			page 20


 1084 07e6 0B080000 		.4byte	0x80b
 1085 07ea 15       		.uleb128 0x15
 1086 07eb 747000   		.ascii	"tp\000"
 1087 07ee 0D       		.byte	0xd
 1088 07ef D0       		.byte	0xd0
 1089 07f0 1D       		.byte	0x1d
 1090 07f1 FA050000 		.4byte	0x5fa
 1091 07f5 15       		.uleb128 0x15
 1092 07f6 6D736700 		.ascii	"msg\000"
 1093 07fa 0D       		.byte	0xd
 1094 07fb D0       		.byte	0xd0
 1095 07fc 27       		.byte	0x27
 1096 07fd 17010000 		.4byte	0x117
 1097 0801 16       		.uleb128 0x16
 1098 0802 FC030000 		.4byte	.LASF120
 1099 0806 1B080000 		.4byte	0x81b
 1100 080a 00       		.byte	0
 1101 080b 17       		.uleb128 0x17
 1102 080c 21030000 		.4byte	0x321
 1103 0810 1B080000 		.4byte	0x81b
 1104 0814 18       		.uleb128 0x18
 1105 0815 24000000 		.4byte	0x24
 1106 0819 0C       		.byte	0xc
 1107 081a 00       		.byte	0
 1108 081b 0D       		.uleb128 0xd
 1109 081c 0B080000 		.4byte	0x80b
 1110 0820 19       		.uleb128 0x19
 1111 0821 EE050000 		.4byte	.LASF115
 1112 0825 0D       		.byte	0xd
 1113 0826 BA       		.byte	0xba
 1114 0827 0B       		.byte	0xb
 1115 0828 FA050000 		.4byte	0x5fa
 1116 082c 48080000 		.4byte	0x848
 1117 0830 1A       		.uleb128 0x1a
 1118 0831 7B020000 		.4byte	.LASF114
 1119 0835 0D       		.byte	0xd
 1120 0836 BB       		.byte	0xbb
 1121 0837 0D       		.byte	0xd
 1122 0838 FA050000 		.4byte	0x5fa
 1123 083c 1B       		.uleb128 0x1b
 1124 083d 747000   		.ascii	"tp\000"
 1125 0840 0D       		.byte	0xd
 1126 0841 BC       		.byte	0xbc
 1127 0842 0D       		.byte	0xd
 1128 0843 FA050000 		.4byte	0x5fa
 1129 0847 00       		.byte	0
 1130 0848 19       		.uleb128 0x19
 1131 0849 25000000 		.4byte	.LASF116
 1132 084d 0D       		.byte	0xd
 1133 084e 98       		.byte	0x98
 1134 084f 0B       		.byte	0xb
 1135 0850 FA050000 		.4byte	0x5fa
 1136 0854 7C080000 		.4byte	0x87c
 1137 0858 1C       		.uleb128 0x1c
 1138 0859 27020000 		.4byte	.LASF117
 1139 085d 0D       		.byte	0xd
 1140 085e 98       		.byte	0x98
ARM GAS  C:\Users\nello\AppData\Local\Temp\ccK3poCU.s 			page 21


 1141 085f 2B       		.byte	0x2b
 1142 0860 3E030000 		.4byte	0x33e
 1143 0864 1A       		.uleb128 0x1a
 1144 0865 7B020000 		.4byte	.LASF114
 1145 0869 0D       		.byte	0xd
 1146 086a 99       		.byte	0x99
 1147 086b 0D       		.byte	0xd
 1148 086c FA050000 		.4byte	0x5fa
 1149 0870 1B       		.uleb128 0x1b
 1150 0871 747000   		.ascii	"tp\000"
 1151 0874 0D       		.byte	0xd
 1152 0875 9A       		.byte	0x9a
 1153 0876 0D       		.byte	0xd
 1154 0877 FA050000 		.4byte	0x5fa
 1155 087b 00       		.byte	0
 1156 087c 19       		.uleb128 0x19
 1157 087d 44020000 		.4byte	.LASF118
 1158 0881 0D       		.byte	0xd
 1159 0882 73       		.byte	0x73
 1160 0883 0B       		.byte	0xb
 1161 0884 FA050000 		.4byte	0x5fa
 1162 0888 A4080000 		.4byte	0x8a4
 1163 088c 1A       		.uleb128 0x1a
 1164 088d 7B020000 		.4byte	.LASF114
 1165 0891 0D       		.byte	0xd
 1166 0892 74       		.byte	0x74
 1167 0893 0D       		.byte	0xd
 1168 0894 FA050000 		.4byte	0x5fa
 1169 0898 1B       		.uleb128 0x1b
 1170 0899 747000   		.ascii	"tp\000"
 1171 089c 0D       		.byte	0xd
 1172 089d 75       		.byte	0x75
 1173 089e 0D       		.byte	0xd
 1174 089f FA050000 		.4byte	0x5fa
 1175 08a3 00       		.byte	0
 1176 08a4 19       		.uleb128 0x19
 1177 08a5 39010000 		.4byte	.LASF119
 1178 08a9 0D       		.byte	0xd
 1179 08aa 51       		.byte	0x51
 1180 08ab 07       		.byte	0x7
 1181 08ac 17010000 		.4byte	0x117
 1182 08b0 E1080000 		.4byte	0x8e1
 1183 08b4 15       		.uleb128 0x15
 1184 08b5 747000   		.ascii	"tp\000"
 1185 08b8 0D       		.byte	0xd
 1186 08b9 51       		.byte	0x51
 1187 08ba 1B       		.byte	0x1b
 1188 08bb FA050000 		.4byte	0x5fa
 1189 08bf 15       		.uleb128 0x15
 1190 08c0 6D736700 		.ascii	"msg\000"
 1191 08c4 0D       		.byte	0xd
 1192 08c5 51       		.byte	0x51
 1193 08c6 25       		.byte	0x25
 1194 08c7 17010000 		.4byte	0x117
 1195 08cb 1A       		.uleb128 0x1a
 1196 08cc 7B020000 		.4byte	.LASF114
 1197 08d0 0D       		.byte	0xd
ARM GAS  C:\Users\nello\AppData\Local\Temp\ccK3poCU.s 			page 22


 1198 08d1 52       		.byte	0x52
 1199 08d2 0D       		.byte	0xd
 1200 08d3 FA050000 		.4byte	0x5fa
 1201 08d7 16       		.uleb128 0x16
 1202 08d8 FC030000 		.4byte	.LASF120
 1203 08dc F1080000 		.4byte	0x8f1
 1204 08e0 00       		.byte	0
 1205 08e1 17       		.uleb128 0x17
 1206 08e2 21030000 		.4byte	0x321
 1207 08e6 F1080000 		.4byte	0x8f1
 1208 08ea 18       		.uleb128 0x18
 1209 08eb 24000000 		.4byte	0x24
 1210 08ef 09       		.byte	0x9
 1211 08f0 00       		.byte	0
 1212 08f1 0D       		.uleb128 0xd
 1213 08f2 E1080000 		.4byte	0x8e1
 1214 08f6 1D       		.uleb128 0x1d
 1215 08f7 5B060000 		.4byte	.LASF121
 1216 08fb 0E       		.byte	0xe
 1217 08fc CF       		.byte	0xcf
 1218 08fd 14       		.byte	0x14
 1219 08fe 1A090000 		.4byte	0x91a
 1220 0902 15       		.uleb128 0x15
 1221 0903 747000   		.ascii	"tp\000"
 1222 0906 0E       		.byte	0xe
 1223 0907 CF       		.byte	0xcf
 1224 0908 2C       		.byte	0x2c
 1225 0909 FA050000 		.4byte	0x5fa
 1226 090d 15       		.uleb128 0x15
 1227 090e 6D736700 		.ascii	"msg\000"
 1228 0912 0E       		.byte	0xe
 1229 0913 CF       		.byte	0xcf
 1230 0914 36       		.byte	0x36
 1231 0915 17010000 		.4byte	0x117
 1232 0919 00       		.byte	0
 1233 091a 1E       		.uleb128 0x1e
 1234 091b 88010000 		.4byte	.LASF128
 1235 091f 0E       		.byte	0xe
 1236 0920 AD       		.byte	0xad
 1237 0921 14       		.byte	0x14
 1238 0922 D7070000 		.4byte	0x7d7
 1239 0926 36090000 		.4byte	0x936
 1240 092a 15       		.uleb128 0x15
 1241 092b 747000   		.ascii	"tp\000"
 1242 092e 0E       		.byte	0xe
 1243 092f AD       		.byte	0xad
 1244 0930 2E       		.byte	0x2e
 1245 0931 FA050000 		.4byte	0x5fa
 1246 0935 00       		.byte	0
 1247 0936 1F       		.uleb128 0x1f
 1248 0937 2C060000 		.4byte	.LASF134
 1249 093b 11       		.byte	0x11
 1250 093c 5501     		.2byte	0x155
 1251 093e 19       		.byte	0x19
 1252 093f FA050000 		.4byte	0x5fa
 1253 0943 20       		.uleb128 0x20
 1254 0944 4F060000 		.4byte	.LASF122
ARM GAS  C:\Users\nello\AppData\Local\Temp\ccK3poCU.s 			page 23


 1255 0948 0F       		.byte	0xf
 1256 0949 A501     		.2byte	0x1a5
 1257 094b 14       		.byte	0x14
 1258 094c 5A090000 		.4byte	0x95a
 1259 0950 16       		.uleb128 0x16
 1260 0951 FC030000 		.4byte	.LASF120
 1261 0955 6A090000 		.4byte	0x96a
 1262 0959 00       		.byte	0
 1263 095a 17       		.uleb128 0x17
 1264 095b 21030000 		.4byte	0x321
 1265 095f 6A090000 		.4byte	0x96a
 1266 0963 18       		.uleb128 0x18
 1267 0964 24000000 		.4byte	0x24
 1268 0968 0B       		.byte	0xb
 1269 0969 00       		.byte	0
 1270 096a 0D       		.uleb128 0xd
 1271 096b 5A090000 		.4byte	0x95a
 1272 096f 21       		.uleb128 0x21
 1273 0970 05040000 		.4byte	.LASF123
 1274 0974 0F       		.byte	0xf
 1275 0975 9701     		.2byte	0x197
 1276 0977 14       		.byte	0x14
 1277 0978 21       		.uleb128 0x21
 1278 0979 15010000 		.4byte	.LASF124
 1279 097d 0A       		.byte	0xa
 1280 097e 1F03     		.2byte	0x31f
 1281 0980 1B       		.byte	0x1b
 1282 0981 21       		.uleb128 0x21
 1283 0982 6E060000 		.4byte	.LASF125
 1284 0986 0A       		.byte	0xa
 1285 0987 0B03     		.2byte	0x30b
 1286 0989 1B       		.byte	0x1b
 1287 098a 20       		.uleb128 0x20
 1288 098b 66050000 		.4byte	.LASF126
 1289 098f 10       		.byte	0x10
 1290 0990 EB01     		.2byte	0x1eb
 1291 0992 1B       		.byte	0x1b
 1292 0993 A5090000 		.4byte	0x9a5
 1293 0997 22       		.uleb128 0x22
 1294 0998 06010000 		.4byte	.LASF127
 1295 099c 10       		.byte	0x10
 1296 099d EB01     		.2byte	0x1eb
 1297 099f 32       		.byte	0x32
 1298 09a0 B2000000 		.4byte	0xb2
 1299 09a4 00       		.byte	0
 1300 09a5 23       		.uleb128 0x23
 1301 09a6 63010000 		.4byte	.LASF129
 1302 09aa 09       		.byte	0x9
 1303 09ab 1801     		.2byte	0x118
 1304 09ad 1B       		.byte	0x1b
 1305 09ae AB030000 		.4byte	0x3ab
 1306 09b2 CE090000 		.4byte	0x9ce
 1307 09b6 24       		.uleb128 0x24
 1308 09b7 717000   		.ascii	"qp\000"
 1309 09ba 09       		.byte	0x9
 1310 09bb 1801     		.2byte	0x118
 1311 09bd 3C       		.byte	0x3c
ARM GAS  C:\Users\nello\AppData\Local\Temp\ccK3poCU.s 			page 24


 1312 09be AB030000 		.4byte	0x3ab
 1313 09c2 25       		.uleb128 0x25
 1314 09c3 7000     		.ascii	"p\000"
 1315 09c5 09       		.byte	0x9
 1316 09c6 1901     		.2byte	0x119
 1317 09c8 0F       		.byte	0xf
 1318 09c9 AB030000 		.4byte	0x3ab
 1319 09cd 00       		.byte	0
 1320 09ce 26       		.uleb128 0x26
 1321 09cf CD030000 		.4byte	.LASF135
 1322 09d3 09       		.byte	0x9
 1323 09d4 0601     		.2byte	0x106
 1324 09d6 14       		.byte	0x14
 1325 09d7 24       		.uleb128 0x24
 1326 09d8 717000   		.ascii	"qp\000"
 1327 09db 09       		.byte	0x9
 1328 09dc 0601     		.2byte	0x106
 1329 09de 30       		.byte	0x30
 1330 09df AB030000 		.4byte	0x3ab
 1331 09e3 24       		.uleb128 0x24
 1332 09e4 7000     		.ascii	"p\000"
 1333 09e6 09       		.byte	0x9
 1334 09e7 0601     		.2byte	0x106
 1335 09e9 40       		.byte	0x40
 1336 09ea AB030000 		.4byte	0x3ab
 1337 09ee 00       		.byte	0
 1338 09ef 00       		.byte	0
 1339              		.section	.gnu.debuglto_.debug_abbrev,"e",%progbits
 1340              	.Ldebug_abbrev0:
 1341 0000 01       		.uleb128 0x1
 1342 0001 11       		.uleb128 0x11
 1343 0002 01       		.byte	0x1
 1344 0003 25       		.uleb128 0x25
 1345 0004 0E       		.uleb128 0xe
 1346 0005 13       		.uleb128 0x13
 1347 0006 0B       		.uleb128 0xb
 1348 0007 03       		.uleb128 0x3
 1349 0008 0E       		.uleb128 0xe
 1350 0009 1B       		.uleb128 0x1b
 1351 000a 0E       		.uleb128 0xe
 1352 000b 10       		.uleb128 0x10
 1353 000c 17       		.uleb128 0x17
 1354 000d 00       		.byte	0
 1355 000e 00       		.byte	0
 1356 000f 02       		.uleb128 0x2
 1357 0010 24       		.uleb128 0x24
 1358 0011 00       		.byte	0
 1359 0012 0B       		.uleb128 0xb
 1360 0013 0B       		.uleb128 0xb
 1361 0014 3E       		.uleb128 0x3e
 1362 0015 0B       		.uleb128 0xb
 1363 0016 03       		.uleb128 0x3
 1364 0017 08       		.uleb128 0x8
 1365 0018 00       		.byte	0
 1366 0019 00       		.byte	0
 1367 001a 03       		.uleb128 0x3
 1368 001b 24       		.uleb128 0x24
ARM GAS  C:\Users\nello\AppData\Local\Temp\ccK3poCU.s 			page 25


 1369 001c 00       		.byte	0
 1370 001d 0B       		.uleb128 0xb
 1371 001e 0B       		.uleb128 0xb
 1372 001f 3E       		.uleb128 0x3e
 1373 0020 0B       		.uleb128 0xb
 1374 0021 03       		.uleb128 0x3
 1375 0022 0E       		.uleb128 0xe
 1376 0023 00       		.byte	0
 1377 0024 00       		.byte	0
 1378 0025 04       		.uleb128 0x4
 1379 0026 16       		.uleb128 0x16
 1380 0027 00       		.byte	0
 1381 0028 03       		.uleb128 0x3
 1382 0029 0E       		.uleb128 0xe
 1383 002a 3A       		.uleb128 0x3a
 1384 002b 0B       		.uleb128 0xb
 1385 002c 3B       		.uleb128 0x3b
 1386 002d 0B       		.uleb128 0xb
 1387 002e 39       		.uleb128 0x39
 1388 002f 0B       		.uleb128 0xb
 1389 0030 49       		.uleb128 0x49
 1390 0031 13       		.uleb128 0x13
 1391 0032 00       		.byte	0
 1392 0033 00       		.byte	0
 1393 0034 05       		.uleb128 0x5
 1394 0035 35       		.uleb128 0x35
 1395 0036 00       		.byte	0
 1396 0037 49       		.uleb128 0x49
 1397 0038 13       		.uleb128 0x13
 1398 0039 00       		.byte	0
 1399 003a 00       		.byte	0
 1400 003b 06       		.uleb128 0x6
 1401 003c 13       		.uleb128 0x13
 1402 003d 01       		.byte	0x1
 1403 003e 03       		.uleb128 0x3
 1404 003f 0E       		.uleb128 0xe
 1405 0040 0B       		.uleb128 0xb
 1406 0041 0B       		.uleb128 0xb
 1407 0042 3A       		.uleb128 0x3a
 1408 0043 0B       		.uleb128 0xb
 1409 0044 3B       		.uleb128 0x3b
 1410 0045 0B       		.uleb128 0xb
 1411 0046 39       		.uleb128 0x39
 1412 0047 0B       		.uleb128 0xb
 1413 0048 01       		.uleb128 0x1
 1414 0049 13       		.uleb128 0x13
 1415 004a 00       		.byte	0
 1416 004b 00       		.byte	0
 1417 004c 07       		.uleb128 0x7
 1418 004d 0D       		.uleb128 0xd
 1419 004e 00       		.byte	0
 1420 004f 03       		.uleb128 0x3
 1421 0050 08       		.uleb128 0x8
 1422 0051 3A       		.uleb128 0x3a
 1423 0052 0B       		.uleb128 0xb
 1424 0053 3B       		.uleb128 0x3b
 1425 0054 0B       		.uleb128 0xb
ARM GAS  C:\Users\nello\AppData\Local\Temp\ccK3poCU.s 			page 26


 1426 0055 39       		.uleb128 0x39
 1427 0056 0B       		.uleb128 0xb
 1428 0057 49       		.uleb128 0x49
 1429 0058 13       		.uleb128 0x13
 1430 0059 38       		.uleb128 0x38
 1431 005a 0B       		.uleb128 0xb
 1432 005b 00       		.byte	0
 1433 005c 00       		.byte	0
 1434 005d 08       		.uleb128 0x8
 1435 005e 0D       		.uleb128 0xd
 1436 005f 00       		.byte	0
 1437 0060 03       		.uleb128 0x3
 1438 0061 0E       		.uleb128 0xe
 1439 0062 3A       		.uleb128 0x3a
 1440 0063 0B       		.uleb128 0xb
 1441 0064 3B       		.uleb128 0x3b
 1442 0065 0B       		.uleb128 0xb
 1443 0066 39       		.uleb128 0x39
 1444 0067 0B       		.uleb128 0xb
 1445 0068 49       		.uleb128 0x49
 1446 0069 13       		.uleb128 0x13
 1447 006a 38       		.uleb128 0x38
 1448 006b 0B       		.uleb128 0xb
 1449 006c 00       		.byte	0
 1450 006d 00       		.byte	0
 1451 006e 09       		.uleb128 0x9
 1452 006f 0D       		.uleb128 0xd
 1453 0070 00       		.byte	0
 1454 0071 03       		.uleb128 0x3
 1455 0072 08       		.uleb128 0x8
 1456 0073 3A       		.uleb128 0x3a
 1457 0074 0B       		.uleb128 0xb
 1458 0075 3B       		.uleb128 0x3b
 1459 0076 05       		.uleb128 0x5
 1460 0077 39       		.uleb128 0x39
 1461 0078 0B       		.uleb128 0xb
 1462 0079 49       		.uleb128 0x49
 1463 007a 13       		.uleb128 0x13
 1464 007b 38       		.uleb128 0x38
 1465 007c 0B       		.uleb128 0xb
 1466 007d 00       		.byte	0
 1467 007e 00       		.byte	0
 1468 007f 0A       		.uleb128 0xa
 1469 0080 0D       		.uleb128 0xd
 1470 0081 00       		.byte	0
 1471 0082 03       		.uleb128 0x3
 1472 0083 0E       		.uleb128 0xe
 1473 0084 3A       		.uleb128 0x3a
 1474 0085 0B       		.uleb128 0xb
 1475 0086 3B       		.uleb128 0x3b
 1476 0087 05       		.uleb128 0x5
 1477 0088 39       		.uleb128 0x39
 1478 0089 0B       		.uleb128 0xb
 1479 008a 49       		.uleb128 0x49
 1480 008b 13       		.uleb128 0x13
 1481 008c 38       		.uleb128 0x38
 1482 008d 0B       		.uleb128 0xb
ARM GAS  C:\Users\nello\AppData\Local\Temp\ccK3poCU.s 			page 27


 1483 008e 00       		.byte	0
 1484 008f 00       		.byte	0
 1485 0090 0B       		.uleb128 0xb
 1486 0091 13       		.uleb128 0x13
 1487 0092 01       		.byte	0x1
 1488 0093 03       		.uleb128 0x3
 1489 0094 0E       		.uleb128 0xe
 1490 0095 0B       		.uleb128 0xb
 1491 0096 0B       		.uleb128 0xb
 1492 0097 3A       		.uleb128 0x3a
 1493 0098 0B       		.uleb128 0xb
 1494 0099 3B       		.uleb128 0x3b
 1495 009a 05       		.uleb128 0x5
 1496 009b 39       		.uleb128 0x39
 1497 009c 0B       		.uleb128 0xb
 1498 009d 01       		.uleb128 0x1
 1499 009e 13       		.uleb128 0x13
 1500 009f 00       		.byte	0
 1501 00a0 00       		.byte	0
 1502 00a1 0C       		.uleb128 0xc
 1503 00a2 0F       		.uleb128 0xf
 1504 00a3 00       		.byte	0
 1505 00a4 0B       		.uleb128 0xb
 1506 00a5 0B       		.uleb128 0xb
 1507 00a6 49       		.uleb128 0x49
 1508 00a7 13       		.uleb128 0x13
 1509 00a8 00       		.byte	0
 1510 00a9 00       		.byte	0
 1511 00aa 0D       		.uleb128 0xd
 1512 00ab 26       		.uleb128 0x26
 1513 00ac 00       		.byte	0
 1514 00ad 49       		.uleb128 0x49
 1515 00ae 13       		.uleb128 0x13
 1516 00af 00       		.byte	0
 1517 00b0 00       		.byte	0
 1518 00b1 0E       		.uleb128 0xe
 1519 00b2 0F       		.uleb128 0xf
 1520 00b3 00       		.byte	0
 1521 00b4 0B       		.uleb128 0xb
 1522 00b5 0B       		.uleb128 0xb
 1523 00b6 00       		.byte	0
 1524 00b7 00       		.byte	0
 1525 00b8 0F       		.uleb128 0xf
 1526 00b9 17       		.uleb128 0x17
 1527 00ba 01       		.byte	0x1
 1528 00bb 0B       		.uleb128 0xb
 1529 00bc 0B       		.uleb128 0xb
 1530 00bd 3A       		.uleb128 0x3a
 1531 00be 0B       		.uleb128 0xb
 1532 00bf 3B       		.uleb128 0x3b
 1533 00c0 0B       		.uleb128 0xb
 1534 00c1 39       		.uleb128 0x39
 1535 00c2 0B       		.uleb128 0xb
 1536 00c3 01       		.uleb128 0x1
 1537 00c4 13       		.uleb128 0x13
 1538 00c5 00       		.byte	0
 1539 00c6 00       		.byte	0
ARM GAS  C:\Users\nello\AppData\Local\Temp\ccK3poCU.s 			page 28


 1540 00c7 10       		.uleb128 0x10
 1541 00c8 0D       		.uleb128 0xd
 1542 00c9 00       		.byte	0
 1543 00ca 03       		.uleb128 0x3
 1544 00cb 0E       		.uleb128 0xe
 1545 00cc 3A       		.uleb128 0x3a
 1546 00cd 0B       		.uleb128 0xb
 1547 00ce 3B       		.uleb128 0x3b
 1548 00cf 0B       		.uleb128 0xb
 1549 00d0 39       		.uleb128 0x39
 1550 00d1 0B       		.uleb128 0xb
 1551 00d2 49       		.uleb128 0x49
 1552 00d3 13       		.uleb128 0x13
 1553 00d4 00       		.byte	0
 1554 00d5 00       		.byte	0
 1555 00d6 11       		.uleb128 0x11
 1556 00d7 0D       		.uleb128 0xd
 1557 00d8 00       		.byte	0
 1558 00d9 03       		.uleb128 0x3
 1559 00da 0E       		.uleb128 0xe
 1560 00db 3A       		.uleb128 0x3a
 1561 00dc 0B       		.uleb128 0xb
 1562 00dd 3B       		.uleb128 0x3b
 1563 00de 05       		.uleb128 0x5
 1564 00df 39       		.uleb128 0x39
 1565 00e0 0B       		.uleb128 0xb
 1566 00e1 49       		.uleb128 0x49
 1567 00e2 13       		.uleb128 0x13
 1568 00e3 00       		.byte	0
 1569 00e4 00       		.byte	0
 1570 00e5 12       		.uleb128 0x12
 1571 00e6 16       		.uleb128 0x16
 1572 00e7 00       		.byte	0
 1573 00e8 03       		.uleb128 0x3
 1574 00e9 0E       		.uleb128 0xe
 1575 00ea 3A       		.uleb128 0x3a
 1576 00eb 0B       		.uleb128 0xb
 1577 00ec 3B       		.uleb128 0x3b
 1578 00ed 05       		.uleb128 0x5
 1579 00ee 39       		.uleb128 0x39
 1580 00ef 0B       		.uleb128 0xb
 1581 00f0 49       		.uleb128 0x49
 1582 00f1 13       		.uleb128 0x13
 1583 00f2 00       		.byte	0
 1584 00f3 00       		.byte	0
 1585 00f4 13       		.uleb128 0x13
 1586 00f5 34       		.uleb128 0x34
 1587 00f6 00       		.byte	0
 1588 00f7 03       		.uleb128 0x3
 1589 00f8 08       		.uleb128 0x8
 1590 00f9 3A       		.uleb128 0x3a
 1591 00fa 0B       		.uleb128 0xb
 1592 00fb 3B       		.uleb128 0x3b
 1593 00fc 05       		.uleb128 0x5
 1594 00fd 39       		.uleb128 0x39
 1595 00fe 0B       		.uleb128 0xb
 1596 00ff 49       		.uleb128 0x49
ARM GAS  C:\Users\nello\AppData\Local\Temp\ccK3poCU.s 			page 29


 1597 0100 13       		.uleb128 0x13
 1598 0101 3F       		.uleb128 0x3f
 1599 0102 19       		.uleb128 0x19
 1600 0103 3C       		.uleb128 0x3c
 1601 0104 19       		.uleb128 0x19
 1602 0105 00       		.byte	0
 1603 0106 00       		.byte	0
 1604 0107 14       		.uleb128 0x14
 1605 0108 2E       		.uleb128 0x2e
 1606 0109 01       		.byte	0x1
 1607 010a 3F       		.uleb128 0x3f
 1608 010b 19       		.uleb128 0x19
 1609 010c 03       		.uleb128 0x3
 1610 010d 0E       		.uleb128 0xe
 1611 010e 3A       		.uleb128 0x3a
 1612 010f 0B       		.uleb128 0xb
 1613 0110 3B       		.uleb128 0x3b
 1614 0111 0B       		.uleb128 0xb
 1615 0112 39       		.uleb128 0x39
 1616 0113 0B       		.uleb128 0xb
 1617 0114 27       		.uleb128 0x27
 1618 0115 19       		.uleb128 0x19
 1619 0116 01       		.uleb128 0x1
 1620 0117 13       		.uleb128 0x13
 1621 0118 00       		.byte	0
 1622 0119 00       		.byte	0
 1623 011a 15       		.uleb128 0x15
 1624 011b 05       		.uleb128 0x5
 1625 011c 00       		.byte	0
 1626 011d 03       		.uleb128 0x3
 1627 011e 08       		.uleb128 0x8
 1628 011f 3A       		.uleb128 0x3a
 1629 0120 0B       		.uleb128 0xb
 1630 0121 3B       		.uleb128 0x3b
 1631 0122 0B       		.uleb128 0xb
 1632 0123 39       		.uleb128 0x39
 1633 0124 0B       		.uleb128 0xb
 1634 0125 49       		.uleb128 0x49
 1635 0126 13       		.uleb128 0x13
 1636 0127 00       		.byte	0
 1637 0128 00       		.byte	0
 1638 0129 16       		.uleb128 0x16
 1639 012a 34       		.uleb128 0x34
 1640 012b 00       		.byte	0
 1641 012c 03       		.uleb128 0x3
 1642 012d 0E       		.uleb128 0xe
 1643 012e 49       		.uleb128 0x49
 1644 012f 13       		.uleb128 0x13
 1645 0130 34       		.uleb128 0x34
 1646 0131 19       		.uleb128 0x19
 1647 0132 00       		.byte	0
 1648 0133 00       		.byte	0
 1649 0134 17       		.uleb128 0x17
 1650 0135 01       		.uleb128 0x1
 1651 0136 01       		.byte	0x1
 1652 0137 49       		.uleb128 0x49
 1653 0138 13       		.uleb128 0x13
ARM GAS  C:\Users\nello\AppData\Local\Temp\ccK3poCU.s 			page 30


 1654 0139 01       		.uleb128 0x1
 1655 013a 13       		.uleb128 0x13
 1656 013b 00       		.byte	0
 1657 013c 00       		.byte	0
 1658 013d 18       		.uleb128 0x18
 1659 013e 21       		.uleb128 0x21
 1660 013f 00       		.byte	0
 1661 0140 49       		.uleb128 0x49
 1662 0141 13       		.uleb128 0x13
 1663 0142 2F       		.uleb128 0x2f
 1664 0143 0B       		.uleb128 0xb
 1665 0144 00       		.byte	0
 1666 0145 00       		.byte	0
 1667 0146 19       		.uleb128 0x19
 1668 0147 2E       		.uleb128 0x2e
 1669 0148 01       		.byte	0x1
 1670 0149 3F       		.uleb128 0x3f
 1671 014a 19       		.uleb128 0x19
 1672 014b 03       		.uleb128 0x3
 1673 014c 0E       		.uleb128 0xe
 1674 014d 3A       		.uleb128 0x3a
 1675 014e 0B       		.uleb128 0xb
 1676 014f 3B       		.uleb128 0x3b
 1677 0150 0B       		.uleb128 0xb
 1678 0151 39       		.uleb128 0x39
 1679 0152 0B       		.uleb128 0xb
 1680 0153 27       		.uleb128 0x27
 1681 0154 19       		.uleb128 0x19
 1682 0155 49       		.uleb128 0x49
 1683 0156 13       		.uleb128 0x13
 1684 0157 01       		.uleb128 0x1
 1685 0158 13       		.uleb128 0x13
 1686 0159 00       		.byte	0
 1687 015a 00       		.byte	0
 1688 015b 1A       		.uleb128 0x1a
 1689 015c 34       		.uleb128 0x34
 1690 015d 00       		.byte	0
 1691 015e 03       		.uleb128 0x3
 1692 015f 0E       		.uleb128 0xe
 1693 0160 3A       		.uleb128 0x3a
 1694 0161 0B       		.uleb128 0xb
 1695 0162 3B       		.uleb128 0x3b
 1696 0163 0B       		.uleb128 0xb
 1697 0164 39       		.uleb128 0x39
 1698 0165 0B       		.uleb128 0xb
 1699 0166 49       		.uleb128 0x49
 1700 0167 13       		.uleb128 0x13
 1701 0168 00       		.byte	0
 1702 0169 00       		.byte	0
 1703 016a 1B       		.uleb128 0x1b
 1704 016b 34       		.uleb128 0x34
 1705 016c 00       		.byte	0
 1706 016d 03       		.uleb128 0x3
 1707 016e 08       		.uleb128 0x8
 1708 016f 3A       		.uleb128 0x3a
 1709 0170 0B       		.uleb128 0xb
 1710 0171 3B       		.uleb128 0x3b
ARM GAS  C:\Users\nello\AppData\Local\Temp\ccK3poCU.s 			page 31


 1711 0172 0B       		.uleb128 0xb
 1712 0173 39       		.uleb128 0x39
 1713 0174 0B       		.uleb128 0xb
 1714 0175 49       		.uleb128 0x49
 1715 0176 13       		.uleb128 0x13
 1716 0177 00       		.byte	0
 1717 0178 00       		.byte	0
 1718 0179 1C       		.uleb128 0x1c
 1719 017a 05       		.uleb128 0x5
 1720 017b 00       		.byte	0
 1721 017c 03       		.uleb128 0x3
 1722 017d 0E       		.uleb128 0xe
 1723 017e 3A       		.uleb128 0x3a
 1724 017f 0B       		.uleb128 0xb
 1725 0180 3B       		.uleb128 0x3b
 1726 0181 0B       		.uleb128 0xb
 1727 0182 39       		.uleb128 0x39
 1728 0183 0B       		.uleb128 0xb
 1729 0184 49       		.uleb128 0x49
 1730 0185 13       		.uleb128 0x13
 1731 0186 00       		.byte	0
 1732 0187 00       		.byte	0
 1733 0188 1D       		.uleb128 0x1d
 1734 0189 2E       		.uleb128 0x2e
 1735 018a 01       		.byte	0x1
 1736 018b 03       		.uleb128 0x3
 1737 018c 0E       		.uleb128 0xe
 1738 018d 3A       		.uleb128 0x3a
 1739 018e 0B       		.uleb128 0xb
 1740 018f 3B       		.uleb128 0x3b
 1741 0190 0B       		.uleb128 0xb
 1742 0191 39       		.uleb128 0x39
 1743 0192 0B       		.uleb128 0xb
 1744 0193 27       		.uleb128 0x27
 1745 0194 19       		.uleb128 0x19
 1746 0195 01       		.uleb128 0x1
 1747 0196 13       		.uleb128 0x13
 1748 0197 00       		.byte	0
 1749 0198 00       		.byte	0
 1750 0199 1E       		.uleb128 0x1e
 1751 019a 2E       		.uleb128 0x2e
 1752 019b 01       		.byte	0x1
 1753 019c 03       		.uleb128 0x3
 1754 019d 0E       		.uleb128 0xe
 1755 019e 3A       		.uleb128 0x3a
 1756 019f 0B       		.uleb128 0xb
 1757 01a0 3B       		.uleb128 0x3b
 1758 01a1 0B       		.uleb128 0xb
 1759 01a2 39       		.uleb128 0x39
 1760 01a3 0B       		.uleb128 0xb
 1761 01a4 27       		.uleb128 0x27
 1762 01a5 19       		.uleb128 0x19
 1763 01a6 49       		.uleb128 0x49
 1764 01a7 13       		.uleb128 0x13
 1765 01a8 01       		.uleb128 0x1
 1766 01a9 13       		.uleb128 0x13
 1767 01aa 00       		.byte	0
ARM GAS  C:\Users\nello\AppData\Local\Temp\ccK3poCU.s 			page 32


 1768 01ab 00       		.byte	0
 1769 01ac 1F       		.uleb128 0x1f
 1770 01ad 2E       		.uleb128 0x2e
 1771 01ae 00       		.byte	0
 1772 01af 03       		.uleb128 0x3
 1773 01b0 0E       		.uleb128 0xe
 1774 01b1 3A       		.uleb128 0x3a
 1775 01b2 0B       		.uleb128 0xb
 1776 01b3 3B       		.uleb128 0x3b
 1777 01b4 05       		.uleb128 0x5
 1778 01b5 39       		.uleb128 0x39
 1779 01b6 0B       		.uleb128 0xb
 1780 01b7 27       		.uleb128 0x27
 1781 01b8 19       		.uleb128 0x19
 1782 01b9 49       		.uleb128 0x49
 1783 01ba 13       		.uleb128 0x13
 1784 01bb 00       		.byte	0
 1785 01bc 00       		.byte	0
 1786 01bd 20       		.uleb128 0x20
 1787 01be 2E       		.uleb128 0x2e
 1788 01bf 01       		.byte	0x1
 1789 01c0 03       		.uleb128 0x3
 1790 01c1 0E       		.uleb128 0xe
 1791 01c2 3A       		.uleb128 0x3a
 1792 01c3 0B       		.uleb128 0xb
 1793 01c4 3B       		.uleb128 0x3b
 1794 01c5 05       		.uleb128 0x5
 1795 01c6 39       		.uleb128 0x39
 1796 01c7 0B       		.uleb128 0xb
 1797 01c8 27       		.uleb128 0x27
 1798 01c9 19       		.uleb128 0x19
 1799 01ca 01       		.uleb128 0x1
 1800 01cb 13       		.uleb128 0x13
 1801 01cc 00       		.byte	0
 1802 01cd 00       		.byte	0
 1803 01ce 21       		.uleb128 0x21
 1804 01cf 2E       		.uleb128 0x2e
 1805 01d0 00       		.byte	0
 1806 01d1 03       		.uleb128 0x3
 1807 01d2 0E       		.uleb128 0xe
 1808 01d3 3A       		.uleb128 0x3a
 1809 01d4 0B       		.uleb128 0xb
 1810 01d5 3B       		.uleb128 0x3b
 1811 01d6 05       		.uleb128 0x5
 1812 01d7 39       		.uleb128 0x39
 1813 01d8 0B       		.uleb128 0xb
 1814 01d9 27       		.uleb128 0x27
 1815 01da 19       		.uleb128 0x19
 1816 01db 00       		.byte	0
 1817 01dc 00       		.byte	0
 1818 01dd 22       		.uleb128 0x22
 1819 01de 05       		.uleb128 0x5
 1820 01df 00       		.byte	0
 1821 01e0 03       		.uleb128 0x3
 1822 01e1 0E       		.uleb128 0xe
 1823 01e2 3A       		.uleb128 0x3a
 1824 01e3 0B       		.uleb128 0xb
ARM GAS  C:\Users\nello\AppData\Local\Temp\ccK3poCU.s 			page 33


 1825 01e4 3B       		.uleb128 0x3b
 1826 01e5 05       		.uleb128 0x5
 1827 01e6 39       		.uleb128 0x39
 1828 01e7 0B       		.uleb128 0xb
 1829 01e8 49       		.uleb128 0x49
 1830 01e9 13       		.uleb128 0x13
 1831 01ea 00       		.byte	0
 1832 01eb 00       		.byte	0
 1833 01ec 23       		.uleb128 0x23
 1834 01ed 2E       		.uleb128 0x2e
 1835 01ee 01       		.byte	0x1
 1836 01ef 03       		.uleb128 0x3
 1837 01f0 0E       		.uleb128 0xe
 1838 01f1 3A       		.uleb128 0x3a
 1839 01f2 0B       		.uleb128 0xb
 1840 01f3 3B       		.uleb128 0x3b
 1841 01f4 05       		.uleb128 0x5
 1842 01f5 39       		.uleb128 0x39
 1843 01f6 0B       		.uleb128 0xb
 1844 01f7 27       		.uleb128 0x27
 1845 01f8 19       		.uleb128 0x19
 1846 01f9 49       		.uleb128 0x49
 1847 01fa 13       		.uleb128 0x13
 1848 01fb 01       		.uleb128 0x1
 1849 01fc 13       		.uleb128 0x13
 1850 01fd 00       		.byte	0
 1851 01fe 00       		.byte	0
 1852 01ff 24       		.uleb128 0x24
 1853 0200 05       		.uleb128 0x5
 1854 0201 00       		.byte	0
 1855 0202 03       		.uleb128 0x3
 1856 0203 08       		.uleb128 0x8
 1857 0204 3A       		.uleb128 0x3a
 1858 0205 0B       		.uleb128 0xb
 1859 0206 3B       		.uleb128 0x3b
 1860 0207 05       		.uleb128 0x5
 1861 0208 39       		.uleb128 0x39
 1862 0209 0B       		.uleb128 0xb
 1863 020a 49       		.uleb128 0x49
 1864 020b 13       		.uleb128 0x13
 1865 020c 00       		.byte	0
 1866 020d 00       		.byte	0
 1867 020e 25       		.uleb128 0x25
 1868 020f 34       		.uleb128 0x34
 1869 0210 00       		.byte	0
 1870 0211 03       		.uleb128 0x3
 1871 0212 08       		.uleb128 0x8
 1872 0213 3A       		.uleb128 0x3a
 1873 0214 0B       		.uleb128 0xb
 1874 0215 3B       		.uleb128 0x3b
 1875 0216 05       		.uleb128 0x5
 1876 0217 39       		.uleb128 0x39
 1877 0218 0B       		.uleb128 0xb
 1878 0219 49       		.uleb128 0x49
 1879 021a 13       		.uleb128 0x13
 1880 021b 00       		.byte	0
 1881 021c 00       		.byte	0
ARM GAS  C:\Users\nello\AppData\Local\Temp\ccK3poCU.s 			page 34


 1882 021d 26       		.uleb128 0x26
 1883 021e 2E       		.uleb128 0x2e
 1884 021f 01       		.byte	0x1
 1885 0220 03       		.uleb128 0x3
 1886 0221 0E       		.uleb128 0xe
 1887 0222 3A       		.uleb128 0x3a
 1888 0223 0B       		.uleb128 0xb
 1889 0224 3B       		.uleb128 0x3b
 1890 0225 05       		.uleb128 0x5
 1891 0226 39       		.uleb128 0x39
 1892 0227 0B       		.uleb128 0xb
 1893 0228 27       		.uleb128 0x27
 1894 0229 19       		.uleb128 0x19
 1895 022a 00       		.byte	0
 1896 022b 00       		.byte	0
 1897 022c 00       		.byte	0
 1898              		.section	.gnu.debuglto_.debug_line,"e",%progbits
 1899              	.Ldebug_line0:
 1900 0000 6F020000 		.4byte	.LELT0-.LSLT0
 1901              	.LSLT0:
 1902 0004 0400     		.2byte	0x4
 1903 0006 69020000 		.4byte	.LELTP0-.LASLTP0
 1904              	.LASLTP0:
 1905 000a 01       		.byte	0x1
 1906 000b 01       		.byte	0x1
 1907 000c 01       		.byte	0x1
 1908 000d F6       		.byte	0xf6
 1909 000e F2       		.byte	0xf2
 1910 000f 0D       		.byte	0xd
 1911 0010 00       		.byte	0
 1912 0011 01       		.byte	0x1
 1913 0012 01       		.byte	0x1
 1914 0013 01       		.byte	0x1
 1915 0014 01       		.byte	0x1
 1916 0015 00       		.byte	0
 1917 0016 00       		.byte	0
 1918 0017 00       		.byte	0
 1919 0018 01       		.byte	0x1
 1920 0019 00       		.byte	0
 1921 001a 00       		.byte	0
 1922 001b 01       		.byte	0x1
 1923 001c 2E2E2F2E 		.ascii	"../../chibios2111/os/common/ext/ARM/CMSIS/Core/Incl"
 1923      2E2F6368 
 1923      6962696F 
 1923      73323131 
 1923      312F6F73 
 1924 004f 756465   		.ascii	"ude"
 1925 0052 00       		.byte	0
 1926 0053 2E2E2F2E 		.ascii	"../../chibios2111/os/common/ports/ARM-common"
 1926      2E2F6368 
 1926      6962696F 
 1926      73323131 
 1926      312F6F73 
 1927 007f 00       		.byte	0
 1928 0080 2E2E2F2E 		.ascii	"../../chibios2111/os/common/ports/ARMv7-M-ALT"
 1928      2E2F6368 
 1928      6962696F 
ARM GAS  C:\Users\nello\AppData\Local\Temp\ccK3poCU.s 			page 35


 1928      73323131 
 1928      312F6F73 
 1929 00ad 00       		.byte	0
 1930 00ae 2E2E2F2E 		.ascii	"../../chibios2111/os/rt/include"
 1930      2E2F6368 
 1930      6962696F 
 1930      73323131 
 1930      312F6F73 
 1931 00cd 00       		.byte	0
 1932 00ce 2E2E2F2E 		.ascii	"../../chibios2111/os/rt/src"
 1932      2E2F6368 
 1932      6962696F 
 1932      73323131 
 1932      312F6F73 
 1933 00e9 00       		.byte	0
 1934 00ea 633A5C63 		.ascii	"c:\\chibistudio\\tools\\gnu tools arm embedded\\10."
 1934      68696269 
 1934      73747564 
 1934      696F5C74 
 1934      6F6F6C73 
 1935 0119 33203230 		.ascii	"3 2021.10\\arm-none-eabi\\include\\machine"
 1935      32312E31 
 1935      305C6172 
 1935      6D2D6E6F 
 1935      6E652D65 
 1936 0140 00       		.byte	0
 1937 0141 633A5C63 		.ascii	"c:\\chibistudio\\tools\\gnu tools arm embedded\\10."
 1937      68696269 
 1937      73747564 
 1937      696F5C74 
 1937      6F6F6C73 
 1938 0170 33203230 		.ascii	"3 2021.10\\arm-none-eabi\\include\\sys"
 1938      32312E31 
 1938      305C6172 
 1938      6D2D6E6F 
 1938      6E652D65 
 1939 0193 00       		.byte	0
 1940 0194 00       		.byte	0
 1941 0195 5F646566 		.ascii	"_default_types.h\000"
 1941      61756C74 
 1941      5F747970 
 1941      65732E68 
 1941      00
 1942 01a6 06       		.uleb128 0x6
 1943 01a7 00       		.uleb128 0
 1944 01a8 00       		.uleb128 0
 1945 01a9 5F737464 		.ascii	"_stdint.h\000"
 1945      696E742E 
 1945      6800
 1946 01b3 07       		.uleb128 0x7
 1947 01b4 00       		.uleb128 0
 1948 01b5 00       		.uleb128 0
 1949 01b6 63687479 		.ascii	"chtypes.h\000"
 1949      7065732E 
 1949      6800
 1950 01c0 02       		.uleb128 0x2
 1951 01c1 00       		.uleb128 0
ARM GAS  C:\Users\nello\AppData\Local\Temp\ccK3poCU.s 			page 36


 1952 01c2 00       		.uleb128 0
 1953 01c3 63686561 		.ascii	"chearly.h\000"
 1953      726C792E 
 1953      6800
 1954 01cd 04       		.uleb128 0x4
 1955 01ce 00       		.uleb128 0
 1956 01cf 00       		.uleb128 0
 1957 01d0 63686F62 		.ascii	"chobjects.h\000"
 1957      6A656374 
 1957      732E6800 
 1958 01dc 04       		.uleb128 0x4
 1959 01dd 00       		.uleb128 0
 1960 01de 00       		.uleb128 0
 1961 01df 63687266 		.ascii	"chrfcu.h\000"
 1961      63752E68 
 1961      00
 1962 01e8 04       		.uleb128 0x4
 1963 01e9 00       		.uleb128 0
 1964 01ea 00       		.uleb128 0
 1965 01eb 63686465 		.ascii	"chdebug.h\000"
 1965      6275672E 
 1965      6800
 1966 01f5 04       		.uleb128 0x4
 1967 01f6 00       		.uleb128 0
 1968 01f7 00       		.uleb128 0
 1969 01f8 63687469 		.ascii	"chtime.h\000"
 1969      6D652E68 
 1969      00
 1970 0201 04       		.uleb128 0x4
 1971 0202 00       		.uleb128 0
 1972 0203 00       		.uleb128 0
 1973 0204 63686C69 		.ascii	"chlists.h\000"
 1973      7374732E 
 1973      6800
 1974 020e 04       		.uleb128 0x4
 1975 020f 00       		.uleb128 0
 1976 0210 00       		.uleb128 0
 1977 0211 6368636F 		.ascii	"chcore.h\000"
 1977      72652E68 
 1977      00
 1978 021a 03       		.uleb128 0x3
 1979 021b 00       		.uleb128 0
 1980 021c 00       		.uleb128 0
 1981 021d 63687365 		.ascii	"chsem.h\000"
 1981      6D2E6800 
 1982 0225 04       		.uleb128 0x4
 1983 0226 00       		.uleb128 0
 1984 0227 00       		.uleb128 0
 1985 0228 63686D74 		.ascii	"chmtx.h\000"
 1985      782E6800 
 1986 0230 04       		.uleb128 0x4
 1987 0231 00       		.uleb128 0
 1988 0232 00       		.uleb128 0
 1989 0233 63686D73 		.ascii	"chmsg.c\000"
 1989      672E6300 
 1990 023b 05       		.uleb128 0x5
 1991 023c 00       		.uleb128 0
ARM GAS  C:\Users\nello\AppData\Local\Temp\ccK3poCU.s 			page 37


 1992 023d 00       		.uleb128 0
 1993 023e 63686D73 		.ascii	"chmsg.h\000"
 1993      672E6800 
 1994 0246 04       		.uleb128 0x4
 1995 0247 00       		.uleb128 0
 1996 0248 00       		.uleb128 0
 1997 0249 63687379 		.ascii	"chsys.h\000"
 1997      732E6800 
 1998 0251 04       		.uleb128 0x4
 1999 0252 00       		.uleb128 0
 2000 0253 00       		.uleb128 0
 2001 0254 636D7369 		.ascii	"cmsis_gcc.h\000"
 2001      735F6763 
 2001      632E6800 
 2002 0260 01       		.uleb128 0x1
 2003 0261 00       		.uleb128 0
 2004 0262 00       		.uleb128 0
 2005 0263 63687468 		.ascii	"chthreads.h\000"
 2005      72656164 
 2005      732E6800 
 2006 026f 04       		.uleb128 0x4
 2007 0270 00       		.uleb128 0
 2008 0271 00       		.uleb128 0
 2009 0272 00       		.byte	0
 2010              	.LELTP0:
 2011              	.LELT0:
 2012              		.section	.gnu.debuglto_.debug_str,"eMS",%progbits,1
 2013              	.LASF105:
 2014 0000 72656164 		.ascii	"ready_list_t\000"
 2014      795F6C69 
 2014      73745F74 
 2014      00
 2015              	.LASF49:
 2016 000d 72666375 		.ascii	"rfcu\000"
 2016      00
 2017              	.LASF96:
 2018 0012 77747472 		.ascii	"wttrp\000"
 2018      7000
 2019              	.LASF73:
 2020 0018 64656C74 		.ascii	"delta\000"
 2020      6100
 2021              	.LASF93:
 2022 001e 7264796D 		.ascii	"rdymsg\000"
 2022      736700
 2023              	.LASF116:
 2024 0025 63684D73 		.ascii	"chMsgWaitTimeoutS\000"
 2024      67576169 
 2024      7454696D 
 2024      656F7574 
 2024      5300
 2025              	.LASF7:
 2026 0037 5F5F7569 		.ascii	"__uint8_t\000"
 2026      6E74385F 
 2026      7400
 2027              	.LASF67:
 2028 0041 70726576 		.ascii	"prev\000"
 2028      00
ARM GAS  C:\Users\nello\AppData\Local\Temp\ccK3poCU.s 			page 38


 2029              	.LASF77:
 2030 0046 706F7274 		.ascii	"port_intctx\000"
 2030      5F696E74 
 2030      63747800 
 2031              	.LASF59:
 2032 0052 73797374 		.ascii	"system_debug_t\000"
 2032      656D5F64 
 2032      65627567 
 2032      5F7400
 2033              	.LASF48:
 2034 0061 636F7265 		.ascii	"core_id\000"
 2034      5F696400 
 2035              	.LASF68:
 2036 0069 63685F70 		.ascii	"ch_priority_queue_t\000"
 2036      72696F72 
 2036      6974795F 
 2036      71756575 
 2036      655F7400 
 2037              	.LASF13:
 2038 007d 6C6F6E67 		.ascii	"long long unsigned int\000"
 2038      206C6F6E 
 2038      6720756E 
 2038      7369676E 
 2038      65642069 
 2039              	.LASF94:
 2040 0094 65786974 		.ascii	"exitcode\000"
 2040      636F6465 
 2040      00
 2041              	.LASF51:
 2042 009d 6D61696E 		.ascii	"mainthread\000"
 2042      74687265 
 2042      616400
 2043              	.LASF97:
 2044 00a8 73656E74 		.ascii	"sentmsg\000"
 2044      6D736700 
 2045              	.LASF86:
 2046 00b0 76697274 		.ascii	"virtual_timers_list_t\000"
 2046      75616C5F 
 2046      74696D65 
 2046      72735F6C 
 2046      6973745F 
 2047              	.LASF64:
 2048 00c6 6E657874 		.ascii	"next\000"
 2048      00
 2049              	.LASF35:
 2050 00cb 72656673 		.ascii	"refs\000"
 2050      00
 2051              	.LASF1:
 2052 00d0 6C6F6E67 		.ascii	"long long int\000"
 2052      206C6F6E 
 2052      6720696E 
 2052      7400
 2053              	.LASF3:
 2054 00de 7369676E 		.ascii	"signed char\000"
 2054      65642063 
 2054      68617200 
 2055              	.LASF72:
ARM GAS  C:\Users\nello\AppData\Local\Temp\ccK3poCU.s 			page 39


 2056 00ea 63685F64 		.ascii	"ch_delta_list\000"
 2056      656C7461 
 2056      5F6C6973 
 2056      7400
 2057              	.LASF42:
 2058 00f8 6F735F69 		.ascii	"os_instance_t\000"
 2058      6E737461 
 2058      6E63655F 
 2058      7400
 2059              	.LASF127:
 2060 0106 62617365 		.ascii	"basePri\000"
 2060      50726900 
 2061              	.LASF46:
 2062 010e 76746C69 		.ascii	"vtlist\000"
 2062      737400
 2063              	.LASF124:
 2064 0115 706F7274 		.ascii	"port_unlock\000"
 2064      5F756E6C 
 2064      6F636B00 
 2065              	.LASF37:
 2066 0121 6D736771 		.ascii	"msgqueue\000"
 2066      75657565 
 2066      00
 2067              	.LASF33:
 2068 012a 73746174 		.ascii	"state\000"
 2068      6500
 2069              	.LASF9:
 2070 0130 6C6F6E67 		.ascii	"long int\000"
 2070      20696E74 
 2070      00
 2071              	.LASF119:
 2072 0139 63684D73 		.ascii	"chMsgSend\000"
 2072      6753656E 
 2072      6400
 2073              	.LASF21:
 2074 0143 74737461 		.ascii	"tstate_t\000"
 2074      74655F74 
 2074      00
 2075              	.LASF53:
 2076 014c 63685F72 		.ascii	"ch_rfcu\000"
 2076      66637500 
 2077              	.LASF66:
 2078 0154 63685F71 		.ascii	"ch_queue\000"
 2078      75657565 
 2078      00
 2079              	.LASF88:
 2080 015d 71756575 		.ascii	"queue\000"
 2080      6500
 2081              	.LASF129:
 2082 0163 63685F71 		.ascii	"ch_queue_fifo_remove\000"
 2082      75657565 
 2082      5F666966 
 2082      6F5F7265 
 2082      6D6F7665 
 2083              	.LASF71:
 2084 0178 63685F64 		.ascii	"ch_delta_list_t\000"
 2084      656C7461 
ARM GAS  C:\Users\nello\AppData\Local\Temp\ccK3poCU.s 			page 40


 2084      5F6C6973 
 2084      745F7400 
 2085              	.LASF128:
 2086 0188 63684D73 		.ascii	"chMsgIsPendingI\000"
 2086      67497350 
 2086      656E6469 
 2086      6E674900 
 2087              	.LASF87:
 2088 0198 63685F72 		.ascii	"ch_registry\000"
 2088      65676973 
 2088      74727900 
 2089              	.LASF10:
 2090 01a4 5F5F7569 		.ascii	"__uint32_t\000"
 2090      6E743332 
 2090      5F7400
 2091              	.LASF54:
 2092 01af 6D61736B 		.ascii	"mask\000"
 2092      00
 2093              	.LASF36:
 2094 01b4 77616974 		.ascii	"waiting\000"
 2094      696E6700 
 2095              	.LASF107:
 2096 01bc 6D61696E 		.ascii	"mainthread_base\000"
 2096      74687265 
 2096      61645F62 
 2096      61736500 
 2097              	.LASF112:
 2098 01cc 6D757465 		.ascii	"mutex_t\000"
 2098      785F7400 
 2099              	.LASF61:
 2100 01d4 73797369 		.ascii	"sysinterval_t\000"
 2100      6E746572 
 2100      76616C5F 
 2100      7400
 2101              	.LASF26:
 2102 01e2 636E745F 		.ascii	"cnt_t\000"
 2102      7400
 2103              	.LASF0:
 2104 01e8 756E7369 		.ascii	"unsigned int\000"
 2104      676E6564 
 2104      20696E74 
 2104      00
 2105              	.LASF75:
 2106 01f5 6C725F74 		.ascii	"lr_thd\000"
 2106      686400
 2107              	.LASF98:
 2108 01fc 77747365 		.ascii	"wtsemp\000"
 2108      6D7000
 2109              	.LASF11:
 2110 0203 6C6F6E67 		.ascii	"long unsigned int\000"
 2110      20756E73 
 2110      69676E65 
 2110      6420696E 
 2110      7400
 2111              	.LASF29:
 2112 0215 72717565 		.ascii	"rqueue\000"
 2112      756500
ARM GAS  C:\Users\nello\AppData\Local\Temp\ccK3poCU.s 			page 41


 2113              	.LASF65:
 2114 021c 63685F71 		.ascii	"ch_queue_t\000"
 2114      75657565 
 2114      5F7400
 2115              	.LASF117:
 2116 0227 74696D65 		.ascii	"timeout\000"
 2116      6F757400 
 2117              	.LASF43:
 2118 022f 63685F74 		.ascii	"ch_thread\000"
 2118      68726561 
 2118      6400
 2119              	.LASF31:
 2120 0239 6E616D65 		.ascii	"name\000"
 2120      00
 2121              	.LASF41:
 2122 023e 6D706F6F 		.ascii	"mpool\000"
 2122      6C00
 2123              	.LASF118:
 2124 0244 63684D73 		.ascii	"chMsgWaitS\000"
 2124      67576169 
 2124      745300
 2125              	.LASF78:
 2126 024f 62617365 		.ascii	"basepri\000"
 2126      70726900 
 2127              	.LASF131:
 2128 0257 2E2E2F2E 		.ascii	"../../chibios2111/os/rt/src/chmsg.c\000"
 2128      2E2F6368 
 2128      6962696F 
 2128      73323131 
 2128      312F6F73 
 2129              	.LASF114:
 2130 027b 63757272 		.ascii	"currtp\000"
 2130      747000
 2131              	.LASF24:
 2132 0282 6D73675F 		.ascii	"msg_t\000"
 2132      7400
 2133              	.LASF38:
 2134 0288 6570656E 		.ascii	"epending\000"
 2134      64696E67 
 2134      00
 2135              	.LASF20:
 2136 0291 746D6F64 		.ascii	"tmode_t\000"
 2136      655F7400 
 2137              	.LASF63:
 2138 0299 63685F6C 		.ascii	"ch_list\000"
 2138      69737400 
 2139              	.LASF103:
 2140 02a1 63685F72 		.ascii	"ch_ready_list\000"
 2140      65616479 
 2140      5F6C6973 
 2140      7400
 2141              	.LASF25:
 2142 02af 6576656E 		.ascii	"eventmask_t\000"
 2142      746D6173 
 2142      6B5F7400 
 2143              	.LASF79:
 2144 02bb 6C725F65 		.ascii	"lr_exc\000"
ARM GAS  C:\Users\nello\AppData\Local\Temp\ccK3poCU.s 			page 42


 2144      786300
 2145              	.LASF19:
 2146 02c2 73746B61 		.ascii	"stkalign_t\000"
 2146      6C69676E 
 2146      5F7400
 2147              	.LASF109:
 2148 02cd 69646C65 		.ascii	"idlethread_base\000"
 2148      74687265 
 2148      61645F62 
 2148      61736500 
 2149              	.LASF85:
 2150 02dd 6C617374 		.ascii	"laststamp\000"
 2150      7374616D 
 2150      7000
 2151              	.LASF40:
 2152 02e7 7265616C 		.ascii	"realprio\000"
 2152      7072696F 
 2152      00
 2153              	.LASF52:
 2154 02f0 72666375 		.ascii	"rfcu_mask_t\000"
 2154      5F6D6173 
 2154      6B5F7400 
 2155              	.LASF90:
 2156 02fc 74687265 		.ascii	"thread_reference_t\000"
 2156      61645F72 
 2156      65666572 
 2156      656E6365 
 2156      5F7400
 2157              	.LASF82:
 2158 030f 63685F76 		.ascii	"ch_virtual_timers_list\000"
 2158      69727475 
 2158      616C5F74 
 2158      696D6572 
 2158      735F6C69 
 2159              	.LASF62:
 2160 0326 63685F6C 		.ascii	"ch_list_t\000"
 2160      6973745F 
 2160      7400
 2161              	.LASF17:
 2162 0330 75696E74 		.ascii	"uint64_t\000"
 2162      36345F74 
 2162      00
 2163              	.LASF106:
 2164 0339 63685F6F 		.ascii	"ch_os_instance_config\000"
 2164      735F696E 
 2164      7374616E 
 2164      63655F63 
 2164      6F6E6669 
 2165              	.LASF80:
 2166 034f 706F7274 		.ascii	"port_context\000"
 2166      5F636F6E 
 2166      74657874 
 2166      00
 2167              	.LASF74:
 2168 035c 706F7274 		.ascii	"port_extctx\000"
 2168      5F657874 
 2168      63747800 
ARM GAS  C:\Users\nello\AppData\Local\Temp\ccK3poCU.s 			page 43


 2169              	.LASF70:
 2170 0368 7072696F 		.ascii	"prio\000"
 2170      00
 2171              	.LASF104:
 2172 036d 63757272 		.ascii	"current\000"
 2172      656E7400 
 2173              	.LASF12:
 2174 0375 5F5F7569 		.ascii	"__uint64_t\000"
 2174      6E743634 
 2174      5F7400
 2175              	.LASF27:
 2176 0380 636F7265 		.ascii	"core_id_t\000"
 2176      5F69645F 
 2176      7400
 2177              	.LASF22:
 2178 038a 74726566 		.ascii	"trefs_t\000"
 2178      735F7400 
 2179              	.LASF23:
 2180 0392 74707269 		.ascii	"tprio_t\000"
 2180      6F5F7400 
 2181              	.LASF56:
 2182 039a 63685F73 		.ascii	"ch_system_debug\000"
 2182      79737465 
 2182      6D5F6465 
 2182      62756700 
 2183              	.LASF113:
 2184 03aa 5F426F6F 		.ascii	"_Bool\000"
 2184      6C00
 2185              	.LASF15:
 2186 03b0 696E7433 		.ascii	"int32_t\000"
 2186      325F7400 
 2187              	.LASF4:
 2188 03b8 756E7369 		.ascii	"unsigned char\000"
 2188      676E6564 
 2188      20636861 
 2188      7200
 2189              	.LASF55:
 2190 03c6 72666375 		.ascii	"rfcu_t\000"
 2190      5F7400
 2191              	.LASF135:
 2192 03cd 63685F71 		.ascii	"ch_queue_insert\000"
 2192      75657565 
 2192      5F696E73 
 2192      65727400 
 2193              	.LASF5:
 2194 03dd 73686F72 		.ascii	"short int\000"
 2194      7420696E 
 2194      7400
 2195              	.LASF84:
 2196 03e7 6C617374 		.ascii	"lasttime\000"
 2196      74696D65 
 2196      00
 2197              	.LASF76:
 2198 03f0 78707372 		.ascii	"xpsr\000"
 2198      00
 2199              	.LASF100:
 2200 03f5 65776D61 		.ascii	"ewmask\000"
ARM GAS  C:\Users\nello\AppData\Local\Temp\ccK3poCU.s 			page 44


 2200      736B00
 2201              	.LASF120:
 2202 03fc 5F5F6675 		.ascii	"__func__\000"
 2202      6E635F5F 
 2202      00
 2203              	.LASF123:
 2204 0405 63685379 		.ascii	"chSysLock\000"
 2204      734C6F63 
 2204      6B00
 2205              	.LASF133:
 2206 040f 63684D73 		.ascii	"chMsgRelease\000"
 2206      6752656C 
 2206      65617365 
 2206      00
 2207              	.LASF101:
 2208 041c 63685F73 		.ascii	"ch_semaphore\000"
 2208      656D6170 
 2208      686F7265 
 2208      00
 2209              	.LASF89:
 2210 0429 72656769 		.ascii	"registry_t\000"
 2210      73747279 
 2210      5F7400
 2211              	.LASF16:
 2212 0434 75696E74 		.ascii	"uint32_t\000"
 2212      33325F74 
 2212      00
 2213              	.LASF99:
 2214 043d 77746D74 		.ascii	"wtmtxp\000"
 2214      787000
 2215              	.LASF18:
 2216 0444 706F7274 		.ascii	"port_stkalign_t\000"
 2216      5F73746B 
 2216      616C6967 
 2216      6E5F7400 
 2217              	.LASF30:
 2218 0454 6F776E65 		.ascii	"owner\000"
 2218      7200
 2219              	.LASF81:
 2220 045a 72656773 		.ascii	"regs\000"
 2220      00
 2221              	.LASF2:
 2222 045f 6C6F6E67 		.ascii	"long double\000"
 2222      20646F75 
 2222      626C6500 
 2223              	.LASF32:
 2224 046b 77616261 		.ascii	"wabase\000"
 2224      736500
 2225              	.LASF58:
 2226 0472 63686172 		.ascii	"char\000"
 2226      00
 2227              	.LASF50:
 2228 0477 636F6E66 		.ascii	"config\000"
 2228      696700
 2229              	.LASF130:
 2230 047e 474E5520 		.ascii	"GNU C17 10.3.1 20210824 (release) -mcpu=cortex-m4 -"
 2230      43313720 
ARM GAS  C:\Users\nello\AppData\Local\Temp\ccK3poCU.s 			page 45


 2230      31302E33 
 2230      2E312032 
 2230      30323130 
 2231 04b1 6D746875 		.ascii	"mthumb -mfloat-abi=soft -march=armv7e-m -ggdb -O0 -"
 2231      6D62202D 
 2231      6D666C6F 
 2231      61742D61 
 2231      62693D73 
 2232 04e4 666F6D69 		.ascii	"fomit-frame-pointer -falign-functions=16 -ffunction"
 2232      742D6672 
 2232      616D652D 
 2232      706F696E 
 2232      74657220 
 2233 0517 2D736563 		.ascii	"-sections -fdata-sections -fno-common -flto\000"
 2233      74696F6E 
 2233      73202D66 
 2233      64617461 
 2233      2D736563 
 2234              	.LASF28:
 2235 0543 74687265 		.ascii	"thread_t\000"
 2235      61645F74 
 2235      00
 2236              	.LASF83:
 2237 054c 646C6973 		.ascii	"dlist\000"
 2237      7400
 2238              	.LASF60:
 2239 0552 73797374 		.ascii	"systime_t\000"
 2239      696D655F 
 2239      7400
 2240              	.LASF8:
 2241 055c 5F5F696E 		.ascii	"__int32_t\000"
 2241      7433325F 
 2241      7400
 2242              	.LASF126:
 2243 0566 5F5F7365 		.ascii	"__set_BASEPRI\000"
 2243      745F4241 
 2243      53455052 
 2243      4900
 2244              	.LASF57:
 2245 0574 70616E69 		.ascii	"panic_msg\000"
 2245      635F6D73 
 2245      6700
 2246              	.LASF92:
 2247 057e 70717565 		.ascii	"pqueue\000"
 2247      756500
 2248              	.LASF44:
 2249 0585 63685F6F 		.ascii	"ch_os_instance\000"
 2249      735F696E 
 2249      7374616E 
 2249      636500
 2250              	.LASF132:
 2251 0594 433A5C43 		.ascii	"C:\\ChibiStudio\\workspace_user\\GestureLogicv4\000"
 2251      68696269 
 2251      53747564 
 2251      696F5C77 
 2251      6F726B73 
 2252              	.LASF47:
ARM GAS  C:\Users\nello\AppData\Local\Temp\ccK3poCU.s 			page 46


 2253 05c1 7265676C 		.ascii	"reglist\000"
 2253      69737400 
 2254              	.LASF6:
 2255 05c9 73686F72 		.ascii	"short unsigned int\000"
 2255      7420756E 
 2255      7369676E 
 2255      65642069 
 2255      6E7400
 2256              	.LASF69:
 2257 05dc 63685F70 		.ascii	"ch_priority_queue\000"
 2257      72696F72 
 2257      6974795F 
 2257      71756575 
 2257      6500
 2258              	.LASF115:
 2259 05ee 63684D73 		.ascii	"chMsgPollS\000"
 2259      67506F6C 
 2259      6C5300
 2260              	.LASF108:
 2261 05f9 6D61696E 		.ascii	"mainthread_end\000"
 2261      74687265 
 2261      61645F65 
 2261      6E6400
 2262              	.LASF111:
 2263 0608 6F735F69 		.ascii	"os_instance_config_t\000"
 2263      6E737461 
 2263      6E63655F 
 2263      636F6E66 
 2263      69675F74 
 2264              	.LASF102:
 2265 061d 63685F6D 		.ascii	"ch_mutex\000"
 2265      75746578 
 2265      00
 2266              	.LASF45:
 2267 0626 726C6973 		.ascii	"rlist\000"
 2267      7400
 2268              	.LASF134:
 2269 062c 63685468 		.ascii	"chThdGetSelfX\000"
 2269      64476574 
 2269      53656C66 
 2269      5800
 2270              	.LASF14:
 2271 063a 75696E74 		.ascii	"uint8_t\000"
 2271      385F7400 
 2272              	.LASF34:
 2273 0642 666C6167 		.ascii	"flags\000"
 2273      7300
 2274              	.LASF95:
 2275 0648 77746F62 		.ascii	"wtobjp\000"
 2275      6A7000
 2276              	.LASF122:
 2277 064f 63685379 		.ascii	"chSysUnlock\000"
 2277      73556E6C 
 2277      6F636B00 
 2278              	.LASF121:
 2279 065b 63684D73 		.ascii	"chMsgReleaseS\000"
 2279      6752656C 
ARM GAS  C:\Users\nello\AppData\Local\Temp\ccK3poCU.s 			page 47


 2279      65617365 
 2279      5300
 2280              	.LASF91:
 2281 0669 6C697374 		.ascii	"list\000"
 2281      00
 2282              	.LASF125:
 2283 066e 706F7274 		.ascii	"port_lock\000"
 2283      5F6C6F63 
 2283      6B00
 2284              	.LASF110:
 2285 0678 69646C65 		.ascii	"idlethread_end\000"
 2285      74687265 
 2285      61645F65 
 2285      6E6400
 2286              	.LASF39:
 2287 0687 6D74786C 		.ascii	"mtxlist\000"
 2287      69737400 
 2288              		.text
 2289              		.section	.gnu.lto_.inline.71a4938e,"e",%progbits
 2290 0000 789C8551 		.ascii	"x\234\205Q\321\015\2020\024<^k\205RM\214q\026\267`\012"
 2290      D10D8230 
 2290      143C5E6B 
 2290      85524D8C 
 2290      7116B760 
 2291 0015 35B884D1 		.ascii	"5\270\204\321\015:\202\2430\232\357=(Z\220\320\037\256"
 2291      0D3A82A3 
 2291      309AEF3D 
 2291      285A90D0 
 2291      1FAE
 2292 0027 E5EE72EF 		.ascii	"\345\356r\357\336\2310\236\000TO>t\003h\237\220\305"
 2292      DE99309E 
 2292      00544F3E 
 2292      7403689F 
 2292      90C5
 2293 0039 8BD18320 		.ascii	"\213\321\203 \314\002%_:seFH(c\020\254(\315\205\341"
 2293      CC02255F 
 2293      3A736546 
 2293      48286310 
 2293      AC28CD85 
 2294 004e 88328659 		.ascii	"\2102\206Ye\330U\206\303F\363I\016\227P\306\330\302"
 2294      65D85586 
 2294      C346F349 
 2294      0E9750C6 
 2294      D8C2
 2295 0060 693E9985 		.ascii	"i>\231\205\2241\313\021$nlbS\342\310\317o\272/NUx)\210"
 2295      9431CB11 
 2295      246E6C62 
 2295      53E2C8CF 
 2295      6FBA2F4E 
 2296 0078 6AADA0FF 		.ascii	"j\255\240\377\304\346k\360\363\033\025\016bfZ~\360\032"
 2296      C4E66BF0 
 2296      F31B150E 
 2296      62665A7E 
 2296      F01A
 2297 008a 7E6AA63A 		.ascii	"~j\246:\326\017v\331\025\036'M\320.\356 \361\355N\353"
 2297      D60F76D9 
 2297      151E274D 
ARM GAS  C:\Users\nello\AppData\Local\Temp\ccK3poCU.s 			page 48


 2297      D02EEE20 
 2297      F1ED4EEB 
 2298 009e 1E728C06 		.ascii	"\036r\214\0065D\326\221\030\350\262f\325$~\256\013\272"
 2298      3544D691 
 2298      18E8B266 
 2298      D5247EAE 
 2298      0BBA
 2299 00b0 DAA8BAFF 		.ascii	"\332\250\272\377\205\365SN\247\306\007\363^h\363"
 2299      85F5534E 
 2299      A7C607F3 
 2299      5E68F3
 2300              		.text
 2301              		.section	.gnu.lto_.jmpfuncs.71a4938e,"e",%progbits
 2302 0000 789C6362 		.ascii	"x\234cb@\006\000\000*\000\003"
 2302      40060000 
 2302      2A0003
 2303              		.text
 2304              		.section	.gnu.lto_.lto.71a4938e,"e",%progbits
 2305 0000 09000400 		.ascii	"\011\000\004\000\001\000\000\000"
 2305      01000000 
 2306              		.text
 2307              		.section	.gnu.lto_ch_queue_insert.22.71a4938e,"e",%progbits
 2308 0000 789C7D91 		.ascii	"x\234}\221AHTA\030\307\277\377|\357\205)\201\262\036"
 2308      41485441 
 2308      18C7BFFF 
 2308      7CEF8529 
 2308      81B21E
 2309 0013 BC952084 		.ascii	"\274\225 \204Bow\305\223W\017^<\351\261E\321\347\303"
 2309      426F77C5 
 2309      93570F5E 
 2309      3CE9B145 
 2309      D1E7C3
 2310 0026 7D64BD75 		.ascii	"}d\275u\337n\035w4\304\362\340\232vq\251\016\313\022"
 2310      DF6E1D77 
 2310      34C4F2E0 
 2310      9A7671A9 
 2310      0ECB12
 2311 0039 DE3A556E 		.ascii	"\336:Un\031nDtq#\"\350$\004]\354\"\342IA\330ff\335t"
 2311      196E4474 
 2311      712322E8 
 2311      24045DEC 
 2311      22E24941 
 2312 0052 231ADE3C 		.ascii	"#\032\336<\276o\346\367\377\317\367\315D\004\321\034"
 2312      BE6FE6F7 
 2312      FFCFF7CD 
 2312      4404D11C 
 2313 0062 1175AB49 		.ascii	"\021u\253ILX{\264,\250V\253\345,\201\371\036\274\205"
 2313      4C587BB4 
 2313      2CA856AB 
 2313      E52C81F9 
 2313      1EBC85
 2314 0075 89413981 		.ascii	"\211A9\201\034\326\271WJy\274XXy\330&7+(1\3213\246\372"
 2314      1CD6B957 
 2314      4A79BC58 
 2314      5879D826 
 2314      372B2831 
 2315 008d 78C258E3 		.ascii	"x\302X\343\022\003\326Y$pME|\223\256W\244\374\262\277"
ARM GAS  C:\Users\nello\AppData\Local\Temp\ccK3poCU.s 			page 49


 2315      1203D659 
 2315      24704D45 
 2315      7C93AE57 
 2315      A4FCB2BF 
 2316 00a1 25E5652A 		.ascii	"%\345e*1\3435\224\006\257\200\227 \2750\376=\242\271"
 2316      31E33594 
 2316      06AF8097 
 2316      20BD30FE 
 2316      3DA2B9
 2317 00b4 549D7B70 		.ascii	"T\235{p\177I\266[\232+\377\315\375\214\020]j\234\250"
 2317      7F49B65B 
 2317      9A2BFFCD 
 2317      FD8C105D 
 2317      6A9CA8
 2318 00c7 D6E8C557 		.ascii	"\326\350\305W\273\"Oky)\367\272>\257\333\255\320\230"
 2318      BB224F6B 
 2318      7929F7BA 
 2318      3EAFDBAD 
 2318      D098
 2319 00d9 D03F0B78 		.ascii	"\320?\013x\003\033\330RX\236uCf\\U\351*\213\363\024"
 2319      031BD852 
 2319      589E7543 
 2319      665C55E9 
 2319      2A8BF314 
 2320 00ed 74808542 		.ascii	"t\200\205By\367\261}V4C7\362\034\252\317MQb\253\250"
 2320      79F7B17D 
 2320      56344337 
 2320      F21CAACF 
 2320      4D5162AB 
 2321 0102 ACB64131 		.ascii	"\254\266A1\225\267\350\335wx\252\217/\262\255\225\333"
 2321      95B7E8DD 
 2321      7778AA8F 
 2321      2FB2AD95 
 2321      DB
 2322 0113 27BBDFEC 		.ascii	"'\273\337\354\"\243!i1\012\273I\261\243\024\272X\205"
 2322      22A32169 
 2322      310ABB49 
 2322      B1A314BA 
 2322      5885
 2323 0125 1F2E57C5 		.ascii	"\037.W\305\177\335\337\327Y\345h\3347\252\212\020\315"
 2323      7FDDDFD7 
 2323      59E568DC 
 2323      37AA8A10 
 2323      CD
 2324 0136 E6CD820F 		.ascii	"\346\315\202\017\347\346\205_\235\177\274\257\030T4"
 2324      E7E6855F 
 2324      9D7FBCAF 
 2324      185434
 2325 0145 A11F1B95 		.ascii	"\241\037\033\225[\206>\251\232\236\015\277/\376Q\367"
 2325      5B863EA9 
 2325      9A9E0DBF 
 2325      2FFE51F7 
 2326 0155 A7462D16 		.ascii	"\247F-\026\035a\341Gy\324\274r\236q\3612\211n\014\015"
 2326      1D61E147 
 2326      79D4BC72 
 2326      9E71F132 
 2326      896E0C0D 
ARM GAS  C:\Users\nello\AppData\Local\Temp\ccK3poCU.s 			page 50


 2327 0169 268692FE 		.ascii	"&\206\222\376\224?\226\311N\373A\342^\220\276\025\246"
 2327      943F96C9 
 2327      4EFB41E2 
 2327      5E90BE15 
 2327      A6
 2328 017a 265D6F22 		.ascii	"&]o\"\033z\351\304\260\027f\262io$\230\361\335\273\003"
 2328      1B7AE9C4 
 2328      B01766B2 
 2328      696F2498 
 2328      F1DDBB03 
 2329 018e D4E73851 		.ascii	"\324\3478Q\365\271Z\020\204\375\361x<\032\204\321t&"
 2329      F5B95A10 
 2329      84FDF178 
 2329      3C1A84D1 
 2329      7426
 2330 01a0 EADF7167 		.ascii	"\352\337qg\263\323\236\332\231\365\303L\350$I\314\245"
 2330      B3D39EDA 
 2330      99F5C34C 
 2330      E82449CC 
 2330      A5
 2331 01b1 3ADCE4ED 		.ascii	":\334\344\355p\306q\035w\262\177`\312\213\305\010\251"
 2331      70C6711D 
 2331      77B27F60 
 2331      CA8BC508 
 2331      A9
 2332 01c2 DF9727D3 		.ascii	"\337\227'\3230"
 2332      30
 2333              		.text
 2334              		.section	.gnu.lto_ch_queue_fifo_remove.23.71a4938e,"e",%progbits
 2335 0000 789C6D92 		.ascii	"x\234m\222Oh\023A\024\306\3377\263\221\364`A\252^-H"
 2335      4F681341 
 2335      14C6DF37 
 2335      B391F460 
 2335      41AA5E2D 
 2336 0015 11053749 		.ascii	"\021\0057I\351\311\223\320\203\007\275y\022C\245\335"
 2336      E9C993D0 
 2336      8307BD79 
 2336      1243A5DD 
 2337 0025 2ECD6275 		.ascii	".\315bu\323l\242\307L\012U\011h\332\024\004K\365PV\261"
 2337      D36CA2C7 
 2337      4C0A5509 
 2337      68DA1404 
 2337      4BF55056 
 2338 003a 272F5513 		.ascii	"'/U\023\377\324\245\212\"^D\360 \370\357hA$\210\240"
 2338      FFD4A58A 
 2338      225E44F0 
 2338      20F8EF68 
 2338      412488A0 
 2339 004e 42657DB3 		.ascii	"Be}\263\251M\026\034v\207\2317\277\357{o\337\354\011"
 2339      A94D161C 
 2339      76879937 
 2339      BFEF7B6F 
 2339      DFEC09
 2340 0061 41344544 		.ascii	"A4EDi~\311 \324\347\252\202\3020,\033\002\363s\325\237"
 2340      697EC920 
 2340      D4E7AA82 
 2340      C2302C1B 
ARM GAS  C:\Users\nello\AppData\Local\Temp\ccK3poCU.s 			page 51


 2340      02F373D5 
 2341 0076 AF560C3C 		.ascii	"\257V\014<D\024\220\250\030\321\002T\026\022e\314\313"
 2341      441490A8 
 2341      18D10254 
 2341      161265CC 
 2341      CB
 2342 0087 4589BAF4 		.ascii	"E\211\272\364%\301\330\\\001\375\373\003\245~\315,4"
 2342      25C1D85C 
 2342      01FDFB03 
 2342      A57ECD2C 
 2342      34
 2343 0098 D67B176F 		.ascii	"\326{\027o\007\206/\005\335`\340.\260\002\235\203Ay"
 2343      07862F05 
 2343      DD60E02E 
 2343      B0029D83 
 2343      4179
 2344 00aa 92F631F4 		.ascii	"\222\3661\364z\243\241T\0171\201\373\350b80r\257\257"
 2344      7AA3A154 
 2344      0F3181FB 
 2344      E8623830 
 2344      72AFAF
 2345 00bd 4DE6F53C 		.ascii	"M\346\365<\300p\253\271~\261w\266\222\324t\0231\307"
 2345      C070ABB9 
 2345      7EB177B6 
 2345      92D47413 
 2345      31C7
 2346 00cf 91B5BE6D 		.ascii	"\221\265\276m\204\007\320yxpL\014\0043\252\265\372\362"
 2346      8407D079 
 2346      78704C0C 
 2346      0433AAB5 
 2346      FAF2
 2347 00e1 C2959D6D 		.ascii	"\302\225\235mI\274\004\015\337y\223\010\324FXS\352\305"
 2347      49BC040D 
 2347      DF799308 
 2347      D4465853 
 2347      EAC5
 2348 00f3 D14B4FC3 		.ascii	"\321KO\303\233\350\201N,\364d\000\015$4\225\324[\242"
 2348      9BE8814E 
 2348      2CF46400 
 2348      0D243495 
 2348      D45BA2
 2349 0106 9AD42D89 		.ascii	"\232\324-\211\306\036v\230\225\242\263\005}\303\364"
 2349      C61E7698 
 2349      95A2B305 
 2349      7DC3F4
 2350 0115 A3DFEF7F 		.ascii	"\243\337\357\177\310%\231\330\354\202\200.\373\026\224"
 2350      C82599D8 
 2350      EC82802E 
 2350      FB1694
 2351 0124 525F76FB 		.ascii	"R_v\373\222O\014<\006\245y\037}\300*\256G\245j\345\273"
 2351      924F0C3C 
 2351      06A5791F 
 2351      7DC02AAE 
 2351      47A56AE5 
 2352 0139 0FC692C4 		.ascii	"\017\306\222\304?<\031\321\211\030\035t\350V\365\255"
 2352      3F3C19D1 
 2352      89181D74 
ARM GAS  C:\Users\nello\AppData\Local\Temp\ccK3poCU.s 			page 52


 2352      E856F5AD 
 2353 0149 D87216FF 		.ascii	"\330r\026\377q^k\263\354\030\231_\373\310\346\"n\036"
 2353      715E6BB3 
 2353      EC18995F 
 2353      FBC8E622 
 2353      6E1E
 2354 015b 173CEB98 		.ascii	"\027<\353\230/,\357\332\362\336\036\241\"\206>g\024"
 2354      2F2CEFDA 
 2354      F2DE1EA1 
 2354      22863E67 
 2354      14
 2355 016c DADBD0F4 		.ascii	"\332\333\320\364\325\346'\237\221$WK\272%\262\253%\370"
 2355      D5E6279F 
 2355      9124574B 
 2355      BA25B2AB 
 2355      25F8
 2356 017e 8ACA61DA 		.ascii	"\212\312a\332\313\302\326\223e\325\017\237%\355\313"
 2356      CBC2D693 
 2356      65D50F9F 
 2356      25EDCB
 2357 018d D1E33BA6 		.ascii	"\321\343;\246?\377\251_\006\377W\254\327\221\232Dw\177"
 2357      3FFFA95F 
 2357      06FF57AC 
 2357      D7919A44 
 2357      777F
 2358 019f 890E0E1F 		.ascii	"\211\016\016\037\312\016\347\2341\347x\2614\356\270"
 2358      CA0EE79C 
 2358      31E778B1 
 2358      34EEB8
 2359 01ae D9F36EE1 		.ascii	"\331\363n\341\264\227\037\265\354S%\317.d\217\330^\261"
 2359      B4971FB5 
 2359      EC5325CF 
 2359      2E648FD8 
 2359      5EB1
 2360 01c0 54B08FB9 		.ascii	"T\260\217\271\023\216un\210\016\230f\212\037K\013\\"
 2360      138E756E 
 2360      880E9866 
 2360      8A1F4B0B 
 2360      5C
 2361 01d1 6F3093C9 		.ascii	"o0\223\311\244\\/U(\246\234\263\326di\334\346\223I\307"
 2361      A45C2F55 
 2361      28A69CB3 
 2361      D66469DC 
 2361      E69349C7 
 2362 01e5 2B7A668E 		.ascii	"+zf\216\304T~\207\225;\343M\230\226i\215\016\016\215"
 2362      C4547E87 
 2362      953BE34D 
 2362      9896698D 
 2362      0E0E8D
 2363 01f8 D9E93421 		.ascii	"\331\3514!\377\027\370\316\365\361"
 2363      FF17F8CE 
 2363      F5F1
 2364              		.text
 2365              		.section	.gnu.lto_chSysLock.191.71a4938e,"e",%progbits
 2366 0000 789C7D50 		.ascii	"x\234}PMh\023Q\020\236yo\323\252E\250x\363bz(*4\331"
 2366      4D681351 
 2366      109E796F 
ARM GAS  C:\Users\nello\AppData\Local\Temp\ccK3poCU.s 			page 53


 2366      D3AA45A8 
 2366      78F3627A 
 2367 0018 A4140BDE 		.ascii	"\244\024\013\336J\220Rh@\032/J\240$\333%Yt\273a_R\355"
 2367      4A905268 
 2367      401A2F4A 
 2367      A024DB25 
 2367      5974BB61 
 2368 002f 296B8A16 		.ascii	")k\212\026\224\2465\021\004\015\202%\005O\346\342OS"
 2368      94A63511 
 2368      040D8225 
 2368      054FE6E2 
 2368      4F53
 2369 0041 FF564BC1 		.ascii	"\377VK\301S\005A<(z\021<\010Vzi\017B\234\267IL\017\342"
 2369      5305413C 
 2369      287A113C 
 2369      08567A69 
 2369      0F429CB7 
 2370 0059 639737DF 		.ascii	"c\2277\337|\337|3o6\020\340\000\375\243@\307\007X\272"
 2370      7CDF7C33 
 2370      6F3610E0 
 2370      00FDA340 
 2370      C70758BA 
 2371 006d 799D41A3 		.ascii	"y\235A\243\321\310+\014\313\233\337^\357\364\240\213"
 2371      D1C82B0C 
 2371      CB9BDF5E 
 2371      EFF4A08B 
 2372 007d 1EE6786B 		.ascii	"\036\346xks\247\360\260\210Xo&\024\274R|\264{\036\037"
 2372      73A7F0B0 
 2372      88586F26 
 2372      14BC527C 
 2372      B47B1E1F 
 2373 0091 3721429E 		.ascii	"7!B\236q\005\363X\346'\034\307\331\275z\247\266\320"
 2373      7105F358 
 2373      E6271CC7 
 2373      D9BD7AA7 
 2373      B6D0
 2374 00a3 E33C70B1 		.ascii	"\343<p\261\312\001\356qh\237\256\026\302\012G/F|\202"
 2374      CA01EE71 
 2374      689FAE16 
 2374      C20A472F 
 2374      467C82
 2375 00b6 D0060C9F 		.ascii	"\320\006\014\2376\201\264\370|\022\310\235\222-\032"
 2375      3681B4F8 
 2375      7C12C89D 
 2375      922D1A
 2376 00c5 57B14597 		.ascii	"W\261E\227x\225\352\224V\304\320O\021?'\231c.\025\226"
 2376      7895EA94 
 2376      56C4D04F 
 2376      113F2799 
 2376      632E1596 
 2377 00d9 E63FBD3B 		.ascii	"\346?\275;Rq\\\245\3129>G\331\343\031\342\032\002\276"
 2377      52715CA5 
 2377      CA393E47 
 2377      D9E319E2 
 2377      1A02BE
 2378 00ec A071F80A 		.ascii	"\240q\370\012\336>L\322~)\375r\343n}`}\316y\353\374"
 2378      DE3E4CD2 
ARM GAS  C:\Users\nello\AppData\Local\Temp\ccK3poCU.s 			page 54


 2378      7E29FD72 
 2378      E36E7D60 
 2378      7DCE79EB 
 2379 0101 1543474C 		.ascii	"\025CGLs\266\206Y\375P\351\302\227\224\254K;\371\012"
 2379      73B68659 
 2379      FD50E9C2 
 2379      9794AC4B 
 2379      3BF90A
 2380 0114 7CE54D4E 		.ascii	"|\345MN\032$\242\366\336\347:\277\033\213\216;\177\260"
 2380      1A24A2F6 
 2380      DEE73ABF 
 2380      1B8B8E3B 
 2380      7FB0
 2381 0126 B650FEFE 		.ascii	"\266P\376\376\203)\014d\001,r\271P\357\034%\270\304"
 2381      83290C64 
 2381      012C72B9 
 2381      50EF1C25 
 2381      B8C4
 2382 0138 590772F8 		.ascii	"Y\007r\370\211\205\355^X\346L>\204c\010\266(\261R\\"
 2382      8985ED5E 
 2382      58E64C3E 
 2382      846308B6 
 2382      28B1525C 
 2383 014c FBBA9F16 		.ascii	"\373\272\237\026/\335\267\344\242\372\034vm_\225\313"
 2383      2FDDB7E4 
 2383      A2FA1C76 
 2383      6D5F95CB 
 2384 015c 072B7277 		.ascii	"\007+rwo\020\350\306u\\n.\247o\316\343}\036\271!\307"
 2384      6F10E8C6 
 2384      755C6E2E 
 2384      A76FCEE3 
 2384      7D1EB921 
 2385 0171 A6B67C6F 		.ascii	"\246\266|o\237%\256\354\205\333X\370u\177\375\343i\332"
 2385      9F25AEEC 
 2385      85DB58F8 
 2385      757FFDE3 
 2385      69DA
 2386 0183 2F34D5D8 		.ascii	"/4\325\330\241\031%\002\221S\361H\332H\032\261ln\312"
 2386      A1192502 
 2386      9153F148 
 2386      DA481AB1 
 2386      6C6ECA
 2387 0196 B0E2972C 		.ascii	"\260\342\227,\373\202\310$4}2't;>\252\213l\316\326\307"
 2387      FB82C824 
 2387      347D3227 
 2387      743B3EAA 
 2387      8B6CCED6 
 2388 01ab AD94A1CD 		.ascii	"\255\224\241\315\014\301\361`P\245O\223\005\226\030"
 2388      0CC1F160 
 2388      50A54F93 
 2388      059618
 2389 01ba 0C87C3AA 		.ascii	"\014\207\303\252%T;\253\032\323\332\305\334\224N\214"
 2389      25543BAB 
 2389      1AD3DAC5 
 2389      DC944E8C 
 2390 01ca 9815C134 		.ascii	"\230\025\3014t'\023B?c\033\221\177\026h\226iZ\323\252"
 2390      74271342 
ARM GAS  C:\Users\nello\AppData\Local\Temp\ccK3poCU.s 			page 55


 2390      3F631B91 
 2390      7F166896 
 2390      695AD3AA 
 2391 01de 7E39AB8E 		.ascii	"~9\253\216LD\325H46\026S#\226\255\253cm\037S\030b2\245"
 2391      4C44D548 
 2391      34361653 
 2391      2396ADAB 
 2391      636D1F53 
 2392 01f6 69E47548 		.ascii	"i\344uHK\233\"\025\324\202Zbp(\251\207B0\374?\327\214"
 2392      4B9B2215 
 2392      D4825A62 
 2392      7028A987 
 2392      4230FC3F 
 2393 020c 656785F4 		.ascii	"eg\205\364\235\031\016D\003#\343gI\247\22179\365Fc\023"
 2393      9D190E44 
 2393      0323E367 
 2393      49A79137 
 2393      39F54663 
 2394 0221 7E3959C6 		.ascii	"~9Y\3066\006\374\375!`6t\233\272i\331\263\360\007b\362"
 2394      3606FCFD 
 2394      21603674 
 2394      9BBA69D9 
 2394      B3F00762 
 2395 0236 04E2     		.ascii	"\004\342"
 2396              		.text
 2397              		.section	.gnu.lto_chSysUnlock.192.71a4938e,"e",%progbits
 2398 0000 789C7D51 		.ascii	"x\234}QMh\023Q\020\236yo\223\252E\250x\363bz(*4\331"
 2398      4D681351 
 2398      109E796F 
 2398      93AA45A8 
 2398      78F3627A 
 2399 0018 B4140BDE 		.ascii	"\264\024\013\336J\020)4 \215\010b\240$\333%Y4\335\260"
 2399      4A102934 
 2399      208D0862 
 2399      A024DB25 
 2399      5934DDB0 
 2400 002c 2FA9F694 		.ascii	"/\251\366\224\265E\013\212\251&\212 A\260\244\320\233"
 2400      B5450B8A 
 2400      A9268A20 
 2400      41B0A4D0 
 2400      9B
 2401 003d E06F53B5 		.ascii	"\340oS\265][\004/\251\340A\017\242\275\364\334JA\332"
 2401      5D5B042F 
 2401      A9E0410F 
 2401      A2BDF4DC 
 2401      4A41DA
 2402 0050 8310E76D 		.ascii	"\203\020\347m\022SA|\354\262\363\315\367\3157\363f\277"
 2402      1253417C 
 2402      ECB2F3CD 
 2402      F7CD37F3 
 2402      66BF
 2403 0062 20C0017A 		.ascii	" \300\001z\317\003\035/`\341\356M\006\265Z-\2470,R\214"
 2403      CF031D2F 
 2403      60E1EE4D 
 2403      06B55A2D 
 2403      A7302C52 
 2404 0077 2FD0451C 		.ascii	"/\320E\034\357\255m\274\333iG\247\216\025\274\277\266"
ARM GAS  C:\Users\nello\AppData\Local\Temp\ccK3poCU.s 			page 56


 2404      EFAD6DBC 
 2404      DB6947A7 
 2404      8E15BCBF 
 2404      B6
 2405 0088 B3F2348F 		.ascii	"\263\3624\217X\251'<x-\377\374\363\305\246\036!\307"
 2405      58A9273C 
 2405      782DFFFC 
 2405      F3C5A61E 
 2405      21C7
 2406 009a 38257358 		.ascii	"8%sX\344'l\333\336\275\376\260z\273\335\236w\260\314"
 2406      E4276CDB 
 2406      DEBDFEB0 
 2406      7ABBDD9E 
 2406      77B0CC
 2407 00ad 011E7168 		.ascii	"\001\036qh\036o\003a\211\243\033#\276Dh\002\206\257"
 2407      1E6F0361 
 2407      89A31B23 
 2407      BE446802 
 2407      86AF
 2408 00bf EA802C16 		.ascii	"\352\200,\026~\236\004\262\247d\203\306\005l\320\005"
 2408      7E9E04B2 
 2408      A76483C6 
 2408      056CD005 
 2409 00cf 5EA63AA5 		.ascii	"^\246:\245\0211\364Q\304/H\346\230C\275\013\323_?\036"
 2409      1131F451 
 2409      C42F48E6 
 2409      9843BD0B 
 2409      D35F3F1E 
 2410 00e3 29D98E52 		.ascii	")\331\216R\346\034\337\240\354\361\032q\021\001\337"
 2410      E61CDFA0 
 2410      ECF11A71 
 2410      1101DF
 2411 00f2 D2387C0E 		.ascii	"\3228|\016\037\034&i\227\224~\277\265\\\351^\235\262"
 2411      1F1C2669 
 2411      97947EBF 
 2411      B55CE95E 
 2411      9DB2
 2412 0104 3FD87FC4 		.ascii	"?\330\177\304\320\022\323\234\215av7J^\\\242dE\332\311"
 2412      D012D39C 
 2412      8D617637 
 2412      4A5E5CA2 
 2412      6445DAC9 
 2413 0118 5BE0B23B 		.ascii	"[\340\262;9i\330<\325,\341\223O\036\307\376U\233\261"
 2413      3969D83C 
 2413      D52CE193 
 2413      4F1EC7FE 
 2413      559BB1
 2414 012b 9DE983D5 		.ascii	"\235\351\203\325jq}\223)L\346\001f\270\\\261{\216\272"
 2414      6A717D93 
 2414      294CE601 
 2414      66B85CB1 
 2414      7B8EBA
 2415 013e 90B52087 		.ascii	"\220\265 \207;\234\357\205\2338\271\335\001\263\234"
 2415      3B9CEF85 
 2415      9B38B9DD 
 2415      01B39C
 2416 014d C9AB512B 		.ascii	"\311\253Q+\330\242\304\\~q}?\375\013\331oK\256\256\323"
ARM GAS  C:\Users\nello\AppData\Local\Temp\ccK3poCU.s 			page 57


 2416      D8A2C45C 
 2416      7E717D3F 
 2416      FD0BD96F 
 2416      4BAEAED3 
 2417 0161 6637F695 		.ascii	"f7\366\225\271\\\201\"\267\271\202@_\\\305\331\372\272"
 2417      B95C8122 
 2417      B7B98240 
 2417      5F5CC5D9 
 2417      FABA
 2418 0173 3AA75CDE 		.ascii	":\247\\\336\343\222\357\345E\250\255\362w[\317^\270"
 2418      E392EFE5 
 2418      45A8ADF2 
 2418      775BCF5E 
 2418      B8
 2419 0184 8D933F1E 		.ascii	"\215\223?\036?\373v\2326\016u5\266hF\011\177\350T4\224"
 2419      3FFB769A 
 2419      360E7535 
 2419      B6684609 
 2419      7FE85434 
 2420 0199 34E24624 		.ascii	"4\342F$\223\0355\314\350\025\323\272$\3221M\037\311"
 2420      931D35CC 
 2420      E815D3BA 
 2420      24D2314D 
 2420      1FC9
 2421 01ab 0ADD8A9E 		.ascii	"\012\335\212\236\321E&k\351Cf\302\320\306\373\340x "
 2421      D145266B 
 2421      E94366C2 
 2421      D0C6FBE0 
 2421      7820
 2422 01bd A0D2A3C9 		.ascii	"\240\322\243\311\002S\364\366\364\364\250\246P\255\214"
 2422      0253F4F6 
 2422      F4F4A8A6 
 2422      50AD8C
 2423 01cc 6A8C6997 		.ascii	"j\214i\227\263\243:1bB\004\222\320\026\217\011\375\254"
 2423      B3A33A31 
 2423      62420492 
 2423      D0168F09 
 2423      FDAC
 2424 01de 6584FE59 		.ascii	"e\204\376Y\240\231\251\2249\246\352W3\352\300pX\015"
 2424      A099A994 
 2424      39A6EA57 
 2424      33EAC070 
 2424      580D
 2425 01f0 85238311 		.ascii	"\205#\203\0215dZ\272:\330\364I\011C\214$4\215\274\016"
 2425      35645ABA 
 2425      3AD8F449 
 2425      09438C24 
 2425      348DBC0E 
 2426 0204 69C99448 		.ascii	"i\311\224H\004\264\200\026\353\355\213\353\301 \364"
 2426      04B48016 
 2426      EBED8BEB 
 2426      C120F4
 2427 0213 FFCF356D 		.ascii	"\377\3175mZ\031!}\307\373\375a\377\300\3209\322i\344"
 2427      5A19217D 
 2427      C7FBFD61 
 2427      FFC0D039 
 2427      D269E4
ARM GAS  C:\Users\nello\AppData\Local\Temp\ccK3poCU.s 			page 58


 2428 0226 4D4E1DE1 		.ascii	"MN\035\341\310\260ON\226\266\214n_W\020\230\005m)=e"
 2428      C8B04F4E 
 2428      96B68C6E 
 2428      5F571098 
 2428      056D293D 
 2429 023b 5A13F01B 		.ascii	"Z\023\360\033\225\375\025\002"
 2429      95FD1502 
 2430              		.text
 2431              		.section	.gnu.lto_chThdGetSelfX.218.71a4938e,"e",%progbits
 2432 0000 789C6550 		.ascii	"x\234eP=K\003A\024|s{\011jaeo@,\004\315\207X\211\205"
 2432      3D4B0341 
 2432      147C737B 
 2432      096A6165 
 2432      6F402C04 
 2433 0019 90C2C6CE 		.ascii	"\220\302\306\316N\002\022\223\303\034\212'w\211\226"
 2433      4E021293 
 2433      C31C8A27 
 2433      778996
 2434 0028 D9046311 		.ascii	"\331\004c\021\320|\201\205D\213\020$\020$M\304\257\024"
 2434      D07C8185 
 2434      448B1024 
 2434      10244DC4 
 2434      AF14
 2435 003a E9ED2C05 		.ascii	"\351\355,\005\321\037 1XY\010\347\2733`\300a\027f\336"
 2435      D11F2031 
 2435      585908E7 
 2435      BB3360C0 
 2435      611766DE 
 2436 004e 9BDD37BB 		.ascii	"\233\3357\273K \212\020Q\2207\251\204r)\257\220m\333"
 2436      4B208A10 
 2436      519037A9 
 2436      847229AF 
 2436      906DDB
 2437 0061 695541A5 		.ascii	"iUA\245\224\267\237\333*n\340\026\0042\252K@iE \215"
 2437      94B79FDB 
 2437      2A6EE016 
 2437      0432AA4B 
 2437      40694520 
 2438 0076 8AA80A94 		.ascii	"\212\250\012\224E]\020\324\001\003|3])\277rgW\315\361"
 2438      455D10D4 
 2438      01037C33 
 2438      5D29BF72 
 2438      6757CDF1 
 2439 008a 6AA3ABD6 		.ascii	"j\243\253\326\205B\027l\270\006\332 \027^r*\014\326"
 2439      8542176C 
 2439      B806DA20 
 2439      175E722A 
 2439      0CD6
 2440 009c 98EEE664 		.ascii	"\230\356\346d\277\365xt2Q\314\214\3747\267\236<]\371"
 2440      BFF57874 
 2440      3251CC8C 
 2440      FC37B79E 
 2440      3C5DF9
 2441 00af 6D17A4FC 		.ascii	"m\027\244\374X\177\251\366\306\330\340\230\250 \234"
 2441      587FA9F6 
 2441      C6D8E098 
 2441      A8209C
ARM GAS  C:\Users\nello\AppData\Local\Temp\ccK3poCU.s 			page 59


 2442 00be 902E26D9 		.ascii	"\220.&\331Y\024\312\237\004\365\220\355\214\326\204"
 2442      5914CA9F 
 2442      04F590ED 
 2442      8CD684
 2443 00cd 32082540 		.ascii	"2\010%@\314\016\2410m\360d\026\227\340{T\334\003wn3"
 2443      CC0EA130 
 2443      6DF06416 
 2443      97E07B54 
 2443      DC03776E 
 2444 00e2 28A5E4F1 		.ascii	"(\245\344\361\036<\340\334\3116\320\012:\254\177\243"
 2444      1E3CE0DC 
 2444      C936D00A 
 2444      3AAC7FA3 
 2445 00f2 1485189A 		.ascii	"\024\205\030\232\201wd\226i\212m\375\333\246\364\241"
 2445      81776496 
 2445      698A6DFD 
 2445      DBA6F4A1 
 2446 0102 2EBC8357 		.ascii	".\274\203W9\370D\366\355\365\364\030\374u5'\256\023"
 2446      39F844F6 
 2446      EDF5F418 
 2446      FC753527 
 2446      AE13
 2447 0114 18C38189 		.ascii	"\030\303\201\211\346\302\213\221pB\337\324\327\222\251"
 2447      E6C28B91 
 2447      7042DFD4 
 2447      D792A9
 2448 0123 B86E440E 		.ascii	"\270nD\016\014s\333\332\213\306\264\215\224\245\231"
 2448      0C73DBDA 
 2448      8BC6B48D 
 2448      94A599
 2449 0132 9115CD4A 		.ascii	"\221\025\315J\246Lm\325\330\322c\373\0134\353\367\007"
 2449      A64C6DD5 
 2449      D8D263FB 
 2449      0B34EBF7 
 2449      07
 2450 0143 78C59C03 		.ascii	"x\305\234\003\2065\037\012\205\002\206\0250\223\001"
 2450      86351F0A 
 2450      85028615 
 2450      309301
 2451 0152 7D37B693 		.ascii	"}7\266\223\212k\334I&L-\032\267\374\011\372\001\303"
 2451      8A6BDC49 
 2451      264C2D1A 
 2451      B7FC09FA 
 2451      01C3
 2452 0164 0199A5   		.ascii	"\001\231\245"
 2453              		.text
 2454              		.section	.gnu.lto_chMsgIsPendingI.251.71a4938e,"e",%progbits
 2455 0000 789C6D91 		.ascii	"x\234m\221OHTQ\024\306\317w\317\235)i\225\344\326\204"
 2455      4F485451 
 2455      14C6CF77 
 2455      CF9D2969 
 2455      95E4D684 
 2456 0014 081372FE 		.ascii	"\010\023r\376\250\253V\201\2136\355Z\005\003\242\317"
 2456      A8AB5681 
 2456      8B36ED5A 
 2456      0503A2CF 
 2457 0024 873ECA9E 		.ascii	"\207>\312\236\314\233\251\345\\\377L\301\204\230\332"
ARM GAS  C:\Users\nello\AppData\Local\Temp\ccK3poCU.s 			page 60


 2457      CC9BA9E5 
 2457      5CFF4CC1 
 2457      8498DA
 2458 0033 4ACAC530 		.ascii	"J\312\3050\211\270\320\026eZ\212o\323\272P\334\251\270"
 2458      89B8D016 
 2458      655A8A6F 
 2458      D3BA50DC 
 2458      A9B8
 2459 0045 54919220 		.ascii	"T\221\222 p!L\347>\207\224\350\362\336\345\334\357\276"
 2459      70214CE7 
 2459      3E8794E8 
 2459      F2DEE5DC 
 2459      EFBE
 2460 0057 EF77BF73 		.ascii	"\357w\277s\337\012\210\006\210(%/i\302\344DIQ\265Z-"
 2460      DF0A8806 
 2460      8828252F 
 2460      69C2E444 
 2460      4951B55A 
 2461 006c 6885A989 		.ascii	"h\205\251\211\322\267\205\017\032+\210\004\306\220\216"
 2461      D2B7850F 
 2461      1A2B8804 
 2461      C6908E
 2462 007b 0A504131 		.ascii	"\012PA1\012\230\342\226\320\230\223\342\364N\361\312"
 2462      0A98E296 
 2462      D09893E2 
 2462      F44EF1CA 
 2463 008b F45C880A 		.ascii	"\364\\\210\012\023\3150\241\035\021\355\015c\222+\014"
 2463      13CD30A1 
 2463      1D11ED0D 
 2463      63922B0C 
 2464 009b E85AA5D0 		.ascii	"\350Z\245\320$\025?\244f\261}\337]6\246\216*\314\370"
 2464      24153FA4 
 2464      66B17DDF 
 2464      5D36A68E 
 2464      2ACCF8
 2465 00ae 04EB5A02 		.ascii	"\004\353Z\002>J\030\0212\363\365D\361\210%C4\334\014"
 2465      3E4A1811 
 2465      32F3F544 
 2465      F1882543 
 2465      34DC0C
 2466 00c1 8BE6F8E0 		.ascii	"\213\346\370\340\353\363\261k\357\315\345\177\216\241"
 2466      EBF3B16B 
 2466      EFCDE57F 
 2466      8EA1
 2467 00cf C58D5868 		.ascii	"\305\215XhN\253\343\306\374l=\334\376\\\027\207@\264"
 2467      4EABE3C6 
 2467      FC6C3DDC 
 2467      FE5C1787 
 2467      40B4
 2468 00e1 B2930696 		.ascii	"\262\223\006\226\021#\353\240q\266}E\343\2720_\261:"
 2468      1123EBA0 
 2468      71B67D45 
 2468      E3BA305F 
 2468      B13A
 2469 00f3 5F827E60 		.ascii	"_\202~`x\365\240\261\314\250ee\330\374\2630\306\354"
 2469      78F5A0B1 
 2469      CCA86565 
ARM GAS  C:\Users\nello\AppData\Local\Temp\ccK3poCU.s 			page 61


 2469      D8FCB330 
 2469      C6EC
 2470 0105 37543856 		.ascii	"7T8Vf\215/\221\226\022I2\304\261\212\267\226k\327\373"
 2470      668D2F91 
 2470      96124932 
 2470      C4B18AB7 
 2470      966BD7FB 
 2471 0119 8D7218D6 		.ascii	"\215r\030\326D\020\262e\275.\375\326eV\177\021\267\377"
 2471      4410B265 
 2471      BD2EFDD6 
 2471      65567F11 
 2471      B7FF
 2472 012b 8F583F43 		.ascii	"\217X?C\214\332o\346\232-#\204\365\217l\274\330B\331"
 2472      8CDA6FE6 
 2472      9A2D2384 
 2472      F58F6CBC 
 2472      D842D9
 2473 013e 5A645664 		.ascii	"ZdVd\323\362\205\2648\302\320]\272!\246\343\303w\246"
 2473      D3F285B4 
 2473      38C2D05D 
 2473      BA21A6E3 
 2473      C377A6
 2474 0151 492EFE52 		.ascii	"I.\376R\355\262\354\370\205\341\275\315\227c\220\377"
 2474      EDB2ECF8 
 2474      85E1BDCD 
 2474      976390FF 
 2475 0161 26088A5A 		.ascii	"&\010\212Z\307\305\326\211Z;\357d:\373\275\036\357A"
 2475      C7C5D689 
 2475      5A3BEF64 
 2475      3AFBBD1E 
 2475      EF41
 2476 0173 2EDFEBF9 		.ascii	".\337\353\371\231g~\366Q0\330\355\270]\371\300\315f"
 2476      99677EF6 
 2476      5130D8ED 
 2476      B85DF9C0 
 2476      CD66
 2477 0185 EEB9412E 		.ascii	"\356\271A.\237u\357\373}\236\363\264\203n%\022Iy\034"
 2477      9F75EFFB 
 2477      7D9EF3B4 
 2477      836E2512 
 2477      49791C
 2478 0198 6BF083B6 		.ascii	"k\360\203\266t:\235\364\203d6\227\364\2368\217\363\275"
 2478      743A9DF4 
 2478      83643697 
 2478      F49E388F 
 2478      F3BD
 2479 01aa AEEC0C04 		.ascii	"\256\354\014\004}\211~R\271\301\253g\265\223p\272\333"
 2479      7D897E52 
 2479      B9C1AB67 
 2479      B59370BA 
 2479      DB
 2480 01bb 3A7ADC54 		.ascii	":z\334T\212\376\000\2419\304\201"
 2480      8AFE00A1 
 2480      39C481
 2481              		.text
 2482              		.section	.gnu.lto_chMsgReleaseS.253.71a4938e,"e",%progbits
 2483 0000 789C554F 		.ascii	"x\234UO=K\303`\020\276{/-\210\223\375\003*\010\325\301"
ARM GAS  C:\Users\nello\AppData\Local\Temp\ccK3poCU.s 			page 62


 2483      3D4BC360 
 2483      10BE7B2F 
 2483      2D8893FD 
 2483      032A08D5 
 2484 0015 A42D9D5C 		.ascii	"\244-\235\\;\270\210\213\223\020\2206\015mP\233\232"
 2484      3BB8888B 
 2484      93109036 
 2484      0D6D509B 
 2484      9A
 2485 0026 A43AF6B5 		.ascii	"\244:\366\265X\004A\252u\023\251P28\010Nj\325\245\277"
 2485      580441AA 
 2485      7513A950 
 2485      3238084E 
 2485      6AD5A5BF 
 2486 003a 408A8B08 		.ascii	"@\212\213\010\012\335\334D\234\034\204x\375\020\365"
 2486      0ADDDC44 
 2486      9C1C8478 
 2486      FD10F5
 2487 0049 B883E7B9 		.ascii	"\270\203\347\271{\356K \300\006\000Lr\000\001\326\017"
 2487      7BEE4B20 
 2487      C006004C 
 2487      720001D6 
 2487      0F
 2488 005a F7040441 		.ascii	"\367\004\004APV\004nO\341\035\3661BY`\031\217hFJ\371"
 2488      5056046E 
 2488      4FE11DF6 
 2488      31425960 
 2488      198F6846 
 2489 0070 593D3EDD 		.ascii	"Y=>\335\035\225gm\364\011\240A0\260\023\302:\371\204"
 2489      1D95676D 
 2489      F409A041 
 2489      30B013C2 
 2489      3AF984
 2490 0083 A80C91C0 		.ascii	"\250\014\221\300\011F\264\014\321\266\224\235\347\226"
 2490      0946B40C 
 2490      D1B6949D 
 2490      E796
 2491 0091 9423E013 		.ascii	"\224#\340\023\3415r\017^!^\362nN\350\225HOW\200(\017"
 2491      E135720F 
 2491      5E215EF2 
 2491      6E4EE895 
 2491      484F5780 
 2492 00a7 EFBC0D75 		.ascii	"\357\274\015u\012\336\374\327)\372~\004 \374\263\221"
 2492      0ADEFCD7 
 2492      29FA7E04 
 2492      20FCB391 
 2493 00b7 7370F110 		.ascii	"sp\361\020j\313\257\240&\345\313+\236GC\002\261\205"
 2493      6ACBAFA0 
 2493      26E5CB2B 
 2493      9E474302 
 2493      B185
 2494 00c9 7CC12D17 		.ascii	"|\301-\027k\324{\243o\343L\017H\374R\204w\254v\037\357"
 2494      6BD47BA3 
 2494      6FE34C0F 
 2494      48FC5284 
 2494      77AC761F 
 2495 00de 117650F8 		.ascii	"\021vP\370\024j\020+\232$\232\304g\207\341\003+\335"
ARM GAS  C:\Users\nello\AppData\Local\Temp\ccK3poCU.s 			page 63


 2495      146A102B 
 2495      9A249AC4 
 2495      6787E103 
 2495      2BDD
 2496 00f0 A7C5FE53 		.ascii	"\247\305\376S5\302\277S\000fSsz*oe\254%\257\224\265"
 2496      35C2BF53 
 2496      00665373 
 2496      7A2A6F65 
 2496      AC25AF94 
 2497 0105 6C7DCB76 		.ascii	"l}\313vV\335b\3320WJ\256\351\350\363\246\353\225\034"
 2497      56DD62DA 
 2497      30574AAE 
 2497      E9E8F3A6 
 2497      EB951C
 2498 0118 73C1CE59 		.ascii	"s\301\316Y\306f\022\246UUc7z\015\266\233\210\307\343"
 2498      C66612A6 
 2498      55556337 
 2498      7A0DB69B 
 2498      88C7E3
 2499 012b 9AED6A8E 		.ascii	"\232\355j\216\247Y\005c\255\2245\271\262\356\346\324"
 2499      A7590563 
 2499      AD9435B9 
 2499      B2EEE6D4 
 2500 013b 3C08AF38 		.ascii	"<\010\25786\300\206j\244\023\311\214\031\213\0011\377"
 2500      36C0866A 
 2500      A413C98C 
 2500      198B0131 
 2500      FF
 2501 014c 0617CF85 		.ascii	"\006\027\317\205("
 2501      28
 2502              		.text
 2503              		.section	.gnu.lto_chMsgSend.335.71a4938e,"e",%progbits
 2504 0000 789C6D53 		.ascii	"x\234mSOH\024a\024\177o\336\314\354\332\332\256cJ\340"
 2504      4F481461 
 2504      147F6FDE 
 2504      CCECDADA 
 2504      AE634AE0 
 2505 0014 25A1443A 		.ascii	"%\241D:\264\253\342\251S\340\241K\267\010<\010\242\323"
 2505      B4ABE2A9 
 2505      53E0A14B 
 2505      B7083C08 
 2505      A2D3
 2506 0026 625BD4DA 		.ascii	"b[\324\332\314n\035\035mWA(]\255\016f\013\255CX\227"
 2506      CC6E1D1D 
 2506      6D574128 
 2506      5DAD0E66 
 2506      0BAD4358 
 2507 003b 2E469A46 		.ascii	".F\232F\226\224ZH\377\011\242B\250\203A\304\"\004\011"
 2507      96945A48 
 2507      FF09A242 
 2507      A88341C4 
 2507      220409
 2508 004e C5F6BED9 		.ascii	"\305\366\276\331Qw\027?f\276y\337\343\367~\357\367\336"
 2508      5177173F 
 2508      66BE79DF 
 2508      E3F77EEF 
 2508      F7DE
ARM GAS  C:\Users\nello\AppData\Local\Temp\ccK3poCU.s 			page 64


 2509 0060 FB668500 		.ascii	"\373f\205\000b\000\320\316/x\000GR\203\022\344r\271"
 2509      6200D0CE 
 2509      2F780047 
 2509      528312E4 
 2509      72B9
 2510 0072 1E59C251 		.ascii	"\036Y\302Q\266\361\021:'\222\022)\237c%S~\347+\343\265"
 2510      B6F1113A 
 2510      27921229 
 2510      9F632553 
 2510      7EE72BE3 
 2511 0087 2DAC82D7 		.ascii	"-\254\202\327S\203\213\343S\362&\\\305^\3311\020z$\222"
 2511      53838BE3 
 2511      53F2265C 
 2511      C55ED931 
 2511      107A2492 
 2512 009b 15157B70 		.ascii	"\025\025{p\224\306\011G\310&@\331\265\020k\017Z\226"
 2512      94C60947 
 2512      C82640D9 
 2512      B5106B0F 
 2512      5A96
 2513 00ad F5273976 		.ascii	"\365'9v\347\033\216O\316\3136I\220f\300}\304)\024\222"
 2513      E71B8E4F 
 2513      CECB3649 
 2513      9066C07D 
 2513      C4291492 
 2514 00c1 184827A0 		.ascii	"\030H'\240~\336\262^\317N[V\031\330D\370\000\0130\354"
 2514      7EDEB25E 
 2514      CF4E5B56 
 2514      19D844F8 
 2514      000B30EC 
 2515 00d5 689DD204 		.ascii	"h\235\322\004\3564\3243\331\353\025\027'\341L1Nj}\254"
 2515      EE34D433 
 2515      D9EB1517 
 2515      27E14C31 
 2515      4E6A7DAC 
 2516 00e9 E519CF89 		.ascii	"\345\031\317\211\275\216I\263w'\006\374\303\275^\301"
 2516      BD8E49B3 
 2516      772706FC 
 2516      C3BD5EC1 
 2517 00f9 3A8B4599 		.ascii	":\213E\231[_j*\340\034\012=\274\330GuV\322\312.-\364"
 2517      5B5F6A2A 
 2517      E01C0A3D 
 2517      BCD84775 
 2517      56D2CA2E 
 2518 010f 5FA97242 		.ascii	"_\251rBJ\244\012\360$\301\275\267\312\274\36577dY\257"
 2518      4AA40AF0 
 2518      24C1BDB7 
 2518      CABCF537 
 2518      376459AF 
 2519 0123 6A3ECDAD 		.ascii	"j>\315\255{+eN-+bSyS<\002W\206\370\020}\210\323\030"
 2519      7B2B654E 
 2519      2D2B6253 
 2519      79533C02 
 2519      5786F810 
 2520 013b 00B634A1 		.ascii	"\000\2664\241\016`\210D;\235\265\217)\207I\332>\"d\361"
 2520      0E608844 
 2520      3B9DB58F 
ARM GAS  C:\Users\nello\AppData\Local\Temp\ccK3poCU.s 			page 65


 2520      298749DA 
 2520      3E2264F1 
 2521 014f D2EA87FE 		.ascii	"\322\352\207\376\275\031\362$P\262IM\223S\225\007\004"
 2521      BD19F224 
 2521      50B2494D 
 2521      93539507 
 2521      04
 2522 0160 924A915F 		.ascii	"\222J\221_\236#88oZP\333T\006\277\260ol\343\343\033"
 2522      9E233838 
 2522      6F5A50DB 
 2522      5406BFB0 
 2522      6F6CE3E3 
 2523 0175 C56D3E87 		.ascii	"\305m>\207\263u\033\271gk\3456\355bb|\342\370\032\330"
 2523      B3751BB9 
 2523      676BE536 
 2523      ED62627C 
 2523      E2F81AD8 
 2524 0189 C5F5F9F0 		.ascii	"\305\365\371\360)\336\024\305\213\363\244_tt\201\035"
 2524      29DE14C5 
 2524      8BF3A45F 
 2524      7474811D 
 2525 0199 9C359367 		.ascii	"\2345\223g\273:\270xC\315\220\274I\343uX|\305,\345\370"
 2525      BB3AB878 
 2525      43CD90BC 
 2525      49E37558 
 2525      7CC52CE5 
 2526 01ae 8C835842 		.ascii	"\214\203XB\302\205\310\310\322\362\341\230!\2458\270"
 2526      C285C8C8 
 2526      D2F2E198 
 2526      21A538B8 
 2527 01be 44C26E5C 		.ascii	"D\302n\\\342`\202\"\276ev\311\205|/\230/\213\311\332"
 2527      E2608222 
 2527      BE6576C9 
 2527      857C2F98 
 2527      2F8BC9DA 
 2528 01d2 7CC1FEB4 		.ascii	"|\301\376\264\010`YLnS@d\232\333\370\234\242\014\251"
 2528      0860594C 
 2528      6E534064 
 2528      9ADBF89C 
 2528      A20CA9
 2529 01e5 3B087559 		.ascii	";\010uY+p\205Y\025.\366\007&\326\026j\030,zT\201~g\264"
 2529      2B708559 
 2529      152EF607 
 2529      26D6166A 
 2529      182C7A54 
 2530 01fd C3241737 		.ascii	"\303$\02778\261\372\273\337\237\317\247\245\205\032"
 2530      38B1FABB 
 2530      DF9FCFA7 
 2530      A5851A
 2531 020c A6B3A9D2 		.ascii	"\246\263\251\322\201*\245\320\215\315Y\354I\213\024"
 2531      812AA5D0 
 2531      8DCD59EC 
 2531      498B14
 2532 021b 8258416E 		.ascii	"\202XAnyU^\333\327\363\031\012l\215\"\260\363(\336\025"
 2532      79555EDB 
 2532      D7F3190A 
 2532      6C8D22B0 
ARM GAS  C:\Users\nello\AppData\Local\Temp\ccK3poCU.s 			page 66


 2532      F328DE15 
 2533 022f 8CA25A8C 		.ascii	"\214\242Z\214\342=;T\000g\330\377\012\206\255n\017{"
 2533      E23D3B54 
 2533      0067D8FF 
 2533      0A86AD6E 
 2533      0F7B
 2534 0241 E6FB2DAE 		.ascii	"\346\373-\256ZcvG\227Z\240\013\177b\357\021\330\317"
 2534      5A637647 
 2534      975AA00B 
 2534      7F62EF11 
 2534      D8CF
 2535 0253 6CD9E509 		.ascii	"l\331\345\011\253\026m\252v/\272X\353\330\267\232\032"
 2535      AB166DAA 
 2535      762FBA58 
 2535      EBD8B79A 
 2535      1A
 2536 0264 B88CFC3B 		.ascii	"\270\214\374;s\274\360\014\021\026^M\200C-\207\333Z"
 2536      73BCF00C 
 2536      11165E4D 
 2536      80432D87 
 2536      DB5A
 2537 0276 4E453A23 		.ascii	"NE:#\307c\361\223\221h\333\305\250q\306\354\356\320"
 2537      C763F193 
 2537      9168DBC5 
 2537      A871C6EC 
 2537      EED0
 2538 0288 C3ED7133 		.ascii	"\303\355q3l\264\035\015\233\261\270\021>\026\355\212"
 2538      6CB41D0D 
 2538      9BB1B811 
 2538      3E16ED8A 
 2539 0298 E8179AE1 		.ascii	"\350\027\232\341@0\030\342G\027\001Q\263\251\261\261"
 2539      403018E2 
 2539      47170151 
 2539      B3A9B1B1 
 2540 02a8 31143543 		.ascii	"1\0245CF,d\032:{\317\232]A\035\244X\267\346\332A\275"
 2540      462C641A 
 2540      3A7BCF9A 
 2540      5D411DA4 
 2540      58B7E6DA 
 2541 02be A3A9B933 		.ascii	"\243\251\2713\334\320\000\304gU\217\033F\254\373?\246"
 2541      DCD000C4 
 2541      67558F1B 
 2541      46ACFB3F 
 2541      A6
 2542 02cf 147861   		.ascii	"\024xa"
 2543              		.text
 2544              		.section	.gnu.lto_chMsgWaitS.336.71a4938e,"e",%progbits
 2545 0000 789C5D92 		.ascii	"x\234]\222Mh\023Q\020\307g\336l\222\326\230\330\200"
 2545      4D681351 
 2545      10C767DE 
 2545      6C92D698 
 2545      D880
 2546 0012 2078D080 		.ascii	" x\320\200\366\340\301$-=\011\202\320\203\027o*x\010"
 2546      F6E0C124 
 2546      2D3D0982 
 2546      D083176F 
 2546      2A7808
ARM GAS  C:\Users\nello\AppData\Local\Temp\ccK3poCU.s 			page 67


 2547 0025 48BB861A 		.ascii	"H\273\206\032E\022v\023=f\323l\215\304\217$\265J\221"
 2547      45127613 
 2547      3D66D36C 
 2547      8DC48F24 
 2547      B54A91
 2548 0038 98E2BA8A 		.ascii	"\230\342\272\2127=T\374<\004#\364\2547O\006<h\261J\250"
 2548      373D54FC 
 2548      3C0423F4 
 2548      AC374F06 
 2548      3C68B14A 
 2549 004d 0815C475 		.ascii	"\010\025\304u\336f\243i\207\335\267\357\315\373\315"
 2549      DE66A369 
 2549      87DDB7EF 
 2549      CDFBCD
 2550 005c 7FE6CDDB 		.ascii	"\177\346\315\333\246\000\310\002\300\011~\301\0178_"
 2550      A600C802 
 2550      C0097EC1 
 2550      0F385F
 2551 006b AF08701C 		.ascii	"\257\010p\034\247\240\010Q\252_\025\370\012\335\225"
 2551      A7A00851 
 2551      AA5F15F8 
 2551      0ADD95
 2552 007a 590FBB5F 		.ascii	"Y\017\273_\302\205\177\204\202\267\352\025giY\351C>"
 2552      C2857F84 
 2552      82B7EA15 
 2552      676959E9 
 2552      433E
 2553 008c 2C2AEE04 		.ascii	",*\356\004\241 \210\227\005\274I\015\302y\262\011P\361"
 2553      A1208897 
 2553      05BC490D 
 2553      C279B209 
 2553      50F1
 2554 009e 6688D103 		.ascii	"f\210\321\003-\303\330\230\273\363\365\223\277\361\250"
 2554      2DC3D898 
 2554      BBF3F593 
 2554      BFF1A8
 2555 00ad A5D824A0 		.ascii	"\245\330$\240\311\300S\304e\004\327\030\245\223r\034"
 2555      C9C053C4 
 2555      6504D718 
 2555      A593721C 
 2556 00bd 65B2FBED 		.ascii	"e\262\373\355~9\\+\0161\207\317p\023yj1\"\321s}\364"
 2556      7E395C2B 
 2556      0E3187CF 
 2556      7013796A 
 2556      3122D173 
 2557 00d3 C95AA96C 		.ascii	"\311Z\251l\214\230Q\211\276\330\202^\213\360\371^\""
 2557      8C985189 
 2557      BED8825E 
 2557      8BF0F95E 
 2557      22
 2558 00e4 3E47998D 		.ascii	">G\231\215\215\3354\332\2323\272N\373\362\215\235\275"
 2558      8DDD34DA 
 2558      9A33BA4E 
 2558      FBF28D9D 
 2558      BD
 2559 00f5 045B0AE9 		.ascii	"\004[\012\351\361\217\337\373Z\306o\247j\030\037\367"
 2559      F18FDFFB 
ARM GAS  C:\Users\nello\AppData\Local\Temp\ccK3poCU.s 			page 68


 2559      5AC66FA7 
 2559      6A181FF7 
 2560 0105 BC6E58C3 		.ascii	"\274nX\303a\004\233\230\345\201xP\002\222\013\002\223"
 2560      61049B98 
 2560      E5817850 
 2560      02920B02 
 2560      93
 2561 0116 21901A50 		.ascii	"!\220\032P%\331!\327\366\262P\215\304\377%B\027K\235"
 2561      25D921D7 
 2561      F6B2508D 
 2561      C4FF2542 
 2561      174B9D
 2562 0129 0FE55D16 		.ascii	"\017\345]\026\005L\0246\371\232\304\214M~\3360;?\312"
 2562      054C1436 
 2562      F99AC48C 
 2562      4D7EDE30 
 2562      3B3FCA
 2563 013c DB2D4277 		.ascii	"\333-Bw#\320\224Z\214\3314\004\337qv\261|\330\"\301"
 2563      23D0945A 
 2563      8CD93404 
 2563      DF7176B1 
 2563      7CD822C1 
 2564 0150 BBB08AE6 		.ascii	"\273\260\212\346j{7/d?\311\353Y\215hs\026\263\363sE"
 2564      6A7B372F 
 2564      643FC9EB 
 2564      598D6873 
 2564      16B3F373 
 2565 0165 802B35DC 		.ascii	"\200+5\334\344JA\322\3330lS\320\305\225A\234\365\027"
 2565      E44A41D2 
 2565      DB306C53 
 2565      D0C59541 
 2565      9CF517
 2566 0178 2A9F9712 		.ascii	"*\237\227\022\026\365oL\240\354\352C4\014\203;\303U"
 2566      16F56F4C 
 2566      A0ECEA43 
 2566      340C833B 
 2566      C355
 2567 018a 05F08DEB 		.ascii	"\005\360\215\353J\364<!l\343]\331H\323C\024|\313\245"
 2567      4AF43C21 
 2567      6CE35DD9 
 2567      48D34314 
 2567      7CCBA5
 2568 019d 70DEA845 		.ascii	"p\336\250EA7m\270I\212<\001\253\355\220\031\3267\376"
 2568      41376DB8 
 2568      498A3C01 
 2568      ABED9019 
 2568      D637FE
 2569 01b0 BCA3BEE8 		.ascii	"\274\243\276\350\027\341\252\006\245\252'9\202+,\211"
 2569      17E1AA06 
 2569      A5AA2739 
 2569      822B2C89 
 2570 01c0 FD4A4332 		.ascii	"\375JC2\346\366/\347\036Y\024\262\274\252}\003U\343"
 2570      E6F62FE7 
 2570      1E5914B2 
 2570      BCAA7D03 
 2570      55E3
 2571 01d2 1A168FC0 		.ascii	"\032\026\217\300>\016\356^y`D\321\246\210w\267\322\326"
ARM GAS  C:\Users\nello\AppData\Local\Temp\ccK3poCU.s 			page 69


 2571      3E0EEE5E 
 2571      796044D1 
 2571      A68877B7 
 2571      D2D6
 2572 01e4 71B6E394 		.ascii	"q\266\343\224\257#\377\236\034/=U\302\301{\00188y(9"
 2572      AF23FF9E 
 2572      1C2F3D55 
 2572      C2C17B01 
 2572      38387928 
 2573 01f9 79363D9D 		.ascii	"y6=\235>\236\313\237Ig\222\2272\332y=;\245\246N\347"
 2573      3E9ECB9F 
 2573      49679297 
 2573      32DA793D 
 2573      3BA5A64E 
 2574 020e F594963C 		.ascii	"\365\224\226<\232\322sy-u,3\223V/N\300\376X,\316\217"
 2574      9AD27379 
 2574      2D752C33 
 2574      93562F4E 
 2574      C0FE582C 
 2575 0224 2A0332FA 		.ascii	"*\0032\372\370\330\330X<\243\307\265\\\\\327T\366^\320"
 2575      F8D8D858 
 2575      3CA3C7B5 
 2575      5C5CD754 
 2575      F65ED0
 2576 0237 67622A88 		.ascii	"gb*\210\\6\342\315c\352\324\370\304t*\221\000\277\232"
 2576      5C36E2CD 
 2576      63EAD4F8 
 2576      C4742A91 
 2576      00BF9A
 2577 024a D7B45CF6 		.ascii	"\327\264\\\366/\306n\033\243"
 2577      2FC66E1B 
 2577      A3
 2578              		.text
 2579              		.section	.gnu.lto_chMsgWaitTimeoutS.337.71a4938e,"e",%progbits
 2580 0000 789C5D52 		.ascii	"x\234]R_HSa\024\377\316w\356\275\233:\327u\372\324K"
 2580      5F485361 
 2580      14FFCE77 
 2580      EEBD9B3A 
 2580      D775FAD4 
 2581 0015 03938868 		.ascii	"\003\223\210h\233\342S\024\004>\364\322[\364\246\204"
 2581      9BE25314 
 2581      043EF4D2 
 2581      5BF4A684 
 2582 0025 AEA12364 		.ascii	"\256\241#dr\357]\365\346gn\014\026\250\263\260\010\333"
 2582      72EF5DF5 
 2582      E6676E0C 
 2582      16A8B3B0 
 2582      08DB
 2583 0037 C3E51A3D 		.ascii	"\303\345\032=\010\005\025M+\030\204)\276\024>%=$a\177"
 2583      0805154D 
 2583      2B188429 
 2583      BE143E25 
 2583      3D24617F 
 2584 004b 0491610F 		.ascii	"\004\221a\017I\030\353|w\2636?\266s\277s\276\337\371"
 2584      4918EB7C 
 2584      77B3363F 
 2584      B673BF73 
ARM GAS  C:\Users\nello\AppData\Local\Temp\ccK3poCU.s 			page 70


 2584      BEDFF9
 2585 005e 7DBF73CE 		.ascii	"}\277s\316\327\216\214\335d\214\305\350\317<\014\246"
 2585      D78E8CDD 
 2585      648CC5E8 
 2585      CF3C0CA6 
 2586 006e 7359CECA 		.ascii	"sY\316\312\345\362\250\302\371x\3566\2077\340z\351\234"
 2586      E5F2A8C2 
 2586      F978EE36 
 2586      8737E07A 
 2586      E99C
 2587 0080 DFFD224F 		.ascii	"\337\375\"O\345\232\352\"\012\314\344\262\313\363g]"
 2587      E59AEA22 
 2587      0ACCE4B2 
 2587      CBF3675D 
 2588 0090 4795CEAF 		.ascii	"G\225\316\257\371n\327\321`\314[\341\0026\312QQ5\030"
 2588      F96ED7D1 
 2588      60CC5BE1 
 2588      0236CA51 
 2588      513518
 2589 00a3 853B388B 		.ascii	"\205;8\2130\215\0162P\252;\200\340\311\242\020{\351"
 2589      308D0E32 
 2589      50AA3B80 
 2589      E0C9A210 
 2589      7BE9
 2590 00b5 0785AFDA 		.ascii	"\007\205\257\332\354\343\242\342 gy\002\274\000x\016"
 2590      ECE3A2E2 
 2590      20677902 
 2590      BC00780E 
 2591 00c5 521801F1 		.ascii	"R\030\001\3612;A\240\017\237\012B40\007\021^B\015\206"
 2591      323B41A0 
 2591      0F9F0A42 
 2591      34300711 
 2591      5E420D86 
 2592 00d9 027D1FF5 		.ascii	"\002}\037\365\0122!m\007\201K\213s\031\377\324\230\227"
 2592      0A32216D 
 2592      07814B8B 
 2592      7319FFD4 
 2592      9897
 2593 00eb F86001EA 		.ascii	"\370`\001\352\030\373J\272\204\032\007\320\247\013\351"
 2593      18FB4ABA 
 2593      841A07D0 
 2593      A70BE9
 2594 00fa 8CD05341 		.ascii	"\214\320SA\011}u\010\272\251k\014^\003,\202TE\213\302"
 2594      097D7508 
 2594      BAA96B0C 
 2594      5E032C82 
 2594      54458BC2 
 2595 010e D8514C8B 		.ascii	"\330QL\213\322\312Rf\242\255rA\275\340*\376\311\232"
 2595      D2CA5266 
 2595      A2AD7241 
 2595      BDE02AFE 
 2595      C99A
 2596 0120 5A14FBE5 		.ascii	"Z\024\373\345I!\226Om\357?kh\005\022\252pi\220\214\252"
 2596      4921964F 
 2596      6DEF3F6B 
 2596      680512AA 
 2596      7069908C 
ARM GAS  C:\Users\nello\AppData\Local\Temp\ccK3poCU.s 			page 71


 2597 0135 90D15432 		.ascii	"\220\321T2\274Qf\370\000\012\340\227\256\316(; w\214"
 2597      BC5166F8 
 2597      000AE097 
 2597      AECE283B 
 2597      20778C
 2598 0148 4DA26CA2 		.ascii	"M\242l\242\273\216\021\371\024\362\377.\260\022\214"
 2598      BB8E11F9 
 2598      14F2FF2E 
 2598      B0128C
 2599 0157 6FFCCCDE 		.ascii	"o\374\314\336\003\032\224\215\215)\340\016z\362\350"
 2599      031A948D 
 2599      8D29E00E 
 2599      7AF2E8
 2600 0166 76C44B87 		.ascii	"v\304K\207\251\215?Y\237\215\340\0364\344%\037\301\034"
 2600      A98D3F59 
 2600      9F8DE01E 
 2600      34E4251F 
 2600      C11C
 2601 0178 6C643B70 		.ascii	"ld;p\353~\346\234\215\234N\331\026\244\266\336\036%"
 2601      EB7EE69C 
 2601      8D9C4ED9 
 2601      16A4B6DE 
 2601      1E25
 2602 018a 47CE43A9 		.ascii	"G\316C\251\224@7a\375M\351\215\362*\221\241K\326\224"
 2602      94403761 
 2602      FD4DE98D 
 2602      F22A91A1 
 2602      4BD694
 2603 019d 476A86C4 		.ascii	"Gj\206\304\373\300o\243\317\301\346\012\315\000!d\330"
 2603      FBC06FA3 
 2603      CFC1E60A 
 2603      CD002164 
 2603      D8
 2604 01ae FF8F46A9 		.ascii	"\377\217F\251\245\241{w\013\233_\320F\277DqY\022\027"
 2604      A5A17B77 
 2604      0B9B5FD0 
 2604      46BF4471 
 2604      591217
 2605 01c1 2B8A8B54 		.ascii	"+\212\213T\017!\357f?\317Gl\224/\345\021\010!\250\323"
 2605      0F21EF66 
 2605      3FCF476C 
 2605      942FE511 
 2605      0821A8D3 
 2606 01d5 47483F2C 		.ascii	"GH?,\201\034\\\244\022\321\341\035<\224\203IU!\032,"
 2606      811C5CA4 
 2606      12D1E11D 
 2606      3C948349 
 2606      55211A2C 
 2607 01e9 132B151F 		.ascii	"\023+\025\037\264Qw\305\266\344Q\221\225\323\323\012"
 2607      B45177C5 
 2607      B6E45191 
 2607      95D3D30A 
 2608 01f9 54147C5B 		.ascii	"T\024|[\303\003\322\037\334e\325%k\225\262\025V\211"
 2608      C303D21F 
 2608      DC65D525 
 2608      6B95B215 
 2608      5689
ARM GAS  C:\Users\nello\AppData\Local\Temp\ccK3poCU.s 			page 72


 2609 020b 120EEA6B 		.ascii	"\022\016\352k\22693\013\337mR\035 \244\253U\253\325"
 2609      9639330B 
 2609      DF6D521D 
 2609      20A4AB55 
 2609      ABD5
 2610 021d BA0D63E7 		.ascii	"\272\015c\347Y;%\227\336\317\211 8\330V}+r\355\0025"
 2610      593B2597 
 2610      DECF8920 
 2610      38D8567D 
 2610      2B72ED02 
 2611 0232 59A5CD6F 		.ascii	"Y\245\315oP\251leb}\317\353\316+\240\356\254\017\321"
 2611      50A96C65 
 2611      627DCFEB 
 2611      CE2BA0EE 
 2611      AC0FD1
 2612 0245 80A176C0 		.ascii	"\200\241v\300\214\235\3569\323\3333\024\037\210_\262"
 2612      8C9DEE39 
 2612      D3DB3314 
 2612      1F885FB2 
 2613 0255 9257E389 		.ascii	"\222W\343\211\336\033\011\343\2329\322\037\215]I\232"
 2613      DE1B09E3 
 2613      9A39D21F 
 2613      8D5D499A 
 2614 0265 31A3F742 		.ascii	"1\243\367B\314\264\222F\354bb0\036\275\336\315\216\207"
 2614      CCB49246 
 2614      EC626230 
 2614      1EBDDECD 
 2614      8E87
 2615 0277 4261FA45 		.ascii	"Ba\372EeB\302\354\352\354\354\014'\314\260a\205M#J\321"
 2615      6542C2EC 
 2615      EAECEC0C 
 2615      27CCB061 
 2615      854D234A 
 2616 028c 61733014 		.ascii	"as0\024e\036+>\034K$\255\226j \024\355\357\352\036\210"
 2616      651E2B3E 
 2616      1C4B24AD 
 2616      966A2014 
 2616      EDEFEA1E 
 2617 02a1 45228C5B 		.ascii	"E\"\214[#Z4i\030\326\310_&\217R\307"
 2617      235A3469 
 2617      18D6C85F 
 2617      268F52C7 
 2618              		.text
 2619              		.section	.gnu.lto_chMsgPollS.338.71a4938e,"e",%progbits
 2620 0000 789C5D92 		.ascii	"x\234]\222Kh\023Q\024\206\357\271g\362\25011\202 \270"
 2620      4B681351 
 2620      1486EFB9 
 2620      67F2A831 
 2620      318220B8 
 2621 0014 31A05DB8 		.ascii	"1\240]\2700\217\222\225+\241\0137\356Tp\021\220v\014"
 2621      308F9295 
 2621      2BA10B37 
 2621      EE547011 
 2621      90760C
 2622 0027 6D144998 		.ascii	"m\024I\230\231\3502\2236\261\220j\363\260*H\314b\034"
 2622      99E83293 
 2622      36B1906A 
ARM GAS  C:\Users\nello\AppData\Local\Temp\ccK3poCU.s 			page 73


 2622      F3B02A48 
 2622      CC621C
 2623 003a 1FBB7651 		.ascii	"\037\273vQ1j\221\370(.\004\027\335\270L@\004\013\"\241"
 2623      316A91F8 
 2623      282E0417 
 2623      DDB84C40 
 2623      040B22A1 
 2624 004e 2ED45A1B 		.ascii	".\324Z\033\317\235\231h\314e\346\316\271\207\357\374"
 2624      CF9D9968 
 2624      CC65E6CE 
 2624      B987EFFC 
 2625 005e E771A7C6 		.ascii	"\347q\247\306\031\3130\306N\323\313\334\014j\325\022"
 2625      19CB30C6 
 2625      4ED3CBDC 
 2625      0C6AD512 
 2626 006e 67BD5E2F 		.ascii	"g\275^/'q>[\235\347\360\034\254S\241\032\260\276\010"
 2626      27713E5B 
 2626      9DE7F01C 
 2626      AC53A11A 
 2626      B0BE08
 2627 0081 8B7F0909 		.ascii	"\213\177\011\011nVK\355\346\212\324\207\\\220\227,\003"
 2627      6E564BED 
 2627      E68AD487 
 2627      5C90972C 
 2627      03
 2628 0092 588E231D 		.ascii	"X\216#\035sp\003\353\01054\221\201\344X\000\241#-]\377"
 2628      737003EB 
 2628      08353491 
 2628      81E45800 
 2628      A1232D5D 
 2629 00a7 51BCB3F5 		.ascii	"Q\274\263\365\311]\177\324\222L\344\254A\300c\200\025"
 2629      C95D7FD4 
 2629      924CE4AC 
 2629      41C06380 
 2629      15
 2630 00b8 60D62214 		.ascii	"`\326\"\024\317\210}\224\310\356\366\375\271@%\357%"
 2630      CF887D94 
 2630      C8EEF6FD 
 2630      B94025EF 
 2630      25
 2631 00c9 0E9EC07F 		.ascii	"\016\236\300\177\344\331\325\240@/\364\321\345_\305"
 2631      E4D9D5A0 
 2631      402FF4D1 
 2631      E55FC5
 2632 00d8 393D5808 		.ascii	"9=X\010\011\364\351\020\272\034\244\376\236\0014Ad\243"
 2632      09F4E910 
 2632      BA1CA4FE 
 2632      9E013441 
 2632      64A3
 2633 00ea 456E1C6D 		.ascii	"En\034m\025\365\356\374\333\253\013\373\354\004C\205"
 2633      15F5EEFC 
 2633      DBAB0BFB 
 2633      EC044385 
 2634 00fa D8FCD2BA 		.ascii	"\330\374\322\272\253\245o\367\312\272\376!\262Z\377"
 2634      ABA56FF7 
 2634      CABAFE21 
 2634      B25AFF
ARM GAS  C:\Users\nello\AppData\Local\Temp\ccK3poCU.s 			page 74


 2635 0109 38120066 		.ascii	"8\022\000f\"\261&JD7\301#8\257\260|b\3633!\304\312("
 2635      22B1264A 
 2635      4437C123 
 2635      38AFB07C 
 2635      62F33321 
 2636 0120 C664AD83 		.ascii	"\306d\255\203\244VA\376\357\010\254\013\263\235\357"
 2636      A45641FE 
 2636      EF08AC0B 
 2636      B39DEF
 2637 012f F3FB0DF4 		.ascii	"\363\373\015\364\024\200\233\350j 1&\272\331W\230\331"
 2637      14809BE8 
 2637      6A203126 
 2637      BAD95798 
 2637      D9
 2638 0140 6CEEACA3 		.ascii	"l\356\254\243\201^1-N\356.\024:\277\337\221\007,\326"
 2638      815E312D 
 2638      4EEE2E14 
 2638      3ABFDF91 
 2638      072CD6
 2639 0153 D310F214 		.ascii	"\323\020\362\024i\242\227m@a\343\365\001\303\036-:\343"
 2639      69A2976D 
 2639      4061E3F5 
 2639      01C31E2D 
 2639      3AE3
 2640 0165 AB200EE6 		.ascii	"\253 \016\346\"\311\305Ro)n \2479=\000]\327\251\327"
 2640      22C9C552 
 2640      6F296E20 
 2640      A7393D00 
 2640      5DD7A9D7 
 2641 0179 11528017 		.ascii	"\021R\200\027 F\027\265=\273\340%\334\025\243)8\210"
 2641      204617B5 
 2641      3DBBE025 
 2641      DC15A329 
 2641      3888
 2642 018b 04AFECF4 		.ascii	"\004\257\354\364!\003}Vn_\003Q\344&s\267]\352\233o\330"
 2642      21037D56 
 2642      6E5F0351 
 2642      E42673B7 
 2642      5DEA9B6F 
 2643 01a0 17FD8C96 		.ascii	"\027\375\214\226\252O\250:\222~X#I\022\021\345\005h"
 2643      AA4FA83A 
 2643      927E5823 
 2643      491211E5 
 2643      0568
 2644 01b2 34A23869 		.ascii	"4\2428i\250\270[?\327\356Qw~Cho\201h\235\277ok\244\204"
 2644      A8B85B3F 
 2644      D7EE5177 
 2644      7E43686F 
 2644      81689DBF 
 2645 01ca 3BED690A 		.ascii	";\355i\012p\015\004\300\027\310\037g\207H\276{\355\241"
 2645      700D04C0 
 2645      17C81F67 
 2645      8748BE7B 
 2645      EDA1
 2646 01dc 1E0213F7 		.ascii	"\036\002\023\3678\367)\326&\314tn/\\\007\372%IPx\312"
 2646      38F729D6 
 2646      26CC746E 
ARM GAS  C:\Users\nello\AppData\Local\Temp\ccK3poCU.s 			page 75


 2646      2F5C07FA 
 2646      25495078 
 2647 01f1 0883D7C0 		.ascii	"\010\203\327\300\330\321\361c\211\361\351\324d\352\224"
 2647      D8D1F163 
 2647      89F1E9D4 
 2647      64EA94
 2648 0200 963D9F4A 		.ascii	"\226=\237J'\256\244\225\213jfBN\236\313\252I%q\"\251"
 2648      27AEA495 
 2648      8B6A6642 
 2648      4E9ECBAA 
 2648      49257122 
 2649 0215 6A592579 		.ascii	"jY%y2=\225\222/\307\331\341p8B\217,\002\322\352X,\026"
 2649      323D9592 
 2649      2FC7D9E1 
 2649      7038428F 
 2649      2C02D2EA 
 2650 022c 8BA4D588 		.ascii	"\213\244\325\210\242ETE&\357%u*,3\256e\366:vX\236\030"
 2650      A2455445 
 2650      26EF2575 
 2650      2A2C33AE 
 2650      65F63A76 
 2651 0243 8B4F26A3 		.ascii	"\213O&\243Q\346\226\263\212\242e\376\000\345.\033\346"
 2651      51E696B3 
 2651      8AA265FE 
 2651      00E52E1B 
 2651      E6
 2652              		.text
 2653              		.section	.gnu.lto_chMsgRelease.339.71a4938e,"e",%progbits
 2654 0000 789C5550 		.ascii	"x\234UP\277K\002q\024\177\357\336\231\265(\375\0055"
 2654      BF4B0271 
 2654      147FEFDE 
 2654      99B528FD 
 2654      0535
 2655 0012 04D2D09D 		.ascii	"\004\322\320\235\212Sc\016-\321\022\201\203\020z\035"
 2655      8A53630E 
 2655      2DD11281 
 2655      83107A1D 
 2656 0022 66212777 		.ascii	"f!'wg\215~\373\341\322b\351\026\341 78\325TY\021\270"
 2656      678D7EFB 
 2656      E1D262E9 
 2656      16E12037 
 2656      38D55459 
 2657 0038 B5950441 		.ascii	"\265\225\004A\004\201\213KS\004ACp=O\373\341\343\373"
 2657      04818B4B 
 2657      53044143 
 2657      703D4FFB 
 2657      E1E3FB
 2658 004b 85CFE77D 		.ascii	"\205\317\347}?\357\363\336\367\315!@\016\000f\370\202"
 2658      3FEFF3DE 
 2658      F7CD2140 
 2658      0E0066F8 
 2658      82
 2659 005c 0C5839DC 		.ascii	"\014X9\334\227\300u\335\242,a\2251^\243\307\010\267"
 2659      97C075DD 
 2659      A22C6195 
 2659      315EA3C7 
 2659      08B7
ARM GAS  C:\Users\nello\AppData\Local\Temp\ccK3poCU.s 			page 76


 2660 006e 650F2014 		.ascii	"e\017 \024%\302\"ViZ\010\361Y:j\334\242h\264\320!\200"
 2660      25C22256 
 2660      695A08F1 
 2660      593A6ADC 
 2660      A268B4D0 
 2661 0084 1A413F8E 		.ascii	"\032A?\216\011+\344\020\242<@\022N2\242e\010\265\204"
 2661      092BE410 
 2661      A23C4012 
 2661      4E32A265 
 2661      08B584
 2662 0097 68DF3485 		.ascii	"h\3374\205\030\003\207\010/\220k\360\034\361\214\347"
 2662      18038708 
 2662      2F906BF0 
 2662      1CF18CE7 
 2663 00a7 E044E235 		.ascii	"\340D\3425\330\323\255C\210\315\333\367\003\235\214"
 2663      D8D3AD43 
 2663      88CDDBF7 
 2663      039D8C
 2664 00b6 97C33A39 		.ascii	"\227\303:9\361\021\004\030\371\351\3109l\020\234>\370"
 2664      F1110418 
 2664      F9E9C839 
 2664      6C109C3E 
 2664      F8
 2665 00c7 5AE2CB2D 		.ascii	"Z\342\313-\013\321\355\342I\310\317\375\233(#^\361{"
 2665      0BD1EDE2 
 2665      49C8CFFD 
 2665      9B28235E 
 2665      F17B
 2666 00d9 997ABFF2 		.ascii	"\231z\277\362b\202\351\001I\177\024\341\015w;\217w\010"
 2666      6282E901 
 2666      497F14E1 
 2666      0D773B8F 
 2666      7708
 2667 00eb 7B2839E4 		.ascii	"{(9\344\253\221\327\204\355YG\303\272R\347)\320\227"
 2667      AB91D784 
 2667      ED5947C3 
 2667      BA52E729 
 2667      D097
 2668 00fd F96B2401 		.ascii	"\371k$\001\324\211\352$;4\352y<\007~-\250o\361\216;"
 2668      D489EA24 
 2668      3B34EA79 
 2668      3C077E2D 
 2668      A86FF18E 
 2669 0112 9D97456F 		.ascii	"\235\227Eo)e\302\377#\360\316\343\263\311\370Z6\235"
 2669      2965C2FF 
 2669      23F0CEE3 
 2669      B3C9F85A 
 2669      369D
 2670 0124 5DB20BAB 		.ascii	"]\262\013\253Y#\271e\230\033V>\245\351+\005K7\223\363"
 2670      5923B965 
 2670      981B563E 
 2670      A5E92B05 
 2670      4B3793F3 
 2671 0138 BA65174C 		.ascii	"\272e\027L}\301\310d\265\315\030L)\212\312G\353\025"
 2671      7DC1C864 
 2671      B5CD184C 
 2671      298ACA47 
ARM GAS  C:\Users\nello\AppData\Local\Temp\ccK3poCU.s 			page 77


 2671      EB15
 2672 014a 18563412 		.ascii	"\030V4\022\211\250\206\245\232\266j\231\032gsVF\321"
 2672      89A886A5 
 2672      9AB66A99 
 2672      1A677356 
 2672      46D1
 2673 015c 40B2F3E3 		.ascii	"@\262\363\343\003\254h\251h,\255\207\303@\314\277\001"
 2673      03AC68A9 
 2673      682CAD87 
 2673      C340CCBF 
 2673      01
 2674 016d DFB09E8A 		.ascii	"\337\260\236\212"
 2675              		.text
 2676              		.section	.gnu.lto_.symbol_nodes.71a4938e,"e",%progbits
 2677 0000 789C7D92 		.ascii	"x\234}\222MN\002A\020\205\353\007\230\356\236A\\\351"
 2677      4D4E0241 
 2677      1085EB07 
 2677      98EE9E41 
 2677      5CE9
 2678 0012 12132FC0 		.ascii	"\022\023/\300\332\355\034\205\203\274\231x\001\357\300"
 2678      DAED1C85 
 2678      83BC9978 
 2678      01EFC0
 2679 0021 394013F6 		.ascii	"9@\023\366*\376\204\200K\217a\0102\211$\3251S\265\253"
 2679      2AFE8480 
 2679      4B8F6108 
 2679      328924D5 
 2679      3153B5AB 
 2680 0035 BCEFBDAE 		.ascii	"\274\357\275\256N\325\235\022\221\\\201\216\1775\345"
 2680      4ED59D12 
 2680      915C818E 
 2680      7F35E5
 2681 0044 87672210 		.ascii	"\207g\"\020-\233\266\235\021SWr\015\366\201G\206\370"
 2681      2D9BB69D 
 2681      11535772 
 2681      0DF68147 
 2681      86F8
 2682 0056 C413437D 		.ascii	"\304\023C}b\317\030\270\304p+t\323\221?\214\241\237"
 2682      62CF18B8 
 2682      C4702B74 
 2682      D3913F8C 
 2682      A19F
 2683 0068 75608C7C 		.ascii	"u`\214|\342EP\374#Vm\313g\340U\020\\`#\210.\360&H.\360"
 2683      E24550FC 
 2683      23566DCB 
 2683      67E05510 
 2683      5C602388 
 2684 0082 2E283D80 		.ascii	".(=\200\277\004U\016\0205M\323\251\374)\030\367i\037"
 2684      BF04550E 
 2684      10354DD3 
 2684      A9FC2918 
 2684      F7691F
 2685 0095 828B3E6D 		.ascii	"\202\213>m'\230\364hZ\230\304[\015\203\2543\013\256"
 2685      2798F468 
 2685      5A98C45B 
 2685      0D83AC33 
 2685      0BAE
ARM GAS  C:\Users\nello\AppData\Local\Temp\ccK3poCU.s 			page 78


 2686 00a7 35988B59 		.ascii	"5\230\213Y\263\006\023\271\030i0\257\257O\255\331\374"
 2686      B30613B9 
 2686      186930AF 
 2686      AF4FADD9 
 2686      FC
 2687 00b8 7DA131CB 		.ascii	"}\2411\313\215fQ\265F\343\\\260Fsw\337\254)s\246\314"
 2687      8D6651B5 
 2687      46E35CB0 
 2687      467377DF 
 2687      AC2973A6 
 2688 00cd 992E3367 		.ascii	"\231.3g2\316\323\010e\346,\215s\256\245EY+\261he\256"
 2688      32CED308 
 2688      65E62C8D 
 2688      73AEA545 
 2688      592BB168 
 2689 00e3 A4D6CAFC 		.ascii	"\244\326\312\374dN\277\330`\207\242"
 2689      644EBFD8 
 2689      6087A2
 2690              		.text
 2691              		.section	.gnu.lto_.refs.71a4938e,"e",%progbits
 2692 0000 789C6367 		.ascii	"x\234cg```da`ed`\000\000\000\216\000\023"
 2692      60606064 
 2692      61606564 
 2692      60000000 
 2692      8E0013
 2693              		.text
 2694              		.section	.gnu.lto_.decls.71a4938e,"e",%progbits
 2695 0000 789C9D59 		.ascii	"x\234\235Y{T\024W\232\257\357\336\352\007\3153@ff\317"
 2695      7B541457 
 2695      9AAFEFDE 
 2695      EA07CD33 
 2695      406666CF 
 2696 0014 CC66DD84 		.ascii	"\314f\335\204\234q\036\212\232l2;\273{Nf\262\233\254"
 2696      9C711E8A 
 2696      9A6C323B 
 2696      BB7B4E66 
 2696      B29BAC
 2697 0027 672673B2 		.ascii	"g&s\262a\346Lf\317\234\323K\272[`\0024\323\335\370\370"
 2697      61E64C66 
 2697      CF9CD34B 
 2697      BA5B6002 
 2697      34D3DDF8 
 2698 003c 6B1B5111 		.ascii	"k\033Q\021E%h\024\037\021\"*\370@\300'\276\020\001\005"
 2698      45256814 
 2698      1F11222A 
 2698      F840C027 
 2698      BE100105 
 2699 0050 45141FF8 		.ascii	"E\024\037\370H\020E\0241\242\242\242\202`\330\357\336"
 2699      48104514 
 2699      31A2A2A2 
 2699      8260D8EF 
 2699      DE
 2700 0061 5B5D55FD 		.ascii	"[]U\375p\342Y\016\267\253\352\326\357\373}\217\373\335"
 2700      70E2590E 
 2700      B7ABEAD6 
 2700      EFFB7D8F 
 2700      FBDD
ARM GAS  C:\Users\nello\AppData\Local\Temp\ccK3poCU.s 			page 79


 2701 0073 FBDDAADA 		.ascii	"\373\335\252\332\237 I\377i\222\244>Y\222\306\360/R"
 2701      9F2049FF 
 2701      6992A43E 
 2701      5992C6F0 
 2701      2F52
 2702 0085 92A4D392 		.ascii	"\222\244\323\222\366\027\203\355\010\266c\330N`;\211"
 2702      F61783ED 
 2702      08B663D8 
 2702      4E603B89 
 2703 0095 ED3CB62E 		.ascii	"\355<\266.l7\261\365c\273\213\3551\266!lO\261\215b\223"
 2703      6C37B1F5 
 2703      63BB8BED 
 2703      31B6216C 
 2703      4FB18D62 
 2704 00aa 4192CCD8 		.ascii	"A\222\314\330\"\261\341\277\024M$\277\277\205\330i\300"
 2704      22B1E1BF 
 2704      144D24BF 
 2704      BF85D869 
 2704      C0
 2705 00bb 632AB658 		.ascii	"c*\266Xl\361L\027b~\206\375\014\372S<\376D\221=\"\005"
 2705      6CF14C17 
 2705      627E86FD 
 2705      0CFA533C 
 2705      FE44913D 
 2706 00d1 FF2D55E4 		.ascii	"\377-U\344\003e\031_\240\374\261\020\362+\361\2061@"
 2706      0365195F 
 2706      A0FCB110 
 2706      F22BF186 
 2706      3140
 2707 00e3 FF74EC8B 		.ascii	"\377t\354\213E\341\357+\266R\305\347\277\307\353q$\230"
 2707      45E1EF2B 
 2707      B652C5E7 
 2707      BFC7EB71 
 2707      2498
 2708 00f5 E38B17E4 		.ascii	"\343\213\027\3448\251p\274F\204=?\015\340\252\304N\223"
 2708      38A970BC 
 2708      46843D3F 
 2708      0DE0AAC4 
 2708      4E93
 2709 0107 8EE36778 		.ascii	"\216\343gx\377\347\330\242\260\215\352|2\343\317\220"
 2709      FFE7D8A2 
 2709      B08DEA7C 
 2709      32E3CF90 
 2710 0117 E2131B83 		.ascii	"\342\023\033\203Pq=\310\342\216\307\316\000>\026\037"
 2710      50713DC8 
 2710      E28EC7CE 
 2710      003E161F 
 2711 0127 764F1FA3 		.ascii	"vO\037\243j\020qb<]!btJ\261+5\200\253\007\217\023\360"
 2711      6A107162 
 2711      3C5D2162 
 2711      744AB12B 
 2711      3580AB07 
 2712 013e D8ABE018 		.ascii	"\330\253\340\030\027\313\205\321\020\034\227\220\343"
 2712      17CB85D1 
 2712      101C9790 
 2712      E3
 2713 014b 7B3AF91E 		.ascii	"{:\371\036\235=?\302\363\211x\354\300c\"\036[\025\373"
ARM GAS  C:\Users\nello\AppData\Local\Temp\ccK3poCU.s 			page 80


 2713      9D3D3FC2 
 2713      F38978EC 
 2713      C063221E 
 2713      5B15FB
 2714 015e DF53ECAC 		.ascii	"\337S\354\254\3006\011\373\233\230\257x>\031\317Mx\234"
 2714      C03609FB 
 2714      9B98AF78 
 2714      3E19CF4D 
 2714      789C
 2715 0170 8247AAF8 		.ascii	"\202G\252\370\301\354\333\201\347\357\203\360g+\266"
 2715      C1ECDB81 
 2715      E7EF83F0 
 2715      672BB6
 2716 017f CDD8F661 		.ascii	"\315\330\366a\233\252\330\337\257\304\213\215%\313%"
 2716      9BAAD8DF 
 2716      AFC48B8D 
 2716      25CB25
 2717 018e 96972C3F 		.ascii	"\226\227,?O*1\374e@\014/\203\260W\3573\213'\263\331"
 2717      4F2A31FC 
 2717      65400C2F 
 2717      83B057EF 
 2717      338B27B3 
 2718 01a3 67EFBFE0 		.ascii	"g\357\277\340\361\262$la~0{|\361\375W\354kQl\326\307"
 2718      F1B2246C 
 2718      617E307B 
 2718      7CF1FD57 
 2718      EC6B516C 
 2719 01b9 7A9F92B3 		.ascii	"z\237\222\263w%m\0161;B\345\347\035\354\1779\300\206"
 2719      77256D0E 
 2719      313B42E5 
 2719      E71DEC7F 
 2719      39C086
 2720 01cc 87CAB81A 		.ascii	"\207\312\270\032\237c\313\277)\266D\200\210\363\213"
 2720      9F63CBBF 
 2720      29B64480 
 2720      88F38B
 2721 01db DAF35867 		.ascii	"\332\363XgO\344s\354\271\017b-x\221\230\204\322\313"
 2721      4FE473EC 
 2721      B90F622D 
 2721      78919884 
 2721      D2CB
 2722 01ed EC0AD48D 		.ascii	"\354\012\324\215K\016_3|\272C\351}\204\2700)t\016\372"
 2722      4B0E5F33 
 2722      7CBA43E9 
 2722      7D84B830 
 2722      29740EFA 
 2723 0201 72469F8B 		.ascii	"rF\237\213\214\363\2512\326,'}c\374\357\001c\274\232"
 2723      8CF3A932 
 2723      D62C277D 
 2723      63FCEF01 
 2723      63BC9A
 2724 0214 921BE7BA 		.ascii	"\222\033\347\272\232-7@\210\331\001\340\342[\370c\221"
 2724      9A2D3740 
 2724      88D901E0 
 2724      E25BF863 
 2724      91
 2725 0225 FE9B4AF1 		.ascii	"\376\233J\361^\342%F;%\026j\241vK\013\2742~\220\276"
ARM GAS  C:\Users\nello\AppData\Local\Temp\ccK3poCU.s 			page 81


 2725      5EE22546 
 2725      3B25166A 
 2725      A1764B0B 
 2725      BC327E90 
 2726 023a 6326E3A3 		.ascii	"c&\343\243-\346\212F\210\261\030\314\204\364\231\354"
 2726      2DE68A46 
 2726      88B118CC 
 2726      84F499EC 
 2727 024a 96F14F61 		.ascii	"\226\361Oa+)5\216{\307+\333\013^\3563yI\341\357\342"
 2727      2B29358E 
 2727      7BC72BDB 
 2727      0B5EEE33 
 2727      7949E1EF 
 2728 025f DF78077F 		.ascii	"\337x\007\177\373L-`G\251\017es\014\236\365\231,\203"
 2728      FB4C2D60 
 2728      47A90F65 
 2728      730C9EF5 
 2728      992C83
 2729 0272 B47491D1 		.ascii	"\264t\221\321\336F\346\377\030Z\300b\237\022\357\365"
 2729      DE46E6FF 
 2729      185AC062 
 2729      9F12EFF5 
 2730 0282 7ADF319B 		.ascii	"z\3371\233_\211n\240\015\364=LKs\365\266\227-}\246h"
 2730      5F896EA0 
 2730      0DF43D4C 
 2730      4B73F5B6 
 2730      972D7DA6 
 2731 0297 A4186F1F 		.ascii	"\244\030o\037\027c\037\027\335\002\006\273\335\022?"
 2731      17631F17 
 2731      DD0206BB 
 2731      DD123F
 2732 02a6 5E4223EC 		.ascii	"^B#\354S\246\274C,\310,\233[`\012\205\210)\336\356\333"
 2732      53A6BC43 
 2732      2CC82C9B 
 2732      5B600A85 
 2732      8829DEEE 
 2733 02bb DFB7182C 		.ascii	"\337\267\030,a\257\214\033/Iv\351=\202\274t\314\367"
 2733      61AF8C1B 
 2733      2F4976E9 
 2733      3D82BC74 
 2733      CCF7
 2734 02cd 0726D469 		.ascii	"\007&\324i\327.\001\306[\310\024B\177\323\207s\202\220"
 2734      D72E01C6 
 2734      5BC81442 
 2734      7FD38773 
 2734      8290
 2735 02df 7192E495 		.ascii	"q\222\344\225\315\021\021\340\305C\230\3657\366\017"
 2735      CD1111E0 
 2735      C54398F5 
 2735      37F60F
 2736 02ee A758A43E 		.ascii	"\247X\244>\023\301[\3612x\011h\222\026#\206P\211\037"
 2736      13C15BF1 
 2736      32780968 
 2736      92162386 
 2736      50891F
 2737 0301 5F2E401F 		.ascii	"_.@\037Iv\241a%\355>\001\337m\201\363\223R\271x?\250"
 2737      4976A161 
ARM GAS  C:\Users\nello\AppData\Local\Temp\ccK3poCU.s 			page 82


 2737      25ED3E01 
 2737      DF6D81F3 
 2737      9352B978 
 2738 0317 FC3E014D 		.ascii	"\374>\001MLG\016\001\342\300\376\330\257^@\263Q\325"
 2738      4C470E01 
 2738      E2C0FED8 
 2738      AF5E40B3 
 2738      51D5
 2739 0329 4F54B340 		.ascii	"OT\263@\203\004\030\316Y\300gP\360\037\365\245\315\341"
 2739      830418CE 
 2739      59C06750 
 2739      F01FF5A5 
 2739      CDE1
 2740 033b A55FE719 		.ascii	"\245_\347\031z1l\336\342xx\271\360\035\011\350\017%"
 2740      7A316CDE 
 2740      E27878B9 
 2740      F01D09E8 
 2740      0F25
 2741 034d FA3329D1 		.ascii	"\3723)\321\313\377\256\245H\260G0|\034^D!\026d\374\215"
 2741      CBFFAEA5 
 2741      48B04730 
 2741      7C1C5E44 
 2741      211664FC 
 2742 0362 8771F42F 		.ascii	"\207q\364/L\372\332`e9\211\023\320za\340~\200\003\000"
 2742      4CFADA60 
 2742      65398913 
 2742      D07A61E0 
 2742      7E800300 
 2743 0376 B5EC82BA 		.ascii	"\265\354\202\272\031f\351\361\374\333\026\177\314A\015"
 2743      1966E9F1 
 2743      FCDB167F 
 2743      CC410D
 2744 0385 C348EEE4 		.ascii	"\303H\356\344\266\230#\352\275\336\001oi\203\014u\000"
 2744      B69823EA 
 2744      BDDE016F 
 2744      69830C75 
 2744      00
 2745 0396 FB00F632 		.ascii	"\373\000\3662\323\017\001\007T\264wVD\261\251\200\035"
 2745      D30F0107 
 2745      54B47756 
 2745      44B1A980 
 2745      1D
 2746 03a7 E0C48E25 		.ascii	"\340\304\216%\237\217\224\207\373:\352\201\333E\270"
 2746      9F8F9487 
 2746      FB3AEA81 
 2746      DB45B8
 2747 03b6 5D3178D7 		.ascii	"]1x\327\373d\344[\363\367Q[\277\327\033\017\251\320"
 2747      FB64E45B 
 2747      F3F7515B 
 2747      BFD71B0F 
 2747      A9D0
 2748 03c8 08D0C0D8 		.ascii	"\010\320\300\330\2320\036\207\361\344\325\302B\357\320"
 2748      9A301E87 
 2748      F1E4D5C2 
 2748      42EFD0
 2749 03d7 B3BCBB0D 		.ascii	"\263\274\273\015\2575\315\315\363\266#\260\020\330]"
 2749      AF35CDCD 
ARM GAS  C:\Users\nello\AppData\Local\Temp\ccK3poCU.s 			page 83


 2749      F3B623B0 
 2749      10D85D
 2750 03e6 D8ADD824 		.ascii	"\330\255\330$\341\231\004\273\000v\302\307'\343\350"
 2750      E19904BB 
 2750      0076C2C7 
 2750      27E3E8
 2751 03f5 050869C4 		.ascii	"\005\010i\304\265]5\025FU\015v\372\364\264\240p\263"
 2751      B55D3515 
 2751      46550D76 
 2751      FAF4B4A0 
 2751      70B3
 2752 0407 A267A0F6 		.ascii	"\242g\240\366\326\342(\241\002\373\341\250\252\341\250"
 2752      D6E228A1 
 2752      02FBE1A8 
 2752      AAE1A8
 2753 0416 AA61431C 		.ascii	"\252aC\034\355\347\032\362\366/n\265\204\260\273\025"
 2753      EDE71AF2 
 2753      F62F6EB5 
 2753      84B0BB15 
 2754 0426 A14EC5EC 		.ascii	"\241N\305\354\316%U\213\302\327x\353gc,e\274\003\307"
 2754      CE25558B 
 2754      C2D778EB 
 2754      67632C65 
 2754      BC03C7
 2755 0439 55C6E32A 		.ascii	"U\306\343*\343\275XZB8\276\272mQ\2367F\005\267\251\340"
 2755      E3BD585A 
 2755      4238BEBA 
 2755      6D519E37 
 2755      4605B7A9 
 2756 044e 3615DC18 		.ascii	"6\025\334\030K\267\020\211\356%\314\2049y+\217\005\214"
 2756      4BB71089 
 2756      EE25CC84 
 2756      39792B8F 
 2756      058C
 2757 0460 673BC069 		.ascii	"g;\300i\337x6\012\320\243\222\307\006\177\320\031\015"
 2757      DF78360A 
 2757      D0A392C7 
 2757      067FD019 
 2757      0D
 2758 0471 8480F32B 		.ascii	"\204\200\363+WV\021m@\317j\003zN\014h\363\223\366\275"
 2758      5756116D 
 2758      40CF6A03 
 2758      7A4E0C68 
 2758      F393F6BD 
 2759 0485 9AA7E7B4 		.ascii	"\232\247\347\264\320u\350\\\255]^\271%Ju\265\003\340"
 2759      D075E85C 
 2759      AD5D5EB9 
 2759      254A75B5 
 2759      03E0
 2760 0497 946AFD29 		.ascii	"\224j\375)\325\372\335\261t\230\033\265\265hC\227\231"
 2760      D5FADDB1 
 2760      74981BB5 
 2760      B5684397 
 2760      99
 2761 04a8 0F0FD239 		.ascii	"\017\017\3229i>\305N\343\276\005;\313\344\037\002\340"
 2761      693EC54E 
 2761      E3BE053B 
ARM GAS  C:\Users\nello\AppData\Local\Temp\ccK3poCU.s 			page 84


 2761      CBE41F02 
 2761      E0
 2762 04b9 7F18814E 		.ascii	"\177\030\201N@*\031\017hY\237wN\204\004o\300$\011.\001"
 2762      402A190F 
 2762      68599F77 
 2762      4E84046F 
 2762      C024092E 
 2763 04ce 7649F015 		.ascii	"vI\360\025\300\327\200D\017\366\214n3\250\266uj\266"
 2763      C0D78044 
 2763      0FF68C6E 
 2763      33A8B675 
 2763      6AB6
 2764 04e0 611D858B 		.ascii	"a\035\205\213\276\364\251[uy\2566\016\227\001.\250\306"
 2764      BEF4A95B 
 2764      7579AE36 
 2764      0E97012E 
 2764      A8C6
 2765 04f2 5D508D5B 		.ascii	"]P\215[\025Kk\251\204yi\344\313\217\211\237\261\250"
 2765      154B6BA9 
 2765      847969E4 
 2765      CB8F899F 
 2765      B1A8
 2766 0504 CDA44799 		.ascii	"\315\244G\231}\344\336\371\216\006\243\305\313\002U"
 2766      7DE4DEF9 
 2766      8E06A3C5 
 2766      CB0255
 2767 0513 3F274C52 		.ascii	"?'LR\302\004\327\000q\265\000\335\000W\231I\267\353"
 2767      C204D700 
 2767      71B500DD 
 2767      00579949 
 2767      B7EB
 2768 0525 C6A673D7 		.ascii	"\306\246s\327zD\346}\276r\333C\325\327\353\014Q\335"
 2768      7A44E67D 
 2768      BE72DB43 
 2768      D5D7EB0C 
 2768      51DD
 2769 0537 70F6140D 		.ascii	"p\366\024\015\221:\275\310vC\261\271\272$O\315\205^"
 2769      913ABDC8 
 2769      7643B1B9 
 2769      BA244FCD 
 2769      855E
 2770 0549 802BAAC1 		.ascii	"\200+\252\301WT\203\037\277DOp\303\376\246\306[LcY\353"
 2770      5754831F 
 2770      BF444F70 
 2770      C3FEA6C6 
 2770      5B4C6359 
 2771 055e 892EA26A 		.ascii	"\211.\242j\354\321\302t\033\331\276\021\303|\356Fy{"
 2771      ECD1C274 
 2771      1BD9BE11 
 2771      C37CEE46 
 2771      797B
 2772 0570 F4ABC52C 		.ascii	"\364\253\305,m\327n\352\001\021.\034\201\333\000}\252"
 2772      6DD76EEA 
 2772      01112E1C 
 2772      81DB007D 
 2772      AA
 2773 0581 F63E55FB 		.ascii	"\366>U\373\372\227\350\010\327~\356\356\252\331\006"
ARM GAS  C:\Users\nello\AppData\Local\Temp\ccK3poCU.s 			page 85


 2773      FA97E808 
 2773      D77EEEEE 
 2773      AAD906
 2774 0590 263770BB 		.ascii	"&7p\273g\036\237=^`\011pG\025\272\243\012\215\306\320"
 2774      671E9F3D 
 2774      5E600970 
 2774      4715BAA3 
 2774      0A8DC6D0 
 2775 05a4 79328BF1 		.ascii	"y2\213\361\217y\214\243\371\231D\213eFt\262\245\376"
 2775      8F798CA3 
 2775      F999448B 
 2775      654674B2 
 2775      A5FE
 2776 05b6 7194A53E 		.ascii	"q\224\245>0\276\017\0001\030\337\373\000\003\314\227"
 2776      30BE0F00 
 2776      3118DFFB 
 2776      0003CC97 
 2777 05c6 B3558F2F 		.ascii	"\263U\217/\011\357\036*S{\357\271\005\306P\371\211\365"
 2777      09EF1E2A 
 2777      537BEFB9 
 2777      05C650F9 
 2777      89F5
 2778 05d8 1B068573 		.ascii	"\033\006\205s\247\312O\277\301l\254\256\235+\302\212"
 2778      A7CA4FBF 
 2778      C16CACAE 
 2778      9D2BC28A 
 2779 05e8 8E3D02B8 		.ascii	"\216=\002\270\247\332xO\265\261%\206n\344\366\234\330"
 2779      A7DA784F 
 2779      B5B12586 
 2779      6EE4F69C 
 2779      D8
 2780 05f9 F1EC1FB9 		.ascii	"\361\354\037\271\314SM\006\375z\242\312<QeJch\015\227"
 2780      CC534D06 
 2780      FD7AA2CA 
 2780      3C51654A 
 2780      63680D97 
 2781 060d A95B3430 		.ascii	"\251[40\314\2038P\321\374\327\012Vd\331\350\015\253"
 2781      CC833850 
 2781      D1FCD70A 
 2781      5664D9E8 
 2781      0DAB
 2782 061f 22C3AA48 		.ascii	"\"\303\252HW4\255\343\"\371w\307\362\340\325b\257wh"
 2782      5734ADE3 
 2782      22F977C7 
 2782      F2E0D562 
 2782      AF7768
 2783 0632 776FE985 		.ascii	"wo\351\205q\207sK\3073\231\021Uf\204\037\350#\036\270"
 2783      7187734B 
 2783      C7339911 
 2783      5566841F 
 2783      E8231EB8 
 2784 0646 1FC118F0 		.ascii	"\037\301\030\360\203Ds\015L\374\362\360\326\263\221"
 2784      8344730D 
 2784      4CFCF2F0 
 2784      D6B391
 2785 0655 163E491A 		.ascii	"\026>I\032r\2502K\260\204\376\210\305\014K\313\267,"
 2785      72A8324B 
ARM GAS  C:\Users\nello\AppData\Local\Temp\ccK3poCU.s 			page 86


 2785      B084FE88 
 2785      C50C4BCB 
 2785      B72C
 2786 0667 668D1525 		.ascii	"f\215\025%{\010\217Y\016\3411\333^x\367jd\210\024\314"
 2786      7B088F59 
 2786      0EE131DB 
 2786      5E78F76A 
 2786      648814CC 
 2787 067b 2512CC26 		.ascii	"%\022\314&<d\275\027G\367\2051\273X\314\352c\010\336"
 2787      3C64BD17 
 2787      47F78531 
 2787      BB58CCEA 
 2787      6308DE
 2788 068e 8367AA51 		.ascii	"\203g\252Q\317\204Q\005\206\340\351\214\035_\016\216"
 2788      CF845105 
 2788      86E0E98C 
 2788      1D5F0E8E 
 2789 069e 5E31841A 		.ascii	"^1\204\032\222<\344\237'\370O\034\352\332\305\375\036"
 2789      923CE49F 
 2789      27F84F1C 
 2789      EADAC5FD 
 2789      1E
 2790 06af A8DA90B7 		.ascii	"\250\332\220\267\330\013\037\342M\230K|\012\346\362"
 2790      D80B1FE2 
 2790      4D984B7C 
 2790      0AE6F2
 2791 06be A24C8BB9 		.ascii	"\242L\213\271\202\2401\257:_\262\335\342sh\001\301\236"
 2791      82A031AF 
 2791      3A5FB2DD 
 2791      E2736801 
 2791      C19E
 2792 06d0 D3DDAB2B 		.ascii	"\323\335\253+\303B\245x\001\252\\(T\256=\371x\216\201"
 2792      C342A578 
 2792      01AA5C28 
 2792      54AE3DF9 
 2792      788E81
 2793 06e3 ABDCBB61 		.ascii	"\253\334\273a\036WY@ _U\231/TV\032$^\243\252\201\027"
 2793      1E575940 
 2793      205F5599 
 2793      2F54561A 
 2793      245EA3AA 
 2794 06f9 29AFA8A4 		.ascii	")\257\250\244\025\242p\375\202\377\016H\342\226\211"
 2794      15A270FD 
 2794      82FF0E48 
 2794      E29689
 2795 0708 D628E03E 		.ascii	"\326(\340>\211\0360H\364\0107\267\303\333\266\306\034"
 2795      891E3048 
 2795      F40837B7 
 2795      C3DBB6C6 
 2795      1C
 2796 0719 9CC9C544 		.ascii	"\234\311\305D\227\311\\\352\252D\333P\252\203K]\177"
 2796      97C95CEA 
 2796      AA44DB50 
 2796      AA834B5D 
 2796      7F
 2797 072a B87530DA 		.ascii	"\270u0\332\177\245^C\340\013\242\256\324\367\256\256"
 2797      7FA55E43 
ARM GAS  C:\Users\nello\AppData\Local\Temp\ccK3poCU.s 			page 87


 2797      E00BA2AE 
 2797      D4F7AEAE 
 2798 073a DC16A1AD 		.ascii	"\334\026\241\255\324x\307\267R\257eO%]\310t\2233\035"
 2798      D478C7B7 
 2798      52AF654F 
 2798      255DC874 
 2798      93331D
 2799 074d 7DD4FAB9 		.ascii	"}\324\372\271!X\177i\220\376\213\302x3\367\246^\242"
 2799      21587F69 
 2799      90FE8BC2 
 2799      7833F7A6 
 2799      5EA2
 2800 075f 0F916214 		.ascii	"\017\221b\024[\216\221-\310\027\356\336/\011\217KH@"
 2800      5B8E912D 
 2800      C817EEDE 
 2800      2F098F4B 
 2800      4840
 2801 0771 7BE6B085 		.ascii	"{\346\260\205H\202\365\004\312\010\3375T0\263`3\201"
 2801      4882F504 
 2801      CA08DF35 
 2801      5430B360 
 2801      3381
 2802 0783 4D2C68A8 		.ascii	"M,h\250j\250v\341\222FV\001\346D\260\362ZN\030\304g"
 2802      6AA876E1 
 2802      92465601 
 2802      E644B0F2 
 2802      5A4E18C4 
 2803 0798 5FA2C48C 		.ascii	"_\242\304\214`\260\352\305\2718\231\004fc\020f2\337"
 2803      60B0EAC5 
 2803      B9389904 
 2803      66631066 
 2803      32DF
 2804 07aa 1B3FBC76 		.ascii	"\033?\274v:\".H\351\301@\245\334\364v\211\3163Jt13\230"
 2804      3A222E48 
 2804      E9C140A5 
 2804      DCF47689 
 2804      CE334A74 
 2805 07c1 34AD1FFA 		.ascii	"4\255\037\372\206\372Gp\033\201*%\202t9"
 2805      86FA4770 
 2805      1B812A25 
 2805      827439
 2806 07d0 076DAA1E 		.ascii	"\007m\252\036\\j\362\007Uk \004\254\273\277?\317\240"
 2806      5C6AF207 
 2806      556B2004 
 2806      ACBBBF3F 
 2806      CFA0
 2807 07e2 85B94633 		.ascii	"\205\271F3q;O#y\354@\371\005\022\227\300+\001\267P\211"
 2807      713B4F23 
 2807      79EC40F9 
 2807      051297C0 
 2807      2B01B750 
 2808 07f7 2FEADAC1 		.ascii	"/\352\332\301-\334\251\304\244z\270\326\353\015\213"
 2808      2DDCA9C4 
 2808      A47AB8D6 
 2808      EB0D8B
 2809 0806 4039E6EB 		.ascii	"@9\346\353\216\020\276V<z\274Q\216\013b\252\366c\242"
 2809      8E10BE56 
ARM GAS  C:\Users\nello\AppData\Local\Temp\ccK3poCU.s 			page 88


 2809      3C7ABC51 
 2809      8E0B62AA 
 2809      F663A2
 2810 0819 A5E8E13A 		.ascii	"\245\350\341:l\233\260Uc\333#\274\275q\2660\240\262"
 2810      6C9BB055 
 2810      63DB23BC 
 2810      BD71B630 
 2810      A0B2
 2811 082b EF23B05F 		.ascii	"\357#\260_s\344\350\223m[\2425G\366k\372\017\260|iB"
 2811      73E4E893 
 2811      6D5BA235 
 2811      47F66BFA 
 2811      0FB07C69 
 2812 0840 A613D8CE 		.ascii	"\246\023\330\316p\266\363\203\345]\221!\266\001p\210"
 2812      70B6F383 
 2812      E55D9121 
 2812      B6017088 
 2813 0850 F8360237 		.ascii	"\3706\0027o\256*\013\327 \365\032\337a\306w\003\271"
 2813      6FAE2A0B 
 2813      D720F51A 
 2813      DF61C677 
 2813      03B9
 2814 0862 FAB13D62 		.ascii	"\372\261=b|\261\327\367\337^\007\011\361\011\342\217"
 2814      7CB1D7F7 
 2814      DF5E0709 
 2814      F109E28F 
 2815 0872 25C8D093 		.ascii	"%\310\320\223\253+~\322\224\353m\251\007LX\250%p40\""
 2815      AB2B7ED2 
 2815      94EB6DA9 
 2815      074C58A8 
 2815      25703430 
 2816 0887 81819018 		.ascii	"\201\201\220\030\004\303p\214\300\011\002\255\370\220"
 2816      04C3708C 
 2816      C00902AD 
 2816      F890
 2817 0895 41A09940 		.ascii	"A\240\231@\033\201#\004\216\263\3300\2115\233\212\242"
 2817      1B812304 
 2817      8EB3D830 
 2817      89359B8A 
 2817      A2
 2818 08a6 0A73289B 		.ascii	"\012s(\233\364\007C\2202\203\227\034\023\220\303\004"
 2818      F4074390 
 2818      3283971C 
 2818      1390C304 
 2819 08b6 EA9EA3F7 		.ascii	"\352\236\243\367\233r\225\245)4K\365\311|\221\273_\022"
 2819      9B7295A5 
 2819      29344BF5 
 2819      C97C91BB 
 2819      5F12
 2820 08c8 D8F31C45 		.ascii	"\330\363\034E\363\025E)\320\360\034=\303\232\236\306"
 2820      F3154529 
 2820      D0F01C3D 
 2820      C39A9EC6 
 2821 08d8 E790542A 		.ascii	"\347\220T*$\007\010\354\015\001\341\263u\022O\377\026"
 2821      240708EC 
 2821      0D01E1B3 
 2821      75124FFF 
ARM GAS  C:\Users\nello\AppData\Local\Temp\ccK3poCU.s 			page 89


 2821      16
 2822 08e9 4C0A9344 		.ascii	"L\012\223D\267\231\330\370\354\271\222\263.<\260\024"
 2822      B799D8F8 
 2822      ECB992B3 
 2822      2E3CB014 
 2823 08f9 9CD69702 		.ascii	"\234\326\227\002.9\236\356F\221\003\\\344\336\366\316"
 2823      2E399EEE 
 2823      4691035C 
 2823      E4DEF6CE 
 2824 0909 9B41D5A3 		.ascii	"\233A\325\243C/B\233\020|\334\304\224\216\207\377\345"
 2824      432F429B 
 2824      107CDCC4 
 2824      948E87FF 
 2824      E5
 2825 091a BF123DCD 		.ascii	"\277\022=\315\205gw\255\256\340\313\334\240\267\276"
 2825      856777AD 
 2825      AEE0CBDC 
 2825      A0B7BE
 2826 0929 B8D0A8CE 		.ascii	"\270\320\250\316\324\257\011\202P\376+\002\227\330\322"
 2826      D4AF0982 
 2826      50FE2B02 
 2826      97D8D2
 2827 0938 DC36BBE0 		.ascii	"\3346\273\340`\224\2267\235\232?\227\2112\215q\355\351"
 2827      60949637 
 2827      9D9A3F97 
 2827      89328D71 
 2827      EDE9
 2828 094a 443DDD8C 		.ascii	"D=\335\214\327\370\354\\G\273\311\"v\202\001\246]%\320"
 2828      D7F8EC5C 
 2828      47BBC922 
 2828      768201A6 
 2828      5D25D0
 2829 095d 8D1AAE11 		.ascii	"\215\032\256\021\350!\354\024\253\362\350?\340\021\265"
 2829      E821EC14 
 2829      ABF2E83F 
 2829      E011B5
 2830 096c 947EDBBE 		.ascii	"\224~\333\276Ix_\037\032\217\230+_\224|\246[A\257k\226"
 2830      49785F1F 
 2830      1A8F982B 
 2830      5F947CA6 
 2830      5B41AF6B 
 2831 0981 DC6019DC 		.ascii	"\334`\031\334\213&\364s\327\266\356.X/\373\317\255\233"
 2831      8B26F473 
 2831      D7B6EE2E 
 2831      582FFBCF 
 2831      AD9B
 2832 0993 04FA7C2B 		.ascii	"\004\372|+\311\010\007\2256\356?\031\260\334\334\322"
 2832      C9080795 
 2832      36EE3F19 
 2832      B0DCDCD2 
 2833 09a3 400828EC 		.ascii	"@\010(\354\274#k\332\276\321\264\335f\332\362\315\302"
 2833      BC236BDA 
 2833      BED1B4DD 
 2833      66DAF2CD 
 2833      C2
 2834 09b4 F79FF351 		.ascii	"\367\237\363Q\271Jh\241\3221^,\307\204.S:\306\321\225"
 2834      B94A68A1 
ARM GAS  C:\Users\nello\AppData\Local\Temp\ccK3poCU.s 			page 90


 2834      D2315E2C 
 2834      C7842E53 
 2834      3AC6D195 
 2835 09c8 665C05CC 		.ascii	"f\\\005\314\214\263\377\310\255\023\221\301k\373#\375"
 2835      8CB3FFC8 
 2835      AD1391C1 
 2835      6BFB23FD 
 2836 09d8 DA4E3729 		.ascii	"\332N7)\202?\240\225(X\243\\\305\320\235x\265\007\333"
 2836      823FA095 
 2836      2858A35C 
 2836      C5D09D78 
 2836      B507DB
 2837 09eb 3E6C07B1 		.ascii	">l\007\261\325ck\304\326\312\250\277w\252\356\336}\222"
 2837      D5636BC4 
 2837      D6CAA8BF 
 2837      77AAEEDE 
 2837      7D92
 2838 09fd 901097A0 		.ascii	"\220\020\227\240\233\264]\033\273\257\274\336(&\355"
 2838      9BB45D1B 
 2838      BBAFBCDE 
 2838      2826ED
 2839 0a0c 63024FB1 		.ascii	"c\002O\261DS\325\215!\242N\215\241Ebj \006\023W\207"
 2839      4453D58D 
 2839      21A24E8D 
 2839      A145626A 
 2839      20061357 
 2840 0a21 51135F59 		.ascii	"Q\023_Y\315\357\023\030`\233\014\016B\203\347P\230O"
 2840      CDEF1318 
 2840      609B0C0E 
 2840      4283E750 
 2840      984F
 2841 0a33 61018579 		.ascii	"a\001\205y\024\012(\344Q\310\245\260\210\302B\012\371"
 2841      140A28E4 
 2841      51C8A5B0 
 2841      88C2420A 
 2841      F9
 2842 0a44 54594647 		.ascii	"TYFG4\362o\375\014(#Zay\246\201F\375@#:\320\260\006"
 2842      34F26FFD 
 2842      0C28235A 
 2842      6179A681 
 2842      46FD4023 
 2843 0a5c F20699A9 		.ascii	"\362\006\231\251`\012\226\250\230A?\242\207:\242\247"
 2843      600A96A8 
 2843      98413FA2 
 2843      873AA2A7 
 2844 0a6c 1AD158B0 		.ascii	"\032\321X\260I\"&\3635\242'\301D\0023\252\361<\013\266"
 2844      492226F3 
 2844      35A227C1 
 2844      440233AA 
 2844      F13C0BB6 
 2845 0a80 5A60C634 		.ascii	"Z`\3064\314pp\374\321 \272$L\242Ea,=\206\362z6G\371"
 2845      CC7070FC 
 2845      D120BA24 
 2845      4CA24561 
 2845      2C3D86F2 
 2846 0a98 E7E4120A 		.ascii	"\347\344\022\012\205T\315\311\325\275W\357\351\212B"
 2846      8554CDC9 
ARM GAS  C:\Users\nello\AppData\Local\Temp\ccK3poCU.s 			page 91


 2846      D5BD57EF 
 2846      E98A42
 2847 0aa7 A1C6F619 		.ascii	"\241\306\366\031\206\233\256e,\306/JN\344P\314\004\006"
 2847      869BAE65 
 2847      2CC62F4A 
 2847      4EE450CC 
 2847      0406
 2848 0ab9 6B39B598 		.ascii	"k9\265\230/F\237QXL\341\363\020#;p\254\352w\205b\324"
 2848      2F469F51 
 2848      584CE1F3 
 2848      10233B70 
 2848      ACEA7785 
 2849 0acf 1F108610 		.ascii	"\037\020\206\020c\254\006U\033\374\273\004\356\340\340"
 2849      63AC0655 
 2849      1BFCBB04 
 2849      EEE0E0
 2850 0ade 17711E1C 		.ascii	"\027q\036\034\374\245\024\226Q_)\217\020\363@\242[\320"
 2850      FCA51496 
 2850      515F298F 
 2850      10F340A2 
 2850      5BD0
 2851 0af0 9B2A6CBB 		.ascii	"\233*l\273\271G\253\017\366{\003\352\365*\212\233Ze"
 2851      B947AB0F 
 2851      F67B03EA 
 2851      F52A8A9B 
 2851      5A65
 2852 0b02 2AB67050 		.ascii	"*\266pP\357\346\243\375\020\260w\322@\354\231\253\276"
 2852      EFE6A3FD 
 2852      10B077D2 
 2852      40EC99AB 
 2852      BE
 2853 0b13 E3A051B7 		.ascii	"\343\240Q\267w\322\334X\313\334\356d,\346m\237\037\357"
 2853      77D2DC58 
 2853      CBDCEE64 
 2853      2CE66D9F 
 2853      1FEF
 2854 0b25 33B3FC17 		.ascii	"3\263\374\027\373\231m\276\375\314Z\312\352\367\227"
 2854      FB996DBE 
 2854      FDCC5ACA 
 2854      EAF797
 2855 0b34 CF4FEA15 		.ascii	"\317O\352\025\024\226Sn\327\227\334\257R\012\353(\224"
 2855      1496536E 
 2855      D797DCAF 
 2855      520AEB28 
 2855      94
 2856 0b45 F9F2B74A 		.ascii	"\371\362\267J\331\363 Oy\020\217H\250\201\3322\021\346"
 2856      D9F3204F 
 2856      79108F48 
 2856      A881DA32 
 2856      11E6
 2857 0b57 95044AA8 		.ascii	"\225\004J\250\036\243$\024\333UW\017\226\032\343\202"
 2857      1EA32414 
 2857      DB55570F 
 2857      961AE382 
 2858 0b67 B4AE09A1 		.ascii	"\264\256\011\241\225vc\374nr\247n~[\321\035\311\012"
 2858      957663FC 
 2858      6E72A76E 
ARM GAS  C:\Users\nello\AppData\Local\Temp\ccK3poCU.s 			page 92


 2858      7E5BD11D 
 2858      C90A
 2859 0b79 B197D7E0 		.ascii	"\261\227\327\340\372K\011J\015\336\205\273\022\012\025"
 2859      FA4B094A 
 2859      0DDE85BB 
 2859      120A15
 2860 0b88 DFE595C4 		.ascii	"\337\345\225\304 \310^Na3\205MT\024\335\352\316\015"
 2860      20C85E4E 
 2860      6133854D 
 2860      5414DDEA 
 2860      CE0D
 2861 0b9a 5EEED37A 		.ascii	"^\356\323z4\231\263\370\320*K\365E\005\262\205\300\006"
 2861      3499B3F8 
 2861      D02A4BF5 
 2861      4505B285 
 2861      C006
 2862 0bac 0E11F5C1 		.ascii	"\016\021\365\301\007\241\375\314\276W\363\373\013*!"
 2862      07A1FDCC 
 2862      BE57F3FB 
 2862      0B2A21
 2863 0bbb 41FFC716 		.ascii	"A\377\307\026 \226V\2277\030\230\235(XLao\240\006\026"
 2863      20965697 
 2863      3718989D 
 2863      28584C61 
 2863      6FA00616 
 2864 0bcf B49123A2 		.ascii	"\264\221#\242P\336&\320K\030\304\347J\227n\026\346\211"
 2864      50DE26D0 
 2864      4B18C4E7 
 2864      4A976E16 
 2864      E689
 2865 0be1 E0DF2070 		.ascii	"\340\337 p%\030\243D\277\252\274(\262\032W\2043\004"
 2865      2518A344 
 2865      BFAABC28 
 2865      B21A5784 
 2865      3304
 2866 0bf3 DA398855 		.ascii	"\3329\210U\017\011N1\310I\302\275\271\275I\363\206C"
 2866      0F094E31 
 2866      C849C2BD 
 2866      B9BD49F3 
 2866      8643
 2867 0c05 7CDEAC23 		.ascii	"|\336\254#\252\307w5\217\373\3750E\232=\233\233\347"
 2867      AAC77735 
 2867      8FFBFD30 
 2867      459A3D9B 
 2867      9BE7
 2868 0c17 79637222 		.ascii	"ycr\"\340<\356\253\002U\235\025\252.*\373\014\254\374"
 2868      E03CEEAB 
 2868      02559D15 
 2868      AA2E2AFB 
 2868      0CACFC
 2869 0c2a BBFD4CDE 		.ascii	"\273\375L\336\252\322\014\314o\025\256\343Nj\265\037"
 2869      AAD20CCC 
 2869      6F15AEE3 
 2869      4E6AB51F 
 2870 0c3a 66956E95 		.ascii	"f\225n\225Z\275P\020\245\300\026\252\307,\327\271^\260"
 2870      5ABD5010 
 2870      A5C016AA 
ARM GAS  C:\Users\nello\AppData\Local\Temp\ccK3poCU.s 			page 93


 2870      C72CD7B9 
 2870      5EB0
 2871 0c4c A5C89778 		.ascii	"\245\310\227x+H\020H\330<\254m|J\202\225\011\203V6\013"
 2871      2B481048 
 2871      D83CAC6D 
 2871      7C4A8295 
 2871      09835636 
 2872 0c61 9ECB042E 		.ascii	"\236\313\004.\372aN\221\200\274ZF`)\341\357\252\366"
 2872      FA614E91 
 2872      80BC5A46 
 2872      6029E1EF 
 2872      AAF6
 2873 0c73 F2CCDA8A 		.ascii	"\362\314\332\212;\035\0125\024*)l\303\036\024\245\260"
 2873      3B1D0A35 
 2873      142A296C 
 2873      C31E14A5 
 2873      B0
 2874 0c84 9D421585 		.ascii	"\235B\025\205\035\024\366S\250\246\260\207\302N\012"
 2874      1D14F653 
 2874      A8A6B087 
 2874      C24E0A
 2875 0c93 BB29EC52 		.ascii	"\273)\354R&\325\300Ze\310\360\001\360B`\034\305\242"
 2875      26D5C05A 
 2875      65C8F001 
 2875      F042601C 
 2875      C5A2
 2876 0ca5 537D5931 		.ascii	"S}Y1\0333\27528\216\012\350\2262f\270\"\335\343 \261"
 2876      1B33BD32 
 2876      388E0AE8 
 2876      963266B8 
 2876      22DDE320 
 2877 0cba 4869C505 		.ascii	"Hi\305\005g\336\243\205gV\230\343\202<8\363\377\367"
 2877      67DEA385 
 2877      675698E3 
 2877      823C38F3 
 2877      FFF7
 2878 0ccc 803EC009 		.ascii	"\200>\300\011:\314\327\256\213\313\317\256\011X\273"
 2878      3ACCD7AE 
 2878      8BCBCFAE 
 2878      0958BB
 2879 0cdb 0E51A8F7 		.ascii	"\016Q\250\367-pK,|\263\277s\333\337qL\275\017sX\303"
 2879      2D704B2C 
 2879      7CB3BF73 
 2879      DBDF714C 
 2879      BD0F7358 
 2880 0cf0 E0FD0D07 		.ascii	"\340\375\015\007\272\266\353\226\365\006\315\327F\252"
 2880      BAB6EB96 
 2880      F506CDD7 
 2880      46AA
 2881 0cfe ACAF93E8 		.ascii	"\254\257\223\350z\013n\027\261\325`\333\315i\353r\367"
 2881      7A0B6E17 
 2881      B1D560DB 
 2881      CD69EB72 
 2881      F7
 2882 0d0f 2D0C0BDE 		.ascii	"-\014\013\336M\264P\277w.\362\241\331s\027\020^\016"
 2882      4DB450BF 
 2882      772EF2A1 
ARM GAS  C:\Users\nello\AppData\Local\Temp\ccK3poCU.s 			page 94


 2882      D9731710 
 2882      5E0E
 2883 0d21 6A97EDCE 		.ascii	"j\227\355\316yC\254\212\307(4Sh\015U\020\374\036f\216"
 2883      7943AC8A 
 2883      C7283453 
 2883      680D5510 
 2883      FC1E668E 
 2884 0d35 7210B21D 		.ascii	"r\020\262\035\347\216\367s\305\237-\337\030\026\374"
 2884      E78EF773 
 2884      C59F2DDF 
 2884      1816FC
 2885 0d44 DC73C21F 		.ascii	"\334s\302\037\372\320\302,\377\223\372\256\350OX\352"
 2885      FAD0C22C 
 2885      FF93FAAE 
 2885      E84F58EA 
 2886 0d54 46B8F8FA 		.ascii	"F\270\370\372y\227\306B<\341\236f\030\024o\247p\212"
 2886      7997C642 
 2886      3CE19E66 
 2886      18146FA7 
 2886      708A
 2887 0d66 D2B9E112 		.ascii	"\322\271\341\022]\024\316\236\330\326\265\254Ym\211"
 2887      5D14CE9E 
 2887      D8D6B5AC 
 2887      596D89
 2888 0d75 0B7E903D 		.ascii	"\013~\220=G\241\203\353;\257,k\265\270@\376W\016wO\254"
 2888      47A183EB 
 2888      3BAF2C6B 
 2888      B5B840FE 
 2888      570E774F 
 2889 0d8a 5A1D41AB 		.ascii	"Z\035A\253\326J\306HZ\026\256(\214\016~H\275\340G(\366"
 2889      D64AC648 
 2889      5A16AE28 
 2889      8C0E7E48 
 2889      BDE04728 
 2890 0d9f 7140D7A3 		.ascii	"q@\327\243![\260\355\344\242;r\327.\215\010\266\275"
 2890      215BB0ED 
 2890      E4A23B72 
 2890      D72E8D08 
 2890      B6BD
 2891 0db1 531F735A 		.ascii	"S\037sZ\207\360&\016?z\346\330\203\200\364\270B\341"
 2891      87F0260E 
 2891      3F7AE6D8 
 2891      8380F4B8 
 2891      42E1
 2892 0dc3 AA2F3DCE 		.ascii	"\252/=\316\010\316o\3664\033\375A\335\032\010\001\203"
 2892      08CE6FF6 
 2892      341BFD41 
 2892      DD1A0801 
 2892      83
 2893 0dd4 5FE46F30 		.ascii	"_\344o0i\371qM\033\265\036V\377\2561\026\363\320\263"
 2893      69F9714D 
 2893      1BB51E56 
 2893      FFAE3116 
 2893      F3D0B3
 2894 0de7 B1028356 		.ascii	"\261\002\203V\377N\225)\365\357!\300u\012\275A5)\250"
 2894      FF4E9529 
 2894      F5EF21C0 
ARM GAS  C:\Users\nello\AppData\Local\Temp\ccK3poCU.s 			page 95


 2894      750ABD41 
 2894      3529A8
 2895 0dfa 145DE128 		.ascii	"\024]\341(t\242\217\302M\0127|s\365d\243(n=\274\000"
 2895      74A28FC2 
 2895      4D0A377C 
 2895      73F564A3 
 2895      286E3DBC 
 2896 0e0f F686DC76 		.ascii	"\366\206\334v\265)E\262\207\027\333\336\300\264b\257"
 2896      B52945B2 
 2896      8717DBDE 
 2896      C0B462AF 
 2897 0e1f DC5B6E5D 		.ascii	"\334[n]\261\004\327\277\356\020Ji\037\306o\014[~\004"
 2897      B104D7BF 
 2897      EE104A69 
 2897      1FC66F0C 
 2897      5B7E04
 2898 0e32 93DC7D63 		.ascii	"\223\334}c\365E\213\345j\320\223J?\365{R1\237\333\272"
 2898      F5458BE5 
 2898      6AD0934A 
 2898      3FF57B52 
 2898      319FDBBA 
 2899 0e46 268FEF80 		.ascii	"&\217\357\200E\255\364\356OX\346\345\265\362\026\205"
 2899      45ADF4EE 
 2899      4F58E6E5 
 2899      B5F21685 
 2900 0e56 2E0A0381 		.ascii	".\012\003\2015\250\233\255\215ehw1b\356`\035\342\030"
 2900      35A89BAD 
 2900      8D656877 
 2900      3162EE60 
 2900      1DE218
 2901 0e69 5FC28CF8 		.ascii	"_\302\214\370E\351\007\022\\\242l\313\006\337p\024\252"
 2901      45E90712 
 2901      5CA26CCB 
 2901      06DF7014 
 2901      AA
 2902 0e7a BD8B5B25 		.ascii	"\275\213[%\\u|\333\204\333J\004.S\370\232C\002\267\271"
 2902      5C757CDB 
 2902      84DB4A04 
 2902      2E53F89A 
 2902      4302B7B9 
 2903 0e8e B4887BB3 		.ascii	"\264\210{\263cNi\223!.\210\366A\010Z\361\232\012hE\004"
 2903      634E6993 
 2903      212E88F6 
 2903      41085AF1 
 2903      9A0A6845 
 2904 0ea3 3E24623B 		.ascii	">$b;\300\010\214\207\033\212\027\261qfC\323\246\324"
 2904      C0088C87 
 2904      1B8A17B1 
 2904      716643D3 
 2904      A6D4
 2905 0eb5 9173004F 		.ascii	"\221s\000O(\014\007+\325\342=H\231K\360\230\303P\317"
 2905      280C072B 
 2905      D5E23D48 
 2905      994BF098 
 2905      C350CF
 2906 0ec8 53D4ABCC 		.ascii	"S\324\253\314\233\201c[>b,b70\034\030'\332\304\015_"
 2906      9B81635B 
ARM GAS  C:\Users\nello\AppData\Local\Temp\ccK3poCU.s 			page 96


 2906      3E622C62 
 2906      37301C18 
 2906      27DAC40D 
 2907 0edd B4F374A3 		.ascii	"\264\363t\243!.\210p$\220\220\236FS;\260\335\340bE\017"
 2907      212E8870 
 2907      2490909E 
 2907      46533BB0 
 2907      DDE06245 
 2908 0ef2 CB1E4446 		.ascii	"\313\036DF\\}\316S\033N\357\355%\007\346\205%\304\341"
 2908      5C7DCE53 
 2908      1B4EEFED 
 2908      2507E685 
 2908      25C4E1
 2909 0f05 680CD5DD 		.ascii	"h\014\325\335\354\256\231\244lp\2742\214Q\230-\177\327"
 2909      ECAE99A4 
 2909      6C70BC32 
 2909      8C51982D 
 2909      7FD7
 2910 0f17 02F52D07 		.ascii	"\002\365-\007\241\376\034\366F\221\256\212dJ\353k\357"
 2910      A1FE1CF6 
 2910      4691AE8A 
 2910      644AEB6B 
 2910      EF
 2911 0f28 6FB704AF 		.ascii	"o\267\004\257P\271\262\036\273\232\306\226yo\237\213"
 2911      50B9B21E 
 2911      BB9AC696 
 2911      796F9F8B 
 2912 0f38 529F9944 		.ascii	"R\237\231D\336\024^x]\311\233\213\024\316\342\243\215"
 2912      DE145E78 
 2912      5DC99B8B 
 2912      14CEE2A3 
 2912      8D
 2913 0f49 ACE6C440 		.ascii	"\254\346\304@`N\024\022XB\370\323\345<\316;_\206|\031"
 2913      604E1412 
 2913      5842F8D3 
 2913      E53CCE3B 
 2913      5F867C19 
 2914 0f5d E6CAB050 		.ascii	"\346\312\260P\206<\031\012dX \303\"Y\331u\235P\036\005"
 2914      863C190A 
 2914      645820C3 
 2914      2259D975 
 2914      9D501E05 
 2915 0f71 DA281CE1 		.ascii	"\332(\034\341\274>\327\232\250V\321\326V\212\2126J\341"
 2915      BC3ED79A 
 2915      A856D1D6 
 2915      568A8A36 
 2915      4AE1
 2916 0f83 11078938 		.ascii	"\021\007\2118\353\267f\233\031\204%\355C\012_q\214H"
 2916      EBB7669B 
 2916      198425ED 
 2916      430A5F71 
 2916      8C48
 2917 0f95 227DD256 		.ascii	"\"}\322V_Vx\016\342v\235"
 2917      5F56780E 
 2917      E2769D
 2918 0fa0 9B27CA9E 		.ascii	"\233'\312\236\262\233Q\246m\235b\321\031\012'\203-\022"
 2918      B29B51A6 
ARM GAS  C:\Users\nello\AppData\Local\Temp\ccK3poCU.s 			page 97


 2918      6D9D62D1 
 2918      190A2783 
 2918      2D12
 2919 0fb2 5B834B6D 		.ascii	"[\203Km\"\307\032)\324\371a\212Te\003\267*\005f\216"
 2919      22C71A29 
 2919      D4F9618A 
 2919      546503B7 
 2919      2A05668E 
 2920 0fc6 0CCFFC30 		.ascii	"\014\317\3740\237iexu\363\275{\346\270\240\330\335\372"
 2920      9F696578 
 2920      75F3BD7B 
 2920      E6B8A0D8 
 2920      DDFA
 2921 0fd8 EED8A1F0 		.ascii	"\356\330\241\360\262\363\213\367D\274\316\336\263w."
 2921      B2F38BF7 
 2921      44BCCEDE 
 2921      B3772E
 2922 0fe7 C96F0DCF 		.ascii	"\311o\015\317\3616\374\000\026\313\260\230\277`\022"
 2922      F136FC00 
 2922      16CBB098 
 2922      BF6012
 2923 0ff6 4C125E49 		.ascii	"L\022^I\037\327F#\372\370"
 2923      1FD74623 
 2923      FAF8
 2924 1000 818235BA 		.ascii	"\201\2025\2727\005[\264\234+\2249\335\256\273\243\325"
 2924      37055BB4 
 2924      9C2B9439 
 2924      DDAEBBA3 
 2924      D5
 2925 1011 06F56B10 		.ascii	"\006\365k\020\226W\325^L\226D\230\304^\003\227==@c\205"
 2925      9657D55E 
 2925      4C964498 
 2925      C45E0397 
 2925      3D3D4063 
 2926 1026 B9FF03DD 		.ascii	"\271\377\003\335D}%]$s\230(\313FD\226\357\235\337\032"
 2926      447D255D 
 2926      24739828 
 2926      CB464496 
 2926      EF9DDF1A 
 2927 103a 168A6C19 		.ascii	"\026\212l\031'[*s\244\211\317\346_\260\367\341=\275"
 2927      275B2A73 
 2927      A489CFE6 
 2927      5FB0F7E1 
 2927      3DBD
 2928 104c 0DD17AE6 		.ascii	"\015\321z\346\3452|\216\204\260B\3462X\346#\361I\237"
 2928      E5327C8E 
 2928      84B042E6 
 2928      3258E623 
 2928      F1499F
 2929 105f 27F2C286 		.ascii	"'\362\302\206\3065Fvo\2450\274p\376\271\267\370\233"
 2929      C6354676 
 2929      6FA530BC 
 2929      70FEB9B7 
 2929      F89B
 2930 1071 F3C7E253 		.ascii	"\363\307\342S\300W\213V\346\233B|\012X\203T\253e\345"
 2930      C0578B56 
 2930      E69B427C 
ARM GAS  C:\Users\nello\AppData\Local\Temp\ccK3poCU.s 			page 98


 2930      0A588354 
 2930      AB65E5
 2931 1084 0BDAAABB 		.ascii	"\013\332\252\2735#\023\032s\275\025^oa\013\301{P,\363"
 2931      3523131A 
 2931      73BD155E 
 2931      6F610BC1 
 2931      7B502CF3 
 2932 1098 DA02ABF0 		.ascii	"\332\002\253\360a\212]\371\276k,\210\243\371QAz\031"
 2932      618A5DF9 
 2932      BE6B2C88 
 2932      A3F95141 
 2932      7A19
 2933 10aa 496DD7C6 		.ascii	"Im\327\306\232\245&\361]\351p<\373\302\271V\341(\221"
 2933      9AA526F1 
 2933      5DE9703C 
 2933      FBC2B956 
 2933      E12891
 2934 10bd A154C62B 		.ascii	"\241T\306+\037GN\034]\032\232\243\372\320\336,\305\006"
 2934      1F474E1C 
 2934      5D1A9AA3 
 2934      FAD0DE2C 
 2934      C506
 2935 10cf 94FF5291 		.ascii	"\224\377R\221_'C\231\214W>\371\241XZ\022%\321\315Q\""
 2935      5F274399 
 2935      8C573EF9 
 2935      A1585A12 
 2935      25D1CD51 
 2936 10e4 C2E1EC2B 		.ascii	"\302\341\354+U\307\331\353!\207\253\234Gx\243\214\230"
 2936      55C7D9EB 
 2936      2187AB9C 
 2936      4778A38C 
 2936      98
 2937 10f5 8285CD83 		.ascii	"\202\205\315\203\006}T\325\007 \231\343\230EO\277,\336"
 2937      067D54D5 
 2937      072099E3 
 2937      98454FBF 
 2937      2CDE
 2938 1107 15A562AE 		.ascii	"\025\245b\256\007c^_\306?\374ve\344\224\326\347\214"
 2938      07635E5F 
 2938      C63FFC76 
 2938      65E494D6 
 2938      E78C
 2939 1119 834D326C 		.ascii	"\203M2l\220\341$\250\270\3652d~\334\036\213T9\027/\\"
 2939      90E124A8 
 2939      B8F53264 
 2939      7EDC1E8B 
 2939      5439172F 
 2940 112e D295E483 		.ascii	"\322\225\344\203\332\322\273\205\373\205\220\271W\207"
 2940      DAD2BB85 
 2940      FB8590B9 
 2940      5787
 2941 113c 5FD1108B 		.ascii	"_\321\020\213\265I\261UXS\372\364\346\2030\015\320\253"
 2941      B549B155 
 2941      5853FAF4 
 2941      E683300D 
 2941      D0AB
 2942 114e 7DBBAD14 		.ascii	"}\273\255\024\200\376]\327+u\257\240:4\3006\0018\336"
ARM GAS  C:\Users\nello\AppData\Local\Temp\ccK3poCU.s 			page 99


 2942      80FE5DD7 
 2942      2B75AFA0 
 2942      3A34C036 
 2942      0138DE
 2943 1161 593DA2FB 		.ascii	"Y=\242\373\234\337\252\001\252\004\340I\327\336f\252"
 2943      9CDFAA01 
 2943      AA04E049 
 2943      D7DE66AA 
 2944 1171 019A3440 		.ascii	"\001\2324@\265\000\214\014\214\025\351T\344i3\245F\000"
 2944      B5008C0C 
 2944      8C15E954 
 2944      E46933A5 
 2944      4600
 2945 1183 72DB6E2E 		.ascii	"r\333n.\324}`\316\325\275Og\231\272C\031%\013\317\356"
 2945      D47D60CE 
 2945      D5BD4F67 
 2945      99BA4319 
 2945      250BCFEE 
 2946 1197 767111C6 		.ascii	"vq\021\306\366\246O\316\037\244\241\206l\017\037\262"
 2946      F6A64FCE 
 2946      1FA4A186 
 2946      6C0F1FB2 
 2947 11a7 DD32DFF7 		.ascii	"\3352\337\367t\216F\351\207l\227\014;Y\302\324\312\034"
 2947      748E46E9 
 2947      876C970C 
 2947      3B59C2D4 
 2947      CA1C
 2948 11b9 C7F46FAC 		.ascii	"\307\364o\254\351-\246\372!\013\304\260!\253\355\\\273"
 2948      E92DA6FA 
 2948      210BC4B0 
 2948      21ABED5C 
 2948      BB
 2949 11ca F5B539C5 		.ascii	"\365\2659\305X2\366\362\021\353\007\025\266\203\215"
 2949      5832F6F2 
 2949      11EB0715 
 2949      B6838D
 2950 11d9 D88597D8 		.ascii	"\330\205\227\330\027\312\252\316f\335;\362\313Z,\366"
 2950      17CAAACE 
 2950      66DD3BF2 
 2950      CB5A2CF6 
 2951 11e9 0B55154B 		.ascii	"\013U\025K\212\357\353V\215\026\015p@\000Z\347\217\344"
 2951      8AEFEB56 
 2951      8D160D70 
 2951      40005AE7 
 2951      8FE4
 2952 11fb E806AC40 		.ascii	"\350\006\254@\213\305A\026\213:%\026\221<\026}L\242"
 2952      8BC54116 
 2952      8B3A2516 
 2952      913C167D 
 2952      4CA2
 2953 120d A7B3668D 		.ascii	"\247\263f\215)T\024\016\363(,\247\354\353\346\372\305"
 2953      2954140E 
 2953      F3282CA7 
 2953      ECEBE6FA 
 2953      C5
 2954 121e ED61FA28 		.ascii	"\355a\372(\324\313p\210\231\336 s\034\343\371zEw\236"
 2954      D4CB7088 
ARM GAS  C:\Users\nello\AppData\Local\Temp\ccK3poCU.s 			page 100


 2954      99DE2073 
 2954      1CE3F97A 
 2954      45779E
 2955 1231 451F8540 		.ascii	"E\037\205@\014\213B\365\226r\357\374\030L\333F\036\204"
 2955      0C8B42F5 
 2955      9672EFFC 
 2955      184CDB46 
 2955      1E84
 2956 1243 A7A0A2EA 		.ascii	"\247\240\242\352X\020rb$:\371-),\331\2251\375m\307\204"
 2956      58107262 
 2956      243AF92D 
 2956      292CD995 
 2956      31FD6DC7 
 2957 1258 0CC96273 		.ascii	"\014\311bs\272<\216\231\0232\336\224\242m\251\326\277"
 2957      BA3C8E99 
 2957      1332DE94 
 2957      A26DA9D6 
 2957      BF
 2958 1269 663BB21D 		.ascii	"f;\262\035\326\264L\267\303\345ym\342\304D\374\267\245"
 2958      D6B44CB7 
 2958      C3E5796D 
 2958      E2C444FC 
 2958      B7A5
 2959 127b A67D92E6 		.ascii	"\246}\222\346tO\231<yr\242\323\235\350\362$\272]6\354"
 2959      744F993C 
 2959      7972A2D3 
 2959      9DE8F224 
 2959      BA5D36EC 
 2960 128f CD70A74C 		.ascii	"\315p\247L\264\231\337\377\335\037\306\275;\371m\351"
 2960      B499DFFF 
 2960      DD1FC6BD 
 2960      3BF96DE9 
 2961 129f 25A563A2 		.ascii	"%\245c\242-y\312\233\2378&M\222\314>:\213\312\353\231"
 2961      2D79CA9B 
 2961      9F38264D 
 2961      92CC3E3A 
 2961      8BCAEB99 
 2962 12b3 F0EE2FFF 		.ascii	"\360\356/\377\374.\343K\362d\333\323\234\177\236\341"
 2962      FC2EE34B 
 2962      F264DBD3 
 2962      9C7F9EE1 
 2963 12c3 747DEACE 		.ascii	"t}\352\316J\2669\254\331\250\361\317\357;\334\236l\227"
 2963      4AB639AC 
 2963      D9A8F1CF 
 2963      EF3BDC9E 
 2963      6C97
 2964 12d5 E3B7CE94 		.ascii	"\343\267\316\2244\333\3647\245\237>\317\200\264L[z\266"
 2964      34DBF437 
 2964      A59F3ECF 
 2964      80B44C5B 
 2964      7AB6
 2965 12e7 DD8177D2 		.ascii	"\335\201w\322\323\334\036\367\304T)^\3251-m\232\323"
 2965      D3DC1EF7 
 2965      C454295E 
 2965      D5312D6D 
 2965      9AD3
 2966 12f9 EA726438 		.ascii	"\352rd8\247;\302l\251I\263\334\277u\332>\035\377\335"
ARM GAS  C:\Users\nello\AppData\Local\Temp\ccK3poCU.s 			page 101


 2966      A73BC26C 
 2966      A949B3DC 
 2966      BF75DA3E 
 2966      1DFFDD
 2967 130c 4CEE598C 		.ascii	"L\356Y\214'\234\213\374!3\035\205\"m\251\277O\265\277"
 2967      279C8BFC 
 2967      21331D85 
 2967      226DA9BF 
 2967      4FB5BF
 2968 131f EFF02439 		.ascii	"\357\360$9\322\247}\214dVO\252\313\221l7\213\203\325"
 2968      D2A77D8C 
 2968      64564FAA 
 2968      CB916C37 
 2968      8B83D5
 2969 1332 F3F3EF66 		.ascii	"\363\363\357f\025P\306\214\321\375\300\2352\325\375"
 2969      1550C68C 
 2969      D1FDC09D 
 2969      32D5FD
 2970 1341 A123D39E 		.ascii	"\241#\323\236\226\2312\325`\375\265\323\231\376\002"
 2970      969932D5 
 2970      60FDB5D3 
 2970      99FE02
 2971 1350 86B1B0A6 		.ascii	"\206\261\260\246J\221\\\374#G\272#\331\355H2`\247\325"
 2971      4A915CFC 
 2971      2347BA23 
 2971      D9ED4832 
 2971      60A7D5
 2972 1363 13C6FB92 		.ascii	"\023\306\373\222\2200\341\005\206\012\207\232\301\377"
 2972      9030E105 
 2972      860A879A 
 2972      C1FF
 2973 1371 989CE649 		.ascii	"\230\234\346IzI=\375}Z\206\303\231\355I\212D\377\323"
 2973      7A493DFD 
 2973      7D5A86C3 
 2973      99ED498A 
 2973      44FFD3
 2974 1384 323D0ED7 		.ascii	"2=\016\327\364\344t\253G@?t\246\247'E\350\025\343E\222"
 2974      F4E474AB 
 2974      47403F74 
 2974      A6A72745 
 2974      E815E345 
 2975 1399 2DF58FC9 		.ascii	"-\365\217\311\237:\262\263\222~\362\002A\265\245\332"
 2975      9F3AB2B3 
 2975      927EF202 
 2975      41B5A5DA 
 2976 13a9 85F128F6 		.ascii	"\205\361(\366\2763)\335\341\310J2{\334\236d\017fC8\357"
 2976      BE3329DD 
 2976      E1C84A32 
 2976      7BDC9E64 
 2976      0F664338 
 2977 13be FE080334 		.ascii	"\376\010\0034kj\274\036\3423\212\332R'Y2\222\321.\021"
 2977      6B6ABC1E 
 2977      E2338ADA 
 2977      52275932 
 2977      92D12E11 
 2978 13d2 78FC49CF 		.ascii	"x\374I\317r\2459M\036\366k\365\2302<3Y\006\260T\313"
 2978      72A5394D 
ARM GAS  C:\Users\nello\AppData\Local\Temp\ccK3poCU.s 			page 102


 2978      1EF66BF5 
 2978      98323C33 
 2978      5906B054 
 2979 13e7 C8C63436 		.ascii	"\310\30646;\262Dx\303\035\323\035\231\236\214d\367\247"
 2979      3BB24478 
 2979      C31DD31D 
 2979      999E8C64 
 2979      F7A7
 2980 13f9 568F19DD 		.ascii	"V\217\031\335\347\271!g:fz\344,\227c\272i\006\272\216"
 2980      E7B92167 
 2980      3A667AE4 
 2980      2C9763BA 
 2980      6906BA8E 
 2981 140d 30130A32 		.ascii	"0\023\0122\2020\345h\365@\266\3211\203\311\031gx\220"
 2981      8230E568 
 2981      F540B6D1 
 2981      3183C919 
 2981      677890
 2982 1420 3D0B0F6E 		.ascii	"=\013\017nGF\026:n\305crV\252\323\3450\271\031\267;"
 2982      4746163A 
 2982      6EC56372 
 2982      56AAD3E5 
 2982      30B919B7 
 2983 1435 C530C3E3 		.ascii	"\3050\303\343qe\305*\351\340rLs\270\034\231\230\313"
 2983      7165C52A 
 2983      E9E0724C 
 2983      73B81C99 
 2983      98CB
 2984 1447 1E14727E 		.ascii	"\036\024r~\362\227,\263cf\232\307\346\264;\214.\373"
 2984      F2972CB3 
 2984      63669AC7 
 2984      E6B43B8C 
 2984      2EFB
 2985 1459 2CC4BF40 		.ascii	",\304\277@\276\240\230\303\3063ZF>\267\311\303~\255"
 2985      BEA098C3 
 2985      C6335A46 
 2985      3EB7C9C3 
 2985      7EAD
 2986 146b 1EC3B4F4 		.ascii	"\036\303\264\364\344\024\274\312@2\274\342\3613\316"
 2986      E414BCCA 
 2986      4032BCE2 
 2986      F133CE
 2987 147a 48FE0487 		.ascii	"H\376\004\207\304\342\366|\232\234\236\226\222i\365"
 2987      C4E2F67C 
 2987      9A9C9E96 
 2987      9269F5
 2988 1489 C899C919 		.ascii	"\310\231\311\031\016\331\226\232\35428gd:\\Qh\264\323"
 2988      0ED9969A 
 2988      EC323867 
 2988      643A5C51 
 2988      68B4D3
 2989 149c CD66B327 		.ascii	"\315f\263'\031\355\212\324\235\243\215.\036\023j\363"
 2989      19ED8AD4 
 2989      9DA38D2E 
 2989      1E136AF3 
 2990 14ac CC445529 		.ascii	"\314DU)nc\272\313\352\230i3gc\264\337\230b\365P\327"
 2990      6E63BACB 
ARM GAS  C:\Users\nello\AppData\Local\Temp\ccK3poCU.s 			page 103


 2990      EA986933 
 2990      6763B4DF 
 2990      9862F550 
 2991 14c1 E4C9D826 		.ascii	"\344\311\330&\021\327?\023\327/\210\353m\342z\213\270"
 2991      11D73F13 
 2991      D72F88EB 
 2991      6DE27A8B 
 2991      B8
 2992 14d2 FE89B8DE 		.ascii	"\376\211\270\33641\2658\000\341Y\270t \243\007)\336"
 2992      3431B538 
 2992      00E159B8 
 2992      7420A307 
 2992      29DE
 2993 14e4 0EE99ACD 		.ascii	"\016\351\232\315\231\221\341\314Ld8w\342\257>\372`\372"
 2993      9991E1CC 
 2993      4C643877 
 2993      E2AF3EFA 
 2993      60FA
 2994 14f6 DB133E98 		.ascii	"\333\023>\230\360\253\337\376\036q\270\3548\320K\342"
 2994      F0ABDFFE 
 2994      1E71B8EC 
 2994      38D04BE2 
 2995 1506 CE123438 		.ascii	"\316\022482H\023\301\317mNL\304\231\036\232jw\031\263"
 2995      324813C1 
 2995      CF6D4E4C 
 2995      C4991E9A 
 2995      6A7719B3 
 2996 151a B89598AF 		.ascii	"\270\225\230\257V6\344\2564\317,1\317\343\202z\254l"
 2996      5636E4AE 
 2996      34CF2C31 
 2996      CFE3827A 
 2996      AC6C
 2997 152c 68D39C06 		.ascii	"h\323\234\0061\324l4\015\031Y8\305\214H7--\345e\377"
 2997      31D46C34 
 2997      0D195938 
 2997      C58C4837 
 2997      2D2DE565 
 2998 1541 6058456F 		.ascii	"`XEo|p\027\362\270\246\331\262Yj\260\243\314\222!\234"
 2998      7C7017F2 
 2998      B8A6D9B2 
 2998      596AB0A3 
 2998      CC92219C 
 2999 1555 9D59453A 		.ascii	"\235YE:\275@\33234:g\344R\036\023\363\325\232f\017S"
 2999      BD40DA33 
 2999      343A67E4 
 2999      521E13F3 
 2999      D59A660F 
 3000 156a 8ED88301 		.ascii	"\216\330\203\001g\006\2063\035\216\024<s\315\262\370"
 3000      67068633 
 3000      1D8E143C 
 3000      73CDB2F8 
 3001 157a 4E7068A6 		.ascii	"Nph\246{xV\247'\273=\036\234\012a87\331\021G\336\316"
 3001      7B7856A7 
 3001      27BB3D1E 
 3001      9C0A6138 
 3001      37D91147 
 3002 1590 6EE074B2 		.ascii	"n\340t\262\332\035\351\236d\236\263\321~W\014\303.\276"
ARM GAS  C:\Users\nello\AppData\Local\Temp\ccK3poCU.s 			page 104


 3002      DA1DE99E 
 3002      649EB3D1 
 3002      7E570CC3 
 3002      2EBE
 3003 15a2 87BDD3D3 		.ascii	"\207\275\323\323\\\236l6\235Q\326\345\026\211\3168\321"
 3003      5C9E6C36 
 3003      9D51D6E5 
 3003      1689CE38 
 3003      D1
 3004 15b3 DD8C2C3E 		.ascii	"\335\214,>\320o\275i\365\274\034\002\206,.\237&\226"
 3004      D06FBD69 
 3004      F5BC1C02 
 3004      862C2E9F 
 3004      2696
 3005 15c5 DCB378AF 		.ascii	"\334\263x\257\311\226\355\302\014\367Dh]\230'\366OR"
 3005      C996EDC2 
 3005      0CF74468 
 3005      5D9827F6 
 3005      4F52
 3006 15d7 9809CC46 		.ascii	"\230\011\314FG\006Z\362IvJXVrf\232\315\212)\377\002"
 3006      47065AF2 
 3006      49764A58 
 3006      5672669A 
 3006      CD8A29FF 
 3007 15ec 4B3897C0 		.ascii	"K8\227\300hE\351\031\254\236H+N8\217\365\327\277J\372"
 3007      6845E919 
 3007      AC9E482B 
 3007      4E388FF5 
 3007      D7BF4AFA 
 3008 1600 8F0F3F9A 		.ascii	"\217\017?\232\032\231\234>#y\026\033\253\364\264L\307"
 3008      1A999C3E 
 3008      2379161B 
 3008      ABF4B44C 
 3008      C7
 3009 1611 BB7F2BDB 		.ascii	"\273\177+\3330sX\256%\276\373A\322\324\244\304w1\346"
 3009      307358AE 
 3009      25BEFB41 
 3009      D2D4A4C4 
 3009      7731E6
 3010 1624 89537DCA 		.ascii	"\211S}\3122\334ink\212\315\206\352\302x\252\261u^$`"
 3010      32DC696E 
 3010      6B8ACD86 
 3010      EAC278AA 
 3010      B1755E24 
 3011 1639 365FF32D 		.ascii	"6_\363-V\353\264\354L\233\325:q\212\331w\252\365M\326"
 3011      56EBB4EC 
 3011      4C9BD53A 
 3011      718AD977 
 3011      AAF54DD6 
 3012 164d 4E27FD1F 		.ascii	"N'\375\037$*\241k"
 3012      242AA16B 
 3013              		.text
 3014              		.section	.gnu.lto_.symtab.71a4938e,"e",%progbits
 3015 0000 63684D73 		.ascii	"chMsgSend\000"
 3015      6753656E 
 3015      6400
 3016 000a 00       		.ascii	"\000"
ARM GAS  C:\Users\nello\AppData\Local\Temp\ccK3poCU.s 			page 105


 3017 000b 00       		.ascii	"\000"
 3018 000c 00       		.ascii	"\000"
 3019 000d 00000000 		.ascii	"\000\000\000\000\000\000\000\000"
 3019      00000000 
 3020 0015 EC000000 		.ascii	"\354\000\000\000"
 3021 0019 63684D73 		.ascii	"chMsgWaitS\000"
 3021      67576169 
 3021      745300
 3022 0024 00       		.ascii	"\000"
 3023 0025 00       		.ascii	"\000"
 3024 0026 00       		.ascii	"\000"
 3025 0027 00000000 		.ascii	"\000\000\000\000\000\000\000\000"
 3025      00000000 
 3026 002f EE000000 		.ascii	"\356\000\000\000"
 3027 0033 63684D73 		.ascii	"chMsgWaitTimeoutS\000"
 3027      67576169 
 3027      7454696D 
 3027      656F7574 
 3027      5300
 3028 0045 00       		.ascii	"\000"
 3029 0046 00       		.ascii	"\000"
 3030 0047 00       		.ascii	"\000"
 3031 0048 00000000 		.ascii	"\000\000\000\000\000\000\000\000"
 3031      00000000 
 3032 0050 F6000000 		.ascii	"\366\000\000\000"
 3033 0054 63684D73 		.ascii	"chMsgPollS\000"
 3033      67506F6C 
 3033      6C5300
 3034 005f 00       		.ascii	"\000"
 3035 0060 00       		.ascii	"\000"
 3036 0061 00       		.ascii	"\000"
 3037 0062 00000000 		.ascii	"\000\000\000\000\000\000\000\000"
 3037      00000000 
 3038 006a F8000000 		.ascii	"\370\000\000\000"
 3039 006e 63684D73 		.ascii	"chMsgRelease\000"
 3039      6752656C 
 3039      65617365 
 3039      00
 3040 007b 00       		.ascii	"\000"
 3041 007c 00       		.ascii	"\000"
 3042 007d 00       		.ascii	"\000"
 3043 007e 00000000 		.ascii	"\000\000\000\000\000\000\000\000"
 3043      00000000 
 3044 0086 FA000000 		.ascii	"\372\000\000\000"
 3045 008a 63683000 		.ascii	"ch0\000"
 3046 008e 00       		.ascii	"\000"
 3047 008f 02       		.ascii	"\002"
 3048 0090 00       		.ascii	"\000"
 3049 0091 00000000 		.ascii	"\000\000\000\000\000\000\000\000"
 3049      00000000 
 3050 0099 0F020000 		.ascii	"\017\002\000\000"
 3051 009d 63685363 		.ascii	"chSchWakeupS\000"
 3051      6857616B 
 3051      65757053 
 3051      00
 3052 00aa 00       		.ascii	"\000"
 3053 00ab 02       		.ascii	"\002"
ARM GAS  C:\Users\nello\AppData\Local\Temp\ccK3poCU.s 			page 106


 3054 00ac 00       		.ascii	"\000"
 3055 00ad 00000000 		.ascii	"\000\000\000\000\000\000\000\000"
 3055      00000000 
 3056 00b5 FC000000 		.ascii	"\374\000\000\000"
 3057 00b9 63685363 		.ascii	"chSchGoSleepS\000"
 3057      68476F53 
 3057      6C656570 
 3057      5300
 3058 00c7 00       		.ascii	"\000"
 3059 00c8 02       		.ascii	"\002"
 3060 00c9 00       		.ascii	"\000"
 3061 00ca 00000000 		.ascii	"\000\000\000\000\000\000\000\000"
 3061      00000000 
 3062 00d2 04010000 		.ascii	"\004\001\000\000"
 3063 00d6 63685363 		.ascii	"chSchReadyI\000"
 3063      68526561 
 3063      64794900 
 3064 00e2 00       		.ascii	"\000"
 3065 00e3 02       		.ascii	"\002"
 3066 00e4 00       		.ascii	"\000"
 3067 00e5 00000000 		.ascii	"\000\000\000\000\000\000\000\000"
 3067      00000000 
 3068 00ed 08010000 		.ascii	"\010\001\000\000"
 3069 00f1 63685363 		.ascii	"chSchGoSleepTimeoutS\000"
 3069      68476F53 
 3069      6C656570 
 3069      54696D65 
 3069      6F757453 
 3070 0106 00       		.ascii	"\000"
 3071 0107 02       		.ascii	"\002"
 3072 0108 00       		.ascii	"\000"
 3073 0109 00000000 		.ascii	"\000\000\000\000\000\000\000\000"
 3073      00000000 
 3074 0111 0D010000 		.ascii	"\015\001\000\000"
 3075              		.text
 3076              		.section	.gnu.lto_.ext_symtab.71a4938e,"e",%progbits
 3077 0000 01       		.ascii	"\001"
 3078 0001 01       		.ascii	"\001"
 3079 0002 00       		.ascii	"\000"
 3080 0003 01       		.ascii	"\001"
 3081 0004 00       		.ascii	"\000"
 3082 0005 01       		.ascii	"\001"
 3083 0006 00       		.ascii	"\000"
 3084 0007 01       		.ascii	"\001"
 3085 0008 00       		.ascii	"\000"
 3086 0009 01       		.ascii	"\001"
 3087 000a 00       		.ascii	"\000"
 3088 000b 02       		.ascii	"\002"
 3089 000c 01       		.ascii	"\001"
 3090 000d 01       		.ascii	"\001"
 3091 000e 00       		.ascii	"\000"
 3092 000f 01       		.ascii	"\001"
 3093 0010 00       		.ascii	"\000"
 3094 0011 01       		.ascii	"\001"
 3095 0012 00       		.ascii	"\000"
 3096 0013 01       		.ascii	"\001"
 3097 0014 00       		.ascii	"\000"
ARM GAS  C:\Users\nello\AppData\Local\Temp\ccK3poCU.s 			page 107


 3098              		.text
 3099              		.section	.gnu.lto_.opts,"e",%progbits
 3100 0000 272D666E 		.ascii	"'-fno-openmp' '-fno-openacc' '-fno-pie' '-fcf-prote"
 3100      6F2D6F70 
 3100      656E6D70 
 3100      2720272D 
 3100      666E6F2D 
 3101 0033 6374696F 		.ascii	"ction=none' '-g' '-mcpu=cortex-m4' '-mthumb' '-mflo"
 3101      6E3D6E6F 
 3101      6E652720 
 3101      272D6727 
 3101      20272D6D 
 3102 0066 61742D61 		.ascii	"at-abi=soft' '-mlibarch=armv7e-m' '-march=armv7e-m'"
 3102      62693D73 
 3102      6F667427 
 3102      20272D6D 
 3102      6C696261 
 3103 0099 20272D4F 		.ascii	" '-O0' '-fomit-frame-pointer' '-falign-functions=16"
 3103      30272027 
 3103      2D666F6D 
 3103      69742D66 
 3103      72616D65 
 3104 00cc 2720272D 		.ascii	"' '-ffunction-sections' '-fdata-sections' '-fno-com"
 3104      6666756E 
 3104      6374696F 
 3104      6E2D7365 
 3104      6374696F 
 3105 00ff 6D6F6E27 		.ascii	"mon' '-flto' '-Xassembler' '-alms=./build/lst/chmsg"
 3105      20272D66 
 3105      6C746F27 
 3105      20272D58 
 3105      61737365 
 3106 0132 2E6C7374 		.ascii	".lst'\000"
 3106      2700
 3107              		.text
 3108              		.comm	__gnu_lto_slim,1,1
 3109              		.ident	"GCC: (GNU Arm Embedded Toolchain 10.3-2021.10) 10.3.1 20210824 (release)"
ARM GAS  C:\Users\nello\AppData\Local\Temp\ccK3poCU.s 			page 108


DEFINED SYMBOLS
                            *ABS*:00000000 chmsg.c
C:\Users\nello\AppData\Local\Temp\ccK3poCU.s:35     .gnu.debuglto_.debug_info:00000000 chmsg.c.ca24be00
                            *COM*:00000001 __gnu_lto_slim

NO UNDEFINED SYMBOLS
