ARM GAS  C:\Users\nello\AppData\Local\Temp\ccU8ONsd.s 			page 1


   1              		.cpu cortex-m4
   2              		.arch armv7e-m
   3              		.fpu softvfp
   4              		.eabi_attribute 20, 1
   5              		.eabi_attribute 21, 1
   6              		.eabi_attribute 23, 3
   7              		.eabi_attribute 24, 1
   8              		.eabi_attribute 25, 1
   9              		.eabi_attribute 26, 1
  10              		.eabi_attribute 30, 6
  11              		.eabi_attribute 34, 1
  12              		.eabi_attribute 18, 4
  13              		.file	"chobjcaches.c"
  14              		.file 1 "c:\\chibistudio\\tools\\gnu tools arm embedded\\10.3 2021.10\\lib\\gcc\\arm-none-eabi\\10
  15              		.file 2 "c:\\chibistudio\\tools\\gnu tools arm embedded\\10.3 2021.10\\arm-none-eabi\\include\\mac
  16              		.file 3 "c:\\chibistudio\\tools\\gnu tools arm embedded\\10.3 2021.10\\arm-none-eabi\\include\\sys
  17              		.file 4 "../../chibios2111/os/rt/include/chearly.h"
  18              		.file 5 "../../chibios2111/os/rt/include/chlists.h"
  19              		.file 6 "../../chibios2111/os/rt/include/chsem.h"
  20              		.file 7 "../../chibios2111/os/oslib/include/chobjcaches.h"
  21              		.file 8 "../../chibios2111/os/oslib/src/chobjcaches.c"
  22              		.file 9 "../../chibios2111/os/rt/include/chsys.h"
  23              		.file 10 "../../chibios2111/os/common/ports/ARMv7-M-ALT/chcore.h"
  24              		.file 11 "../../chibios2111/os/common/ext/ARM/CMSIS/Core/Include/cmsis_gcc.h"
  25              		.section	.gnu.debuglto_.debug_info,"e",%progbits
  26              	.Ldebug_info0:
  27              		.hidden	chobjcaches.c.be2b1c9c
  28              		.weak	chobjcaches.c.be2b1c9c
  29              	chobjcaches.c.be2b1c9c:
  30 0000 6C060000 		.4byte	0x66c
  31 0004 0400     		.2byte	0x4
  32 0006 00000000 		.4byte	.Ldebug_abbrev0
  33 000a 04       		.byte	0x4
  34 000b 01       		.uleb128 0x1
  35 000c AE030000 		.4byte	.LASF76
  36 0010 0C       		.byte	0xc
  37 0011 B2010000 		.4byte	.LASF77
  38 0015 CB020000 		.4byte	.LASF78
  39 0019 00000000 		.4byte	.Ldebug_line0
  40 001d 02       		.uleb128 0x2
  41 001e 04       		.byte	0x4
  42 001f 05       		.byte	0x5
  43 0020 696E7400 		.ascii	"int\000"
  44 0024 03       		.uleb128 0x3
  45 0025 28000000 		.4byte	.LASF4
  46 0029 01       		.byte	0x1
  47 002a D1       		.byte	0xd1
  48 002b 17       		.byte	0x17
  49 002c 30000000 		.4byte	0x30
  50 0030 04       		.uleb128 0x4
  51 0031 04       		.byte	0x4
  52 0032 07       		.byte	0x7
  53 0033 10020000 		.4byte	.LASF0
  54 0037 04       		.uleb128 0x4
  55 0038 08       		.byte	0x8
  56 0039 05       		.byte	0x5
  57 003a 33010000 		.4byte	.LASF1
ARM GAS  C:\Users\nello\AppData\Local\Temp\ccU8ONsd.s 			page 2


  58 003e 04       		.uleb128 0x4
  59 003f 08       		.byte	0x8
  60 0040 04       		.byte	0x4
  61 0041 27010000 		.4byte	.LASF2
  62 0045 04       		.uleb128 0x4
  63 0046 01       		.byte	0x1
  64 0047 06       		.byte	0x6
  65 0048 F8010000 		.4byte	.LASF3
  66 004c 03       		.uleb128 0x3
  67 004d 6C010000 		.4byte	.LASF5
  68 0051 02       		.byte	0x2
  69 0052 2B       		.byte	0x2b
  70 0053 18       		.byte	0x18
  71 0054 58000000 		.4byte	0x58
  72 0058 04       		.uleb128 0x4
  73 0059 01       		.byte	0x1
  74 005a 08       		.byte	0x8
  75 005b 8C010000 		.4byte	.LASF6
  76 005f 04       		.uleb128 0x4
  77 0060 02       		.byte	0x2
  78 0061 05       		.byte	0x5
  79 0062 1E000000 		.4byte	.LASF7
  80 0066 04       		.uleb128 0x4
  81 0067 02       		.byte	0x2
  82 0068 07       		.byte	0x7
  83 0069 3B020000 		.4byte	.LASF8
  84 006d 03       		.uleb128 0x3
  85 006e EE010000 		.4byte	.LASF9
  86 0072 02       		.byte	0x2
  87 0073 4D       		.byte	0x4d
  88 0074 18       		.byte	0x18
  89 0075 79000000 		.4byte	0x79
  90 0079 04       		.uleb128 0x4
  91 007a 04       		.byte	0x4
  92 007b 05       		.byte	0x5
  93 007c 63010000 		.4byte	.LASF10
  94 0080 03       		.uleb128 0x3
  95 0081 15030000 		.4byte	.LASF11
  96 0085 02       		.byte	0x2
  97 0086 4F       		.byte	0x4f
  98 0087 19       		.byte	0x19
  99 0088 8C000000 		.4byte	0x8c
 100 008c 04       		.uleb128 0x4
 101 008d 04       		.byte	0x4
 102 008e 07       		.byte	0x7
 103 008f B9020000 		.4byte	.LASF12
 104 0093 04       		.uleb128 0x4
 105 0094 08       		.byte	0x8
 106 0095 07       		.byte	0x7
 107 0096 41010000 		.4byte	.LASF13
 108 009a 03       		.uleb128 0x3
 109 009b D6000000 		.4byte	.LASF14
 110 009f 03       		.byte	0x3
 111 00a0 18       		.byte	0x18
 112 00a1 13       		.byte	0x13
 113 00a2 4C000000 		.4byte	0x4c
 114 00a6 03       		.uleb128 0x3
ARM GAS  C:\Users\nello\AppData\Local\Temp\ccU8ONsd.s 			page 3


 115 00a7 87020000 		.4byte	.LASF15
 116 00ab 03       		.byte	0x3
 117 00ac 2C       		.byte	0x2c
 118 00ad 13       		.byte	0x13
 119 00ae 6D000000 		.4byte	0x6d
 120 00b2 03       		.uleb128 0x3
 121 00b3 0C010000 		.4byte	.LASF16
 122 00b7 03       		.byte	0x3
 123 00b8 30       		.byte	0x30
 124 00b9 14       		.byte	0x14
 125 00ba 80000000 		.4byte	0x80
 126 00be 03       		.uleb128 0x3
 127 00bf 8F020000 		.4byte	.LASF17
 128 00c3 04       		.byte	0x4
 129 00c4 5C       		.byte	0x5c
 130 00c5 19       		.byte	0x19
 131 00c6 A6000000 		.4byte	0xa6
 132 00ca 03       		.uleb128 0x3
 133 00cb 80020000 		.4byte	.LASF18
 134 00cf 04       		.byte	0x4
 135 00d0 5D       		.byte	0x5d
 136 00d1 19       		.byte	0x19
 137 00d2 B2000000 		.4byte	0xb2
 138 00d6 04       		.uleb128 0x4
 139 00d7 01       		.byte	0x1
 140 00d8 08       		.byte	0x8
 141 00d9 71020000 		.4byte	.LASF19
 142 00dd 05       		.uleb128 0x5
 143 00de D6000000 		.4byte	0xd6
 144 00e2 03       		.uleb128 0x3
 145 00e3 01010000 		.4byte	.LASF20
 146 00e7 05       		.byte	0x5
 147 00e8 3F       		.byte	0x3f
 148 00e9 19       		.byte	0x19
 149 00ea EE000000 		.4byte	0xee
 150 00ee 06       		.uleb128 0x6
 151 00ef 53030000 		.4byte	.LASF23
 152 00f3 08       		.byte	0x8
 153 00f4 05       		.byte	0x5
 154 00f5 45       		.byte	0x45
 155 00f6 08       		.byte	0x8
 156 00f7 16010000 		.4byte	0x116
 157 00fb 07       		.uleb128 0x7
 158 00fc 19000000 		.4byte	.LASF21
 159 0100 05       		.byte	0x5
 160 0101 46       		.byte	0x46
 161 0102 1A       		.byte	0x1a
 162 0103 16010000 		.4byte	0x116
 163 0107 00       		.byte	0
 164 0108 07       		.uleb128 0x7
 165 0109 95030000 		.4byte	.LASF22
 166 010d 05       		.byte	0x5
 167 010e 47       		.byte	0x47
 168 010f 1A       		.byte	0x1a
 169 0110 16010000 		.4byte	0x116
 170 0114 04       		.byte	0x4
 171 0115 00       		.byte	0
ARM GAS  C:\Users\nello\AppData\Local\Temp\ccU8ONsd.s 			page 4


 172 0116 08       		.uleb128 0x8
 173 0117 04       		.byte	0x4
 174 0118 E2000000 		.4byte	0xe2
 175 011c 09       		.uleb128 0x9
 176 011d 04       		.byte	0x4
 177 011e 06       		.uleb128 0x6
 178 011f 2C030000 		.4byte	.LASF24
 179 0123 0C       		.byte	0xc
 180 0124 06       		.byte	0x6
 181 0125 34       		.byte	0x34
 182 0126 10       		.byte	0x10
 183 0127 46010000 		.4byte	0x146
 184 012b 07       		.uleb128 0x7
 185 012c 7E010000 		.4byte	.LASF25
 186 0130 06       		.byte	0x6
 187 0131 35       		.byte	0x35
 188 0132 19       		.byte	0x19
 189 0133 E2000000 		.4byte	0xe2
 190 0137 00       		.byte	0
 191 0138 0A       		.uleb128 0xa
 192 0139 636E7400 		.ascii	"cnt\000"
 193 013d 06       		.byte	0x6
 194 013e 37       		.byte	0x37
 195 013f 19       		.byte	0x19
 196 0140 BE000000 		.4byte	0xbe
 197 0144 08       		.byte	0x8
 198 0145 00       		.byte	0
 199 0146 03       		.uleb128 0x3
 200 0147 15010000 		.4byte	.LASF26
 201 014b 06       		.byte	0x6
 202 014c 38       		.byte	0x38
 203 014d 03       		.byte	0x3
 204 014e 1E010000 		.4byte	0x11e
 205 0152 05       		.uleb128 0x5
 206 0153 46010000 		.4byte	0x146
 207 0157 04       		.uleb128 0x4
 208 0158 01       		.byte	0x1
 209 0159 02       		.byte	0x2
 210 015a A7020000 		.4byte	.LASF27
 211 015e 03       		.uleb128 0x3
 212 015f 58010000 		.4byte	.LASF28
 213 0163 07       		.byte	0x7
 214 0164 44       		.byte	0x44
 215 0165 12       		.byte	0x12
 216 0166 B2000000 		.4byte	0xb2
 217 016a 03       		.uleb128 0x3
 218 016b 6D030000 		.4byte	.LASF29
 219 016f 07       		.byte	0x7
 220 0170 49       		.byte	0x49
 221 0171 22       		.byte	0x22
 222 0172 76010000 		.4byte	0x176
 223 0176 06       		.uleb128 0x6
 224 0177 29020000 		.4byte	.LASF30
 225 017b 08       		.byte	0x8
 226 017c 07       		.byte	0x7
 227 017d 75       		.byte	0x75
 228 017e 08       		.byte	0x8
ARM GAS  C:\Users\nello\AppData\Local\Temp\ccU8ONsd.s 			page 5


 229 017f 9E010000 		.4byte	0x19e
 230 0183 07       		.uleb128 0x7
 231 0184 0B030000 		.4byte	.LASF31
 232 0188 07       		.byte	0x7
 233 0189 79       		.byte	0x79
 234 018a 1A       		.byte	0x1a
 235 018b 48030000 		.4byte	0x348
 236 018f 00       		.byte	0
 237 0190 07       		.uleb128 0x7
 238 0191 5C020000 		.4byte	.LASF32
 239 0195 07       		.byte	0x7
 240 0196 7D       		.byte	0x7d
 241 0197 1A       		.byte	0x1a
 242 0198 48030000 		.4byte	0x348
 243 019c 04       		.byte	0x4
 244 019d 00       		.byte	0
 245 019e 03       		.uleb128 0x3
 246 019f 43030000 		.4byte	.LASF33
 247 01a3 07       		.byte	0x7
 248 01a4 4E       		.byte	0x4e
 249 01a5 21       		.byte	0x21
 250 01a6 AA010000 		.4byte	0x1aa
 251 01aa 06       		.uleb128 0x6
 252 01ab 5C030000 		.4byte	.LASF34
 253 01af 10       		.byte	0x10
 254 01b0 07       		.byte	0x7
 255 01b1 83       		.byte	0x83
 256 01b2 08       		.byte	0x8
 257 01b3 EC010000 		.4byte	0x1ec
 258 01b7 07       		.uleb128 0x7
 259 01b8 0B030000 		.4byte	.LASF31
 260 01bc 07       		.byte	0x7
 261 01bd 87       		.byte	0x87
 262 01be 1A       		.byte	0x1a
 263 01bf 48030000 		.4byte	0x348
 264 01c3 00       		.byte	0
 265 01c4 07       		.uleb128 0x7
 266 01c5 5C020000 		.4byte	.LASF32
 267 01c9 07       		.byte	0x7
 268 01ca 8B       		.byte	0x8b
 269 01cb 1A       		.byte	0x1a
 270 01cc 48030000 		.4byte	0x348
 271 01d0 04       		.byte	0x4
 272 01d1 07       		.uleb128 0x7
 273 01d2 9A030000 		.4byte	.LASF35
 274 01d6 07       		.byte	0x7
 275 01d7 8F       		.byte	0x8f
 276 01d8 1A       		.byte	0x1a
 277 01d9 48030000 		.4byte	0x348
 278 01dd 08       		.byte	0x8
 279 01de 07       		.uleb128 0x7
 280 01df 8C030000 		.4byte	.LASF36
 281 01e3 07       		.byte	0x7
 282 01e4 93       		.byte	0x93
 283 01e5 1A       		.byte	0x1a
 284 01e6 48030000 		.4byte	0x348
 285 01ea 0C       		.byte	0xc
ARM GAS  C:\Users\nello\AppData\Local\Temp\ccU8ONsd.s 			page 6


 286 01eb 00       		.byte	0
 287 01ec 03       		.uleb128 0x3
 288 01ed 8D000000 		.4byte	.LASF37
 289 01f1 07       		.byte	0x7
 290 01f2 53       		.byte	0x53
 291 01f3 1D       		.byte	0x1d
 292 01f4 F8010000 		.4byte	0x1f8
 293 01f8 06       		.uleb128 0x6
 294 01f9 40000000 		.4byte	.LASF38
 295 01fd 2C       		.byte	0x2c
 296 01fe 07       		.byte	0x7
 297 01ff 99       		.byte	0x99
 298 0200 08       		.byte	0x8
 299 0201 7B020000 		.4byte	0x27b
 300 0205 07       		.uleb128 0x7
 301 0206 0B030000 		.4byte	.LASF31
 302 020a 07       		.byte	0x7
 303 020b 9D       		.byte	0x9d
 304 020c 1A       		.byte	0x1a
 305 020d 48030000 		.4byte	0x348
 306 0211 00       		.byte	0
 307 0212 07       		.uleb128 0x7
 308 0213 5C020000 		.4byte	.LASF32
 309 0217 07       		.byte	0x7
 310 0218 A1       		.byte	0xa1
 311 0219 1A       		.byte	0x1a
 312 021a 48030000 		.4byte	0x348
 313 021e 04       		.byte	0x4
 314 021f 07       		.uleb128 0x7
 315 0220 9A030000 		.4byte	.LASF35
 316 0224 07       		.byte	0x7
 317 0225 A5       		.byte	0xa5
 318 0226 1A       		.byte	0x1a
 319 0227 48030000 		.4byte	0x348
 320 022b 08       		.byte	0x8
 321 022c 07       		.uleb128 0x7
 322 022d 8C030000 		.4byte	.LASF36
 323 0231 07       		.byte	0x7
 324 0232 A9       		.byte	0xa9
 325 0233 1A       		.byte	0x1a
 326 0234 48030000 		.4byte	0x348
 327 0238 0C       		.byte	0xc
 328 0239 07       		.uleb128 0x7
 329 023a 5E000000 		.4byte	.LASF39
 330 023e 07       		.byte	0x7
 331 023f AD       		.byte	0xad
 332 0240 19       		.byte	0x19
 333 0241 B2000000 		.4byte	0xb2
 334 0245 10       		.byte	0x10
 335 0246 07       		.uleb128 0x7
 336 0247 76010000 		.4byte	.LASF40
 337 024b 07       		.byte	0x7
 338 024c B1       		.byte	0xb1
 339 024d 19       		.byte	0x19
 340 024e B2000000 		.4byte	0xb2
 341 0252 14       		.byte	0x14
 342 0253 07       		.uleb128 0x7
ARM GAS  C:\Users\nello\AppData\Local\Temp\ccU8ONsd.s 			page 7


 343 0254 84010000 		.4byte	.LASF41
 344 0258 07       		.byte	0x7
 345 0259 B5       		.byte	0xb5
 346 025a 19       		.byte	0x19
 347 025b 46010000 		.4byte	0x146
 348 025f 18       		.byte	0x18
 349 0260 07       		.uleb128 0x7
 350 0261 4D000000 		.4byte	.LASF42
 351 0265 07       		.byte	0x7
 352 0266 B9       		.byte	0xb9
 353 0267 19       		.byte	0x19
 354 0268 5E010000 		.4byte	0x15e
 355 026c 24       		.byte	0x24
 356 026d 07       		.uleb128 0x7
 357 026e 0C000000 		.4byte	.LASF43
 358 0272 07       		.byte	0x7
 359 0273 BF       		.byte	0xbf
 360 0274 1A       		.byte	0x1a
 361 0275 1C010000 		.4byte	0x11c
 362 0279 28       		.byte	0x28
 363 027a 00       		.byte	0
 364 027b 03       		.uleb128 0x3
 365 027c B5000000 		.4byte	.LASF44
 366 0280 07       		.byte	0x7
 367 0281 58       		.byte	0x58
 368 0282 21       		.byte	0x21
 369 0283 87020000 		.4byte	0x287
 370 0287 06       		.uleb128 0x6
 371 0288 C5000000 		.4byte	.LASF45
 372 028c 44       		.byte	0x44
 373 028d 07       		.byte	0x7
 374 028e C5       		.byte	0xc5
 375 028f 08       		.byte	0x8
 376 0290 17030000 		.4byte	0x317
 377 0294 07       		.uleb128 0x7
 378 0295 0A020000 		.4byte	.LASF46
 379 0299 07       		.byte	0x7
 380 029a C9       		.byte	0xc9
 381 029b 19       		.byte	0x19
 382 029c CA000000 		.4byte	0xca
 383 02a0 00       		.byte	0
 384 02a1 07       		.uleb128 0x7
 385 02a2 1D020000 		.4byte	.LASF47
 386 02a6 07       		.byte	0x7
 387 02a7 CD       		.byte	0xcd
 388 02a8 1A       		.byte	0x1a
 389 02a9 5A030000 		.4byte	0x35a
 390 02ad 04       		.byte	0x4
 391 02ae 07       		.uleb128 0x7
 392 02af 39030000 		.4byte	.LASF48
 393 02b3 07       		.byte	0x7
 394 02b4 D1       		.byte	0xd1
 395 02b5 19       		.byte	0x19
 396 02b6 CA000000 		.4byte	0xca
 397 02ba 08       		.byte	0x8
 398 02bb 07       		.uleb128 0x7
 399 02bc 21010000 		.4byte	.LASF49
ARM GAS  C:\Users\nello\AppData\Local\Temp\ccU8ONsd.s 			page 8


 400 02c0 07       		.byte	0x7
 401 02c1 D5       		.byte	0xd5
 402 02c2 19       		.byte	0x19
 403 02c3 24000000 		.4byte	0x24
 404 02c7 0C       		.byte	0xc
 405 02c8 07       		.uleb128 0x7
 406 02c9 AF000000 		.4byte	.LASF50
 407 02cd 07       		.byte	0x7
 408 02ce D9       		.byte	0xd9
 409 02cf 1A       		.byte	0x1a
 410 02d0 1C010000 		.4byte	0x11c
 411 02d4 10       		.byte	0x10
 412 02d5 0A       		.uleb128 0xa
 413 02d6 6C727500 		.ascii	"lru\000"
 414 02da 07       		.byte	0x7
 415 02db DD       		.byte	0xdd
 416 02dc 19       		.byte	0x19
 417 02dd 9E010000 		.4byte	0x19e
 418 02e1 14       		.byte	0x14
 419 02e2 07       		.uleb128 0x7
 420 02e3 76020000 		.4byte	.LASF51
 421 02e7 07       		.byte	0x7
 422 02e8 E1       		.byte	0xe1
 423 02e9 19       		.byte	0x19
 424 02ea 46010000 		.4byte	0x146
 425 02ee 24       		.byte	0x24
 426 02ef 07       		.uleb128 0x7
 427 02f0 11000000 		.4byte	.LASF52
 428 02f4 07       		.byte	0x7
 429 02f5 E5       		.byte	0xe5
 430 02f6 19       		.byte	0x19
 431 02f7 46010000 		.4byte	0x146
 432 02fb 30       		.byte	0x30
 433 02fc 07       		.uleb128 0x7
 434 02fd 23020000 		.4byte	.LASF53
 435 0301 07       		.byte	0x7
 436 0302 E9       		.byte	0xe9
 437 0303 19       		.byte	0x19
 438 0304 17030000 		.4byte	0x317
 439 0308 3C       		.byte	0x3c
 440 0309 07       		.uleb128 0x7
 441 030a 57000000 		.4byte	.LASF54
 442 030e 07       		.byte	0x7
 443 030f ED       		.byte	0xed
 444 0310 19       		.byte	0x19
 445 0311 4E030000 		.4byte	0x34e
 446 0315 40       		.byte	0x40
 447 0316 00       		.byte	0
 448 0317 03       		.uleb128 0x3
 449 0318 66020000 		.4byte	.LASF55
 450 031c 07       		.byte	0x7
 451 031d 62       		.byte	0x62
 452 031e 10       		.byte	0x10
 453 031f 23030000 		.4byte	0x323
 454 0323 08       		.uleb128 0x8
 455 0324 04       		.byte	0x4
 456 0325 29030000 		.4byte	0x329
ARM GAS  C:\Users\nello\AppData\Local\Temp\ccU8ONsd.s 			page 9


 457 0329 0B       		.uleb128 0xb
 458 032a 57010000 		.4byte	0x157
 459 032e 42030000 		.4byte	0x342
 460 0332 0C       		.uleb128 0xc
 461 0333 42030000 		.4byte	0x342
 462 0337 0C       		.uleb128 0xc
 463 0338 48030000 		.4byte	0x348
 464 033c 0C       		.uleb128 0xc
 465 033d 57010000 		.4byte	0x157
 466 0341 00       		.byte	0
 467 0342 08       		.uleb128 0x8
 468 0343 04       		.byte	0x4
 469 0344 7B020000 		.4byte	0x27b
 470 0348 08       		.uleb128 0x8
 471 0349 04       		.byte	0x4
 472 034a EC010000 		.4byte	0x1ec
 473 034e 03       		.uleb128 0x3
 474 034f 00000000 		.4byte	.LASF56
 475 0353 07       		.byte	0x7
 476 0354 6E       		.byte	0x6e
 477 0355 10       		.byte	0x10
 478 0356 23030000 		.4byte	0x323
 479 035a 08       		.uleb128 0x8
 480 035b 04       		.byte	0x4
 481 035c 6A010000 		.4byte	0x16a
 482 0360 0D       		.uleb128 0xd
 483 0361 F8020000 		.4byte	.LASF59
 484 0365 08       		.byte	0x8
 485 0366 DD01     		.2byte	0x1dd
 486 0368 06       		.byte	0x6
 487 0369 57010000 		.4byte	0x157
 488 036d 99030000 		.4byte	0x399
 489 0371 0E       		.uleb128 0xe
 490 0372 6F637000 		.ascii	"ocp\000"
 491 0376 08       		.byte	0x8
 492 0377 DD01     		.2byte	0x1dd
 493 0379 2A       		.byte	0x2a
 494 037a 42030000 		.4byte	0x342
 495 037e 0F       		.uleb128 0xf
 496 037f 3E030000 		.4byte	.LASF57
 497 0383 08       		.byte	0x8
 498 0384 DE01     		.2byte	0x1de
 499 0386 26       		.byte	0x26
 500 0387 48030000 		.4byte	0x348
 501 038b 0F       		.uleb128 0xf
 502 038c 56020000 		.4byte	.LASF58
 503 0390 08       		.byte	0x8
 504 0391 DF01     		.2byte	0x1df
 505 0393 1E       		.byte	0x1e
 506 0394 57010000 		.4byte	0x157
 507 0398 00       		.byte	0
 508 0399 0D       		.uleb128 0xd
 509 039a 95020000 		.4byte	.LASF60
 510 039e 08       		.byte	0x8
 511 039f C001     		.2byte	0x1c0
 512 03a1 06       		.byte	0x6
 513 03a2 57010000 		.4byte	0x157
ARM GAS  C:\Users\nello\AppData\Local\Temp\ccU8ONsd.s 			page 10


 514 03a6 D2030000 		.4byte	0x3d2
 515 03aa 0E       		.uleb128 0xe
 516 03ab 6F637000 		.ascii	"ocp\000"
 517 03af 08       		.byte	0x8
 518 03b0 C001     		.2byte	0x1c0
 519 03b2 29       		.byte	0x29
 520 03b3 42030000 		.4byte	0x342
 521 03b7 0F       		.uleb128 0xf
 522 03b8 3E030000 		.4byte	.LASF57
 523 03bc 08       		.byte	0x8
 524 03bd C101     		.2byte	0x1c1
 525 03bf 25       		.byte	0x25
 526 03c0 48030000 		.4byte	0x348
 527 03c4 0F       		.uleb128 0xf
 528 03c5 56020000 		.4byte	.LASF58
 529 03c9 08       		.byte	0x8
 530 03ca C201     		.2byte	0x1c2
 531 03cc 1D       		.byte	0x1d
 532 03cd 57010000 		.4byte	0x157
 533 03d1 00       		.byte	0
 534 03d2 10       		.uleb128 0x10
 535 03d3 99000000 		.4byte	.LASF64
 536 03d7 08       		.byte	0x8
 537 03d8 7A01     		.2byte	0x17a
 538 03da 06       		.byte	0x6
 539 03db 03040000 		.4byte	0x403
 540 03df 0E       		.uleb128 0xe
 541 03e0 6F637000 		.ascii	"ocp\000"
 542 03e4 08       		.byte	0x8
 543 03e5 7A01     		.2byte	0x17a
 544 03e7 2D       		.byte	0x2d
 545 03e8 42030000 		.4byte	0x342
 546 03ec 0F       		.uleb128 0xf
 547 03ed 3E030000 		.4byte	.LASF57
 548 03f1 08       		.byte	0x8
 549 03f2 7B01     		.2byte	0x17b
 550 03f4 29       		.byte	0x29
 551 03f5 48030000 		.4byte	0x348
 552 03f9 11       		.uleb128 0x11
 553 03fa A9010000 		.4byte	.LASF63
 554 03fe 13040000 		.4byte	0x413
 555 0402 00       		.byte	0
 556 0403 12       		.uleb128 0x12
 557 0404 DD000000 		.4byte	0xdd
 558 0408 13040000 		.4byte	0x413
 559 040c 13       		.uleb128 0x13
 560 040d 30000000 		.4byte	0x30
 561 0411 15       		.byte	0x15
 562 0412 00       		.byte	0
 563 0413 05       		.uleb128 0x5
 564 0414 03040000 		.4byte	0x403
 565 0418 0D       		.uleb128 0xd
 566 0419 F0000000 		.4byte	.LASF61
 567 041d 08       		.byte	0x8
 568 041e 2F01     		.2byte	0x12f
 569 0420 0E       		.byte	0xe
 570 0421 48030000 		.4byte	0x348
ARM GAS  C:\Users\nello\AppData\Local\Temp\ccU8ONsd.s 			page 11


 571 0425 76040000 		.4byte	0x476
 572 0429 0E       		.uleb128 0xe
 573 042a 6F637000 		.ascii	"ocp\000"
 574 042e 08       		.byte	0x8
 575 042f 2F01     		.2byte	0x12f
 576 0431 30       		.byte	0x30
 577 0432 42030000 		.4byte	0x342
 578 0436 0F       		.uleb128 0xf
 579 0437 04020000 		.4byte	.LASF62
 580 043b 08       		.byte	0x8
 581 043c 3001     		.2byte	0x130
 582 043e 28       		.byte	0x28
 583 043f B2000000 		.4byte	0xb2
 584 0443 0E       		.uleb128 0xe
 585 0444 6B657900 		.ascii	"key\000"
 586 0448 08       		.byte	0x8
 587 0449 3101     		.2byte	0x131
 588 044b 28       		.byte	0x28
 589 044c B2000000 		.4byte	0xb2
 590 0450 14       		.uleb128 0x14
 591 0451 3E030000 		.4byte	.LASF57
 592 0455 08       		.byte	0x8
 593 0456 3201     		.2byte	0x132
 594 0458 10       		.byte	0x10
 595 0459 48030000 		.4byte	0x348
 596 045d 11       		.uleb128 0x11
 597 045e A9010000 		.4byte	.LASF63
 598 0462 86040000 		.4byte	0x486
 599 0466 15       		.uleb128 0x15
 600 0467 16       		.uleb128 0x16
 601 0468 68687000 		.ascii	"hhp\000"
 602 046c 08       		.byte	0x8
 603 046d 6001     		.2byte	0x160
 604 046f 05       		.byte	0x5
 605 0470 5A030000 		.4byte	0x35a
 606 0474 00       		.byte	0
 607 0475 00       		.byte	0
 608 0476 12       		.uleb128 0x12
 609 0477 DD000000 		.4byte	0xdd
 610 047b 86040000 		.4byte	0x486
 611 047f 13       		.uleb128 0x13
 612 0480 30000000 		.4byte	0x30
 613 0484 10       		.byte	0x10
 614 0485 00       		.byte	0
 615 0486 05       		.uleb128 0x5
 616 0487 76040000 		.4byte	0x476
 617 048b 17       		.uleb128 0x17
 618 048c DE000000 		.4byte	.LASF65
 619 0490 08       		.byte	0x8
 620 0491 F0       		.byte	0xf0
 621 0492 06       		.byte	0x6
 622 0493 10050000 		.4byte	0x510
 623 0497 18       		.uleb128 0x18
 624 0498 6F637000 		.ascii	"ocp\000"
 625 049c 08       		.byte	0x8
 626 049d F0       		.byte	0xf0
 627 049e 29       		.byte	0x29
ARM GAS  C:\Users\nello\AppData\Local\Temp\ccU8ONsd.s 			page 12


 628 049f 42030000 		.4byte	0x342
 629 04a3 19       		.uleb128 0x19
 630 04a4 0A020000 		.4byte	.LASF46
 631 04a8 08       		.byte	0x8
 632 04a9 F1       		.byte	0xf1
 633 04aa 1F       		.byte	0x1f
 634 04ab CA000000 		.4byte	0xca
 635 04af 19       		.uleb128 0x19
 636 04b0 1D020000 		.4byte	.LASF47
 637 04b4 08       		.byte	0x8
 638 04b5 F2       		.byte	0xf2
 639 04b6 2A       		.byte	0x2a
 640 04b7 5A030000 		.4byte	0x35a
 641 04bb 19       		.uleb128 0x19
 642 04bc 39030000 		.4byte	.LASF48
 643 04c0 08       		.byte	0x8
 644 04c1 F3       		.byte	0xf3
 645 04c2 1F       		.byte	0x1f
 646 04c3 CA000000 		.4byte	0xca
 647 04c7 19       		.uleb128 0x19
 648 04c8 21010000 		.4byte	.LASF49
 649 04cc 08       		.byte	0x8
 650 04cd F4       		.byte	0xf4
 651 04ce 1F       		.byte	0x1f
 652 04cf 24000000 		.4byte	0x24
 653 04d3 19       		.uleb128 0x19
 654 04d4 AF000000 		.4byte	.LASF50
 655 04d8 08       		.byte	0x8
 656 04d9 F5       		.byte	0xf5
 657 04da 1E       		.byte	0x1e
 658 04db 1C010000 		.4byte	0x11c
 659 04df 19       		.uleb128 0x19
 660 04e0 23020000 		.4byte	.LASF53
 661 04e4 08       		.byte	0x8
 662 04e5 F6       		.byte	0xf6
 663 04e6 23       		.byte	0x23
 664 04e7 17030000 		.4byte	0x317
 665 04eb 19       		.uleb128 0x19
 666 04ec 57000000 		.4byte	.LASF54
 667 04f0 08       		.byte	0x8
 668 04f1 F7       		.byte	0xf7
 669 04f2 24       		.byte	0x24
 670 04f3 4E030000 		.4byte	0x34e
 671 04f7 11       		.uleb128 0x11
 672 04f8 A9010000 		.4byte	.LASF63
 673 04fc 20050000 		.4byte	0x520
 674 0500 15       		.uleb128 0x15
 675 0501 14       		.uleb128 0x14
 676 0502 3E030000 		.4byte	.LASF57
 677 0506 08       		.byte	0x8
 678 0507 1501     		.2byte	0x115
 679 0509 12       		.byte	0x12
 680 050a 48030000 		.4byte	0x348
 681 050e 00       		.byte	0
 682 050f 00       		.byte	0
 683 0510 12       		.uleb128 0x12
 684 0511 DD000000 		.4byte	0xdd
ARM GAS  C:\Users\nello\AppData\Local\Temp\ccU8ONsd.s 			page 13


 685 0515 20050000 		.4byte	0x520
 686 0519 13       		.uleb128 0x13
 687 051a 30000000 		.4byte	0x30
 688 051e 11       		.byte	0x11
 689 051f 00       		.byte	0
 690 0520 05       		.uleb128 0x5
 691 0521 10050000 		.4byte	0x510
 692 0525 1A       		.uleb128 0x1a
 693 0526 9A010000 		.4byte	.LASF66
 694 052a 08       		.byte	0x8
 695 052b A5       		.byte	0xa5
 696 052c 15       		.byte	0x15
 697 052d 48030000 		.4byte	0x348
 698 0531 57050000 		.4byte	0x557
 699 0535 18       		.uleb128 0x18
 700 0536 6F637000 		.ascii	"ocp\000"
 701 053a 08       		.byte	0x8
 702 053b A5       		.byte	0xa5
 703 053c 35       		.byte	0x35
 704 053d 42030000 		.4byte	0x342
 705 0541 1B       		.uleb128 0x1b
 706 0542 3E030000 		.4byte	.LASF57
 707 0546 08       		.byte	0x8
 708 0547 A6       		.byte	0xa6
 709 0548 10       		.byte	0x10
 710 0549 48030000 		.4byte	0x348
 711 054d 11       		.uleb128 0x11
 712 054e A9010000 		.4byte	.LASF63
 713 0552 67050000 		.4byte	0x567
 714 0556 00       		.byte	0
 715 0557 12       		.uleb128 0x12
 716 0558 DD000000 		.4byte	0xdd
 717 055c 67050000 		.4byte	0x567
 718 0560 13       		.uleb128 0x13
 719 0561 30000000 		.4byte	0x30
 720 0565 0E       		.byte	0xe
 721 0566 00       		.byte	0
 722 0567 05       		.uleb128 0x5
 723 0568 57050000 		.4byte	0x557
 724 056c 1A       		.uleb128 0x1a
 725 056d A3030000 		.4byte	.LASF67
 726 0571 08       		.byte	0x8
 727 0572 86       		.byte	0x86
 728 0573 15       		.byte	0x15
 729 0574 48030000 		.4byte	0x348
 730 0578 B9050000 		.4byte	0x5b9
 731 057c 18       		.uleb128 0x18
 732 057d 6F637000 		.ascii	"ocp\000"
 733 0581 08       		.byte	0x8
 734 0582 86       		.byte	0x86
 735 0583 31       		.byte	0x31
 736 0584 42030000 		.4byte	0x342
 737 0588 19       		.uleb128 0x19
 738 0589 04020000 		.4byte	.LASF62
 739 058d 08       		.byte	0x8
 740 058e 87       		.byte	0x87
 741 058f 29       		.byte	0x29
ARM GAS  C:\Users\nello\AppData\Local\Temp\ccU8ONsd.s 			page 14


 742 0590 B2000000 		.4byte	0xb2
 743 0594 18       		.uleb128 0x18
 744 0595 6B657900 		.ascii	"key\000"
 745 0599 08       		.byte	0x8
 746 059a 88       		.byte	0x88
 747 059b 29       		.byte	0x29
 748 059c B2000000 		.4byte	0xb2
 749 05a0 1C       		.uleb128 0x1c
 750 05a1 68687000 		.ascii	"hhp\000"
 751 05a5 08       		.byte	0x8
 752 05a6 89       		.byte	0x89
 753 05a7 15       		.byte	0x15
 754 05a8 5A030000 		.4byte	0x35a
 755 05ac 1B       		.uleb128 0x1b
 756 05ad 3E030000 		.4byte	.LASF57
 757 05b1 08       		.byte	0x8
 758 05b2 8A       		.byte	0x8a
 759 05b3 10       		.byte	0x10
 760 05b4 48030000 		.4byte	0x348
 761 05b8 00       		.byte	0
 762 05b9 1A       		.uleb128 0x1a
 763 05ba 2F000000 		.4byte	.LASF68
 764 05be 06       		.byte	0x6
 765 05bf BD       		.byte	0xbd
 766 05c0 15       		.byte	0x15
 767 05c1 BE000000 		.4byte	0xbe
 768 05c5 D5050000 		.4byte	0x5d5
 769 05c9 18       		.uleb128 0x18
 770 05ca 737000   		.ascii	"sp\000"
 771 05cd 06       		.byte	0x6
 772 05ce BD       		.byte	0xbd
 773 05cf 39       		.byte	0x39
 774 05d0 D5050000 		.4byte	0x5d5
 775 05d4 00       		.byte	0
 776 05d5 08       		.uleb128 0x8
 777 05d6 04       		.byte	0x4
 778 05d7 52010000 		.4byte	0x152
 779 05db 1D       		.uleb128 0x1d
 780 05dc 68000000 		.4byte	.LASF69
 781 05e0 06       		.byte	0x6
 782 05e1 AE       		.byte	0xae
 783 05e2 14       		.byte	0x14
 784 05e3 F3050000 		.4byte	0x5f3
 785 05e7 18       		.uleb128 0x18
 786 05e8 737000   		.ascii	"sp\000"
 787 05eb 06       		.byte	0x6
 788 05ec AE       		.byte	0xae
 789 05ed 32       		.byte	0x32
 790 05ee F3050000 		.4byte	0x5f3
 791 05f2 00       		.byte	0
 792 05f3 08       		.uleb128 0x8
 793 05f4 04       		.byte	0x4
 794 05f5 46010000 		.4byte	0x146
 795 05f9 1D       		.uleb128 0x1d
 796 05fa DF010000 		.4byte	.LASF70
 797 05fe 06       		.byte	0x6
 798 05ff 9E       		.byte	0x9e
ARM GAS  C:\Users\nello\AppData\Local\Temp\ccU8ONsd.s 			page 15


 799 0600 14       		.byte	0x14
 800 0601 11060000 		.4byte	0x611
 801 0605 18       		.uleb128 0x18
 802 0606 737000   		.ascii	"sp\000"
 803 0609 06       		.byte	0x6
 804 060a 9E       		.byte	0x9e
 805 060b 30       		.byte	0x30
 806 060c F3050000 		.4byte	0x5f3
 807 0610 00       		.byte	0
 808 0611 1E       		.uleb128 0x1e
 809 0612 20030000 		.4byte	.LASF71
 810 0616 09       		.byte	0x9
 811 0617 A501     		.2byte	0x1a5
 812 0619 14       		.byte	0x14
 813 061a 28060000 		.4byte	0x628
 814 061e 11       		.uleb128 0x11
 815 061f A9010000 		.4byte	.LASF63
 816 0623 38060000 		.4byte	0x638
 817 0627 00       		.byte	0
 818 0628 12       		.uleb128 0x12
 819 0629 DD000000 		.4byte	0xdd
 820 062d 38060000 		.4byte	0x638
 821 0631 13       		.uleb128 0x13
 822 0632 30000000 		.4byte	0x30
 823 0636 0B       		.byte	0xb
 824 0637 00       		.byte	0
 825 0638 05       		.uleb128 0x5
 826 0639 28060000 		.4byte	0x628
 827 063d 1F       		.uleb128 0x1f
 828 063e 83000000 		.4byte	.LASF72
 829 0642 09       		.byte	0x9
 830 0643 9701     		.2byte	0x197
 831 0645 14       		.byte	0x14
 832 0646 1F       		.uleb128 0x1f
 833 0647 AD020000 		.4byte	.LASF73
 834 064b 0A       		.byte	0xa
 835 064c 1F03     		.2byte	0x31f
 836 064e 1B       		.byte	0x1b
 837 064f 1F       		.uleb128 0x1f
 838 0650 79000000 		.4byte	.LASF74
 839 0654 0A       		.byte	0xa
 840 0655 0B03     		.2byte	0x30b
 841 0657 1B       		.byte	0x1b
 842 0658 20       		.uleb128 0x20
 843 0659 7E030000 		.4byte	.LASF79
 844 065d 0B       		.byte	0xb
 845 065e EB01     		.2byte	0x1eb
 846 0660 1B       		.byte	0x1b
 847 0661 0F       		.uleb128 0xf
 848 0662 4E020000 		.4byte	.LASF75
 849 0666 0B       		.byte	0xb
 850 0667 EB01     		.2byte	0x1eb
 851 0669 32       		.byte	0x32
 852 066a B2000000 		.4byte	0xb2
 853 066e 00       		.byte	0
 854 066f 00       		.byte	0
 855              		.section	.gnu.debuglto_.debug_abbrev,"e",%progbits
ARM GAS  C:\Users\nello\AppData\Local\Temp\ccU8ONsd.s 			page 16


 856              	.Ldebug_abbrev0:
 857 0000 01       		.uleb128 0x1
 858 0001 11       		.uleb128 0x11
 859 0002 01       		.byte	0x1
 860 0003 25       		.uleb128 0x25
 861 0004 0E       		.uleb128 0xe
 862 0005 13       		.uleb128 0x13
 863 0006 0B       		.uleb128 0xb
 864 0007 03       		.uleb128 0x3
 865 0008 0E       		.uleb128 0xe
 866 0009 1B       		.uleb128 0x1b
 867 000a 0E       		.uleb128 0xe
 868 000b 10       		.uleb128 0x10
 869 000c 17       		.uleb128 0x17
 870 000d 00       		.byte	0
 871 000e 00       		.byte	0
 872 000f 02       		.uleb128 0x2
 873 0010 24       		.uleb128 0x24
 874 0011 00       		.byte	0
 875 0012 0B       		.uleb128 0xb
 876 0013 0B       		.uleb128 0xb
 877 0014 3E       		.uleb128 0x3e
 878 0015 0B       		.uleb128 0xb
 879 0016 03       		.uleb128 0x3
 880 0017 08       		.uleb128 0x8
 881 0018 00       		.byte	0
 882 0019 00       		.byte	0
 883 001a 03       		.uleb128 0x3
 884 001b 16       		.uleb128 0x16
 885 001c 00       		.byte	0
 886 001d 03       		.uleb128 0x3
 887 001e 0E       		.uleb128 0xe
 888 001f 3A       		.uleb128 0x3a
 889 0020 0B       		.uleb128 0xb
 890 0021 3B       		.uleb128 0x3b
 891 0022 0B       		.uleb128 0xb
 892 0023 39       		.uleb128 0x39
 893 0024 0B       		.uleb128 0xb
 894 0025 49       		.uleb128 0x49
 895 0026 13       		.uleb128 0x13
 896 0027 00       		.byte	0
 897 0028 00       		.byte	0
 898 0029 04       		.uleb128 0x4
 899 002a 24       		.uleb128 0x24
 900 002b 00       		.byte	0
 901 002c 0B       		.uleb128 0xb
 902 002d 0B       		.uleb128 0xb
 903 002e 3E       		.uleb128 0x3e
 904 002f 0B       		.uleb128 0xb
 905 0030 03       		.uleb128 0x3
 906 0031 0E       		.uleb128 0xe
 907 0032 00       		.byte	0
 908 0033 00       		.byte	0
 909 0034 05       		.uleb128 0x5
 910 0035 26       		.uleb128 0x26
 911 0036 00       		.byte	0
 912 0037 49       		.uleb128 0x49
ARM GAS  C:\Users\nello\AppData\Local\Temp\ccU8ONsd.s 			page 17


 913 0038 13       		.uleb128 0x13
 914 0039 00       		.byte	0
 915 003a 00       		.byte	0
 916 003b 06       		.uleb128 0x6
 917 003c 13       		.uleb128 0x13
 918 003d 01       		.byte	0x1
 919 003e 03       		.uleb128 0x3
 920 003f 0E       		.uleb128 0xe
 921 0040 0B       		.uleb128 0xb
 922 0041 0B       		.uleb128 0xb
 923 0042 3A       		.uleb128 0x3a
 924 0043 0B       		.uleb128 0xb
 925 0044 3B       		.uleb128 0x3b
 926 0045 0B       		.uleb128 0xb
 927 0046 39       		.uleb128 0x39
 928 0047 0B       		.uleb128 0xb
 929 0048 01       		.uleb128 0x1
 930 0049 13       		.uleb128 0x13
 931 004a 00       		.byte	0
 932 004b 00       		.byte	0
 933 004c 07       		.uleb128 0x7
 934 004d 0D       		.uleb128 0xd
 935 004e 00       		.byte	0
 936 004f 03       		.uleb128 0x3
 937 0050 0E       		.uleb128 0xe
 938 0051 3A       		.uleb128 0x3a
 939 0052 0B       		.uleb128 0xb
 940 0053 3B       		.uleb128 0x3b
 941 0054 0B       		.uleb128 0xb
 942 0055 39       		.uleb128 0x39
 943 0056 0B       		.uleb128 0xb
 944 0057 49       		.uleb128 0x49
 945 0058 13       		.uleb128 0x13
 946 0059 38       		.uleb128 0x38
 947 005a 0B       		.uleb128 0xb
 948 005b 00       		.byte	0
 949 005c 00       		.byte	0
 950 005d 08       		.uleb128 0x8
 951 005e 0F       		.uleb128 0xf
 952 005f 00       		.byte	0
 953 0060 0B       		.uleb128 0xb
 954 0061 0B       		.uleb128 0xb
 955 0062 49       		.uleb128 0x49
 956 0063 13       		.uleb128 0x13
 957 0064 00       		.byte	0
 958 0065 00       		.byte	0
 959 0066 09       		.uleb128 0x9
 960 0067 0F       		.uleb128 0xf
 961 0068 00       		.byte	0
 962 0069 0B       		.uleb128 0xb
 963 006a 0B       		.uleb128 0xb
 964 006b 00       		.byte	0
 965 006c 00       		.byte	0
 966 006d 0A       		.uleb128 0xa
 967 006e 0D       		.uleb128 0xd
 968 006f 00       		.byte	0
 969 0070 03       		.uleb128 0x3
ARM GAS  C:\Users\nello\AppData\Local\Temp\ccU8ONsd.s 			page 18


 970 0071 08       		.uleb128 0x8
 971 0072 3A       		.uleb128 0x3a
 972 0073 0B       		.uleb128 0xb
 973 0074 3B       		.uleb128 0x3b
 974 0075 0B       		.uleb128 0xb
 975 0076 39       		.uleb128 0x39
 976 0077 0B       		.uleb128 0xb
 977 0078 49       		.uleb128 0x49
 978 0079 13       		.uleb128 0x13
 979 007a 38       		.uleb128 0x38
 980 007b 0B       		.uleb128 0xb
 981 007c 00       		.byte	0
 982 007d 00       		.byte	0
 983 007e 0B       		.uleb128 0xb
 984 007f 15       		.uleb128 0x15
 985 0080 01       		.byte	0x1
 986 0081 27       		.uleb128 0x27
 987 0082 19       		.uleb128 0x19
 988 0083 49       		.uleb128 0x49
 989 0084 13       		.uleb128 0x13
 990 0085 01       		.uleb128 0x1
 991 0086 13       		.uleb128 0x13
 992 0087 00       		.byte	0
 993 0088 00       		.byte	0
 994 0089 0C       		.uleb128 0xc
 995 008a 05       		.uleb128 0x5
 996 008b 00       		.byte	0
 997 008c 49       		.uleb128 0x49
 998 008d 13       		.uleb128 0x13
 999 008e 00       		.byte	0
 1000 008f 00       		.byte	0
 1001 0090 0D       		.uleb128 0xd
 1002 0091 2E       		.uleb128 0x2e
 1003 0092 01       		.byte	0x1
 1004 0093 3F       		.uleb128 0x3f
 1005 0094 19       		.uleb128 0x19
 1006 0095 03       		.uleb128 0x3
 1007 0096 0E       		.uleb128 0xe
 1008 0097 3A       		.uleb128 0x3a
 1009 0098 0B       		.uleb128 0xb
 1010 0099 3B       		.uleb128 0x3b
 1011 009a 05       		.uleb128 0x5
 1012 009b 39       		.uleb128 0x39
 1013 009c 0B       		.uleb128 0xb
 1014 009d 27       		.uleb128 0x27
 1015 009e 19       		.uleb128 0x19
 1016 009f 49       		.uleb128 0x49
 1017 00a0 13       		.uleb128 0x13
 1018 00a1 01       		.uleb128 0x1
 1019 00a2 13       		.uleb128 0x13
 1020 00a3 00       		.byte	0
 1021 00a4 00       		.byte	0
 1022 00a5 0E       		.uleb128 0xe
 1023 00a6 05       		.uleb128 0x5
 1024 00a7 00       		.byte	0
 1025 00a8 03       		.uleb128 0x3
 1026 00a9 08       		.uleb128 0x8
ARM GAS  C:\Users\nello\AppData\Local\Temp\ccU8ONsd.s 			page 19


 1027 00aa 3A       		.uleb128 0x3a
 1028 00ab 0B       		.uleb128 0xb
 1029 00ac 3B       		.uleb128 0x3b
 1030 00ad 05       		.uleb128 0x5
 1031 00ae 39       		.uleb128 0x39
 1032 00af 0B       		.uleb128 0xb
 1033 00b0 49       		.uleb128 0x49
 1034 00b1 13       		.uleb128 0x13
 1035 00b2 00       		.byte	0
 1036 00b3 00       		.byte	0
 1037 00b4 0F       		.uleb128 0xf
 1038 00b5 05       		.uleb128 0x5
 1039 00b6 00       		.byte	0
 1040 00b7 03       		.uleb128 0x3
 1041 00b8 0E       		.uleb128 0xe
 1042 00b9 3A       		.uleb128 0x3a
 1043 00ba 0B       		.uleb128 0xb
 1044 00bb 3B       		.uleb128 0x3b
 1045 00bc 05       		.uleb128 0x5
 1046 00bd 39       		.uleb128 0x39
 1047 00be 0B       		.uleb128 0xb
 1048 00bf 49       		.uleb128 0x49
 1049 00c0 13       		.uleb128 0x13
 1050 00c1 00       		.byte	0
 1051 00c2 00       		.byte	0
 1052 00c3 10       		.uleb128 0x10
 1053 00c4 2E       		.uleb128 0x2e
 1054 00c5 01       		.byte	0x1
 1055 00c6 3F       		.uleb128 0x3f
 1056 00c7 19       		.uleb128 0x19
 1057 00c8 03       		.uleb128 0x3
 1058 00c9 0E       		.uleb128 0xe
 1059 00ca 3A       		.uleb128 0x3a
 1060 00cb 0B       		.uleb128 0xb
 1061 00cc 3B       		.uleb128 0x3b
 1062 00cd 05       		.uleb128 0x5
 1063 00ce 39       		.uleb128 0x39
 1064 00cf 0B       		.uleb128 0xb
 1065 00d0 27       		.uleb128 0x27
 1066 00d1 19       		.uleb128 0x19
 1067 00d2 01       		.uleb128 0x1
 1068 00d3 13       		.uleb128 0x13
 1069 00d4 00       		.byte	0
 1070 00d5 00       		.byte	0
 1071 00d6 11       		.uleb128 0x11
 1072 00d7 34       		.uleb128 0x34
 1073 00d8 00       		.byte	0
 1074 00d9 03       		.uleb128 0x3
 1075 00da 0E       		.uleb128 0xe
 1076 00db 49       		.uleb128 0x49
 1077 00dc 13       		.uleb128 0x13
 1078 00dd 34       		.uleb128 0x34
 1079 00de 19       		.uleb128 0x19
 1080 00df 00       		.byte	0
 1081 00e0 00       		.byte	0
 1082 00e1 12       		.uleb128 0x12
 1083 00e2 01       		.uleb128 0x1
ARM GAS  C:\Users\nello\AppData\Local\Temp\ccU8ONsd.s 			page 20


 1084 00e3 01       		.byte	0x1
 1085 00e4 49       		.uleb128 0x49
 1086 00e5 13       		.uleb128 0x13
 1087 00e6 01       		.uleb128 0x1
 1088 00e7 13       		.uleb128 0x13
 1089 00e8 00       		.byte	0
 1090 00e9 00       		.byte	0
 1091 00ea 13       		.uleb128 0x13
 1092 00eb 21       		.uleb128 0x21
 1093 00ec 00       		.byte	0
 1094 00ed 49       		.uleb128 0x49
 1095 00ee 13       		.uleb128 0x13
 1096 00ef 2F       		.uleb128 0x2f
 1097 00f0 0B       		.uleb128 0xb
 1098 00f1 00       		.byte	0
 1099 00f2 00       		.byte	0
 1100 00f3 14       		.uleb128 0x14
 1101 00f4 34       		.uleb128 0x34
 1102 00f5 00       		.byte	0
 1103 00f6 03       		.uleb128 0x3
 1104 00f7 0E       		.uleb128 0xe
 1105 00f8 3A       		.uleb128 0x3a
 1106 00f9 0B       		.uleb128 0xb
 1107 00fa 3B       		.uleb128 0x3b
 1108 00fb 05       		.uleb128 0x5
 1109 00fc 39       		.uleb128 0x39
 1110 00fd 0B       		.uleb128 0xb
 1111 00fe 49       		.uleb128 0x49
 1112 00ff 13       		.uleb128 0x13
 1113 0100 00       		.byte	0
 1114 0101 00       		.byte	0
 1115 0102 15       		.uleb128 0x15
 1116 0103 0B       		.uleb128 0xb
 1117 0104 01       		.byte	0x1
 1118 0105 00       		.byte	0
 1119 0106 00       		.byte	0
 1120 0107 16       		.uleb128 0x16
 1121 0108 34       		.uleb128 0x34
 1122 0109 00       		.byte	0
 1123 010a 03       		.uleb128 0x3
 1124 010b 08       		.uleb128 0x8
 1125 010c 3A       		.uleb128 0x3a
 1126 010d 0B       		.uleb128 0xb
 1127 010e 3B       		.uleb128 0x3b
 1128 010f 05       		.uleb128 0x5
 1129 0110 39       		.uleb128 0x39
 1130 0111 0B       		.uleb128 0xb
 1131 0112 49       		.uleb128 0x49
 1132 0113 13       		.uleb128 0x13
 1133 0114 00       		.byte	0
 1134 0115 00       		.byte	0
 1135 0116 17       		.uleb128 0x17
 1136 0117 2E       		.uleb128 0x2e
 1137 0118 01       		.byte	0x1
 1138 0119 3F       		.uleb128 0x3f
 1139 011a 19       		.uleb128 0x19
 1140 011b 03       		.uleb128 0x3
ARM GAS  C:\Users\nello\AppData\Local\Temp\ccU8ONsd.s 			page 21


 1141 011c 0E       		.uleb128 0xe
 1142 011d 3A       		.uleb128 0x3a
 1143 011e 0B       		.uleb128 0xb
 1144 011f 3B       		.uleb128 0x3b
 1145 0120 0B       		.uleb128 0xb
 1146 0121 39       		.uleb128 0x39
 1147 0122 0B       		.uleb128 0xb
 1148 0123 27       		.uleb128 0x27
 1149 0124 19       		.uleb128 0x19
 1150 0125 01       		.uleb128 0x1
 1151 0126 13       		.uleb128 0x13
 1152 0127 00       		.byte	0
 1153 0128 00       		.byte	0
 1154 0129 18       		.uleb128 0x18
 1155 012a 05       		.uleb128 0x5
 1156 012b 00       		.byte	0
 1157 012c 03       		.uleb128 0x3
 1158 012d 08       		.uleb128 0x8
 1159 012e 3A       		.uleb128 0x3a
 1160 012f 0B       		.uleb128 0xb
 1161 0130 3B       		.uleb128 0x3b
 1162 0131 0B       		.uleb128 0xb
 1163 0132 39       		.uleb128 0x39
 1164 0133 0B       		.uleb128 0xb
 1165 0134 49       		.uleb128 0x49
 1166 0135 13       		.uleb128 0x13
 1167 0136 00       		.byte	0
 1168 0137 00       		.byte	0
 1169 0138 19       		.uleb128 0x19
 1170 0139 05       		.uleb128 0x5
 1171 013a 00       		.byte	0
 1172 013b 03       		.uleb128 0x3
 1173 013c 0E       		.uleb128 0xe
 1174 013d 3A       		.uleb128 0x3a
 1175 013e 0B       		.uleb128 0xb
 1176 013f 3B       		.uleb128 0x3b
 1177 0140 0B       		.uleb128 0xb
 1178 0141 39       		.uleb128 0x39
 1179 0142 0B       		.uleb128 0xb
 1180 0143 49       		.uleb128 0x49
 1181 0144 13       		.uleb128 0x13
 1182 0145 00       		.byte	0
 1183 0146 00       		.byte	0
 1184 0147 1A       		.uleb128 0x1a
 1185 0148 2E       		.uleb128 0x2e
 1186 0149 01       		.byte	0x1
 1187 014a 03       		.uleb128 0x3
 1188 014b 0E       		.uleb128 0xe
 1189 014c 3A       		.uleb128 0x3a
 1190 014d 0B       		.uleb128 0xb
 1191 014e 3B       		.uleb128 0x3b
 1192 014f 0B       		.uleb128 0xb
 1193 0150 39       		.uleb128 0x39
 1194 0151 0B       		.uleb128 0xb
 1195 0152 27       		.uleb128 0x27
 1196 0153 19       		.uleb128 0x19
 1197 0154 49       		.uleb128 0x49
ARM GAS  C:\Users\nello\AppData\Local\Temp\ccU8ONsd.s 			page 22


 1198 0155 13       		.uleb128 0x13
 1199 0156 01       		.uleb128 0x1
 1200 0157 13       		.uleb128 0x13
 1201 0158 00       		.byte	0
 1202 0159 00       		.byte	0
 1203 015a 1B       		.uleb128 0x1b
 1204 015b 34       		.uleb128 0x34
 1205 015c 00       		.byte	0
 1206 015d 03       		.uleb128 0x3
 1207 015e 0E       		.uleb128 0xe
 1208 015f 3A       		.uleb128 0x3a
 1209 0160 0B       		.uleb128 0xb
 1210 0161 3B       		.uleb128 0x3b
 1211 0162 0B       		.uleb128 0xb
 1212 0163 39       		.uleb128 0x39
 1213 0164 0B       		.uleb128 0xb
 1214 0165 49       		.uleb128 0x49
 1215 0166 13       		.uleb128 0x13
 1216 0167 00       		.byte	0
 1217 0168 00       		.byte	0
 1218 0169 1C       		.uleb128 0x1c
 1219 016a 34       		.uleb128 0x34
 1220 016b 00       		.byte	0
 1221 016c 03       		.uleb128 0x3
 1222 016d 08       		.uleb128 0x8
 1223 016e 3A       		.uleb128 0x3a
 1224 016f 0B       		.uleb128 0xb
 1225 0170 3B       		.uleb128 0x3b
 1226 0171 0B       		.uleb128 0xb
 1227 0172 39       		.uleb128 0x39
 1228 0173 0B       		.uleb128 0xb
 1229 0174 49       		.uleb128 0x49
 1230 0175 13       		.uleb128 0x13
 1231 0176 00       		.byte	0
 1232 0177 00       		.byte	0
 1233 0178 1D       		.uleb128 0x1d
 1234 0179 2E       		.uleb128 0x2e
 1235 017a 01       		.byte	0x1
 1236 017b 03       		.uleb128 0x3
 1237 017c 0E       		.uleb128 0xe
 1238 017d 3A       		.uleb128 0x3a
 1239 017e 0B       		.uleb128 0xb
 1240 017f 3B       		.uleb128 0x3b
 1241 0180 0B       		.uleb128 0xb
 1242 0181 39       		.uleb128 0x39
 1243 0182 0B       		.uleb128 0xb
 1244 0183 27       		.uleb128 0x27
 1245 0184 19       		.uleb128 0x19
 1246 0185 01       		.uleb128 0x1
 1247 0186 13       		.uleb128 0x13
 1248 0187 00       		.byte	0
 1249 0188 00       		.byte	0
 1250 0189 1E       		.uleb128 0x1e
 1251 018a 2E       		.uleb128 0x2e
 1252 018b 01       		.byte	0x1
 1253 018c 03       		.uleb128 0x3
 1254 018d 0E       		.uleb128 0xe
ARM GAS  C:\Users\nello\AppData\Local\Temp\ccU8ONsd.s 			page 23


 1255 018e 3A       		.uleb128 0x3a
 1256 018f 0B       		.uleb128 0xb
 1257 0190 3B       		.uleb128 0x3b
 1258 0191 05       		.uleb128 0x5
 1259 0192 39       		.uleb128 0x39
 1260 0193 0B       		.uleb128 0xb
 1261 0194 27       		.uleb128 0x27
 1262 0195 19       		.uleb128 0x19
 1263 0196 01       		.uleb128 0x1
 1264 0197 13       		.uleb128 0x13
 1265 0198 00       		.byte	0
 1266 0199 00       		.byte	0
 1267 019a 1F       		.uleb128 0x1f
 1268 019b 2E       		.uleb128 0x2e
 1269 019c 00       		.byte	0
 1270 019d 03       		.uleb128 0x3
 1271 019e 0E       		.uleb128 0xe
 1272 019f 3A       		.uleb128 0x3a
 1273 01a0 0B       		.uleb128 0xb
 1274 01a1 3B       		.uleb128 0x3b
 1275 01a2 05       		.uleb128 0x5
 1276 01a3 39       		.uleb128 0x39
 1277 01a4 0B       		.uleb128 0xb
 1278 01a5 27       		.uleb128 0x27
 1279 01a6 19       		.uleb128 0x19
 1280 01a7 00       		.byte	0
 1281 01a8 00       		.byte	0
 1282 01a9 20       		.uleb128 0x20
 1283 01aa 2E       		.uleb128 0x2e
 1284 01ab 01       		.byte	0x1
 1285 01ac 03       		.uleb128 0x3
 1286 01ad 0E       		.uleb128 0xe
 1287 01ae 3A       		.uleb128 0x3a
 1288 01af 0B       		.uleb128 0xb
 1289 01b0 3B       		.uleb128 0x3b
 1290 01b1 05       		.uleb128 0x5
 1291 01b2 39       		.uleb128 0x39
 1292 01b3 0B       		.uleb128 0xb
 1293 01b4 27       		.uleb128 0x27
 1294 01b5 19       		.uleb128 0x19
 1295 01b6 00       		.byte	0
 1296 01b7 00       		.byte	0
 1297 01b8 00       		.byte	0
 1298              		.section	.gnu.debuglto_.debug_line,"e",%progbits
 1299              	.Ldebug_line0:
 1300 0000 83020000 		.4byte	.LELT0-.LSLT0
 1301              	.LSLT0:
 1302 0004 0400     		.2byte	0x4
 1303 0006 7D020000 		.4byte	.LELTP0-.LASLTP0
 1304              	.LASLTP0:
 1305 000a 01       		.byte	0x1
 1306 000b 01       		.byte	0x1
 1307 000c 01       		.byte	0x1
 1308 000d F6       		.byte	0xf6
 1309 000e F2       		.byte	0xf2
 1310 000f 0D       		.byte	0xd
 1311 0010 00       		.byte	0
ARM GAS  C:\Users\nello\AppData\Local\Temp\ccU8ONsd.s 			page 24


 1312 0011 01       		.byte	0x1
 1313 0012 01       		.byte	0x1
 1314 0013 01       		.byte	0x1
 1315 0014 01       		.byte	0x1
 1316 0015 00       		.byte	0
 1317 0016 00       		.byte	0
 1318 0017 00       		.byte	0
 1319 0018 01       		.byte	0x1
 1320 0019 00       		.byte	0
 1321 001a 00       		.byte	0
 1322 001b 01       		.byte	0x1
 1323 001c 2E2E2F2E 		.ascii	"../../chibios2111/os/common/ext/ARM/CMSIS/Core/Incl"
 1323      2E2F6368 
 1323      6962696F 
 1323      73323131 
 1323      312F6F73 
 1324 004f 756465   		.ascii	"ude"
 1325 0052 00       		.byte	0
 1326 0053 2E2E2F2E 		.ascii	"../../chibios2111/os/common/ports/ARMv7-M-ALT"
 1326      2E2F6368 
 1326      6962696F 
 1326      73323131 
 1326      312F6F73 
 1327 0080 00       		.byte	0
 1328 0081 2E2E2F2E 		.ascii	"../../chibios2111/os/oslib/include"
 1328      2E2F6368 
 1328      6962696F 
 1328      73323131 
 1328      312F6F73 
 1329 00a3 00       		.byte	0
 1330 00a4 2E2E2F2E 		.ascii	"../../chibios2111/os/oslib/src"
 1330      2E2F6368 
 1330      6962696F 
 1330      73323131 
 1330      312F6F73 
 1331 00c2 00       		.byte	0
 1332 00c3 2E2E2F2E 		.ascii	"../../chibios2111/os/rt/include"
 1332      2E2F6368 
 1332      6962696F 
 1332      73323131 
 1332      312F6F73 
 1333 00e2 00       		.byte	0
 1334 00e3 633A5C63 		.ascii	"c:\\chibistudio\\tools\\gnu tools arm embedded\\10."
 1334      68696269 
 1334      73747564 
 1334      696F5C74 
 1334      6F6F6C73 
 1335 0112 33203230 		.ascii	"3 2021.10\\arm-none-eabi\\include\\machine"
 1335      32312E31 
 1335      305C6172 
 1335      6D2D6E6F 
 1335      6E652D65 
 1336 0139 00       		.byte	0
 1337 013a 633A5C63 		.ascii	"c:\\chibistudio\\tools\\gnu tools arm embedded\\10."
 1337      68696269 
 1337      73747564 
 1337      696F5C74 
ARM GAS  C:\Users\nello\AppData\Local\Temp\ccU8ONsd.s 			page 25


 1337      6F6F6C73 
 1338 0169 33203230 		.ascii	"3 2021.10\\arm-none-eabi\\include\\sys"
 1338      32312E31 
 1338      305C6172 
 1338      6D2D6E6F 
 1338      6E652D65 
 1339 018c 00       		.byte	0
 1340 018d 633A5C63 		.ascii	"c:\\chibistudio\\tools\\gnu tools arm embedded\\10."
 1340      68696269 
 1340      73747564 
 1340      696F5C74 
 1340      6F6F6C73 
 1341 01bc 33203230 		.ascii	"3 2021.10\\lib\\gcc\\arm-none-eabi\\10.3.1\\include"
 1341      32312E31 
 1341      305C6C69 
 1341      625C6763 
 1341      635C6172 
 1342 01ea 00       		.byte	0
 1343 01eb 00       		.byte	0
 1344 01ec 73746464 		.ascii	"stddef.h\000"
 1344      65662E68 
 1344      00
 1345 01f5 08       		.uleb128 0x8
 1346 01f6 00       		.uleb128 0
 1347 01f7 00       		.uleb128 0
 1348 01f8 5F646566 		.ascii	"_default_types.h\000"
 1348      61756C74 
 1348      5F747970 
 1348      65732E68 
 1348      00
 1349 0209 06       		.uleb128 0x6
 1350 020a 00       		.uleb128 0
 1351 020b 00       		.uleb128 0
 1352 020c 5F737464 		.ascii	"_stdint.h\000"
 1352      696E742E 
 1352      6800
 1353 0216 07       		.uleb128 0x7
 1354 0217 00       		.uleb128 0
 1355 0218 00       		.uleb128 0
 1356 0219 63686561 		.ascii	"chearly.h\000"
 1356      726C792E 
 1356      6800
 1357 0223 05       		.uleb128 0x5
 1358 0224 00       		.uleb128 0
 1359 0225 00       		.uleb128 0
 1360 0226 63686C69 		.ascii	"chlists.h\000"
 1360      7374732E 
 1360      6800
 1361 0230 05       		.uleb128 0x5
 1362 0231 00       		.uleb128 0
 1363 0232 00       		.uleb128 0
 1364 0233 63687365 		.ascii	"chsem.h\000"
 1364      6D2E6800 
 1365 023b 05       		.uleb128 0x5
 1366 023c 00       		.uleb128 0
 1367 023d 00       		.uleb128 0
 1368 023e 63686F62 		.ascii	"chobjcaches.h\000"
ARM GAS  C:\Users\nello\AppData\Local\Temp\ccU8ONsd.s 			page 26


 1368      6A636163 
 1368      6865732E 
 1368      6800
 1369 024c 03       		.uleb128 0x3
 1370 024d 00       		.uleb128 0
 1371 024e 00       		.uleb128 0
 1372 024f 63686F62 		.ascii	"chobjcaches.c\000"
 1372      6A636163 
 1372      6865732E 
 1372      6300
 1373 025d 04       		.uleb128 0x4
 1374 025e 00       		.uleb128 0
 1375 025f 00       		.uleb128 0
 1376 0260 63687379 		.ascii	"chsys.h\000"
 1376      732E6800 
 1377 0268 05       		.uleb128 0x5
 1378 0269 00       		.uleb128 0
 1379 026a 00       		.uleb128 0
 1380 026b 6368636F 		.ascii	"chcore.h\000"
 1380      72652E68 
 1380      00
 1381 0274 02       		.uleb128 0x2
 1382 0275 00       		.uleb128 0
 1383 0276 00       		.uleb128 0
 1384 0277 636D7369 		.ascii	"cmsis_gcc.h\000"
 1384      735F6763 
 1384      632E6800 
 1385 0283 01       		.uleb128 0x1
 1386 0284 00       		.uleb128 0
 1387 0285 00       		.uleb128 0
 1388 0286 00       		.byte	0
 1389              	.LELTP0:
 1390              	.LELT0:
 1391              		.section	.gnu.debuglto_.debug_str,"eMS",%progbits,1
 1392              	.LASF56:
 1393 0000 6F635F77 		.ascii	"oc_writef_t\000"
 1393      72697465 
 1393      665F7400 
 1394              	.LASF43:
 1395 000c 64707472 		.ascii	"dptr\000"
 1395      00
 1396              	.LASF52:
 1397 0011 6C72755F 		.ascii	"lru_sem\000"
 1397      73656D00 
 1398              	.LASF21:
 1399 0019 6E657874 		.ascii	"next\000"
 1399      00
 1400              	.LASF7:
 1401 001e 73686F72 		.ascii	"short int\000"
 1401      7420696E 
 1401      7400
 1402              	.LASF4:
 1403 0028 73697A65 		.ascii	"size_t\000"
 1403      5F7400
 1404              	.LASF68:
 1405 002f 63685365 		.ascii	"chSemGetCounterI\000"
 1405      6D476574 
ARM GAS  C:\Users\nello\AppData\Local\Temp\ccU8ONsd.s 			page 27


 1405      436F756E 
 1405      74657249 
 1405      00
 1406              	.LASF38:
 1407 0040 63685F6F 		.ascii	"ch_oc_object\000"
 1407      635F6F62 
 1407      6A656374 
 1407      00
 1408              	.LASF42:
 1409 004d 6F626A5F 		.ascii	"obj_flags\000"
 1409      666C6167 
 1409      7300
 1410              	.LASF54:
 1411 0057 77726974 		.ascii	"writef\000"
 1411      656600
 1412              	.LASF39:
 1413 005e 6F626A5F 		.ascii	"obj_group\000"
 1413      67726F75 
 1413      7000
 1414              	.LASF69:
 1415 0068 63685365 		.ascii	"chSemFastSignalI\000"
 1415      6D466173 
 1415      74536967 
 1415      6E616C49 
 1415      00
 1416              	.LASF74:
 1417 0079 706F7274 		.ascii	"port_lock\000"
 1417      5F6C6F63 
 1417      6B00
 1418              	.LASF72:
 1419 0083 63685379 		.ascii	"chSysLock\000"
 1419      734C6F63 
 1419      6B00
 1420              	.LASF37:
 1421 008d 6F635F6F 		.ascii	"oc_object_t\000"
 1421      626A6563 
 1421      745F7400 
 1422              	.LASF64:
 1423 0099 63684361 		.ascii	"chCacheReleaseObjectI\000"
 1423      63686552 
 1423      656C6561 
 1423      73654F62 
 1423      6A656374 
 1424              	.LASF50:
 1425 00af 6F626A76 		.ascii	"objvp\000"
 1425      7000
 1426              	.LASF44:
 1427 00b5 6F626A65 		.ascii	"objects_cache_t\000"
 1427      6374735F 
 1427      63616368 
 1427      655F7400 
 1428              	.LASF45:
 1429 00c5 63685F6F 		.ascii	"ch_objects_cache\000"
 1429      626A6563 
 1429      74735F63 
 1429      61636865 
 1429      00
ARM GAS  C:\Users\nello\AppData\Local\Temp\ccU8ONsd.s 			page 28


 1430              	.LASF14:
 1431 00d6 75696E74 		.ascii	"uint8_t\000"
 1431      385F7400 
 1432              	.LASF65:
 1433 00de 63684361 		.ascii	"chCacheObjectInit\000"
 1433      6368654F 
 1433      626A6563 
 1433      74496E69 
 1433      7400
 1434              	.LASF61:
 1435 00f0 63684361 		.ascii	"chCacheGetObject\000"
 1435      63686547 
 1435      65744F62 
 1435      6A656374 
 1435      00
 1436              	.LASF20:
 1437 0101 63685F71 		.ascii	"ch_queue_t\000"
 1437      75657565 
 1437      5F7400
 1438              	.LASF16:
 1439 010c 75696E74 		.ascii	"uint32_t\000"
 1439      33325F74 
 1439      00
 1440              	.LASF26:
 1441 0115 73656D61 		.ascii	"semaphore_t\000"
 1441      70686F72 
 1441      655F7400 
 1442              	.LASF49:
 1443 0121 6F626A73 		.ascii	"objsz\000"
 1443      7A00
 1444              	.LASF2:
 1445 0127 6C6F6E67 		.ascii	"long double\000"
 1445      20646F75 
 1445      626C6500 
 1446              	.LASF1:
 1447 0133 6C6F6E67 		.ascii	"long long int\000"
 1447      206C6F6E 
 1447      6720696E 
 1447      7400
 1448              	.LASF13:
 1449 0141 6C6F6E67 		.ascii	"long long unsigned int\000"
 1449      206C6F6E 
 1449      6720756E 
 1449      7369676E 
 1449      65642069 
 1450              	.LASF28:
 1451 0158 6F635F66 		.ascii	"oc_flags_t\000"
 1451      6C616773 
 1451      5F7400
 1452              	.LASF10:
 1453 0163 6C6F6E67 		.ascii	"long int\000"
 1453      20696E74 
 1453      00
 1454              	.LASF5:
 1455 016c 5F5F7569 		.ascii	"__uint8_t\000"
 1455      6E74385F 
 1455      7400
ARM GAS  C:\Users\nello\AppData\Local\Temp\ccU8ONsd.s 			page 29


 1456              	.LASF40:
 1457 0176 6F626A5F 		.ascii	"obj_key\000"
 1457      6B657900 
 1458              	.LASF25:
 1459 017e 71756575 		.ascii	"queue\000"
 1459      6500
 1460              	.LASF41:
 1461 0184 6F626A5F 		.ascii	"obj_sem\000"
 1461      73656D00 
 1462              	.LASF6:
 1463 018c 756E7369 		.ascii	"unsigned char\000"
 1463      676E6564 
 1463      20636861 
 1463      7200
 1464              	.LASF66:
 1465 019a 6C72755F 		.ascii	"lru_get_last_s\000"
 1465      6765745F 
 1465      6C617374 
 1465      5F7300
 1466              	.LASF63:
 1467 01a9 5F5F6675 		.ascii	"__func__\000"
 1467      6E635F5F 
 1467      00
 1468              	.LASF77:
 1469 01b2 2E2E2F2E 		.ascii	"../../chibios2111/os/oslib/src/chobjcaches.c\000"
 1469      2E2F6368 
 1469      6962696F 
 1469      73323131 
 1469      312F6F73 
 1470              	.LASF70:
 1471 01df 63685365 		.ascii	"chSemFastWaitI\000"
 1471      6D466173 
 1471      74576169 
 1471      744900
 1472              	.LASF9:
 1473 01ee 5F5F696E 		.ascii	"__int32_t\000"
 1473      7433325F 
 1473      7400
 1474              	.LASF3:
 1475 01f8 7369676E 		.ascii	"signed char\000"
 1475      65642063 
 1475      68617200 
 1476              	.LASF62:
 1477 0204 67726F75 		.ascii	"group\000"
 1477      7000
 1478              	.LASF46:
 1479 020a 68617368 		.ascii	"hashn\000"
 1479      6E00
 1480              	.LASF0:
 1481 0210 756E7369 		.ascii	"unsigned int\000"
 1481      676E6564 
 1481      20696E74 
 1481      00
 1482              	.LASF47:
 1483 021d 68617368 		.ascii	"hashp\000"
 1483      7000
 1484              	.LASF53:
ARM GAS  C:\Users\nello\AppData\Local\Temp\ccU8ONsd.s 			page 30


 1485 0223 72656164 		.ascii	"readf\000"
 1485      6600
 1486              	.LASF30:
 1487 0229 63685F6F 		.ascii	"ch_oc_hash_header\000"
 1487      635F6861 
 1487      73685F68 
 1487      65616465 
 1487      7200
 1488              	.LASF8:
 1489 023b 73686F72 		.ascii	"short unsigned int\000"
 1489      7420756E 
 1489      7369676E 
 1489      65642069 
 1489      6E7400
 1490              	.LASF75:
 1491 024e 62617365 		.ascii	"basePri\000"
 1491      50726900 
 1492              	.LASF58:
 1493 0256 6173796E 		.ascii	"async\000"
 1493      6300
 1494              	.LASF32:
 1495 025c 68617368 		.ascii	"hash_prev\000"
 1495      5F707265 
 1495      7600
 1496              	.LASF55:
 1497 0266 6F635F72 		.ascii	"oc_readf_t\000"
 1497      65616466 
 1497      5F7400
 1498              	.LASF19:
 1499 0271 63686172 		.ascii	"char\000"
 1499      00
 1500              	.LASF51:
 1501 0276 63616368 		.ascii	"cache_sem\000"
 1501      655F7365 
 1501      6D00
 1502              	.LASF18:
 1503 0280 75636E74 		.ascii	"ucnt_t\000"
 1503      5F7400
 1504              	.LASF15:
 1505 0287 696E7433 		.ascii	"int32_t\000"
 1505      325F7400 
 1506              	.LASF17:
 1507 028f 636E745F 		.ascii	"cnt_t\000"
 1507      7400
 1508              	.LASF60:
 1509 0295 63684361 		.ascii	"chCacheReadObject\000"
 1509      63686552 
 1509      6561644F 
 1509      626A6563 
 1509      7400
 1510              	.LASF27:
 1511 02a7 5F426F6F 		.ascii	"_Bool\000"
 1511      6C00
 1512              	.LASF73:
 1513 02ad 706F7274 		.ascii	"port_unlock\000"
 1513      5F756E6C 
 1513      6F636B00 
ARM GAS  C:\Users\nello\AppData\Local\Temp\ccU8ONsd.s 			page 31


 1514              	.LASF12:
 1515 02b9 6C6F6E67 		.ascii	"long unsigned int\000"
 1515      20756E73 
 1515      69676E65 
 1515      6420696E 
 1515      7400
 1516              	.LASF78:
 1517 02cb 433A5C43 		.ascii	"C:\\ChibiStudio\\workspace_user\\GestureLogicv4\000"
 1517      68696269 
 1517      53747564 
 1517      696F5C77 
 1517      6F726B73 
 1518              	.LASF59:
 1519 02f8 63684361 		.ascii	"chCacheWriteObject\000"
 1519      63686557 
 1519      72697465 
 1519      4F626A65 
 1519      637400
 1520              	.LASF31:
 1521 030b 68617368 		.ascii	"hash_next\000"
 1521      5F6E6578 
 1521      7400
 1522              	.LASF11:
 1523 0315 5F5F7569 		.ascii	"__uint32_t\000"
 1523      6E743332 
 1523      5F7400
 1524              	.LASF71:
 1525 0320 63685379 		.ascii	"chSysUnlock\000"
 1525      73556E6C 
 1525      6F636B00 
 1526              	.LASF24:
 1527 032c 63685F73 		.ascii	"ch_semaphore\000"
 1527      656D6170 
 1527      686F7265 
 1527      00
 1528              	.LASF48:
 1529 0339 6F626A6E 		.ascii	"objn\000"
 1529      00
 1530              	.LASF57:
 1531 033e 6F626A70 		.ascii	"objp\000"
 1531      00
 1532              	.LASF33:
 1533 0343 6F635F6C 		.ascii	"oc_lru_header_t\000"
 1533      72755F68 
 1533      65616465 
 1533      725F7400 
 1534              	.LASF23:
 1535 0353 63685F71 		.ascii	"ch_queue\000"
 1535      75657565 
 1535      00
 1536              	.LASF34:
 1537 035c 63685F6F 		.ascii	"ch_oc_lru_header\000"
 1537      635F6C72 
 1537      755F6865 
 1537      61646572 
 1537      00
 1538              	.LASF29:
ARM GAS  C:\Users\nello\AppData\Local\Temp\ccU8ONsd.s 			page 32


 1539 036d 6F635F68 		.ascii	"oc_hash_header_t\000"
 1539      6173685F 
 1539      68656164 
 1539      65725F74 
 1539      00
 1540              	.LASF79:
 1541 037e 5F5F7365 		.ascii	"__set_BASEPRI\000"
 1541      745F4241 
 1541      53455052 
 1541      4900
 1542              	.LASF36:
 1543 038c 6C72755F 		.ascii	"lru_prev\000"
 1543      70726576 
 1543      00
 1544              	.LASF22:
 1545 0395 70726576 		.ascii	"prev\000"
 1545      00
 1546              	.LASF35:
 1547 039a 6C72755F 		.ascii	"lru_next\000"
 1547      6E657874 
 1547      00
 1548              	.LASF67:
 1549 03a3 68617368 		.ascii	"hash_get_s\000"
 1549      5F676574 
 1549      5F7300
 1550              	.LASF76:
 1551 03ae 474E5520 		.ascii	"GNU C17 10.3.1 20210824 (release) -mcpu=cortex-m4 -"
 1551      43313720 
 1551      31302E33 
 1551      2E312032 
 1551      30323130 
 1552 03e1 6D746875 		.ascii	"mthumb -mfloat-abi=soft -march=armv7e-m -ggdb -O0 -"
 1552      6D62202D 
 1552      6D666C6F 
 1552      61742D61 
 1552      62693D73 
 1553 0414 666F6D69 		.ascii	"fomit-frame-pointer -falign-functions=16 -ffunction"
 1553      742D6672 
 1553      616D652D 
 1553      706F696E 
 1553      74657220 
 1554 0447 2D736563 		.ascii	"-sections -fdata-sections -fno-common -flto\000"
 1554      74696F6E 
 1554      73202D66 
 1554      64617461 
 1554      2D736563 
 1555              		.text
 1556              		.section	.gnu.lto_.inline.71a43691,"e",%progbits
 1557 0000 789C9591 		.ascii	"x\234\225\221\261\015\3020\024D/\337I\200$J\001\214"
 1557      B10DC230 
 1557      14442FDF 
 1557      4980244A 
 1557      018C
 1558 0012 40854441 		.ascii	"@\205DA\207\020%-\036\201\012\004,\201`\003\227\024"
 1558      8710252D 
 1558      1E810A04 
 1558      2C816003 
ARM GAS  C:\Users\nello\AppData\Local\Temp\ccU8ONsd.s 			page 33


 1558      9714
 1559 0024 0CC10014 		.ascii	"\014\301\000\024\214\300\020\014@\301\000\\L\034\024"
 1559      8CC0100C 
 1559      40C1005C 
 1559      4C1C14
 1560 0033 0B29C285 		.ascii	"\013)\302\205\377}\353\375\363%^\010\252\225\001\341"
 1560      FF7DEBFD 
 1560      F3255E08 
 1560      AA9501E1 
 1561 0043 814BAD00 		.ascii	"\201K\255\000\251T\210#\325^P\220A#!\210\331\334dM\331"
 1561      A9548823 
 1561      D55E5090 
 1561      41232188 
 1561      D9DC644D 
 1562 0058 76AA46A8 		.ascii	"v\252F\250F\"l\274%B\237\315E6$\006N\325\210\030C6\017"
 1562      46226CBC 
 1562      25429FCD 
 1562      45362406 
 1562      4ED58818 
 1563 006f D9919850 		.ascii	"\331\221\230P\335\225O\004IP\355\222r\017\214v5\356"
 1563      DD954F04 
 1563      4950ED92 
 1563      720F8C76 
 1563      35EE
 1564 0081 B22AA38D 		.ascii	"\262*\243\215F\013#\316\234\255\321\234\352$[\377\203"
 1564      460B23CE 
 1564      9CADD19C 
 1564      EA245BFF 
 1564      83
 1565 0092 32C24254 		.ascii	"2\302BTe\260\302h\247\320\306\230\340U\025\3233\252"
 1565      65B0C268 
 1565      A7D0C698 
 1565      E05515D3 
 1565      33AA
 1566 00a4 E78F18B0 		.ascii	"\347\217\030\260\036(\003\324\253;\217r\224\201\214"
 1566      1E2803D4 
 1566      AB3B8F72 
 1566      94818C
 1567 00b3 FE4C7430 		.ascii	"\376Lt0\245\311\313\346Z\332\237\344\347\362\275|\317"
 1567      A5C9CBE6 
 1567      5ADA9FE4 
 1567      E7F2BD7C 
 1567      CF
 1568 00c4 04396153 		.ascii	"\0049aS$\222\304:\370\017\321\352}oM\377\242\361\006"
 1568      2492C43A 
 1568      F80FD1EA 
 1568      7D6F4DFF 
 1568      A2F106
 1569 00d7 CC1675E8 		.ascii	"\314\026u\350"
 1570              		.text
 1571              		.section	.gnu.lto_.jmpfuncs.71a43691,"e",%progbits
 1572 0000 789C6362 		.ascii	"x\234cb@\006\000\000*\000\003"
 1572      40060000 
 1572      2A0003
 1573              		.text
 1574              		.section	.gnu.lto_.lto.71a43691,"e",%progbits
 1575 0000 09000400 		.ascii	"\011\000\004\000\001\000\000\000"
ARM GAS  C:\Users\nello\AppData\Local\Temp\ccU8ONsd.s 			page 34


 1575      01000000 
 1576              		.text
 1577              		.section	.gnu.lto_chSysLock.191.71a43691,"e",%progbits
 1578 0000 789C7D50 		.ascii	"x\234}PMh\023Q\020\236yo\323*U\310M\360bz(*4\331\246"
 1578      4D681351 
 1578      109E796F 
 1578      D32A55C8 
 1578      4DF0627A 
 1579 0019 88456F25 		.ascii	"\210Eo%H)4 \215\027%P\222\327\245Y5\335\260/\251\366"
 1579      48293420 
 1579      8D172550 
 1579      92D7A559 
 1579      35DDB02F 
 1580 002f 9435628B 		.ascii	"\2245b\213J\323\232x\322 XR\360d.\3764\365/Z\012\236"
 1580      4AD39A78 
 1580      D2205852 
 1580      F0642EFE 
 1580      34F52F5A 
 1581 0045 2A08E241 		.ascii	"*\010\342A\241\010\202\007A\245 \026\021\343\274Mbz"
 1581      A1088207 
 1581      41A52016 
 1581      11E3BC4D 
 1581      627A
 1582 0057 101FBBBC 		.ascii	"\020\037\273\274\371\346\373\346\233y\263\206\000^\372"
 1582      F9E6FBE6 
 1582      9B79B386 
 1582      005EFA
 1583 0066 87808E07 		.ascii	"\207\200\216\007\260p\355\012\203z\275\236\325\030\026"
 1583      B070ED0A 
 1583      837ABD9E 
 1583      D51816
 1584 0075 D73F3EFF 		.ascii	"\327?>\377\321\2055t1\307\353\353\277sw\363\210\325"
 1584      D1853574 
 1584      31C7EBEB 
 1584      BF7377F3 
 1584      88D5
 1585 0087 4642C30B 		.ascii	"FB\303\013\371{[\247\360~\003\"d\031\3270\213E~\320"
 1585      F97B5BA7 
 1585      F07E0322 
 1585      6419D730 
 1585      8B457ED0 
 1586 009b 719CAD4B 		.ascii	"q\234\255K7*s]\316\235\032\2269\300-\016\255\323\321"
 1586      372A735D 
 1586      CE9D1A96 
 1586      39C02D0E 
 1586      ADD3D1
 1587 00ae 4458E2E8 		.ascii	"DX\342\350\306\210\017\020Z\200\341\303\006P\026\357"
 1587      C6880F10 
 1587      5A80E1C3 
 1587      065016EF 
 1588 00be 0F03B953 		.ascii	"\017\003\271S\262I\34326\351\002/S\235\326\214\030\372"
 1588      B249E332 
 1588      36E9022F 
 1588      539DD68C 
 1588      18FA
 1589 00d0 28E22715 		.ascii	"(\342'\025\263\277F\205\205\331w\257\366\226\234\232"
 1589      B3BF4685 
ARM GAS  C:\Users\nello\AppData\Local\Temp\ccU8ONsd.s 			page 35


 1589      85D977AF 
 1589      F6969C9A 
 1590 00e0 56E61C1F 		.ascii	"V\346\034\037\243\352\361\010q\005\001\237\3208|\011"
 1590      A3EAF108 
 1590      7105019F 
 1590      D0387C09 
 1591 00f0 3FEC2269 		.ascii	"?\354\"i\217\222\376\274z\263\332\273z\321y\351\374"
 1591      8F92FEBC 
 1591      7AB3DABB 
 1591      7AD179E9 
 1591      FC
 1592 0101 15435B4C 		.ascii	"\025C[Ls6\207Y~S\352\300\247\224\254*;\365\012|\346"
 1592      73368759 
 1592      7E53EAC0 
 1592      A794AC2A 
 1592      3BF50A7C 
 1593 0116 4E4E1A24 		.ascii	"NN\032$\242\362\332Ss~\325\347\235\332\354\356\312\\"
 1593      A2F2DA53 
 1593      737ED5E7 
 1593      9DDAECEE 
 1593      CA5C
 1594 0128 F1D367A6 		.ascii	"\361\323g\2461P\0050\317\325B\335\263\217\340\002gm"
 1594      31500530 
 1594      CFD542DD 
 1594      B38FE002 
 1594      676D
 1595 013a C8E10BE6 		.ascii	"\310\341\013\3466\275\260\310\231z\010\307>\370J\211"
 1595      36BDB0C8 
 1595      997A08C7 
 1595      3EF84A89 
 1596 014a A5FCCAC6 		.ascii	"\245\374\312\306NZ\274r\377\256\026\325=\303fv\224\271"
 1596      4E5ABC72 
 1596      FFAE16D5 
 1596      3DC36676 
 1596      94B9
 1597 015c 7AB0A676 		.ascii	"z\260\246v\367\002\201n\\\305\305\306r\272/\273\274"
 1597      F702816E 
 1597      5CC5C5C6 
 1597      72BA2FBB 
 1597      BC
 1598 016d C725D7D4 		.ascii	"\307%\327\324\330\324\226o\357\263\300\265\355p\023"
 1598      D8D4966F 
 1598      EFB3C0B5 
 1598      ED7013
 1599 017c 73DF6EAF 		.ascii	"s\337n\257\276=F\373\205\206\032\3334\243\204?t4\032"
 1599      BE3D46FB 
 1599      85861ADB 
 1599      34A3843F 
 1599      74341A
 1600 018f 4A987133 		.ascii	"J\230q3\222\316\214\233V\364\234e\237\221\251\2300\306"
 1600      92CE8C9B 
 1600      56F49C65 
 1600      9F91A998 
 1600      30C6
 1601 01a1 32D2B0A3 		.ascii	"2\322\260\243C\206Lglc\304\2320\305\324!8\020\010\350"
 1601      43864C67 
 1601      6C63C49A 
ARM GAS  C:\Users\nello\AppData\Local\Temp\ccU8ONsd.s 			page 36


 1601      30C5D421 
 1601      381008E8 
 1602 01b5 F4095560 		.ascii	"\364\011U`\311\376`0\250[R\267\323\2729)\316f\306\015"
 1602      C9FE6030 
 1602      A85B52B7 
 1602      D3BA3929 
 1602      CE66C60D 
 1603 01c9 62E4B40C 		.ascii	"b\344\264\014$\2403\036\223\306q\333\014\375\263@X\311"
 1603      24A0331E 
 1603      93C671DB 
 1603      0CFDB340 
 1603      58C9
 1604 01db A435A91B 		.ascii	"\2445\251\033\347\323\372\340hX\017\205#\303\021=d\331"
 1604      E7D3FAE0 
 1604      68580F85 
 1604      23C3113D 
 1604      64D9
 1605 01ed 863EDCF2 		.ascii	"\206>\334\362IJS\216M\010A^{D\302\212\237\0261\2210"
 1605      494A538E 
 1605      4D08415E 
 1605      7B44C28A 
 1605      9F163191 
 1606 0202 644004E2 		.ascii	"d@\004\342F\177<(\216\010\030\370\237w\312\262\323R"
 1606      467F3C28 
 1606      8E0818F8 
 1606      9F77CAB2 
 1606      D352
 1607 0214 B94F0DF8 		.ascii	"\271O\015\370\303\376\301\221\023\244\023\324\201\374"
 1607      C3FEC191 
 1607      13A413D4 
 1607      81FC
 1608 0222 BCE1C8A8 		.ascii	"\274\341\310\250O\315\227\262\315^_O\0370\033:\223F"
 1608      4FCD97B2 
 1608      CD5E5F4F 
 1608      1F301B3A 
 1608      9346
 1609 0234 D2B2A7E1 		.ascii	"\322\262\247\341\017\347%\007\373"
 1609      0FE72507 
 1609      FB
 1610              		.text
 1611              		.section	.gnu.lto_chSysUnlock.192.71a43691,"e",%progbits
 1612 0000 789C7D51 		.ascii	"x\234}QMh\023Q\020\236yo\223*U\310M\360bz(*4YS\304\242"
 1612      4D681351 
 1612      109E796F 
 1612      932A55C8 
 1612      4DF0627A 
 1613 001b B712440A 		.ascii	"\267\022D\012\015H#\202\030(\311\353\322\254\232n\330"
 1613      0D482382 
 1613      1828C9EB 
 1613      D2AC9A6E 
 1613      D8
 1614 002c 4DAA3D65 		.ascii	"M\252=e\255\330\242b\252\211^$\010\226\024z\023\374"
 1614      ADD8A262 
 1614      AA895E24 
 1614      0896147A 
 1614      13FC
 1615 003e 6DAAB66B 		.ascii	"m\252\266k\213\340%\025<\350A\244\010=W)\024\213\210"
ARM GAS  C:\Users\nello\AppData\Local\Temp\ccU8ONsd.s 			page 37


 1615      8BE02515 
 1615      3CE841A4 
 1615      083D5729 
 1615      148B88
 1616 0051 71DE2631 		.ascii	"q\336&1\025\304\307.;\337|\337|3o\366#\002\370\350="
 1616      15C4C72E 
 1616      3BDF7CDF 
 1616      7C336FF6 
 1616      2302F8E8 
 1617 0066 0D74BC80 		.ascii	"\015t\274\200\205\333\327\031\324j\265\234\302\260H"
 1617      85DBD719 
 1617      D46AB59C 
 1617      C2B048
 1618 0075 313E4517 		.ascii	"1>E\027q\274\263\262\366\372{;:u\254\340\335\225_K\217"
 1618      71BCB3B2 
 1618      F6FA7B3B 
 1618      3A75ACE0 
 1618      DD955F4B 
 1619 008a F288957A 		.ascii	"\362\210\225z\302\203\227\363O>\234m\352\021r\214S2"
 1619      C28397F3 
 1619      4F3E9C6D 
 1619      EA11728C 
 1619      5332
 1620 009c 87457ED0 		.ascii	"\207E~\320\266\355\255\253\367\2527\333\355Y\007\313"
 1620      B6EDADAB 
 1620      F7AA37DB 
 1620      ED5907CB 
 1621 00ac 1CE03E87 		.ascii	"\034\340>\207\346\3616\020\2268\2721\3423\204&`\370"
 1621      E6F13610 
 1621      9638BA31 
 1621      E2338426 
 1621      60F8
 1622 00be BC0EC862 		.ascii	"\274\016\310bn\363\010\220=%\0334\316a\203.\3602\325"
 1622      6EF30890 
 1622      3D251B34 
 1622      CE61832E 
 1622      F032D5
 1623 00d1 298D88A1 		.ascii	")\215\210\241\237\"~F2\373\035\352]\230\374\364no\311"
 1623      9F227E46 
 1623      32FB1DEA 
 1623      5D98FCF4 
 1623      6E6FC9
 1624 00e4 769432E7 		.ascii	"v\2242\347\370\022e\217\027\210\363\010\370\212\306"
 1624      F812658F 
 1624      1788F308 
 1624      F88AC6
 1625 00f3 E133F865 		.ascii	"\3413\370e\027I;\245\364\307\215\305J\327\362\025\373"
 1625      17493BA5 
 1625      F4C78DC5 
 1625      4AD7F215 
 1625      FB
 1626 0104 ADFD470C 		.ascii	"\255\375G\014-1\315\331\030fk\255\344\305\005JV\244"
 1626      2D31CDD9 
 1626      18666BAD 
 1626      E4C5054A 
 1626      56A4
 1627 0116 9DBC052E 		.ascii	"\235\274\005.\272\223\223\206\315R\315\002>|\357q\354"
ARM GAS  C:\Users\nello\AppData\Local\Temp\ccU8ONsd.s 			page 38


 1627      BA939386 
 1627      CD52CD02 
 1627      3E7CEF71 
 1627      EC
 1628 0127 9FB529DB 		.ascii	"\237\265)\333\231\334]\255\026W\327\231\302d\036`\212"
 1628      99DC5DAD 
 1628      1657D799 
 1628      C2641E60 
 1628      8A
 1629 0138 CB15BB67 		.ascii	"\313\025\273g\237\013Y\013r\270\305\371v\270\216\343"
 1629      9F0B590B 
 1629      72B8C5F9 
 1629      76B88EE3 
 1630 0148 1B3E98E6 		.ascii	"\033>\230\346L^\215Z\301WJ\314\344\347Ww\322\277\220"
 1630      4C5E8D5A 
 1630      C1574ACC 
 1630      E4E75777 
 1630      D2BF90
 1631 015b FD36E5EA 		.ascii	"\3756\345\352:&\330\304\2162\227+P\3446\227\020\350"
 1631      3A26D8C4 
 1631      8E32972B 
 1631      50E43697 
 1631      10E8
 1632 016d 8BCB385D 		.ascii	"\213\3138]_W\3075\227\367\270\344\033y\021j\253\374"
 1632      5F57C735 
 1632      97F7B8E4 
 1632      1B79116A 
 1632      ABFC
 1633 017f DDD6B31D 		.ascii	"\335\326\263\035n\340\370\267\007\217?\037\247\215C"
 1633      6EE0F8B7 
 1633      078F3F1F 
 1633      A78D43
 1634 018e 5D8D2D9A 		.ascii	"]\215-\232Q\"\020>\026\013'\365\204\036\315d\207t#v"
 1634      5122103E 
 1634      160B27F5 
 1634      841ECD64 
 1634      87742376 
 1635 01a2 D130CF5B 		.ascii	"\3210\317[\351\270\320\006\263\226f\306NhV&kj\375\306"
 1635      E9B8D006 
 1635      B39666C6 
 1635      4E685626 
 1635      6B6AFDC6 
 1636 01b6 B02E460F 		.ascii	"\260.F\017\303\201`P\245G\310\002\303\352\016\205B\252"
 1636      C3816050 
 1636      A547C802 
 1636      C3EA0E85 
 1636      42AA
 1637 01c8 61A96646 		.ascii	"a\251fF\325G\304\205\354\220F\2145f\005\223\320\226"
 1637      D547C485 
 1637      EC90468C 
 1637      35660593 
 1637      D096
 1638 01da 885BDA49 		.ascii	"\210[\332IS\017\377\263@\030\251\2241\242j\2272j\357"
 1638      530FFFB3 
 1638      4018A994 
 1638      31A26A97 
 1638      326AEF
ARM GAS  C:\Users\nello\AppData\Local\Temp\ccU8ONsd.s 			page 39


 1639 01ed 40440D47 		.ascii	"@D\015G\242}Q5l\230\232\332\327\364IY\27258,\004y\355"
 1639      A27D5135 
 1639      6C989ADA 
 1639      D7F44959 
 1639      BA35382C 
 1640 0204 11492371 		.ascii	"\021I#qN\304ER\263\202\"\230\320\272\023!qT@\317\377"
 1640      4EC44552 
 1640      B3822298 
 1640      D0BA1321 
 1640      715440CF 
 1641 0219 BCD38699 		.ascii	"\274\323\206\231\261\244\373hO \022\350\355?E:A\035"
 1641      B1A4FB68 
 1641      4F2012E8 
 1641      ED3F453A 
 1641      411D
 1642 022b C8CF1789 		.ascii	"\310\317\027\211\016\370\345|iS\357\362w\036\002fB["
 1642      0EF8E57C 
 1642      6953EFF2 
 1642      771E0266 
 1642      425B
 1643 023d 4A4B19E6 		.ascii	"JK\031\346\030\374\006\202\370\030\033"
 1643      18FC0682 
 1643      F8181B
 1644              		.text
 1645              		.section	.gnu.lto_chSemFastWaitI.234.71a43691,"e",%progbits
 1646 0000 789C6D90 		.ascii	"x\234m\220=,CQ\024\307\317\377\236\247!\354F$\004\203"
 1646      3D2C4351 
 1646      14C7CFFF 
 1646      9EA721EC 
 1646      46240483 
 1647 0014 57150B89 		.ascii	"W\025\013\211\311``b\2224\021\275}\321\347\353Io\313"
 1647      C9606062 
 1647      923411BD 
 1647      7DD1E7EB 
 1647      496FCB
 1648 0027 D8AB5283 		.ascii	"\330\253R\203\245>\006\211`h\032\261\231\320\"Mw\213"
 1648      A53E0689 
 1648      60681AB1 
 1648      99D0224D 
 1648      778B
 1649 0039 48EC964A 		.ascii	"H\354\226J'\021\223AR\367\265\204\301\311\2757\347\353"
 1649      27119341 
 1649      52F7B584 
 1649      C1C9BD37 
 1649      E7EB
 1650 004b 77CE3F77 		.ascii	"w\316?w\014D\212\210\272\314%&\354\357\355\010\252\325"
 1650      0C448A88 
 1650      BACC2526 
 1650      ECEFED08 
 1650      AAD5
 1651 005d 6A294B60 		.ascii	"j)K`\263\033E\324}PJ \205\003\356\327Z\177d\216J\231"
 1651      B31B45D4 
 1651      7D504A20 
 1651      8503EED7 
 1651      5A7F648E 
 1652 0073 567D5E46 		.ascii	"V}^F\236\211N\231\032v\314\330\347<\003\326\267'\320"
 1652      9E894E99 
ARM GAS  C:\Users\nello\AppData\Local\Temp\ccU8ONsd.s 			page 40


 1652      1A76CCD8 
 1652      E73C03D6 
 1652      B727D0
 1653 0086 693C9EA5 		.ascii	"i<\236\245\336\262\326\017\325\202\326-\224g\3065\014"
 1653      DEB2D60F 
 1653      D582D62D 
 1653      9467C635 
 1653      0C
 1654 0097 832BE0D2 		.ascii	"\203+\340\322\3546\211p\246\215(\3603\311\344\350\342"
 1654      EC368970 
 1654      A68D28F0 
 1654      33C9E4E8 
 1654      E2
 1655 00a8 B1A9AC3F 		.ascii	"\261\251\254?kY\255+/\270\357\011\300\264Y\302\177,"
 1655      6B59AD2B 
 1655      2FB8EF09 
 1655      C0B459C2 
 1655      7F2C
 1656 00ba A0603AB2 		.ascii	"\240`:\262\354k\254[\207\011wY\374\206\240W\244\357"
 1656      EC6BAC5B 
 1656      87097759 
 1656      FC86A057 
 1656      A4EF
 1657 00cc 8A95E91C 		.ascii	"\212\225\351\034\343[\011\303Ww\006#\2769\317M9\266"
 1657      E35B09C3 
 1657      57770623 
 1657      BE39CF4D 
 1657      39B6
 1658 00de 70031A6C 		.ascii	"p\003\032l\204\001\334\342\244\276\372\025[\307\333"
 1658      8401DCE2 
 1658      A4BEFA15 
 1658      5BC7DB
 1659 00ed 4FC8B1C8 		.ascii	"O\310\261\3105\270\000R\376\260\267\035\374\340U\361"
 1659      35B80052 
 1659      FEB0B71D 
 1659      FCE055F1 
 1660 00fd 0F5F6AF0 		.ascii	"\017_j\360\206\243w\244\237\017'\353\377\221e\374\325"
 1660      86A377A4 
 1660      9F0F27EB 
 1660      FF9165FC 
 1660      D5
 1661 010e 4834303E 		.ascii	"H40>\032\036\217\271\021w&\221\214\272^x\303\213/\251"
 1661      1A1E8FB9 
 1661      11772691 
 1661      8CBA5E78 
 1661      C38B2FA9 
 1662 0122 B579E9CC 		.ascii	"\265y\351\314%\225\023\017O8*\221\214;S\336\202+\327"
 1662      2595130F 
 1662      4F382A91 
 1662      8C3B53DE 
 1662      822BD7
 1663 0135 87A9CFB6 		.ascii	"\207\251\317\266\203\346H\037\360\324P(\024\012z*\030"
 1663      83E6481F 
 1663      F0D45028 
 1663      140A7A2A 
 1663      18
 1664 0146 4F04DD55 		.ascii	"O\004\335U\271\234\214:\246\242\234\025;FB\255\265\313"
ARM GAS  C:\Users\nello\AppData\Local\Temp\ccU8ONsd.s 			page 41


 1664      B99C8C3A 
 1664      A6A29C15 
 1664      3B4642AD 
 1664      B5CB
 1665 0158 98175994 		.ascii	"\230\027Y\224\3632\346([\332\021g(\022\222#\222\276"
 1665      F332E628 
 1665      5BDA1167 
 1665      28129223 
 1665      92BE
 1666 016a 000BA397 		.ascii	"\000\013\243\227\012"
 1666      0A
 1667              		.text
 1668              		.section	.gnu.lto_chSemFastSignalI.235.71a43691,"e",%progbits
 1669 0000 789C6D90 		.ascii	"x\234m\220;K\003A\020\307\347\277s\006%\037\300R\005"
 1669      3B4B0341 
 1669      10C7E7BF 
 1669      7306251F 
 1669      C05205
 1670 0013 452DBC18 		.ascii	"E-\274\030\261Q\260Ja\241\225VB@\222\315a\316\327I6"
 1670      B151B04A 
 1670      61A19556 
 1670      424092CD 
 1670      61CED749 
 1671 0028 D1326B44 		.ascii	"\3212kD\013\233\370\350D-B\020;+5>\220|\004\021\304"
 1671      0B9BF8E8 
 1671      442D4210 
 1671      3B2B353E 
 1671      907C0411 
 1672 003d 4EAC5414 		.ascii	"N\254T\024D\004\301B\210\233\234\242\205\303\3562\257"
 1672      4404C142 
 1672      889B9CA2 
 1672      85C3EE32 
 1672      AF
 1673 004e DFCC9F1D 		.ascii	"\337\314\237\035\000\221\"\242\026s\211\011\033\353"
 1673      009122A2 
 1673      16738909 
 1673      1BEB
 1674 005c AB822A95 		.ascii	"\253\202*\225J\326\022Xl\305\011j>(+\220\305&wj\255"
 1674      4AD61258 
 1674      6CC5096A 
 1674      3E282B90 
 1674      C526776A 
 1675 0071 3F96B76E 		.ascii	"?\226\267n\227\203z\277\214\"\023\3552\371\266\315\330"
 1675      97837ABF 
 1675      8C2213ED 
 1675      32F9B6CD 
 1675      D8
 1676 0082 E02203D6 		.ascii	"\340\"\003\326\267'\320l<\036\243\366\262\326\227O%"
 1676      B727D06C 
 1676      3C1EA3F6 
 1676      B2D6974F 
 1676      25
 1677 0093 AD1BA8C8 		.ascii	"\255\033\250\310\214c\030\006G\300\241\331m\022\321"
 1677      8C631806 
 1677      47C0A1D9 
 1677      6D12D1
 1678 00a2 872051E0 		.ascii	"\207 Q\340g\222\311\321\301U]Y\177V\362Z\277\337\343"
ARM GAS  C:\Users\nello\AppData\Local\Temp\ccU8ONsd.s 			page 42


 1678      6792C9D1 
 1678      C1555D59 
 1678      7F56F25A 
 1678      BFDFE3
 1679 00b5 B92D00D3 		.ascii	"\271-\000\323f\211\352c\001%\323\221\347\252\306\232"
 1679      6689EA63 
 1679      0125D391 
 1679      E7AAC69A 
 1680 00c5 3599708D 		.ascii	"5\231p\215\305o\010zA\356\374\344}\244\300\370V\302"
 1680      C56F087A 
 1680      41EEFCE4 
 1680      7DA4C0F8 
 1680      56C2
 1681 00d7 A8AADB83 		.ascii	"\250\252\333\203\021__\344\272\002[8\005u\373a\000g"
 1681      115F5FE4 
 1681      BA025B38 
 1681      0575FB61 
 1681      0067
 1682 00e9 D8A9AD7E 		.ascii	"\330\251\255~\301\322\366\3125\012,\012>\027\360\207"
 1682      C1D2F6CA 
 1682      350A2C0A 
 1682      3E17F087 
 1683 00f9 BDAEE207 		.ascii	"\275\256\342\007\177\024\377\360\027>o8zC\356\356f\250"
 1683      7F14FFF0 
 1683      173E6F38 
 1683      7A43EEEE 
 1683      66A8
 1684 010b F61F79C6 		.ascii	"\366\037y\306_\215D]\221\376h$\351\306\335\321t&\341"
 1684      5F8D445D 
 1684      91FE6824 
 1684      E9C6DDD1 
 1684      7426E1
 1685 011e 7AD1052F 		.ascii	"z\321\005/5\245\346b\322\031\317('\025\035tT:\223r\206"
 1685      35A5E662 
 1685      D219CF28 
 1685      27151D74 
 1685      543A9372 
 1686 0133 BD0957CE 		.ascii	"\275\011W\316\367R\207m\207\314\221U\300S=\341p8\344"
 1686      F752876D 
 1686      87CC9155 
 1686      C0533DE1 
 1686      7038E4
 1687 0146 A9502A1D 		.ascii	"\251P*\035rg\345t&\341\230\212rf\354$\0115\327(\223"
 1687      7267E574 
 1687      26E1988A 
 1687      7266EC24 
 1687      0935D728 
 1688 015b 5E7C52C6 		.ascii	"^|R\306d\322Q\266\264\343NO<,\373$}\001\326\241\227"
 1688      64D251B6 
 1688      B4E34E4F 
 1688      3C2CFB24 
 1688      7D01D6A1 
 1689 0170 8F       		.ascii	"\217"
 1690              		.text
 1691              		.section	.gnu.lto_chSemGetCounterI.236.71a43691,"e",%progbits
 1692 0000 789C6550 		.ascii	"x\234eP=,CQ\024>\337;\217h\254\022#\211\010\006\357"
 1692      3D2C4351 
ARM GAS  C:\Users\nello\AppData\Local\Temp\ccU8ONsd.s 			page 43


 1692      143EDF3B 
 1692      8F68AC12 
 1692      23890806 
 1693 0015 A9589824 		.ascii	"\251X\230$\006\213\315$i\"z\275\350\363\367\244\267"
 1693      068BCD24 
 1693      69227ABD 
 1693      E8F3F7A4 
 1693      B7
 1694 0026 65ECAD10 		.ascii	"e\354\255\020\321\241E7\301 \365\263Y\210\012CW\023"
 1694      D1A14537 
 1694      C120F5B3 
 1694      59880A43 
 1694      5713
 1695 0038 311BC42C 		.ascii	"1\033\304,\210\211\204\324\275/D\023'\367&\347|\367"
 1695      888984D4 
 1695      BD2F4413 
 1695      27F726E7 
 1695      7CF7
 1696 004a FBCEF9CE 		.ascii	"\373\316\371\316\035\001\221$\242\036}\311&lm\346,\252"
 1696      1D019124 
 1696      A21E7DC9 
 1696      266C6DE6 
 1696      2CAA
 1697 005c 56AB19DB 		.ascii	"V\253\031\333Bq3wS.\333\270@\0100\262v\230\2002\026"
 1697      42713377 
 1697      532EDBB8 
 1697      400830B2 
 1697      76988032 
 1698 0071 238322EF 		.ascii	"#\203\"\3570\266\270\304\004\373'\003Z\273\224R\357"
 1698      30B6B8C4 
 1698      04FB2703 
 1698      5ABB9452 
 1698      EF
 1699 0082 ABDB5F07 		.ascii	"\253\333_\007\215;\307\025\273\304\026\355i\302\031"
 1699      8D3BC715 
 1699      BBC416ED 
 1699      69C219
 1700 0091 700A3343 		.ascii	"p\0123C\023y\214:*J\335~\224\225\212P\211\031\347\250"
 1700      13798C3A 
 1700      2A4ADD7E 
 1700      94958A50 
 1700      8919E7A8 
 1701 00a5 E1682076 		.ascii	"\341h v\335HTOF\251CchW\253\352u}m-\337\264\221m\370"
 1701      DD48544F 
 1701      46A94363 
 1701      6857ABEA 
 1701      757D6D2D 
 1702 00be D7944EEE 		.ascii	"\327\224N\356\352*\352\263ZP\352\305\375\272\177\214"
 1702      EA2AEAB3 
 1702      5A50EAC5 
 1702      FDBA7F8C 
 1703 00ce 68F72883 		.ascii	"h\367(\203\3110\251\300f\2430Z4}\203\255\277\022\364"
 1703      C930A9C0 
 1703      66A3305A 
 1703      347D83AD 
 1703      BF12F4
 1704 00e1 8CE5ABC8 		.ascii	"\214\345\253\310>\377\356\3020\026\017\241\267\320s"
ARM GAS  C:\Users\nello\AppData\Local\Temp\ccU8ONsd.s 			page 44


 1704      3EFFEEC2 
 1704      30160FA1 
 1704      B7D073
 1705 00f0 EC7DB670 		.ascii	"\354}\266p\011\352Y\011\313:\\a7\364d\332pM\033<!;H"
 1705      09EA5909 
 1705      CB3A5C61 
 1705      37F464DA 
 1705      704D1B3C 
 1706 0107 6D5AF59A 		.ascii	"mZ\365\232;R\255(q\375\217{\023oX~(\346\363\320_\251"
 1706      3B52AD28 
 1706      71FD8F7B 
 1706      136F587E 
 1706      28E6F3D0 
 1707 011d 2719A4C0 		.ascii	"'\031\244\300\250\365D\324=4\020\033J\370q\1774\225"
 1707      A8F544D4 
 1707      3D34101B 
 1707      4AF8717F 
 1707      3495
 1708 012f 9EF483D8 		.ascii	"\236\364\203\330R\220\234\221\013\023\302\033OK/\031"
 1708      52909C91 
 1708      0B13C21B 
 1708      4F4B2F19 
 1709 013f 1BF6642A 		.ascii	"\033\366d*\235\364F\202)_,\366Q\247\343\270\372\010"
 1709      9DF44682 
 1709      295F2CF6 
 1709      51A7E3B8 
 1709      FA08
 1710 0151 2308646F 		.ascii	"#\010do4\032u\003\351&S\256?/f\323\223\236~\221\336"
 1710      341A7503 
 1710      E92653AE 
 1710      3F2F66D3 
 1710      939E7E91 
 1711 0166 9C93204B 		.ascii	"\234\223 K.4\213D\020\237\026\023\"\341IG8q\2577\036"
 1711      2E348B44 
 1711      109F1613 
 1711      22E14947 
 1711      3871AF37 
 1712 017b 15FD82BE 		.ascii	"\025\375\202\276\0012\230\246\243"
 1712      013298A6 
 1712      A3
 1713              		.text
 1714              		.section	.gnu.lto_hash_get_s.335.71a43691,"e",%progbits
 1715 0000 789C7D53 		.ascii	"x\234}SML\023A\024\23673\273\335\266X~\023\343I\022"
 1715      4D4C1341 
 1715      149E3733 
 1715      BBDDB658 
 1715      7E13E349 
 1716 0015 428C8914 		.ascii	"B\214\211\024!^\364d\302\301\2137\257De\327\306VL\332"
 1716      215EF464 
 1716      C2C18B37 
 1716      AF4465D7 
 1716      C6564CDA 
 1717 0029 B4A0D10B 		.ascii	"\264\240\321\013\213R@0\322\242\"\0204fS\020\215\177"
 1717      8B524030 
 1717      D2A22210 
 1717      34665310 
 1717      8D7F
ARM GAS  C:\Users\nello\AppData\Local\Temp\ccU8ONsd.s 			page 45


 1718 003b 311A1150 		.ascii	"1\032\021Pk\0205\032\225`\220\223\0348A\242\004ML\324"
 1718      6B10351A 
 1718      95609093 
 1718      1C3841A2 
 1718      044D4CD4 
 1719 004f 10EB9BE9 		.ascii	"\020\353\233\351\"m\211Nvg\337\317\367\276\3673\263"
 1719      226D894E 
 1719      7667DFCF 
 1719      F7BEF733 
 1719      B3
 1720 0060 ED9C90B3 		.ascii	"\355\234\220\263\204\220!|\211\213@w\274\203\222T*\325"
 1720      8490217C 
 1720      898B4077 
 1720      BC839254 
 1720      2AD5
 1721 0072 C4295C8A 		.ascii	"\304)\\\212w\274\277q\217\3033\220\006F[\342n)\265\306"
 1721      77BCBF71 
 1721      8FC33390 
 1721      06465BE2 
 1721      6E29B5C6 
 1722 0086 3DF2CB69 		.ascii	"=\362\313i4\307\242@_\267\365\365\326\244Cj\252\240"
 1722      34C7A240 
 1722      5FB7F5F5 
 1722      D6A4436A 
 1722      AAA0
 1723 0098 B0E91CF4 		.ascii	"\260\351\034\364t\274\223\256r\365\306\346\323\202&"
 1723      74BC93AE 
 1723      72F5C6E6 
 1723      D38226
 1724 00a7 03462755 		.ascii	"\003F'U\2519\241YK\303\2014Q\306\025\325\2419\241\211"
 1724      A939A159 
 1724      4BC38134 
 1724      51C615D5 
 1724      A139A189 
 1725 00bb 3AC8DA3A 		.ascii	":\310\332:\317\006\030t\263\004#\300m\011\240tk\322"
 1725      CF061874 
 1725      B30423C0 
 1725      6D09A074 
 1725      6BD2
 1726 00cd 347F44FB 		.ascii	"4\177D\373\317\015\272\007\206\223<\301(\271\202\200"
 1726      CF0DBA07 
 1726      86933CC1 
 1726      28B98280 
 1727 00dd 0700F741 		.ascii	"\007\000\367A\004!\220\355'[\0204\2658b\232N\222`\014"
 1727      042190ED 
 1727      275B1034 
 1727      B538629A 
 1727      4E92600C 
 1728 00f1 1E420606 		.ascii	"\036B\006\006\015\372\212K\340NJ\334r\327`\217'\006"
 1728      0DFA8A4B 
 1728      E04E4ADC 
 1728      72D7608F 
 1728      2706
 1729 0103 09C6E151 		.ascii	"\011\306\341Q6\216\353\355n\2013A\002\357\366F\333\314"
 1729      368EEBED 
 1729      6E813341 
 1729      02EFF646 
ARM GAS  C:\Users\nello\AppData\Local\Temp\ccU8ONsd.s 			page 46


 1729      DBCC
 1730 0115 022E8063 		.ascii	"\002.\200c\271\300\013\356t\352\026\020\237rA\333\037"
 1730      B9C00BEE 
 1730      74EA1610 
 1730      9F7241DB 
 1730      1F
 1731 0126 EDF0C49A 		.ascii	"\355\360\304\2325\254\020\036CV\215\372MI{f\015\333"
 1731      35AC101E 
 1731      43568DFA 
 1731      4D497B66 
 1731      0DDB
 1732 0138 37D899C6 		.ascii	"7\330\231\306*\3604\007{\325\255\022H\002<\001\321("
 1732      2AF03407 
 1732      7BD5AD12 
 1732      48023C01 
 1732      D128
 1733 014a 2E34B3F2 		.ascii	".4\263\362d\324\\\2765\331v\256$\235!{\0066\376\316"
 1733      64D45CBE 
 1733      35D976AE 
 1733      249D217B 
 1733      0636FECE 
 1734 015e B4923457 		.ascii	"\264\2224WR]\246\371r\353\334\312mg\011`\251\012\305"
 1734      525DA6F9 
 1734      72EBDCCA 
 1734      6D670960 
 1734      A90AC5
 1735 0171 4D65B839 		.ascii	"Me\2709\270\220\024\261\251bs\010\233&6'\301h\027J4"
 1735      B89014B1 
 1735      A9627308 
 1735      9B263627 
 1735      C168174A 
 1736 0186 0F600436 		.ascii	"\017`\0046\000\214\202\007`\034\362\005s\201\360\026"
 1736      008C8207 
 1736      601CF205 
 1736      7381F016 
 1737 0196 0A6F91D8 		.ascii	"\012o\221\330\212\205JH\027\023\307)\327fTc\214\256"
 1737      8A854A48 
 1737      1713C729 
 1737      D7665463 
 1737      8CAE
 1738 01a8 A94096E0 		.ascii	"\251@\226\340\324\370\317w\363ex+,\006\366a2\331\377"
 1738      D4F8CF77 
 1738      F365782B 
 1738      2C06F661 
 1738      32D9FF
 1739 01bb 1098A689 		.ascii	"\020\230\246\211=h\026\313\203\011 \333\323\252\002"
 1739      3D6816CB 
 1739      830920DB 
 1739      D3AA02
 1740 01ca CFE1B2EC 		.ascii	"\317\341\262\354w\011N\017\264~\247\026\303g\203\305"
 1740      77094E0F 
 1740      B47EA716 
 1740      C36783C5 
 1741 01da 3C92CC69 		.ascii	"<\222\314i1\366\357`'\274\300`X\015\306\234\034\361"
 1741      31F6EF60 
 1741      27BCC060 
 1741      580DC69C 
ARM GAS  C:\Users\nello\AppData\Local\Temp\ccU8ONsd.s 			page 47


 1741      1CF1
 1742 01ec 22A72A2E 		.ascii	"\"\247*.c*_\330{\332\320\256HZ.\364\273\255_PT\321\226"
 1742      632A5FD8 
 1742      7BDAD0AE 
 1742      485A2EF4 
 1742      BBAD5F50 
 1743 0203 066AC278 		.ascii	"\006j\302x\257u\022Q\371X4\272d\346\276\367\210*\260"
 1743      AF751251 
 1743      F95834BA 
 1743      64E6BEF7 
 1743      882AB0
 1744 0216 5B50D65A 		.ascii	"[P\326ZX\360$\230\013\241\360\372o\031\024\336`\031"
 1744      58F02498 
 1744      0BA1F0FA 
 1744      6F1914DE 
 1744      6019
 1745 0228 541E498C 		.ascii	"T\036I\214\261\334\201<\232\231g\026s\330T4k\032n\013"
 1745      B1DC813C 
 1745      9A996716 
 1745      73D85434 
 1745      6B1A6E0B 
 1746 023c 9B78FB97 		.ascii	"\233x\373\227\211\303;d\022\343X\204\226\205\011\035"
 1746      89C33B64 
 1746      12E35884 
 1746      9685091D 
 1747 024c C7809136 		.ascii	"\307\200\22161\317 \006A|}\233\305\264\377\221M!\031"
 1747      31CF2006 
 1747      417C7D9B 
 1747      C5B4FF91 
 1747      4D2119
 1748 025f 5F25B3D2 		.ascii	"_%\263\322s\325l6%\247\314\236\237\037E\231E\310Ab\324"
 1748      73D56C36 
 1748      25A7CC9E 
 1748      9F1F4599 
 1748      45C84162 
 1749 0274 7CC5254A 		.ascii	"|\305%J]w\272\263\026\242\212W\263\016\227\254KKa\032"
 1749      5D77BAB3 
 1749      16A28A57 
 1749      B30E97AC 
 1749      4B4B611A 
 1750 0288 D32A761A 		.ascii	"\323*v\032G&\001\326\2618q\355\342&\014\300\011\012"
 1750      472601D6 
 1750      B13871ED 
 1750      E2260CC0 
 1750      090A
 1751 029a C02F40A9 		.ascii	"\300/@\251\200.}8\210\244\352\357\031?\206h99\277\365"
 1751      802E7D38 
 1751      88A4EAEF 
 1751      193F8668 
 1751      3939BFF5 
 1752 02ae 7EC2D20B 		.ascii	"~\302\322\013E\012\301\350\314t\177\206\346\335\244"
 1752      450AC1E8 
 1752      CC747F86 
 1752      E6DDA4
 1753 02bd 0C132F8F 		.ascii	"\014\023/\217\015\232\245\370s\347\331\177\217X\337"
 1753      0D9AA5F8 
 1753      73E7D97F 
ARM GAS  C:\Users\nello\AppData\Local\Temp\ccU8ONsd.s 			page 48


 1753      8F58DF
 1754 02cc 00E35C32 		.ascii	"\000\343\\2\013\236X\22127\363C\2237\263P\273=\353\307"
 1754      0B9E5891 
 1754      3237F343 
 1754      9337B350 
 1754      BB3DEBC7 
 1755 02e0 AB0C9957 		.ascii	"\253\014\231W\231\220\212\232]\2655\376\200\036\330"
 1755      99908A9A 
 1755      5DB535FE 
 1755      801ED8
 1756 02ef D7D07828 		.ascii	"\327\320x(\020\254=\036\014\327GBu\206\357@c\304\027"
 1756      10AC3D1E 
 1756      0CD74742 
 1756      7586EF40 
 1756      63C417
 1757 0302 AEDDE38B 		.ascii	"\256\335\343\21344\206}{\203\207\003\306\261\035\244"
 1757      3434867D 
 1757      7B838703 
 1757      C6B11DA4 
 1758 0312 C2EBADC4 		.ascii	"\302\353\255\304\307\020\001\301HuUUUe0\202\317\321"
 1758      C71001C1 
 1758      48755555 
 1758      55653082 
 1758      CFD1
 1759 0324 805E1909 		.ascii	"\200^\031\011\033\350\010\352G\214:\303\357\213x\015"
 1759      1BE808EA 
 1759      478C3AC3 
 1759      EF8B780D 
 1760 0334 C2824668 		.ascii	"\302\202Fhc\226\311\253\373\252\365*c\247A\224\303\341"
 1760      6396C9AB 
 1760      FBAAF52A 
 1760      63A74194 
 1760      C3E1
 1761 0346 606388D5 		.ascii	"`c\210\325\373Np\364\207\230\337\037\372\003\274[\347"
 1761      FB4E70F4 
 1761      8798DF1F 
 1761      FA03BC5B 
 1761      E7
 1762 0357 3A       		.ascii	":"
 1763              		.text
 1764              		.section	.gnu.lto_lru_get_last_s.336.71a43691,"e",%progbits
 1765 0000 789C7D55 		.ascii	"x\234}U]h\034U\024\276\347\336\331\337\354n\322\374"
 1765      5D681C55 
 1765      14BEE7DE 
 1765      D9DFEC6E 
 1765      D2FC
 1766 0012 368D6230 		.ascii	"6\215b0\226\"\330\304\024\037\254OB\037\372\342\223"
 1766      9622D8C4 
 1766      141FAC4F 
 1766      421FFAE2 
 1766      93
 1767 0023 BE06A53B 		.ascii	"\276\006\245;.v[aC\266Q\360\301L\232\244\201<4\177\022"
 1767      2E765B61 
 1767      43B651F0 
 1767      C14C9AA4 
 1767      813C347F 
 1768 0038 82C420C3 		.ascii	"\202\304 \303\252y\221 X\314j\325h\254)RCI\015\025\012"
ARM GAS  C:\Users\nello\AppData\Local\Temp\ccU8ONsd.s 			page 49


 1768      AA799120 
 1768      58CC6AD5 
 1768      68AC2952 
 1768      43490D15 
 1769 004d 5AAA96D4 		.ascii	"Z\252\226\324\237v\233\242V)\256\337\231;\233\231M\322"
 1769      9F769BA2 
 1769      5629AEDF 
 1769      993B9B99 
 1769      4DD2
 1770 005f BDCC9EBD 		.ascii	"\275\314\236\275\367\314w\276\357\334s\317\314\354\013"
 1770      F7CC77BE 
 1770      EFDC73CF 
 1770      CCEC0B
 1771 006e 09F1BA10 		.ascii	"\011\361\272\020b\024?\021\02141>\"E\261X\3543$MbN\237"
 1771      62143F11 
 1771      1134313E 
 1771      2245B158 
 1771      EC33244D 
 1772 0085 90B35272 		.ascii	"\220\263Rrp\274\312\231\015\217'\234\177C\016\271\236"
 1772      70BCCA99 
 1772      0D8F279C 
 1772      7F430EB9 
 1772      9E
 1773 0096 53AE2740 		.ascii	"S\256'@S\233\321A\232\236\260oO/\037.\021\204\230\372"
 1773      539BD141 
 1773      9A9EB06F 
 1773      4F2F1F2E 
 1773      118498FA 
 1774 00aa F2FB5167 		.ascii	"\362\373Qg\021\246\376\231\353\267\365\015\022}R\031"
 1774      11A6FE99 
 1774      EBB7F50D 
 1774      127D5219 
 1775 00ba 8160284C 		.ascii	"\201`(L}R\012oL\252\031E\023*\247\004\031\356\214\250"
 1775      7D520A6F 
 1775      4CAA1945 
 1775      132AA704 
 1775      19EE8CA8 
 1776 00ce F5D145CB 		.ascii	"\365\321E\313\272;\364\346\267\357T\315\314-\0329%\305"
 1776      BA3BF4E6 
 1776      B7EF54CD 
 1776      CC2D1A39 
 1776      25C5
 1777 00e0 2C006788 		.ascii	",\000g\210>$\016\002P=/\366\001t\361\217\005\313\212"
 1777      3E240E02 
 1777      503D2FF6 
 1777      0174F18F 
 1777      05CB8A
 1778 00f3 889C52F4 		.ascii	"\210\234R\364\021\3710p$\317D5\3625\266{\001.\254\014"
 1778      11F93070 
 1778      24CF4435 
 1778      F235B67B 
 1778      012EAC0C 
 1779 0107 8D24C6FA 		.ascii	"\215$\306\372\303\340\243<\2251&\277\210\006\005}L\254"
 1779      C3E0A33C 
 1779      953126BF 
 1779      8806057D 
 1779      4CAC
ARM GAS  C:\Users\nello\AppData\Local\Temp\ccU8ONsd.s 			page 50


 1780 0119 83019FDA 		.ascii	"\203\001\237\332\2738d\025\246\227\207O\327\353\220"
 1780      BB386415 
 1780      A697874F 
 1780      D7EB90
 1781 0128 F214183C 		.ascii	"\362\024\030<\247\304\374j`\321\272W\034\265\254[\217"
 1781      A7C4FC6A 
 1781      60D1BA57 
 1781      1CB5AC5B 
 1781      8F
 1782 0139 FD7BEFB7 		.ascii	"\375{\357\267\310#\004iC\362\335(\321\002\305\260\224"
 1782      C8230469 
 1782      43F2DD28 
 1782      D102C5B0 
 1782      94
 1783 014a 71360936 		.ascii	"q6\0116\325lj`\002\273\330\3242\270\216g\365l\032\330"
 1783      D56C6A60 
 1783      02BBD8D4 
 1783      32B88E67 
 1783      F56C1AD8 
 1784 015e 34B26962 		.ascii	"4\262ib\334n6\315l\366\260i\201\011\266\361\014\007"
 1784      DC6E36CD 
 1784      6CF6B069 
 1784      8109B6F1 
 1784      0C07
 1785 0170 A9F8009C 		.ascii	"\251\370\000\234\361\020\322\031S\322[\222\270I'\337"
 1785      F110D219 
 1785      53D25B92 
 1785      B84927DF 
 1786 0180 C0293C69 		.ascii	"\300)<i+rK\252\210k\360.Y\226\265\376`N\205l\025\245"
 1786      2B724BAA 
 1786      886BF02E 
 1786      5996B5FE 
 1786      604E856C 
 1787 0196 4F1DDFE3 		.ascii	"O\035\337\343pawa\372\214\336\342\255\0172f.\201\274"
 1787      70617761 
 1787      FA8CDEE2 
 1787      AD0F3266 
 1787      2E81BC
 1788 01a9 E8733017 		.ascii	"\350s0\027h\260\025>\231S\221Y\220\010P\346T\224\025"
 1788      68B0153E 
 1788      99539159 
 1788      900850E6 
 1788      549415
 1789 01bc CEE66FD9 		.ascii	"\316\346o\331\312Vr\223\267z'\336*\372\022\274\010\344"
 1789      CA567293 
 1789      B77A27DE 
 1789      2AFA12BC 
 1789      08E4
 1790 01ce F55C2357 		.ascii	"\365\\#W~\011\016\335\001cJmI\373\354?\177=k\253\230"
 1790      7E090EDD 
 1790      01634A6D 
 1790      49FBEC3F 
 1790      7F3D6BAB 
 1791 01e3 9BB5F4B2 		.ascii	"\233\265\364\262\006U\014bt\216\204\313,\351k\020q\312"
 1791      06550C62 
 1791      748E84CB 
 1791      2CE96B10 
ARM GAS  C:\Users\nello\AppData\Local\Temp\ccU8ONsd.s 			page 51


 1791      71CA
 1792 01f5 1C17B155 		.ascii	"\034\027\261U\274\022\366<\260\206\306\026F\250\034"
 1792      BC12F63C 
 1792      B086C616 
 1792      46A81C
 1793 0204 192B437E 		.ascii	"\031+C~\243\221\340+\021'*\021_\360\210\031[]\011\273"
 1793      A391E02B 
 1793      11272A11 
 1793      5FF08819 
 1793      5B5D09BB 
 1794 0218 E225BC2D 		.ascii	"\342%\274-\211D\031\362\242F\202O\227\372\357\325\200"
 1794      894419F2 
 1794      A246824F 
 1794      97FAEFD5 
 1794      80
 1795 0229 AD6A76E2 		.ascii	"\255jv\342F?\304i\025\360\200C<05L\266\332\0050\027"
 1795      463FC469 
 1795      15F08043 
 1795      3C30354C 
 1795      B6DA0530 
 1796 023e 3040FFA1 		.ascii	"0@\377\241\266\325;\012\372\302\327t8\342\334\326\231"
 1796      B6D53B0A 
 1796      FAC2D774 
 1796      38E2DCD6 
 1796      99
 1797 024f 8FDAAA76 		.ascii	"\217\332\252v\363`\037\360\360\376\206\271\214\250\240"
 1797      F3601FF0 
 1797      F0FE86B9 
 1797      8CA8A0
 1798 025e DB30EB92 		.ascii	"\3330\353\222\033\346\373\262\206I\314\3621\203(W\332"
 1798      1BE6FBB2 
 1798      8649CCF2 
 1798      31832857 
 1798      DA
 1799 026f 45F11A1A 		.ascii	"E\361\032\032\246\356\376\025\212\323\025\377F\326\200"
 1799      A6EEFE15 
 1799      8AD315FF 
 1799      46D680
 1800 027e AE4780DE 		.ascii	"\256G\200\336I\215\270A\203\353KI\370\264C\270=dl\353"
 1800      498DB841 
 1800      83EB4B49 
 1800      F8B443B8 
 1800      3D646CEB 
 1801 0292 A1AF0650 		.ascii	"\241\257\006P\255\206J:?\372u~\201N#\0024\255d\235\033"
 1801      AD864A3A 
 1801      3FFA757E 
 1801      814E2302 
 1801      34AD649D 
 1802 02a7 4BC7E0A3 		.ascii	"K\307\340\243\037\310\325\010l\325\310\237\233DTS\245"
 1802      1FC8D508 
 1802      6CD5C89F 
 1802      9B445453 
 1802      A5
 1803 02b8 D3BE068D 		.ascii	"\323\276\006\215\220\327\031\273+a\177\0066|\237\316"
 1803      90D719BB 
 1803      2B617F06 
 1803      367C9FCE 
ARM GAS  C:\Users\nello\AppData\Local\Temp\ccU8ONsd.s 			page 52


 1804 02c8 682A435E 		.ascii	"h*C^\327H\360\225\210\233+\021\257{\304\214\335S\011"
 1804      D748F095 
 1804      889B2B11 
 1804      AF7BC48C 
 1804      DD5309
 1805 02db FBAB97F0 		.ascii	"\373\253\227\360\266$\232\313\220\277k$\370\234\352"
 1805      B6249ACB 
 1805      90BF6B24 
 1805      F89CEA
 1806 02ea 04B75467 		.ascii	"\004\267Tgca\371N`\263}\342;\324\377\246\256?W<N\216"
 1806      6361F94E 
 1806      60B37DE2 
 1806      3BD4FFA6 
 1806      AE3F573C 
 1807 0300 E254FEC2 		.ascii	"\342T\376\302O\250h\033\220bLZ\347\015\2079\344g.\320"
 1807      4FA8681B 
 1807      90624C5A 
 1807      E70D8739 
 1807      E4672ED0 
 1808 0314 C0D5FC8A 		.ascii	"\300\325\374\212\324\335U3\313\017HN\267\354\306\335"
 1808      D4DD5533 
 1808      CB0F484E 
 1808      B7ECC6DD 
 1809 0324 EF2E7982 		.ascii	"\357.y\202\261\035\0047\374\202\017\353#\\\273\003\301"
 1809      B11D0437 
 1809      FC820FEB 
 1809      235CBB03 
 1809      C1
 1810 0335 16DF3E4B 		.ascii	"\026\337>K\257/7\252\226\376DTDpS\237z\373 \266\333"
 1810      AF2F37AA 
 1810      96FE4454 
 1810      4470539F 
 1810      7AFB20B6 
 1811 034a 821F1E0D 		.ascii	"\202\037\036\015\3114u\2047a\275\223\324\025_R\206N"
 1811      C9347584 
 1811      3761BD93 
 1811      D4155F52 
 1811      864E
 1812 035c 8A930FFB 		.ascii	"\212\223\017\373\222G\311\372\237\026m .\314\277g\265"
 1812      9247C9FA 
 1812      9F166D20 
 1812      2ECCBF67 
 1812      B5
 1813 036d 22B4C1FD 		.ascii	"\"\264\301\375\324\360\330\240\223W?8=J\370\214\242"
 1813      D4F0D8A0 
 1813      93573F38 
 1813      3D4AF88C 
 1813      A2
 1814 037e 04EC1955 		.ascii	"\004\354\031U\344\177\301\013\261\377\320S]\207\216"
 1814      E47FC10B 
 1814      B1FFD053 
 1814      5D878E
 1815 038d A693E9E7 		.ascii	"\246\223\351\347N\364\276\230\316t\275\232\3519\236"
 1815      4EF4BE98 
 1815      CE74BD9A 
 1815      E9399E
 1816 039c ED3E62A6 		.ascii	"\355>b\246^\350\315\246z\272\016\247\262'z{R\317d^J"
ARM GAS  C:\Users\nello\AppData\Local\Temp\ccU8ONsd.s 			page 53


 1816      5EE8CDA6 
 1816      7ABA0EA7 
 1816      B2277A7B 
 1816      52CF645E 
 1817 03b1 9BAF3C21 		.ascii	"\233\257<!\366\267\267w\34029 \223=\320\331\331\331"
 1817      F6B7B777 
 1817      E0323920 
 1817      933DD0D9 
 1817      D9D9
 1818 03c3 91C9E27A 		.ascii	"\221\311\342z9\235\354\310\366\230\270\221I\0363\217"
 1818      399DECC8 
 1818      F698B891 
 1818      491E338F 
 1819 03d3 984753D9 		.ascii	"\230GS\331vS\250\214\331\335T\346jO\246\016$;\315\203"
 1819      7653A88C 
 1819      D9DD54E6 
 1819      6A4FA60E 
 1819      243BCD83 
 1820 03e7 A630E0ED 		.ascii	"\2460\340\355\376\037\335\034\210\344"
 1820      FE1FDD1C 
 1820      88E4
 1821              		.text
 1822              		.section	.gnu.lto_chCacheObjectInit.337.71a43691,"e",%progbits
 1823 0000 789C8D96 		.ascii	"x\234\215\226kL\024W\024\200\357\231;\263/\226ED\005"
 1823      6B4C1457 
 1823      1480EF99 
 1823      3BB32F96 
 1823      454405
 1824 0013 8D083E56 		.ascii	"\215\010>V\224D\020\0126\355\217\376\361G\233\246\377"
 1824      9444100A 
 1824      36ED8FFE 
 1824      F1479BA6 
 1824      FF
 1825 0024 FAD7B461 		.ascii	"\372\327\264a\327\265l\037.aQ\023\323\304Ay4\330\224"
 1825      D7B56C1F 
 1825      2E615113 
 1825      D3C44179 
 1825      34D894
 1826 0037 0551A241 		.ascii	"\005Q\242A\333\216[\203?\032\255\351\003*\255XTDk\254"
 1826      DB8E5B83 
 1826      3F1AADE9 
 1826      032AAD58 
 1826      54446BAC 
 1827 004b D5564DD1 		.ascii	"\325VM\321\266i\015P+R\322F\261\332\3559wf\337\353\256"
 1827      B6690D50 
 1827      2B52D246 
 1827      B1DAED39 
 1827      7766DFEB 
 1828 0060 93E5CEDC 		.ascii	"\223\345\316\334s\277\363\270s\3179\303\356,\306\256"
 1828      73BFF3B8 
 1828      73CF39C3 
 1828      EE2CC6AE 
 1829 0070 31C6DEC6 		.ascii	"1\306\336\306?ff\320\331\321&\261P(\264M\226`\027>\303"
 1829      3F6666D0 
 1829      D9D126B1 
 1829      5028B44D 
 1829      9660173E 
ARM GAS  C:\Users\nello\AppData\Local\Temp\ccU8ONsd.s 			page 54


 1830 0085 30881987 		.ascii	"0\210\031\207\256\310\212,5u\354\214\2544w8\304]\221"
 1830      AEC88A2C 
 1830      3575EC8C 
 1830      AC347738 
 1830      C45D91
 1831 0098 9A3BB2C4 		.ascii	"\232;\262\304S\213!1A\243,\036\200m\223\270\254\230"
 1831      538B2131 
 1831      41A32C1E 
 1831      806D93B8 
 1831      AC98
 1832 00aa 601B9759 		.ascii	"`\033\227Y\364Rb\236w\361\225\252\252\336o\3367>\014"
 1832      F452629E 
 1832      77F195AA 
 1832      AADE6FDE 
 1832      373E0C
 1833 00bd 6AEF2004 		.ascii	"j\357 \0049c\007\270\261\330\303\241\223\0079\200l<"
 1833      396307B8 
 1833      B1D8C3A1 
 1833      93073980 
 1833      6C3C
 1834 00cf 49508C4F 		.ascii	"IP\214O\374\025V2\250\252\337]\357SU+\013r\016_\000"
 1834      FC155632 
 1834      A8AADF5D 
 1834      EF53552B 
 1834      0B720E5F 
 1835 00e4 EAC0E700 		.ascii	"\352\300\347\000\237\001#\201\253\333J\334V\301MM\214"
 1835      9F012381 
 1835      ABDB4ADC 
 1835      56C14D4D 
 1835      8C
 1836 00f5 B53B0268 		.ascii	"\265;\002hY\206\376xNv\035\024\234\012:\370\307\360"
 1836      5986FE78 
 1836      4E761D14 
 1836      9C0A3AF8 
 1836      C7F0
 1837 0107 1E012A70 		.ascii	"\036\001*p<\036T\\G\004\330b\200\267#\026\277J\264x"
 1837      3C1E545C 
 1837      4704D862 
 1837      80B72316 
 1837      BF4AB478 
 1838 011b 5C803B75 		.ascii	"\\\200;u\360\350\237\255\255\352,9\310Mp\"\0364\271"
 1838      F0E89FAD 
 1838      ADEA2C39 
 1838      C84D7022 
 1838      1E34B9
 1839 012e 8605D861 		.ascii	"\206\005\330aX\2743\254[4\303\311x\320\354\272,\300"
 1839      58BC33AC 
 1839      5B34C3C9 
 1839      78D0ECBA 
 1839      2CC0
 1840 0140 6E039C1C 		.ascii	"n\003\234\034\353\024\240\005\206\342A\213\353g\001"
 1840      EB14A005 
 1840      86E2418B 
 1840      EB6701
 1841 014f EE37C0BB 		.ascii	"\3567\300\273\255\273\004h\205\323\361\240\325u\333"
 1841      ADBB0468 
 1841      85D3F1A0 
ARM GAS  C:\Users\nello\AppData\Local\Temp\ccU8ONsd.s 			page 55


 1841      D575DB
 1842 015e CA98C978 		.ascii	"\312\230\311x\317@:A\240w\355$\265\217G\332\034\201"
 1842      CF403A41 
 1842      A077ED24 
 1842      B58F47DA 
 1842      1C81
 1843 0170 464B90DB 		.ascii	"FK\220\333\340l\254\036c\256F\233\211\301\0100\314\000"
 1843      E06CAC1E 
 1843      63AE469B 
 1843      89C10830 
 1843      CC00
 1844 0182 E6526D28 		.ascii	"\346Rm(\264\220\362a`N\265Q\235\232\031\233\372\000"
 1844      B490F261 
 1844      604EB551 
 1844      9D9A199B 
 1844      FA00
 1845 0194 CEAAB8DB 		.ascii	"\316\252\270\333,8\037\257J\326\371':\027\350\351\035"
 1845      2C381FAF 
 1845      4AD6F927 
 1845      3A17E8E9 
 1845      1D
 1846 01a5 6C2A6644 		.ascii	"l*fD]HA\365'Q\027SP'\223\250K)\250\221$\352r\012\352"
 1846      5D4841F5 
 1846      27511753 
 1846      502793A8 
 1846      4B29A891 
 1847 01be 5212F543 		.ascii	"R\022\365C\002\325\313i\337G\276W\006\325\207\241vU"
 1847      02D5CB69 
 1847      DF47BE57 
 1847      06D587A1 
 1847      7655
 1848 01d0 0D3D37DA 		.ascii	"\015=7\332s\314\366\264\005\340\014\330\001\276\001"
 1848      73CCF6B4 
 1848      05E00CD8 
 1848      01BE01
 1849 01df 07C029C8 		.ascii	"\007\300)\310\001\370\022r\001\006 \017\340k\230\007"
 1849      01F81272 
 1849      0106200F 
 1849      E06B9807 
 1850 01ef D007050C 		.ascii	"\320\007\005\014\247\363\031N\0270\344\026\242y{!\015"
 1850      A7F3194E 
 1850      1730E416 
 1850      A2797B21 
 1850      0D
 1851 0200 8B70C82E 		.ascii	"\213p\310.\302\301A.\035\213)\311\226\340\220\263\224"
 1851      C2C1412E 
 1851      1D8B29C9 
 1851      96E090B3 
 1851      94
 1852 0211 86653475 		.ascii	"\206e4u\022\267\034\007[\011!+\350i%\331+\245h\252\000"
 1852      12B71C07 
 1852      5B09212B 
 1852      E86925D9 
 1852      2BA568AA 
 1853 0226 06A19A8C 		.ascii	"\006\241\232\214\256!\363\214\265s\252Rq\025\211\251"
 1853      AE21F38C 
 1853      B573AA52 
ARM GAS  C:\Users\nello\AppData\Local\Temp\ccU8ONsd.s 			page 56


 1853      711589A9 
 1854 0236 149D020B 		.ascii	"\024\235\002\013p\036;\235\204\355]m\241\023&\215/4"
 1854      701E3B9D 
 1854      84ED5D6D 
 1854      A113268D 
 1854      2F34
 1855 0248 4A8B8B14 		.ascii	"J\213\213\0248\004X\215\343\371A>K\343\363\340\252\220"
 1855      3804588D 
 1855      E3F9413E 
 1855      4BE3F3E0 
 1855      AA90
 1856 025a AD4611E6 		.ascii	"\255F\021\346C.\\\203\375\2241M\202\301\314\262\303"
 1856      432E5C83 
 1856      FD94314D 
 1856      82C1CCB2 
 1856      C3
 1857 026b 75743405 		.ascii	"ut4\005\315\305(\223\202|\366\0014\302\320$\331\313"
 1857      CDC52893 
 1857      827CF601 
 1857      34C2D024 
 1857      D9CB
 1858 027d 0624F274 		.ascii	"\006$\362tGC/h\2740\223\365\033h\035\342\254\337\304"
 1858      47432F68 
 1858      BC3093F5 
 1858      1B681DE2 
 1858      ACDFC4
 1859 0290 29EA3F6C 		.ascii	")\352?l\005\215/\322\320X\262\253B\\1\334\354\2339\325"
 1859      058D2FD2 
 1859      D058B2AB 
 1859      425C31DC 
 1859      EC9B39D5 
 1860 02a4 650E3BE9 		.ascii	"e\016;\351\345Q'\206\007\031~E\017\022i\345\010\276"
 1860      E5512786 
 1860      07197E45 
 1860      0F1269E5 
 1860      08BE
 1861 02b6 FF745A5E 		.ascii	"\377tZ^\201\337\220\347\304\347\352\366\323\3632\334"
 1861      81DF90E7 
 1861      C4E7EAF6 
 1861      D3F332DC 
 1862 02c6 425E265E 		.ascii	"B^&^\217\247\377LZ\336\014c\310+\304\333u\373\351y\013"
 1862      8FA7FF4C 
 1862      5ADE0C63 
 1862      C82BC4DB 
 1862      75FBE979 
 1863 02db 4C206F22 		.ascii	"L o\"\336\241\333\037N\313[\3416\362f\342-\304O\337"
 1863      DEA1DB1F 
 1863      4ECB5BE1 
 1863      36F266E2 
 1863      2DC44FDF 
 1864 02ef 7F0C1F3D 		.ascii	"\177\014\037=\2049p\007U,L\230\030\317\246\0360\211"
 1864      84397007 
 1864      552C4C98 
 1864      18CFA61E 
 1864      3089
 1865 0301 02EC1674 		.ascii	"\002\354\026t\2426\3758\246\373\276\315l\347\257D;\323"
 1865      A236FD38 
ARM GAS  C:\Users\nello\AppData\Local\Temp\ccU8ONsd.s 			page 57


 1865      A6FBBECD 
 1865      6CE7AF44 
 1865      3BD3
 1866 0313 28B061B7 		.ascii	"(\260a\267\2312r\357\342\310\247x\252E\021;\345\251"
 1866      993272EF 
 1866      E2C8A778 
 1866      AA45113B 
 1866      E5A9
 1867 0325 EDFCADDB 		.ascii	"\355\374\255\333\021I\321\273\012\253\000\376\321\243"
 1867      1149D1BB 
 1867      0AAB00FE 
 1867      D1A3
 1868 0333 986ABBC0 		.ascii	"\230j\273\3003\005q/1\210\373(\310\242\027R\244\007"
 1868      3305712F 
 1868      3188FB28 
 1868      C8A21752 
 1868      A407
 1869 0345 71550451 		.ascii	"qU\004Q\234)\210\007IA\374\373\344A<J\014\342?\024\330"
 1869      9C298807 
 1869      4941FCFB 
 1869      E4413C4A 
 1869      0CE23F14 
 1870 035a 298862AC 		.ascii	")\210b\254\245\000\227c\312\022\304\261^\374]1jR\211"
 1870      A5009763 
 1870      CA12C4B1 
 1870      5EFC5D31 
 1870      6A5289
 1871 036d D6642FEA 		.ascii	"\326d/\352\316\325x\001\250R\370\200m\320(\355\347\331"
 1871      CED57801 
 1871      A852F880 
 1871      6DD028ED 
 1871      E7D9
 1872 037f 64AA404F 		.ascii	"d\252@O ]\363\361\374\016\344\035a~\307\261\226\241"
 1872      205DF3F1 
 1872      FC0EE41D 
 1872      617EC7B1 
 1872      96A1
 1873 0391 1735BE12 		.ascii	"\0275\276\022g\372GVd\311\300\314\225&\263\306\027\207"
 1873      67FA4756 
 1873      64C9C0CC 
 1873      9526B3C6 
 1873      1787
 1874 03a3 ED5852D4 		.ascii	"\355XR\324E\213$\352B\340\023N\215/y<,\303;\222(:rx"
 1874      458B24EA 
 1874      42E0134E 
 1874      8D2F793C 
 1874      2CC33B92 
 1875 03bb B4E511D7 		.ascii	"\264\345\021\327\370RT \207\262p\210Q\334\2224\276\014"
 1875      F8525420 
 1875      87B27088 
 1875      51DC9234 
 1875      BE0C
 1876 03cd 5DE2129B 		.ascii	"]\342\022\233\200\246\237\206\034\"\252e\324y\037@\001"
 1876      80A69F86 
 1876      1C22AA65 
 1876      D4791F40 
 1876      01
ARM GAS  C:\Users\nello\AppData\Local\Temp\ccU8ONsd.s 			page 58


 1877 03de 961F5615 		.ascii	"\226\037V\025\212\344\367vOX\350\333\023\340J\342K\233"
 1877      8AE4F776 
 1877      4F58E8DB 
 1877      13E04AE2 
 1877      4B9B
 1878 03f0 F931E884 		.ascii	"\3711\350\204sx\230\245\032_`t\267s6\215;#\357\2430"
 1878      737898A5 
 1878      1A5F6074 
 1878      B773368D 
 1878      3B23EFA3 
 1879 0405 C8E7E132 		.ascii	"\310\347\3412%`l\327\331\211\341\345\204\273\216D]\347"
 1879      25606CD7 
 1879      D989E1E5 
 1879      84BB8E44 
 1879      5DE7
 1880 0417 5D29554F 		.ascii	"])UOs\302h\270\237\015\354\035\2255\276<\305\246c\317"
 1880      73C268B8 
 1880      9F0DEC1D 
 1880      9535BE3C 
 1880      C5A663CF 
 1881 042b BD5D8A9C 		.ascii	"\275]\212\234\273x\367\001I\344\236\2366\020\243\034"
 1881      BB78F701 
 1881      49E49E9E 
 1881      3610A31C 
 1882 043b 8E2A4276 		.ascii	"\216*Bv\"9\213|.\3277\202\273*\311\340\254K\212f\250"
 1882      22398B7C 
 1882      2ED73782 
 1882      BB2AC9E0 
 1882      AC4B8A66 
 1883 0450 851274B7 		.ascii	"\205\022t\267\364$\236\272Q-\227<\225\210}Y5\276\"\203"
 1883      F4249EBA 
 1883      512D973C 
 1883      95887D59 
 1883      35BE2283 
 1884 0464 A3BD09BB 		.ascii	"\243\275\011\273\332\027\335\325\036k\274\253\025q\256"
 1884      DA17DDD5 
 1884      1E6BBCAB 
 1884      1571AE
 1885 0473 7AC2AE4A 		.ascii	"z\302\256J\223\330T~\016$\370y_2*\267Toe\243W\"\231"
 1885      93D8547E 
 1885      0E24F879 
 1885      5F322AB7 
 1885      546F65A3 
 1886 048a 3E6E4FDA 		.ascii	">nO\332Y>|\210\374l\275m\345\207\333\326\215\014:A\324"
 1886      593E7C88 
 1886      FC6CBD6D 
 1886      E587DBD6 
 1886      8D0C3A41 
 1887 049f C9C31675 		.ascii	"\311\303\026uP\322}\244\347\013\340\020\362st\037\005"
 1887      50D27DA4 
 1887      E70BE010 
 1887      F273741F 
 1887      05
 1888 04b0 FA2775BA 		.ascii	"\372'u\272\357fZ\0353\034F\235\271\350\243LO\375\273"
 1888      EF665A1D 
 1888      331C469D 
 1888      B9E8A34C 
ARM GAS  C:\Users\nello\AppData\Local\Temp\ccU8ONsd.s 			page 59


 1888      4FFDBB
 1889 04c3 E7D768BC 		.ascii	"\347\327h\274\032SV\343U$\351i\271w\276R\343(\234\257"
 1889      1A5356E3 
 1889      5524E969 
 1889      B977BE52 
 1889      E3289CAF 
 1890 04d7 9708E578 		.ascii	"\227\010\345x\016U\305\304P\350\243<L~\\\324W\230^\036"
 1890      0E55C5C4 
 1890      50E8A33C 
 1890      4C7E5CD4 
 1890      57985E1E 
 1891 04eb F3F16B23 		.ascii	"\363\361k#Sy\254Q&\273oY\260\006\036\000Z\263\013Y\265"
 1891      5379AC51 
 1891      26BB6F59 
 1891      B0061E00 
 1891      5AB30B59 
 1892 0500 72B3FB0E 		.ascii	"r\263\373\016\311\260dL\261\237\377i\330\376K\307eQ"
 1892      C9B0644C 
 1892      B19FFF69 
 1892      D8FE4BC7 
 1892      6551
 1893 0512 4C74B573 		.ascii	"Lt\265s\210\375\327\201\261Uk\237]\267\266\326\353\362"
 1893      88FDD781 
 1893      B1556B9F 
 1893      5DB7B6D6 
 1893      EBF2
 1894 0524 BEDCB069 		.ascii	"\276\334\260i\275\327\267n\213\257\376\015\177]\215"
 1894      BDD7B76E 
 1894      8BAFFE0D 
 1894      7F5D8D
 1895 0533 DBF3EA26 		.ascii	"\333\363\352&\277\247~\335\363\036\177\303\246z\317"
 1895      BFA77EDD 
 1895      F31E7FC3 
 1895      A67ACF
 1896 0542 4BBED7BC 		.ascii	"K\276\327\274\356\315UlUYY9\376\334\244\340\363WVTT"
 1896      EECD556C 
 1896      55595939 
 1896      FEDCA4E0 
 1896      F3575654 
 1897 0557 94FBFCF8 		.ascii	"\224\373\374\370{\323\353*\367\327\273q\301\347z\335"
 1897      7BD3EB2A 
 1897      F7D7BB71 
 1897      C1E77ADD 
 1898 0567 5DE3AEF5 		.ascii	"]\343\256\365\370\313\334\214\373\334u\371q\2422\227"
 1898      F8CBDC8C 
 1898      FBDC75F9 
 1898      71A23297 
 1899 0577 A7D255E1 		.ascii	"\247\322U\341~\306\315\224\332\032\177\355F1\326\311"
 1899      7EC6CD94 
 1899      DA1A7FED 
 1899      4631D6C9 
 1900 0587 486C5470 		.ascii	"HlTp\360o\245qs\235R\357\251Y\277\301\264\245\336\333"
 1900      F06FA571 
 1900      739D52EF 
 1900      A959BFC1 
 1900      B4A5DEDB 
 1901 059b E0D940AB 		.ascii	"\340\331@\253uf\357\206\206\267\352\312V\033\367\012"
ARM GAS  C:\Users\nello\AppData\Local\Temp\ccU8ONsd.s 			page 60


 1901      7566EF86 
 1901      86B7EACA 
 1901      561BF70A 
 1902 05ab E35E69DC 		.ascii	"\343^i\334\2372\356U\306\275\372\177\007j\345E"
 1902      9F32EE55 
 1902      C6BDFA7F 
 1902      076AE545 
 1903              		.text
 1904              		.section	.gnu.lto_chCacheGetObject.338.71a43691,"e",%progbits
 1905 0000 789C8555 		.ascii	"x\234\205UmL[e\024~\317=\367\336\336\302h\201\242\343"
 1905      6D4C5B65 
 1905      147ECF3D 
 1905      F7DEDEC2 
 1905      6881A2E3 
 1906 0014 ABA3C42C 		.ascii	"\253\243\304,\306\037\200L\377h\374a\262D\377\030\177"
 1906      C61F804C 
 1906      FF68FC61 
 1906      B244FF18 
 1906      7F
 1907 0025 E85FA259 		.ascii	"\350_\242Yk3\272\231\224Q\320hb\270\214\302\002\352"
 1907      6B33BA99 
 1907      9451D068 
 1907      62B88CC2 
 1907      02EA
 1908 0037 F89861BA 		.ascii	"\370\230a\272\260\316\334T\305,\321\30587t:\224D0[\030"
 1908      B0CEDC54 
 1908      C52CD1C5 
 1908      3837743A 
 1908      9444305B 
 1909 004c 994EA70B 		.ascii	"\231N\247\013\033\0323`\321\331M\211C\247x\316{)\355"
 1909      1B1A3360 
 1909      D1D94D89 
 1909      43A778CE 
 1909      7B29ED
 1910 005f E5A336ED 		.ascii	"\345\2436\355\351{\317\373\234\3479\367\234\363\336"
 1910      E97BCFFB 
 1910      9CE739F7 
 1910      9CF3DE
 1911 006e FB8421C4 		.ascii	"\373\204!\304+B\210\227\350'\334\002\006\372{\024\261"
 1911      2B428897 
 1911      E827DC02 
 1911      06FA7B14 
 1911      B1
 1912 007f B4B4D4A6 		.ascii	"\264\264\324\246*JG\377\313\012\234\006y\325\325\357"
 1912      2A4A47FF 
 1912      CB0A9C06 
 1912      79D5D5EF 
 1913 008f 91FFA8C4 		.ascii	"\221\377\250\304\373\363\345\252s\331\243\302\301\376"
 1913      FBF3E5AA 
 1913      73D9A3C2 
 1913      C1FE
 1914 009d 3CB9D268 		.ascii	"<\271\322h\225\216\326W\274.x}\300\2721y\346\2214\225"
 1914      958ED657 
 1914      BC2E787D 
 1914      C0BA3179 
 1914      E6913495 
 1915 00b1 01EDAA5C 		.ascii	"\001\355\252\\\200hSP\325t\227\001mp\000\207\020\006"
ARM GAS  C:\Users\nello\AppData\Local\Temp\ccU8ONsd.s 			page 61


 1915      80685350 
 1915      D5749701 
 1915      6D700087 
 1915      1006
 1916 00c3 308902D4 		.ascii	"0\211\002\324\345\025@\340\236Q\323\274\325y\350\312"
 1916      E51540E0 
 1916      9E51D3BC 
 1916      D579E8CA 
 1917 00d3 57AEA1E1 		.ascii	"W\256\241\341Q5\211\212H\020\3408\300\207\300\011\023"
 1917      5135898A 
 1917      4810E038 
 1917      C087C009 
 1917      13
 1918 00e4 109F1277 		.ascii	"\020\237\022w\023hj\356\244i\272E\022\021N@\026\206"
 1918      13686AEE 
 1918      A469BA45 
 1918      12114E40 
 1918      1686
 1919 00f6 1CC1770D 		.ascii	"\034\301w\015\306\275(q\251\271\356AO\037$Q\205\021"
 1919      C6BD2871 
 1919      A9B9EE41 
 1919      4F1F2451 
 1919      8511
 1920 0108 274E0D7E 		.ascii	"'N\015~$q&H\340\261\371\356}f\241\312\300OV\003\307"
 1920      24712648 
 1920      E0B1F9EE 
 1920      7D66A1CA 
 1920      C04F5603 
 1921 011d 0C5B3A0E 		.ascii	"\014[:\016\374\267\225i\257u\367x\372\332\015\312\020"
 1921      FCB79569 
 1921      AF75F778 
 1921      FADA0DCA 
 1921      10
 1922 012e 3E05478E 		.ascii	">\005G\216\301)C\027\360\031p\346B\000\307ug\342&\216"
 1922      C1294317 
 1922      F01970E6 
 1922      4200C775 
 1922      67E2268E 
 1923 0142 EE993049 		.ascii	"\356\2310IE\203\321Ua\263\034\3669\010*\233\010^5\310"
 1923      4583D155 
 1923      61B31CF6 
 1923      39082A9B 
 1923      085E35C8 
 1924 0156 A96E1DED 		.ascii	"\251n\035\3554S\223g\272\366\227\330R\316b\260\3100"
 1924      34539367 
 1924      BAF697D8 
 1924      52CE62B0 
 1924      C830
 1925 0168 72CCFBE7 		.ascii	"r\314\373\347\265Q\363\366R\257i\236{|\372\366\357y"
 1925      B551F3F6 
 1925      52AF699E 
 1925      7B7CFAF6 
 1925      EF79
 1926 017a B5C07B1A 		.ascii	"\265\300{\032o\351t\003\272\213\014\025\035>\0067\300"
 1926      6FE97403 
 1926      BA8B0C15 
 1926      1D3E0637 
ARM GAS  C:\Users\nello\AppData\Local\Temp\ccU8ONsd.s 			page 62


 1926      C0
 1927 018b 29C8E7DD 		.ascii	")\310\347\335\002\362)\0366^6\205l\212\310\030\305l"
 1927      02F2291E 
 1927      365E3685 
 1927      6C8AC818 
 1927      C56C
 1928 019d 7C1C56C2 		.ascii	"|\034V\302\270R\200\223P\306\227\345d\264\0122\356J"
 1928      B8528093 
 1928      50C697E5 
 1928      64B40A32 
 1928      EE4A
 1929 01af 86F879B5 		.ascii	"\206\370y\265\205M\025\233\000\023T\263\251a#D/\362"
 1929      854D159B 
 1929      001354B3 
 1929      A9612344 
 1929      2FF2
 1930 01c1 64C84F15 		.ascii	"d\310O\025\345\333\207J\346\022D\012:f.}\015\"\016J"
 1930      E5DB874A 
 1930      E612440A 
 1930      3A662E7D 
 1930      0D220E4A 
 1931 01d5 12F31228 		.ascii	"\022\363\022(+\235O\356\256\231\033\007\012,\314\227"
 1931      2B9D4FEE 
 1931      AE991B07 
 1931      0A2CCC97 
 1932 01e5 1B9B12CC 		.ascii	"\033\233\022\314da\251\205\206\205\356$\026\210y\210"
 1932      6461A985 
 1932      8685EE24 
 1932      16887988 
 1933 01f5 CF8FCDBE 		.ascii	"\317\217\315\276\243\023\204gF\261KA\364\230M\177\035"
 1933      A3138467 
 1933      46B14B41 
 1933      F4984D7F 
 1933      1D
 1934 0206 F6BED633 		.ascii	"\366\276\3263~\261\305B\235*\3776\230\2469W\225D\017"
 1934      7EB1C542 
 1934      9D2AFF36 
 1934      98A63957 
 1934      95440F
 1935 0219 45C197B2 		.ascii	"E\301\227\262\033\367\222\213j\352\205q8\314\215\212"
 1935      1BF7928B 
 1935      6AEA8571 
 1935      38CC8D8A 
 1936 0229 3366D84F 		.ascii	"3f\330O\367\011\023\304\231\202\370\233\367Y\350\222"
 1936      F70913C4 
 1936      9982F89B 
 1936      F759E892 
 1937 0239 69142610 		.ascii	"i\024&\0209\015=\211E\234\300\364X\220\266X\276xE^]"
 1937      390D3D89 
 1937      459CC0F4 
 1937      5890B658 
 1937      BE78455E 
 1938 024e 257F6A71 		.ascii	"%\177jq\274\325\302\202\264\272\221\021_VV\340,)s<\243"
 1938      BCD5C282 
 1938      B4BA9111 
 1938      5F5656E0 
 1938      2C29733C 
ARM GAS  C:\Users\nello\AppData\Local\Temp\ccU8ONsd.s 			page 63


 1939 0263 DD167A72 		.ascii	"\335\026zra'\011\253\330\330T\0178\221\005\016\344\224"
 1939      612709AB 
 1939      D8D8540F 
 1939      3891050E 
 1939      E494
 1940 0275 8D24BE34 		.ascii	"\215$\2764\2617\027\361\371\0141c\013sa\277\311$\274"
 1940      B13717F1 
 1940      F90C3163 
 1940      0B7361BF 
 1940      C924BC
 1941 0288 2609AF03 		.ascii	"&\011\257\003\371\255\215$>I<rvA\263\260h=nj\273\017"
 1941      F9AD8D24 
 1941      3E493C72 
 1941      7641B3B0 
 1941      683D6E6A 
 1942 029e 2E121C25 		.ascii	".\022\034%q\307\340>\260\260\230\300\\^\003\376\245"
 1942      71C7E03E 
 1942      B0B098C0 
 1942      5C5E03FE 
 1942      A5
 1943 02af 8A7AD715 		.ascii	"\212z\327\025\314\012\277d\207S\234\335\370\331\357"
 1943      CC0ABF64 
 1943      87539CDD 
 1943      F8D9EF
 1944 02be 69DFB7D2 		.ascii	"i\337\267\322x\377\372\215\237\316j\374\034r\343/\333"
 1944      78FFFA8D 
 1944      9FCE6AFC 
 1944      1C72E32F 
 1944      DB
 1945 02cf 8D0FD853 		.ascii	"\215\017\330SY\222@\225I}I\274C\266X[3a\277\375\360"
 1945      59924095 
 1945      497D49BC 
 1945      43B6585B 
 1945      3361BFFD 
 1946 02e4 90856569 		.ascii	"\220\205ei\241\341\015&\354\307\354\011\363\262\320"
 1946      A1E10D26 
 1946      ECC7EC09 
 1946      F3B2D0
 1947 02f3 4F0EA13B 		.ascii	"O\016\241;\023\250\261PY\0227K!\335yR\3423\013\203\304"
 1947      13A8B150 
 1947      5912374B 
 1947      21DD7952 
 1947      E2330B83 
 1948 0308 0B125C9A 		.ascii	"\013\022\\\232@]\036\211$\226q\022\207\026/_\320Vnu"
 1948      405D1E89 
 1948      24967112 
 1948      87162F5F 
 1948      D0566E75 
 1949 031c 93CC00B2 		.ascii	"\223\314\000\262z\241\302U\222\2277bH\374\310\225\377"
 1949      7AA1C255 
 1949      92973762 
 1949      48FCC895 
 1949      FF
 1950 032d C1CF115E 		.ascii	"\301\317\021^\346\343f\374\315[\271\361>\270fW\237\373"
 1950      E6E366FC 
 1950      CD5BB9F1 
 1950      3EB86657 
ARM GAS  C:\Users\nello\AppData\Local\Temp\ccU8ONsd.s 			page 64


 1950      9FFB
 1951 033f E5833CBB 		.ascii	"\345\203<\273\337?_P\340\013jd\371\362\243\035eE\322"
 1951      DF3F5F50 
 1951      E00B6A64 
 1951      F9F2A31D 
 1951      6545D2
 1952 0352 DD2BA7F4 		.ascii	"\335+\247\364\341\327\025\012\015\256\023\205n\367\177"
 1952      E1D7150A 
 1952      0DAE1385 
 1952      6EF77F
 1953 0361 A88BC22A 		.ascii	"\250\213\302*\354\363\236\036\312\312\215c+ E\261\256"
 1953      ECF39E1E 
 1953      CACA8D63 
 1953      2B2045B1 
 1953      AE
 1954 0372 AC583FE1 		.ascii	"\254X?\341Y\322\315o\0379;\366Lm\221\264~\276>\306\270"
 1954      59D2CD6F 
 1954      1F393BF6 
 1954      4C6D91B4 
 1954      7EBE3EC6 
 1955 0387 2A72D938 		.ascii	"*r\3318\256K\307\007\354\243!%\376\252\264n`9{\315\221"
 1955      AE4BC707 
 1955      ECA32125 
 1955      FEAAB46E 
 1955      60397BCD 
 1956 039c 7D25E1E0 		.ascii	"}%\341\340\217\254a_\240\014\214\015\216\0058\216\305"
 1956      8FAC615F 
 1956      A00C8C0D 
 1956      8E05388E 
 1956      C5
 1957 03ad 9F847473 		.ascii	"\237\204tsi\003\014\036t\347\302.\0226\217\261Z:\235"
 1957      69030C1E 
 1957      74E7C22E 
 1957      12368FB1 
 1957      5A3A9D
 1958 03c0 EA5C49FC 		.ascii	"\352\\I\374\235Ib5o\265\203\367\2374/\254\301\256!]"
 1958      9D496235 
 1958      6FB583F7 
 1958      9F342FAC 
 1958      C1AE215D 
 1959 03d4 B2492D79 		.ascii	"\262I-y\352\373\320\265\372\011\376\306wn~]\245\037"
 1959      EAFBD0B5 
 1959      FA09FEC6 
 1959      776E7E5D 
 1959      A51F
 1960 03e6 E22EFB21 		.ascii	"\342.\373!\316\264#\263o\241\2055\026\226\010\361\027"
 1960      CEB423B3 
 1960      6FA18535 
 1960      169608F1 
 1960      17
 1961 03f7 94D0A9D0 		.ascii	"\224\320\251\320\272\216P\205A\177\357\304\036\272R"
 1961      BA8E5085 
 1961      417FEFC4 
 1961      1EBA52
 1962 0406 F71F8910 		.ascii	"\367\037\211\020\243\221\305\010\277@\373\303\342.\322"
 1962      A391C508 
 1962      BF40FBC3 
ARM GAS  C:\Users\nello\AppData\Local\Temp\ccU8ONsd.s 			page 65


 1962      E22ED2
 1963 0415 4E9D3B6A 		.ascii	"N\235;j\006\350\235\355\267\337\241\362s\023\366\316"
 1963      06E89DED 
 1963      B7DFA1F2 
 1963      7313F6CE 
 1964 0425 1C3EF82A 		.ascii	"\034>\370*\220\036\361\262\247\027!\373\005#D\315\366"
 1964      901EF1B2 
 1964      A71721FB 
 1964      052344CD 
 1964      F6
 1965 0436 071BB637 		.ascii	"\007\033\2667F\202\221'[Z\237\211D\033\236\2176\357"
 1965      46829127 
 1965      5B5A9F89 
 1965      441B9E8F 
 1965      36EF
 1966 0448 8E35ED08 		.ascii	"\2165\355\010\205\237n\215\205\233\033\036\015\307Z"
 1966      859F6E8D 
 1966      859B1B1E 
 1966      0DC75A
 1967 0457 5A9BC38F 		.ascii	"Z\233\303\217EwFB\317\335/jjk\353\350\033\342\200hl"
 1967      45774642 
 1967      CFDD2F6A 
 1967      6A6BEBE8 
 1967      1BE28068 
 1968 046c 5B7D7D7D 		.ascii	"[}}}]4F\337g#\301\272Xs\2106\242\301]\241\035\241\306"
 1968      5D3446DF 
 1968      6723C1BA 
 1968      58738836 
 1968      A2C15DA1 
 1969 0483 70AC3624 		.ascii	"p\2546$0\032j\332\354p\325\006\303\333\202\365\241\007"
 1969      301A6ADA 
 1969      EC70D506 
 1969      C3DB82F5 
 1969      A107
 1970 0495 4242DBD9 		.ascii	"BB\333\331\034mm\302\335\341\027T\332o\302\306\306\246"
 1970      1C6D6DC2 
 1970      DDE11754 
 1970      DA6FC2C6 
 1970      C6A6
 1971 04a7 FF00C565 		.ascii	"\377\000\305e\337y"
 1971      DF79
 1972              		.text
 1973              		.section	.gnu.lto_chCacheReleaseObjectI.339.71a43691,"e",%progbits
 1974 0000 789C9556 		.ascii	"x\234\225V[l\224E\024\2363\263\367\335n\257\364~\331"
 1974      5B6C9445 
 1974      149E33B3 
 1974      F7DD6EAF 
 1974      F47ED9
 1975 0013 5E8D0F6D 		.ascii	"^\215\017m)\361E}1\341\301\027\337L|j4\354\272\221z"
 1975      29F1457D 
 1975      31E1C117 
 1975      DF4C7C6A 
 1975      34ECBA91 
 1976 0028 C9365D8A 		.ascii	"\3116]\212\211\017\366\007\026\320j\354\266\325\006"
 1976      890FF607 
 1976      16D06AEC 
 1976      B6D506
ARM GAS  C:\Users\nello\AppData\Local\Temp\ccU8ONsd.s 			page 66


 1977 0037 0A6DC89F 		.ascii	"\012m\310\237U\232\0001\321\250E\253i$\010\011\361\236"
 1977      559A0031 
 1977      D1A845AB 
 1977      69240809 
 1977      F19E
 1978 0049 9610A844 		.ascii	"\226\020\250D\204\322\306\332\224\232\030@t=\347\237"
 1978      84D2C6DA 
 1978      949A1840 
 1978      743DE79F 
 1979 0059 FD77F7FF 		.ascii	"\375w\367\377w\267\2736\333\263gf\276s\2769\227\231"
 1979      77B7BB36 
 1979      DBB36766 
 1979      BE73BE39 
 1979      9799
 1980 006b 9D6B6EC6 		.ascii	"\235kn\306^g\214}\214\377\254\210\301\330\3500g\361"
 1980      5E678C7D 
 1980      8CFFAC88 
 1980      C1D8E830 
 1980      67F1
 1981 007d 787CC8C2 		.ascii	"x|\310\302a\034u\370\002\264\221\340\221Q\267\246\035"
 1981      611C75F8 
 1981      02B491E0 
 1981      9151B7A6 
 1981      1D
 1982 008e 1CF56ADF 		.ascii	"\034\365j\337\0268>\246\336\231:#\327\255\374Pb\375"
 1982      16383EA6 
 1982      DE993A23 
 1982      D7ADFC50 
 1982      62FD
 1983 00a0 7062DD06 		.ascii	"pb\335\006\307\306T\271h\347G\242\037I\365h\364\206"
 1983      C7C654B9 
 1983      68E747A2 
 1983      1F49F568 
 1983      F486
 1984 00b2 541C30A9 		.ascii	"T\0340\251/;Im\226\254\256\224\225\233\010\244\352\001"
 1984      2F3B496D 
 1984      96ACAE94 
 1984      959B08A4 
 1984      EA01
 1985 00c4 F90D6C88 		.ascii	"\371\015l\210\013\213\325fw8]n\017\014\301\270xXQ\224"
 1985      0B8BD566 
 1985      77385D6E 
 1985      0F0CC1B8 
 1985      78585194 
 1986 00d8 BB0727EF 		.ascii	"\273\007'\357_\002ef\036b\202\261i\301\344\337q\001"
 1986      5F026566 
 1986      1E6282B1 
 1986      69C1E4DF 
 1986      7101
 1987 00ea 63222600 		.ascii	"c\"&\000,\011\215\203\0175\361,{h^Q~X\232U\024'\213"
 1987      2C098D83 
 1987      0F35F12C 
 1987      7B685E51 
 1987      7E589A55 
 1988 0101 09019F01 		.ascii	"\011\001\237\001\332\300\247\000\237\000\243\011\377"
 1988      DAC0A700 
 1988      9F00A309 
ARM GAS  C:\Users\nello\AppData\Local\Temp\ccU8ONsd.s 			page 67


 1988      FF
 1989 010e 753BE15E 		.ascii	"u;\341^\323p\033\177\237\232\360F\321\263\005\316\032"
 1989      D3701B7F 
 1989      9F9AF046 
 1989      D1B305CE 
 1989      1A
 1990 011f 7116FF9A 		.ascii	"q\026\377\232\2351\233\316\210s0#\330\207?Y\347\225"
 1990      9D319BCE 
 1990      88733023 
 1990      D8873F59 
 1990      E795
 1991 0131 07F11145 		.ascii	"\007\361\021E\371\347\026,u>\316\001f\301\011\3609\270"
 1991      F9E7162C 
 1991      753ECE01 
 1991      66C109F0 
 1991      39B8
 1992 0143 D1C6EA41 		.ascii	"\321\306\352Aa+Ba\367\222(\246\271\022\322JI\224\221"
 1992      612B4261 
 1992      F79228A6 
 1992      B912D24A 
 1992      499491
 1993 0156 DB721215 		.ascii	"\333r\022\025$\266\221\250$Q\205\302QMZ\015\341jI\324"
 1993      24B691A8 
 1993      245185C2 
 1993      514D5A0D 
 1993      E16A49D4 
 1994 016a D1B09E16 		.ascii	"\321\260\236\026\032Hk$\321DC\037i\315\004i!\321J\242"
 1994      1A486B24 
 1994      D144431F 
 1994      69CD0469 
 1994      21D14AA2 
 1995 017e 8D443BB1 		.ascii	"\215D;\261u\220`lDP\306\265\277&\240!O\015\201E\205"
 1995      7590606C 
 1995      4450C6B5 
 1995      BF26A021 
 1995      4F0D8145 
 1996 0193 481FAEC3 		.ascii	"H\037\256\303\376w\207\343+\033\026\354\007U\270\023"
 1996      FE7787E3 
 1996      2B1B16EC 
 1996      0755B813 
 1997 01a3 F9C47AA0 		.ascii	"\371\304z\240\366\001`\011V\032c\302\251\012'\314is"
 1997      F6016009 
 1997      561A63C2 
 1997      A90A27CC 
 1997      6973
 1998 01b5 DB71CA11 		.ascii	"\333q\312\021\023.\370\022\246(9\021\302\314\324#1|"
 1998      132EF812 
 1998      A6283911 
 1998      C2CCD423 
 1998      317C
 1999 01c7 85641B10 		.ascii	"\205d\033\0209Q\254\012O\004xL\270\247\005N\241\327"
 1999      3951AC0A 
 1999      4F04784C 
 1999      B8A7054E 
 1999      A1D7
 2000 01d9 98F0B055 		.ascii	"\230\360\260U\210\\=W\213K\344\277\010d!\243\302b\332"
 2000      885C3D57 
ARM GAS  C:\Users\nello\AppData\Local\Temp\ccU8ONsd.s 			page 68


 2000      8B4BE4BF 
 2000      086421A3 
 2000      C262DA
 2001 01ec CCDCBD6F 		.ascii	"\314\334\275o\027\255\252(\322\351\035)\366\355\030"
 2001      17ADAA28 
 2001      D2E91D29 
 2001      F6ED18
 2002 01fb 9E17BE46 		.ascii	"\236\027\276F^\262^\207\003\023\207q\313^\004\223K;"
 2002      5EB25E87 
 2002      03138771 
 2002      CB5E0493 
 2002      4B3B
 2003 020d D492FDC6 		.ascii	"\324\222\375\3060\3444=/M\321F\206}{\325\245\212\342"
 2003      30E4343D 
 2003      2F4DD146 
 2003      867D7BD5 
 2003      A58AE2
 2004 0220 64A055D9 		.ascii	"d\240U\331\003\275\220\026\350\012\247@/\312@}L\213"
 2004      03BD9016 
 2004      E80AA740 
 2004      2FCA407D 
 2004      4C8B
 2005 0232 B2785A70 		.ascii	"\262xZprZ\034\023%,\312\225\213\247O\012-4\2539\264"
 2005      725A1C13 
 2005      252CCA95 
 2005      8BA74F0A 
 2005      2D34AB39 
 2006 0247 B30BDF08 		.ascii	"\263\013\337\010U\224d\333\237\034z\341Rzt\347\021]"
 2006      559464DB 
 2006      9F1C7AE1 
 2006      527A74E7 
 2006      115D
 2007 0259 8A06323C 		.ascii	"\212\0062<\007\245p\225RX*'\364\024\3322R\270\360\214"
 2007      07A57095 
 2007      52582A27 
 2007      F414DA32 
 2007      52B8F08C 
 2008 026d 2ACA72D3 		.ascii	"*\312r\323X\340{\244\341\032\315\3769\\,\337\012\373"
 2008      58E07BA4 
 2008      E11ACDFE 
 2008      395C2CDF 
 2008      0AFB
 2009 027f 236285C4 		.ascii	"#b\205\304f$\267\314\200\374Y\"\321\237\356\270b+\307"
 2009      6624B7CC 
 2009      80FC5922 
 2009      D19FEEB8 
 2009      622BC7
 2010 0292 0B29C784 		.ascii	"\013)\307\204\335\266\025\366rj\303\031\233\2500 \257"
 2010      DDB615F6 
 2010      726AC319 
 2010      9BA83020 
 2010      AF
 2011 02a3 4824FAD3 		.ascii	"H$\372\323\034\037]\264\251\2422\321\326\"\325\326\210"
 2011      1C1F5DB4 
 2011      A9A232D1 
 2011      D622D5D6 
 2011      88
ARM GAS  C:\Users\nello\AppData\Local\Temp\ccU8ONsd.s 			page 69


 2012 02b4 C5D472B8 		.ascii	"\305\324r\270\232^\3542\270\206\326\026\226\362\266"
 2012      9A5EEC32 
 2012      B886D616 
 2012      96F2B6
 2013 02c3 84636B0E 		.ascii	"\204ck\016^\343\016\257#\322F\274\225\262\271\2605\253"
 2013      5EE30EAF 
 2013      23D246BC 
 2013      95B2B9B0 
 2013      35AB
 2014 02d5 F290FD2A 		.ascii	"\362\220\375*\311\"\011\210\003n@!L7\321\314NLUz\352"
 2014      C9220988 
 2014      036E4021 
 2014      4C37D1CC 
 2014      4E4C557A 
 2015 02ea AAF3102D 		.ascii	"\252\363\020-\233\242\272\235\212j\322i\244\2526P\255"
 2015      9BA2BA9D 
 2015      8A6AD269 
 2015      A4AA3650 
 2015      AD
 2016 02fb EA54CE0C 		.ascii	"\352T\316\014l6\236\337M<k\222'a\276ywq\321\232<m\236"
 2016      6C369EDF 
 2016      4D3C6B92 
 2016      2761BE79 
 2016      7771D19A 
 2017 0312 8CC8CA61 		.ascii	"\214\310\312a\035\361\016\306\250T\3452\025\233\263"
 2017      1DF10EC6 
 2017      A854E532 
 2017      159BB3
 2018 0321 97F3D8DC 		.ascii	"\227\363\330\334A\033'^\320\033 9\266\306{\341Oy\302"
 2018      411B275E 
 2018      D01B2039 
 2018      B6C67BE1 
 2018      4F79C2
 2019 0334 88C30BA0 		.ascii	"\210\303\013\240\035 {\306\001ZZ\306\243W\263\325A\375"
 2019      1D207BC6 
 2019      015A5AC6 
 2019      A357B3D5 
 2019      41FD
 2020 0346 2BFDA02E 		.ascii	"+\375\240. \032\317e\215<\227>:\250+\347\3748\007\337"
 2020      201ACF65 
 2020      8D3C973E 
 2020      3AA82BE7 
 2020      FC3807DF 
 2021 035a 41E2903A 		.ascii	"A\342\220:28~\331\253\212\272<\011\275gJ\350}\034\273"
 2021      32387ED9 
 2021      AB8ABA3C 
 2021      09BD674A 
 2021      E87D1CBB 
 2022 036e 0A6AC707 		.ascii	"\012j\307\007z\345\352\222\355X\237\207\354_s;\306\013"
 2022      7AE5EA92 
 2022      ED589F87 
 2022      EC5F733B 
 2022      C60B
 2023 0380 6AC77D3C 		.ascii	"j\307}<\321\370\365z;6\344!:\300\215QEx2*s;6\030\250"
 2023      D1F8F57A 
 2023      3B36E421 
 2023      3AC08D51 
ARM GAS  C:\Users\nello\AppData\Local\Temp\ccU8ONsd.s 			page 70


 2023      4578322A 
 2024 0399 0EE95485 		.ascii	"\016\351T\205\265\343\033&\2367%\017\231SI\234\346\222"
 2024      B5E31B26 
 2024      9E37250F 
 2024      9953499C 
 2024      E692
 2025 03ab 5CB98977 		.ascii	"\\\271\211wEc\036\247o\231\234\276\315\013\275!\336"
 2025      45631EA7 
 2025      6F999CBE 
 2025      CD0BBD21 
 2025      DE
 2026 03bc D177DF98 		.ascii	"\321w\337\230,IS\036\262(7\225d\224\027\3024\316\023"
 2026      2C49531E 
 2026      B2283795 
 2026      649417C2 
 2026      34CE13
 2027 03cf C56FD24B 		.ascii	"\305o\322K\342\313C\364\236)\252\011\236\363\206\360"
 2027      E2CB43F4 
 2027      9E29AA09 
 2027      9EF386F0 
 2028 03df 19A88EF0 		.ascii	"\031\250\216\360\377uCL\232x\216\361\344\015A%qe\234"
 2028      FF75434C 
 2028      9A788EF1 
 2028      E40D4125 
 2028      71659C
 2029 03f2 925BF41A 		.ascii	"\222[\364\032h\316\371\223>\305\215\257\201\026\004"
 2029      68CEF993 
 2029      3EC58DAF 
 2029      811604
 2030 0401 CB535896 		.ascii	"\313SX\226\3575p\202'^\003-\362\207b\031\213\337\232"
 2030      EF357082 
 2030      275E032D 
 2030      F2876219 
 2030      8BDF9A
 2031 0414 13ADA688 		.ascii	"\023\255\246\210\306\210\250\015\301\222\010\362\021"
 2031      C688A80D 
 2031      C19208F2 
 2031      11
 2032 0421 BDAF13B5 		.ascii	"\275\257\023\265i1\2723\236_\027\376@\352v\335~\246"
 2032      6931BA33 
 2032      9E5F17FE 
 2032      40EA76DD 
 2032      7EA6
 2033 0433 325BEA5C 		.ascii	"2[\352\\p\022\335\270\365w\010\320;d\206g{\207\264\323"
 2033      7012DDB8 
 2033      F57708D0 
 2033      3B648667 
 2033      7B87B4D3 
 2034 0447 3B44F3FB 		.ascii	";D\363\373\333+\252\350H^\206\365\331\2377\247x\332"
 2034      DB2BAAE8 
 2034      485E86F5 
 2034      D99F37A7 
 2034      78DA
 2035 0459 F346737B 		.ascii	"\363Fs{\332\354V\373M\357 \267\264\177O\372\376\327"
 2035      DAEC56FB 
 2035      4DEF20B7 
 2035      B47F4FFA 
ARM GAS  C:\Users\nello\AppData\Local\Temp\ccU8ONsd.s 			page 71


 2035      FED7
 2036 046b 60DF13AC 		.ascii	"`\337\023\254\025M7\226\316(>\343+\235m\002\327\276"
 2036      154D3796 
 2036      CE283EE3 
 2036      2B9D6D02 
 2036      D7BE
 2037 047d 4704A43F 		.ascii	"G\004\244?H\031\353\334\371X\357\316\335}\376\276\247"
 2037      4819EBDC 
 2037      F958EFCE 
 2037      DD7DFEBE 
 2037      A7
 2038 048e F70C3EDF 		.ascii	"\367\014>\337\027\352}54\360R\270\177W \370\334`88\320"
 2038      17EA7D35 
 2038      34F052B8 
 2038      7F5720F8 
 2038      DC603838 
 2039 04a3 FB6430BC 		.ascii	"\373d0\274gp \370T\350\205\276\300\336GXgWW7~\002d\020"
 2039      677020F8 
 2039      54E885BE 
 2039      C0DE4758 
 2039      67575737 
 2040 04bb 0AEFE8E9 		.ascii	"\012\357\350\351\351\351\016\205\361\363r\237\277;<"
 2040      E9E90E85 
 2040      F1F3729F 
 2040      BF3B3C
 2041 04ca 10C08590 		.ascii	"\020\300\205\220\377\305\300\256\300\356`\270+\300D"
 2041      FFC5C0AE 
 2041      C0EE60B8 
 2041      2BC044
 2042 04d9 28D05F65 		.ascii	"(\320_e\230\352\362\007w\370{\002\217\006\230\005g\373"
 2042      98EAF207 
 2042      77F87B02 
 2042      8F069805 
 2042      67FB
 2043 04eb FF031FA2 		.ascii	"\377\003\037\242\346-"
 2043      E62D
 2044              		.text
 2045              		.section	.gnu.lto_chCacheReadObject.340.71a43691,"e",%progbits
 2046 0000 789C7552 		.ascii	"x\234uRMh\023Q\020\236og\267I\023\365$x\264 \"\036\232"
 2046      4D681351 
 2046      109E6F67 
 2046      B74913F5 
 2046      2478B420 
 2047 0017 34550F7A 		.ascii	"4U\017z\020\241\007/\336\274\006%\273.6*n\3106Z\275"
 2047      10A1072F 
 2047      DEBC0625 
 2047      BB2E362A 
 2047      6EC8365A 
 2048 002c E4B5DAAA 		.ascii	"\344\265\332\252\201\22269\031\264\310\022D\274D\360"
 2048      81923639 
 2048      19B4C812 
 2048      44BC44F0 
 2049 003c 27552B06 		.ascii	"'U+\006\374\273\024\"^\212\340\301\223')\301\223\005"
 2049      FCBB1422 
 2049      5E8AE0C1 
 2049      932729C1 
 2049      9305
ARM GAS  C:\Users\nello\AppData\Local\Temp\ccU8ONsd.s 			page 72


 2050 004e 21CEDB04 		.ascii	"!\316\333\004m\004\207\267\217\231\331\371\276\371\336"
 2050      6D0487B7 
 2050      8F99D9F9 
 2050      BEF9DE
 2051 005d BC77D420 		.ascii	"\274w\324 \272NDc\362\221I\250,\225\014\352v\273E\323"
 2051      BA4E4463 
 2051      F29149A8 
 2051      2C950CEA 
 2051      76BB45D3 
 2052 0071 4075A9D4 		.ascii	"@u\251\324\336|b\342\025\302\004c\306\014\035P\321`"
 2052      DE7C62E2 
 2052      15C20463 
 2052      C60C1D50 
 2052      D160
 2053 0083 1451E5FD 		.ascii	"\024Q\345\375-\245~\316\325n\266Q{\320B\235\211\226"
 2053      2DA57ECE 
 2053      D56EB651 
 2053      7BD0429D 
 2053      8996
 2054 0095 99700021 		.ascii	"\231p\000!\333\035F\205\353\014\230}\317\300\210x|\212"
 2054      DB1D4685 
 2054      EB0C987D 
 2054      CFC08878 
 2054      7C8A
 2055 00a7 F609ECE3 		.ascii	"\366\011\354\343\347\025\245\206\251\316\214&4\352\031"
 2055      E715A586 
 2055      A9CE8C26 
 2055      34EA19
 2056 00b6 F014A413 		.ascii	"\360\024\244\023\366\303\210\256\273\032\326un5\252"
 2056      F6C388AE 
 2056      BB1AD675 
 2056      6E35AA
 2057 00c5 3B1685DB 		.ascii	";\026\205\333\304\363\301:\323n\206u\305^]\251Q\336"
 2057      C4F3C13A 
 2057      D36E8675 
 2057      C55E5DA9 
 2057      51DE
 2058 00d7 3E2612F0 		.ascii	">&\022\360\022\177DHh\277\215\020\015\205\302\304\004"
 2058      127F4448 
 2058      68BF8D10 
 2058      0D85C2C4 
 2058      04
 2059 00e8 88BDAD39 		.ascii	"\210\275\2559\325\271\335\236_\330\371HE\377\321L\215"
 2059      D5B9DD9E 
 2059      5FD8F948 
 2059      45FFD14C 
 2059      8D
 2060 00f9 4F564BFD 		.ascii	"OVK\375\352\226\225Z\237^\373\362-\036\207\220X\206"
 2060      EA96955A 
 2060      9F5EFBF2 
 2060      2D1E8790 
 2060      5886
 2061 010b DE58B621 		.ascii	"\336X\266!\013x\201\010\260\202(\260\212\230nATf=\263"
 2061      0B788108 
 2061      B08228B0 
 2061      8A986E41 
 2061      54663DB3 
ARM GAS  C:\Users\nello\AppData\Local\Temp\ccU8ONsd.s 			page 73


 2062 011f D0764B8B 		.ascii	"\320vK\213E6\376\206\240\015\314\256n~hZ\001\243?\011"
 2062      4536FE86 
 2062      A00DCCAE 
 2062      6E7E685A 
 2062      01A33F09 
 2063 0133 19A178F7 		.ascii	"\031\241x\367\241\224V\020\011\330\302k\310\035\324"
 2063      A1945610 
 2063      09D8C26B 
 2063      C81DD4
 2064 0142 398A16EE 		.ascii	"9\212\026\356\206R7p\255r\003\001\033A\017c!\252\231"
 2064      86523770 
 2064      AD720301 
 2064      1B410F63 
 2064      21AA99
 2065 0155 3A25FC17 		.ascii	":%\374\027\372\246\007\025L\257\347\332:\007\314\375"
 2065      FAA60715 
 2065      4CAFE7DA 
 2065      3A07CCFD 
 2066 0165 9E3CD073 		.ascii	"\236<\320s8\340\010\336\011\260\027\306\360^\260\"\235"
 2066      38E008DE 
 2066      09B017C6 
 2066      F05EB022 
 2066      9D
 2067 0176 3A98BF77 		.ascii	":\230\277w(\340\230\000\205H\363\007,\005q\322\307\342"
 2067      28E09800 
 2067      8548F307 
 2067      2C0571D2 
 2067      C7E2
 2068 0188 2DC7C277 		.ascii	"-\307\302w\314\034\243=\202\357\324\032jDnh[\177\310"
 2068      CC1CA33D 
 2068      82EFD41A 
 2068      6A446E68 
 2068      5B7FC8
 2069 019b DA7E60F6 		.ascii	"\332~`\366\353\343\345\005\310\343\0212\012g\204\255"
 2069      EBE3E505 
 2069      C8E31132 
 2069      0A6784AD 
 2070 01ab 33221A9D 		.ascii	"3\"\032\2358\222\236\230\314\332\331\223S\2053Y/}\331"
 2070      38929E98 
 2070      CCDAD993 
 2070      53853359 
 2070      2F7DD9
 2071 01be CB9FF773 		.ascii	"\313\237\367s\031\307=]\360\335|\372\270\353O\025\362"
 2071      19C73D5D 
 2071      F0DD7CFA 
 2071      B8EB4F15 
 2071      F2
 2072 01cf EE09EF6C 		.ascii	"\356\011\357l\326\271t\220F\023\211\244,G\003<\177<"
 2072      D6B97490 
 2072      461389A4 
 2072      2C47033C 
 2072      7F3C
 2073 01e1 954A253D 		.ascii	"\225J%=_\326\205\254\235\364\363\216\374\360\354sN\306"
 2073      5FD685AC 
 2073      9DF4F38E 
 2073      FCF0EC73 
 2073      4EC6
ARM GAS  C:\Users\nello\AppData\Local\Temp\ccU8ONsd.s 			page 74


 2074 01f3 9974FD84 		.ascii	"\231t\375\204C\3549\271]\003\251\204\355\216\333)\347"
 2074      43EC39B9 
 2074      5D03A984 
 2074      ED8EDB29 
 2074      E7
 2075 0204 B043A664 		.ascii	"\260C\246dsV\306\277r\321\371\015\365\326\354\210"
 2075      7356C6BF 
 2075      72D1F90D 
 2075      F5D6EC88 
 2076              		.text
 2077              		.section	.gnu.lto_chCacheWriteObject.341.71a43691,"e",%progbits
 2078 0000 789C7552 		.ascii	"x\234uRMh\023Q\020\236og7I\023\177.\202G\013\"\342\241"
 2078      4D681351 
 2078      109E6F67 
 2078      3749137F 
 2078      2E82470B 
 2079 0017 4953F5A0 		.ascii	"IS\365\240'\261\007/\336\274\006%\273.6*n\3106\026\365"
 2079      27B1072F 
 2079      DEBC0625 
 2079      BB2E362A 
 2079      6EC83616 
 2080 002c 90D76A2B 		.ascii	"\220\327j+DJ\332\006<\324_\226 \336\352Am\325\326\006"
 2080      444ADA06 
 2080      3CD45F96 
 2080      20DEEA41 
 2080      6DD5D606 
 2081 0040 446F35E2 		.ascii	"Do5\342E\020\017^\364$m\324\213B1\316\333\004m\004\207"
 2081      45100F5E 
 2081      F4246DD4 
 2081      8B4231CE 
 2081      DB046D04 
 2082 0055 B78F99D9 		.ascii	"\267\217\231\331\371\276\371\336\274w\330 \272BD\375"
 2082      F9BEF9DE 
 2082      BC77D820 
 2082      BA4244FD 
 2083 0065 F2914998 		.ascii	"\362\221I\230\231.\033\324j\265J\246\201\352tym\375"
 2083      992E1BD4 
 2083      6AB54AA6 
 2083      81EA7479 
 2083      6DFD
 2084 0077 A1892584 		.ascii	"\241\211%\204\011\306\250\031:\240\222\301(\241\312"
 2084      09C6A819 
 2084      3AA092C1 
 2084      28A1CA
 2085 0086 7BEA4AFD 		.ascii	"{\352J\375\030\237]j`\366~\0355&\272\315\204\275\010"
 2085      189F5D6A 
 2085      60F67E1D 
 2085      3526BACD 
 2085      84BD08
 2086 0099 D96E3266 		.ascii	"\331n2f\270\306\200\331\361\014\364\212\307\307i\267"
 2086      B8C680D9 
 2086      F10CF48A 
 2086      C7C769B7 
 2087 00a9 C0DEBC5F 		.ascii	"\300\336\274_P\252\207j\314\230\207F=\006\036\201t\302"
 2087      50AA876A 
 2087      CC988746 
 2087      3D061E81 
ARM GAS  C:\Users\nello\AppData\Local\Temp\ccU8ONsd.s 			page 75


 2087      74C2
 2088 00bb FE1AD175 		.ascii	"\376\032\321u\027\303\272\346\363Fu\313\224p\233x\322"
 2088      17C3BAE6 
 2088      F34675CB 
 2088      94709B78 
 2088      D2
 2089 00cc 5D67DABF 		.ascii	"]g\332\277\302\272R\273n\271Q\331\334/\022\360\014\177"
 2089      C2BA52BB 
 2089      6EB951D9 
 2089      DC2F12F0 
 2089      0C7F
 2090 00de 4448685F 		.ascii	"DHh_\213\022EBab\002\304\256\372\270j\2564&&\267=P\261"
 2090      8B124542 
 2090      616202C4 
 2090      AEFAB86A 
 2090      AE342626 
 2091 00f6 7F34D3DC 		.ascii	"\1774\323\334[\253\256\326[\025\245Z\227V>|O$ $\226"
 2091      5BABAED6 
 2091      5B15A55A 
 2091      97563E7C 
 2091      4F242024 
 2092 010b A137962D 		.ascii	"\2417\226-b\001O\021\005\026\020\003\026\021\327-\210"
 2092      62014F11 
 2092      05161003 
 2092      1611D72D 
 2092      88
 2093 011c 2AAC6716 		.ascii	"*\254g\026\332\016i1\305\306\337\020\264\212\261\305"
 2093      DA0E6931 
 2093      C5C6DF10 
 2093      B48AB1C5 
 2094 012c 9F9FE6AD 		.ascii	"\237\237\346\255\200\321\231\204\214P\274{PJ+\210\006"
 2094      80D19984 
 2094      8C50BC7B 
 2094      504A2B88 
 2094      06
 2095 013d 6C611972 		.ascii	"la\031r\0075\216\241\216[\241\324U\\\276~\025\001\033"
 2095      07358EA1 
 2095      8E5BA1D4 
 2095      555CBE7E 
 2095      15011B
 2096 0150 411B6361 		.ascii	"A\033caM\370\266j\266f\031\377\205\277h\303\005\327"
 2096      4DF8B66A 
 2096      B66619FF 
 2096      85BF68C3 
 2096      05D7
 2097 0162 EEFBF91D 		.ascii	"\356\373\371\035\007\314\235\276\334\325\267'\340(^"
 2097      07CC9DBE 
 2097      DCD5B727 
 2097      E0285E
 2098 0171 0AB01DC6 		.ascii	"\012\260\035\306\361J\260\"\237\232\230\270\273?\340"
 2098      F14AB022 
 2098      9F9A98B8 
 2098      BB3FE0
 2099 0180 B8008548 		.ascii	"\270\000\205H\363\007,\005\011\322G\343\015G\303\027"
 2099      F3072C05 
 2099      09D247E3 
 2099      0D47C317 
ARM GAS  C:\Users\nello\AppData\Local\Temp\ccU8ONsd.s 			page 76


 2100 0190 8C1EA29D 		.ascii	"\214\036\242\235\202o\276\236S\275rK\233:\203\326\366"
 2100      826FBE9E 
 2100      53BD724B 
 2100      9B3A83D6 
 2100      F6
 2101 01a1 0D631F6F 		.ascii	"\015c\037o\334\231\204< !\243pN\3308'\242\276\301\203"
 2101      DC99843C 
 2101      2021A370 
 2101      4ED83827 
 2101      A2BEC183 
 2102 01b5 99C1A19C 		.ascii	"\231\301\241\234\235;6\\<\231\3632#^\341\214\237\317"
 2102      9D3B365C 
 2102      3C99F332 
 2102      235EE18C 
 2102      9FCF
 2103 01c7 3AEE89A2 		.ascii	":\356\211\242\357\0262G\\\177\270Xp\217z\247r\316\371"
 2103      EF163247 
 2103      5C7FB858 
 2103      708F7AA7 
 2103      72CEF9
 2104 01da 7DD4974C 		.ascii	"}\324\227L\246d9\032\340\371\003\351t:\345\371\262\316"
 2104      A664391A 
 2104      E0F903E9 
 2104      743AE5F9 
 2104      B2CE
 2105 01ec E6EC945F 		.ascii	"\346\354\224_p\344\207g\237v\262\316\220\353'\035b\317"
 2105      70E48767 
 2105      9F76B2CE 
 2105      90EB271D 
 2105      62CF
 2106 01fe C96FEF4A 		.ascii	"\311o\357J%mw\300N;\007\0342%\233\267\262\376\205s\316"
 2106      256D77C0 
 2106      4E3B071C 
 2106      32259BB7 
 2106      B2FE8573 
 2107 0213 6FD02FF2 		.ascii	"o\320/\362\233"
 2107      9B
 2108              		.text
 2109              		.section	.gnu.lto_.symbol_nodes.71a43691,"e",%progbits
 2110 0000 789C7D92 		.ascii	"x\234}\222KJ\003Q\020E\353\363\362\372u\332\030H\206"
 2110      4B4A0351 
 2110      1045EBF3 
 2110      F2FA75DA 
 2110      184886
 2111 0013 111CB801 		.ascii	"\021\034\270\001\367\220\205U?\262\001\367\360\266\341"
 2111      F7908555 
 2111      3FB201F7 
 2111      F0B6E1
 2112 0022 0F7A9E9F 		.ascii	"\017z\236\237\037\020\234\365L\335\203\032P\270MH\325"
 2112      1F109CF5 
 2112      4CDD831A 
 2112      50B84D48 
 2112      D5
 2113 0033 EC52A72E 		.ascii	"\354R\247.\227\252\272P\"\222\0076\372\376\253K\276"
 2113      97AABA50 
 2113      22920736 
 2113      FAFEAB4B 
ARM GAS  C:\Users\nello\AppData\Local\Temp\ccU8ONsd.s 			page 77


 2113      BE
 2114 0044 591319D1 		.ascii	"Y\023\031\321]\233\36351\035J\036\331\330'>\330\304"
 2114      5D9BF335 
 2114      311D4A1E 
 2114      D9D8273E 
 2114      D8C4
 2115 0056 273ED9D4 		.ascii	"'>\331\324'\276\330\202Ol\304FG\304m\006b+\026}b'V\035"
 2115      27BED882 
 2115      4F6CC446 
 2115      47C46D06 
 2115      622B167D 
 2116 006e 11F739F3 		.ascii	"\021\3679\363?\260\027K.\360$V\273\300\263\330\330\005"
 2116      3FB0174B 
 2116      2EF02456 
 2116      BBC0B3D8 
 2116      D805
 2117 0080 5EC41A0F 		.ascii	"^\304\032\017\340W\261\263!@\324\266\355\241\313ob\223"
 2117      E057B1B3 
 2117      2140D4B6 
 2117      EDA1CB6F 
 2117      6293
 2118 0092 53BD77B1 		.ascii	"S\275w\261\363\023=\215\340\270\324\010\347\352*\215"
 2118      F3133D8D 
 2118      E0B8D408 
 2118      E7EA2A8D 
 2119 00a2 70DF6EAA 		.ascii	"p\337n\252\021\036\242\233\005Xi\231i5A#T\205\007\262"
 2119      111EA29B 
 2119      05586999 
 2119      69354123 
 2119      548507B2 
 2120 00b6 9F6A02A3 		.ascii	"\237j\002\243+M#\234La0\231 Q\031k\202\270\375\257\204"
 2120      2B4D239C 
 2120      4C613099 
 2120      2051196B 
 2120      82B8FDAF 
 2121 00cb 0CAB4613 		.ascii	"\014\253F\023\346\235k\015VK\255a\007\2538\220e\241"
 2121      E69D6B0D 
 2121      564BAD61 
 2121      07AB3890 
 2121      65A1
 2122 00dd 35BC61BF 		.ascii	"5\274a\277\010p\251\302\241AE?\024\255\177p"
 2122      0870A9C2 
 2122      A141453F 
 2122      14AD7F70 
 2123              		.text
 2124              		.section	.gnu.lto_.refs.71a43691,"e",%progbits
 2125 0000 789C6364 		.ascii	"x\234cd\000\002\000\000\012\000\002"
 2125      00020000 
 2125      0A0002
 2126              		.text
 2127              		.section	.gnu.lto_.decls.71a43691,"e",%progbits
 2128 0000 789C9558 		.ascii	"x\234\225X\011PTW\272\276\3779Mo\264@\024\2237eU\236"
 2128      09505457 
 2128      BABEFF39 
 2128      4D6FB440 
 2128      14933765 
 2129 0016 9332136A 		.ascii	"\2232\023jf\224\200\2518\363\352U=3\326K\2365I^*\276"
ARM GAS  C:\Users\nello\AppData\Local\Temp\ccU8ONsd.s 			page 78


 2129      669480A9 
 2129      38F3EA55 
 2129      3D33D64B 
 2129      9E35495E 
 2130 002c A9A92CEF 		.ascii	"\251\251,\357\365`w\007\230\2608t\2431\365\246\352*"
 2130      F5607707 
 2130      98B03874 
 2130      A331F5A6 
 2130      EA2A
 2131 003e 2A2222A0 		.ascii	"*\"\"\240\211\202+\321 \022\227!\356\210H\203\013\233"
 2131      89822BD1 
 2131      20129721 
 2131      EE884883 
 2131      0B9B
 2132 0050 28EE0B8A 		.ascii	"(\356\013\212\273\266\012\212\270\202\240\357?\347\334"
 2132      BBB60A8A 
 2132      B882A0EF 
 2132      3FE7DC
 2133 005f BEF7F6F2 		.ascii	"\276\367\366\362\262t\365\337\367\336s\277\377\377\277"
 2133      B274F5DF 
 2133      F7DE73BF 
 2133      FFFFBF
 2134 006e 7F39E79E 		.ascii	"\1779\347\236\333\021#$\351\272A\222F\031%\3519~\206"
 2134      DB112324 
 2134      E9BA4192 
 2134      461925E9 
 2134      397E86
 2135 0081 48927444 		.ascii	"H\222tD\322>\321(\273Q\366\2404\243\264\242\234@\271"
 2135      D23ED128 
 2135      BB51F6A0 
 2135      34A3B4A2 
 2135      9C40B9
 2136 0094 89D28D12 		.ascii	"\211\322\215\022\003\2224\024\345%\224_\240\214@\371"
 2136      03923414 
 2136      E525945F 
 2136      A08C40F9 
 2137 00a4 25CAAF50 		.ascii	"%\312\257P\342@\012\371L\3071t%\245\240\014E\211E9\213"
 2137      E2400AF9 
 2137      4CC73174 
 2137      25A5A00C 
 2137      45894539 
 2138 00b9 3206C7C7 		.ascii	"2\006\307\307*x\252\370\374=^\377k\030\033\177\377\211"
 2138      2A78AAF8 
 2138      FC3D5EFF 
 2138      6B181B7F 
 2138      FF89
 2139 00cb 36F62836 		.ascii	"6\366(6\376\015\205\015O\014\262\265\010\257MAv\376"
 2139      FE0D850D 
 2139      4F0CB2B5 
 2139      08AF4D41 
 2139      76FE
 2140 00dd 5BB1FD29 		.ascii	"[\261\375)\036\217IB\357cE\2779\224\212\264\344g\332"
 2140      1E8F4942 
 2140      EF6345BF 
 2140      39948AB4 
 2140      E467DA
 2141 00f0 680D6363 		.ascii	"h\015cc\275b\303\257\317t\3548\366?(\177\001a[o\343"
ARM GAS  C:\Users\nello\AppData\Local\Temp\ccU8ONsd.s 			page 79


 2141      BD62C3AF 
 2141      CF74EC38 
 2141      F63F287F 
 2141      01615B6F 
 2142 0105 44181BC7 		.ascii	"D\030\033\307\360\306\020\235\015\226\243\325 \362R"
 2142      F0C6109D 
 2142      0D96A3D5 
 2142      20F252
 2143 0114 81C78FF0 		.ascii	"\201\307\217\360\370\032\3127x\036\201\262\026\345\177"
 2143      F81ACA37 
 2143      781E81B2 
 2143      16E57F
 2144 0123 15DB8CEB 		.ascii	"\025\333\214\3532\020\261\254A\371\002e\032\212G\361"
 2144      3210B1AC 
 2144      41F90265 
 2144      1A8A47F1 
 2145 0133 77338CBF 		.ascii	"w3\214\277\016\274\361b\030\177,v\346\347\261\342\213"
 2145      0EBCF162 
 2145      187F2C76 
 2145      E6E7B1E2 
 2145      8B
 2146 0144 E5601DCA 		.ascii	"\345`\035\312H\224\002\305\247\013\245\022\245\0111"
 2146      489402C5 
 2146      A70BA512 
 2146      A50931
 2147 0153 DFE1B106 		.ascii	"\337\341\261\006\217}(\275(\217\224\\ZQ\026\343\275"
 2147      8F7D28BD 
 2147      288F945C 
 2147      5A5116E3 
 2147      BD
 2148 0164 A528B928 		.ascii	"\245(\271(Y(\331 \372\307\215\362\245\302o%\213G\022"
 2148      5928D920 
 2148      FAC78DF2 
 2148      A5C26F25 
 2148      8B4712
 2149 0177 BDC8FA8E 		.ascii	"\275\310\372\216\325\210\325}\267\222\263\315A5\377"
 2149      D588D57D 
 2149      B792B3CD 
 2149      4135FF
 2150 0186 25C13E0D 		.ascii	"%\301>\015\252\327j%',O\004%\031\307\006\024N,\256\217"
 2150      AAD76A25 
 2150      272C4F04 
 2150      2519C706 
 2150      144E2CAE 
 2151 019b 7535DD02 		.ascii	"u5\335\002Z\036Yl[Q^Ub\363\347\224\345\334\245\344g"
 2151      5A1E596C 
 2151      5B515E55 
 2151      62F3E794 
 2151      E5DCA5E4 
 2152 01b0 15883858 		.ascii	"\025\2108XnY\216\227\243\224\242\224(\334Y|sQ\362Q\362"
 2152      6E598E97 
 2152      A394A294 
 2152      28DC597C 
 2152      7351F251 
 2153 01c5 9458590D 		.ascii	"\224XY\015\312\2258\263\225\330\247)ua\361Oe<%1\367"
 2153      CA9538B3 
 2153      95D8A729 
ARM GAS  C:\Users\nello\AppData\Local\Temp\ccU8ONsd.s 			page 80


 2153      7561F14F 
 2153      653C2531 
 2154 01da 7EA5D468 		.ascii	"~\245\324hwP\234\257\"\340\345\037\350\007\177<,\226"
 2154      77509CAF 
 2154      22E0E51F 
 2154      E8077F3C 
 2154      2C96
 2155 01ec 8F7475A8 		.ascii	"\217tu\250\305\243O\022q\260\370\366\240\034WzR_7\177"
 2155      C5A34F12 
 2155      71B0F8F6 
 2155      A01C577A 
 2155      525F377F 
 2156 0200 4DEB50BA 		.ascii	"M\353P\272\202\372\212\3456R\022\374\365u\363\307\240"
 2156      82FA8AE5 
 2156      365212FC 
 2156      F575F3C7 
 2156      A0
 2157 0211 EF358F52 		.ascii	"\3575\217RK\263$\326\221\335J\277\261\036oVj\332\255"
 2157      4BB324D6 
 2157      91DD4ABF 
 2157      B11E6F56 
 2157      6ADAAD
 2158 0224 D49485B8 		.ascii	"\324\224\205\270?(\316x\"\342\013\256\347\337\203b\334"
 2158      3F28CE78 
 2158      22E20BAE 
 2158      E7DF8362 
 2158      DC
 2159 0235 023F1ED3 		.ascii	"\002?\036\3237J\035Y\216l\012\377\351\272^\013\356E"
 2159      374A1D59 
 2159      8E6C0AFF 
 2159      E9BA5E0B 
 2159      EE45
 2160 0247 7F3C794A 		.ascii	"\177<yJ\215q\031\345\353 \343\316\326\276V\205s[\020"
 2160      8D7119E5 
 2160      EB20E3CE 
 2160      D6BE5685 
 2160      735B10
 2161 025a E7B144CC 		.ascii	"\347\261D\314\325\3360\234\375s\307?O\030\247\001\335"
 2161      D5DE309C 
 2161      FD73C73F 
 2161      4F18A701 
 2161      DD
 2162 026b BC60759F 		.ascii	"\274`u\237\256\364\0173\373\213 \333\3543\356g\332\357"
 2162      AEF40F33 
 2162      FB8B20DB 
 2162      EC33EE67 
 2162      DAEF
 2163 027d 0B637FA5 		.ascii	"\013c\177\245b\177D\030\373\313(\271v\274\263\321zM"
 2163      627F4418 
 2163      FBCB28B9 
 2163      76BCB3D1 
 2163      7A4D
 2164 028f DC333801 		.ascii	"\33438\001\340\364\233\370c\225>\246R\254LdbtRb\245"
 2164      E0F49BF8 
 2164      63953EA6 
 2164      52AC4C64 
 2164      62745262 
ARM GAS  C:\Users\nello\AppData\Local\Temp\ccU8ONsd.s 			page 81


 2165 02a4 56EAB436 		.ascii	"V\352\2646\301\313q\017\350x3\211\213\266\232\327\355"
 2165      C1CB710F 
 2165      E8783389 
 2165      8BB69AD7 
 2165      ED
 2166 02b5 85186B84 		.ascii	"\205\030k\204\231\020\237\311i\215\353\207\015\244\314"
 2166      99109FC9 
 2166      698DEB87 
 2166      0DA4CC
 2167 02c4 3872BC6C 		.ascii	"8r\274lp\316\037\3563\311\244\350\375\330\261\343\361"
 2167      70CE1FEE 
 2167      33C9A4E8 
 2167      FDD8B1E3 
 2167      F1
 2168 02d5 D7676A02 		.ascii	"\327gj\002'j}`0\307\340\231\317d}@\313\012\214\3166"
 2168      276A7D60 
 2168      30C7E099 
 2168      CF647D40 
 2168      CB0A8CCE 
 2169 02ea 32F73568 		.ascii	"2\3675h\002\25331V\226\345\361f\363\313\321\015\264"
 2169      02AB3331 
 2169      5696E5F1 
 2169      66F3CBD1 
 2169      0DB4
 2170 02fc 81BE8DED 		.ascii	"\201\276\215\355c\256\3324\334\3523E\243\2118\347\310"
 2170      63AEDA34 
 2170      DCEA3345 
 2170      A38938E7 
 2170      C8
 2171 030d 18E7C8E8 		.ascii	"\030\347\310\350&\210p:\255\261q\022\222p&&\216'V\264"
 2171      2688703A 
 2171      ADB17112 
 2171      92702626 
 2171      8E2756B4 
 2172 0321 6C303741 		.ascii	"l07A\"\005[\242|\351\366K\326\010\253\345\345\221q\222"
 2172      22055BA2 
 2172      7CE9F64B 
 2172      D608ABE5 
 2172      E5917192 
 2173 0335 E494DE26 		.ascii	"\344\224\336&h\227>\367\177\300\204>\235\332%@\234\225"
 2173      68973EF7 
 2173      7FC0843E 
 2173      9DDA2540 
 2173      9C95
 2174 0347 2412FA47 		.ascii	"$\022\372G\037\256\323\204\214\224$\331`\266\331@\306"
 2174      1FAED384 
 2174      8C9424D9 
 2174      60B6D940 
 2174      C6
 2175 0358 83C5FE47 		.ascii	"\203\305\376G\347\007\211V\311g\"x+\326\0002\001M\323"
 2175      E7078956 
 2175      C9672278 
 2175      2BD60032 
 2175      014DD3
 2176 036b 6AC43412 		.ascii	"j\3044\022\2217\236\322\200|\262\013\015+i\367\011\370"
 2176      91379ED2 
 2176      807CB20B 
ARM GAS  C:\Users\nello\AppData\Local\Temp\ccU8ONsd.s 			page 82


 2176      0D2B69F7 
 2176      09F8
 2177 037d 6F0B5C48 		.ascii	"o\013\\H\025Dy@\010\321\333\323\253\351\214C\220:\260"
 2177      15447940 
 2177      08D1DBD3 
 2177      ABE98C43 
 2177      903AB0
 2178 0390 0FFBD52B 		.ascii	"\017\373\325+h\034U\377D\245\005\032$\2108\267\002~"
 2178      681C55FF 
 2178      44A5051A 
 2178      248838B7 
 2178      027E
 2179 03a2 42A11FEA 		.ascii	"B\241\037\352o\233\372E\035\271\021\3271mrI,\014/\032"
 2179      6F9BFA45 
 2179      1DB911D7 
 2179      316D7249 
 2179      2C0C2F1A 
 2180 03b6 2F011D21 		.ascii	"/\001\035!\321W\245x\231\177\032\376*\301\016a\341\223"
 2180      D157A578 
 2180      997F1AFE 
 2180      2AC10E61 
 2180      E193
 2181 03c8 C8851486 		.ascii	"\310\205\024\206\002\301\337X\210A\325\334\232\005\255"
 2181      02C1DF58 
 2181      8841D5DC 
 2181      9A05AD
 2182 03d7 D69710D4 		.ascii	"\326\227\020\324%\313\261\220\002\273\000\252\231\303"
 2182      25CBB190 
 2182      02BB00AA 
 2182      99C3
 2183 03e5 1AF49B29 		.ascii	"\032\364\233)I\257\024\025\311ON5^\275\374\233\003\263"
 2183      49AF1415 
 2183      C94F4E35 
 2183      5EBDFC9B 
 2183      03B3
 2184 03f7 73E576C4 		.ascii	"s\345v\304\025\001\273\011\333\001v\212`\266\343\300"
 2184      1501BB09 
 2184      DB01768A 
 2184      60B6E3C0 
 2185 0407 3680ADF0 		.ascii	"6\200\255\360I\255\215\266\000W\251j+\310\225cf\312"
 2185      49AD8DB6 
 2185      0057A96A 
 2185      2BC89563 
 2185      66CA
 2186 0419 B2D7C0C0 		.ascii	"\262\327\300\300\265*\270V\005\027\333\350I\2208\033"
 2186      B52AB856 
 2186      0517DBE8 
 2186      4990381B 
 2187 0429 03673392 		.ascii	"\003g3\222b\343#\243}\327\216\025E\014\023\314\275B"
 2187      62E323A3 
 2187      7DD78E15 
 2187      450C13CC 
 2187      BD42
 2188 043b AB0160AF 		.ascii	"\253\001`\257b\202\366r\320\335\313\013w\330\002A\373"
 2188      6282F672 
 2188      D0DDCB0B 
 2188      77D80241 
ARM GAS  C:\Users\nello\AppData\Local\Temp\ccU8ONsd.s 			page 83


 2188      FB
 2189 044c 3410B3D2 		.ascii	"4\020\263\322~t&\261ye\271G.k0\300~\200z\000\206\204"
 2189      7E7426B1 
 2189      7965B947 
 2189      2E6B30C0 
 2189      7E807A00 
 2190 0462 03C001DD 		.ascii	"\003\300\001\3359\363N\233\331\322\202\003\220\211\003"
 2190      39F34E9B 
 2190      D9D28203 
 2190      908903
 2191 0471 8BEE6CBC 		.ascii	"\213\356l\274l\011\223\211&\244\334\010\"\025;\007\012"
 2191      6C099389 
 2191      26A4DC08 
 2191      22153B07 
 2191      0A
 2192 0482 F7CC36C9 		.ascii	"\367\3146\311\353\020\365\037x\003\352\324\300\352\324"
 2192      EB10F51F 
 2192      7803EAD4 
 2192      C0EAD4
 2193 0491 C0FA2269 		.ascii	"\300\372\"i\005\021Y\350\234\255f\001\301-*\270E\005"
 2193      051159E8 
 2193      9CAD6601 
 2193      C12D2AB8 
 2193      4505
 2194 04a3 7744D29D 		.ascii	"wD\322\235\204\321\3316\273\303g\342\001y\303\0074\323"
 2194      84D1D936 
 2194      BBC367E2 
 2194      0179C307 
 2194      34D3
 2195 04b5 57BDDAAA 		.ascii	"W\275\332\252\005\324\246\005tH\004\264\266\2738\317"
 2195      05D4A605 
 2195      744804B4 
 2195      B6BB38CF 
 2196 04c5 C6033A84 		.ascii	"\306\003:\204\001aJ\215|\276\230\370\0313\374\005m\346"
 2196      01614A8D 
 2196      7CBE98F8 
 2196      1933FC05 
 2196      6DE6
 2197 04d7 AEB6E457 		.ascii	"\256\266\344W\026\032\2542\263\344\235e\221\024;p\024"
 2197      161AAC32 
 2197      B3E49D65 
 2197      91143B70 
 2197      14
 2198 04e8 10B713E0 		.ascii	"\020\267\023\340\010@; l\351\376\301\362(5\037\307@"
 2198      08403B20 
 2198      6CE9FEC1 
 2198      F228351F 
 2198      C740
 2199 04fa 4DC87104 		.ascii	"M\310q\004\037V\022\3223X\236\037%\332\002\307\341\240"
 2199      1F5612D2 
 2199      33589E1F 
 2199      25DA02C7 
 2199      E1A0
 2200 050c 1AE24135 		.ascii	"\032\342A5\304\352Hz\230\260B\277\306\371D\3633\211"
 2200      C4EA487A 
 2200      98B042BF 
 2200      C6F944F3 
ARM GAS  C:\Users\nello\AppData\Local\Temp\ccU8ONsd.s 			page 84


 2200      3389
 2201 051e 9EE55CBA 		.ascii	"\236\345\\\272\366\337<8\304\352\015\346r\006\020\203"
 2201      F6DF3C38 
 2201      C4EA0DE6 
 2201      72061083 
 2202 052e 5C4E039C 		.ascii	"\\N\003\234b\\\212\346\036\177\223\207vV\324\252\245"
 2202      625C8AE6 
 2202      1E7F9387 
 2202      7656D4AA 
 2202      A5
 2203 053f C1EB8DF2 		.ascii	"\301\353\215\362\017t\000\275\302\215\365_\251l\037"
 2203      0F7400BD 
 2203      C28DF55F 
 2203      A96C1F
 2204 054e 12D814E7 		.ascii	"\022\330\024\347\001:\375\235\363\200\203\316\025\267"
 2204      013AFD9D 
 2204      F38083CE 
 2204      15B7
 2205 055c 1FA581A0 		.ascii	"\037\245\201\240\013\032\010\001\005\035\273\212\206"
 2205      0B1A0801 
 2205      051DBB8A 
 2205      86
 2206 0569 6889BEA8 		.ascii	"h\211\276\250%\372\222H\364\325\203m\025C\270\363K\000"
 2206      25FA9248 
 2206      F4D5836D 
 2206      1543B8F3 
 2206      4B00
 2207 057b E780CEA2 		.ascii	"\347\200\316\242l4\277*\357\271%\320\356\025\200\253"
 2207      6C34BF2A 
 2207      EFB925D0 
 2207      EE1580AB 
 2208 058b 7EE7C51C 		.ascii	"~\347\305\034\264\266\363\333\034\010\004]\323@\010"
 2208      B4B6F3DB 
 2208      1C08045D 
 2208      D34008
 2209 059a 2879766C 		.ascii	"(yvl\223Ms~]s~C8\357\314\311?\243\315\327\033ZU|\230"
 2209      934D737E 
 2209      5D737E43 
 2209      38EFCCC9 
 2209      3FA3CDD7 
 2210 05b3 B6CBFE36 		.ascii	"\266\313\3766\355_\272@i\323\361x\003N\252e9\251\226"
 2210      ED5FBA40 
 2210      69D3F178 
 2210      034EAA65 
 2210      39A996
 2211 05c6 A5CB4A5B 		.ascii	"\245\313J[9\247\216\315s\016G\371\303a\311-\331r\351"
 2211      39A78ECD 
 2211      730E47F9 
 2211      C361C92D 
 2211      D972E9
 2212 05d9 A4319C8B 		.ascii	"\2441\234\213.T\276\255\270\250jSz[6\3408\334R=\334"
 2212      2E54BEAD 
 2212      B8A86A53 
 2212      7A5B36E0 
 2212      38DC523D 
 2213 05ee 523D945B 		.ascii	"R=\224[\351Y*\321.\346\305\270k\336\3265\206\021\000"
 2213      E9592AD1 
ARM GAS  C:\Users\nello\AppData\Local\Temp\ccU8ONsd.s 			page 85


 2213      2EE6C5B8 
 2213      6BDED635 
 2213      861100
 2214 0601 F8B510E8 		.ascii	"\370\265\020\350\205\231L\261\0270R\237<\313&\301Xx"
 2214      85994CB1 
 2214      1730529F 
 2214      3CCB26C1 
 2214      5878
 2215 0613 5D82BB80 		.ascii	"]\202\273\200C\022\364\000\334cU_\274\245v\253\2053"
 2215      4312F400 
 2215      DC63555F 
 2215      BCA576AB 
 2215      8533
 2216 0625 EB15CCD6 		.ascii	"\353\025\314\326\336X\324\034\315\007\220\325}\006\251"
 2216      DE58D41C 
 2216      CD0790D5 
 2216      7D06A9
 2217 0634 BFF5EC90 		.ascii	"\277\365\354\220Z\213\007l\244|\376\251n\242\262\357"
 2217      5A8B076C 
 2217      A47CFEA9 
 2217      6EA2B2EF 
 2218 0644 D5D83F42 		.ascii	"\325\330?B\313\017E\022s\226\255m3kY~\244e\3711\217"
 2218      CB0F4512 
 2218      7396AD6D 
 2218      336B597E 
 2218      A465F931 
 2219 0659 83F6F2CC 		.ascii	"\203\366\362\314<\351^\177\324\022\006\006O@\001\"\250"
 2219      3CE95E7F 
 2219      D4120606 
 2219      4F400122 
 2219      A8
 2220 066a B6BFF29E 		.ascii	"\266\277\362\236H_\037\222\244\317\270\346\272\203_"
 2220      485F1F92 
 2220      A4CFB8E6 
 2220      BA835F
 2221 0679 3F8F0AA7 		.ascii	"?\217\012\247\371T\2479\367\364\355Kb\302\016\000\364"
 2221      F954A739 
 2221      F7F4ED4B 
 2221      62C20E00 
 2221      F4
 2222 068a 33EE83AD 		.ascii	"3\356\203\255K=| \031\006\001\347\311G\352\214\371\010"
 2222      4B3D7C20 
 2222      190601E7 
 2222      C947EA8C 
 2222      F908
 2223 069c 49E51998 		.ascii	"I\345\031\230\326\302\373\217\233\214\2413f\006A\014"
 2223      D6C2FB8F 
 2223      9B8CA133 
 2223      6606410C 
 2224 06ac CE18F694 		.ascii	"\316\030\366\224d\246\2127\315?\"\0223\223\3003\240"
 2224      64A68A37 
 2224      CD3F2212 
 2224      3393C033 
 2224      A0
 2225 06bd 455CF996 		.ascii	"E\\\371\226<'!Tw\026\011\234m\235\205w6\010\335\331"
 2225      3C272154 
 2225      7716099C 
ARM GAS  C:\Users\nello\AppData\Local\Temp\ccU8ONsd.s 			page 86


 2225      6D9D8577 
 2225      3608DDD9 
 2226 06d1 0472085D 		.ascii	"\004r\010]\302u\267m\334p\310\020\330\273\271\004\346"
 2226      C275B76D 
 2226      DC70C810 
 2226      D8BBB904 
 2226      E6
 2227 06e2 12A5C12B 		.ascii	"\022\245\301+9\250\276\275d\300\032\010\312\323@\010"
 2227      39A8BEBD 
 2227      64C01A08 
 2227      CAD34008 
 2228 06f2 282DDC7C 		.ascii	"(-\334|R\227\323yDM}>\341\200gG\226\325\021\356<\237"
 2228      5297D379 
 2228      444D7D3E 
 2228      E1806747 
 2228      96D511EE 
 2229 0708 C01CC236 		.ascii	"\300\034\3026E\271\265\025f?\235\371ld\317\236\301F"
 2229      45B9B515 
 2229      663F9DF9 
 2229      6C64CF9E 
 2229      C146
 2230 071a B5650BD8 		.ascii	"\265e\013\330H\316\302\272Qa\326\356B\"\301\002a\367"
 2230      48CEC2BA 
 2230      5161D6EE 
 2230      4222C102 
 2230      61F7
 2231 072c FE9581B2 		.ascii	"\376\225\201\262\210WJp\311\3625\376M\314\214B\002w"
 2231      88574A70 
 2231      C9F235FE 
 2231      4DCC8C42 
 2231      0277
 2232 073e D4BEBDA3 		.ascii	"\324\276\275\243\366m\276\205\356\342\301t\235_\263"
 2232      F66DBE85 
 2232      EEE2C174 
 2232      9D5FB3
 2233 074d CAC0552E 		.ascii	"\312\300U.4\347\362UN\0066\235\212\211_\251\230\370"
 2233      34E7F255 
 2233      4E06369D 
 2233      8A895FA9 
 2233      98F8
 2234 075f 954ACCB4 		.ascii	"\225J\314\264\225+}ub\373\272(\177\217\262\246\335q"
 2234      952B7D75 
 2234      62FBBA28 
 2234      7F8FB2A6 
 2234      DD71
 2235 0771 BEA7CFEA 		.ascii	"\276\247\317\352'\373\025#\273\261v\331\000\015\303"
 2235      27FB1523 
 2235      BBB176D9 
 2235      000DC3
 2236 0780 76315AFB 		.ascii	"v1Z\373Z\260-_}n\011\345\256\373[\025\266\213\011,R"
 2236      5AB02D5F 
 2236      7D6E09E5 
 2236      AEFB5B15 
 2236      B68B092C 
 2237 0795 1D2F521D 		.ascii	"\035/R\035\0375\321K\334q\315\376\2751L\243jn\241:3"
 2237      1F35D14B 
 2237      DC71CDFE 
ARM GAS  C:\Users\nello\AppData\Local\Temp\ccU8ONsd.s 			page 87


 2237      BD314CA3 
 2237      6A6EA13A 
 2238 07aa B1F14A54 		.ascii	"\261\361JT\235\022U\247\324D\357s\235\271u+\007\270"
 2238      9D1255A7 
 2238      D444EF73 
 2238      9DB9752B 
 2238      07B8
 2239 07bc 9BAADA00 		.ascii	"\233\252\332\000\245\245\252\322RU\351\242\221\316\211"
 2239      A5A5AAD2 
 2239      5255E9A2 
 2239      91CE89
 2240 07cb 087D72D2 		.ascii	"\010}r\322b"
 2240      62
 2241 07d0 3E78F7E4 		.ascii	">x\367\344\211\006c\350Ce%\011|\250\354Y\276\370\324"
 2241      890663E8 
 2241      43652509 
 2241      7CA8EC59 
 2241      BEF8D4
 2242 07e3 1035F455 		.ascii	"\0205\364UD\215\275\014\375\254\020\261\347^\357\373"
 2242      448DBD0C 
 2242      FDAC10B1 
 2242      E75EEFFB 
 2243 07f3 DAF24A89 		.ascii	"\332\362J\211,?\031(\254[c\\.7\020\274\015\313UN\313"
 2243      2C3F1928 
 2243      AC5B635C 
 2243      2E3710BC 
 2243      0DCB554E 
 2244 0808 F9C68C2E 		.ascii	"\371\306\214.\341\216\027\034-X$\026\211c\"\337yK6\337"
 2244      E18E171C 
 2244      2D582416 
 2244      896322DF 
 2244      794B36DF 
 2245 081c 56E9AD61 		.ascii	"V\351\255a\371>pqAOD\230|\227\243\317o\205\317\035\255"
 2245      F93E7071 
 2245      414F4498 
 2245      7C97A3CF 
 2245      6F85CF1D 
 2246 0831 0533A398 		.ascii	"\0053\243\230\317\236\232\2349\013d\370\000o\302j\325"
 2246      CF9E9A9C 
 2246      390B64F8 
 2246      006FC26A 
 2246      D5
 2247 0842 E36AE1B1 		.ascii	"\343j\341\261\202{l\330\232\357\215f\330\252\326\234"
 2247      827B6CD8 
 2247      9AEF8D66 
 2247      D8AAD69C 
 2248 0852 5C6F0CDB 		.ascii	"\\o\014\333\342B\205\012\255 \312\246l\333\235\201\252"
 2248      E242850A 
 2248      AD20CAA6 
 2248      6CDB9D81 
 2248      AA
 2249 0863 083523B8 		.ascii	"\0105#\270\315\3617z%\272\215\207\327\351Vf\3158x\374"
 2249      CDF1377A 
 2249      25BA8D87 
 2249      D7E95666 
 2249      CD3878FC 
 2250 0877 44BBC92A 		.ascii	"D\273\311*VF\276\0326\314\240\312r\370\035\201\365\210"
ARM GAS  C:\Users\nello\AppData\Local\Temp\ccU8ONsd.s 			page 88


 2250      5646BE1A 
 2250      36CCA0CA 
 2250      72F81D81 
 2250      F588
 2251 0889 DD406023 		.ascii	"\335@`#a\247X\236\201\177\306#\032?\261\246\1777\035"
 2251      61A7589E 
 2251      817FC623 
 2251      1A3FB1A6 
 2251      7F371D
 2252 089c 8AC667C9 		.ascii	"\212\306g\311\362_pH\215i\023\341\016\304\306\312\210"
 2252      F25F7048 
 2252      8D6913E1 
 2252      0EC4C6CA 
 2252      88
 2253 08ad C88AEAB9 		.ascii	"\310\212\352\271\255\226p4\2528\215\177\020\2164\361"
 2253      AD967034 
 2253      AA388D7F 
 2253      108E34F1 
 2254 08bd 2DD8EF10 		.ascii	"-\330\357\020\177\354\312\365\206h\275\345\315\004\276"
 2254      7FECCAF5 
 2254      8668BDE5 
 2254      CD04BE
 2255 08cc 4783B085 		.ascii	"G\203\260\205p\035\211VGH\264\221g\"\277a\357r#\246"
 2255      701D8956 
 2255      4748B491 
 2255      6722BF61 
 2255      EF7223A6 
 2256 08e0 1AB6892C 		.ascii	"\032\266\211,\006?\246\317\026\224\346\231\302$\036"
 2256      063FA6CF 
 2256      1694E699 
 2256      C2241E
 2257 08ef B73CB083 		.ascii	"\267<\260\203(\273\313\263w\252\236\216\336\233\303"
 2257      28BBCBB3 
 2257      77AA9E8E 
 2257      DE9BC3
 2258 08fe 9E56454D 		.ascii	"\236VEM\230F\002[E2a;\201jv\345\357\300\3236Zj\014\361"
 2258      9846025B 
 2258      4532613B 
 2258      816A76E5 
 2258      EFC0D336 
 2259 0916 CB1F788B 		.ascii	"\313\037x\213\357W-2-\227\275\230\242\372X\266\345\334"
 2259      EF572D32 
 2259      2D97BD98 
 2259      A2FA58B6 
 2259      E5DC
 2260 0928 A5D8A821 		.ascii	"\245\330\250!\260\033\263\243\3328l\243\035\341mT\325"
 2260      B01BB3A3 
 2260      DA386CA3 
 2260      1DE16D54 
 2260      D5
 2261 0939 554F5138 		.ascii	"UOQ8\260-\253\242\277\207@\035\301+\277\376\001\033"
 2261      B02DABA2 
 2261      BF87401D 
 2261      C12BBFFE 
 2261      011B
 2262 094b BD6114D9 		.ascii	"\275a\024\331\265\361\234]\304\247\2052\020\211f\217"
 2262      B5F19C5D 
ARM GAS  C:\Users\nello\AppData\Local\Temp\ccU8ONsd.s 			page 89


 2262      C4A78532 
 2262      1089668F 
 2263 095b 9F387635 		.ascii	"\2378v5l\325\367\363t\357c\305\233\237\337\370 B\237"
 2263      6CD5F7F3 
 2263      74EF63C5 
 2263      9B9FDFF8 
 2263      20429F
 2264 096e 626CF07A 		.ascii	"bl\360z\226\342\003\204\343\030\275\262g\355\225\221"
 2264      96E20384 
 2264      E318BDB2 
 2264      67ED9591 
 2265 097e 6CA9F679 		.ascii	"l\251\366y\3037\004\333\357|S\262-J\265\323\030j\347"
 2265      C33704DB 
 2265      EF7C53B2 
 2265      2D4AB5D3 
 2265      186AE7
 2266 0991 D5AF30BF 		.ascii	"\325\2570\277\013\363;\323g\224yg\214\004\214l/\201"
 2266      0BF33BD3 
 2266      67947967 
 2266      8C048C6C 
 2266      2F81
 2267 09a3 3DA0E2BC 		.ascii	"=\240\342\274\0042>Yi\343\344\315<\032\257D\237\032"
 2267      04323E59 
 2267      69E3E4CD 
 2267      3C1AAF44 
 2267      9F1A
 2268 09b5 253AC324 		.ascii	"%:\303$\3219&\306\343\362\203\215\025$pA?D\340\260\177"
 2268      D13926C6 
 2268      E3F2838D 
 2268      15247041 
 2268      3F44E0B0 
 2269 09ca D52FE4A0 		.ascii	"\325/\344\240E-y\267\203V\375v\015\304\254t\3474\351"
 2269      452D79B7 
 2269      8356FD76 
 2269      0DC4AC74 
 2269      E734E9
 2270 09dd 1EB847B4 		.ascii	"\036\270G\264U\377(\353\250\245\314\212\361\324\235"
 2270      55FF28EB 
 2270      A8A5CC8A 
 2270      F1D49D
 2271 09ec 7BAB2287 		.ascii	"{\253\"\207\215\032%\002\362\032$h%\320B\270\303\343"
 2271      8D1A2502 
 2271      F21A2468 
 2271      25D042B8 
 2271      C3E3
 2272 09fe CC169C24 		.ascii	"\314\026\234$p\202M/4\364\344Y\177\317\367q\3306M^@"
 2272      70824D2F 
 2272      34F4E459 
 2272      7FCFF771 
 2272      D8364D5E 
 2273 0a13 23708C63 		.ascii	"#p\214c\374V\343%\266\0021\\\325\202\034\\\330f\331"
 2273      FC56E325 
 2273      B602315C 
 2273      D5821C5C 
 2273      D866D9
 2274 0a26 18A62D04 		.ascii	"\030\246-\004\223\300_\272\357_>\302\337%\002\275\266"
 2274      93C05FBA 
ARM GAS  C:\Users\nello\AppData\Local\Temp\ccU8ONsd.s 			page 90


 2274      EF5F3EC2 
 2274      DF2502BD 
 2274      B6
 2275 0a37 077BA52D 		.ascii	"\007{\245-\234\346\212\242-\005\246\000\232\"\235\354"
 2275      9CE68AA2 
 2275      2D05A600 
 2275      9A229DEC 
 2276 0a47 2DE50C57 		.ascii	"-\345\014W\350 p\226)\310|\011\273\233\205}\211\004"
 2276      E8207096 
 2276      29C87C09 
 2276      BB9B857D 
 2276      8904
 2277 0a59 70793A4D 		.ascii	"py:M\030\302O\240\205p\006\210\252\352\306\276\265\330"
 2277      18C24FA0 
 2277      85700688 
 2277      AAEAC6BE 
 2277      B5D8
 2278 0a6b E0148183 		.ascii	"\340\024\201\203\034\"(\3508^\2301\337=,\304\343\276"
 2278      1C2228E8 
 2278      385E9831 
 2278      DF3D2CC4 
 2278      E3BE
 2279 0a7d 608F88AC 		.ascii	"`\217\210\254+\253)\324m_\317i\376\316\213\316:w\267"
 2279      2BAB29D4 
 2279      6D5FCF69 
 2279      FECE8BCE 
 2279      3A77B7
 2280 0a90 F934DFA8 		.ascii	"\3714\337\250\316\362\376\230\255\334\212\256\373\321"
 2280      CEF2FE98 
 2280      ADDC8AAE 
 2280      FBD1
 2281 0a9e 9AAD4ECD 		.ascii	"\232\255N\315\326\005a\313\373\320\267\315\306\273\335"
 2281      D60561CB 
 2281      FBD0B7CD 
 2281      C6BBDD
 2282 0aad FBFFBE4A 		.ascii	"\373\377\276J\360\356\212\343\277#\351!l\254\323\274"
 2282      F0EE8AE3 
 2282      BF23E921 
 2282      6CACD3BC 
 2283 0abd 67DA56EF 		.ascii	"g\332V\357\3506\207\356E\256\352\367\"\\\351\237\350"
 2283      E83687EE 
 2283      45AEEAF7 
 2283      225CE99F 
 2283      E8
 2284 0ace 1593985F 		.ascii	"\025\223\230_1\3646\252\337G\031d\375i\306\366C)5\213"
 2284      31F436AA 
 2284      DF471964 
 2284      FD69C6F6 
 2284      4329358B 
 2285 0ae2 BBBF15D3 		.ascii	"\273\277\025\323\221\3205f\264\037{\242\363\342\320"
 2285      91D03566 
 2285      B41F7BA2 
 2285      F3E2D0
 2286 0af1 51FECF30 		.ascii	"Q\376\3170\3261Uk\212;\374\035\203\317\346\333\004\236"
 2286      D631556B 
 2286      8A3BFC1D 
 2286      83CFE6DB 
ARM GAS  C:\Users\nello\AppData\Local\Temp\ccU8ONsd.s 			page 91


 2286      049E
 2287 0b03 0615035B 		.ascii	"\006\025\003[\206\305\322]\376~\321\014\312Rw\203c\374"
 2287      86C5D25D 
 2287      FE7ED10C 
 2287      CA527783 
 2287      63FC
 2288 0b15 D3E5BA28 		.ascii	"\323\345\272(\030\343\\\273\177A\024\303\240\235;\001"
 2288      18E35CBB 
 2288      7F4114C3 
 2288      A09D3B01 
 2289 0b25 76E2FD10 		.ascii	"v\342\375\020\261A\306\272#\244+\324\225\300<W0\311"
 2289      B141C6BA 
 2289      23A42BD4 
 2289      95C03C57 
 2289      30C9
 2290 0b37 702F0072 		.ascii	"p/\000rI\363t\276\\x\302%\365V\000\306\247\231\271\251"
 2290      49F374BE 
 2290      5C78C225 
 2290      F55600C6 
 2290      A799B9A9 
 2291 0b4b 9841CCCD 		.ascii	"\230A\314\315P\2142\021\372\024\3205\002W\002@\2275"
 2291      508C3211 
 2291      FA14D035 
 2291      02570240 
 2291      9735
 2292 0b5d 504FB316 		.ascii	"PO\263\026WwH\\\"=J\013\366\020\270K\370;\316S\3366"
 2292      5777485C 
 2292      223D4A0B 
 2292      F610B84B 
 2292      F83BCE53 
 2293 0b73 0F08F413 		.ascii	"\017\010\364\023x\210{{\002\217\011<!p\237@\037\201"
 2293      78887B7B 
 2293      028F093C 
 2293      21709F40 
 2293      1F81
 2294 0b85 474A2F95 		.ascii	"GJ/\225\337i\277b\032\026\242\177\355\247\352o\232q"
 2294      DF69BF62 
 2294      1A16A27F 
 2294      EDA7EA6F 
 2294      9A71
 2295 0b97 E87CA4D6 		.ascii	"\350|\244\326\213\003\032\265A\377\343\316+\016\277"
 2295      8B031AB5 
 2295      41FFE3CE 
 2295      2B0EBF
 2296 0ba6 A3679596 		.ascii	"\243g\225\226x\235^\304\006\361\361\253X\220\201\366"
 2296      789D5EC4 
 2296      06F1F1AB 
 2296      589081F6 
 2297 0bb6 E2E523D6 		.ascii	"\342\345#\326\036\326\247\003\313\033#Yg\214b\271Y\257"
 2297      1ED6A703 
 2297      CB1B2359 
 2297      678C62B9 
 2297      59AF
 2298 0bc8 D50ADB62 		.ascii	"\325\012\333b\036\015i\013\006*\324@w\002@Z\315W\005"
 2298      1E0D690B 
 2298      062AD440 
 2298      7702405A 
ARM GAS  C:\Users\nello\AppData\Local\Temp\ccU8ONsd.s 			page 92


 2298      CD5705
 2299 0bdb D43CD84E 		.ascii	"\324<\330N\202.}\263(+\016\314\241\014\205\341\317\245"
 2299      822E7DB3 
 2299      282B0ECC 
 2299      A10C85E1 
 2299      CFA5
 2300 0bed 904F218F 		.ascii	"\220O!\217B.\025\013\\\3252\315Vw\210;\244Ds-,/y\276"
 2300      422E150B 
 2300      5CD532CD 
 2300      5677883B 
 2300      A444732D 
 2301 0c05 B676FDEA 		.ascii	"\266v\375\352\245\030\236\037\3360]b\221\350\012\224"
 2301      A5189E1F 
 2301      DE305D62 
 2301      91E80A94 
 2302 0c15 3528EB50 		.ascii	"5(\353P6YD\252\366\211\034\225\031\350Vf\366\305G\007"
 2302      365944AA 
 2302      F6891C95 
 2302      19E85666 
 2302      F6C54707 
 2303 0c29 97565B46 		.ascii	"\227V[Fi\023\210\315\213\266\012\377\274\230I\241\214"
 2303      691388CD 
 2303      8BB60AFF 
 2303      BC9849A1 
 2303      8C
 2304 0c3a AAF3029F 		.ascii	"\252\363\002\237O\376\004\224\346\012\322\270S_\310"
 2304      4FFE0494 
 2304      E60AD2B8 
 2304      535FC8
 2305 0c49 31A1393A 		.ascii	"1\2419:\243@\360\245G\016\200<\327\365au\243\350\303"
 2305      A340F0A5 
 2305      470E803C 
 2305      D7F56175 
 2305      A3E8C3
 2306 0c5c 64581080 		.ascii	"dX\020\200\361\251y\354\251\025l\012(\314\346\020\021"
 2306      F1A979EC 
 2306      A9156C0A 
 2306      28CCE610 
 2306      11
 2307 0c6d 7840CFF7 		.ascii	"x@\317\367\254P\314\340\253Dq\010\035\005SY!0H\271("
 2307      AC50CCE0 
 2307      AB447108 
 2307      1D055359 
 2307      213048B9 
 2308 0c82 00A39BA7 		.ascii	"\000\243\233\247\033\025\316\370.U\030\212Q\372\343"
 2308      1B15CEF8 
 2308      2E55188A 
 2308      51FAE3
 2309 0c91 BC02C2F7 		.ascii	"\274\002\302\367\300\257\003@\317\264\205\276\271B\346"
 2309      C0AF0340 
 2309      CFB485BE 
 2309      B942E6
 2310 0ca0 18CC614E 		.ascii	"\030\314aN@\016/\223\340\011\366\025\205E\224\377\203"
 2310      400E2F93 
 2310      E009F615 
 2310      854594FF 
 2310      83
ARM GAS  C:\Users\nello\AppData\Local\Temp\ccU8ONsd.s 			page 93


 2311 0cb1 51C60BB9 		.ascii	"Q\306\013\271\204\342\006\032\226SXA\241\224\302R\012"
 2311      84E2061A 
 2311      96535841 
 2311      A194C252 
 2311      0A
 2312 0cc2 AB282CA6 		.ascii	"\253(,\246PBa%\025sd\363\265\253'aX\210\211\013?\303"
 2312      50426125 
 2312      157364F3 
 2312      B5AB2761 
 2312      5888890B 
 2313 0cd8 44F9BD05 		.ascii	"D\371\275\005\327@\233f\337hQ\254\246\014`\354\363\365"
 2313      D7409B66 
 2313      DF6851AC 
 2313      A60C60EC 
 2313      F3F5
 2314 0cea 5EA662DA 		.ascii	"^\246b\332\364\364\355\325\257\202\337\006W;\344\221"
 2314      F4F4EDD5 
 2314      AF82DF06 
 2314      573BE491 
 2315 0cfa 9ACB4148 		.ascii	"\232\313AHd\015\205r\177\237\017\346\350\373\374\333"
 2315      640D8572 
 2315      7F9F0FE6 
 2315      E8FBFCDB 
 2316 0d0a 901A21A9 		.ascii	"\220\032!\251\353gz\236\233B\237\320y\301\346\330\323"
 2316      EB677A9E 
 2316      9B429FD0 
 2316      79C1E6D8 
 2316      D3
 2317 0d1b EDD4B13E 		.ascii	"\355\324\261>\335#k\255f\256\202\363'\027\012W\025\350"
 2317      DD236BAD 
 2317      66AE82F3 
 2317      27170A57 
 2317      15E8
 2318 0d2d 5E40CBB4 		.ascii	"^@\313\264ud\235\0004\0349\323\251[h\232\264?\007*\005"
 2318      75649D00 
 2318      341C39D3 
 2318      A95B689A 
 2318      B43F072A 
 2319 0d42 A0E55CD5 		.ascii	"\240\345\\\325S\335f\246F\003|\207\000Z\243\314\250"
 2319      53DD66A6 
 2319      46037C87 
 2319      005AA3CC 
 2319      A8
 2320 0d53 683EA19E 		.ascii	"h>\241\236\210\213(\366\304;\350-\215\016\2675\374\007"
 2320      888B28F6 
 2320      C43BE82D 
 2320      8D0EB735 
 2320      FC07
 2321 0d65 655BC34D 		.ascii	"e[\303M\0241M7/\266F\352\267\206\033)l`\323\253\212"
 2321      14314D37 
 2321      2FB646EA 
 2321      B7861B29 
 2321      6C60D3AB 
 2322 0d7a 721C7F43 		.ascii	"r\034\177C\036|x\335\254\337\366\005c\370\266\257\177"
 2322      1E7C78DD 
 2322      ACDFF605 
 2322      63F8B6AF 
ARM GAS  C:\Users\nello\AppData\Local\Temp\ccU8ONsd.s 			page 94


 2322      7F
 2323 0d8b A9AF1CC4 		.ascii	"\251\257\034\304\276\357{\312\366}\335\240\002\327S"
 2323      BEEF7BCA 
 2323      F67DDDA0 
 2323      02D753
 2324 0d9a DCF7B559 		.ascii	"\334\367\265Y\331\177\201\327\344U\272\377\233\012\264"
 2324      D97F81D7 
 2324      E455BAFF 
 2324      9B0AB4
 2325 0da9 746D11CE 		.ascii	"tm\021\316*\347\325?7i\200r-][Y\260\007\224`\207\362"
 2325      2AE7D53F 
 2325      37698072 
 2325      2D5D5B59 
 2325      B0079460 
 2326 0dbf 608BC413 		.ascii	"`\213\304\023\373\005\324\253\276\266\273\331\020.\330"
 2326      FB05D4AB 
 2326      BEB6BBD9 
 2326      102ED8
 2327 0dce 6A1EEC4E 		.ascii	"j\036\354N\026l\321\312\232\355V}\260;(lg\374vQ\216"
 2327      166CD1CA 
 2327      9AED567D 
 2327      B03B286C 
 2327      67FC7651 
 2328 0de3 63FE57DC 		.ascii	"c\376W\334*,\003}\260\301\030\026lO\337\215Y2\224\340"
 2328      2A2C037D 
 2328      B0C11816 
 2328      6C4FDF8D 
 2328      593294E0 
 2329 0df7 BB6B0D0F 		.ascii	"\273k\015\017\265H\203mc\241>\266\240\245\357\257\337"
 2329      B548836D 
 2329      63A13EB6 
 2329      A0A5EFAF 
 2329      DF
 2330 0e08 DCA2FB47 		.ascii	"\334\242\373G\330\247\225\255V\270\332\264v\326r\243"
 2330      D8A795AD 
 2330      56B8DAB4 
 2330      76D672A3 
 2331 0e18 0638AE01 		.ascii	"\0068\256\001\366\010@\377\342]\247t\235\321\245\001"
 2331      F60840FF 
 2331      E25DA774 
 2331      9DD1A501 
 2332 0e28 EA582E8E 		.ascii	"\352X.\216X\304\032:\227\377{Z7\247+l\374\015<~\037"
 2332      58C41A3A 
 2332      97FF7B5A 
 2332      37A72B6C 
 2332      FC0D3C7E 
 2333 0e3d DBBF9756 		.ascii	"\333\277\227V\326\327\333\364\361\327c73\322{)\3071"
 2333      D6D7DBF4 
 2333      F1D76337 
 2333      33D27B29 
 2333      C731
 2334 0e4f 9F0F3B77 		.ascii	"\237\017;w\024[\364\361\007cx\374O+g\213\370\367\361"
 2334      145BF4F1 
 2334      076378FC 
 2334      4F2B678B 
 2334      F8F7F1
 2335 0e62 F8176A30 		.ascii	"\370\027j0/\213\377\274\231\236S\012\365\"\247X%\012"
ARM GAS  C:\Users\nello\AppData\Local\Temp\ccU8ONsd.s 			page 95


 2335      2F8BFFBC 
 2335      999E530A 
 2335      F522A758 
 2335      250A
 2336 0e74 359C15AA 		.ascii	"5\234\025\252\277y\2739\034\321\026N\264\231\025\252"
 2336      BF79BB39 
 2336      1CD1164E 
 2336      B49915AA 
 2337 0e84 74D5C6CD 		.ascii	"t\325\306\315&=\321&\012\215\314z+\3458F\264wF\315\325"
 2337      263DD126 
 2337      0A8DCC7A 
 2337      2BE53846 
 2337      B47746CD 
 2338 0e99 80420563 		.ascii	"\200B\005c8\321g\267\225B\035\344D\227h\260\003\214"
 2338      38D167B7 
 2338      95421DE4 
 2338      449768B0 
 2338      038C
 2339 0eab 681FEEEB 		.ascii	"h\037\356\353\022\336\224,IY\351S\307\271F\247KVGf\226"
 2339      12DE942C 
 2339      4959E953 
 2339      C7B946A7 
 2339      4B564766 
 2340 0ec0 C7F5C5E8 		.ascii	"\307\365\305\350\3647$\213#e\322t\367\273\231\216\317"
 2340      F437248B 
 2340      2365D274 
 2340      F7BB998E 
 2340      CF
 2341 0ed1 7F3B664C 		.ascii	"\177;fL<~\035)\251\223S3\335\211\011\011\011\361\231"
 2341      3C7E1D29 
 2341      A9935333 
 2341      DD890909 
 2341      09F199
 2342 0ee4 6EFCA6A5 		.ascii	"n\374\246\245N\216wg9\360F\346\344\277:\222\034).\367"
 2342      4E8E7767 
 2342      39F046E6 
 2342      E4BF3A92 
 2342      1C292EF7 
 2343 0ef8 1887F99D 		.ascii	"\030\207\371\235\367\3774rB\3028\351\245\200\3411\223"
 2343      F7FF3472 
 2343      42C238E9 
 2343      A580E131 
 2343      93
 2344 0f09 5D899313 		.ascii	"]\211\223\023\034\277wH\243'\374\313\247\023\230\251"
 2344      1CBF7748 
 2344      A327FCCB 
 2344      A71398A9 
 2345 0f19 499E6C67 		.ascii	"I\236lgj\346\247\3232\263>wOIr\270\354\331nW\326\247"
 2345      6AE6A7D3 
 2345      32B33E77 
 2345      4F4972B8 
 2345      ECD96E57 
 2346 0f2f EFB8DC9E 		.ascii	"\357\270\334\236\354,\327\273\231\311\251\216\251oH"
 2346      EC2CD7BB 
 2346      99C9A98E 
 2346      A96F48
 2347 0f3e 71617D67 		.ascii	"qa}gy\342S3\034i\331N\027\336qOw\217I\221\"9\335?e\244"
ARM GAS  C:\Users\nello\AppData\Local\Temp\ccU8ONsd.s 			page 96


 2347      79E25333 
 2347      1C69D94E 
 2347      17DE714F 
 2347      778F4991 
 2348 0f58 21E1283C 		.ascii	"!\341(<w\245\277\235\344\366\3749)\3253\321\346H\261"
 2348      77A5BF9D 
 2348      E4F6FC39 
 2348      29D533D1 
 2348      E648B1
 2349 0f6b BB5DE949 		.ascii	"\273]\351ISR2\263\\\221\352\231\335\363S\214\273\322"
 2349      535232B3 
 2349      5C91EA99 
 2349      DDF3538C 
 2349      BBD2
 2350 0f7d D1788C6A 		.ascii	"\321x\214jpRjrFR\332D1\360\216\3133!3;\303\343\312\232"
 2350      70526A72 
 2350      4652DA44 
 2350      31F08ECB 
 2350      3321333B 
 2351 0f95 18E1C8F0 		.ascii	"\030\341\310\360\330=\326\224$w\212"
 2351      D83DD694 
 2351      24778A
 2352 0fa0 3DD9E5B1 		.ascii	"=\331\345\261\273\315\331\251\031\236\261\211v\017B"
 2352      BBCDD9A9 
 2352      199EB189 
 2352      760F42
 2353 0faf ED980897 		.ascii	"\355\230\010\227\303\343\266\363lD\007\\\331=\214^\246"
 2353      C3E3B6F3 
 2353      6C44075C 
 2353      D93D8C5E 
 2353      A6
 2354 0fc0 43C144AA 		.ascii	"C\301D\252gv\317\350\237\223w)*-+\233\273NC\232v\367"
 2354      6776CFE8 
 2354      9F937729 
 2354      2A2D2B9B 
 2354      BB4E439A 
 2355 0fd6 0B8E9409 		.ascii	"\013\216\224\011\354\326\177rc\0233R=\021\366?df\246"
 2355      ECD67F72 
 2355      63133352 
 2355      3D11F63F 
 2355      6466A6
 2356 0fe9 3107D3B2 		.ascii	"1\007\323\262R=\256\317\220.\236g\271\222\234xjt\247"
 2356      523DAECF 
 2356      902E9E67 
 2356      B9929C78 
 2356      6A74A7
 2357 0ffc 7E895C8C 		.ascii	"~\211\\\214"
 2358 1000 D93C8E17 		.ascii	"\331<\216\027\004%\036M\012\002\\Y1\201\227<,n\037s"
 2358      04251E4D 
 2358      0A025C59 
 2358      3181973C 
 2358      2C6E1F73 
 2359 1014 205C0C57 		.ascii	" \\\014W\006>t\245\271\222\334~\277/\250\243IN14T\031"
 2359      063E74A5 
 2359      B992DC7E 
 2359      BF2FA8A3 
 2359      494E3134 
ARM GAS  C:\Users\nello\AppData\Local\Temp\ccU8ONsd.s 			page 97


 2360 102a F9332321 		.ascii	"\3713#!\206\254<\233\254V\223\"\322\335\311vO4\037\320"
 2360      86AC3C9B 
 2360      AC569322 
 2360      D2DDC976 
 2360      4F341FD0 
 2361 103e A8DBF8B5 		.ascii	"\250\333\370\265\222{\203#%)k\210\035K\352\261\377\341"
 2361      927B8323 
 2361      25296B88 
 2361      1D4BEAB1 
 2361      FFE1
 2362 1050 AD49FFFE 		.ascii	"\255I\377\376\301\207\023\207$\245MK\232\356\266\247"
 2362      C1871387 
 2362      24A54D4B 
 2362      9AEEB6A7 
 2363 1060 66A4A566 		.ascii	"f\244\245f\270&\204\315\233#3==3#\336\365\205'\376\255"
 2363      B82684CD 
 2363      9B23333D 
 2363      3D3323DE 
 2363      F58527FE 
 2364 1075 0FDF8B9F 		.ascii	"\017\337\213\237\360\336\244\211\223\342'`\037\304O"
 2364      F0DEA489 
 2364      93E22760 
 2364      1FC44F
 2365 1084 F4573BDD 		.ascii	"\364W;\335\235\352\266';\034Xq\313\024\234\010v\326"
 2365      9DEAB627 
 2365      3B1C5871 
 2365      CB149C08 
 2365      76D6
 2366 1096 4CE37EC8 		.ascii	"L\343~\310\032C\271\231\275\251\343F\2777\372\255w\377"
 2366      1A43B999 
 2366      BDA9E346 
 2366      BF37FAAD 
 2366      77FF
 2367 10a8 0B713885 		.ascii	"\013q8\205\\\254!\271\205l\336\220V\273\375\263\354"
 2367      5CAC21B9 
 2367      856CDE90 
 2367      56BBFDB3 
 2367      EC
 2368 10b9 0C87DD3E 		.ascii	"\014\207\335>\346\015\263\3774\342o\331\256l\227!\003"
 2368      E60DB3FF 
 2368      34E26FD9 
 2368      AE6C9721 
 2368      03
 2369 10ca 099931DD 		.ascii	"\011\2311\335\374\312\352?\261{\014S\262\\S\177\375"
 2369      FCCAEA3F 
 2369      B17B0C53 
 2369      B25C537F 
 2369      FD
 2370 10db E30D9A96 		.ascii	"\343\015\232\226\352\366\260\376\247X8\013\366\203\375"
 2370      EAF6B0FE 
 2370      A758380B 
 2370      F683FD
 2371 10ea B3B4A464 		.ascii	"\263\264\244d7\253,?\261{Ll\020\333\230\037?wM\347\240"
 2371      37AB2C3F 
 2371      B17B4C6C 
 2371      10DB981F 
 2371      3F774DE7 
ARM GAS  C:\Users\nello\AppData\Local\Temp\ccU8ONsd.s 			page 98


 2372 10ff E4ACCCEC 		.ascii	"\344\254\314\354)f\3261\314\015?aD,\274\304lH\234\261"
 2372      2966D631 
 2372      CC0D3F61 
 2372      442CBCC4 
 2372      6C489CB1 
 2373 1113 3183738A 		.ascii	"1\203s\212'+\341\007ZQ\343\242\265c\212\024\301\033"
 2373      272BE107 
 2373      5A51E3A2 
 2373      B5638A14 
 2373      C11B
 2374 1125 CBC42CA3 		.ascii	"\313\304,\243s\213\350u<\2438\022#\332\213\335\023\355"
 2374      738BE875 
 2374      3CA33812 
 2374      23DA8BDD 
 2374      13ED
 2375 1137 141D7065 		.ascii	"\024\035pe\367D\240\245\251S\330\257\373K\003\376fD"
 2375      F744A0A5 
 2375      A953D8AF 
 2375      FB4B03FE 
 2375      6644
 2376 1149 303A53F8 		.ascii	"0:S\370o\206Q\264\257\226\323\261\332i\242v\232\240"
 2376      6F8651B4 
 2376      AF96D3B1 
 2376      DA69A276 
 2376      9AA0
 2377 115b 9DBEFE7F 		.ascii	"\235\276\376\177=84\313"
 2377      3D3834CB 
 2378              		.text
 2379              		.section	.gnu.lto_.symtab.71a43691,"e",%progbits
 2380 0000 63684361 		.ascii	"chCacheObjectInit\000"
 2380      6368654F 
 2380      626A6563 
 2380      74496E69 
 2380      7400
 2381 0012 00       		.ascii	"\000"
 2382 0013 00       		.ascii	"\000"
 2383 0014 00       		.ascii	"\000"
 2384 0015 00000000 		.ascii	"\000\000\000\000\000\000\000\000"
 2384      00000000 
 2385 001d 10010000 		.ascii	"\020\001\000\000"
 2386 0021 63684361 		.ascii	"chCacheGetObject\000"
 2386      63686547 
 2386      65744F62 
 2386      6A656374 
 2386      00
 2387 0032 00       		.ascii	"\000"
 2388 0033 00       		.ascii	"\000"
 2389 0034 00       		.ascii	"\000"
 2390 0035 00000000 		.ascii	"\000\000\000\000\000\000\000\000"
 2390      00000000 
 2391 003d 12010000 		.ascii	"\022\001\000\000"
 2392 0041 63684361 		.ascii	"chCacheReleaseObjectI\000"
 2392      63686552 
 2392      656C6561 
 2392      73654F62 
 2392      6A656374 
 2393 0057 00       		.ascii	"\000"
ARM GAS  C:\Users\nello\AppData\Local\Temp\ccU8ONsd.s 			page 99


 2394 0058 00       		.ascii	"\000"
 2395 0059 00       		.ascii	"\000"
 2396 005a 00000000 		.ascii	"\000\000\000\000\000\000\000\000"
 2396      00000000 
 2397 0062 17010000 		.ascii	"\027\001\000\000"
 2398 0066 63684361 		.ascii	"chCacheReadObject\000"
 2398      63686552 
 2398      6561644F 
 2398      626A6563 
 2398      7400
 2399 0078 00       		.ascii	"\000"
 2400 0079 00       		.ascii	"\000"
 2401 007a 00       		.ascii	"\000"
 2402 007b 00000000 		.ascii	"\000\000\000\000\000\000\000\000"
 2402      00000000 
 2403 0083 19010000 		.ascii	"\031\001\000\000"
 2404 0087 63684361 		.ascii	"chCacheWriteObject\000"
 2404      63686557 
 2404      72697465 
 2404      4F626A65 
 2404      637400
 2405 009a 00       		.ascii	"\000"
 2406 009b 00       		.ascii	"\000"
 2407 009c 00       		.ascii	"\000"
 2408 009d 00000000 		.ascii	"\000\000\000\000\000\000\000\000"
 2408      00000000 
 2409 00a5 1B010000 		.ascii	"\033\001\000\000"
 2410 00a9 63685365 		.ascii	"chSemWaitS\000"
 2410      6D576169 
 2410      745300
 2411 00b4 00       		.ascii	"\000"
 2412 00b5 02       		.ascii	"\002"
 2413 00b6 00       		.ascii	"\000"
 2414 00b7 00000000 		.ascii	"\000\000\000\000\000\000\000\000"
 2414      00000000 
 2415 00bf 21010000 		.ascii	"!\001\000\000"
 2416 00c3 63685365 		.ascii	"chSemObjectInit\000"
 2416      6D4F626A 
 2416      65637449 
 2416      6E697400 
 2417 00d3 00       		.ascii	"\000"
 2418 00d4 02       		.ascii	"\002"
 2419 00d5 00       		.ascii	"\000"
 2420 00d6 00000000 		.ascii	"\000\000\000\000\000\000\000\000"
 2420      00000000 
 2421 00de 26010000 		.ascii	"&\001\000\000"
 2422 00e2 63685365 		.ascii	"chSemSignalI\000"
 2422      6D536967 
 2422      6E616C49 
 2422      00
 2423 00ef 00       		.ascii	"\000"
 2424 00f0 02       		.ascii	"\002"
 2425 00f1 00       		.ascii	"\000"
 2426 00f2 00000000 		.ascii	"\000\000\000\000\000\000\000\000"
 2426      00000000 
 2427 00fa 28010000 		.ascii	"(\001\000\000"
 2428              		.text
ARM GAS  C:\Users\nello\AppData\Local\Temp\ccU8ONsd.s 			page 100


 2429              		.section	.gnu.lto_.ext_symtab.71a43691,"e",%progbits
 2430 0000 01       		.ascii	"\001"
 2431 0001 01       		.ascii	"\001"
 2432 0002 00       		.ascii	"\000"
 2433 0003 01       		.ascii	"\001"
 2434 0004 00       		.ascii	"\000"
 2435 0005 01       		.ascii	"\001"
 2436 0006 00       		.ascii	"\000"
 2437 0007 01       		.ascii	"\001"
 2438 0008 00       		.ascii	"\000"
 2439 0009 01       		.ascii	"\001"
 2440 000a 00       		.ascii	"\000"
 2441 000b 01       		.ascii	"\001"
 2442 000c 00       		.ascii	"\000"
 2443 000d 01       		.ascii	"\001"
 2444 000e 00       		.ascii	"\000"
 2445 000f 01       		.ascii	"\001"
 2446 0010 00       		.ascii	"\000"
 2447              		.text
 2448              		.section	.gnu.lto_.opts,"e",%progbits
 2449 0000 272D666E 		.ascii	"'-fno-openmp' '-fno-openacc' '-fno-pie' '-fcf-prote"
 2449      6F2D6F70 
 2449      656E6D70 
 2449      2720272D 
 2449      666E6F2D 
 2450 0033 6374696F 		.ascii	"ction=none' '-g' '-mcpu=cortex-m4' '-mthumb' '-mflo"
 2450      6E3D6E6F 
 2450      6E652720 
 2450      272D6727 
 2450      20272D6D 
 2451 0066 61742D61 		.ascii	"at-abi=soft' '-mlibarch=armv7e-m' '-march=armv7e-m'"
 2451      62693D73 
 2451      6F667427 
 2451      20272D6D 
 2451      6C696261 
 2452 0099 20272D4F 		.ascii	" '-O0' '-fomit-frame-pointer' '-falign-functions=16"
 2452      30272027 
 2452      2D666F6D 
 2452      69742D66 
 2452      72616D65 
 2453 00cc 2720272D 		.ascii	"' '-ffunction-sections' '-fdata-sections' '-fno-com"
 2453      6666756E 
 2453      6374696F 
 2453      6E2D7365 
 2453      6374696F 
 2454 00ff 6D6F6E27 		.ascii	"mon' '-flto' '-Xassembler' '-alms=./build/lst/chobj"
 2454      20272D66 
 2454      6C746F27 
 2454      20272D58 
 2454      61737365 
 2455 0132 63616368 		.ascii	"caches.lst'\000"
 2455      65732E6C 
 2455      73742700 
 2456              		.text
 2457              		.comm	__gnu_lto_slim,1,1
 2458              		.ident	"GCC: (GNU Arm Embedded Toolchain 10.3-2021.10) 10.3.1 20210824 (release)"
ARM GAS  C:\Users\nello\AppData\Local\Temp\ccU8ONsd.s 			page 101


DEFINED SYMBOLS
                            *ABS*:00000000 chobjcaches.c
C:\Users\nello\AppData\Local\Temp\ccU8ONsd.s:29     .gnu.debuglto_.debug_info:00000000 chobjcaches.c.be2b1c9c
                            *COM*:00000001 __gnu_lto_slim

NO UNDEFINED SYMBOLS
