ARM GAS  C:\Users\nello\AppData\Local\Temp\ccsMT4zx.s 			page 1


   1              		.cpu cortex-m4
   2              		.arch armv7e-m
   3              		.fpu softvfp
   4              		.eabi_attribute 20, 1
   5              		.eabi_attribute 21, 1
   6              		.eabi_attribute 23, 3
   7              		.eabi_attribute 24, 1
   8              		.eabi_attribute 25, 1
   9              		.eabi_attribute 26, 1
  10              		.eabi_attribute 30, 6
  11              		.eabi_attribute 34, 1
  12              		.eabi_attribute 18, 4
  13              		.file	"chthreads.c"
  14              		.file 1 "c:\\chibistudio\\tools\\gnu tools arm embedded\\10.3 2021.10\\lib\\gcc\\arm-none-eabi\\10
  15              		.file 2 "c:\\chibistudio\\tools\\gnu tools arm embedded\\10.3 2021.10\\arm-none-eabi\\include\\mac
  16              		.file 3 "c:\\chibistudio\\tools\\gnu tools arm embedded\\10.3 2021.10\\arm-none-eabi\\include\\sys
  17              		.file 4 "../../chibios2111/os/common/ports/ARM-common/chtypes.h"
  18              		.file 5 "../../chibios2111/os/rt/include/chearly.h"
  19              		.file 6 "../../chibios2111/os/rt/include/chobjects.h"
  20              		.file 7 "../../chibios2111/os/rt/include/chrfcu.h"
  21              		.file 8 "../../chibios2111/os/rt/include/chdebug.h"
  22              		.file 9 "../../chibios2111/os/rt/include/chtime.h"
  23              		.file 10 "../../chibios2111/os/rt/include/chlists.h"
  24              		.file 11 "../../chibios2111/os/common/ports/ARMv7-M-ALT/chcore.h"
  25              		.file 12 "../../chibios2111/os/rt/include/chsem.h"
  26              		.file 13 "../../chibios2111/os/rt/include/chmtx.h"
  27              		.file 14 "../../chibios2111/os/rt/include/chthreads.h"
  28              		.file 15 "../../chibios2111/os/rt/src/chthreads.c"
  29              		.file 16 "../../chibios2111/os/rt/include/chvt.h"
  30              		.file 17 "../../chibios2111/os/rt/include/chsys.h"
  31              		.file 18 "../../chibios2111/os/hal/osal/rt-nil/chcore_timer.h"
  32              		.file 19 "../../chibios2111/os/common/ext/ARM/CMSIS/Core/Include/cmsis_gcc.h"
  33              		.section	.gnu.debuglto_.debug_info,"e",%progbits
  34              	.Ldebug_info0:
  35              		.hidden	chthreads.c.c82e014e
  36              		.weak	chthreads.c.c82e014e
  37              	chthreads.c.c82e014e:
  38 0000 C9100000 		.4byte	0x10c9
  39 0004 0400     		.2byte	0x4
  40 0006 00000000 		.4byte	.Ldebug_abbrev0
  41 000a 04       		.byte	0x4
  42 000b 01       		.uleb128 0x1
  43 000c 97060000 		.4byte	.LASF180
  44 0010 0C       		.byte	0xc
  45 0011 6E050000 		.4byte	.LASF181
  46 0015 D4070000 		.4byte	.LASF182
  47 0019 00000000 		.4byte	.Ldebug_line0
  48 001d 02       		.uleb128 0x2
  49 001e 04       		.byte	0x4
  50 001f 05       		.byte	0x5
  51 0020 696E7400 		.ascii	"int\000"
  52 0024 03       		.uleb128 0x3
  53 0025 12000000 		.4byte	.LASF4
  54 0029 01       		.byte	0x1
  55 002a D1       		.byte	0xd1
  56 002b 17       		.byte	0x17
  57 002c 30000000 		.4byte	0x30
ARM GAS  C:\Users\nello\AppData\Local\Temp\ccsMT4zx.s 			page 2


  58 0030 04       		.uleb128 0x4
  59 0031 04       		.byte	0x4
  60 0032 07       		.byte	0x7
  61 0033 F0020000 		.4byte	.LASF0
  62 0037 04       		.uleb128 0x4
  63 0038 08       		.byte	0x8
  64 0039 05       		.byte	0x5
  65 003a 52010000 		.4byte	.LASF1
  66 003e 04       		.uleb128 0x4
  67 003f 08       		.byte	0x8
  68 0040 04       		.byte	0x4
  69 0041 87040000 		.4byte	.LASF2
  70 0045 04       		.uleb128 0x4
  71 0046 01       		.byte	0x1
  72 0047 06       		.byte	0x6
  73 0048 60010000 		.4byte	.LASF3
  74 004c 03       		.uleb128 0x3
  75 004d 46000000 		.4byte	.LASF5
  76 0051 02       		.byte	0x2
  77 0052 2B       		.byte	0x2b
  78 0053 18       		.byte	0x18
  79 0054 58000000 		.4byte	0x58
  80 0058 04       		.uleb128 0x4
  81 0059 01       		.byte	0x1
  82 005a 08       		.byte	0x8
  83 005b 60050000 		.4byte	.LASF6
  84 005f 04       		.uleb128 0x4
  85 0060 02       		.byte	0x2
  86 0061 05       		.byte	0x5
  87 0062 BD050000 		.4byte	.LASF7
  88 0066 04       		.uleb128 0x4
  89 0067 02       		.byte	0x2
  90 0068 07       		.byte	0x7
  91 0069 3A010000 		.4byte	.LASF8
  92 006d 03       		.uleb128 0x3
  93 006e 91070000 		.4byte	.LASF9
  94 0072 02       		.byte	0x2
  95 0073 4D       		.byte	0x4d
  96 0074 18       		.byte	0x18
  97 0075 79000000 		.4byte	0x79
  98 0079 04       		.uleb128 0x4
  99 007a 04       		.byte	0x4
 100 007b 05       		.byte	0x5
 101 007c EF010000 		.4byte	.LASF10
 102 0080 03       		.uleb128 0x3
 103 0081 9B070000 		.4byte	.LASF11
 104 0085 02       		.byte	0x2
 105 0086 4F       		.byte	0x4f
 106 0087 19       		.byte	0x19
 107 0088 8C000000 		.4byte	0x8c
 108 008c 04       		.uleb128 0x4
 109 008d 04       		.byte	0x4
 110 008e 07       		.byte	0x7
 111 008f 62060000 		.4byte	.LASF12
 112 0093 03       		.uleb128 0x3
 113 0094 05050000 		.4byte	.LASF13
 114 0098 02       		.byte	0x2
ARM GAS  C:\Users\nello\AppData\Local\Temp\ccsMT4zx.s 			page 3


 115 0099 69       		.byte	0x69
 116 009a 19       		.byte	0x19
 117 009b 9F000000 		.4byte	0x9f
 118 009f 04       		.uleb128 0x4
 119 00a0 08       		.byte	0x8
 120 00a1 07       		.byte	0x7
 121 00a2 DB000000 		.4byte	.LASF14
 122 00a6 03       		.uleb128 0x3
 123 00a7 A0080000 		.4byte	.LASF15
 124 00ab 03       		.byte	0x3
 125 00ac 18       		.byte	0x18
 126 00ad 13       		.byte	0x13
 127 00ae 4C000000 		.4byte	0x4c
 128 00b2 03       		.uleb128 0x3
 129 00b3 58050000 		.4byte	.LASF16
 130 00b7 03       		.byte	0x3
 131 00b8 2C       		.byte	0x2c
 132 00b9 13       		.byte	0x13
 133 00ba 6D000000 		.4byte	0x6d
 134 00be 03       		.uleb128 0x3
 135 00bf 3B060000 		.4byte	.LASF17
 136 00c3 03       		.byte	0x3
 137 00c4 30       		.byte	0x30
 138 00c5 14       		.byte	0x14
 139 00c6 80000000 		.4byte	0x80
 140 00ca 03       		.uleb128 0x3
 141 00cb 2C000000 		.4byte	.LASF18
 142 00cf 03       		.byte	0x3
 143 00d0 3C       		.byte	0x3c
 144 00d1 14       		.byte	0x14
 145 00d2 93000000 		.4byte	0x93
 146 00d6 05       		.uleb128 0x5
 147 00d7 CA000000 		.4byte	0xca
 148 00db 03       		.uleb128 0x3
 149 00dc E9080000 		.4byte	.LASF19
 150 00e0 04       		.byte	0x4
 151 00e1 48       		.byte	0x48
 152 00e2 1D       		.byte	0x1d
 153 00e3 CA000000 		.4byte	0xca
 154 00e7 03       		.uleb128 0x3
 155 00e8 F6030000 		.4byte	.LASF20
 156 00ec 05       		.byte	0x5
 157 00ed 50       		.byte	0x50
 158 00ee 19       		.byte	0x19
 159 00ef DB000000 		.4byte	0xdb
 160 00f3 03       		.uleb128 0x3
 161 00f4 99030000 		.4byte	.LASF21
 162 00f8 05       		.byte	0x5
 163 00f9 53       		.byte	0x53
 164 00fa 19       		.byte	0x19
 165 00fb A6000000 		.4byte	0xa6
 166 00ff 03       		.uleb128 0x3
 167 0100 F8010000 		.4byte	.LASF22
 168 0104 05       		.byte	0x5
 169 0105 54       		.byte	0x54
 170 0106 19       		.byte	0x19
 171 0107 A6000000 		.4byte	0xa6
ARM GAS  C:\Users\nello\AppData\Local\Temp\ccsMT4zx.s 			page 4


 172 010b 03       		.uleb128 0x3
 173 010c 26050000 		.4byte	.LASF23
 174 0110 05       		.byte	0x5
 175 0111 55       		.byte	0x55
 176 0112 19       		.byte	0x19
 177 0113 A6000000 		.4byte	0xa6
 178 0117 03       		.uleb128 0x3
 179 0118 3A050000 		.4byte	.LASF24
 180 011c 05       		.byte	0x5
 181 011d 57       		.byte	0x57
 182 011e 19       		.byte	0x19
 183 011f BE000000 		.4byte	0xbe
 184 0123 03       		.uleb128 0x3
 185 0124 75030000 		.4byte	.LASF25
 186 0128 05       		.byte	0x5
 187 0129 58       		.byte	0x58
 188 012a 19       		.byte	0x19
 189 012b B2000000 		.4byte	0xb2
 190 012f 03       		.uleb128 0x3
 191 0130 C6030000 		.4byte	.LASF26
 192 0134 05       		.byte	0x5
 193 0135 5A       		.byte	0x5a
 194 0136 19       		.byte	0x19
 195 0137 BE000000 		.4byte	0xbe
 196 013b 03       		.uleb128 0x3
 197 013c D7020000 		.4byte	.LASF27
 198 0140 05       		.byte	0x5
 199 0141 5C       		.byte	0x5c
 200 0142 19       		.byte	0x19
 201 0143 B2000000 		.4byte	0xb2
 202 0147 03       		.uleb128 0x3
 203 0148 1C050000 		.4byte	.LASF28
 204 014c 05       		.byte	0x5
 205 014d 80       		.byte	0x80
 206 014e 12       		.byte	0x12
 207 014f 30000000 		.4byte	0x30
 208 0153 03       		.uleb128 0x3
 209 0154 64070000 		.4byte	.LASF29
 210 0158 05       		.byte	0x5
 211 0159 85       		.byte	0x85
 212 015a 1A       		.byte	0x1a
 213 015b 5F010000 		.4byte	0x15f
 214 015f 06       		.uleb128 0x6
 215 0160 64030000 		.4byte	.LASF44
 216 0164 70       		.byte	0x70
 217 0165 06       		.byte	0x6
 218 0166 9C       		.byte	0x9c
 219 0167 08       		.byte	0x8
 220 0168 42020000 		.4byte	0x242
 221 016c 07       		.uleb128 0x7
 222 016d 68647200 		.ascii	"hdr\000"
 223 0171 06       		.byte	0x6
 224 0172 AD       		.byte	0xad
 225 0173 05       		.byte	0x5
 226 0174 38060000 		.4byte	0x638
 227 0178 00       		.byte	0
 228 0179 07       		.uleb128 0x7
ARM GAS  C:\Users\nello\AppData\Local\Temp\ccsMT4zx.s 			page 5


 229 017a 63747800 		.ascii	"ctx\000"
 230 017e 06       		.byte	0x6
 231 017f B1       		.byte	0xb1
 232 0180 21       		.byte	0x21
 233 0181 5F050000 		.4byte	0x55f
 234 0185 0C       		.byte	0xc
 235 0186 08       		.uleb128 0x8
 236 0187 11030000 		.4byte	.LASF30
 237 018b 06       		.byte	0x6
 238 018c B6       		.byte	0xb6
 239 018d 21       		.byte	0x21
 240 018e 83030000 		.4byte	0x383
 241 0192 38       		.byte	0x38
 242 0193 08       		.uleb128 0x8
 243 0194 57060000 		.4byte	.LASF31
 244 0198 06       		.byte	0x6
 245 0199 BB       		.byte	0xbb
 246 019a 22       		.byte	0x22
 247 019b 45070000 		.4byte	0x745
 248 019f 40       		.byte	0x40
 249 01a0 08       		.uleb128 0x8
 250 01a1 4C030000 		.4byte	.LASF32
 251 01a5 06       		.byte	0x6
 252 01a6 C0       		.byte	0xc0
 253 01a7 22       		.byte	0x22
 254 01a8 1B030000 		.4byte	0x31b
 255 01ac 44       		.byte	0x44
 256 01ad 08       		.uleb128 0x8
 257 01ae 74060000 		.4byte	.LASF33
 258 01b2 06       		.byte	0x6
 259 01b3 C9       		.byte	0xc9
 260 01b4 22       		.byte	0x22
 261 01b5 8F050000 		.4byte	0x58f
 262 01b9 48       		.byte	0x48
 263 01ba 08       		.uleb128 0x8
 264 01bb E9010000 		.4byte	.LASF34
 265 01bf 06       		.byte	0x6
 266 01c0 CE       		.byte	0xce
 267 01c1 21       		.byte	0x21
 268 01c2 FF000000 		.4byte	0xff
 269 01c6 4C       		.byte	0x4c
 270 01c7 08       		.uleb128 0x8
 271 01c8 A8080000 		.4byte	.LASF35
 272 01cc 06       		.byte	0x6
 273 01cd D2       		.byte	0xd2
 274 01ce 21       		.byte	0x21
 275 01cf F3000000 		.4byte	0xf3
 276 01d3 4D       		.byte	0x4d
 277 01d4 08       		.uleb128 0x8
 278 01d5 4D010000 		.4byte	.LASF36
 279 01d9 06       		.byte	0x6
 280 01da D7       		.byte	0xd7
 281 01db 21       		.byte	0x21
 282 01dc 0B010000 		.4byte	0x10b
 283 01e0 4E       		.byte	0x4e
 284 01e1 09       		.uleb128 0x9
 285 01e2 7500     		.ascii	"u\000"
ARM GAS  C:\Users\nello\AppData\Local\Temp\ccsMT4zx.s 			page 6


 286 01e4 06       		.byte	0x6
 287 01e5 2801     		.2byte	0x128
 288 01e7 21       		.byte	0x21
 289 01e8 66060000 		.4byte	0x666
 290 01ec 50       		.byte	0x50
 291 01ed 0A       		.uleb128 0xa
 292 01ee E1010000 		.4byte	.LASF37
 293 01f2 06       		.byte	0x6
 294 01f3 2D01     		.2byte	0x12d
 295 01f5 21       		.byte	0x21
 296 01f6 56030000 		.4byte	0x356
 297 01fa 54       		.byte	0x54
 298 01fb 0A       		.uleb128 0xa
 299 01fc ED030000 		.4byte	.LASF38
 300 0200 06       		.byte	0x6
 301 0201 3301     		.2byte	0x133
 302 0203 21       		.byte	0x21
 303 0204 83030000 		.4byte	0x383
 304 0208 58       		.byte	0x58
 305 0209 0A       		.uleb128 0xa
 306 020a 7B030000 		.4byte	.LASF39
 307 020e 06       		.byte	0x6
 308 020f 3901     		.2byte	0x139
 309 0211 21       		.byte	0x21
 310 0212 2F010000 		.4byte	0x12f
 311 0216 60       		.byte	0x60
 312 0217 0A       		.uleb128 0xa
 313 0218 E1080000 		.4byte	.LASF40
 314 021c 06       		.byte	0x6
 315 021d 4001     		.2byte	0x140
 316 021f 22       		.byte	0x22
 317 0220 3F070000 		.4byte	0x73f
 318 0224 64       		.byte	0x64
 319 0225 0A       		.uleb128 0xa
 320 0226 2D040000 		.4byte	.LASF41
 321 022a 06       		.byte	0x6
 322 022b 4401     		.2byte	0x144
 323 022d 21       		.byte	0x21
 324 022e 17010000 		.4byte	0x117
 325 0232 68       		.byte	0x68
 326 0233 0A       		.uleb128 0xa
 327 0234 51030000 		.4byte	.LASF42
 328 0238 06       		.byte	0x6
 329 0239 4B01     		.2byte	0x14b
 330 023b 22       		.byte	0x22
 331 023c 95050000 		.4byte	0x595
 332 0240 6C       		.byte	0x6c
 333 0241 00       		.byte	0
 334 0242 03       		.uleb128 0x3
 335 0243 AB010000 		.4byte	.LASF43
 336 0247 05       		.byte	0x5
 337 0248 8A       		.byte	0x8a
 338 0249 1F       		.byte	0x1f
 339 024a 4E020000 		.4byte	0x24e
 340 024e 0B       		.uleb128 0xb
 341 024f C5070000 		.4byte	.LASF45
 342 0253 B0       		.byte	0xb0
ARM GAS  C:\Users\nello\AppData\Local\Temp\ccsMT4zx.s 			page 7


 343 0254 06       		.byte	0x6
 344 0255 8A01     		.2byte	0x18a
 345 0257 08       		.byte	0x8
 346 0258 CD020000 		.4byte	0x2cd
 347 025c 0A       		.uleb128 0xa
 348 025d 8C080000 		.4byte	.LASF46
 349 0261 06       		.byte	0x6
 350 0262 8E01     		.2byte	0x18e
 351 0264 21       		.byte	0x21
 352 0265 76070000 		.4byte	0x776
 353 0269 00       		.byte	0
 354 026a 0A       		.uleb128 0xa
 355 026b C1010000 		.4byte	.LASF47
 356 026f 06       		.byte	0x6
 357 0270 9201     		.2byte	0x192
 358 0272 21       		.byte	0x21
 359 0273 CC050000 		.4byte	0x5cc
 360 0277 10       		.byte	0x10
 361 0278 0A       		.uleb128 0xa
 362 0279 01080000 		.4byte	.LASF48
 363 027d 06       		.byte	0x6
 364 027e 9901     		.2byte	0x199
 365 0280 21       		.byte	0x21
 366 0281 F3050000 		.4byte	0x5f3
 367 0285 28       		.byte	0x28
 368 0286 0A       		.uleb128 0xa
 369 0287 99000000 		.4byte	.LASF49
 370 028b 06       		.byte	0x6
 371 028c 9E01     		.2byte	0x19e
 372 028e 21       		.byte	0x21
 373 028f 47010000 		.4byte	0x147
 374 0293 30       		.byte	0x30
 375 0294 0A       		.uleb128 0xa
 376 0295 0D000000 		.4byte	.LASF50
 377 0299 06       		.byte	0x6
 378 029a A401     		.2byte	0x1a4
 379 029c 21       		.byte	0x21
 380 029d F4020000 		.4byte	0x2f4
 381 02a1 34       		.byte	0x34
 382 02a2 0A       		.uleb128 0xa
 383 02a3 90060000 		.4byte	.LASF51
 384 02a7 06       		.byte	0x6
 385 02a8 A901     		.2byte	0x1a9
 386 02aa 22       		.byte	0x22
 387 02ab EA070000 		.4byte	0x7ea
 388 02af 38       		.byte	0x38
 389 02b0 0A       		.uleb128 0xa
 390 02b1 FB000000 		.4byte	.LASF52
 391 02b5 06       		.byte	0x6
 392 02b6 AD01     		.2byte	0x1ad
 393 02b8 21       		.byte	0x21
 394 02b9 53010000 		.4byte	0x153
 395 02bd 3C       		.byte	0x3c
 396 02be 09       		.uleb128 0x9
 397 02bf 64626700 		.ascii	"dbg\000"
 398 02c3 06       		.byte	0x6
 399 02c4 B101     		.2byte	0x1b1
ARM GAS  C:\Users\nello\AppData\Local\Temp\ccsMT4zx.s 			page 8


 400 02c6 21       		.byte	0x21
 401 02c7 32030000 		.4byte	0x332
 402 02cb AC       		.byte	0xac
 403 02cc 00       		.byte	0
 404 02cd 03       		.uleb128 0x3
 405 02ce 4B040000 		.4byte	.LASF53
 406 02d2 07       		.byte	0x7
 407 02d3 3F       		.byte	0x3f
 408 02d4 12       		.byte	0x12
 409 02d5 BE000000 		.4byte	0xbe
 410 02d9 06       		.uleb128 0x6
 411 02da 0E020000 		.4byte	.LASF54
 412 02de 04       		.byte	0x4
 413 02df 07       		.byte	0x7
 414 02e0 44       		.byte	0x44
 415 02e1 10       		.byte	0x10
 416 02e2 F4020000 		.4byte	0x2f4
 417 02e6 08       		.uleb128 0x8
 418 02e7 9C020000 		.4byte	.LASF55
 419 02eb 07       		.byte	0x7
 420 02ec 48       		.byte	0x48
 421 02ed 21       		.byte	0x21
 422 02ee CD020000 		.4byte	0x2cd
 423 02f2 00       		.byte	0
 424 02f3 00       		.byte	0
 425 02f4 03       		.uleb128 0x3
 426 02f5 A7050000 		.4byte	.LASF56
 427 02f9 07       		.byte	0x7
 428 02fa 49       		.byte	0x49
 429 02fb 03       		.byte	0x3
 430 02fc D9020000 		.4byte	0x2d9
 431 0300 06       		.uleb128 0x6
 432 0301 42050000 		.4byte	.LASF57
 433 0305 04       		.byte	0x4
 434 0306 08       		.byte	0x8
 435 0307 3E       		.byte	0x3e
 436 0308 10       		.byte	0x10
 437 0309 1B030000 		.4byte	0x31b
 438 030d 08       		.uleb128 0x8
 439 030e B4070000 		.4byte	.LASF58
 440 0312 08       		.byte	0x8
 441 0313 46       		.byte	0x46
 442 0314 24       		.byte	0x24
 443 0315 21030000 		.4byte	0x321
 444 0319 00       		.byte	0
 445 031a 00       		.byte	0
 446 031b 0C       		.uleb128 0xc
 447 031c 04       		.byte	0x4
 448 031d 2D030000 		.4byte	0x32d
 449 0321 05       		.uleb128 0x5
 450 0322 1B030000 		.4byte	0x31b
 451 0326 04       		.uleb128 0x4
 452 0327 01       		.byte	0x1
 453 0328 08       		.byte	0x8
 454 0329 7B060000 		.4byte	.LASF59
 455 032d 0D       		.uleb128 0xd
 456 032e 26030000 		.4byte	0x326
ARM GAS  C:\Users\nello\AppData\Local\Temp\ccsMT4zx.s 			page 9


 457 0332 03       		.uleb128 0x3
 458 0333 61000000 		.4byte	.LASF60
 459 0337 08       		.byte	0x8
 460 0338 51       		.byte	0x51
 461 0339 03       		.byte	0x3
 462 033a 00030000 		.4byte	0x300
 463 033e 03       		.uleb128 0x3
 464 033f 87070000 		.4byte	.LASF61
 465 0343 09       		.byte	0x9
 466 0344 6D       		.byte	0x6d
 467 0345 12       		.byte	0x12
 468 0346 BE000000 		.4byte	0xbe
 469 034a 03       		.uleb128 0x3
 470 034b 16020000 		.4byte	.LASF62
 471 034f 09       		.byte	0x9
 472 0350 79       		.byte	0x79
 473 0351 12       		.byte	0x12
 474 0352 BE000000 		.4byte	0xbe
 475 0356 03       		.uleb128 0x3
 476 0357 93040000 		.4byte	.LASF63
 477 035b 0A       		.byte	0xa
 478 035c 32       		.byte	0x32
 479 035d 18       		.byte	0x18
 480 035e 62030000 		.4byte	0x362
 481 0362 06       		.uleb128 0x6
 482 0363 B0030000 		.4byte	.LASF64
 483 0367 04       		.byte	0x4
 484 0368 0A       		.byte	0xa
 485 0369 38       		.byte	0x38
 486 036a 08       		.byte	0x8
 487 036b 7D030000 		.4byte	0x37d
 488 036f 08       		.uleb128 0x8
 489 0370 24010000 		.4byte	.LASF65
 490 0374 0A       		.byte	0xa
 491 0375 39       		.byte	0x39
 492 0376 1A       		.byte	0x1a
 493 0377 7D030000 		.4byte	0x37d
 494 037b 00       		.byte	0
 495 037c 00       		.byte	0
 496 037d 0C       		.uleb128 0xc
 497 037e 04       		.byte	0x4
 498 037f 56030000 		.4byte	0x356
 499 0383 03       		.uleb128 0x3
 500 0384 18030000 		.4byte	.LASF66
 501 0388 0A       		.byte	0xa
 502 0389 3F       		.byte	0x3f
 503 038a 19       		.byte	0x19
 504 038b 94030000 		.4byte	0x394
 505 038f 0D       		.uleb128 0xd
 506 0390 83030000 		.4byte	0x383
 507 0394 06       		.uleb128 0x6
 508 0395 24020000 		.4byte	.LASF67
 509 0399 08       		.byte	0x8
 510 039a 0A       		.byte	0xa
 511 039b 45       		.byte	0x45
 512 039c 08       		.byte	0x8
 513 039d BC030000 		.4byte	0x3bc
ARM GAS  C:\Users\nello\AppData\Local\Temp\ccsMT4zx.s 			page 10


 514 03a1 08       		.uleb128 0x8
 515 03a2 24010000 		.4byte	.LASF65
 516 03a6 0A       		.byte	0xa
 517 03a7 46       		.byte	0x46
 518 03a8 1A       		.byte	0x1a
 519 03a9 BC030000 		.4byte	0x3bc
 520 03ad 00       		.byte	0
 521 03ae 08       		.uleb128 0x8
 522 03af 50000000 		.4byte	.LASF68
 523 03b3 0A       		.byte	0xa
 524 03b4 47       		.byte	0x47
 525 03b5 1A       		.byte	0x1a
 526 03b6 BC030000 		.4byte	0x3bc
 527 03ba 04       		.byte	0x4
 528 03bb 00       		.byte	0
 529 03bc 0C       		.uleb128 0xc
 530 03bd 04       		.byte	0x4
 531 03be 83030000 		.4byte	0x383
 532 03c2 03       		.uleb128 0x3
 533 03c3 B5000000 		.4byte	.LASF69
 534 03c7 0A       		.byte	0xa
 535 03c8 4E       		.byte	0x4e
 536 03c9 22       		.byte	0x22
 537 03ca CE030000 		.4byte	0x3ce
 538 03ce 06       		.uleb128 0x6
 539 03cf 09080000 		.4byte	.LASF70
 540 03d3 0C       		.byte	0xc
 541 03d4 0A       		.byte	0xa
 542 03d5 55       		.byte	0x55
 543 03d6 08       		.byte	0x8
 544 03d7 03040000 		.4byte	0x403
 545 03db 08       		.uleb128 0x8
 546 03dc 24010000 		.4byte	.LASF65
 547 03e0 0A       		.byte	0xa
 548 03e1 56       		.byte	0x56
 549 03e2 1A       		.byte	0x1a
 550 03e3 03040000 		.4byte	0x403
 551 03e7 00       		.byte	0
 552 03e8 08       		.uleb128 0x8
 553 03e9 50000000 		.4byte	.LASF68
 554 03ed 0A       		.byte	0xa
 555 03ee 57       		.byte	0x57
 556 03ef 1A       		.byte	0x1a
 557 03f0 03040000 		.4byte	0x403
 558 03f4 04       		.byte	0x4
 559 03f5 08       		.uleb128 0x8
 560 03f6 DC040000 		.4byte	.LASF71
 561 03fa 0A       		.byte	0xa
 562 03fb 58       		.byte	0x58
 563 03fc 19       		.byte	0x19
 564 03fd 17010000 		.4byte	0x117
 565 0401 08       		.byte	0x8
 566 0402 00       		.byte	0
 567 0403 0C       		.uleb128 0xc
 568 0404 04       		.byte	0x4
 569 0405 C2030000 		.4byte	0x3c2
 570 0409 03       		.uleb128 0x3
ARM GAS  C:\Users\nello\AppData\Local\Temp\ccsMT4zx.s 			page 11


 571 040a 58020000 		.4byte	.LASF72
 572 040e 0A       		.byte	0xa
 573 040f 5F       		.byte	0x5f
 574 0410 1E       		.byte	0x1e
 575 0411 15040000 		.4byte	0x415
 576 0415 06       		.uleb128 0x6
 577 0416 87010000 		.4byte	.LASF73
 578 041a 0C       		.byte	0xc
 579 041b 0A       		.byte	0xa
 580 041c 64       		.byte	0x64
 581 041d 08       		.byte	0x8
 582 041e 4A040000 		.4byte	0x44a
 583 0422 08       		.uleb128 0x8
 584 0423 24010000 		.4byte	.LASF65
 585 0427 0A       		.byte	0xa
 586 0428 65       		.byte	0x65
 587 0429 1A       		.byte	0x1a
 588 042a 4A040000 		.4byte	0x44a
 589 042e 00       		.byte	0
 590 042f 08       		.uleb128 0x8
 591 0430 50000000 		.4byte	.LASF68
 592 0434 0A       		.byte	0xa
 593 0435 66       		.byte	0x66
 594 0436 1A       		.byte	0x1a
 595 0437 4A040000 		.4byte	0x44a
 596 043b 04       		.byte	0x4
 597 043c 08       		.uleb128 0x8
 598 043d 19000000 		.4byte	.LASF74
 599 0441 0A       		.byte	0xa
 600 0442 67       		.byte	0x67
 601 0443 19       		.byte	0x19
 602 0444 4A030000 		.4byte	0x34a
 603 0448 08       		.byte	0x8
 604 0449 00       		.byte	0
 605 044a 0C       		.uleb128 0xc
 606 044b 04       		.byte	0x4
 607 044c 09040000 		.4byte	0x409
 608 0450 0B       		.uleb128 0xb
 609 0451 CB040000 		.4byte	.LASF75
 610 0455 20       		.byte	0x20
 611 0456 0B       		.byte	0xb
 612 0457 9301     		.2byte	0x193
 613 0459 08       		.byte	0x8
 614 045a CA040000 		.4byte	0x4ca
 615 045e 09       		.uleb128 0x9
 616 045f 723000   		.ascii	"r0\000"
 617 0462 0B       		.byte	0xb
 618 0463 9401     		.2byte	0x194
 619 0465 19       		.byte	0x19
 620 0466 BE000000 		.4byte	0xbe
 621 046a 00       		.byte	0
 622 046b 09       		.uleb128 0x9
 623 046c 723100   		.ascii	"r1\000"
 624 046f 0B       		.byte	0xb
 625 0470 9501     		.2byte	0x195
 626 0472 19       		.byte	0x19
 627 0473 BE000000 		.4byte	0xbe
ARM GAS  C:\Users\nello\AppData\Local\Temp\ccsMT4zx.s 			page 12


 628 0477 04       		.byte	0x4
 629 0478 09       		.uleb128 0x9
 630 0479 723200   		.ascii	"r2\000"
 631 047c 0B       		.byte	0xb
 632 047d 9601     		.2byte	0x196
 633 047f 19       		.byte	0x19
 634 0480 BE000000 		.4byte	0xbe
 635 0484 08       		.byte	0x8
 636 0485 09       		.uleb128 0x9
 637 0486 723300   		.ascii	"r3\000"
 638 0489 0B       		.byte	0xb
 639 048a 9701     		.2byte	0x197
 640 048c 19       		.byte	0x19
 641 048d BE000000 		.4byte	0xbe
 642 0491 0C       		.byte	0xc
 643 0492 09       		.uleb128 0x9
 644 0493 72313200 		.ascii	"r12\000"
 645 0497 0B       		.byte	0xb
 646 0498 9801     		.2byte	0x198
 647 049a 19       		.byte	0x19
 648 049b BE000000 		.4byte	0xbe
 649 049f 10       		.byte	0x10
 650 04a0 0A       		.uleb128 0xa
 651 04a1 FD020000 		.4byte	.LASF76
 652 04a5 0B       		.byte	0xb
 653 04a6 9901     		.2byte	0x199
 654 04a8 19       		.byte	0x19
 655 04a9 BE000000 		.4byte	0xbe
 656 04ad 14       		.byte	0x14
 657 04ae 09       		.uleb128 0x9
 658 04af 706300   		.ascii	"pc\000"
 659 04b2 0B       		.byte	0xb
 660 04b3 9A01     		.2byte	0x19a
 661 04b5 19       		.byte	0x19
 662 04b6 BE000000 		.4byte	0xbe
 663 04ba 18       		.byte	0x18
 664 04bb 0A       		.uleb128 0xa
 665 04bc E5050000 		.4byte	.LASF77
 666 04c0 0B       		.byte	0xb
 667 04c1 9B01     		.2byte	0x19b
 668 04c3 19       		.byte	0x19
 669 04c4 BE000000 		.4byte	0xbe
 670 04c8 1C       		.byte	0x1c
 671 04c9 00       		.byte	0
 672 04ca 0B       		.uleb128 0xb
 673 04cb 55000000 		.4byte	.LASF78
 674 04cf 28       		.byte	0x28
 675 04d0 0B       		.byte	0xb
 676 04d1 B701     		.2byte	0x1b7
 677 04d3 08       		.byte	0x8
 678 04d4 5F050000 		.4byte	0x55f
 679 04d8 0A       		.uleb128 0xa
 680 04d9 5C030000 		.4byte	.LASF79
 681 04dd 0B       		.byte	0xb
 682 04de B801     		.2byte	0x1b8
 683 04e0 19       		.byte	0x19
 684 04e1 BE000000 		.4byte	0xbe
ARM GAS  C:\Users\nello\AppData\Local\Temp\ccsMT4zx.s 			page 13


 685 04e5 00       		.byte	0
 686 04e6 09       		.uleb128 0x9
 687 04e7 723400   		.ascii	"r4\000"
 688 04ea 0B       		.byte	0xb
 689 04eb B901     		.2byte	0x1b9
 690 04ed 19       		.byte	0x19
 691 04ee BE000000 		.4byte	0xbe
 692 04f2 04       		.byte	0x4
 693 04f3 09       		.uleb128 0x9
 694 04f4 723500   		.ascii	"r5\000"
 695 04f7 0B       		.byte	0xb
 696 04f8 BA01     		.2byte	0x1ba
 697 04fa 19       		.byte	0x19
 698 04fb BE000000 		.4byte	0xbe
 699 04ff 08       		.byte	0x8
 700 0500 09       		.uleb128 0x9
 701 0501 723600   		.ascii	"r6\000"
 702 0504 0B       		.byte	0xb
 703 0505 BB01     		.2byte	0x1bb
 704 0507 19       		.byte	0x19
 705 0508 BE000000 		.4byte	0xbe
 706 050c 0C       		.byte	0xc
 707 050d 09       		.uleb128 0x9
 708 050e 723700   		.ascii	"r7\000"
 709 0511 0B       		.byte	0xb
 710 0512 BC01     		.2byte	0x1bc
 711 0514 19       		.byte	0x19
 712 0515 BE000000 		.4byte	0xbe
 713 0519 10       		.byte	0x10
 714 051a 09       		.uleb128 0x9
 715 051b 723800   		.ascii	"r8\000"
 716 051e 0B       		.byte	0xb
 717 051f BD01     		.2byte	0x1bd
 718 0521 19       		.byte	0x19
 719 0522 BE000000 		.4byte	0xbe
 720 0526 14       		.byte	0x14
 721 0527 09       		.uleb128 0x9
 722 0528 723900   		.ascii	"r9\000"
 723 052b 0B       		.byte	0xb
 724 052c BE01     		.2byte	0x1be
 725 052e 19       		.byte	0x19
 726 052f BE000000 		.4byte	0xbe
 727 0533 18       		.byte	0x18
 728 0534 09       		.uleb128 0x9
 729 0535 72313000 		.ascii	"r10\000"
 730 0539 0B       		.byte	0xb
 731 053a BF01     		.2byte	0x1bf
 732 053c 19       		.byte	0x19
 733 053d BE000000 		.4byte	0xbe
 734 0541 1C       		.byte	0x1c
 735 0542 09       		.uleb128 0x9
 736 0543 72313100 		.ascii	"r11\000"
 737 0547 0B       		.byte	0xb
 738 0548 C001     		.2byte	0x1c0
 739 054a 19       		.byte	0x19
 740 054b BE000000 		.4byte	0xbe
 741 054f 20       		.byte	0x20
ARM GAS  C:\Users\nello\AppData\Local\Temp\ccsMT4zx.s 			page 14


 742 0550 0A       		.uleb128 0xa
 743 0551 E6030000 		.4byte	.LASF80
 744 0555 0B       		.byte	0xb
 745 0556 C401     		.2byte	0x1c4
 746 0558 19       		.byte	0x19
 747 0559 BE000000 		.4byte	0xbe
 748 055d 24       		.byte	0x24
 749 055e 00       		.byte	0
 750 055f 0B       		.uleb128 0xb
 751 0560 C9000000 		.4byte	.LASF81
 752 0564 2C       		.byte	0x2c
 753 0565 0B       		.byte	0xb
 754 0566 DF01     		.2byte	0x1df
 755 0568 08       		.byte	0x8
 756 0569 89050000 		.4byte	0x589
 757 056d 09       		.uleb128 0x9
 758 056e 737000   		.ascii	"sp\000"
 759 0571 0B       		.byte	0xb
 760 0572 E001     		.2byte	0x1e0
 761 0574 1A       		.byte	0x1a
 762 0575 89050000 		.4byte	0x589
 763 0579 00       		.byte	0
 764 057a 0A       		.uleb128 0xa
 765 057b 5D060000 		.4byte	.LASF82
 766 057f 0B       		.byte	0xb
 767 0580 E101     		.2byte	0x1e1
 768 0582 19       		.byte	0x19
 769 0583 CA040000 		.4byte	0x4ca
 770 0587 04       		.byte	0x4
 771 0588 00       		.byte	0
 772 0589 0C       		.uleb128 0xc
 773 058a 04       		.byte	0x4
 774 058b 50040000 		.4byte	0x450
 775 058f 0C       		.uleb128 0xc
 776 0590 04       		.byte	0x4
 777 0591 E7000000 		.4byte	0xe7
 778 0595 0E       		.uleb128 0xe
 779 0596 04       		.byte	0x4
 780 0597 06       		.uleb128 0x6
 781 0598 6A040000 		.4byte	.LASF83
 782 059c 18       		.byte	0x18
 783 059d 06       		.byte	0x6
 784 059e 64       		.byte	0x64
 785 059f 10       		.byte	0x10
 786 05a0 CC050000 		.4byte	0x5cc
 787 05a4 08       		.uleb128 0x8
 788 05a5 81070000 		.4byte	.LASF84
 789 05a9 06       		.byte	0x6
 790 05aa 68       		.byte	0x68
 791 05ab 21       		.byte	0x21
 792 05ac 09040000 		.4byte	0x409
 793 05b0 00       		.byte	0
 794 05b1 08       		.uleb128 0x8
 795 05b2 C7050000 		.4byte	.LASF85
 796 05b6 06       		.byte	0x6
 797 05b7 73       		.byte	0x73
 798 05b8 21       		.byte	0x21
ARM GAS  C:\Users\nello\AppData\Local\Temp\ccsMT4zx.s 			page 15


 799 05b9 3E030000 		.4byte	0x33e
 800 05bd 0C       		.byte	0xc
 801 05be 08       		.uleb128 0x8
 802 05bf 23040000 		.4byte	.LASF86
 803 05c3 06       		.byte	0x6
 804 05c4 79       		.byte	0x79
 805 05c5 21       		.byte	0x21
 806 05c6 D6000000 		.4byte	0xd6
 807 05ca 10       		.byte	0x10
 808 05cb 00       		.byte	0
 809 05cc 03       		.uleb128 0x3
 810 05cd 0E010000 		.4byte	.LASF87
 811 05d1 06       		.byte	0x6
 812 05d2 7B       		.byte	0x7b
 813 05d3 03       		.byte	0x3
 814 05d4 97050000 		.4byte	0x597
 815 05d8 06       		.uleb128 0x6
 816 05d9 7A020000 		.4byte	.LASF88
 817 05dd 08       		.byte	0x8
 818 05de 06       		.byte	0x6
 819 05df 80       		.byte	0x80
 820 05e0 10       		.byte	0x10
 821 05e1 F3050000 		.4byte	0x5f3
 822 05e5 08       		.uleb128 0x8
 823 05e6 3D020000 		.4byte	.LASF89
 824 05ea 06       		.byte	0x6
 825 05eb 84       		.byte	0x84
 826 05ec 21       		.byte	0x21
 827 05ed 83030000 		.4byte	0x383
 828 05f1 00       		.byte	0
 829 05f2 00       		.byte	0
 830 05f3 03       		.uleb128 0x3
 831 05f4 30060000 		.4byte	.LASF90
 832 05f8 06       		.byte	0x6
 833 05f9 85       		.byte	0x85
 834 05fa 03       		.byte	0x3
 835 05fb D8050000 		.4byte	0x5d8
 836 05ff 03       		.uleb128 0x3
 837 0600 57040000 		.4byte	.LASF91
 838 0604 06       		.byte	0x6
 839 0605 8A       		.byte	0x8a
 840 0606 14       		.byte	0x14
 841 0607 0B060000 		.4byte	0x60b
 842 060b 0C       		.uleb128 0xc
 843 060c 04       		.byte	0x4
 844 060d 53010000 		.4byte	0x153
 845 0611 06       		.uleb128 0x6
 846 0612 29010000 		.4byte	.LASF92
 847 0616 08       		.byte	0x8
 848 0617 06       		.byte	0x6
 849 0618 8F       		.byte	0x8f
 850 0619 10       		.byte	0x10
 851 061a 2C060000 		.4byte	0x62c
 852 061e 08       		.uleb128 0x8
 853 061f 3D020000 		.4byte	.LASF89
 854 0623 06       		.byte	0x6
 855 0624 93       		.byte	0x93
ARM GAS  C:\Users\nello\AppData\Local\Temp\ccsMT4zx.s 			page 16


 856 0625 21       		.byte	0x21
 857 0626 83030000 		.4byte	0x383
 858 062a 00       		.byte	0
 859 062b 00       		.byte	0
 860 062c 03       		.uleb128 0x3
 861 062d 73080000 		.4byte	.LASF93
 862 0631 06       		.byte	0x6
 863 0632 94       		.byte	0x94
 864 0633 03       		.byte	0x3
 865 0634 11060000 		.4byte	0x611
 866 0638 0F       		.uleb128 0xf
 867 0639 0C       		.byte	0xc
 868 063a 06       		.byte	0x6
 869 063b A0       		.byte	0xa0
 870 063c 03       		.byte	0x3
 871 063d 66060000 		.4byte	0x666
 872 0641 10       		.uleb128 0x10
 873 0642 D2080000 		.4byte	.LASF94
 874 0646 06       		.byte	0x6
 875 0647 A4       		.byte	0xa4
 876 0648 21       		.byte	0x21
 877 0649 56030000 		.4byte	0x356
 878 064d 10       		.uleb128 0x10
 879 064e 3D020000 		.4byte	.LASF89
 880 0652 06       		.byte	0x6
 881 0653 A8       		.byte	0xa8
 882 0654 21       		.byte	0x21
 883 0655 83030000 		.4byte	0x383
 884 0659 10       		.uleb128 0x10
 885 065a BE070000 		.4byte	.LASF95
 886 065e 06       		.byte	0x6
 887 065f AC       		.byte	0xac
 888 0660 21       		.byte	0x21
 889 0661 C2030000 		.4byte	0x3c2
 890 0665 00       		.byte	0
 891 0666 0F       		.uleb128 0xf
 892 0667 04       		.byte	0x4
 893 0668 06       		.byte	0x6
 894 0669 EB       		.byte	0xeb
 895 066a 03       		.byte	0x3
 896 066b D6060000 		.4byte	0x6d6
 897 066f 10       		.uleb128 0x10
 898 0670 1F000000 		.4byte	.LASF96
 899 0674 06       		.byte	0x6
 900 0675 F2       		.byte	0xf2
 901 0676 21       		.byte	0x21
 902 0677 23010000 		.4byte	0x123
 903 067b 10       		.uleb128 0x10
 904 067c F2000000 		.4byte	.LASF97
 905 0680 06       		.byte	0x6
 906 0681 F9       		.byte	0xf9
 907 0682 21       		.byte	0x21
 908 0683 23010000 		.4byte	0x123
 909 0687 11       		.uleb128 0x11
 910 0688 B9080000 		.4byte	.LASF98
 911 068c 06       		.byte	0x6
 912 068d 0001     		.2byte	0x100
ARM GAS  C:\Users\nello\AppData\Local\Temp\ccsMT4zx.s 			page 17


 913 068f 22       		.byte	0x22
 914 0690 95050000 		.4byte	0x595
 915 0694 11       		.uleb128 0x11
 916 0695 0B030000 		.4byte	.LASF99
 917 0699 06       		.byte	0x6
 918 069a 0701     		.2byte	0x107
 919 069c 22       		.byte	0x22
 920 069d D6060000 		.4byte	0x6d6
 921 06a1 11       		.uleb128 0x11
 922 06a2 06010000 		.4byte	.LASF100
 923 06a6 06       		.byte	0x6
 924 06a7 0C01     		.2byte	0x10c
 925 06a9 21       		.byte	0x21
 926 06aa 23010000 		.4byte	0x123
 927 06ae 11       		.uleb128 0x11
 928 06af 04030000 		.4byte	.LASF101
 929 06b3 06       		.byte	0x6
 930 06b4 1501     		.2byte	0x115
 931 06b6 22       		.byte	0x22
 932 06b7 04070000 		.4byte	0x704
 933 06bb 11       		.uleb128 0x11
 934 06bc 44060000 		.4byte	.LASF102
 935 06c0 06       		.byte	0x6
 936 06c1 1E01     		.2byte	0x11e
 937 06c3 22       		.byte	0x22
 938 06c4 3F070000 		.4byte	0x73f
 939 06c8 11       		.uleb128 0x11
 940 06c9 FC050000 		.4byte	.LASF103
 941 06cd 06       		.byte	0x6
 942 06ce 2601     		.2byte	0x126
 943 06d0 21       		.byte	0x21
 944 06d1 2F010000 		.4byte	0x12f
 945 06d5 00       		.byte	0
 946 06d6 0C       		.uleb128 0xc
 947 06d7 04       		.byte	0x4
 948 06d8 FF050000 		.4byte	0x5ff
 949 06dc 06       		.uleb128 0x6
 950 06dd 23060000 		.4byte	.LASF104
 951 06e1 0C       		.byte	0xc
 952 06e2 0C       		.byte	0xc
 953 06e3 34       		.byte	0x34
 954 06e4 10       		.byte	0x10
 955 06e5 04070000 		.4byte	0x704
 956 06e9 08       		.uleb128 0x8
 957 06ea 3D020000 		.4byte	.LASF89
 958 06ee 0C       		.byte	0xc
 959 06ef 35       		.byte	0x35
 960 06f0 19       		.byte	0x19
 961 06f1 83030000 		.4byte	0x383
 962 06f5 00       		.byte	0
 963 06f6 07       		.uleb128 0x7
 964 06f7 636E7400 		.ascii	"cnt\000"
 965 06fb 0C       		.byte	0xc
 966 06fc 37       		.byte	0x37
 967 06fd 19       		.byte	0x19
 968 06fe 3B010000 		.4byte	0x13b
 969 0702 08       		.byte	0x8
ARM GAS  C:\Users\nello\AppData\Local\Temp\ccsMT4zx.s 			page 18


 970 0703 00       		.byte	0
 971 0704 0C       		.uleb128 0xc
 972 0705 04       		.byte	0x4
 973 0706 DC060000 		.4byte	0x6dc
 974 070a 06       		.uleb128 0x6
 975 070b 83080000 		.4byte	.LASF105
 976 070f 10       		.byte	0x10
 977 0710 0D       		.byte	0xd
 978 0711 39       		.byte	0x39
 979 0712 08       		.byte	0x8
 980 0713 3F070000 		.4byte	0x73f
 981 0717 08       		.uleb128 0x8
 982 0718 3D020000 		.4byte	.LASF89
 983 071c 0D       		.byte	0xd
 984 071d 3A       		.byte	0x3a
 985 071e 19       		.byte	0x19
 986 071f 83030000 		.4byte	0x383
 987 0723 00       		.byte	0
 988 0724 08       		.uleb128 0x8
 989 0725 57060000 		.4byte	.LASF31
 990 0729 0D       		.byte	0xd
 991 072a 3C       		.byte	0x3c
 992 072b 1A       		.byte	0x1a
 993 072c 0B060000 		.4byte	0x60b
 994 0730 08       		.byte	0x8
 995 0731 08       		.uleb128 0x8
 996 0732 24010000 		.4byte	.LASF65
 997 0736 0D       		.byte	0xd
 998 0737 3E       		.byte	0x3e
 999 0738 1A       		.byte	0x1a
 1000 0739 8F080000 		.4byte	0x88f
 1001 073d 0C       		.byte	0xc
 1002 073e 00       		.byte	0
 1003 073f 0C       		.uleb128 0xc
 1004 0740 04       		.byte	0x4
 1005 0741 0A070000 		.4byte	0x70a
 1006 0745 0C       		.uleb128 0xc
 1007 0746 04       		.byte	0x4
 1008 0747 42020000 		.4byte	0x242
 1009 074b 0B       		.uleb128 0xb
 1010 074c B8030000 		.4byte	.LASF106
 1011 0750 10       		.byte	0x10
 1012 0751 06       		.byte	0x6
 1013 0752 5C01     		.2byte	0x15c
 1014 0754 10       		.byte	0x10
 1015 0755 76070000 		.4byte	0x776
 1016 0759 0A       		.uleb128 0xa
 1017 075a BE070000 		.4byte	.LASF95
 1018 075e 06       		.byte	0x6
 1019 075f 6101     		.2byte	0x161
 1020 0761 21       		.byte	0x21
 1021 0762 C2030000 		.4byte	0x3c2
 1022 0766 00       		.byte	0
 1023 0767 0A       		.uleb128 0xa
 1024 0768 56080000 		.4byte	.LASF107
 1025 076c 06       		.byte	0x6
 1026 076d 6501     		.2byte	0x165
ARM GAS  C:\Users\nello\AppData\Local\Temp\ccsMT4zx.s 			page 19


 1027 076f 22       		.byte	0x22
 1028 0770 0B060000 		.4byte	0x60b
 1029 0774 0C       		.byte	0xc
 1030 0775 00       		.byte	0
 1031 0776 12       		.uleb128 0x12
 1032 0777 00000000 		.4byte	.LASF108
 1033 077b 06       		.byte	0x6
 1034 077c 6601     		.2byte	0x166
 1035 077e 03       		.byte	0x3
 1036 077f 4B070000 		.4byte	0x74b
 1037 0783 0B       		.uleb128 0xb
 1038 0784 AF040000 		.4byte	.LASF109
 1039 0788 14       		.byte	0x14
 1040 0789 06       		.byte	0x6
 1041 078a 6B01     		.2byte	0x16b
 1042 078c 10       		.byte	0x10
 1043 078d D8070000 		.4byte	0x7d8
 1044 0791 0A       		.uleb128 0xa
 1045 0792 4C030000 		.4byte	.LASF32
 1046 0796 06       		.byte	0x6
 1047 0797 6F01     		.2byte	0x16f
 1048 0799 22       		.byte	0x22
 1049 079a 1B030000 		.4byte	0x31b
 1050 079e 00       		.byte	0
 1051 079f 0A       		.uleb128 0xa
 1052 07a0 AE020000 		.4byte	.LASF110
 1053 07a4 06       		.byte	0x6
 1054 07a5 7501     		.2byte	0x175
 1055 07a7 22       		.byte	0x22
 1056 07a8 8F050000 		.4byte	0x58f
 1057 07ac 04       		.byte	0x4
 1058 07ad 0A       		.uleb128 0xa
 1059 07ae 47080000 		.4byte	.LASF111
 1060 07b2 06       		.byte	0x6
 1061 07b3 7901     		.2byte	0x179
 1062 07b5 22       		.byte	0x22
 1063 07b6 8F050000 		.4byte	0x58f
 1064 07ba 08       		.byte	0x8
 1065 07bb 0A       		.uleb128 0xa
 1066 07bc 13040000 		.4byte	.LASF112
 1067 07c0 06       		.byte	0x6
 1068 07c1 7F01     		.2byte	0x17f
 1069 07c3 22       		.byte	0x22
 1070 07c4 8F050000 		.4byte	0x58f
 1071 07c8 0C       		.byte	0xc
 1072 07c9 0A       		.uleb128 0xa
 1073 07ca AE050000 		.4byte	.LASF113
 1074 07ce 06       		.byte	0x6
 1075 07cf 8301     		.2byte	0x183
 1076 07d1 22       		.byte	0x22
 1077 07d2 8F050000 		.4byte	0x58f
 1078 07d6 10       		.byte	0x10
 1079 07d7 00       		.byte	0
 1080 07d8 12       		.uleb128 0x12
 1081 07d9 5E080000 		.4byte	.LASF114
 1082 07dd 06       		.byte	0x6
 1083 07de 8501     		.2byte	0x185
ARM GAS  C:\Users\nello\AppData\Local\Temp\ccsMT4zx.s 			page 20


 1084 07e0 03       		.byte	0x3
 1085 07e1 83070000 		.4byte	0x783
 1086 07e5 0D       		.uleb128 0xd
 1087 07e6 D8070000 		.4byte	0x7d8
 1088 07ea 0C       		.uleb128 0xc
 1089 07eb 04       		.byte	0x4
 1090 07ec E5070000 		.4byte	0x7e5
 1091 07f0 13       		.uleb128 0x13
 1092 07f1 63683000 		.ascii	"ch0\000"
 1093 07f5 11       		.byte	0x11
 1094 07f6 4101     		.2byte	0x141
 1095 07f8 16       		.byte	0x16
 1096 07f9 42020000 		.4byte	0x242
 1097 07fd 03       		.uleb128 0x3
 1098 07fe 5C070000 		.4byte	.LASF115
 1099 0802 0E       		.byte	0xe
 1100 0803 34       		.byte	0x34
 1101 0804 10       		.byte	0x10
 1102 0805 09080000 		.4byte	0x809
 1103 0809 0C       		.uleb128 0xc
 1104 080a 04       		.byte	0x4
 1105 080b 0F080000 		.4byte	0x80f
 1106 080f 14       		.uleb128 0x14
 1107 0810 1A080000 		.4byte	0x81a
 1108 0814 15       		.uleb128 0x15
 1109 0815 95050000 		.4byte	0x595
 1110 0819 00       		.byte	0
 1111 081a 16       		.uleb128 0x16
 1112 081b 18       		.byte	0x18
 1113 081c 0E       		.byte	0xe
 1114 081d 39       		.byte	0x39
 1115 081e 09       		.byte	0x9
 1116 081f 72080000 		.4byte	0x872
 1117 0823 08       		.uleb128 0x8
 1118 0824 4C030000 		.4byte	.LASF32
 1119 0828 0E       		.byte	0xe
 1120 0829 3D       		.byte	0x3d
 1121 082a 16       		.byte	0x16
 1122 082b 1B030000 		.4byte	0x31b
 1123 082f 00       		.byte	0
 1124 0830 08       		.uleb128 0x8
 1125 0831 C5040000 		.4byte	.LASF116
 1126 0835 0E       		.byte	0xe
 1127 0836 41       		.byte	0x41
 1128 0837 16       		.byte	0x16
 1129 0838 8F050000 		.4byte	0x58f
 1130 083c 04       		.byte	0x4
 1131 083d 08       		.uleb128 0x8
 1132 083e D6000000 		.4byte	.LASF117
 1133 0842 0E       		.byte	0xe
 1134 0843 45       		.byte	0x45
 1135 0844 16       		.byte	0x16
 1136 0845 8F050000 		.4byte	0x58f
 1137 0849 08       		.byte	0x8
 1138 084a 08       		.uleb128 0x8
 1139 084b DC040000 		.4byte	.LASF71
 1140 084f 0E       		.byte	0xe
ARM GAS  C:\Users\nello\AppData\Local\Temp\ccsMT4zx.s 			page 21


 1141 0850 49       		.byte	0x49
 1142 0851 15       		.byte	0x15
 1143 0852 17010000 		.4byte	0x117
 1144 0856 0C       		.byte	0xc
 1145 0857 08       		.uleb128 0x8
 1146 0858 26000000 		.4byte	.LASF118
 1147 085c 0E       		.byte	0xe
 1148 085d 4D       		.byte	0x4d
 1149 085e 15       		.byte	0x15
 1150 085f FD070000 		.4byte	0x7fd
 1151 0863 10       		.byte	0x10
 1152 0864 07       		.uleb128 0x7
 1153 0865 61726700 		.ascii	"arg\000"
 1154 0869 0E       		.byte	0xe
 1155 086a 51       		.byte	0x51
 1156 086b 16       		.byte	0x16
 1157 086c 95050000 		.4byte	0x595
 1158 0870 14       		.byte	0x14
 1159 0871 00       		.byte	0
 1160 0872 03       		.uleb128 0x3
 1161 0873 A1000000 		.4byte	.LASF119
 1162 0877 0E       		.byte	0xe
 1163 0878 58       		.byte	0x58
 1164 0879 03       		.byte	0x3
 1165 087a 1A080000 		.4byte	0x81a
 1166 087e 0D       		.uleb128 0xd
 1167 087f 72080000 		.4byte	0x872
 1168 0883 03       		.uleb128 0x3
 1169 0884 BE020000 		.4byte	.LASF120
 1170 0888 0D       		.byte	0xd
 1171 0889 34       		.byte	0x34
 1172 088a 19       		.byte	0x19
 1173 088b 0A070000 		.4byte	0x70a
 1174 088f 0C       		.uleb128 0xc
 1175 0890 04       		.byte	0x4
 1176 0891 83080000 		.4byte	0x883
 1177 0895 04       		.uleb128 0x4
 1178 0896 01       		.byte	0x1
 1179 0897 02       		.byte	0x2
 1180 0898 52050000 		.4byte	.LASF121
 1181 089c 17       		.uleb128 0x17
 1182 089d 35000000 		.4byte	.LASF122
 1183 08a1 0F       		.byte	0xf
 1184 08a2 8A03     		.2byte	0x38a
 1185 08a4 06       		.byte	0x6
 1186 08a5 C4080000 		.4byte	0x8c4
 1187 08a9 18       		.uleb128 0x18
 1188 08aa 74717000 		.ascii	"tqp\000"
 1189 08ae 0F       		.byte	0xf
 1190 08af 8A03     		.2byte	0x38a
 1191 08b1 28       		.byte	0x28
 1192 08b2 C4080000 		.4byte	0x8c4
 1193 08b6 18       		.uleb128 0x18
 1194 08b7 6D736700 		.ascii	"msg\000"
 1195 08bb 0F       		.byte	0xf
 1196 08bc 8A03     		.2byte	0x38a
 1197 08be 33       		.byte	0x33
ARM GAS  C:\Users\nello\AppData\Local\Temp\ccsMT4zx.s 			page 22


 1198 08bf 23010000 		.4byte	0x123
 1199 08c3 00       		.byte	0
 1200 08c4 0C       		.uleb128 0xc
 1201 08c5 04       		.byte	0x4
 1202 08c6 2C060000 		.4byte	0x62c
 1203 08ca 17       		.uleb128 0x17
 1204 08cb 68020000 		.4byte	.LASF123
 1205 08cf 0F       		.byte	0xf
 1206 08d0 7B03     		.2byte	0x37b
 1207 08d2 06       		.byte	0x6
 1208 08d3 F2080000 		.4byte	0x8f2
 1209 08d7 18       		.uleb128 0x18
 1210 08d8 74717000 		.ascii	"tqp\000"
 1211 08dc 0F       		.byte	0xf
 1212 08dd 7B03     		.2byte	0x37b
 1213 08df 29       		.byte	0x29
 1214 08e0 C4080000 		.4byte	0x8c4
 1215 08e4 18       		.uleb128 0x18
 1216 08e5 6D736700 		.ascii	"msg\000"
 1217 08e9 0F       		.byte	0xf
 1218 08ea 7B03     		.2byte	0x37b
 1219 08ec 34       		.byte	0x34
 1220 08ed 23010000 		.4byte	0x123
 1221 08f1 00       		.byte	0
 1222 08f2 19       		.uleb128 0x19
 1223 08f3 08090000 		.4byte	.LASF130
 1224 08f7 0F       		.byte	0xf
 1225 08f8 6603     		.2byte	0x366
 1226 08fa 07       		.byte	0x7
 1227 08fb 23010000 		.4byte	0x123
 1228 08ff 2B090000 		.4byte	0x92b
 1229 0903 18       		.uleb128 0x18
 1230 0904 74717000 		.ascii	"tqp\000"
 1231 0908 0F       		.byte	0xf
 1232 0909 6603     		.2byte	0x366
 1233 090b 2D       		.byte	0x2d
 1234 090c C4080000 		.4byte	0x8c4
 1235 0910 1A       		.uleb128 0x1a
 1236 0911 2F030000 		.4byte	.LASF124
 1237 0915 0F       		.byte	0xf
 1238 0916 6603     		.2byte	0x366
 1239 0918 40       		.byte	0x40
 1240 0919 4A030000 		.4byte	0x34a
 1241 091d 1B       		.uleb128 0x1b
 1242 091e 6E030000 		.4byte	.LASF127
 1243 0922 0F       		.byte	0xf
 1244 0923 6703     		.2byte	0x367
 1245 0925 0D       		.byte	0xd
 1246 0926 0B060000 		.4byte	0x60b
 1247 092a 00       		.byte	0
 1248 092b 17       		.uleb128 0x17
 1249 092c 4B060000 		.4byte	.LASF125
 1250 0930 0F       		.byte	0xf
 1251 0931 4803     		.2byte	0x348
 1252 0933 06       		.byte	0x6
 1253 0934 53090000 		.4byte	0x953
 1254 0938 18       		.uleb128 0x18
ARM GAS  C:\Users\nello\AppData\Local\Temp\ccsMT4zx.s 			page 23


 1255 0939 74727000 		.ascii	"trp\000"
 1256 093d 0F       		.byte	0xf
 1257 093e 4803     		.2byte	0x348
 1258 0940 26       		.byte	0x26
 1259 0941 D6060000 		.4byte	0x6d6
 1260 0945 18       		.uleb128 0x18
 1261 0946 6D736700 		.ascii	"msg\000"
 1262 094a 0F       		.byte	0xf
 1263 094b 4803     		.2byte	0x348
 1264 094d 31       		.byte	0x31
 1265 094e 23010000 		.4byte	0x123
 1266 0952 00       		.byte	0
 1267 0953 17       		.uleb128 0x17
 1268 0954 A1020000 		.4byte	.LASF126
 1269 0958 0F       		.byte	0xf
 1270 0959 3203     		.2byte	0x332
 1271 095b 06       		.byte	0x6
 1272 095c 92090000 		.4byte	0x992
 1273 0960 18       		.uleb128 0x18
 1274 0961 74727000 		.ascii	"trp\000"
 1275 0965 0F       		.byte	0xf
 1276 0966 3203     		.2byte	0x332
 1277 0968 27       		.byte	0x27
 1278 0969 D6060000 		.4byte	0x6d6
 1279 096d 18       		.uleb128 0x18
 1280 096e 6D736700 		.ascii	"msg\000"
 1281 0972 0F       		.byte	0xf
 1282 0973 3203     		.2byte	0x332
 1283 0975 32       		.byte	0x32
 1284 0976 23010000 		.4byte	0x123
 1285 097a 1C       		.uleb128 0x1c
 1286 097b 03060000 		.4byte	.LASF129
 1287 097f A2090000 		.4byte	0x9a2
 1288 0983 1D       		.uleb128 0x1d
 1289 0984 1E       		.uleb128 0x1e
 1290 0985 747000   		.ascii	"tp\000"
 1291 0988 0F       		.byte	0xf
 1292 0989 3503     		.2byte	0x335
 1293 098b 0F       		.byte	0xf
 1294 098c 0B060000 		.4byte	0x60b
 1295 0990 00       		.byte	0
 1296 0991 00       		.byte	0
 1297 0992 1F       		.uleb128 0x1f
 1298 0993 2D030000 		.4byte	0x32d
 1299 0997 A2090000 		.4byte	0x9a2
 1300 099b 20       		.uleb128 0x20
 1301 099c 30000000 		.4byte	0x30
 1302 09a0 0C       		.byte	0xc
 1303 09a1 00       		.byte	0
 1304 09a2 0D       		.uleb128 0xd
 1305 09a3 92090000 		.4byte	0x992
 1306 09a7 17       		.uleb128 0x17
 1307 09a8 8F020000 		.4byte	.LASF128
 1308 09ac 0F       		.byte	0xf
 1309 09ad 1B03     		.2byte	0x31b
 1310 09af 06       		.byte	0x6
 1311 09b0 E6090000 		.4byte	0x9e6
ARM GAS  C:\Users\nello\AppData\Local\Temp\ccsMT4zx.s 			page 24


 1312 09b4 18       		.uleb128 0x18
 1313 09b5 74727000 		.ascii	"trp\000"
 1314 09b9 0F       		.byte	0xf
 1315 09ba 1B03     		.2byte	0x31b
 1316 09bc 27       		.byte	0x27
 1317 09bd D6060000 		.4byte	0x6d6
 1318 09c1 18       		.uleb128 0x18
 1319 09c2 6D736700 		.ascii	"msg\000"
 1320 09c6 0F       		.byte	0xf
 1321 09c7 1B03     		.2byte	0x31b
 1322 09c9 32       		.byte	0x32
 1323 09ca 23010000 		.4byte	0x123
 1324 09ce 1C       		.uleb128 0x1c
 1325 09cf 03060000 		.4byte	.LASF129
 1326 09d3 A2090000 		.4byte	0x9a2
 1327 09d7 1D       		.uleb128 0x1d
 1328 09d8 1E       		.uleb128 0x1e
 1329 09d9 747000   		.ascii	"tp\000"
 1330 09dc 0F       		.byte	0xf
 1331 09dd 1E03     		.2byte	0x31e
 1332 09df 0F       		.byte	0xf
 1333 09e0 0B060000 		.4byte	0x60b
 1334 09e4 00       		.byte	0
 1335 09e5 00       		.byte	0
 1336 09e6 19       		.uleb128 0x19
 1337 09e7 36040000 		.4byte	.LASF131
 1338 09eb 0F       		.byte	0xf
 1339 09ec 0203     		.2byte	0x302
 1340 09ee 07       		.byte	0x7
 1341 09ef 23010000 		.4byte	0x123
 1342 09f3 270A0000 		.4byte	0xa27
 1343 09f7 18       		.uleb128 0x18
 1344 09f8 74727000 		.ascii	"trp\000"
 1345 09fc 0F       		.byte	0xf
 1346 09fd 0203     		.2byte	0x302
 1347 09ff 30       		.byte	0x30
 1348 0a00 D6060000 		.4byte	0x6d6
 1349 0a04 1A       		.uleb128 0x1a
 1350 0a05 2F030000 		.4byte	.LASF124
 1351 0a09 0F       		.byte	0xf
 1352 0a0a 0203     		.2byte	0x302
 1353 0a0c 43       		.byte	0x43
 1354 0a0d 4A030000 		.4byte	0x34a
 1355 0a11 1E       		.uleb128 0x1e
 1356 0a12 747000   		.ascii	"tp\000"
 1357 0a15 0F       		.byte	0xf
 1358 0a16 0303     		.2byte	0x303
 1359 0a18 0D       		.byte	0xd
 1360 0a19 0B060000 		.4byte	0x60b
 1361 0a1d 1C       		.uleb128 0x1c
 1362 0a1e 03060000 		.4byte	.LASF129
 1363 0a22 370A0000 		.4byte	0xa37
 1364 0a26 00       		.byte	0
 1365 0a27 1F       		.uleb128 0x1f
 1366 0a28 2D030000 		.4byte	0x32d
 1367 0a2c 370A0000 		.4byte	0xa37
 1368 0a30 20       		.uleb128 0x20
ARM GAS  C:\Users\nello\AppData\Local\Temp\ccsMT4zx.s 			page 25


 1369 0a31 30000000 		.4byte	0x30
 1370 0a35 14       		.byte	0x14
 1371 0a36 00       		.byte	0
 1372 0a37 0D       		.uleb128 0xd
 1373 0a38 270A0000 		.4byte	0xa27
 1374 0a3c 19       		.uleb128 0x19
 1375 0a3d F7040000 		.4byte	.LASF132
 1376 0a41 0F       		.byte	0xf
 1377 0a42 E302     		.2byte	0x2e3
 1378 0a44 07       		.byte	0x7
 1379 0a45 23010000 		.4byte	0x123
 1380 0a49 700A0000 		.4byte	0xa70
 1381 0a4d 18       		.uleb128 0x18
 1382 0a4e 74727000 		.ascii	"trp\000"
 1383 0a52 0F       		.byte	0xf
 1384 0a53 E302     		.2byte	0x2e3
 1385 0a55 29       		.byte	0x29
 1386 0a56 D6060000 		.4byte	0x6d6
 1387 0a5a 1E       		.uleb128 0x1e
 1388 0a5b 747000   		.ascii	"tp\000"
 1389 0a5e 0F       		.byte	0xf
 1390 0a5f E402     		.2byte	0x2e4
 1391 0a61 0D       		.byte	0xd
 1392 0a62 0B060000 		.4byte	0x60b
 1393 0a66 1C       		.uleb128 0x1c
 1394 0a67 03060000 		.4byte	.LASF129
 1395 0a6b 800A0000 		.4byte	0xa80
 1396 0a6f 00       		.byte	0
 1397 0a70 1F       		.uleb128 0x1f
 1398 0a71 2D030000 		.4byte	0x32d
 1399 0a75 800A0000 		.4byte	0xa80
 1400 0a79 20       		.uleb128 0x20
 1401 0a7a 30000000 		.4byte	0x30
 1402 0a7e 0D       		.byte	0xd
 1403 0a7f 00       		.byte	0
 1404 0a80 0D       		.uleb128 0xd
 1405 0a81 700A0000 		.4byte	0xa70
 1406 0a85 21       		.uleb128 0x21
 1407 0a86 AE080000 		.4byte	.LASF183
 1408 0a8a 0F       		.byte	0xf
 1409 0a8b D202     		.2byte	0x2d2
 1410 0a8d 06       		.byte	0x6
 1411 0a8e 19       		.uleb128 0x19
 1412 0a8f 70000000 		.4byte	.LASF133
 1413 0a93 0F       		.byte	0xf
 1414 0a94 BE02     		.2byte	0x2be
 1415 0a96 0B       		.byte	0xb
 1416 0a97 3E030000 		.4byte	0x33e
 1417 0a9b C70A0000 		.4byte	0xac7
 1418 0a9f 1A       		.uleb128 0x1a
 1419 0aa0 50000000 		.4byte	.LASF68
 1420 0aa4 0F       		.byte	0xf
 1421 0aa5 BE02     		.2byte	0x2be
 1422 0aa7 2D       		.byte	0x2d
 1423 0aa8 3E030000 		.4byte	0x33e
 1424 0aac 1A       		.uleb128 0x1a
 1425 0aad 24010000 		.4byte	.LASF65
ARM GAS  C:\Users\nello\AppData\Local\Temp\ccsMT4zx.s 			page 26


 1426 0ab1 0F       		.byte	0xf
 1427 0ab2 BE02     		.2byte	0x2be
 1428 0ab4 3D       		.byte	0x3d
 1429 0ab5 3E030000 		.4byte	0x33e
 1430 0ab9 1B       		.uleb128 0x1b
 1431 0aba D7040000 		.4byte	.LASF134
 1432 0abe 0F       		.byte	0xf
 1433 0abf BF02     		.2byte	0x2bf
 1434 0ac1 0D       		.byte	0xd
 1435 0ac2 3E030000 		.4byte	0x33e
 1436 0ac6 00       		.byte	0
 1437 0ac7 17       		.uleb128 0x17
 1438 0ac8 80060000 		.4byte	.LASF135
 1439 0acc 0F       		.byte	0xf
 1440 0acd A502     		.2byte	0x2a5
 1441 0acf 06       		.byte	0x6
 1442 0ad0 EF0A0000 		.4byte	0xaef
 1443 0ad4 1A       		.uleb128 0x1a
 1444 0ad5 D7040000 		.4byte	.LASF134
 1445 0ad9 0F       		.byte	0xf
 1446 0ada A502     		.2byte	0x2a5
 1447 0adc 20       		.byte	0x20
 1448 0add 3E030000 		.4byte	0x33e
 1449 0ae1 1B       		.uleb128 0x1b
 1450 0ae2 86020000 		.4byte	.LASF136
 1451 0ae6 0F       		.byte	0xf
 1452 0ae7 A602     		.2byte	0x2a6
 1453 0ae9 11       		.byte	0x11
 1454 0aea 4A030000 		.4byte	0x34a
 1455 0aee 00       		.byte	0
 1456 0aef 17       		.uleb128 0x17
 1457 0af0 EC040000 		.4byte	.LASF137
 1458 0af4 0F       		.byte	0xf
 1459 0af5 9102     		.2byte	0x291
 1460 0af7 06       		.byte	0x6
 1461 0af8 0A0B0000 		.4byte	0xb0a
 1462 0afc 1A       		.uleb128 0x1a
 1463 0afd D7040000 		.4byte	.LASF134
 1464 0b01 0F       		.byte	0xf
 1465 0b02 9102     		.2byte	0x291
 1466 0b04 1F       		.byte	0x1f
 1467 0b05 4A030000 		.4byte	0x34a
 1468 0b09 00       		.byte	0
 1469 0b0a 17       		.uleb128 0x17
 1470 0b0b A1030000 		.4byte	.LASF138
 1471 0b0f 0F       		.byte	0xf
 1472 0b10 7E02     		.2byte	0x27e
 1473 0b12 06       		.byte	0x6
 1474 0b13 240B0000 		.4byte	0xb24
 1475 0b17 18       		.uleb128 0x18
 1476 0b18 747000   		.ascii	"tp\000"
 1477 0b1b 0F       		.byte	0xf
 1478 0b1c 7E02     		.2byte	0x27e
 1479 0b1e 1F       		.byte	0x1f
 1480 0b1f 0B060000 		.4byte	0x60b
 1481 0b23 00       		.byte	0
 1482 0b24 19       		.uleb128 0x19
ARM GAS  C:\Users\nello\AppData\Local\Temp\ccsMT4zx.s 			page 27


 1483 0b25 C6020000 		.4byte	.LASF139
 1484 0b29 0F       		.byte	0xf
 1485 0b2a 5A02     		.2byte	0x25a
 1486 0b2c 09       		.byte	0x9
 1487 0b2d 17010000 		.4byte	0x117
 1488 0b31 660B0000 		.4byte	0xb66
 1489 0b35 1A       		.uleb128 0x1a
 1490 0b36 91030000 		.4byte	.LASF140
 1491 0b3a 0F       		.byte	0xf
 1492 0b3b 5A02     		.2byte	0x25a
 1493 0b3d 22       		.byte	0x22
 1494 0b3e 17010000 		.4byte	0x117
 1495 0b42 1B       		.uleb128 0x1b
 1496 0b43 6E030000 		.4byte	.LASF127
 1497 0b47 0F       		.byte	0xf
 1498 0b48 5B02     		.2byte	0x25b
 1499 0b4a 0D       		.byte	0xd
 1500 0b4b 0B060000 		.4byte	0x60b
 1501 0b4f 1B       		.uleb128 0x1b
 1502 0b50 DE030000 		.4byte	.LASF141
 1503 0b54 0F       		.byte	0xf
 1504 0b55 5C02     		.2byte	0x25c
 1505 0b57 0B       		.byte	0xb
 1506 0b58 17010000 		.4byte	0x117
 1507 0b5c 1C       		.uleb128 0x1c
 1508 0b5d 03060000 		.4byte	.LASF129
 1509 0b61 760B0000 		.4byte	0xb76
 1510 0b65 00       		.byte	0
 1511 0b66 1F       		.uleb128 0x1f
 1512 0b67 2D030000 		.4byte	0x32d
 1513 0b6b 760B0000 		.4byte	0xb76
 1514 0b6f 20       		.uleb128 0x20
 1515 0b70 30000000 		.4byte	0x30
 1516 0b74 10       		.byte	0x10
 1517 0b75 00       		.byte	0
 1518 0b76 0D       		.uleb128 0xd
 1519 0b77 660B0000 		.4byte	0xb66
 1520 0b7b 19       		.uleb128 0x19
 1521 0b7c 3D080000 		.4byte	.LASF142
 1522 0b80 0F       		.byte	0xf
 1523 0b81 3202     		.2byte	0x232
 1524 0b83 07       		.byte	0x7
 1525 0b84 23010000 		.4byte	0x123
 1526 0b88 BC0B0000 		.4byte	0xbbc
 1527 0b8c 18       		.uleb128 0x18
 1528 0b8d 747000   		.ascii	"tp\000"
 1529 0b90 0F       		.byte	0xf
 1530 0b91 3202     		.2byte	0x232
 1531 0b93 1B       		.byte	0x1b
 1532 0b94 0B060000 		.4byte	0x60b
 1533 0b98 1B       		.uleb128 0x1b
 1534 0b99 6E030000 		.4byte	.LASF127
 1535 0b9d 0F       		.byte	0xf
 1536 0b9e 3302     		.2byte	0x233
 1537 0ba0 0D       		.byte	0xd
 1538 0ba1 0B060000 		.4byte	0x60b
 1539 0ba5 1E       		.uleb128 0x1e
ARM GAS  C:\Users\nello\AppData\Local\Temp\ccsMT4zx.s 			page 28


 1540 0ba6 6D736700 		.ascii	"msg\000"
 1541 0baa 0F       		.byte	0xf
 1542 0bab 3402     		.2byte	0x234
 1543 0bad 09       		.byte	0x9
 1544 0bae 23010000 		.4byte	0x123
 1545 0bb2 1C       		.uleb128 0x1c
 1546 0bb3 03060000 		.4byte	.LASF129
 1547 0bb7 CC0B0000 		.4byte	0xbcc
 1548 0bbb 00       		.byte	0
 1549 0bbc 1F       		.uleb128 0x1f
 1550 0bbd 2D030000 		.4byte	0x32d
 1551 0bc1 CC0B0000 		.4byte	0xbcc
 1552 0bc5 20       		.uleb128 0x20
 1553 0bc6 30000000 		.4byte	0x30
 1554 0bca 09       		.byte	0x9
 1555 0bcb 00       		.byte	0
 1556 0bcc 0D       		.uleb128 0xd
 1557 0bcd BC0B0000 		.4byte	0xbbc
 1558 0bd1 17       		.uleb128 0x17
 1559 0bd2 1D090000 		.4byte	.LASF143
 1560 0bd6 0F       		.byte	0xf
 1561 0bd7 F901     		.2byte	0x1f9
 1562 0bd9 06       		.byte	0x6
 1563 0bda 020C0000 		.4byte	0xc02
 1564 0bde 18       		.uleb128 0x18
 1565 0bdf 6D736700 		.ascii	"msg\000"
 1566 0be3 0F       		.byte	0xf
 1567 0be4 F901     		.2byte	0x1f9
 1568 0be6 17       		.byte	0x17
 1569 0be7 23010000 		.4byte	0x123
 1570 0beb 1B       		.uleb128 0x1b
 1571 0bec 6E030000 		.4byte	.LASF127
 1572 0bf0 0F       		.byte	0xf
 1573 0bf1 FA01     		.2byte	0x1fa
 1574 0bf3 0D       		.byte	0xd
 1575 0bf4 0B060000 		.4byte	0x60b
 1576 0bf8 1C       		.uleb128 0x1c
 1577 0bf9 03060000 		.4byte	.LASF129
 1578 0bfd 120C0000 		.4byte	0xc12
 1579 0c01 00       		.byte	0
 1580 0c02 1F       		.uleb128 0x1f
 1581 0c03 2D030000 		.4byte	0x32d
 1582 0c07 120C0000 		.4byte	0xc12
 1583 0c0b 20       		.uleb128 0x20
 1584 0c0c 30000000 		.4byte	0x30
 1585 0c10 0A       		.byte	0xa
 1586 0c11 00       		.byte	0
 1587 0c12 0D       		.uleb128 0xd
 1588 0c13 020C0000 		.4byte	0xc02
 1589 0c17 17       		.uleb128 0x17
 1590 0c18 7D010000 		.4byte	.LASF144
 1591 0c1c 0F       		.byte	0xf
 1592 0c1d E101     		.2byte	0x1e1
 1593 0c1f 06       		.byte	0x6
 1594 0c20 320C0000 		.4byte	0xc32
 1595 0c24 18       		.uleb128 0x18
 1596 0c25 6D736700 		.ascii	"msg\000"
ARM GAS  C:\Users\nello\AppData\Local\Temp\ccsMT4zx.s 			page 29


 1597 0c29 0F       		.byte	0xf
 1598 0c2a E101     		.2byte	0x1e1
 1599 0c2c 16       		.byte	0x16
 1600 0c2d 23010000 		.4byte	0x123
 1601 0c31 00       		.byte	0
 1602 0c32 17       		.uleb128 0x17
 1603 0c33 16060000 		.4byte	.LASF145
 1604 0c37 0F       		.byte	0xf
 1605 0c38 AF01     		.2byte	0x1af
 1606 0c3a 06       		.byte	0x6
 1607 0c3b 550C0000 		.4byte	0xc55
 1608 0c3f 18       		.uleb128 0x18
 1609 0c40 747000   		.ascii	"tp\000"
 1610 0c43 0F       		.byte	0xf
 1611 0c44 AF01     		.2byte	0x1af
 1612 0c46 1D       		.byte	0x1d
 1613 0c47 0B060000 		.4byte	0x60b
 1614 0c4b 1C       		.uleb128 0x1c
 1615 0c4c 03060000 		.4byte	.LASF129
 1616 0c50 A2090000 		.4byte	0x9a2
 1617 0c54 00       		.byte	0
 1618 0c55 19       		.uleb128 0x19
 1619 0c56 D2030000 		.4byte	.LASF146
 1620 0c5a 0F       		.byte	0xf
 1621 0c5b 9501     		.2byte	0x195
 1622 0c5d 0B       		.byte	0xb
 1623 0c5e 0B060000 		.4byte	0x60b
 1624 0c62 7C0C0000 		.4byte	0xc7c
 1625 0c66 18       		.uleb128 0x18
 1626 0c67 747000   		.ascii	"tp\000"
 1627 0c6a 0F       		.byte	0xf
 1628 0c6b 9501     		.2byte	0x195
 1629 0c6d 21       		.byte	0x21
 1630 0c6e 0B060000 		.4byte	0x60b
 1631 0c72 1C       		.uleb128 0x1c
 1632 0c73 03060000 		.4byte	.LASF129
 1633 0c77 8C0C0000 		.4byte	0xc8c
 1634 0c7b 00       		.byte	0
 1635 0c7c 1F       		.uleb128 0x1f
 1636 0c7d 2D030000 		.4byte	0x32d
 1637 0c81 8C0C0000 		.4byte	0xc8c
 1638 0c85 20       		.uleb128 0x20
 1639 0c86 30000000 		.4byte	0x30
 1640 0c8a 0B       		.byte	0xb
 1641 0c8b 00       		.byte	0
 1642 0c8c 0D       		.uleb128 0xd
 1643 0c8d 7C0C0000 		.4byte	0xc7c
 1644 0c91 19       		.uleb128 0x19
 1645 0c92 E1040000 		.4byte	.LASF147
 1646 0c96 0F       		.byte	0xf
 1647 0c97 7F01     		.2byte	0x17f
 1648 0c99 0B       		.byte	0xb
 1649 0c9a 0B060000 		.4byte	0x60b
 1650 0c9e B80C0000 		.4byte	0xcb8
 1651 0ca2 18       		.uleb128 0x18
 1652 0ca3 747000   		.ascii	"tp\000"
 1653 0ca6 0F       		.byte	0xf
ARM GAS  C:\Users\nello\AppData\Local\Temp\ccsMT4zx.s 			page 30


 1654 0ca7 7F01     		.2byte	0x17f
 1655 0ca9 20       		.byte	0x20
 1656 0caa 0B060000 		.4byte	0x60b
 1657 0cae 1C       		.uleb128 0x1c
 1658 0caf 03060000 		.4byte	.LASF129
 1659 0cb3 120C0000 		.4byte	0xc12
 1660 0cb7 00       		.byte	0
 1661 0cb8 19       		.uleb128 0x19
 1662 0cb9 01040000 		.4byte	.LASF148
 1663 0cbd 0F       		.byte	0xf
 1664 0cbe 4901     		.2byte	0x149
 1665 0cc0 0B       		.byte	0xb
 1666 0cc1 0B060000 		.4byte	0x60b
 1667 0cc5 1F0D0000 		.4byte	0xd1f
 1668 0cc9 18       		.uleb128 0x18
 1669 0cca 77737000 		.ascii	"wsp\000"
 1670 0cce 0F       		.byte	0xf
 1671 0ccf 4901     		.2byte	0x149
 1672 0cd1 23       		.byte	0x23
 1673 0cd2 95050000 		.4byte	0x595
 1674 0cd6 1A       		.uleb128 0x1a
 1675 0cd7 57030000 		.4byte	.LASF149
 1676 0cdb 0F       		.byte	0xf
 1677 0cdc 4901     		.2byte	0x149
 1678 0cde 2F       		.byte	0x2f
 1679 0cdf 24000000 		.4byte	0x24
 1680 0ce3 1A       		.uleb128 0x1a
 1681 0ce4 DC040000 		.4byte	.LASF71
 1682 0ce8 0F       		.byte	0xf
 1683 0ce9 4A01     		.2byte	0x14a
 1684 0ceb 25       		.byte	0x25
 1685 0cec 17010000 		.4byte	0x117
 1686 0cf0 18       		.uleb128 0x18
 1687 0cf1 706600   		.ascii	"pf\000"
 1688 0cf4 0F       		.byte	0xf
 1689 0cf5 4A01     		.2byte	0x14a
 1690 0cf7 33       		.byte	0x33
 1691 0cf8 FD070000 		.4byte	0x7fd
 1692 0cfc 18       		.uleb128 0x18
 1693 0cfd 61726700 		.ascii	"arg\000"
 1694 0d01 0F       		.byte	0xf
 1695 0d02 4A01     		.2byte	0x14a
 1696 0d04 3D       		.byte	0x3d
 1697 0d05 95050000 		.4byte	0x595
 1698 0d09 1E       		.uleb128 0x1e
 1699 0d0a 747000   		.ascii	"tp\000"
 1700 0d0d 0F       		.byte	0xf
 1701 0d0e 4B01     		.2byte	0x14b
 1702 0d10 0D       		.byte	0xd
 1703 0d11 0B060000 		.4byte	0x60b
 1704 0d15 1C       		.uleb128 0x1c
 1705 0d16 03060000 		.4byte	.LASF129
 1706 0d1a 2F0D0000 		.4byte	0xd2f
 1707 0d1e 00       		.byte	0
 1708 0d1f 1F       		.uleb128 0x1f
 1709 0d20 2D030000 		.4byte	0x32d
 1710 0d24 2F0D0000 		.4byte	0xd2f
ARM GAS  C:\Users\nello\AppData\Local\Temp\ccsMT4zx.s 			page 31


 1711 0d28 20       		.uleb128 0x20
 1712 0d29 30000000 		.4byte	0x30
 1713 0d2d 11       		.byte	0x11
 1714 0d2e 00       		.byte	0
 1715 0d2f 0D       		.uleb128 0xd
 1716 0d30 1F0D0000 		.4byte	0xd1f
 1717 0d34 19       		.uleb128 0x19
 1718 0d35 10050000 		.4byte	.LASF150
 1719 0d39 0F       		.byte	0xf
 1720 0d3a 2001     		.2byte	0x120
 1721 0d3c 0B       		.byte	0xb
 1722 0d3d 0B060000 		.4byte	0x60b
 1723 0d41 680D0000 		.4byte	0xd68
 1724 0d45 18       		.uleb128 0x18
 1725 0d46 74647000 		.ascii	"tdp\000"
 1726 0d4a 0F       		.byte	0xf
 1727 0d4b 2001     		.2byte	0x120
 1728 0d4d 32       		.byte	0x32
 1729 0d4e 680D0000 		.4byte	0xd68
 1730 0d52 1E       		.uleb128 0x1e
 1731 0d53 747000   		.ascii	"tp\000"
 1732 0d56 0F       		.byte	0xf
 1733 0d57 2101     		.2byte	0x121
 1734 0d59 0D       		.byte	0xd
 1735 0d5a 0B060000 		.4byte	0x60b
 1736 0d5e 1C       		.uleb128 0x1c
 1737 0d5f 03060000 		.4byte	.LASF129
 1738 0d63 8C0C0000 		.4byte	0xc8c
 1739 0d67 00       		.byte	0
 1740 0d68 0C       		.uleb128 0xc
 1741 0d69 04       		.byte	0x4
 1742 0d6a 7E080000 		.4byte	0x87e
 1743 0d6e 19       		.uleb128 0x19
 1744 0d6f D4010000 		.4byte	.LASF151
 1745 0d73 0F       		.byte	0xf
 1746 0d74 0B01     		.2byte	0x10b
 1747 0d76 0B       		.byte	0xb
 1748 0d77 0B060000 		.4byte	0x60b
 1749 0d7b 8D0D0000 		.4byte	0xd8d
 1750 0d7f 18       		.uleb128 0x18
 1751 0d80 74647000 		.ascii	"tdp\000"
 1752 0d84 0F       		.byte	0xf
 1753 0d85 0B01     		.2byte	0x10b
 1754 0d87 33       		.byte	0x33
 1755 0d88 680D0000 		.4byte	0xd68
 1756 0d8c 00       		.byte	0
 1757 0d8d 22       		.uleb128 0x22
 1758 0d8e 37030000 		.4byte	.LASF152
 1759 0d92 0F       		.byte	0xf
 1760 0d93 E2       		.byte	0xe2
 1761 0d94 0B       		.byte	0xb
 1762 0d95 0B060000 		.4byte	0x60b
 1763 0d99 BE0D0000 		.4byte	0xdbe
 1764 0d9d 23       		.uleb128 0x23
 1765 0d9e 74647000 		.ascii	"tdp\000"
 1766 0da2 0F       		.byte	0xf
 1767 0da3 E2       		.byte	0xe2
ARM GAS  C:\Users\nello\AppData\Local\Temp\ccsMT4zx.s 			page 32


 1768 0da4 3B       		.byte	0x3b
 1769 0da5 680D0000 		.4byte	0xd68
 1770 0da9 24       		.uleb128 0x24
 1771 0daa 747000   		.ascii	"tp\000"
 1772 0dad 0F       		.byte	0xf
 1773 0dae E3       		.byte	0xe3
 1774 0daf 0D       		.byte	0xd
 1775 0db0 0B060000 		.4byte	0x60b
 1776 0db4 1C       		.uleb128 0x1c
 1777 0db5 03060000 		.4byte	.LASF129
 1778 0db9 370A0000 		.4byte	0xa37
 1779 0dbd 00       		.byte	0
 1780 0dbe 22       		.uleb128 0x22
 1781 0dbf 95010000 		.4byte	.LASF153
 1782 0dc3 0F       		.byte	0xf
 1783 0dc4 AB       		.byte	0xab
 1784 0dc5 0B       		.byte	0xb
 1785 0dc6 0B060000 		.4byte	0x60b
 1786 0dca EF0D0000 		.4byte	0xdef
 1787 0dce 23       		.uleb128 0x23
 1788 0dcf 74647000 		.ascii	"tdp\000"
 1789 0dd3 0F       		.byte	0xf
 1790 0dd4 AB       		.byte	0xab
 1791 0dd5 3C       		.byte	0x3c
 1792 0dd6 680D0000 		.4byte	0xd68
 1793 0dda 24       		.uleb128 0x24
 1794 0ddb 747000   		.ascii	"tp\000"
 1795 0dde 0F       		.byte	0xf
 1796 0ddf AC       		.byte	0xac
 1797 0de0 0D       		.byte	0xd
 1798 0de1 0B060000 		.4byte	0x60b
 1799 0de5 1C       		.uleb128 0x1c
 1800 0de6 03060000 		.4byte	.LASF129
 1801 0dea FF0D0000 		.4byte	0xdff
 1802 0dee 00       		.byte	0
 1803 0def 1F       		.uleb128 0x1f
 1804 0df0 2D030000 		.4byte	0x32d
 1805 0df4 FF0D0000 		.4byte	0xdff
 1806 0df8 20       		.uleb128 0x20
 1807 0df9 30000000 		.4byte	0x30
 1808 0dfd 15       		.byte	0x15
 1809 0dfe 00       		.byte	0
 1810 0dff 0D       		.uleb128 0xd
 1811 0e00 EF0D0000 		.4byte	0xdef
 1812 0e04 22       		.uleb128 0x22
 1813 0e05 EA050000 		.4byte	.LASF154
 1814 0e09 0F       		.byte	0xf
 1815 0e0a 59       		.byte	0x59
 1816 0e0b 0B       		.byte	0xb
 1817 0e0c 0B060000 		.4byte	0x60b
 1818 0e10 440E0000 		.4byte	0xe44
 1819 0e14 23       		.uleb128 0x23
 1820 0e15 6F697000 		.ascii	"oip\000"
 1821 0e19 0F       		.byte	0xf
 1822 0e1a 59       		.byte	0x59
 1823 0e1b 2C       		.byte	0x2c
 1824 0e1c 45070000 		.4byte	0x745
ARM GAS  C:\Users\nello\AppData\Local\Temp\ccsMT4zx.s 			page 33


 1825 0e20 23       		.uleb128 0x23
 1826 0e21 747000   		.ascii	"tp\000"
 1827 0e24 0F       		.byte	0xf
 1828 0e25 5A       		.byte	0x5a
 1829 0e26 27       		.byte	0x27
 1830 0e27 0B060000 		.4byte	0x60b
 1831 0e2b 25       		.uleb128 0x25
 1832 0e2c 4C030000 		.4byte	.LASF32
 1833 0e30 0F       		.byte	0xf
 1834 0e31 5B       		.byte	0x5b
 1835 0e32 29       		.byte	0x29
 1836 0e33 1B030000 		.4byte	0x31b
 1837 0e37 25       		.uleb128 0x25
 1838 0e38 DC040000 		.4byte	.LASF71
 1839 0e3c 0F       		.byte	0xf
 1840 0e3d 5C       		.byte	0x5c
 1841 0e3e 25       		.byte	0x25
 1842 0e3f 17010000 		.4byte	0x117
 1843 0e43 00       		.byte	0
 1844 0e44 26       		.uleb128 0x26
 1845 0e45 6D070000 		.4byte	.LASF155
 1846 0e49 0E       		.byte	0xe
 1847 0e4a EE01     		.2byte	0x1ee
 1848 0e4c 14       		.byte	0x14
 1849 0e4d 810E0000 		.4byte	0xe81
 1850 0e51 18       		.uleb128 0x18
 1851 0e52 74717000 		.ascii	"tqp\000"
 1852 0e56 0E       		.byte	0xe
 1853 0e57 EE01     		.2byte	0x1ee
 1854 0e59 39       		.byte	0x39
 1855 0e5a C4080000 		.4byte	0x8c4
 1856 0e5e 18       		.uleb128 0x18
 1857 0e5f 6D736700 		.ascii	"msg\000"
 1858 0e63 0E       		.byte	0xe
 1859 0e64 EE01     		.2byte	0x1ee
 1860 0e66 44       		.byte	0x44
 1861 0e67 23010000 		.4byte	0x123
 1862 0e6b 1E       		.uleb128 0x1e
 1863 0e6c 747000   		.ascii	"tp\000"
 1864 0e6f 0E       		.byte	0xe
 1865 0e70 EF01     		.2byte	0x1ef
 1866 0e72 0D       		.byte	0xd
 1867 0e73 0B060000 		.4byte	0x60b
 1868 0e77 1C       		.uleb128 0x1c
 1869 0e78 03060000 		.4byte	.LASF129
 1870 0e7c 910E0000 		.4byte	0xe91
 1871 0e80 00       		.byte	0
 1872 0e81 1F       		.uleb128 0x1f
 1873 0e82 2D030000 		.4byte	0x32d
 1874 0e86 910E0000 		.4byte	0xe91
 1875 0e8a 20       		.uleb128 0x20
 1876 0e8b 30000000 		.4byte	0x30
 1877 0e8f 13       		.byte	0x13
 1878 0e90 00       		.byte	0
 1879 0e91 0D       		.uleb128 0xd
 1880 0e92 810E0000 		.4byte	0xe81
 1881 0e96 26       		.uleb128 0x26
ARM GAS  C:\Users\nello\AppData\Local\Temp\ccsMT4zx.s 			page 34


 1882 0e97 23030000 		.4byte	.LASF156
 1883 0e9b 0E       		.byte	0xe
 1884 0e9c BF01     		.2byte	0x1bf
 1885 0e9e 14       		.byte	0x14
 1886 0e9f BA0E0000 		.4byte	0xeba
 1887 0ea3 1A       		.uleb128 0x1a
 1888 0ea4 81040000 		.4byte	.LASF157
 1889 0ea8 0E       		.byte	0xe
 1890 0ea9 BF01     		.2byte	0x1bf
 1891 0eab 2E       		.byte	0x2e
 1892 0eac 4A030000 		.4byte	0x34a
 1893 0eb0 1C       		.uleb128 0x1c
 1894 0eb1 03060000 		.4byte	.LASF129
 1895 0eb5 8C0C0000 		.4byte	0xc8c
 1896 0eb9 00       		.byte	0
 1897 0eba 27       		.uleb128 0x27
 1898 0ebb D0050000 		.4byte	.LASF167
 1899 0ebf 0E       		.byte	0xe
 1900 0ec0 8201     		.2byte	0x182
 1901 0ec2 1B       		.byte	0x1b
 1902 0ec3 8F050000 		.4byte	0x58f
 1903 0ec7 D80E0000 		.4byte	0xed8
 1904 0ecb 18       		.uleb128 0x18
 1905 0ecc 747000   		.ascii	"tp\000"
 1906 0ecf 0E       		.byte	0xe
 1907 0ed0 8201     		.2byte	0x182
 1908 0ed2 3A       		.byte	0x3a
 1909 0ed3 0B060000 		.4byte	0x60b
 1910 0ed7 00       		.byte	0
 1911 0ed8 28       		.uleb128 0x28
 1912 0ed9 92080000 		.4byte	.LASF158
 1913 0edd 0E       		.byte	0xe
 1914 0ede 5501     		.2byte	0x155
 1915 0ee0 19       		.byte	0x19
 1916 0ee1 0B060000 		.4byte	0x60b
 1917 0ee5 29       		.uleb128 0x29
 1918 0ee6 DD020000 		.4byte	.LASF159
 1919 0eea 10       		.byte	0x10
 1920 0eeb 7A       		.byte	0x7a
 1921 0eec 19       		.byte	0x19
 1922 0eed 3E030000 		.4byte	0x33e
 1923 0ef1 26       		.uleb128 0x26
 1924 0ef2 C0080000 		.4byte	.LASF160
 1925 0ef6 11       		.byte	0x11
 1926 0ef7 A501     		.2byte	0x1a5
 1927 0ef9 14       		.byte	0x14
 1928 0efa 080F0000 		.4byte	0xf08
 1929 0efe 1C       		.uleb128 0x1c
 1930 0eff 03060000 		.4byte	.LASF129
 1931 0f03 8C0C0000 		.4byte	0xc8c
 1932 0f07 00       		.byte	0
 1933 0f08 2A       		.uleb128 0x2a
 1934 0f09 0C060000 		.4byte	.LASF162
 1935 0f0d 11       		.byte	0x11
 1936 0f0e 9701     		.2byte	0x197
 1937 0f10 14       		.byte	0x14
 1938 0f11 29       		.uleb128 0x29
ARM GAS  C:\Users\nello\AppData\Local\Temp\ccsMT4zx.s 			page 35


 1939 0f12 29080000 		.4byte	.LASF161
 1940 0f16 12       		.byte	0x12
 1941 0f17 6F       		.byte	0x6f
 1942 0f18 19       		.byte	0x19
 1943 0f19 3E030000 		.4byte	0x33e
 1944 0f1d 2A       		.uleb128 0x2a
 1945 0f1e C8010000 		.4byte	.LASF163
 1946 0f22 0B       		.byte	0xb
 1947 0f23 1F03     		.2byte	0x31f
 1948 0f25 1B       		.byte	0x1b
 1949 0f26 2A       		.uleb128 0x2a
 1950 0f27 D7080000 		.4byte	.LASF164
 1951 0f2b 0B       		.byte	0xb
 1952 0f2c 0B03     		.2byte	0x30b
 1953 0f2e 1B       		.byte	0x1b
 1954 0f2f 26       		.uleb128 0x26
 1955 0f30 A6070000 		.4byte	.LASF165
 1956 0f34 13       		.byte	0x13
 1957 0f35 EB01     		.2byte	0x1eb
 1958 0f37 1B       		.byte	0x1b
 1959 0f38 4A0F0000 		.4byte	0xf4a
 1960 0f3c 1A       		.uleb128 0x1a
 1961 0f3d B9010000 		.4byte	.LASF166
 1962 0f41 13       		.byte	0x13
 1963 0f42 EB01     		.2byte	0x1eb
 1964 0f44 32       		.byte	0x32
 1965 0f45 BE000000 		.4byte	0xbe
 1966 0f49 00       		.byte	0
 1967 0f4a 27       		.uleb128 0x27
 1968 0f4b 88000000 		.4byte	.LASF168
 1969 0f4f 0A       		.byte	0xa
 1970 0f50 3E01     		.2byte	0x13e
 1971 0f52 1B       		.byte	0x1b
 1972 0f53 BC030000 		.4byte	0x3bc
 1973 0f57 670F0000 		.4byte	0xf67
 1974 0f5b 18       		.uleb128 0x18
 1975 0f5c 7000     		.ascii	"p\000"
 1976 0f5e 0A       		.byte	0xa
 1977 0f5f 3E01     		.2byte	0x13e
 1978 0f61 38       		.byte	0x38
 1979 0f62 BC030000 		.4byte	0x3bc
 1980 0f66 00       		.byte	0
 1981 0f67 27       		.uleb128 0x27
 1982 0f68 43020000 		.4byte	.LASF169
 1983 0f6c 0A       		.byte	0xa
 1984 0f6d 1801     		.2byte	0x118
 1985 0f6f 1B       		.byte	0x1b
 1986 0f70 BC030000 		.4byte	0x3bc
 1987 0f74 900F0000 		.4byte	0xf90
 1988 0f78 18       		.uleb128 0x18
 1989 0f79 717000   		.ascii	"qp\000"
 1990 0f7c 0A       		.byte	0xa
 1991 0f7d 1801     		.2byte	0x118
 1992 0f7f 3C       		.byte	0x3c
 1993 0f80 BC030000 		.4byte	0x3bc
 1994 0f84 1E       		.uleb128 0x1e
 1995 0f85 7000     		.ascii	"p\000"
ARM GAS  C:\Users\nello\AppData\Local\Temp\ccsMT4zx.s 			page 36


 1996 0f87 0A       		.byte	0xa
 1997 0f88 1901     		.2byte	0x119
 1998 0f8a 0F       		.byte	0xf
 1999 0f8b BC030000 		.4byte	0x3bc
 2000 0f8f 00       		.byte	0
 2001 0f90 26       		.uleb128 0x26
 2002 0f91 2D020000 		.4byte	.LASF170
 2003 0f95 0A       		.byte	0xa
 2004 0f96 0601     		.2byte	0x106
 2005 0f98 14       		.byte	0x14
 2006 0f99 B50F0000 		.4byte	0xfb5
 2007 0f9d 18       		.uleb128 0x18
 2008 0f9e 717000   		.ascii	"qp\000"
 2009 0fa1 0A       		.byte	0xa
 2010 0fa2 0601     		.2byte	0x106
 2011 0fa4 30       		.byte	0x30
 2012 0fa5 BC030000 		.4byte	0x3bc
 2013 0fa9 18       		.uleb128 0x18
 2014 0faa 7000     		.ascii	"p\000"
 2015 0fac 0A       		.byte	0xa
 2016 0fad 0601     		.2byte	0x106
 2017 0faf 40       		.byte	0x40
 2018 0fb0 BC030000 		.4byte	0x3bc
 2019 0fb4 00       		.byte	0
 2020 0fb5 2B       		.uleb128 0x2b
 2021 0fb6 9D040000 		.4byte	.LASF171
 2022 0fba 0A       		.byte	0xa
 2023 0fbb F9       		.byte	0xf9
 2024 0fbc 14       		.byte	0x14
 2025 0fbd 95080000 		.4byte	0x895
 2026 0fc1 D10F0000 		.4byte	0xfd1
 2027 0fc5 23       		.uleb128 0x23
 2028 0fc6 717000   		.ascii	"qp\000"
 2029 0fc9 0A       		.byte	0xa
 2030 0fca F9       		.byte	0xf9
 2031 0fcb 38       		.byte	0x38
 2032 0fcc D10F0000 		.4byte	0xfd1
 2033 0fd0 00       		.byte	0
 2034 0fd1 0C       		.uleb128 0xc
 2035 0fd2 04       		.byte	0x4
 2036 0fd3 8F030000 		.4byte	0x38f
 2037 0fd7 2C       		.uleb128 0x2c
 2038 0fd8 1B080000 		.4byte	.LASF172
 2039 0fdc 0A       		.byte	0xa
 2040 0fdd DE       		.byte	0xde
 2041 0fde 14       		.byte	0x14
 2042 0fdf EF0F0000 		.4byte	0xfef
 2043 0fe3 23       		.uleb128 0x23
 2044 0fe4 717000   		.ascii	"qp\000"
 2045 0fe7 0A       		.byte	0xa
 2046 0fe8 DE       		.byte	0xde
 2047 0fe9 2E       		.byte	0x2e
 2048 0fea BC030000 		.4byte	0x3bc
 2049 0fee 00       		.byte	0
 2050 0fef 2B       		.uleb128 0x2b
 2051 0ff0 F9080000 		.4byte	.LASF173
 2052 0ff4 0A       		.byte	0xa
ARM GAS  C:\Users\nello\AppData\Local\Temp\ccsMT4zx.s 			page 37


 2053 0ff5 CF       		.byte	0xcf
 2054 0ff6 1A       		.byte	0x1a
 2055 0ff7 7D030000 		.4byte	0x37d
 2056 0ffb 15100000 		.4byte	0x1015
 2057 0fff 23       		.uleb128 0x23
 2058 1000 6C7000   		.ascii	"lp\000"
 2059 1003 0A       		.byte	0xa
 2060 1004 CF       		.byte	0xcf
 2061 1005 34       		.byte	0x34
 2062 1006 7D030000 		.4byte	0x37d
 2063 100a 24       		.uleb128 0x24
 2064 100b 7000     		.ascii	"p\000"
 2065 100d 0A       		.byte	0xa
 2066 100e D1       		.byte	0xd1
 2067 100f 0E       		.byte	0xe
 2068 1010 7D030000 		.4byte	0x37d
 2069 1014 00       		.byte	0
 2070 1015 2C       		.uleb128 0x2c
 2071 1016 84030000 		.4byte	.LASF174
 2072 101a 0A       		.byte	0xa
 2073 101b C0       		.byte	0xc0
 2074 101c 14       		.byte	0x14
 2075 101d 37100000 		.4byte	0x1037
 2076 1021 23       		.uleb128 0x23
 2077 1022 6C7000   		.ascii	"lp\000"
 2078 1025 0A       		.byte	0xa
 2079 1026 C0       		.byte	0xc0
 2080 1027 2C       		.byte	0x2c
 2081 1028 7D030000 		.4byte	0x37d
 2082 102c 23       		.uleb128 0x23
 2083 102d 7000     		.ascii	"p\000"
 2084 102f 0A       		.byte	0xa
 2085 1030 C0       		.byte	0xc0
 2086 1031 3B       		.byte	0x3b
 2087 1032 7D030000 		.4byte	0x37d
 2088 1036 00       		.byte	0
 2089 1037 2B       		.uleb128 0x2b
 2090 1038 96050000 		.4byte	.LASF175
 2091 103c 0A       		.byte	0xa
 2092 103d B3       		.byte	0xb3
 2093 103e 14       		.byte	0x14
 2094 103f 95080000 		.4byte	0x895
 2095 1043 53100000 		.4byte	0x1053
 2096 1047 23       		.uleb128 0x23
 2097 1048 6C7000   		.ascii	"lp\000"
 2098 104b 0A       		.byte	0xa
 2099 104c B3       		.byte	0xb3
 2100 104d 30       		.byte	0x30
 2101 104e 7D030000 		.4byte	0x37d
 2102 1052 00       		.byte	0
 2103 1053 2C       		.uleb128 0x2c
 2104 1054 01020000 		.4byte	.LASF176
 2105 1058 0A       		.byte	0xa
 2106 1059 99       		.byte	0x99
 2107 105a 14       		.byte	0x14
 2108 105b 6B100000 		.4byte	0x106b
 2109 105f 23       		.uleb128 0x23
ARM GAS  C:\Users\nello\AppData\Local\Temp\ccsMT4zx.s 			page 38


 2110 1060 6C7000   		.ascii	"lp\000"
 2111 1063 0A       		.byte	0xa
 2112 1064 99       		.byte	0x99
 2113 1065 2C       		.byte	0x2c
 2114 1066 7D030000 		.4byte	0x37d
 2115 106a 00       		.byte	0
 2116 106b 27       		.uleb128 0x27
 2117 106c 6C010000 		.4byte	.LASF177
 2118 1070 09       		.byte	0x9
 2119 1071 E401     		.2byte	0x1e4
 2120 1073 14       		.byte	0x14
 2121 1074 95080000 		.4byte	0x895
 2122 1078 A4100000 		.4byte	0x10a4
 2123 107c 1A       		.uleb128 0x1a
 2124 107d D7040000 		.4byte	.LASF134
 2125 1081 09       		.byte	0x9
 2126 1082 E401     		.2byte	0x1e4
 2127 1084 2F       		.byte	0x2f
 2128 1085 3E030000 		.4byte	0x33e
 2129 1089 1A       		.uleb128 0x1a
 2130 108a CC080000 		.4byte	.LASF178
 2131 108e 09       		.byte	0x9
 2132 108f E501     		.2byte	0x1e5
 2133 1091 2F       		.byte	0x2f
 2134 1092 3E030000 		.4byte	0x33e
 2135 1096 18       		.uleb128 0x18
 2136 1097 656E6400 		.ascii	"end\000"
 2137 109b 09       		.byte	0x9
 2138 109c E601     		.2byte	0x1e6
 2139 109e 2F       		.byte	0x2f
 2140 109f 3E030000 		.4byte	0x33e
 2141 10a3 00       		.byte	0
 2142 10a4 2D       		.uleb128 0x2d
 2143 10a5 2E050000 		.4byte	.LASF179
 2144 10a9 09       		.byte	0x9
 2145 10aa CD01     		.2byte	0x1cd
 2146 10ac 1D       		.byte	0x1d
 2147 10ad 4A030000 		.4byte	0x34a
 2148 10b1 1A       		.uleb128 0x1a
 2149 10b2 CC080000 		.4byte	.LASF178
 2150 10b6 09       		.byte	0x9
 2151 10b7 CD01     		.2byte	0x1cd
 2152 10b9 33       		.byte	0x33
 2153 10ba 3E030000 		.4byte	0x33e
 2154 10be 18       		.uleb128 0x18
 2155 10bf 656E6400 		.ascii	"end\000"
 2156 10c3 09       		.byte	0x9
 2157 10c4 CD01     		.2byte	0x1cd
 2158 10c6 44       		.byte	0x44
 2159 10c7 3E030000 		.4byte	0x33e
 2160 10cb 00       		.byte	0
 2161 10cc 00       		.byte	0
 2162              		.section	.gnu.debuglto_.debug_abbrev,"e",%progbits
 2163              	.Ldebug_abbrev0:
 2164 0000 01       		.uleb128 0x1
 2165 0001 11       		.uleb128 0x11
 2166 0002 01       		.byte	0x1
ARM GAS  C:\Users\nello\AppData\Local\Temp\ccsMT4zx.s 			page 39


 2167 0003 25       		.uleb128 0x25
 2168 0004 0E       		.uleb128 0xe
 2169 0005 13       		.uleb128 0x13
 2170 0006 0B       		.uleb128 0xb
 2171 0007 03       		.uleb128 0x3
 2172 0008 0E       		.uleb128 0xe
 2173 0009 1B       		.uleb128 0x1b
 2174 000a 0E       		.uleb128 0xe
 2175 000b 10       		.uleb128 0x10
 2176 000c 17       		.uleb128 0x17
 2177 000d 00       		.byte	0
 2178 000e 00       		.byte	0
 2179 000f 02       		.uleb128 0x2
 2180 0010 24       		.uleb128 0x24
 2181 0011 00       		.byte	0
 2182 0012 0B       		.uleb128 0xb
 2183 0013 0B       		.uleb128 0xb
 2184 0014 3E       		.uleb128 0x3e
 2185 0015 0B       		.uleb128 0xb
 2186 0016 03       		.uleb128 0x3
 2187 0017 08       		.uleb128 0x8
 2188 0018 00       		.byte	0
 2189 0019 00       		.byte	0
 2190 001a 03       		.uleb128 0x3
 2191 001b 16       		.uleb128 0x16
 2192 001c 00       		.byte	0
 2193 001d 03       		.uleb128 0x3
 2194 001e 0E       		.uleb128 0xe
 2195 001f 3A       		.uleb128 0x3a
 2196 0020 0B       		.uleb128 0xb
 2197 0021 3B       		.uleb128 0x3b
 2198 0022 0B       		.uleb128 0xb
 2199 0023 39       		.uleb128 0x39
 2200 0024 0B       		.uleb128 0xb
 2201 0025 49       		.uleb128 0x49
 2202 0026 13       		.uleb128 0x13
 2203 0027 00       		.byte	0
 2204 0028 00       		.byte	0
 2205 0029 04       		.uleb128 0x4
 2206 002a 24       		.uleb128 0x24
 2207 002b 00       		.byte	0
 2208 002c 0B       		.uleb128 0xb
 2209 002d 0B       		.uleb128 0xb
 2210 002e 3E       		.uleb128 0x3e
 2211 002f 0B       		.uleb128 0xb
 2212 0030 03       		.uleb128 0x3
 2213 0031 0E       		.uleb128 0xe
 2214 0032 00       		.byte	0
 2215 0033 00       		.byte	0
 2216 0034 05       		.uleb128 0x5
 2217 0035 35       		.uleb128 0x35
 2218 0036 00       		.byte	0
 2219 0037 49       		.uleb128 0x49
 2220 0038 13       		.uleb128 0x13
 2221 0039 00       		.byte	0
 2222 003a 00       		.byte	0
 2223 003b 06       		.uleb128 0x6
ARM GAS  C:\Users\nello\AppData\Local\Temp\ccsMT4zx.s 			page 40


 2224 003c 13       		.uleb128 0x13
 2225 003d 01       		.byte	0x1
 2226 003e 03       		.uleb128 0x3
 2227 003f 0E       		.uleb128 0xe
 2228 0040 0B       		.uleb128 0xb
 2229 0041 0B       		.uleb128 0xb
 2230 0042 3A       		.uleb128 0x3a
 2231 0043 0B       		.uleb128 0xb
 2232 0044 3B       		.uleb128 0x3b
 2233 0045 0B       		.uleb128 0xb
 2234 0046 39       		.uleb128 0x39
 2235 0047 0B       		.uleb128 0xb
 2236 0048 01       		.uleb128 0x1
 2237 0049 13       		.uleb128 0x13
 2238 004a 00       		.byte	0
 2239 004b 00       		.byte	0
 2240 004c 07       		.uleb128 0x7
 2241 004d 0D       		.uleb128 0xd
 2242 004e 00       		.byte	0
 2243 004f 03       		.uleb128 0x3
 2244 0050 08       		.uleb128 0x8
 2245 0051 3A       		.uleb128 0x3a
 2246 0052 0B       		.uleb128 0xb
 2247 0053 3B       		.uleb128 0x3b
 2248 0054 0B       		.uleb128 0xb
 2249 0055 39       		.uleb128 0x39
 2250 0056 0B       		.uleb128 0xb
 2251 0057 49       		.uleb128 0x49
 2252 0058 13       		.uleb128 0x13
 2253 0059 38       		.uleb128 0x38
 2254 005a 0B       		.uleb128 0xb
 2255 005b 00       		.byte	0
 2256 005c 00       		.byte	0
 2257 005d 08       		.uleb128 0x8
 2258 005e 0D       		.uleb128 0xd
 2259 005f 00       		.byte	0
 2260 0060 03       		.uleb128 0x3
 2261 0061 0E       		.uleb128 0xe
 2262 0062 3A       		.uleb128 0x3a
 2263 0063 0B       		.uleb128 0xb
 2264 0064 3B       		.uleb128 0x3b
 2265 0065 0B       		.uleb128 0xb
 2266 0066 39       		.uleb128 0x39
 2267 0067 0B       		.uleb128 0xb
 2268 0068 49       		.uleb128 0x49
 2269 0069 13       		.uleb128 0x13
 2270 006a 38       		.uleb128 0x38
 2271 006b 0B       		.uleb128 0xb
 2272 006c 00       		.byte	0
 2273 006d 00       		.byte	0
 2274 006e 09       		.uleb128 0x9
 2275 006f 0D       		.uleb128 0xd
 2276 0070 00       		.byte	0
 2277 0071 03       		.uleb128 0x3
 2278 0072 08       		.uleb128 0x8
 2279 0073 3A       		.uleb128 0x3a
 2280 0074 0B       		.uleb128 0xb
ARM GAS  C:\Users\nello\AppData\Local\Temp\ccsMT4zx.s 			page 41


 2281 0075 3B       		.uleb128 0x3b
 2282 0076 05       		.uleb128 0x5
 2283 0077 39       		.uleb128 0x39
 2284 0078 0B       		.uleb128 0xb
 2285 0079 49       		.uleb128 0x49
 2286 007a 13       		.uleb128 0x13
 2287 007b 38       		.uleb128 0x38
 2288 007c 0B       		.uleb128 0xb
 2289 007d 00       		.byte	0
 2290 007e 00       		.byte	0
 2291 007f 0A       		.uleb128 0xa
 2292 0080 0D       		.uleb128 0xd
 2293 0081 00       		.byte	0
 2294 0082 03       		.uleb128 0x3
 2295 0083 0E       		.uleb128 0xe
 2296 0084 3A       		.uleb128 0x3a
 2297 0085 0B       		.uleb128 0xb
 2298 0086 3B       		.uleb128 0x3b
 2299 0087 05       		.uleb128 0x5
 2300 0088 39       		.uleb128 0x39
 2301 0089 0B       		.uleb128 0xb
 2302 008a 49       		.uleb128 0x49
 2303 008b 13       		.uleb128 0x13
 2304 008c 38       		.uleb128 0x38
 2305 008d 0B       		.uleb128 0xb
 2306 008e 00       		.byte	0
 2307 008f 00       		.byte	0
 2308 0090 0B       		.uleb128 0xb
 2309 0091 13       		.uleb128 0x13
 2310 0092 01       		.byte	0x1
 2311 0093 03       		.uleb128 0x3
 2312 0094 0E       		.uleb128 0xe
 2313 0095 0B       		.uleb128 0xb
 2314 0096 0B       		.uleb128 0xb
 2315 0097 3A       		.uleb128 0x3a
 2316 0098 0B       		.uleb128 0xb
 2317 0099 3B       		.uleb128 0x3b
 2318 009a 05       		.uleb128 0x5
 2319 009b 39       		.uleb128 0x39
 2320 009c 0B       		.uleb128 0xb
 2321 009d 01       		.uleb128 0x1
 2322 009e 13       		.uleb128 0x13
 2323 009f 00       		.byte	0
 2324 00a0 00       		.byte	0
 2325 00a1 0C       		.uleb128 0xc
 2326 00a2 0F       		.uleb128 0xf
 2327 00a3 00       		.byte	0
 2328 00a4 0B       		.uleb128 0xb
 2329 00a5 0B       		.uleb128 0xb
 2330 00a6 49       		.uleb128 0x49
 2331 00a7 13       		.uleb128 0x13
 2332 00a8 00       		.byte	0
 2333 00a9 00       		.byte	0
 2334 00aa 0D       		.uleb128 0xd
 2335 00ab 26       		.uleb128 0x26
 2336 00ac 00       		.byte	0
 2337 00ad 49       		.uleb128 0x49
ARM GAS  C:\Users\nello\AppData\Local\Temp\ccsMT4zx.s 			page 42


 2338 00ae 13       		.uleb128 0x13
 2339 00af 00       		.byte	0
 2340 00b0 00       		.byte	0
 2341 00b1 0E       		.uleb128 0xe
 2342 00b2 0F       		.uleb128 0xf
 2343 00b3 00       		.byte	0
 2344 00b4 0B       		.uleb128 0xb
 2345 00b5 0B       		.uleb128 0xb
 2346 00b6 00       		.byte	0
 2347 00b7 00       		.byte	0
 2348 00b8 0F       		.uleb128 0xf
 2349 00b9 17       		.uleb128 0x17
 2350 00ba 01       		.byte	0x1
 2351 00bb 0B       		.uleb128 0xb
 2352 00bc 0B       		.uleb128 0xb
 2353 00bd 3A       		.uleb128 0x3a
 2354 00be 0B       		.uleb128 0xb
 2355 00bf 3B       		.uleb128 0x3b
 2356 00c0 0B       		.uleb128 0xb
 2357 00c1 39       		.uleb128 0x39
 2358 00c2 0B       		.uleb128 0xb
 2359 00c3 01       		.uleb128 0x1
 2360 00c4 13       		.uleb128 0x13
 2361 00c5 00       		.byte	0
 2362 00c6 00       		.byte	0
 2363 00c7 10       		.uleb128 0x10
 2364 00c8 0D       		.uleb128 0xd
 2365 00c9 00       		.byte	0
 2366 00ca 03       		.uleb128 0x3
 2367 00cb 0E       		.uleb128 0xe
 2368 00cc 3A       		.uleb128 0x3a
 2369 00cd 0B       		.uleb128 0xb
 2370 00ce 3B       		.uleb128 0x3b
 2371 00cf 0B       		.uleb128 0xb
 2372 00d0 39       		.uleb128 0x39
 2373 00d1 0B       		.uleb128 0xb
 2374 00d2 49       		.uleb128 0x49
 2375 00d3 13       		.uleb128 0x13
 2376 00d4 00       		.byte	0
 2377 00d5 00       		.byte	0
 2378 00d6 11       		.uleb128 0x11
 2379 00d7 0D       		.uleb128 0xd
 2380 00d8 00       		.byte	0
 2381 00d9 03       		.uleb128 0x3
 2382 00da 0E       		.uleb128 0xe
 2383 00db 3A       		.uleb128 0x3a
 2384 00dc 0B       		.uleb128 0xb
 2385 00dd 3B       		.uleb128 0x3b
 2386 00de 05       		.uleb128 0x5
 2387 00df 39       		.uleb128 0x39
 2388 00e0 0B       		.uleb128 0xb
 2389 00e1 49       		.uleb128 0x49
 2390 00e2 13       		.uleb128 0x13
 2391 00e3 00       		.byte	0
 2392 00e4 00       		.byte	0
 2393 00e5 12       		.uleb128 0x12
 2394 00e6 16       		.uleb128 0x16
ARM GAS  C:\Users\nello\AppData\Local\Temp\ccsMT4zx.s 			page 43


 2395 00e7 00       		.byte	0
 2396 00e8 03       		.uleb128 0x3
 2397 00e9 0E       		.uleb128 0xe
 2398 00ea 3A       		.uleb128 0x3a
 2399 00eb 0B       		.uleb128 0xb
 2400 00ec 3B       		.uleb128 0x3b
 2401 00ed 05       		.uleb128 0x5
 2402 00ee 39       		.uleb128 0x39
 2403 00ef 0B       		.uleb128 0xb
 2404 00f0 49       		.uleb128 0x49
 2405 00f1 13       		.uleb128 0x13
 2406 00f2 00       		.byte	0
 2407 00f3 00       		.byte	0
 2408 00f4 13       		.uleb128 0x13
 2409 00f5 34       		.uleb128 0x34
 2410 00f6 00       		.byte	0
 2411 00f7 03       		.uleb128 0x3
 2412 00f8 08       		.uleb128 0x8
 2413 00f9 3A       		.uleb128 0x3a
 2414 00fa 0B       		.uleb128 0xb
 2415 00fb 3B       		.uleb128 0x3b
 2416 00fc 05       		.uleb128 0x5
 2417 00fd 39       		.uleb128 0x39
 2418 00fe 0B       		.uleb128 0xb
 2419 00ff 49       		.uleb128 0x49
 2420 0100 13       		.uleb128 0x13
 2421 0101 3F       		.uleb128 0x3f
 2422 0102 19       		.uleb128 0x19
 2423 0103 3C       		.uleb128 0x3c
 2424 0104 19       		.uleb128 0x19
 2425 0105 00       		.byte	0
 2426 0106 00       		.byte	0
 2427 0107 14       		.uleb128 0x14
 2428 0108 15       		.uleb128 0x15
 2429 0109 01       		.byte	0x1
 2430 010a 27       		.uleb128 0x27
 2431 010b 19       		.uleb128 0x19
 2432 010c 01       		.uleb128 0x1
 2433 010d 13       		.uleb128 0x13
 2434 010e 00       		.byte	0
 2435 010f 00       		.byte	0
 2436 0110 15       		.uleb128 0x15
 2437 0111 05       		.uleb128 0x5
 2438 0112 00       		.byte	0
 2439 0113 49       		.uleb128 0x49
 2440 0114 13       		.uleb128 0x13
 2441 0115 00       		.byte	0
 2442 0116 00       		.byte	0
 2443 0117 16       		.uleb128 0x16
 2444 0118 13       		.uleb128 0x13
 2445 0119 01       		.byte	0x1
 2446 011a 0B       		.uleb128 0xb
 2447 011b 0B       		.uleb128 0xb
 2448 011c 3A       		.uleb128 0x3a
 2449 011d 0B       		.uleb128 0xb
 2450 011e 3B       		.uleb128 0x3b
 2451 011f 0B       		.uleb128 0xb
ARM GAS  C:\Users\nello\AppData\Local\Temp\ccsMT4zx.s 			page 44


 2452 0120 39       		.uleb128 0x39
 2453 0121 0B       		.uleb128 0xb
 2454 0122 01       		.uleb128 0x1
 2455 0123 13       		.uleb128 0x13
 2456 0124 00       		.byte	0
 2457 0125 00       		.byte	0
 2458 0126 17       		.uleb128 0x17
 2459 0127 2E       		.uleb128 0x2e
 2460 0128 01       		.byte	0x1
 2461 0129 3F       		.uleb128 0x3f
 2462 012a 19       		.uleb128 0x19
 2463 012b 03       		.uleb128 0x3
 2464 012c 0E       		.uleb128 0xe
 2465 012d 3A       		.uleb128 0x3a
 2466 012e 0B       		.uleb128 0xb
 2467 012f 3B       		.uleb128 0x3b
 2468 0130 05       		.uleb128 0x5
 2469 0131 39       		.uleb128 0x39
 2470 0132 0B       		.uleb128 0xb
 2471 0133 27       		.uleb128 0x27
 2472 0134 19       		.uleb128 0x19
 2473 0135 01       		.uleb128 0x1
 2474 0136 13       		.uleb128 0x13
 2475 0137 00       		.byte	0
 2476 0138 00       		.byte	0
 2477 0139 18       		.uleb128 0x18
 2478 013a 05       		.uleb128 0x5
 2479 013b 00       		.byte	0
 2480 013c 03       		.uleb128 0x3
 2481 013d 08       		.uleb128 0x8
 2482 013e 3A       		.uleb128 0x3a
 2483 013f 0B       		.uleb128 0xb
 2484 0140 3B       		.uleb128 0x3b
 2485 0141 05       		.uleb128 0x5
 2486 0142 39       		.uleb128 0x39
 2487 0143 0B       		.uleb128 0xb
 2488 0144 49       		.uleb128 0x49
 2489 0145 13       		.uleb128 0x13
 2490 0146 00       		.byte	0
 2491 0147 00       		.byte	0
 2492 0148 19       		.uleb128 0x19
 2493 0149 2E       		.uleb128 0x2e
 2494 014a 01       		.byte	0x1
 2495 014b 3F       		.uleb128 0x3f
 2496 014c 19       		.uleb128 0x19
 2497 014d 03       		.uleb128 0x3
 2498 014e 0E       		.uleb128 0xe
 2499 014f 3A       		.uleb128 0x3a
 2500 0150 0B       		.uleb128 0xb
 2501 0151 3B       		.uleb128 0x3b
 2502 0152 05       		.uleb128 0x5
 2503 0153 39       		.uleb128 0x39
 2504 0154 0B       		.uleb128 0xb
 2505 0155 27       		.uleb128 0x27
 2506 0156 19       		.uleb128 0x19
 2507 0157 49       		.uleb128 0x49
 2508 0158 13       		.uleb128 0x13
ARM GAS  C:\Users\nello\AppData\Local\Temp\ccsMT4zx.s 			page 45


 2509 0159 01       		.uleb128 0x1
 2510 015a 13       		.uleb128 0x13
 2511 015b 00       		.byte	0
 2512 015c 00       		.byte	0
 2513 015d 1A       		.uleb128 0x1a
 2514 015e 05       		.uleb128 0x5
 2515 015f 00       		.byte	0
 2516 0160 03       		.uleb128 0x3
 2517 0161 0E       		.uleb128 0xe
 2518 0162 3A       		.uleb128 0x3a
 2519 0163 0B       		.uleb128 0xb
 2520 0164 3B       		.uleb128 0x3b
 2521 0165 05       		.uleb128 0x5
 2522 0166 39       		.uleb128 0x39
 2523 0167 0B       		.uleb128 0xb
 2524 0168 49       		.uleb128 0x49
 2525 0169 13       		.uleb128 0x13
 2526 016a 00       		.byte	0
 2527 016b 00       		.byte	0
 2528 016c 1B       		.uleb128 0x1b
 2529 016d 34       		.uleb128 0x34
 2530 016e 00       		.byte	0
 2531 016f 03       		.uleb128 0x3
 2532 0170 0E       		.uleb128 0xe
 2533 0171 3A       		.uleb128 0x3a
 2534 0172 0B       		.uleb128 0xb
 2535 0173 3B       		.uleb128 0x3b
 2536 0174 05       		.uleb128 0x5
 2537 0175 39       		.uleb128 0x39
 2538 0176 0B       		.uleb128 0xb
 2539 0177 49       		.uleb128 0x49
 2540 0178 13       		.uleb128 0x13
 2541 0179 00       		.byte	0
 2542 017a 00       		.byte	0
 2543 017b 1C       		.uleb128 0x1c
 2544 017c 34       		.uleb128 0x34
 2545 017d 00       		.byte	0
 2546 017e 03       		.uleb128 0x3
 2547 017f 0E       		.uleb128 0xe
 2548 0180 49       		.uleb128 0x49
 2549 0181 13       		.uleb128 0x13
 2550 0182 34       		.uleb128 0x34
 2551 0183 19       		.uleb128 0x19
 2552 0184 00       		.byte	0
 2553 0185 00       		.byte	0
 2554 0186 1D       		.uleb128 0x1d
 2555 0187 0B       		.uleb128 0xb
 2556 0188 01       		.byte	0x1
 2557 0189 00       		.byte	0
 2558 018a 00       		.byte	0
 2559 018b 1E       		.uleb128 0x1e
 2560 018c 34       		.uleb128 0x34
 2561 018d 00       		.byte	0
 2562 018e 03       		.uleb128 0x3
 2563 018f 08       		.uleb128 0x8
 2564 0190 3A       		.uleb128 0x3a
 2565 0191 0B       		.uleb128 0xb
ARM GAS  C:\Users\nello\AppData\Local\Temp\ccsMT4zx.s 			page 46


 2566 0192 3B       		.uleb128 0x3b
 2567 0193 05       		.uleb128 0x5
 2568 0194 39       		.uleb128 0x39
 2569 0195 0B       		.uleb128 0xb
 2570 0196 49       		.uleb128 0x49
 2571 0197 13       		.uleb128 0x13
 2572 0198 00       		.byte	0
 2573 0199 00       		.byte	0
 2574 019a 1F       		.uleb128 0x1f
 2575 019b 01       		.uleb128 0x1
 2576 019c 01       		.byte	0x1
 2577 019d 49       		.uleb128 0x49
 2578 019e 13       		.uleb128 0x13
 2579 019f 01       		.uleb128 0x1
 2580 01a0 13       		.uleb128 0x13
 2581 01a1 00       		.byte	0
 2582 01a2 00       		.byte	0
 2583 01a3 20       		.uleb128 0x20
 2584 01a4 21       		.uleb128 0x21
 2585 01a5 00       		.byte	0
 2586 01a6 49       		.uleb128 0x49
 2587 01a7 13       		.uleb128 0x13
 2588 01a8 2F       		.uleb128 0x2f
 2589 01a9 0B       		.uleb128 0xb
 2590 01aa 00       		.byte	0
 2591 01ab 00       		.byte	0
 2592 01ac 21       		.uleb128 0x21
 2593 01ad 2E       		.uleb128 0x2e
 2594 01ae 00       		.byte	0
 2595 01af 3F       		.uleb128 0x3f
 2596 01b0 19       		.uleb128 0x19
 2597 01b1 03       		.uleb128 0x3
 2598 01b2 0E       		.uleb128 0xe
 2599 01b3 3A       		.uleb128 0x3a
 2600 01b4 0B       		.uleb128 0xb
 2601 01b5 3B       		.uleb128 0x3b
 2602 01b6 05       		.uleb128 0x5
 2603 01b7 39       		.uleb128 0x39
 2604 01b8 0B       		.uleb128 0xb
 2605 01b9 27       		.uleb128 0x27
 2606 01ba 19       		.uleb128 0x19
 2607 01bb 00       		.byte	0
 2608 01bc 00       		.byte	0
 2609 01bd 22       		.uleb128 0x22
 2610 01be 2E       		.uleb128 0x2e
 2611 01bf 01       		.byte	0x1
 2612 01c0 3F       		.uleb128 0x3f
 2613 01c1 19       		.uleb128 0x19
 2614 01c2 03       		.uleb128 0x3
 2615 01c3 0E       		.uleb128 0xe
 2616 01c4 3A       		.uleb128 0x3a
 2617 01c5 0B       		.uleb128 0xb
 2618 01c6 3B       		.uleb128 0x3b
 2619 01c7 0B       		.uleb128 0xb
 2620 01c8 39       		.uleb128 0x39
 2621 01c9 0B       		.uleb128 0xb
 2622 01ca 27       		.uleb128 0x27
ARM GAS  C:\Users\nello\AppData\Local\Temp\ccsMT4zx.s 			page 47


 2623 01cb 19       		.uleb128 0x19
 2624 01cc 49       		.uleb128 0x49
 2625 01cd 13       		.uleb128 0x13
 2626 01ce 01       		.uleb128 0x1
 2627 01cf 13       		.uleb128 0x13
 2628 01d0 00       		.byte	0
 2629 01d1 00       		.byte	0
 2630 01d2 23       		.uleb128 0x23
 2631 01d3 05       		.uleb128 0x5
 2632 01d4 00       		.byte	0
 2633 01d5 03       		.uleb128 0x3
 2634 01d6 08       		.uleb128 0x8
 2635 01d7 3A       		.uleb128 0x3a
 2636 01d8 0B       		.uleb128 0xb
 2637 01d9 3B       		.uleb128 0x3b
 2638 01da 0B       		.uleb128 0xb
 2639 01db 39       		.uleb128 0x39
 2640 01dc 0B       		.uleb128 0xb
 2641 01dd 49       		.uleb128 0x49
 2642 01de 13       		.uleb128 0x13
 2643 01df 00       		.byte	0
 2644 01e0 00       		.byte	0
 2645 01e1 24       		.uleb128 0x24
 2646 01e2 34       		.uleb128 0x34
 2647 01e3 00       		.byte	0
 2648 01e4 03       		.uleb128 0x3
 2649 01e5 08       		.uleb128 0x8
 2650 01e6 3A       		.uleb128 0x3a
 2651 01e7 0B       		.uleb128 0xb
 2652 01e8 3B       		.uleb128 0x3b
 2653 01e9 0B       		.uleb128 0xb
 2654 01ea 39       		.uleb128 0x39
 2655 01eb 0B       		.uleb128 0xb
 2656 01ec 49       		.uleb128 0x49
 2657 01ed 13       		.uleb128 0x13
 2658 01ee 00       		.byte	0
 2659 01ef 00       		.byte	0
 2660 01f0 25       		.uleb128 0x25
 2661 01f1 05       		.uleb128 0x5
 2662 01f2 00       		.byte	0
 2663 01f3 03       		.uleb128 0x3
 2664 01f4 0E       		.uleb128 0xe
 2665 01f5 3A       		.uleb128 0x3a
 2666 01f6 0B       		.uleb128 0xb
 2667 01f7 3B       		.uleb128 0x3b
 2668 01f8 0B       		.uleb128 0xb
 2669 01f9 39       		.uleb128 0x39
 2670 01fa 0B       		.uleb128 0xb
 2671 01fb 49       		.uleb128 0x49
 2672 01fc 13       		.uleb128 0x13
 2673 01fd 00       		.byte	0
 2674 01fe 00       		.byte	0
 2675 01ff 26       		.uleb128 0x26
 2676 0200 2E       		.uleb128 0x2e
 2677 0201 01       		.byte	0x1
 2678 0202 03       		.uleb128 0x3
 2679 0203 0E       		.uleb128 0xe
ARM GAS  C:\Users\nello\AppData\Local\Temp\ccsMT4zx.s 			page 48


 2680 0204 3A       		.uleb128 0x3a
 2681 0205 0B       		.uleb128 0xb
 2682 0206 3B       		.uleb128 0x3b
 2683 0207 05       		.uleb128 0x5
 2684 0208 39       		.uleb128 0x39
 2685 0209 0B       		.uleb128 0xb
 2686 020a 27       		.uleb128 0x27
 2687 020b 19       		.uleb128 0x19
 2688 020c 01       		.uleb128 0x1
 2689 020d 13       		.uleb128 0x13
 2690 020e 00       		.byte	0
 2691 020f 00       		.byte	0
 2692 0210 27       		.uleb128 0x27
 2693 0211 2E       		.uleb128 0x2e
 2694 0212 01       		.byte	0x1
 2695 0213 03       		.uleb128 0x3
 2696 0214 0E       		.uleb128 0xe
 2697 0215 3A       		.uleb128 0x3a
 2698 0216 0B       		.uleb128 0xb
 2699 0217 3B       		.uleb128 0x3b
 2700 0218 05       		.uleb128 0x5
 2701 0219 39       		.uleb128 0x39
 2702 021a 0B       		.uleb128 0xb
 2703 021b 27       		.uleb128 0x27
 2704 021c 19       		.uleb128 0x19
 2705 021d 49       		.uleb128 0x49
 2706 021e 13       		.uleb128 0x13
 2707 021f 01       		.uleb128 0x1
 2708 0220 13       		.uleb128 0x13
 2709 0221 00       		.byte	0
 2710 0222 00       		.byte	0
 2711 0223 28       		.uleb128 0x28
 2712 0224 2E       		.uleb128 0x2e
 2713 0225 00       		.byte	0
 2714 0226 03       		.uleb128 0x3
 2715 0227 0E       		.uleb128 0xe
 2716 0228 3A       		.uleb128 0x3a
 2717 0229 0B       		.uleb128 0xb
 2718 022a 3B       		.uleb128 0x3b
 2719 022b 05       		.uleb128 0x5
 2720 022c 39       		.uleb128 0x39
 2721 022d 0B       		.uleb128 0xb
 2722 022e 27       		.uleb128 0x27
 2723 022f 19       		.uleb128 0x19
 2724 0230 49       		.uleb128 0x49
 2725 0231 13       		.uleb128 0x13
 2726 0232 00       		.byte	0
 2727 0233 00       		.byte	0
 2728 0234 29       		.uleb128 0x29
 2729 0235 2E       		.uleb128 0x2e
 2730 0236 00       		.byte	0
 2731 0237 03       		.uleb128 0x3
 2732 0238 0E       		.uleb128 0xe
 2733 0239 3A       		.uleb128 0x3a
 2734 023a 0B       		.uleb128 0xb
 2735 023b 3B       		.uleb128 0x3b
 2736 023c 0B       		.uleb128 0xb
ARM GAS  C:\Users\nello\AppData\Local\Temp\ccsMT4zx.s 			page 49


 2737 023d 39       		.uleb128 0x39
 2738 023e 0B       		.uleb128 0xb
 2739 023f 27       		.uleb128 0x27
 2740 0240 19       		.uleb128 0x19
 2741 0241 49       		.uleb128 0x49
 2742 0242 13       		.uleb128 0x13
 2743 0243 00       		.byte	0
 2744 0244 00       		.byte	0
 2745 0245 2A       		.uleb128 0x2a
 2746 0246 2E       		.uleb128 0x2e
 2747 0247 00       		.byte	0
 2748 0248 03       		.uleb128 0x3
 2749 0249 0E       		.uleb128 0xe
 2750 024a 3A       		.uleb128 0x3a
 2751 024b 0B       		.uleb128 0xb
 2752 024c 3B       		.uleb128 0x3b
 2753 024d 05       		.uleb128 0x5
 2754 024e 39       		.uleb128 0x39
 2755 024f 0B       		.uleb128 0xb
 2756 0250 27       		.uleb128 0x27
 2757 0251 19       		.uleb128 0x19
 2758 0252 00       		.byte	0
 2759 0253 00       		.byte	0
 2760 0254 2B       		.uleb128 0x2b
 2761 0255 2E       		.uleb128 0x2e
 2762 0256 01       		.byte	0x1
 2763 0257 03       		.uleb128 0x3
 2764 0258 0E       		.uleb128 0xe
 2765 0259 3A       		.uleb128 0x3a
 2766 025a 0B       		.uleb128 0xb
 2767 025b 3B       		.uleb128 0x3b
 2768 025c 0B       		.uleb128 0xb
 2769 025d 39       		.uleb128 0x39
 2770 025e 0B       		.uleb128 0xb
 2771 025f 27       		.uleb128 0x27
 2772 0260 19       		.uleb128 0x19
 2773 0261 49       		.uleb128 0x49
 2774 0262 13       		.uleb128 0x13
 2775 0263 01       		.uleb128 0x1
 2776 0264 13       		.uleb128 0x13
 2777 0265 00       		.byte	0
 2778 0266 00       		.byte	0
 2779 0267 2C       		.uleb128 0x2c
 2780 0268 2E       		.uleb128 0x2e
 2781 0269 01       		.byte	0x1
 2782 026a 03       		.uleb128 0x3
 2783 026b 0E       		.uleb128 0xe
 2784 026c 3A       		.uleb128 0x3a
 2785 026d 0B       		.uleb128 0xb
 2786 026e 3B       		.uleb128 0x3b
 2787 026f 0B       		.uleb128 0xb
 2788 0270 39       		.uleb128 0x39
 2789 0271 0B       		.uleb128 0xb
 2790 0272 27       		.uleb128 0x27
 2791 0273 19       		.uleb128 0x19
 2792 0274 01       		.uleb128 0x1
 2793 0275 13       		.uleb128 0x13
ARM GAS  C:\Users\nello\AppData\Local\Temp\ccsMT4zx.s 			page 50


 2794 0276 00       		.byte	0
 2795 0277 00       		.byte	0
 2796 0278 2D       		.uleb128 0x2d
 2797 0279 2E       		.uleb128 0x2e
 2798 027a 01       		.byte	0x1
 2799 027b 03       		.uleb128 0x3
 2800 027c 0E       		.uleb128 0xe
 2801 027d 3A       		.uleb128 0x3a
 2802 027e 0B       		.uleb128 0xb
 2803 027f 3B       		.uleb128 0x3b
 2804 0280 05       		.uleb128 0x5
 2805 0281 39       		.uleb128 0x39
 2806 0282 0B       		.uleb128 0xb
 2807 0283 27       		.uleb128 0x27
 2808 0284 19       		.uleb128 0x19
 2809 0285 49       		.uleb128 0x49
 2810 0286 13       		.uleb128 0x13
 2811 0287 00       		.byte	0
 2812 0288 00       		.byte	0
 2813 0289 00       		.byte	0
 2814              		.section	.gnu.debuglto_.debug_line,"e",%progbits
 2815              	.Ldebug_line0:
 2816 0000 13030000 		.4byte	.LELT0-.LSLT0
 2817              	.LSLT0:
 2818 0004 0400     		.2byte	0x4
 2819 0006 0D030000 		.4byte	.LELTP0-.LASLTP0
 2820              	.LASLTP0:
 2821 000a 01       		.byte	0x1
 2822 000b 01       		.byte	0x1
 2823 000c 01       		.byte	0x1
 2824 000d F6       		.byte	0xf6
 2825 000e F2       		.byte	0xf2
 2826 000f 0D       		.byte	0xd
 2827 0010 00       		.byte	0
 2828 0011 01       		.byte	0x1
 2829 0012 01       		.byte	0x1
 2830 0013 01       		.byte	0x1
 2831 0014 01       		.byte	0x1
 2832 0015 00       		.byte	0
 2833 0016 00       		.byte	0
 2834 0017 00       		.byte	0
 2835 0018 01       		.byte	0x1
 2836 0019 00       		.byte	0
 2837 001a 00       		.byte	0
 2838 001b 01       		.byte	0x1
 2839 001c 2E2E2F2E 		.ascii	"../../chibios2111/os/common/ext/ARM/CMSIS/Core/Incl"
 2839      2E2F6368 
 2839      6962696F 
 2839      73323131 
 2839      312F6F73 
 2840 004f 756465   		.ascii	"ude"
 2841 0052 00       		.byte	0
 2842 0053 2E2E2F2E 		.ascii	"../../chibios2111/os/common/ports/ARM-common"
 2842      2E2F6368 
 2842      6962696F 
 2842      73323131 
 2842      312F6F73 
ARM GAS  C:\Users\nello\AppData\Local\Temp\ccsMT4zx.s 			page 51


 2843 007f 00       		.byte	0
 2844 0080 2E2E2F2E 		.ascii	"../../chibios2111/os/common/ports/ARMv7-M-ALT"
 2844      2E2F6368 
 2844      6962696F 
 2844      73323131 
 2844      312F6F73 
 2845 00ad 00       		.byte	0
 2846 00ae 2E2E2F2E 		.ascii	"../../chibios2111/os/hal/osal/rt-nil"
 2846      2E2F6368 
 2846      6962696F 
 2846      73323131 
 2846      312F6F73 
 2847 00d2 00       		.byte	0
 2848 00d3 2E2E2F2E 		.ascii	"../../chibios2111/os/rt/include"
 2848      2E2F6368 
 2848      6962696F 
 2848      73323131 
 2848      312F6F73 
 2849 00f2 00       		.byte	0
 2850 00f3 2E2E2F2E 		.ascii	"../../chibios2111/os/rt/src"
 2850      2E2F6368 
 2850      6962696F 
 2850      73323131 
 2850      312F6F73 
 2851 010e 00       		.byte	0
 2852 010f 633A5C63 		.ascii	"c:\\chibistudio\\tools\\gnu tools arm embedded\\10."
 2852      68696269 
 2852      73747564 
 2852      696F5C74 
 2852      6F6F6C73 
 2853 013e 33203230 		.ascii	"3 2021.10\\arm-none-eabi\\include\\machine"
 2853      32312E31 
 2853      305C6172 
 2853      6D2D6E6F 
 2853      6E652D65 
 2854 0165 00       		.byte	0
 2855 0166 633A5C63 		.ascii	"c:\\chibistudio\\tools\\gnu tools arm embedded\\10."
 2855      68696269 
 2855      73747564 
 2855      696F5C74 
 2855      6F6F6C73 
 2856 0195 33203230 		.ascii	"3 2021.10\\arm-none-eabi\\include\\sys"
 2856      32312E31 
 2856      305C6172 
 2856      6D2D6E6F 
 2856      6E652D65 
 2857 01b8 00       		.byte	0
 2858 01b9 633A5C63 		.ascii	"c:\\chibistudio\\tools\\gnu tools arm embedded\\10."
 2858      68696269 
 2858      73747564 
 2858      696F5C74 
 2858      6F6F6C73 
 2859 01e8 33203230 		.ascii	"3 2021.10\\lib\\gcc\\arm-none-eabi\\10.3.1\\include"
 2859      32312E31 
 2859      305C6C69 
 2859      625C6763 
 2859      635C6172 
ARM GAS  C:\Users\nello\AppData\Local\Temp\ccsMT4zx.s 			page 52


 2860 0216 00       		.byte	0
 2861 0217 00       		.byte	0
 2862 0218 73746464 		.ascii	"stddef.h\000"
 2862      65662E68 
 2862      00
 2863 0221 09       		.uleb128 0x9
 2864 0222 00       		.uleb128 0
 2865 0223 00       		.uleb128 0
 2866 0224 5F646566 		.ascii	"_default_types.h\000"
 2866      61756C74 
 2866      5F747970 
 2866      65732E68 
 2866      00
 2867 0235 07       		.uleb128 0x7
 2868 0236 00       		.uleb128 0
 2869 0237 00       		.uleb128 0
 2870 0238 5F737464 		.ascii	"_stdint.h\000"
 2870      696E742E 
 2870      6800
 2871 0242 08       		.uleb128 0x8
 2872 0243 00       		.uleb128 0
 2873 0244 00       		.uleb128 0
 2874 0245 63687479 		.ascii	"chtypes.h\000"
 2874      7065732E 
 2874      6800
 2875 024f 02       		.uleb128 0x2
 2876 0250 00       		.uleb128 0
 2877 0251 00       		.uleb128 0
 2878 0252 63686561 		.ascii	"chearly.h\000"
 2878      726C792E 
 2878      6800
 2879 025c 05       		.uleb128 0x5
 2880 025d 00       		.uleb128 0
 2881 025e 00       		.uleb128 0
 2882 025f 63686F62 		.ascii	"chobjects.h\000"
 2882      6A656374 
 2882      732E6800 
 2883 026b 05       		.uleb128 0x5
 2884 026c 00       		.uleb128 0
 2885 026d 00       		.uleb128 0
 2886 026e 63687266 		.ascii	"chrfcu.h\000"
 2886      63752E68 
 2886      00
 2887 0277 05       		.uleb128 0x5
 2888 0278 00       		.uleb128 0
 2889 0279 00       		.uleb128 0
 2890 027a 63686465 		.ascii	"chdebug.h\000"
 2890      6275672E 
 2890      6800
 2891 0284 05       		.uleb128 0x5
 2892 0285 00       		.uleb128 0
 2893 0286 00       		.uleb128 0
 2894 0287 63687469 		.ascii	"chtime.h\000"
 2894      6D652E68 
 2894      00
 2895 0290 05       		.uleb128 0x5
 2896 0291 00       		.uleb128 0
ARM GAS  C:\Users\nello\AppData\Local\Temp\ccsMT4zx.s 			page 53


 2897 0292 00       		.uleb128 0
 2898 0293 63686C69 		.ascii	"chlists.h\000"
 2898      7374732E 
 2898      6800
 2899 029d 05       		.uleb128 0x5
 2900 029e 00       		.uleb128 0
 2901 029f 00       		.uleb128 0
 2902 02a0 6368636F 		.ascii	"chcore.h\000"
 2902      72652E68 
 2902      00
 2903 02a9 03       		.uleb128 0x3
 2904 02aa 00       		.uleb128 0
 2905 02ab 00       		.uleb128 0
 2906 02ac 63687365 		.ascii	"chsem.h\000"
 2906      6D2E6800 
 2907 02b4 05       		.uleb128 0x5
 2908 02b5 00       		.uleb128 0
 2909 02b6 00       		.uleb128 0
 2910 02b7 63686D74 		.ascii	"chmtx.h\000"
 2910      782E6800 
 2911 02bf 05       		.uleb128 0x5
 2912 02c0 00       		.uleb128 0
 2913 02c1 00       		.uleb128 0
 2914 02c2 63687468 		.ascii	"chthreads.h\000"
 2914      72656164 
 2914      732E6800 
 2915 02ce 05       		.uleb128 0x5
 2916 02cf 00       		.uleb128 0
 2917 02d0 00       		.uleb128 0
 2918 02d1 63687468 		.ascii	"chthreads.c\000"
 2918      72656164 
 2918      732E6300 
 2919 02dd 06       		.uleb128 0x6
 2920 02de 00       		.uleb128 0
 2921 02df 00       		.uleb128 0
 2922 02e0 63687674 		.ascii	"chvt.h\000"
 2922      2E6800
 2923 02e7 05       		.uleb128 0x5
 2924 02e8 00       		.uleb128 0
 2925 02e9 00       		.uleb128 0
 2926 02ea 63687379 		.ascii	"chsys.h\000"
 2926      732E6800 
 2927 02f2 05       		.uleb128 0x5
 2928 02f3 00       		.uleb128 0
 2929 02f4 00       		.uleb128 0
 2930 02f5 6368636F 		.ascii	"chcore_timer.h\000"
 2930      72655F74 
 2930      696D6572 
 2930      2E6800
 2931 0304 04       		.uleb128 0x4
 2932 0305 00       		.uleb128 0
 2933 0306 00       		.uleb128 0
 2934 0307 636D7369 		.ascii	"cmsis_gcc.h\000"
 2934      735F6763 
 2934      632E6800 
 2935 0313 01       		.uleb128 0x1
 2936 0314 00       		.uleb128 0
ARM GAS  C:\Users\nello\AppData\Local\Temp\ccsMT4zx.s 			page 54


 2937 0315 00       		.uleb128 0
 2938 0316 00       		.byte	0
 2939              	.LELTP0:
 2940              	.LELT0:
 2941              		.section	.gnu.debuglto_.debug_str,"eMS",%progbits,1
 2942              	.LASF108:
 2943 0000 72656164 		.ascii	"ready_list_t\000"
 2943      795F6C69 
 2943      73745F74 
 2943      00
 2944              	.LASF50:
 2945 000d 72666375 		.ascii	"rfcu\000"
 2945      00
 2946              	.LASF4:
 2947 0012 73697A65 		.ascii	"size_t\000"
 2947      5F7400
 2948              	.LASF74:
 2949 0019 64656C74 		.ascii	"delta\000"
 2949      6100
 2950              	.LASF96:
 2951 001f 7264796D 		.ascii	"rdymsg\000"
 2951      736700
 2952              	.LASF118:
 2953 0026 66756E63 		.ascii	"funcp\000"
 2953      7000
 2954              	.LASF18:
 2955 002c 75696E74 		.ascii	"uint64_t\000"
 2955      36345F74 
 2955      00
 2956              	.LASF122:
 2957 0035 63685468 		.ascii	"chThdDequeueAllI\000"
 2957      64446571 
 2957      75657565 
 2957      416C6C49 
 2957      00
 2958              	.LASF5:
 2959 0046 5F5F7569 		.ascii	"__uint8_t\000"
 2959      6E74385F 
 2959      7400
 2960              	.LASF68:
 2961 0050 70726576 		.ascii	"prev\000"
 2961      00
 2962              	.LASF78:
 2963 0055 706F7274 		.ascii	"port_intctx\000"
 2963      5F696E74 
 2963      63747800 
 2964              	.LASF60:
 2965 0061 73797374 		.ascii	"system_debug_t\000"
 2965      656D5F64 
 2965      65627567 
 2965      5F7400
 2966              	.LASF133:
 2967 0070 63685468 		.ascii	"chThdSleepUntilWindowed\000"
 2967      64536C65 
 2967      6570556E 
 2967      74696C57 
 2967      696E646F 
ARM GAS  C:\Users\nello\AppData\Local\Temp\ccsMT4zx.s 			page 55


 2968              	.LASF168:
 2969 0088 63685F71 		.ascii	"ch_queue_dequeue\000"
 2969      75657565 
 2969      5F646571 
 2969      75657565 
 2969      00
 2970              	.LASF49:
 2971 0099 636F7265 		.ascii	"core_id\000"
 2971      5F696400 
 2972              	.LASF119:
 2973 00a1 74687265 		.ascii	"thread_descriptor_t\000"
 2973      61645F64 
 2973      65736372 
 2973      6970746F 
 2973      725F7400 
 2974              	.LASF69:
 2975 00b5 63685F70 		.ascii	"ch_priority_queue_t\000"
 2975      72696F72 
 2975      6974795F 
 2975      71756575 
 2975      655F7400 
 2976              	.LASF81:
 2977 00c9 706F7274 		.ascii	"port_context\000"
 2977      5F636F6E 
 2977      74657874 
 2977      00
 2978              	.LASF117:
 2979 00d6 77656E64 		.ascii	"wend\000"
 2979      00
 2980              	.LASF14:
 2981 00db 6C6F6E67 		.ascii	"long long unsigned int\000"
 2981      206C6F6E 
 2981      6720756E 
 2981      7369676E 
 2981      65642069 
 2982              	.LASF97:
 2983 00f2 65786974 		.ascii	"exitcode\000"
 2983      636F6465 
 2983      00
 2984              	.LASF52:
 2985 00fb 6D61696E 		.ascii	"mainthread\000"
 2985      74687265 
 2985      616400
 2986              	.LASF100:
 2987 0106 73656E74 		.ascii	"sentmsg\000"
 2987      6D736700 
 2988              	.LASF87:
 2989 010e 76697274 		.ascii	"virtual_timers_list_t\000"
 2989      75616C5F 
 2989      74696D65 
 2989      72735F6C 
 2989      6973745F 
 2990              	.LASF65:
 2991 0124 6E657874 		.ascii	"next\000"
 2991      00
 2992              	.LASF92:
 2993 0129 63685F74 		.ascii	"ch_threads_queue\000"
ARM GAS  C:\Users\nello\AppData\Local\Temp\ccsMT4zx.s 			page 56


 2993      68726561 
 2993      64735F71 
 2993      75657565 
 2993      00
 2994              	.LASF8:
 2995 013a 73686F72 		.ascii	"short unsigned int\000"
 2995      7420756E 
 2995      7369676E 
 2995      65642069 
 2995      6E7400
 2996              	.LASF36:
 2997 014d 72656673 		.ascii	"refs\000"
 2997      00
 2998              	.LASF1:
 2999 0152 6C6F6E67 		.ascii	"long long int\000"
 2999      206C6F6E 
 2999      6720696E 
 2999      7400
 3000              	.LASF3:
 3001 0160 7369676E 		.ascii	"signed char\000"
 3001      65642063 
 3001      68617200 
 3002              	.LASF177:
 3003 016c 63685469 		.ascii	"chTimeIsInRangeX\000"
 3003      6D654973 
 3003      496E5261 
 3003      6E676558 
 3003      00
 3004              	.LASF144:
 3005 017d 63685468 		.ascii	"chThdExit\000"
 3005      64457869 
 3005      7400
 3006              	.LASF73:
 3007 0187 63685F64 		.ascii	"ch_delta_list\000"
 3007      656C7461 
 3007      5F6C6973 
 3007      7400
 3008              	.LASF153:
 3009 0195 63685468 		.ascii	"chThdCreateSuspendedI\000"
 3009      64437265 
 3009      61746553 
 3009      75737065 
 3009      6E646564 
 3010              	.LASF43:
 3011 01ab 6F735F69 		.ascii	"os_instance_t\000"
 3011      6E737461 
 3011      6E63655F 
 3011      7400
 3012              	.LASF166:
 3013 01b9 62617365 		.ascii	"basePri\000"
 3013      50726900 
 3014              	.LASF47:
 3015 01c1 76746C69 		.ascii	"vtlist\000"
 3015      737400
 3016              	.LASF163:
 3017 01c8 706F7274 		.ascii	"port_unlock\000"
 3017      5F756E6C 
ARM GAS  C:\Users\nello\AppData\Local\Temp\ccsMT4zx.s 			page 57


 3017      6F636B00 
 3018              	.LASF151:
 3019 01d4 63685468 		.ascii	"chThdCreateI\000"
 3019      64437265 
 3019      61746549 
 3019      00
 3020              	.LASF37:
 3021 01e1 77616974 		.ascii	"waiting\000"
 3021      696E6700 
 3022              	.LASF34:
 3023 01e9 73746174 		.ascii	"state\000"
 3023      6500
 3024              	.LASF10:
 3025 01ef 6C6F6E67 		.ascii	"long int\000"
 3025      20696E74 
 3025      00
 3026              	.LASF22:
 3027 01f8 74737461 		.ascii	"tstate_t\000"
 3027      74655F74 
 3027      00
 3028              	.LASF176:
 3029 0201 63685F6C 		.ascii	"ch_list_init\000"
 3029      6973745F 
 3029      696E6974 
 3029      00
 3030              	.LASF54:
 3031 020e 63685F72 		.ascii	"ch_rfcu\000"
 3031      66637500 
 3032              	.LASF62:
 3033 0216 73797369 		.ascii	"sysinterval_t\000"
 3033      6E746572 
 3033      76616C5F 
 3033      7400
 3034              	.LASF67:
 3035 0224 63685F71 		.ascii	"ch_queue\000"
 3035      75657565 
 3035      00
 3036              	.LASF170:
 3037 022d 63685F71 		.ascii	"ch_queue_insert\000"
 3037      75657565 
 3037      5F696E73 
 3037      65727400 
 3038              	.LASF89:
 3039 023d 71756575 		.ascii	"queue\000"
 3039      6500
 3040              	.LASF169:
 3041 0243 63685F71 		.ascii	"ch_queue_fifo_remove\000"
 3041      75657565 
 3041      5F666966 
 3041      6F5F7265 
 3041      6D6F7665 
 3042              	.LASF72:
 3043 0258 63685F64 		.ascii	"ch_delta_list_t\000"
 3043      656C7461 
 3043      5F6C6973 
 3043      745F7400 
 3044              	.LASF123:
ARM GAS  C:\Users\nello\AppData\Local\Temp\ccsMT4zx.s 			page 58


 3045 0268 63685468 		.ascii	"chThdDequeueNextI\000"
 3045      64446571 
 3045      75657565 
 3045      4E657874 
 3045      4900
 3046              	.LASF88:
 3047 027a 63685F72 		.ascii	"ch_registry\000"
 3047      65676973 
 3047      74727900 
 3048              	.LASF136:
 3049 0286 696E7465 		.ascii	"interval\000"
 3049      7276616C 
 3049      00
 3050              	.LASF128:
 3051 028f 63685468 		.ascii	"chThdResumeI\000"
 3051      64526573 
 3051      756D6549 
 3051      00
 3052              	.LASF55:
 3053 029c 6D61736B 		.ascii	"mask\000"
 3053      00
 3054              	.LASF126:
 3055 02a1 63685468 		.ascii	"chThdResumeS\000"
 3055      64526573 
 3055      756D6553 
 3055      00
 3056              	.LASF110:
 3057 02ae 6D61696E 		.ascii	"mainthread_base\000"
 3057      74687265 
 3057      61645F62 
 3057      61736500 
 3058              	.LASF120:
 3059 02be 6D757465 		.ascii	"mutex_t\000"
 3059      785F7400 
 3060              	.LASF139:
 3061 02c6 63685468 		.ascii	"chThdSetPriority\000"
 3061      64536574 
 3061      5072696F 
 3061      72697479 
 3061      00
 3062              	.LASF27:
 3063 02d7 636E745F 		.ascii	"cnt_t\000"
 3063      7400
 3064              	.LASF159:
 3065 02dd 63685654 		.ascii	"chVTGetSystemTimeX\000"
 3065      47657453 
 3065      79737465 
 3065      6D54696D 
 3065      655800
 3066              	.LASF0:
 3067 02f0 756E7369 		.ascii	"unsigned int\000"
 3067      676E6564 
 3067      20696E74 
 3067      00
 3068              	.LASF76:
 3069 02fd 6C725F74 		.ascii	"lr_thd\000"
 3069      686400
ARM GAS  C:\Users\nello\AppData\Local\Temp\ccsMT4zx.s 			page 59


 3070              	.LASF101:
 3071 0304 77747365 		.ascii	"wtsemp\000"
 3071      6D7000
 3072              	.LASF99:
 3073 030b 77747472 		.ascii	"wttrp\000"
 3073      7000
 3074              	.LASF30:
 3075 0311 72717565 		.ascii	"rqueue\000"
 3075      756500
 3076              	.LASF66:
 3077 0318 63685F71 		.ascii	"ch_queue_t\000"
 3077      75657565 
 3077      5F7400
 3078              	.LASF156:
 3079 0323 63685468 		.ascii	"chThdSleepS\000"
 3079      64536C65 
 3079      65705300 
 3080              	.LASF124:
 3081 032f 74696D65 		.ascii	"timeout\000"
 3081      6F757400 
 3082              	.LASF152:
 3083 0337 63685468 		.ascii	"chThdCreateSuspended\000"
 3083      64437265 
 3083      61746553 
 3083      75737065 
 3083      6E646564 
 3084              	.LASF32:
 3085 034c 6E616D65 		.ascii	"name\000"
 3085      00
 3086              	.LASF42:
 3087 0351 6D706F6F 		.ascii	"mpool\000"
 3087      6C00
 3088              	.LASF149:
 3089 0357 73697A65 		.ascii	"size\000"
 3089      00
 3090              	.LASF79:
 3091 035c 62617365 		.ascii	"basepri\000"
 3091      70726900 
 3092              	.LASF44:
 3093 0364 63685F74 		.ascii	"ch_thread\000"
 3093      68726561 
 3093      6400
 3094              	.LASF127:
 3095 036e 63757272 		.ascii	"currtp\000"
 3095      747000
 3096              	.LASF25:
 3097 0375 6D73675F 		.ascii	"msg_t\000"
 3097      7400
 3098              	.LASF39:
 3099 037b 6570656E 		.ascii	"epending\000"
 3099      64696E67 
 3099      00
 3100              	.LASF174:
 3101 0384 63685F6C 		.ascii	"ch_list_link\000"
 3101      6973745F 
 3101      6C696E6B 
 3101      00
ARM GAS  C:\Users\nello\AppData\Local\Temp\ccsMT4zx.s 			page 60


 3102              	.LASF140:
 3103 0391 6E657770 		.ascii	"newprio\000"
 3103      72696F00 
 3104              	.LASF21:
 3105 0399 746D6F64 		.ascii	"tmode_t\000"
 3105      655F7400 
 3106              	.LASF138:
 3107 03a1 63685468 		.ascii	"chThdTerminate\000"
 3107      64546572 
 3107      6D696E61 
 3107      746500
 3108              	.LASF64:
 3109 03b0 63685F6C 		.ascii	"ch_list\000"
 3109      69737400 
 3110              	.LASF106:
 3111 03b8 63685F72 		.ascii	"ch_ready_list\000"
 3111      65616479 
 3111      5F6C6973 
 3111      7400
 3112              	.LASF26:
 3113 03c6 6576656E 		.ascii	"eventmask_t\000"
 3113      746D6173 
 3113      6B5F7400 
 3114              	.LASF146:
 3115 03d2 63685468 		.ascii	"chThdAddRef\000"
 3115      64416464 
 3115      52656600 
 3116              	.LASF141:
 3117 03de 6F6C6470 		.ascii	"oldprio\000"
 3117      72696F00 
 3118              	.LASF80:
 3119 03e6 6C725F65 		.ascii	"lr_exc\000"
 3119      786300
 3120              	.LASF38:
 3121 03ed 6D736771 		.ascii	"msgqueue\000"
 3121      75657565 
 3121      00
 3122              	.LASF20:
 3123 03f6 73746B61 		.ascii	"stkalign_t\000"
 3123      6C69676E 
 3123      5F7400
 3124              	.LASF148:
 3125 0401 63685468 		.ascii	"chThdCreateStatic\000"
 3125      64437265 
 3125      61746553 
 3125      74617469 
 3125      6300
 3126              	.LASF112:
 3127 0413 69646C65 		.ascii	"idlethread_base\000"
 3127      74687265 
 3127      61645F62 
 3127      61736500 
 3128              	.LASF86:
 3129 0423 6C617374 		.ascii	"laststamp\000"
 3129      7374616D 
 3129      7000
 3130              	.LASF41:
ARM GAS  C:\Users\nello\AppData\Local\Temp\ccsMT4zx.s 			page 61


 3131 042d 7265616C 		.ascii	"realprio\000"
 3131      7072696F 
 3131      00
 3132              	.LASF131:
 3133 0436 63685468 		.ascii	"chThdSuspendTimeoutS\000"
 3133      64537573 
 3133      70656E64 
 3133      54696D65 
 3133      6F757453 
 3134              	.LASF53:
 3135 044b 72666375 		.ascii	"rfcu_mask_t\000"
 3135      5F6D6173 
 3135      6B5F7400 
 3136              	.LASF91:
 3137 0457 74687265 		.ascii	"thread_reference_t\000"
 3137      61645F72 
 3137      65666572 
 3137      656E6365 
 3137      5F7400
 3138              	.LASF83:
 3139 046a 63685F76 		.ascii	"ch_virtual_timers_list\000"
 3139      69727475 
 3139      616C5F74 
 3139      696D6572 
 3139      735F6C69 
 3140              	.LASF157:
 3141 0481 7469636B 		.ascii	"ticks\000"
 3141      7300
 3142              	.LASF2:
 3143 0487 6C6F6E67 		.ascii	"long double\000"
 3143      20646F75 
 3143      626C6500 
 3144              	.LASF63:
 3145 0493 63685F6C 		.ascii	"ch_list_t\000"
 3145      6973745F 
 3145      7400
 3146              	.LASF171:
 3147 049d 63685F71 		.ascii	"ch_queue_notempty\000"
 3147      75657565 
 3147      5F6E6F74 
 3147      656D7074 
 3147      7900
 3148              	.LASF109:
 3149 04af 63685F6F 		.ascii	"ch_os_instance_config\000"
 3149      735F696E 
 3149      7374616E 
 3149      63655F63 
 3149      6F6E6669 
 3150              	.LASF116:
 3151 04c5 77626173 		.ascii	"wbase\000"
 3151      6500
 3152              	.LASF75:
 3153 04cb 706F7274 		.ascii	"port_extctx\000"
 3153      5F657874 
 3153      63747800 
 3154              	.LASF134:
 3155 04d7 74696D65 		.ascii	"time\000"
ARM GAS  C:\Users\nello\AppData\Local\Temp\ccsMT4zx.s 			page 62


 3155      00
 3156              	.LASF71:
 3157 04dc 7072696F 		.ascii	"prio\000"
 3157      00
 3158              	.LASF147:
 3159 04e1 63685468 		.ascii	"chThdStart\000"
 3159      64537461 
 3159      727400
 3160              	.LASF137:
 3161 04ec 63685468 		.ascii	"chThdSleep\000"
 3161      64536C65 
 3161      657000
 3162              	.LASF132:
 3163 04f7 63685468 		.ascii	"chThdSuspendS\000"
 3163      64537573 
 3163      70656E64 
 3163      5300
 3164              	.LASF13:
 3165 0505 5F5F7569 		.ascii	"__uint64_t\000"
 3165      6E743634 
 3165      5F7400
 3166              	.LASF150:
 3167 0510 63685468 		.ascii	"chThdCreate\000"
 3167      64437265 
 3167      61746500 
 3168              	.LASF28:
 3169 051c 636F7265 		.ascii	"core_id_t\000"
 3169      5F69645F 
 3169      7400
 3170              	.LASF23:
 3171 0526 74726566 		.ascii	"trefs_t\000"
 3171      735F7400 
 3172              	.LASF179:
 3173 052e 63685469 		.ascii	"chTimeDiffX\000"
 3173      6D654469 
 3173      66665800 
 3174              	.LASF24:
 3175 053a 74707269 		.ascii	"tprio_t\000"
 3175      6F5F7400 
 3176              	.LASF57:
 3177 0542 63685F73 		.ascii	"ch_system_debug\000"
 3177      79737465 
 3177      6D5F6465 
 3177      62756700 
 3178              	.LASF121:
 3179 0552 5F426F6F 		.ascii	"_Bool\000"
 3179      6C00
 3180              	.LASF16:
 3181 0558 696E7433 		.ascii	"int32_t\000"
 3181      325F7400 
 3182              	.LASF6:
 3183 0560 756E7369 		.ascii	"unsigned char\000"
 3183      676E6564 
 3183      20636861 
 3183      7200
 3184              	.LASF181:
 3185 056e 2E2E2F2E 		.ascii	"../../chibios2111/os/rt/src/chthreads.c\000"
ARM GAS  C:\Users\nello\AppData\Local\Temp\ccsMT4zx.s 			page 63


 3185      2E2F6368 
 3185      6962696F 
 3185      73323131 
 3185      312F6F73 
 3186              	.LASF175:
 3187 0596 63685F6C 		.ascii	"ch_list_notempty\000"
 3187      6973745F 
 3187      6E6F7465 
 3187      6D707479 
 3187      00
 3188              	.LASF56:
 3189 05a7 72666375 		.ascii	"rfcu_t\000"
 3189      5F7400
 3190              	.LASF113:
 3191 05ae 69646C65 		.ascii	"idlethread_end\000"
 3191      74687265 
 3191      61645F65 
 3191      6E6400
 3192              	.LASF7:
 3193 05bd 73686F72 		.ascii	"short int\000"
 3193      7420696E 
 3193      7400
 3194              	.LASF85:
 3195 05c7 6C617374 		.ascii	"lasttime\000"
 3195      74696D65 
 3195      00
 3196              	.LASF167:
 3197 05d0 63685468 		.ascii	"chThdGetWorkingAreaX\000"
 3197      64476574 
 3197      576F726B 
 3197      696E6741 
 3197      72656158 
 3198              	.LASF77:
 3199 05e5 78707372 		.ascii	"xpsr\000"
 3199      00
 3200              	.LASF154:
 3201 05ea 5F5F7468 		.ascii	"__thd_object_init\000"
 3201      645F6F62 
 3201      6A656374 
 3201      5F696E69 
 3201      7400
 3202              	.LASF103:
 3203 05fc 65776D61 		.ascii	"ewmask\000"
 3203      736B00
 3204              	.LASF129:
 3205 0603 5F5F6675 		.ascii	"__func__\000"
 3205      6E635F5F 
 3205      00
 3206              	.LASF162:
 3207 060c 63685379 		.ascii	"chSysLock\000"
 3207      734C6F63 
 3207      6B00
 3208              	.LASF145:
 3209 0616 63685468 		.ascii	"chThdRelease\000"
 3209      6452656C 
 3209      65617365 
 3209      00
ARM GAS  C:\Users\nello\AppData\Local\Temp\ccsMT4zx.s 			page 64


 3210              	.LASF104:
 3211 0623 63685F73 		.ascii	"ch_semaphore\000"
 3211      656D6170 
 3211      686F7265 
 3211      00
 3212              	.LASF90:
 3213 0630 72656769 		.ascii	"registry_t\000"
 3213      73747279 
 3213      5F7400
 3214              	.LASF17:
 3215 063b 75696E74 		.ascii	"uint32_t\000"
 3215      33325F74 
 3215      00
 3216              	.LASF102:
 3217 0644 77746D74 		.ascii	"wtmtxp\000"
 3217      787000
 3218              	.LASF125:
 3219 064b 63685468 		.ascii	"chThdResume\000"
 3219      64526573 
 3219      756D6500 
 3220              	.LASF31:
 3221 0657 6F776E65 		.ascii	"owner\000"
 3221      7200
 3222              	.LASF82:
 3223 065d 72656773 		.ascii	"regs\000"
 3223      00
 3224              	.LASF12:
 3225 0662 6C6F6E67 		.ascii	"long unsigned int\000"
 3225      20756E73 
 3225      69676E65 
 3225      6420696E 
 3225      7400
 3226              	.LASF33:
 3227 0674 77616261 		.ascii	"wabase\000"
 3227      736500
 3228              	.LASF59:
 3229 067b 63686172 		.ascii	"char\000"
 3229      00
 3230              	.LASF135:
 3231 0680 63685468 		.ascii	"chThdSleepUntil\000"
 3231      64536C65 
 3231      6570556E 
 3231      74696C00 
 3232              	.LASF51:
 3233 0690 636F6E66 		.ascii	"config\000"
 3233      696700
 3234              	.LASF180:
 3235 0697 474E5520 		.ascii	"GNU C17 10.3.1 20210824 (release) -mcpu=cortex-m4 -"
 3235      43313720 
 3235      31302E33 
 3235      2E312032 
 3235      30323130 
 3236 06ca 6D746875 		.ascii	"mthumb -mfloat-abi=soft -march=armv7e-m -ggdb -O0 -"
 3236      6D62202D 
 3236      6D666C6F 
 3236      61742D61 
 3236      62693D73 
ARM GAS  C:\Users\nello\AppData\Local\Temp\ccsMT4zx.s 			page 65


 3237 06fd 666F6D69 		.ascii	"fomit-frame-pointer -falign-functions=16 -ffunction"
 3237      742D6672 
 3237      616D652D 
 3237      706F696E 
 3237      74657220 
 3238 0730 2D736563 		.ascii	"-sections -fdata-sections -fno-common -flto\000"
 3238      74696F6E 
 3238      73202D66 
 3238      64617461 
 3238      2D736563 
 3239              	.LASF115:
 3240 075c 7466756E 		.ascii	"tfunc_t\000"
 3240      635F7400 
 3241              	.LASF29:
 3242 0764 74687265 		.ascii	"thread_t\000"
 3242      61645F74 
 3242      00
 3243              	.LASF155:
 3244 076d 63685468 		.ascii	"chThdDoDequeueNextI\000"
 3244      64446F44 
 3244      65717565 
 3244      75654E65 
 3244      78744900 
 3245              	.LASF84:
 3246 0781 646C6973 		.ascii	"dlist\000"
 3246      7400
 3247              	.LASF61:
 3248 0787 73797374 		.ascii	"systime_t\000"
 3248      696D655F 
 3248      7400
 3249              	.LASF9:
 3250 0791 5F5F696E 		.ascii	"__int32_t\000"
 3250      7433325F 
 3250      7400
 3251              	.LASF11:
 3252 079b 5F5F7569 		.ascii	"__uint32_t\000"
 3252      6E743332 
 3252      5F7400
 3253              	.LASF165:
 3254 07a6 5F5F7365 		.ascii	"__set_BASEPRI\000"
 3254      745F4241 
 3254      53455052 
 3254      4900
 3255              	.LASF58:
 3256 07b4 70616E69 		.ascii	"panic_msg\000"
 3256      635F6D73 
 3256      6700
 3257              	.LASF95:
 3258 07be 70717565 		.ascii	"pqueue\000"
 3258      756500
 3259              	.LASF45:
 3260 07c5 63685F6F 		.ascii	"ch_os_instance\000"
 3260      735F696E 
 3260      7374616E 
 3260      636500
 3261              	.LASF182:
 3262 07d4 433A5C43 		.ascii	"C:\\ChibiStudio\\workspace_user\\GestureLogicv4\000"
ARM GAS  C:\Users\nello\AppData\Local\Temp\ccsMT4zx.s 			page 66


 3262      68696269 
 3262      53747564 
 3262      696F5C77 
 3262      6F726B73 
 3263              	.LASF48:
 3264 0801 7265676C 		.ascii	"reglist\000"
 3264      69737400 
 3265              	.LASF70:
 3266 0809 63685F70 		.ascii	"ch_priority_queue\000"
 3266      72696F72 
 3266      6974795F 
 3266      71756575 
 3266      6500
 3267              	.LASF172:
 3268 081b 63685F71 		.ascii	"ch_queue_init\000"
 3268      75657565 
 3268      5F696E69 
 3268      7400
 3269              	.LASF161:
 3270 0829 706F7274 		.ascii	"port_timer_get_time\000"
 3270      5F74696D 
 3270      65725F67 
 3270      65745F74 
 3270      696D6500 
 3271              	.LASF142:
 3272 083d 63685468 		.ascii	"chThdWait\000"
 3272      64576169 
 3272      7400
 3273              	.LASF111:
 3274 0847 6D61696E 		.ascii	"mainthread_end\000"
 3274      74687265 
 3274      61645F65 
 3274      6E6400
 3275              	.LASF107:
 3276 0856 63757272 		.ascii	"current\000"
 3276      656E7400 
 3277              	.LASF114:
 3278 085e 6F735F69 		.ascii	"os_instance_config_t\000"
 3278      6E737461 
 3278      6E63655F 
 3278      636F6E66 
 3278      69675F74 
 3279              	.LASF93:
 3280 0873 74687265 		.ascii	"threads_queue_t\000"
 3280      6164735F 
 3280      71756575 
 3280      655F7400 
 3281              	.LASF105:
 3282 0883 63685F6D 		.ascii	"ch_mutex\000"
 3282      75746578 
 3282      00
 3283              	.LASF46:
 3284 088c 726C6973 		.ascii	"rlist\000"
 3284      7400
 3285              	.LASF158:
 3286 0892 63685468 		.ascii	"chThdGetSelfX\000"
 3286      64476574 
ARM GAS  C:\Users\nello\AppData\Local\Temp\ccsMT4zx.s 			page 67


 3286      53656C66 
 3286      5800
 3287              	.LASF15:
 3288 08a0 75696E74 		.ascii	"uint8_t\000"
 3288      385F7400 
 3289              	.LASF35:
 3290 08a8 666C6167 		.ascii	"flags\000"
 3290      7300
 3291              	.LASF183:
 3292 08ae 63685468 		.ascii	"chThdYield\000"
 3292      64596965 
 3292      6C6400
 3293              	.LASF98:
 3294 08b9 77746F62 		.ascii	"wtobjp\000"
 3294      6A7000
 3295              	.LASF160:
 3296 08c0 63685379 		.ascii	"chSysUnlock\000"
 3296      73556E6C 
 3296      6F636B00 
 3297              	.LASF178:
 3298 08cc 73746172 		.ascii	"start\000"
 3298      7400
 3299              	.LASF94:
 3300 08d2 6C697374 		.ascii	"list\000"
 3300      00
 3301              	.LASF164:
 3302 08d7 706F7274 		.ascii	"port_lock\000"
 3302      5F6C6F63 
 3302      6B00
 3303              	.LASF40:
 3304 08e1 6D74786C 		.ascii	"mtxlist\000"
 3304      69737400 
 3305              	.LASF19:
 3306 08e9 706F7274 		.ascii	"port_stkalign_t\000"
 3306      5F73746B 
 3306      616C6967 
 3306      6E5F7400 
 3307              	.LASF173:
 3308 08f9 63685F6C 		.ascii	"ch_list_unlink\000"
 3308      6973745F 
 3308      756E6C69 
 3308      6E6B00
 3309              	.LASF130:
 3310 0908 63685468 		.ascii	"chThdEnqueueTimeoutS\000"
 3310      64456E71 
 3310      75657565 
 3310      54696D65 
 3310      6F757453 
 3311              	.LASF143:
 3312 091d 63685468 		.ascii	"chThdExitS\000"
 3312      64457869 
 3312      745300
 3313              		.text
 3314              		.section	.gnu.lto_.inline.71a442c6,"e",%progbits
 3315 0000 789C9555 		.ascii	"x\234\225U9V\3030\020\035\313I\010q\026H\330\367}\017"
 3315      3956C330 
 3315      101DCB49 
ARM GAS  C:\Users\nello\AppData\Local\Temp\ccsMT4zx.s 			page 68


 3315      08711648 
 3315      D8F77D0F 
 3316 0014 47F12980 		.ascii	"G\361)\200\300%x\320Q\272\244\240\240\240\240\344\010"
 3316      C02578D0 
 3316      51BAA4A0 
 3316      A0A0A0E4 
 3316      08
 3317 0025 39068F8A 		.ascii	"9\006\217\212\2222G@\372c9\222-G\211\013[\313\237\345"
 3317      92324740 
 3317      FA633992 
 3317      2D47890B 
 3317      5BCB9FE5 
 3318 0039 FF19C93F 		.ascii	"\377\031\311?u\312\236>Q\345I>\341\015\221\310F\025"
 3318      75CA9E3E 
 3318      51E5493E 
 3318      E10D91C8 
 3318      4615
 3319 004b 7A96A347 		.ascii	"z\226\243GABB\002\252\311\311P\334JD]\217,\204\360\372"
 3319      41424202 
 3319      AAC9C950 
 3319      DC4A445D 
 3319      8F2C84F0 
 3320 0060 08A9AAD6 		.ascii	"\010\251\252\326\341\243\246G\026\242\342\215R\365\""
 3320      E1A3A647 
 3320      16A2E28D 
 3320      52F522
 3321 006f 6ADE2873 		.ascii	"j\336(s^D\235\346\261~'\021m=\262\020\363\204\350\241"
 3321      5E449DE6 
 3321      B17E2711 
 3321      6D3DB210 
 3321      F384E8A1 
 3322 0083 F2D1D423 		.ascii	"\362\321\324#\013\321\360\372\210\274\2125\275\210\226"
 3322      0BD1F0FA 
 3322      88BC8A35 
 3322      BD8896
 3323 0092 17D1F122 		.ascii	"\027\321\361\"\026\220\351{8(E\210H\265@\022\207M\376"
 3323      1690E97B 
 3323      38284588 
 3323      48B54012 
 3323      874DFE
 3324 00a5 2E721542 		.ascii	".r\025B\305M\200[\241\326M\264D\022w!\366\373\004(\234"
 3324      C54D805B 
 3324      A1D64DB4 
 3324      44127721 
 3324      F6FB0428 
 3325 00ba 536F4ADC 		.ascii	"SoJ\334\022\365\344\322\237\270\227\013Kr\364[\220U"
 3325      12F5E4D2 
 3325      9FB8970B 
 3325      4B72F45B 
 3325      9055
 3326 00cc 276B252D 		.ascii	"'k%-\2228\211\227iS\302^a{\202\346\031\344\233\247\203"
 3326      92388997 
 3326      6953C25E 
 3326      617B82E6 
 3326      19E49BA7 
 3327 00e1 2E54E024 		.ascii	".T\340$^E\215\023\300\335)\005\015\322\\e \236\255\031"
 3327      5E458D13 
ARM GAS  C:\Users\nello\AppData\Local\Temp\ccsMT4zx.s 			page 69


 3327      C0DD2905 
 3327      0DD25C65 
 3327      209EAD19 
 3328 00f5 6A4ED0C6 		.ascii	"jN\320\306Ps\235\"\2719\232.\216$\222\013\270\001V\243"
 3328      50739D22 
 3328      B9399A2E 
 3328      8E24920B 
 3328      B80156A3 
 3329 0109 50996F29 		.ascii	"P\231o)E\302\274\"9\363\214$i\027\233\2630U.x\272\305"
 3329      45C2BC22 
 3329      39F38C24 
 3329      69179BB3 
 3329      30552E78 
 3330 011f 66A0EA3E 		.ascii	"f\240\352>\214\214\343\3676\035C\230\207T\375\247\202"
 3330      8C8CE3F7 
 3330      361D4398 
 3330      8754FDA7 
 3330      82
 3331 0130 FA7690B1 		.ascii	"\372v\220\261@\371\366c\234^\345\331\016T\030\012\345"
 3331      40F9F663 
 3331      9C5EE5D9 
 3331      0E54180A 
 3331      E5
 3332 0141 7D054DEC 		.ascii	"}\005M\354\356\213\314\0147\237H\277\351 \320\372\006"
 3332      EE8BCC0C 
 3332      379F48BF 
 3332      E920D0FA 
 3332      06
 3333 0152 69DC208D 		.ascii	"i\334 \215\033\214\363\240]4\377H\224\027\330\316l\217"
 3333      1B8CF3A0 
 3333      5D34FF48 
 3333      9417D8CE 
 3333      6C8F
 3334 0164 BA72EB0D 		.ascii	"\272r\353\015\2315\220Y\341\352\214\212\274\014\031"
 3334      99359059 
 3334      E1EA8C8A 
 3334      BC0C19
 3335 0173 B2048D7D 		.ascii	"\262\004\215}\332\207\327OT\335\315\327\324\336\264"
 3335      DA87D74F 
 3335      54DDCDD7 
 3335      D4DEB4
 3336 0182 3C98A96A 		.ascii	"<\230\251j\2074'7^\274\255as8\242\216\004|#;\367\025"
 3336      87342737 
 3336      5EBCAD61 
 3336      7338A28E 
 3336      047C233B 
 3337 0198 6B5B6514 		.ascii	"k[e\024+-\315\232\223e\3301\251\243\376\001\011\247"
 3337      2B2DCD9A 
 3337      9365D831 
 3337      A9A3FE01 
 3337      09A7
 3338 01aa 7137F692 		.ascii	"q7\366\2229\256\266Uk\361\3016]\237\020;\364\3613\337"
 3338      39AEB655 
 3338      6BF1C136 
 3338      5D9F103B 
 3338      F4F133DF 
 3339 01be A7A4AEFC 		.ascii	"\247\244\256\374/\330\224\374\014#\243\222<9\243\026"
ARM GAS  C:\Users\nello\AppData\Local\Temp\ccsMT4zx.s 			page 70


 3339      2FD894FC 
 3339      0C23A392 
 3339      3C39A316 
 3340 01ce 0EE7A0B4 		.ascii	"\016\347\240\264\0158k2\222f\313s\334\017_h8\367\237"
 3340      0D386B32 
 3340      9266CB73 
 3340      DC0F5F68 
 3340      38F79F
 3341 01e1 44F3BE30 		.ascii	"D\363\2760\220\356\277\322\270\253.g<\363\272\264W\324"
 3341      90EEBFD2 
 3341      B8AB2E67 
 3341      3CF3BAB4 
 3341      57D4
 3342 01f3 06E5F2D2 		.ascii	"\006\345\362\322f<\034-\314\214\372\310s\010-\334>\212"
 3342      663C1C2D 
 3342      CC8CFAC8 
 3342      73082DDC 
 3342      3E8A
 3343 0205 97C0F514 		.ascii	"\227\300\365\0246\306q\345\260\377\344\262\233<"
 3343      36C671E5 
 3343      B0FFE4B2 
 3343      9B3C
 3344              		.text
 3345              		.section	.gnu.lto_.jmpfuncs.71a442c6,"e",%progbits
 3346 0000 789C6362 		.ascii	"x\234cb@\006\000\000*\000\003"
 3346      40060000 
 3346      2A0003
 3347              		.text
 3348              		.section	.gnu.lto_.lto.71a442c6,"e",%progbits
 3349 0000 09000400 		.ascii	"\011\000\004\000\001\000\000\000"
 3349      01000000 
 3350              		.text
 3351              		.section	.gnu.lto_chTimeDiffX.9.71a442c6,"e",%progbits
 3352 0000 789C6590 		.ascii	"x\234e\220\277K#A\024\307\337w\337F\274\352,\264V\021"
 3352      BF4B2341 
 3352      14C7DF77 
 3352      DF46BCEA 
 3352      2CB45611 
 3353 0014 392C6E63 		.ascii	"9,nc\304B\254\004\013\233\353\264\222\200\227\333\014"
 3353      C442AC04 
 3353      0B9BEBB4 
 3353      928097DB 
 3353      0C
 3354 0025 66F1C7CA 		.ascii	"f\361\307\312\356F\261\312\304\220\034\210\232D\253"
 3354      EE46B1CA 
 3354      C4901C88 
 3354      9A44AB
 3355 0034 3BBC1492 		.ascii	";\274\024\222\342\304\"\010\212\336\211\022\360\017"
 3355      E2C42208 
 3355      8ADE8912 
 3355      F00F
 3356 0042 F038FF01 		.ascii	"\3608\377\001{E\305JD\2103Q0\350cfx\357;\2377\337\231"
 3356      7B45C54A 
 3356      44883351 
 3356      30E86366 
 3356      78EF3B9F 
 3357 0059 1903D122 		.ascii	"\031\003\321\"\021\365\252I&a\275\270lP\255VK\231\006"
ARM GAS  C:\Users\nello\AppData\Local\Temp\ccsMT4zx.s 			page 71


 3357      11F5AA49 
 3357      2661BDB8 
 3357      6C50AD56 
 3357      4B9906
 3358 006c 368ACB67 		.ascii	"6\212\313g\017{&\216P\027\030i\263\236\200R\006#\205"
 3358      0F7B268E 
 3358      50171869 
 3358      B39E8052 
 3358      062385
 3359 007f 0DDE64AC 		.ascii	"\015\336d\254s\231\011\346K\006t\364T\245\274\317\376"
 3359      739909E6 
 3359      4B0674F4 
 3359      54A5BCCF 
 3359      FE
 3360 0090 FC55F9B8 		.ascii	"\374U\371\270\371\273j\226\331\240\222\002\366\201="
 3360      F9BB6A96 
 3360      D9A09202 
 3360      F6813D
 3361 009f 680F05F2 		.ascii	"h\017\005\3628}R\320\277\313C)?P\231\031\007h`\224\360"
 3361      387D52D0 
 3361      BFCB4329 
 3361      3F509919 
 3361      07686094 
 3362 00b4 75B75373 		.ascii	"u\267Ss\363\317\334J\346\273l15\367\347-w\322I\324D"
 3362      F3CFDC4A 
 3362      E6BB6C31 
 3362      35F7E72D 
 3362      77D249D4 
 3363 00c9 DA4185D2 		.ascii	"\332A\205\322\320]\315\312\333\355\263\334Zk!\335\374"
 3363      D05DCDCA 
 3363      DBEDB3DC 
 3363      5A6B21DD 
 3363      FC
 3364 00da CE9C2AFF 		.ascii	"\316\234*\377CU\371X\313Ky\263\370\343\264r\214\020"
 3364      4355F958 
 3364      CB4B79B3 
 3364      F8E3B472 
 3364      8C10
 3365 00ec 80BF3080 		.ascii	"\200\2770\200C0i\236\362\254\337_\217v\325T`\343\265"
 3365      4330699E 
 3365      F2ACDF5F 
 3365      8F76D554 
 3365      60E3B5
 3366 00ff 045D2353 		.ascii	"\004]#S\312a\213y\213\325\252p\005p\003\200+\244\207"
 3366      CA618B79 
 3366      8BD5AA70 
 3366      05700380 
 3366      2BA487
 3367 0112 A84B4A79 		.ascii	"\250KJy\273S\221\035(\263\371r;\035wX\2728/\255B}\251"
 3367      BB53911D 
 3367      28B3F972 
 3367      3B1D7758 
 3367      BA382FAD 
 3368 0129 3A422B79 		.ascii	":B+yF\243\033\321\347\341\301\350p\302\371\346\214\006"
 3368      46A31BD1 
 3368      E7E1C1E8 
 3368      70C2F9E6 
ARM GAS  C:\Users\nello\AppData\Local\Temp\ccsMT4zx.s 			page 72


 3368      8C06
 3369 013b C9B8E346 		.ascii	"\311\270\343F\027\\o\312\237\213\331b\"\351\013/:\""
 3369      175C6FCA 
 3369      9F8BD962 
 3369      22E90B2F 
 3369      3A22
 3370 014d FC20E989 		.ascii	"\374 \351\211/\356\244c\317\367S\217e\205\325\260u\203"
 3370      2FEEA463 
 3370      CFF7538F 
 3370      6585D5B0 
 3370      7583
 3371 015f EBF74522 		.ascii	"\353\367E\"\221\260\353\207\275 \354\314\332\323\311"
 3371      91B0EB87 
 3371      BD20ECCC 
 3371      DAD3C9
 3372 016e B8503B81 		.ascii	"\270P;\2013#\254\004\205\374 \346\005m\252Nx\"\026\367"
 3372      3323AC04 
 3372      85FC20E6 
 3372      056DAA4E 
 3372      782216F7 
 3373 0182 2DDBB207 		.ascii	"-\333\262\007\372Do\244_\020\213\331\370\023\025\213"
 3373      FA446FA4 
 3373      5F108BD9 
 3373      F813158B 
 3374 0192 AD5C     		.ascii	"\255\\"
 3375              		.text
 3376              		.section	.gnu.lto_chTimeIsInRangeX.10.71a442c6,"e",%progbits
 3377 0000 789C5D91 		.ascii	"x\234]\221\315KTQ\030\306\337\347\276\347\016\206\033"
 3377      CD4B5451 
 3377      18C6DFE7 
 3377      BEE70E86 
 3377      1B
 3378 0011 17B54E89 		.ascii	"\027\265N\211\010\027\335ql\026\321*p\321\246]\273\030"
 3378      0817DD71 
 3378      6C16D12A 
 3378      70D1A65D 
 3378      BB18
 3379 0023 90E9CEA1 		.ascii	"\220\351\316\241\271\224^\271\037\265\350c\216\205J"
 3379      B9945EB9 
 3379      1FB5E863 
 3379      8E854A
 3380 0032 824C2AB4 		.ascii	"\202L*\264\220P\270\314B\332hP\246\2250;\027iE\253\210"
 3380      9050B8CC 
 3380      42DA6850 
 3380      A695303B 
 3380      176945AB 
 3381 0047 A0FE0009 		.ascii	"\240\376\000\011iQ-\224\351\234\343P2/\367\343=\317"
 3381      69512D94 
 3381      E99CE350 
 3381      322FF7E3 
 3381      3DCF
 3382 0059 FDBD0FCF 		.ascii	"\375\275\017\3179\367\031\210\356\023\321\200\276I\020"
 3382      39F71988 
 3382      EE13D180 
 3382      BE4910
 3383 0068 E666A71D 		.ascii	"\346f\247\035j\265Z5\341`~vz\353\340\205\300&\254\300"
 3383      6AB55A35 
ARM GAS  C:\Users\nello\AppData\Local\Temp\ccsMT4zx.s 			page 73


 3383      E1607E76 
 3383      7AEBE085 
 3383      C026ACC0 
 3384 007c 1817B601 		.ascii	"\030\027\266\001\325\034F\015\363\334\337T\352\317\304"
 3384      D51C460D 
 3384      F3DCDF54 
 3384      EACFC4
 3385 008b C276BD7B 		.ascii	"\302v\275{a\271\211\006\023-2\341\034\254\333S\306\034"
 3385      61B98906 
 3385      132D32E1 
 3385      1CACDB53 
 3385      C61C
 3386 009d 371810ED 		.ascii	"7\030\020\355\316A\257\356\370*\235\321c\037\277\255"
 3386      CE41AFEE 
 3386      F82A9DD1 
 3386      631FBFAD 
 3387 00ad 2B758C1A 		.ascii	"+u\214\032\314x\0053\265\006\274\324a\2640\274o\271"
 3387      CC780533 
 3387      B506BCD4 
 3387      61B430BC 
 3387      6FB9
 3388 00bf D472AB3B 		.ascii	"\324r\253;\365)\325#\014\267\321\311=\3523\334\235C"
 3388      F529D523 
 3388      0CB7D1C9 
 3388      3DEA33DC 
 3388      9D43
 3389 00d1 EEFD3FEE 		.ascii	"\356\375?\356M'\367\244\217(g\263\351\322\032N7'\324"
 3389      4D27F7A4 
 3389      8F2867B3 
 3389      E9D21A4E 
 3389      3727D4
 3390 00e4 DEE70F93 		.ascii	"\336\347\017\2233\307WUWGlZ\371\3446\325~\253\256\324"
 3390      33C75755 
 3390      57476C5A 
 3390      F9E436D5 
 3390      7EABAED4 
 3391 00f8 EFBBBB5F 		.ascii	"\357\273\273_\177uwA\233\010\307<\364f\326!\200\327"
 3391      7F757741 
 3391      9B08C73C 
 3391      F466D621 
 3391      80D7
 3392 010a 7081B7C8 		.ascii	"p\201\267\310\221\231\245:\233\023\263uR\273?f\347\377"
 3392      9199A53A 
 3392      9B13B375 
 3392      52BB3F66 
 3392      E7FF
 3393 011c 12F4030F 		.ascii	"\022\364\003\017\027'w\234\214\2211g,\016\205w\3672"
 3393      1727779C 
 3393      8C913167 
 3393      2C0E8577 
 3393      F732
 3394 012e D69ADB16 		.ascii	"\326\232\333\026\326\246\266\016\212\031\347,\345\220"
 3394      D6A6B60E 
 3394      8A19E72C 
 3394      E590
 3395 013c 31E12326 		.ascii	"1\341#&\330\305\370E:\245\224\332\373\262\242z\365I"
 3395      D8C5F845 
ARM GAS  C:\Users\nello\AppData\Local\Temp\ccsMT4zx.s 			page 74


 3395      3AA594DA 
 3395      FBB2A27A 
 3395      F549
 3396 014e BBEDDD98 		.ascii	"\273\355\335\230\372\211\007\337\237/\315@\377(mA6\021"
 3396      FA8907DF 
 3396      9F2FCD40 
 3396      FF286D41 
 3396      3611
 3397 0160 8E26223A 		.ascii	"\216&\":;t\2414T\015\256\005W\222\264\022\204\245\333"
 3397      3B74A134 
 3397      540DAE05 
 3397      5792B412 
 3397      84A5DB
 3398 0173 6174231E 		.ascii	"at#\036+\373r8\215eT\272$\343$\215\344\345\360z\340"
 3398      2BFB7238 
 3398      8D6554BA 
 3398      24E3248D 
 3398      E4E5F07A 
 3399 0188 DF2A52BF 		.ascii	"\337*R\277\347\345\365\345\233\2010\036,\024\012\371"
 3399      E7E5F5E5 
 3399      9B81301E 
 3399      2C140AF9 
 3400 0198 30CE4749 		.ascii	"0\316GI>\030\365o\246\025\251\277$\301\210\364\252$"
 3400      3E18F56F 
 3400      A615A9BF 
 3400      24C188F4 
 3400      AA24
 3401 01aa CCFB845E 		.ascii	"\314\373\204^V#Y\256\304\236\357\371\347\007\345@\241"
 3401      562359AE 
 3401      C49EEFF9 
 3401      E707E540 
 3401      A1
 3402 01bb 28C98D93 		.ascii	"(\311\215\223r\224\260\034\255\374\005?b\310\316"
 3402      7294B01C 
 3402      ADFC053F 
 3402      62C8CE
 3403              		.text
 3404              		.section	.gnu.lto_ch_list_init.14.71a442c6,"e",%progbits
 3405 0000 789C4D4F 		.ascii	"x\234MO1H\003A\020\334\275\215\242X[\253\240\210\202"
 3405      31480341 
 3405      10DCBD8D 
 3405      A2585BAB 
 3405      A08882
 3406 0013 FFF99042 		.ascii	"\377\371\220BlS\010bgiP\342\345\360\037\203\037\376"
 3406      6C530862 
 3406      676950E2 
 3406      E5F01F83 
 3406      1FFE
 3407 0025 FEB5CC19 		.ascii	"\376\265\314\031Hc\023\215]P\013y\304\316JM\324\"\010"
 3407      4863138D 
 3407      5D500B79 
 3407      C4CE4A4D 
 3407      D42208
 3408 0038 F662AD68 		.ascii	"\366b\255h%V\026\251\014\010\357}\214\350r\0133\263"
 3408      255616A9 
 3408      0C08EF7D 
 3408      8CE8720B 
ARM GAS  C:\Users\nello\AppData\Local\Temp\ccsMT4zx.s 			page 75


 3408      33B3
 3409 004a ECCE5C1B 		.ascii	"\354\316\\\033\000\244\3561\335@\200\265\375]\006Q\024"
 3409      00A4EE31 
 3409      DD4080B5 
 3409      FD5D0651 
 3409      14
 3410 005b 95120C77 		.ascii	"\225\022\014w\306\261\211]\214PbX\302\003\232RJ}V\352"
 3410      C6B1895D 
 3410      8C506258 
 3410      C2039A52 
 3410      4A7D56EA 
 3411 006f CDCA903A 		.ascii	"\315\312\220:kaH\000\307\004?uHX\243\220\020\023=\304"
 3411      6B614800 
 3411      C7043F75 
 3411      4858A390 
 3411      10133DC4 
 3412 0083 7054235A 		.ascii	"pT#Z\206\311\226R\017O\015\245\006!$\302+\324;x\211"
 3412      86C99652 
 3412      0F4F0DA5 
 3412      062124C2 
 3412      2BD43B78 
 3413 0098 7881100B 		.ascii	"x\201\020\013+/\243\000\375\277\227\264\006\347\217"
 3413      2B2FA300 
 3413      FDBF97B4 
 3413      06E78F
 3414 00a7 7D2DF515 		.ascii	"}-\365\025U\225\272\177\303\333\011\035\005\033Z\257"
 3414      5595BA7F 
 3414      C3DB091D 
 3414      051B5AAF 
 3415 00b7 529CAC5B 		.ascii	"R\234\254[#\232\356\021\373\243\010\037X\256w\236\357"
 3415      239AEE11 
 3415      FBA3081F 
 3415      58AE779E 
 3415      EF
 3416 00c8 A8E74E18 		.ascii	"\250\347N\030':E\035\370\235\205\2248\321y\256\021\222"
 3416      273A451D 
 3416      F89D8594 
 3416      38D179AE 
 3416      1192
 3417 00da 9A0FC4D3 		.ascii	"\232\017\304\323\033<\212\375\264\014m,\277v\026\272"
 3417      1B3C8AFD 
 3417      B40C6D2C 
 3417      BF7616BA 
 3418 00ea 9FA812FE 		.ascii	"\237\250\022\376\267\000\230\311\314e3\266\263\346,"
 3418      B70098C9 
 3418      CC6533B6 
 3418      B3E62C
 3419 00f9 F941DE71 		.ascii	"\371A\336q\263\333\256\267!\2139.V\003)\274\354\274"
 3419      B3DBAEB7 
 3419      218B392E 
 3419      560329BC 
 3419      ECBC
 3420 010b 907EE089 		.ascii	"\220~\340\211Ew\335\341[i\2306\014S?\036/\2702eY\226"
 3420      4577DDE1 
 3420      5B699836 
 3420      0C533F1E 
 3420      2FB83265 
ARM GAS  C:\Users\nello\AppData\Local\Temp\ccsMT4zx.s 			page 76


 3421 0121 E94AD3F3 		.ascii	"\351J\323\363Mg\223\027\202\274\320\223\202#}i\330\300"
 3421      4D679317 
 3421      82BCD093 
 3421      82237D69 
 3421      D8C0
 3422 0133 0AC5616E 		.ascii	"\012\305an\373\266'ryip\203\317\246D\322J\013\370\006"
 3422      FBB62772 
 3422      79697083 
 3422      CFA644D2 
 3422      4A0BF806 
 3423 0147 316F8494 		.ascii	"1o\204\224"
 3424              		.text
 3425              		.section	.gnu.lto_ch_list_notempty.16.71a442c6,"e",%progbits
 3426 0000 789C5D50 		.ascii	"x\234]P=H\034Q\020\236ogO\"i\265\366@$\030p\357\316"
 3426      3D481C51 
 3426      109E6F67 
 3426      4F2269B5 
 3426      F6402418 
 3427 0017 58889560 		.ascii	"X\210\225`a\223\316\322C1{Kn\361pe\337\236)\357i8\005"
 3427      6193CED2 
 3427      43317B4B 
 3427      6EF17065 
 3427      DF9E29EF 
 3428 002e 83F8D789 		.ascii	"\203\370\327\211\2468NIeRhb\320\342\232\2206\010V\012"
 3428      A6384E49 
 3428      65526862 
 3428      D0E29A90 
 3428      3608560A 
 3429 0042 5A26444F 		.ascii	"Z&DO\261\262\010\234\363\326\003%\303{0\363\275\371"
 3429      B1B2089C 
 3429      F3D60325 
 3429      C37B30F3 
 3429      BDF9
 3430 0054 BEF9E68D 		.ascii	"\276\371\346\215\203H\021QZ.\331\204\265\325E\213\032"
 3430      83481151 
 3430      5A2ED984 
 3430      B5D5458B 
 3430      1A
 3431 0065 8D46C9B6 		.ascii	"\215F\311\266\260\276\272x\275\273g\343;b\2001k\307"
 3431      B0BEBA78 
 3431      BDBB67E3 
 3431      3B628031 
 3431      6BC7
 3432 0077 09A86431 		.ascii	"\011\250d1JX\347\356\232\326w\345\215\277\345\347\033"
 3432      4A58E7EE 
 3432      9AD677E5 
 3432      8DBFE5E7 
 3432      1B
 3433 0088 9F6AA832 		.ascii	"\237j\2502\321G&\274B\254\266\311X\343*\003v3\263\220"
 3433      D14726BC 
 3433      42ACB6C9 
 3433      58E32A03 
 3433      7633B390 
 3434 009c 948C47E9 		.ascii	"\224\214G\351\205\320~\375>\320\272\225\252\314\370"
 3434      85D07EFD 
 3434      3ED0BA95 
 3434      AACCF8
ARM GAS  C:\Users\nello\AppData\Local\Temp\ccsMT4zx.s 			page 77


 3435 00ab 06C3FA0A 		.ascii	"\006\303\372\012\354\213\031\001\306~&\211Zb-\011\301"
 3435      EC8B1901 
 3435      C67E2689 
 3435      5A622D09 
 3435      C1
 3436 00bc D0552BEB 		.ascii	"\320U+\353\233\253\037\363Km_\364\263\377\306\320\347"
 3436      9BAB1FF3 
 3436      4B6D5FF4 
 3436      B3FFC6D0 
 3436      E7
 3437 00cd E3444DFF 		.ascii	"\343DM\377k,k}\356\\\236\035\266&`Dd\356\001l2\315\264"
 3437      6B2C6B7D 
 3437      EE5C9E1D 
 3437      B6266044 
 3437      64EE016C 
 3438 00e4 CC66A538 		.ascii	"\314f\2458:Dn\205\255\307\022T\307\334\321\237\366\012"
 3438      3A446E85 
 3438      ADC71254 
 3438      C7DCD19F 
 3438      F60A
 3439 00f6 A3699361 		.ascii	"\243i\223a\254\357@k3\313\256\010p\010J?\224\214#l\305"
 3439      ACEF406B 
 3439      33CBAE08 
 3439      70084A3F 
 3439      948C236C 
 3440 010b BEEA787F 		.ascii	"\276\352x\177\274p\202J\334!l2\302\374D\030\227\230"
 3440      BC70824A 
 3440      DC216C32 
 3440      C2FC4418 
 3440      9798
 3441 011d 1DA44EE1 		.ascii	"\035\244N\341\335\324\267uR\276'\321\\\311\304-\346"
 3441      DDD4B775 
 3441      52BE27D1 
 3441      5CC9C42D 
 3441      E6
 3442 012e 2E4E3F2C 		.ascii	".N?,A~W$(v\211\247.\211z\206\006\262Cy\377\215?\022"
 3442      417E5724 
 3442      287689A7 
 3442      2E897A86 
 3442      06B24379 
 3443 0146 15737E90 		.ascii	"\025s~\220}\027\204\223jz\302\365\306\213\312\013\263"
 3443      7D178493 
 3443      6A7AC2F5 
 3443      C68BCA0B 
 3443      B3
 3444 0157 C39E8A8A 		.ascii	"\303\236\212\212\241\367:x\353\2733}\364\322qRr\\C\010"
 3444      A1F73A78 
 3444      EBBB337D 
 3444      F4D27152 
 3444      725C4308 
 3445 016b 546F2693 		.ascii	"To&\223I\005*\025F)\177\312-\024s\236\274\024|\025)"
 3445      49052A15 
 3445      46297FCA 
 3445      2D14739E 
 3445      BC147C15 
 3446 0180 274F5661 		.ascii	"'OVa\272\335\315G\371\320\233\310)\307u\334\376^/\235"
 3446      BADDCD47 
ARM GAS  C:\Users\nello\AppData\Local\Temp\ccsMT4zx.s 			page 78


 3446      F9D09BC8 
 3446      29C775DC 
 3446      FE5E2F9D 
 3447 0194 E9F3E81E 		.ascii	"\351\363\350\036\357R\255\""
 3447      EF52AD22 
 3448              		.text
 3449              		.section	.gnu.lto_ch_list_link.17.71a442c6,"e",%progbits
 3450 0000 789C6D90 		.ascii	"x\234m\220K(Da\024\307\317\377\236\353\225\2655J\211"
 3450      4B284461 
 3450      14C7CFFF 
 3450      9EEB95B5 
 3450      354A89
 3451 0013 72C7C842 		.ascii	"r\307\310B\266\0266\262\2614\021wn\346fr\247\373`9\237"
 3451      B61636B2 
 3451      B1341177 
 3451      6EE66672 
 3451      A7FB6039 
 3452 0028 29D1A4C6 		.ascii	")\321\244\306cE(\232d\241\254\274\311H\366\262\246\354"
 3452      6345289A 
 3452      64A1ACBC 
 3452      C948F6B2 
 3452      A6EC
 3453 003a 5849A488 		.ascii	"XI\244\210\032\337\275c\274r\372\276:\347|\277\363\370"
 3453      1ADFBD63 
 3453      BC72FABE 
 3453      3AE77CBF 
 3453      F3F8
 3454 004c 7F291079 		.ascii	"\177)\020yDT+/1an6\255P>\237O\252\012\306\353p\210\300"
 3454      44542B2F 
 3454      31616E36 
 3454      AD503E9F 
 3454      4FAA0AC6 
 3455 0064 07251524 		.ascii	"\007%\025$1\317\015B\210\227\211\305\251\311J\261\221"
 3455      31CF0D42 
 3455      889789C5 
 3455      A9C94AB1 
 3455      91
 3456 0075 43968956 		.ascii	"C\226\211V\230\012\266\304\230\343,\003\352\247\247"
 3456      980AB6C4 
 3456      98E32C03 
 3456      EAA7A7
 3457 0084 A0467ADC 		.ascii	"\240Fz\334K\3659!.\256\366\204\250\240,3v!k\260\003"
 3457      4BF53921 
 3457      2EAEF684 
 3457      A8A02C33 
 3457      76216BB0 
 3458 0099 6CCBD932 		.ascii	"l\313\3312\321\267\032pn\201{\373\342\366\377r\2335"
 3458      D1B71A70 
 3458      6E817BFB 
 3458      E2F6FF72 
 3458      9B35
 3459 00ab 44A5C589 		.ascii	"D\245\305\2112G[\227%9\361\236\317\010\361|\213\351"
 3459      32475B97 
 3459      2539F19E 
 3459      CF08F17C 
 3459      8BE9
 3460 00bd FA32F898 		.ascii	"\3722\370\230\334`\017*p \211\014\373Z\002\253\226\341"
ARM GAS  C:\Users\nello\AppData\Local\Temp\ccsMT4zx.s 			page 79


 3460      DC600F2A 
 3460      7020890C 
 3460      FB5A02AB 
 3460      96E1
 3461 00cf 0C2BDF21 		.ascii	"\014+\337!\350\036\251\243\375\363'^c|\256\314\360e"
 3461      E81EA9A3 
 3461      FDF3275E 
 3461      637CAECC 
 3461      F065
 3462 00e1 AC43AA2C 		.ascii	"\254C\252,\317\262\272&\023G\240\346B\3108\306r0[\026"
 3462      CFB2BA26 
 3462      1347A0E6 
 3462      42C838C6 
 3462      72305B16 
 3463 00f5 3EA4AF51 		.ascii	">\244\257QD7\224\200U\177\261'\005V\366\366\361\305"
 3463      44379480 
 3463      557FB127 
 3463      0556F6F6 
 3463      F1C5
 3464 0107 D7F3332E 		.ascii	"\327\3633.\362w\312?\275O\213\274J\217H\335,t\007\237"
 3464      F277CA3F 
 3464      BD4F8BBC 
 3464      4A8F48DD 
 3464      2C74079F 
 3465 011b 9A61FC14 		.ascii	"\232a\374\024@\324\324\321\036\351\210\231\203f\217"
 3465      40D4D4D1 
 3465      1EE98899 
 3465      83668F
 3466 012a EB454D2B 		.ascii	"\353EM+2f\331\303Nb@7\372=\307\260#\235\206\343z\266"
 3466      3266D9C3 
 3466      4E624037 
 3466      FA3DC7B0 
 3466      239D86E3 
 3467 0140 D1650D99 		.ascii	"\321e\015\231\372h+5jZH\036\335/\260\234\226p8\034\262"
 3467      FA682B35 
 3467      6A5A481E 
 3467      DD2FB09C 
 3467      9670381C 
 3468 0155 9C90ED86 		.ascii	"\234\220\355\206\314\021=\356E\015\371\0227\035\327"
 3468      CC113DEE 
 3468      450DF912 
 3468      371DD7
 3469 0164 D162A4C4 		.ascii	"\321b\244\304\023Uz\314\215\331\306@\324\321tMok1\232"
 3469      13557ACC 
 3469      8DD9C640 
 3469      D4D1744D 
 3469      6F6B319A 
 3470 0178 C3AD0621 		.ascii	"\303\255\006!\361\001\033\331\254\250"
 3470      F1011BD9 
 3470      ACA8
 3471              		.text
 3472              		.section	.gnu.lto_ch_list_unlink.18.71a442c6,"e",%progbits
 3473 0000 789C6D91 		.ascii	"x\234m\221Mh\023Q\020\307\347\377\336\032\333KO\352"
 3473      4D681351 
 3473      10C7E7FF 
 3473      DE1ADB4B 
 3473      4FEA
ARM GAS  C:\Users\nello\AppData\Local\Temp\ccsMT4zx.s 			page 80


 3474 0012 B50129A2 		.ascii	"\265\001)\242\340&)=\250'\241\007/\336<\032Z\352f1\213"
 3474      E026293D 
 3474      A827A107 
 3474      2FDE3C1A 
 3474      5AEA6631 
 3475 0027 C10DFB51 		.ascii	"\301\015\373Q\217y)T!`\323\017\360 U\301\006\255\320"
 3475      8F792954 
 3475      2160D30F 
 3475      F02055C1 
 3475      06ADD0
 3476 003a E2A5A54D 		.ascii	"\342\245\245M\255\262x\311UD\005o\202\210\202EB\275"
 3476      ADB278C9 
 3476      5544056F 
 3476      82888245 
 3476      42BD
 3477 004c 4410D679 		.ascii	"D\020\326y\033k\023p\330]\336\314\374f\346\277\363:"
 3477      1B6B1370 
 3477      D85DDECC 
 3477      FC66E6BF 
 3477      F33A
 3478 005e 200A8928 		.ascii	" \012\211(\313/\031\204\305\205\232\2408\216+\206\300"
 3478      CB2F1984 
 3478      C5859AA0 
 3478      388E2B86 
 3478      C0
 3479 006f D242EDEB 		.ascii	"\322B\355\353\316\206\201\027H\002\022U#9\200*B\242"
 3479      CE868117 
 3479      48021255 
 3479      2339802A 
 3479      42A2
 3480 0081 8225B92C 		.ascii	"\202%\271,\261(\033\222`\374=\001\351\323\221R\235\331"
 3480      B1281B92 
 3480      60FC3D01 
 3480      E9D39152 
 3480      9DD9
 3481 0093 FB8F5A43 		.ascii	"\373\217ZC\313\253\221\321\220\202\0362\260\011l@\317"
 3481      CBAB91D1 
 3481      90821E32 
 3481      B0096C40 
 3481      CF
 3482 00a4 60505EA5 		.ascii	"`P^\245S\014\275\331\333Vj\220\230\300\026z\030\016"
 3482      530CBDD9 
 3482      DB566A90 
 3482      98C0167A 
 3482      180E
 3483 00b6 4CC4C35D 		.ascii	"L\304\303]2\320\337\021\206\333\317Zw\206\346\253\003"
 3483      32D0DF11 
 3483      86DBCF5A 
 3483      7786E6AB 
 3483      03
 3484 00c7 9A6EA2AF 		.ascii	"\232n\242\257\343D-\235\"\354@\317a\343\230\030\211"
 3484      E3442D9D 
 3484      22EC40CF 
 3484      61E39818 
 3484      89
 3485 00d8 66557BAD 		.ascii	"fU{\255u{\356X\267\244_\202\206\237\277=\022\251\337"
 3485      757BEE58 
ARM GAS  C:\Users\nello\AppData\Local\Temp\ccsMT4zx.s 			page 81


 3485      B7A45F82 
 3485      869FBF3D 
 3485      12A9DF
 3486 00eb 715DA9F8 		.ascii	"q]\251\370|g\367\373\340Q\350\271\254\177\033\206\316"
 3486      7C67F7FB 
 3486      E051E8B9 
 3486      AC7F1B86 
 3486      CE
 3487 00fc A7B44B54 		.ascii	"\247\264KT\227z\031\211\015s\355\274\024\207.\350\007"
 3487      977A1989 
 3487      0D73EDBC 
 3487      14872EE8 
 3487      07
 3488 010d 66767FBD 		.ascii	"fv\177\275\373,\037\313\203\377\027\320\202\237@)\265"
 3488      FB2C1FCB 
 3488      83FF17D0 
 3488      829F4029 
 3488      B5
 3489 011e 7AA22139 		.ascii	"z\242!9#\361\022\224e?\221\376\012\017\022\221\272\262"
 3489      23F11294 
 3489      653F91FE 
 3489      0A0F1291 
 3489      BAB2
 3490 0130 F9FE27E7 		.ascii	"\371\376'\347q\300\017$\270\321\207G\207x\273\366\345"
 3490      71C00F24 
 3490      B8D18747 
 3490      8778BBF6 
 3490      E5
 3491 0141 1FFA4DFC 		.ascii	"\037\372M\374\247\365\353.\313\0355~\257\371a\205\221"
 3491      A7F5EB2E 
 3491      CB1D357E 
 3491      AFF96185 
 3491      91
 3492 0152 147724AD 		.ascii	"\024w$\255[\366\350\306\036\252\027\351$\027\266\327"
 3492      5BF6E8C6 
 3492      1EAA17E9 
 3492      2417B6D7 
 3493 0162 9FAA341A 		.ascii	"\237\2524\032\314tw\247m\0373\237>\316\335\005_;\327"
 3493      CC7477A7 
 3493      6D1F339F 
 3493      3ECEDD05 
 3493      5F3BD7
 3494 0175 EB485DA2 		.ascii	"\353H]\242w\011Dg\307/\344\307\213\3165\347J\020\026"
 3494      77094467 
 3494      C72FE4C7 
 3494      8BCE35E7 
 3494      4A1016
 3495 0188 1C377FCB 		.ascii	"\0347\177\313\365n\370\345)\313\236\014}\333\313_\262"
 3495      F56EF8E5 
 3495      29CB9E0C 
 3495      7DDBCB5F 
 3495      B2
 3496 0199 FD20F4EC 		.ascii	"\375 \364\354\313\356u\307\232\036\2433\246\231\341"
 3496      CBEE75C7 
 3496      9A1EA333 
 3496      A699E1
 3497 01a8 C7D205AE 		.ascii	"\307\322\005\256?\232\313\3452\256\237\361\202\214s"
ARM GAS  C:\Users\nello\AppData\Local\Temp\ccsMT4zx.s 			page 82


 3497      3F9ACBE5 
 3497      32AE9FF1 
 3497      828C73
 3498 01b7 D32A8505 		.ascii	"\323*\205\005\2333%\307\017|\263H\242T>n\025\203\242"
 3498      9B3325C7 
 3498      0F7CB348 
 3498      A2543E6E 
 3498      1583A2
 3499 01ca 674F157C 		.ascii	"gO\025|\3232\255s\243v67f\023\312\177\000\346\011\334"
 3499      D332AD73 
 3499      A3763637 
 3499      6613CA7F 
 3499      00E609DC 
 3500 01de EC       		.ascii	"\354"
 3501              		.text
 3502              		.section	.gnu.lto_ch_queue_init.19.71a442c6,"e",%progbits
 3503 0000 789C754F 		.ascii	"x\234uO1H\303@\024\375\377~+\212\263sU\204\242`\322"
 3503      3148C340 
 3503      14FDFF7E 
 3503      2B8AB373 
 3503      5584A260 
 3504 0015 940EE2DA 		.ascii	"\224\016\342\332\301Epp\264(5\015&XL\315%:\366\024D"
 3504      C1457070 
 3504      B428350D 
 3504      26584CCD 
 3504      253AF614 
 3505 002a 70A9565C 		.ascii	"p\251V\\\212:H\0207'\265U\224\202\233\223\010\256\""
 3505      8A3A4810 
 3505      3727B555 
 3505      94829B93 
 3505      08AE22
 3506 003d 28E2E4E0 		.ascii	"(\342\344\340\244 \304KZ\321\305\317\035\374\367\376"
 3506      A420C44B 
 3506      5AD1C5CF 
 3506      1DFCF7FE 
 3507 004d 7FF7DEF5 		.ascii	"\177\367\336\365#\000\007\200>y\201\000\253[\033\014"
 3507      23000780 
 3507      3E798100 
 3507      AB5B1B0C 
 3508 005d 822028C7 		.ascii	"\202 (\307\030\256\014`\003\243\036\241\314\260\214"
 3508      18AE0C60 
 3508      03A31EA1 
 3508      CCB08C
 3509 006c DB342884 		.ascii	"\3334(\204\370X\253]\255w\213\243&\372\004\260O\320"
 3509      F858AB5D 
 3509      AD778BA3 
 3509      26FA04B0 
 3509      4FD0
 3510 007e AA5DC22A 		.ascii	"\252]\302*\371\204\030kw\014{eGS\220l\012q\373P\027"
 3510      F984186B 
 3510      770C7B65 
 3510      4753906C 
 3510      0A71FB50 
 3511 0093 A20B7C22 		.ascii	"\242\013|\"<C\251\301S\304\023\351-\211\351\247\004"
 3511      3C43A9C1 
 3511      53C413E9 
 3511      2D89E9A7 
ARM GAS  C:\Users\nello\AppData\Local\Temp\ccsMT4zx.s 			page 83


 3511      04
 3512 00a4 40C7CF4B 		.ascii	"@\307\317K\222\203\343\273xS|\005\025!\356_\360&\031"
 3512      9283E3BB 
 3512      78537C05 
 3512      1521EE5F 
 3512      F02619
 3513 00b7 678875C9 		.ascii	"g\210u\311W(L\026UB\302Mb\277\020\341\015Wk\215\347"
 3513      57284C16 
 3513      5542C24D 
 3513      62BF10E1 
 3513      0D576B8D 
 3514 00cc 6B6ABB13 		.ascii	"kj\273\023\206\211\016Q\006~e>\305\016d\236s\204\224"
 3514      86890E51 
 3514      067E653E 
 3514      C50E649E 
 3514      738494
 3515 00df C49DE1F4 		.ascii	"\304\235\341\364\002\367B?IG\312\317\226\362\377\375"
 3515      02F7423F 
 3515      4947CACF 
 3515      96F2FFFD 
 3516 00ef 4BB98FAD 		.ascii	"K\271\217\255\375w\\}\334\231\210>]!\374\033\011`8;"
 3516      FD775C7D 
 3516      DC99883E 
 3516      5D21FC1B 
 3516      0960383B 
 3517 0103 9ACB9AD6 		.ascii	"\232\313\232\326\2545\351z\005\313\316-\333\316</\345"
 3517      AC35E97A 
 3517      05CBCE2D 
 3517      DBCE3C2F 
 3517      E5
 3518 0114 7563C6E3 		.ascii	"uc\306\343\206\223\0333\270\3539\306\270=g\351K\031"
 3518      86931B33 
 3518      B8EB39C6 
 3518      B83D67E9 
 3518      4B19
 3519 0126 18521455 		.ascii	"\030R\024U\036=\024\330<\255i\232js\325qUkA/z\005CN"
 3519      1E3D14D8 
 3519      3CAD699A 
 3519      6A73D571 
 3519      556B412F 
 3520 013e 8A1677B9 		.ascii	"\212\026w\271b\002[,\365\350\246k:F\276\300\025]\321"
 3520      62025B2C 
 3520      F5E8A66B 
 3520      3A46BEC0 
 3520      155DD1
 3521 0151 47D2464A 		.ascii	"G\322FJ\313\030\360\015\325Y\2226"
 3521      CB18F00D 
 3521      D5599236 
 3522              		.text
 3523              		.section	.gnu.lto_ch_queue_notempty.21.71a442c6,"e",%progbits
 3524 0000 789C5D50 		.ascii	"x\234]P=H\034Q\020\236og\317\037l\265V\010\022\024\334"
 3524      3D481C51 
 3524      109E6F67 
 3524      CF1F6CB5 
 3524      56081214 
 3525 0015 BB331621 		.ascii	"\2733\026!M\004\013\033;\313\034\212\331[\274Equ\337"
 3525      4D040B1B 
ARM GAS  C:\Users\nello\AppData\Local\Temp\ccsMT4zx.s 			page 84


 3525      3BCB1C8A 
 3525      D95BBC45 
 3525      7175DF
 3526 0028 5E52DEF3 		.ascii	"^R\336\363\324\010\202\234?\235\250\305qh\272\244\360"
 3526      D408829C 
 3526      3F9DA8C5 
 3526      7168BAA4 
 3526      F0
 3527 0039 1705AF11 		.ascii	"\027\005\257\021KE\260\326V\020\021\233\030r\260\231"
 3527      4B45B0D6 
 3527      5610119B 
 3527      1872B099 
 3528 0049 5D0E2219 		.ascii	"]\016\"\031\336\203\231\357\315\367\3157o\024D\212\210"
 3528      DE8399EF 
 3528      CDF7CD37 
 3528      6F14448A 
 3528      88
 3529 005a 5272C924 		.ascii	"Rr\311$\254\255.\031\024\206a\3014\260\276\272t{\266"
 3529      ACAD2E19 
 3529      148661C1 
 3529      34B0BEBA 
 3529      747BB6
 3530 006d 67E21831 		.ascii	"g\342\0301\300\2305\343\004T0\030\005\254sWU\353\227"
 3530      C09835E3 
 3530      04543018 
 3530      05AC7357 
 3530      55EB97
 3531 0080 858DDF8B 		.ascii	"\205\215\337\213-\033\337\253\2500\3216\023\336!V\333"
 3531      2D1BDFAB 
 3531      A830D136 
 3531      13DE2156 
 3531      DB
 3532 0091 64AC7185 		.ascii	"d\254q\205\001\263\236\031\350\220\214?\321[\241]\275"
 3532      01B39E19 
 3532      E8908C3F 
 3532      D15BA15D 
 3532      BD
 3533 00a2 1C69DD4C 		.ascii	"\034i\335L\025f\034\"b\035\000\373bF\200\221\363v\242"
 3533      15661C22 
 3533      621D00FB 
 3533      62468091 
 3533      F376A2
 3534 00b5 86584B42 		.ascii	"\206XKB0tV\027\364\323\237\213o\313\255?u\323\177c\350"
 3534      30745617 
 3534      F4D39F8B 
 3534      6FCBAD3F 
 3534      75D37F63 
 3535 00ca C775A2AA 		.ascii	"\307u\242\252kaI\353\313\217\265\315\2609\001\021\021"
 3535      6B6149EB 
 3535      CB8FB5CD 
 3535      B0390111 
 3535      11
 3536 00db B7388249 		.ascii	"\2678\202IQ3\2258Z)\216v\221[a\343_\011zD\361\364\276"
 3536      51339538 
 3536      5A298E76 
 3536      915B61E3 
 3536      5F097A44 
ARM GAS  C:\Users\nello\AppData\Local\Temp\ccsMT4zx.s 			page 85


 3537 00f2 ADCCA8DB 		.ascii	"\255\314\250\333dD\326w\240u4+Q\026\340\004\224\232"
 3537      6444D677 
 3537      A075342B 
 3537      5116E004 
 3537      949A
 3538 0104 8FCB069C 		.ascii	"\217\313\006\234b+\366\365\210\271\353\305\033\224\331"
 3538      622BF6F5 
 3538      88B9EBC5 
 3538      1B94D9
 3539 0113 940E6153 		.ascii	"\224\016aS$\314\257\204\361\200\331~z#2O\265]\335!\337"
 3539      24CCAF84 
 3539      F180D97E 
 3539      7A23324F 
 3539      B55DDD21 
 3540 0128 D3585F29 		.ascii	"\323X_)\212g\024\357~\225\226!\277+\022\024\273\304"
 3540      8A6714EF 
 3540      7E959621 
 3540      BF2B1214 
 3540      BBC4
 3541 013a 6B97443D 		.ascii	"k\227D=\003\0372\0039\367\263;\034\344\263\256\227\371"
 3541      031F3203 
 3541      39F7B33B 
 3541      1CE4B3AE 
 3541      97F9
 3542 014c EAF9136A 		.ascii	"\352\371\023jz\314vF\363\312\3613\203\216\012\362\276"
 3542      7ACC7646 
 3542      F3CAF133 
 3542      838E0AF2 
 3542      BE
 3543 015d 33E48DBB 		.ascii	"3\344\215\273\366\227>\352\266\254\244\034;\"x\2527"
 3543      F6973EEA 
 3543      B6ACA41C 
 3543      3B2278AA 
 3543      37
 3544 016e 9D4E273D 		.ascii	"\235N'=\225\364\203\244;eO\346\263\216\274L\272*PV\216"
 3544      95F483A4 
 3544      3B654FE6 
 3544      B38EBC4C 
 3544      BA2A5056 
 3545 0183 8C99E936 		.ascii	"\214\231\3516;\027\344|g,\253,\333\262\337\367:\251"
 3545      3B17E47C 
 3545      672CAB2C 
 3545      DBB2DFF7 
 3545      3AA9
 3546 0195 749F437F 		.ascii	"t\237C\177\001yF\255\245"
 3546      017946AD 
 3546      A5
 3547              		.text
 3548              		.section	.gnu.lto_ch_queue_insert.22.71a442c6,"e",%progbits
 3549 0000 789C7D91 		.ascii	"x\234}\221Oh\023A\024\306\3377oW\252R\020\252\320[\024"
 3549      4F681341 
 3549      14C6DF37 
 3549      6F57AA52 
 3549      10AAD05B 
 3550 0015 8462A19B 		.ascii	"\204b\241\233\246\364 ^{\350\305\223\036\033\224\272"
 3550      A6F4205E 
 3550      7BE8C593 
ARM GAS  C:\Users\nello\AppData\Local\Temp\ccsMT4zx.s 			page 86


 3550      1E1B94BA 
 3551 0025 59CCD2E2 		.ascii	"Y\314\322\342\306\375\243\307\214\225R\355\301h\333"
 3551      C6FDA3C7 
 3551      8C9552ED 
 3551      C168DB
 3552 0034 8BC17A08 		.ascii	"\213\301z\010A\352\311S\377D+M)\305K#\"^\005\217\355"
 3552      41EAC953 
 3552      FF442B4D 
 3552      29C54B23 
 3552      225E058F 
 3553 0049 A588270B 		.ascii	"\245\210'\013\20583i\254\021q\330Y\336\233\371}\337"
 3553      85383369 
 3553      AC1171D8 
 3553      59DE9BF9 
 3553      7DDF
 3554 005b BC37D323 		.ascii	"\2747\323#\210\022\"\272\240&1a\356\331\254\240f\263"
 3554      881222BA 
 3554      A0263161 
 3554      EED9ACA0 
 3554      66B3
 3555 006d 59B4041E 		.ascii	"Y\264\004\036\\\304;\230\030T\024(b\236/I)\177N\227"
 3555      5CC43B98 
 3555      18541428 
 3555      629E2F49 
 3555      297F4E97 
 3556 0081 9F3C3E2D 		.ascii	"\237<>-\227\352\2502\321K\246\326x\301\230\343*\003"
 3556      97EAA832 
 3556      D14BA6D6 
 3556      78C198E3 
 3556      2A03
 3557 0093 D6512470 		.ascii	"\326Q$p^E<F}u)?\355\256Iy\222\252\314X\205\322`\005"
 3557      5E453C46 
 3557      7D75293F 
 3557      EDAE4979 
 3557      92AACC58 
 3558 00ab 5806E985 		.ascii	"X\006\351\205\033\213)\315\305-\356\321\303\031y\306"
 3558      1B8B29CD 
 3558      C52DEED1 
 3558      C31979C6 
 3559 00bb D25CED6F 		.ascii	"\322\\\355o\356u\212\350D\373D\265Fo>\333uy\330,I\371"
 3559      EE758AE8 
 3559      44FB44B5 
 3559      466F3EDB 
 3559      7579D82C 
 3560 00d1 B5F7E3BC 		.ascii	"\265\367\343\274}\012\032\023\372g\001oa\003k\012+\261"
 3560      7D0A1A13 
 3560      FA67016F 
 3560      61036B0A 
 3560      2BB1
 3561 00e3 6EC88C94 		.ascii	"n\310\214\224J\237\2628NA\373\230*\327v\026\354\243"
 3561      4A9FB238 
 3561      4E41FB98 
 3561      2AD77616 
 3561      ECA3
 3562 00f5 A219BA91 		.ascii	"\242\031\272\221WP}.\211*[\025e\265\016\032Ty\227\336"
 3562      57507D2E 
 3562      892A5B15 
ARM GAS  C:\Users\nello\AppData\Local\Temp\ccsMT4zx.s 			page 87


 3562      65B50E1A 
 3562      547997DE 
 3563 0109 7D8F457D 		.ascii	"}\217E}|\205m\255\\?\330\371bW\030mI\227Q\330\035\212"
 3563      7C856DAD 
 3563      5C3FD8F9 
 3563      6257186D 
 3563      499751D8 
 3564 011f 0DA5D0C5 		.ascii	"\015\245\320\305*\374\373lC\374\327}\263\305*G\343\376"
 3564      2AFCFB6C 
 3564      43FCD77D 
 3564      B3C52A47 
 3564      E3FE
 3565 0131 BCA108D1 		.ascii	"\274\241\010\321i\336)\330:6/\357\235\375\355\335mP"
 3565      69DE29D8 
 3565      3A362FEF 
 3565      9DFDEDDD 
 3565      6D50
 3566 0143 D1816EB7 		.ascii	"\321\201n\267+\267\014}\3200=\033~W\374\243\356\017"
 3566      2BB70C7D 
 3566      D0303D1B 
 3566      7E57FCA3 
 3566      EE0F
 3567 0155 ED5A2CFA 		.ascii	"\355Z,\372\201\251o\265k\346\225K\214?/\223h`\344Jv"
 3567      81A96FB5 
 3567      6BE6954B 
 3567      8C3F2F93 
 3567      6860E44A 
 3568 016a 24EFDFF2 		.ascii	"$\357\337\362\257\307I\316\017\262\367\203p\"*\214\273"
 3568      AFC749CE 
 3568      0FB2F783 
 3568      70222A8C 
 3568      BB
 3569 017b DECD24F2 		.ascii	"\336\315$\362\302\354\250\027\305I\350]\015n\373\356"
 3569      C2ECA817 
 3569      C549E85D 
 3569      0D6EFBEE 
 3570 018b BD61EA77 		.ascii	"\275a\352w\234\264\372\\-\010\242\241L&\223\016\242"
 3570      9CB4FA5C 
 3570      2D08A2A1 
 3570      4C26930E 
 3570      A2
 3571 019c 7418A7FD 		.ascii	"t\030\247\375;\356d\222\363\324\316\244\037\305\221"
 3571      3BEE6492 
 3571      F3D4CEA4 
 3571      1FC591
 3572 01ab 932771B7 		.ascii	"\223'q\267p\316\315\307\371\320\033\317E\216\353\270"
 3572      70CECDC7 
 3572      F9D01BCF 
 3572      458EEBB8 
 3573 01bb 9787BCC1 		.ascii	"\227\207\274\301\314\260G(\374\002@\254\324_"
 3573      CCB04728 
 3573      FC0240AC 
 3573      D45F
 3574              		.text
 3575              		.section	.gnu.lto_ch_queue_fifo_remove.23.71a442c6,"e",%progbits
 3576 0000 789C6D92 		.ascii	"x\234m\222Oh\023A\024\306\33773\221\364`O\326\243-H"
 3576      4F681341 
ARM GAS  C:\Users\nello\AppData\Local\Temp\ccsMT4zx.s 			page 88


 3576      14C6DF37 
 3576      3391F460 
 3576      4FD6A32D 
 3577 0015 11053749 		.ascii	"\021\0057I\351A<\011=x\320\233'1T\352f1\213\305\304"
 3577      E9413C09 
 3577      3D78D09B 
 3577      273154EA 
 3577      66318BC5 
 3578 002a DD8D1E33 		.ascii	"\335\215\0363)V%\240iS\020,\325C\211bO^*&\376\251AE"
 3578      295625A0 
 3578      6953102C 
 3578      D5438962 
 3578      4F5E2A26 
 3579 0042 112F2278 		.ascii	"\021/\"x\020\374w\264 \022Dh\205J|\263\251M\026\034"
 3579      10FC77B4 
 3579      20124468 
 3579      854A7CB3 
 3579      A94D161C 
 3580 0056 76879937 		.ascii	"v\207\2317\277\357{o\337\354qAT \242$\277\244\010\325"
 3580      BFEF7B6F 
 3580      DFEC7141 
 3580      5420A224 
 3580      BFA408D5 
 3581 006a D9B2A076 		.ascii	"\331\262\240v\273]T\002s\263\345\2657\313\012\217\020"
 3581      BB5D5402 
 3581      73B3E5B5 
 3581      37CB0A8F 
 3581      10
 3582 007b 06244A2A 		.ascii	"\006$J*\\\200\212B\242\2109\271 Q\2255IP\233+`hoS\353"
 3582      5C808A42 
 3582      A28839B9 
 3582      20519535 
 3582      49509B2B 
 3583 0094 F5E9F9FA 		.ascii	"\365\351\371\372j\377\302\335\246\252IA\267\030\270"
 3583      6AFFC2DD 
 3583      A6AA4941 
 3583      B718B8
 3584 00a3 0F2CC3E4 		.ascii	"\017,\303\344`P\236\240=\014\275\335\250k\335GL\340"
 3584      60509EA0 
 3584      3D0CBDDD 
 3584      A86BDD47 
 3584      4CE0
 3585 00b5 017A180E 		.ascii	"\001z\030\016\214\257\357\352\220\201\231\207\031n5"
 3585      8CAFEFEA 
 3585      90819987 
 3585      196E35
 3586 00c4 562FF7CF 		.ascii	"V/\367\317\224\342\206n \3428~qp\033\341!L\036\036\034"
 3586      94E2866E 
 3586      20E2387E 
 3586      71701BE1 
 3586      214C1E1E 
 3587 00d9 13C3CD69 		.ascii	"\023\303\315i\335Zy}\351\332\216\216$Z\202\201\357\275"
 3587      DD5A797D 
 3587      E9DA8E8E 
 3587      245A8281 
 3587      EFBD
 3588 00eb 8B35F546 		.ascii	"\2135\365F\273\242\365\253#W\236\267o\243\017&\2610"
ARM GAS  C:\Users\nello\AppData\Local\Temp\ccsMT4zx.s 			page 89


 3588      BBA2F5AB 
 3588      23579EB7 
 3588      6FA30F26 
 3588      B130
 3589 00fd 9302EA88 		.ascii	"\223\002\352\210\031*n\266D\025iZ\022\216Av\230\221"
 3589      192A6EB6 
 3589      4415695A 
 3589      128E4176 
 3589      9891
 3590 010f A2BB05FD 		.ascii	"\242\273\005\375\300\324\343\337\037\177\311E\031\333"
 3590      C0D4E3DF 
 3590      1F7FC945 
 3590      19DB
 3591 011d EC828029 		.ascii	"\354\202\200)\373\016\264\326\337v\326$\237(<\001%y"
 3591      FB0EB4D6 
 3591      DF76D624 
 3591      9F283C01 
 3591      2579
 3592 012f 1F7EC00A 		.ascii	"\037~\300\012n\206\245\032\345\207OjQ\342\037\036\017"
 3592      6E86A51A 
 3592      E5874F6A 
 3592      51E21F1E 
 3592      0F
 3593 0140 E958846E 		.ascii	"\351X\204nv\351V\371\275\330r\026\377q~\326a\33114\277"
 3593      76E956F9 
 3593      BDD87216 
 3593      FF717ED6 
 3593      61D93134 
 3594 0155 F199CD45 		.ascii	"\361\231\315E\324<*x\3215\237_\032\330\362\336\036\242"
 3594      D43C2A78 
 3594      D1359F5F 
 3594      1AD8F2DE 
 3594      1EA2
 3595 0167 2282BE64 		.ascii	"\"\202\276d\024\306[\031\372z\343K\215\2218WK\246%\262"
 3595      14C65B19 
 3595      FA7AE34B 
 3595      8D913857 
 3595      4BA625B2 
 3596 017b A725F88E 		.ascii	"\247%\370\216\322!\332\315\302\326\323%=\204\032K:\227"
 3596      D221DACD 
 3596      C2D6D325 
 3596      3D841A4B 
 3596      3A97
 3597 018d 63C64F4C 		.ascii	"c\306OL}\375S\275\012\376\257Xo\"\025\211\336\376\022"
 3597      7DFD53BD 
 3597      0AFEAF58 
 3597      6F221589 
 3597      DEFE12
 3598 01a0 ED1F3B98 		.ascii	"\355\037;\230\036\313\272\247\334cA!\343\346\322\027"
 3598      1ECBBAA7 
 3598      DC634121 
 3598      E3E6D217 
 3599 01b0 72DE193F 		.ascii	"r\336\031??a;'\013\276\343\245\017;~P\360\234\243\271"
 3599      3F613B27 
 3599      0BBEE3A5 
 3599      0F3B7E50 
 3599      F09CA3B9 
ARM GAS  C:\Users\nello\AppData\Local\Temp\ccsMT4zx.s 			page 90


 3600 01c4 D3AE7D7E 		.ascii	"\323\256}~\224\366YV\202\037\333\010r\376H*\225J\344"
 3600      94F65956 
 3600      821FDB08 
 3600      72FE482A 
 3600      954AE4
 3601 01d7 FC841724 		.ascii	"\374\204\027$\334\263\366d!\343\360\311\244\353\007"
 3601      DCB3F664 
 3601      21E3F0C9 
 3601      A4EB07
 3602 01e6 BE952571 		.ascii	"\276\225%q.?`g\203\254\347Ld|\313\266\354\003#N25\352"
 3602      2E3F6067 
 3602      83ACE74C 
 3602      647CCBB6 
 3602      EC03234E 
 3603 01fd 10F27F01 		.ascii	"\020\362\177\001=!\367\227"
 3603      3D21F797 
 3604              		.text
 3605              		.section	.gnu.lto_ch_queue_dequeue.25.71a442c6,"e",%progbits
 3606 0000 789C7D92 		.ascii	"x\234}\222Oh\023A\024\306\3377o\033lAO\352Q\013\"\242"
 3606      4F681341 
 3606      14C6DF37 
 3606      6F1B6C41 
 3606      4FEA510B 
 3607 0016 E026293D 		.ascii	"\340&)=\210'\241\210\027\301\203\340\305\210\324\315"
 3607      8827A188 
 3607      17C183E0 
 3607      C588D4CD 
 3608 0026 62168B5B 		.ascii	"b\026\213[v7z\314\244P\017\361O\372\007\024J\364\020"
 3608      76377ACC 
 3608      A4500FF1 
 3608      4FFA0714 
 3608      4AF410
 3609 0039 82543C78 		.ascii	"\202T<x\251\330b\221E\252\027\021\304\223\342A\301\223"
 3609      A9D86291 
 3609      45AA1711 
 3609      C493E241 
 3609      C193
 3610 004b 2012BC58 		.ascii	" \022\274XQL\337\354\026\223\242d\330}\314\274\375}"
 3610      514CDFEC 
 3610      1693A264 
 3610      D87DCCBC 
 3610      FD7D
 3611 005d DF7B33B3 		.ascii	"\337{3\263g\024Q@D9y\311\"\314\315\326\024u:\235\212"
 3611      67145140 
 3611      443979C9 
 3611      22CCCDD6 
 3611      14753A9D 
 3612 0072 A5303F5B 		.ascii	"\2450?[\373\370n\311\302\012\222\004\243j%\023PE1*\230"
 3612      FBF86EC9 
 3612      C20A9204 
 3612      A36A2513 
 3612      5045312A 
 3613 0087 E706638E 		.ascii	"\347\006c\216[L\2606g\300\360\301X\353\365\351\205?"
 3613      5B4CB036 
 3613      67C0F0C1 
 3613      58EBF5E9 
 3613      853F
ARM GAS  C:\Users\nello\AppData\Local\Temp\ccsMT4zx.s 			page 91


 3614 0099 5F763416 		.ascii	"_v4\026c\253\305\212\356\011\360\030X\202\251! \237"
 3614      63ABC58A 
 3614      EE09F018 
 3614      5882A921 
 3614      209F
 3615 00ab A50302BD 		.ascii	"\245\003\002\275Y_\326z\220\204\300\023\3640\2228\367"
 3615      595FD67A 
 3615      9084C013 
 3615      F4309238 
 3615      F7
 3616 00bc 610F5186 		.ascii	"a\017Q\206\214R\206\344\260?\236\326\355\353\257\256"
 3616      8C5286E4 
 3616      B03F9ED6 
 3616      EDEBAFAE 
 3617 00cc DDDA3953 		.ascii	"\335\3329S\335\366\217)=z;\020\353\337\235\272\326?"
 3617      DDF68F29 
 3617      3D7A3B10 
 3617      EBDF9DBA 
 3617      D63F
 3618 00de 4EFD6A7C 		.ascii	"N\375j|\036\032\202\261Q&\260\011\226\011\031`\031I"
 3618      1E1A82B1 
 3618      5126B009 
 3618      96091960 
 3618      1949
 3619 00f0 41A23A9B 		.ascii	"A\242:\233]&c\257X\314\260\352.A\3370\265\272\262v\274"
 3619      5D2663AF 
 3619      58CCB0EA 
 3619      2E41DF30 
 3619      B5BAB276 
 3620 0105 C9D8DC97 		.ascii	"\311\330\334\227\202i\374>\264\326R\235\233\234\301"
 3620      8269FC3E 
 3620      B4D6529D 
 3620      9B9CC1
 3621 0114 53502E5D 		.ascii	"SP.]*\254\342n\322\251\321=\330\335d\325\017~&0R\270"
 3621      2AACE26E 
 3621      D2A9D13D 
 3621      D8DD64D5 
 3621      0F7E2630 
 3622 012a 5D7BFD17 		.ascii	"]{\375\027]\334\236\260\330\302\306)+\216\211\367O\323"
 3622      5DDC9EB0 
 3622      D8C2C629 
 3622      2B8E89F7 
 3622      4FD3
 3623 013c 13F7337F 		.ascii	"\023\3673\177\3365O:\261\372\301k\335\266\377\323\011"
 3623      DE354F3A 
 3623      B1FAC16B 
 3623      DDB6FFD3 
 3623      09
 3624 014d 6F615FA6 		.ascii	"oa_\246\2548\032|\341\375\213\201&\017\212!\231\303"
 3624      AC381A7C 
 3624      E1FD8B81 
 3624      260F8A21 
 3624      99C3
 3625 015f E39EC3C3 		.ascii	"\343\236\303\303WT\217\321>\321\265o<\324\303h\211\""
 3625      57548FD1 
 3625      3ED1B56F 
 3625      3CD4C368 
ARM GAS  C:\Users\nello\AppData\Local\Temp\ccsMT4zx.s 			page 92


 3625      8922
 3626 0171 BD4733BE 		.ascii	"\275G3\276c\352\323\235\3337!?\225\350M\246\316\350"
 3626      63EAD39D 
 3626      DB37213F 
 3626      95E84DA6 
 3626      CEE8
 3627 0183 BD09A2C3 		.ascii	"\275\011\242\303cG\013c%\357\202w:*\027=\277p\325\017"
 3627      63470B63 
 3627      25EF8277 
 3627      3A2A173D 
 3627      BF70D50F 
 3628 0197 2E8593E3 		.ascii	".\205\223\343\216{\276\034\272A\341\204\033F\345\300"
 3628      8E7BBE1C 
 3628      BA41E184 
 3628      1B46E5C0 
 3629 01a7 3DE95FF4 		.ascii	"=\351_\364\234+\243t\310\266\263\3628F\340\207#\371"
 3629      9C2BA374 
 3629      C8B6B3F2 
 3629      3846E087 
 3629      23F9
 3630 01b9 7C3EEB87 		.ascii	"|>\353\207\331 \312z\227\235\211r\321\225/\023^\030"
 3630      D920CA7A 
 3630      979D8972 
 3630      D1952F13 
 3630      5E18
 3631 01cb 85768930 		.ascii	"\205v\2110\271\313)E\245\300\035/\206\266c;GF\334\\"
 3631      B9CB2945 
 3631      A5C01D2F 
 3631      86B6633B 
 3631      4746DC5C 
 3632 01df 7ED4A50D 		.ascii	"~\324\245\015ZO\3625"
 3632      5A4FF235 
 3633              		.text
 3634              		.section	.gnu.lto_port_timer_get_time.185.71a442c6,"e",%progbits
 3635 0000 789C658F 		.ascii	"x\234e\217=K\003A\020\206gn6\222\312\312V\014\210\205"
 3635      3D4B0341 
 3635      1086676E 
 3635      3692CACA 
 3635      560C8885 
 3636 0014 451223A9 		.ascii	"E\022#\251\254\204\0246v\266\201\020/\2079\214\236\334"
 3636      AC841436 
 3636      76B68110 
 3636      2F87398C 
 3636      9EDC
 3637 0026 5DB4CC46 		.ascii	"]\264\314F\215B@/\037\235\204\024\346\012;\233\210\355"
 3637      8D42402F 
 3637      1F9D8414 
 3637      E60A3B9B 
 3637      88ED
 3638 0038 813F40D0 		.ascii	"\201?@\320V\320\326\217\"X\211\010\347\354\0210\340"
 3638      56D0D68F 
 3638      22588908 
 3638      E7EC1130 
 3638      E0
 3639 0049 CBCEEECC 		.ascii	"\313\316\356\314\273\317\356\316\206\000P\342X\342\000"
 3639      BBCFEECE 
 3639      860050E2 
ARM GAS  C:\Users\nello\AppData\Local\Temp\ccsMT4zx.s 			page 93


 3639      58E200
 3640 0058 01D86937 		.ascii	"\001\330i75\010\303\260&4\354\266\233\367\375\241\300"
 3640      3508C3B0 
 3640      2634ECB6 
 3640      9BF7FDA1 
 3640      C0
 3641 0069 5B8C0CC2 		.ascii	"[\214\014\302\272\210\022\204\232FX\303.\365\010;\344"
 3641      BA881284 
 3641      9A4658C3 
 3641      2EF5083B 
 3641      E4
 3642 007a 13A01867 		.ascii	"\023\240\030g\210\211\305@\312\257\306\305\363`\272"
 3642      8889C540 
 3642      CAAFC6C5 
 3642      F360BA
 3643 0089 7715089F 		.ascii	"w\025\010\2374\3503p\2038D\2104\005\312aq\215\013AC"
 3643      34E83370 
 3643      83384488 
 3643      3405CA61 
 3643      718D0B41 
 3644 009e 8E5EEF4E 		.ascii	"\216^\357N\316gZ\365\370\177\370\372!\026\310\237\320"
 3644      CE675AF5 
 3644      F87FF8FA 
 3644      2116C89F 
 3644      D0
 3645 00af 93329C7D 		.ascii	"\2232\234}\177\372\216\013\002\005\201G\252\311HsL\266"
 3645      7FFA8E0B 
 3645      02058147 
 3645      AAC94873 
 3645      4CB6
 3646 00c1 48FB2B11 		.ascii	"H\373+\021Fx\224\270$:F\315'\352\023\003>\011P\030M"
 3646      467894B8 
 3646      243A46CD 
 3646      27EA1303 
 3646      3E095018 
 3647 00d6 60F881F5 		.ascii	"`\370\201\365U\230\227R\216\336\0062\201>\305\306\215"
 3647      55989752 
 3647      8EDE0632 
 3647      813EC5C6 
 3647      8D
 3648 00e7 297DE2E1 		.ascii	")}\342\341\313\343\351\031\362\357\371*\345x\204\223"
 3648      CBE3E919 
 3648      F2EFF92A 
 3648      E5788493 
 3649 00f7 6F022473 		.ascii	"o\002$s+\371\\\331\33447\334j\311\264\362\007\226\275"
 3649      2BF95CD9 
 3649      DC3437DC 
 3649      6AC9B4F2 
 3649      0796BD
 3650 010a EDEC1575 		.ascii	"\355\354\025u\243Pu\014;\277f8n\3256\326\255-S\337\317"
 3650      A350750C 
 3650      3BBF6638 
 3650      6ED536D6 
 3650      AD2D53DF 
 3651 011f 4236954A 		.ascii	"B6\225J\363\320\325\001\313Y\316d2i\313I\227\213\025"
 3651      F3D0D501 
 3651      CB59CE64 
ARM GAS  C:\Users\nello\AppData\Local\Temp\ccsMT4zx.s 			page 94


 3651      3269CB49 
 3651      978B15
 3652 0132 5E78B2DD 		.ascii	"^x\262\335\344\256Y\341m\335\262\215\202k\356\030v\252"
 3652      E4AE59E1 
 3652      6DDDB28D 
 3652      826BEE18 
 3652      76AA
 3653 0144 0CBFD01F 		.ascii	"\014\277\320\037\217w"
 3653      8F77
 3654              		.text
 3655              		.section	.gnu.lto_chSysLock.191.71a442c6,"e",%progbits
 3656 0000 789C7D50 		.ascii	"x\234}PMh\023Q\020\236yo\323*E\351\305\213\007M\017"
 3656      4D681351 
 3656      109E796F 
 3656      D32A45E9 
 3656      C58B074D 
 3657 0015 4585269B 		.ascii	"E\205&\233\224b\305[\011R\012\015H\343E\011\224t\263"
 3657      9462C55B 
 3657      09520A0D 
 3657      48E34509 
 3657      9474B3
 3658 0028 348BA61B 		.ascii	"4\213\246\033\366m\252=e\215?\001\245iM<i\020,)x2\027"
 3658      F66DAA3D 
 3658      658D3F01 
 3658      A5694D3C 
 3658      69102C29 
 3659 003f 7F9A5A75 		.ascii	"\177\232Zu5\024<U\020\304\203B/\202\007A\245\202\366"
 3659      35143C55 
 3659      10C48342 
 3659      2F820741 
 3659      A582F6
 3660 0052 A0C479F9 		.ascii	"\240\304y\3711=\210\217]\336|\363}\363\315\274YG\200"
 3660      313D888F 
 3660      5DDE7CF3 
 3660      7DF3CDBC 
 3660      594780
 3661 0065 BDF48F02 		.ascii	"\275\364\217\002\035\017`\341\3065\006\365z=\2430,n"
 3661      1D0F60E1 
 3661      C63506F5 
 3661      7A3DA330 
 3661      2C6E
 3662 0077 7C7CF1B3 		.ascii	"||\361\263\007]l`\21677~g\357\347\021\253\315\204\202"
 3662      075D6C60 
 3662      8E37377E 
 3662      67EFE711 
 3662      ABCD8482 
 3663 008b 17F30FB6 		.ascii	"\027\363\017\266\317\340\303&D\3100\256`\006\213\374"
 3663      CFE0C326 
 3663      44C830AE 
 3663      60068BFC 
 3664 009b 88E338DB 		.ascii	"\210\3438\333WnU\346{\234{.\2269\300\035\016\355\323"
 3664      576E55E6 
 3664      7B9C7B2E 
 3664      9639C01D 
 3664      0EEDD3
 3665 00ae D54258E2 		.ascii	"\325BX\342\330\210\021\037!\264\001\303\307M ->\034"
 3665      D888111F 
ARM GAS  C:\Users\nello\AppData\Local\Temp\ccsMT4zx.s 			page 95


 3665      21B401C3 
 3665      C74D202D 
 3665      3E1C
 3666 00c0 0572A764 		.ascii	"\005r\247d\213\306\025l\321\005^\246:\245\0251\364R"
 3666      8BC6156C 
 3666      D1055EA6 
 3666      3AA51531 
 3666      F452
 3667 00d2 C44F4BE6 		.ascii	"\304OK\346\220K\205\205\334\373\327\373K\216\253\224"
 3667      904B8585 
 3667      DCFBD7FB 
 3667      4B8EAB94 
 3668 00e2 39C73594 		.ascii	"9\3075\224=\236 \256\"\340S\032\207/\343\332\001\222"
 3668      3D9E20AE 
 3668      22E0531A 
 3668      872FE3DA 
 3668      0192
 3669 00f4 F64BE98F 		.ascii	"\366K\351\217\353\267\253\003\265K\316+\347\257\030"
 3669      EBB7AB03 
 3669      B54BCE2B 
 3669      E7AF18
 3670 0103 3A629AB3 		.ascii	":b\232\2635\314\312\333R\027>\243dU\332\311W\340\363"
 3670      35CCCADB 
 3670      52173EA3 
 3670      6455DAC9 
 3670      57E0F3
 3671 0116 C6E4A441 		.ascii	"\306\344\244A\"*o<\256\363\253\276\340\270\271=\225"
 3671      222A6F3C 
 3671      AEF3ABBE 
 3671      E0B8B93D 
 3671      95
 3672 0127 F9E2A7CF 		.ascii	"\371\342\247\317La \013`\201\313\2056\316A\202\213\234"
 3672      4C61200B 
 3672      6081CB85 
 3672      36CE4182 
 3672      8B9C
 3673 0139 7520872F 		.ascii	"u \207/\230\335\352\205%\316\344C8\006\340+%\226\363"
 3673      98DDEA85 
 3673      25CEE443 
 3673      3806E02B 
 3673      2596F3
 3674 014c AB9BBB69 		.ascii	"\253\233\273i\361\322\375\273\\T\337evuW\231\313\007"
 3674      F1D2FDBB 
 3674      5C54DF65 
 3674      76755799 
 3674      CB07
 3675 015e 2B72772F 		.ascii	"+rw/\021\350\306\032.5\227\323\227k\360\236\006\271"
 3675      11E8C61A 
 3675      2E3597D3 
 3675      976BF09E 
 3675      06B9
 3676 0170 2EC7A6B6 		.ascii	".\307\246\266|g\237E\256\354\204[\230\375v\267\366\356"
 3676      7C679F45 
 3676      AEEC845B 
 3676      98FD76B7 
 3676      F6EE
 3677 0182 04ED179A 		.ascii	"\004\355\027\232j\354\320\214\022\276\320\361h(aL\031"
ARM GAS  C:\Users\nello\AppData\Local\Temp\ccsMT4zx.s 			page 96


 3677      6AECD08C 
 3677      12BED0F1 
 3677      6828614C 
 3677      19
 3678 0193 113B1D37 		.ascii	"\021;\0357\314\350y\323:+R1M\237L\013\335\212\216\352"
 3678      CCE879D3 
 3678      3A2B5231 
 3678      4D9F4C0B 
 3678      DD8A8EEA 
 3679 01a7 C24E5BFA 		.ascii	"\302N[\372\2709mh\263Cp\330\357W\351\323d\201)\006\203"
 3679      B8396D68 
 3679      B34370D8 
 3679      EF57E9D3 
 3679      64812906 
 3680 01bc C1A06A0A 		.ascii	"\301\240j\012\325\262UcF;\227\216\353\304\2109\341O"
 3680      D5B25563 
 3680      463B978E 
 3680      EBC48839 
 3680      E14F
 3681 01ce 40F7544C 		.ascii	"@\367TL\350'-#\364\317\002\315L&\315\031U\277`\253#"
 3681      E8272D23 
 3681      F4CF02CD 
 3681      4C26CD19 
 3681      55BF60AB 
 3682 01e3 13613514 		.ascii	"\023a5\024\216\214E\324\220i\351\352X\333')\01419\255"
 3682      8E8C45D4 
 3682      9069E9EA 
 3682      58DB2729 
 3682      0C3139AD 
 3683 01f7 69E4B54F 		.ascii	"i\344\265OK\330\011K\217\305\205_\363k\307\006\365@"
 3683      4BD8094B 
 3683      8FC5855F 
 3683      F36BC706 
 3683      F540
 3684 0209 704887E1 		.ascii	"pH\207\341\3779\247L\313\026\322{v\330\027\366\215\214"
 3684      FF39A74C 
 3684      CB16D27B 
 3684      76D817F6 
 3684      8D8C
 3685 021b 9F229D46 		.ascii	"\237\"\235F\376\344\326\033\216Lx\345t)\313\030\360"
 3685      FEE4D61B 
 3685      8E4C78E5 
 3685      7429CB18 
 3685      F0
 3686 022c F6078059 		.ascii	"\366\007\200Y\320\235\324\223\2465\007\177\000f\220"
 3686      D09DD493 
 3686      A635077F 
 3686      006690
 3687 023b 06C3     		.ascii	"\006\303"
 3688              		.text
 3689              		.section	.gnu.lto_chSysUnlock.192.71a442c6,"e",%progbits
 3690 0000 789C7D51 		.ascii	"x\234}QMh\023Q\020\236yo\323*E\351\305\213\007M\017"
 3690      4D681351 
 3690      109E796F 
 3690      D32A45E9 
 3690      C58B074D 
 3691 0015 458526DB 		.ascii	"E\205&\333\224b\305[\011\"\205\006\244\021A\014\224"
ARM GAS  C:\Users\nello\AppData\Local\Temp\ccsMT4zx.s 			page 97


 3691      9462C55B 
 3691      09228506 
 3691      A411410C 
 3691      94
 3692 0026 74B3348B 		.ascii	"t\2634\213\246\033\366m\252=e\255?\001\305T\023\275"
 3692      A61BF66D 
 3692      AA3D65AD 
 3692      3F01C554 
 3692      13BD
 3693 0038 48102C29 		.ascii	"H\020,)\364&\370\333\324\332\306\026\301K*x\260\007"
 3693      F426F8DB 
 3693      D4DAC616 
 3693      C14B2A78 
 3693      B007
 3694 004a 915E7AAE 		.ascii	"\221^z\256RQ{P\342\274Mb*\210\217]v\276\371\276\371"
 3694      52517B50 
 3694      E2BC4D62 
 3694      2A888F5D 
 3694      76BEF9BE 
 3695 005f 66DEEC1A 		.ascii	"f\336\354\032\002\354\245\367\014\320i\001\314\335\271"
 3695      02ECA5F7 
 3695      0CD06901 
 3695      CCDDB9
 3696 006e C1A05AAD 		.ascii	"\301\240Z\255\246\025\206y\212\361\031\272\210\343\335"
 3696      A6158679 
 3696      8AF119BA 
 3696      88E3DD
 3697 007d D58DD73F 		.ascii	"\325\215\327?\332\260\\\303\012\336[\375\265\3748\213"
 3697      DAB05CC3 
 3697      0ADE5BFD 
 3697      B5FC388B 
 3698 008d 58AA253C 		.ascii	"X\252%<x9\373\364\303\271\206\036!\3158%\323\230\347"
 3698      7839FBF4 
 3698      C3B9861E 
 3698      21CD3825 
 3698      D398E7
 3699 00a0 471CC7D9 		.ascii	"G\034\307\331\276v\277r\253\315\231-c\221\003<\340\320"
 3699      BE76BF72 
 3699      ABCD992D 
 3699      6391033C 
 3699      E0D0
 3700 00b2 382D7584 		.ascii	"8-u\204\005\216n\214\370\034\241\001\030\276\250\001"
 3700      058E6E8C 
 3700      F81CA101 
 3700      18BEA801 
 3701 00c2 B298FB76 		.ascii	"\262\230\373v\024\310\236\222u\032\347\260N\347x\221"
 3701      14C89E92 
 3701      751AE7B0 
 3701      4EE77891 
 3702 00d2 EA947AC4 		.ascii	"\352\224z\304\320K\021?+\231Ce\352\235\313||\267\277"
 3702      D04B113F 
 3702      2B994365 
 3702      EA9DCB7C 
 3702      7CB7BF
 3703 00e5 E0949522 		.ascii	"\340\224\225\"\347\270\200\262\307K\304y\004|E\343\360"
 3703      E7B880B2 
 3703      C74BC479 
ARM GAS  C:\Users\nello\AppData\Local\Temp\ccsMT4zx.s 			page 98


 3703      047C45E3 
 3703      F0
 3704 00f6 195C3840 		.ascii	"\031\\8@\322N)\375~s\251\324\265r\305y\353\374\021C"
 3704      D24E29FD 
 3704      7E73A9D4 
 3704      B572C579 
 3704      EBFC1143 
 3705 010a 534C73D6 		.ascii	"SLs\326\207\331\336(\264\340\"%K\322N\336\002\227\334"
 3705      87D9DE28 
 3705      B4E02225 
 3705      4BD24EDE 
 3705      0297DC
 3706 011d C949C366 		.ascii	"\311I\303f\251f\021\037\275\367\224\235\237\325)\247"
 3706      A966111F 
 3706      BDF7949D 
 3706      9FD529A7 
 3707 012d 9CD953A9 		.ascii	"\234\331S\251\344\3277\231\302d\036`\212\313\025\273"
 3707      E4D73799 
 3707      C2641E60 
 3707      8ACB15BB 
 3708 013d E7A00B59 		.ascii	"\347\240\013Y\023r\270\315\371N\270\211\223[\3550\315"
 3708      1372B8CD 
 3708      F94EB889 
 3708      935BED30 
 3708      CD
 3709 014e 99BC1AB5 		.ascii	"\231\274\032\265\202\317\224\230\311\316\257\357\246"
 3709      82CF9498 
 3709      C9CEAFEF 
 3709      A6
 3710 015b 7F21FB7D 		.ascii	"\177!\373}\225\253\353\270\312\256\357*r\271\002Ens"
 3710      95ABEBB8 
 3710      CAAEEF2A 
 3710      72B90245 
 3710      6E73
 3711 016d 1981BEB8 		.ascii	"\031\201\276\270\202\323\265uud\\\336\343\222o\344E"
 3711      82D3B575 
 3711      75645CDE 
 3711      E3926FE4 
 3711      45
 3712 017e A8ADF277 		.ascii	"\250\255\362w[\317N\270\205\223_\036>\371t\2026\016"
 3712      5BCF4EB8 
 3712      85935F1E 
 3712      3EF97482 
 3712      360E
 3713 0190 35353669 		.ascii	"556iF\011_\360x$\0307F\214\260\235\212\031f\344\242"
 3713      46095FF0 
 3713      78241837 
 3713      468CB09D 
 3713      8A1966E4 
 3714 01a5 699D17C9 		.ascii	"i\235\027\311\250\246\017\247\204nEN\352\302NY\372\240"
 3714      A8A60FA7 
 3714      846E454E 
 3714      EAC24E59 
 3714      FAA0
 3715 01b7 396A68E3 		.ascii	"9jh\343\275p\330\357W\351\321d\201)z\002\201\200j\012"
 3715      BD70D8EF 
 3715      57E9D164 
ARM GAS  C:\Users\nello\AppData\Local\Temp\ccsMT4zx.s 			page 99


 3715      81297A02 
 3715      81806A0A 
 3716 01cb D5B25563 		.ascii	"\325\262UcL\273\220\212\351\304\210\011\341\217C\353"
 3716      4CBB908A 
 3716      E9C48809 
 3716      E18F43EB 
 3717 01db 4854E8A7 		.ascii	"HT\350\247,#\370\317\002\315L$\3141U\277d\253\375C!"
 3717      2C23F8CF 
 3717      02CD4C24 
 3717      CC3155BF 
 3717      64ABFD43 
 3718 01f0 35180A0F 		.ascii	"5\030\012\017\204\325\240i\351\352@\303'!\0141<\252"
 3718      84D5A069 
 3718      E9EA40C3 
 3718      27210C31 
 3718      3CAA
 3719 0202 69E4B54F 		.ascii	"i\344\265O\213\333qK\217\306\204_\363k\307z\364\356"
 3719      8BDB714B 
 3719      8FC6845F 
 3719      F36BC77A 
 3719      F4EE
 3720 0214 40AF0E7D 		.ascii	"@\257\016}\377sN\232\226-\244\367x\237/\344\353\037"
 3720      FF734E9A 
 3720      962DA4F7 
 3720      789F2FE4 
 3720      EB1F
 3721 0226 3C4D3A8D 		.ascii	"<M:\215\374\311\255=\024\036\362\312\351\222\226\321"
 3721      FCC9AD3D 
 3721      141EF2CA 
 3721      E99296D1 
 3722 0236 E5EDEC06 		.ascii	"\345\355\354\006fAkBO\230\326\004\374\006\340!\026\343"
 3722      66416B42 
 3722      4F98D604 
 3722      FC06E021 
 3722      16E3
 3723              		.text
 3724              		.section	.gnu.lto_chVTGetSystemTimeX.198.71a442c6,"e",%progbits
 3725 0000 789C658F 		.ascii	"x\234e\217=K\003A\020\206gn6\242\215\225}\002\"ba\316"
 3725      3D4B0341 
 3725      1086676E 
 3725      36A28D95 
 3725      7D022262 
 3726 0016 132B2B21 		.ascii	"\023++!\205\215\235\205M@\364r\230C\361\344>by{j\024"
 3726      858D9D85 
 3726      4D40F472 
 3726      9843F1E4 
 3726      3E62797B 
 3727 002c 039AAF4E 		.ascii	"\003\232\257NB\204x\202\235M\304\306\342\300\177`ck"
 3727      42847882 
 3727      9D4DC4C6 
 3727      E2C07F60 
 3727      636B
 3728 003e 2D16C14A 		.ascii	"-\026\301JDXw\217\200\001_f`\346\335gwf\005\000l\310"
 3728      4458778F 
 3728      80015F66 
 3728      60E6DD67 
 3728      77660500 
ARM GAS  C:\Users\nello\AppData\Local\Temp\ccsMT4zx.s 			page 100


 3729 0054 5C90090C 		.ascii	"\\\220\011\014\260\325\254i \204\010\231\206\355fM\\"
 3729      B0D5AC69 
 3729      20840899 
 3729      86ED664D 
 3729      5C
 3730 0065 F7193E62 		.ascii	"\367\031>bj\020F,-\020B\2150\3046u\010[\024\023 \033"
 3730      6A10462C 
 3730      2D10428D 
 3730      30C43675 
 3730      085B1413 
 3731 007b 5688B9B9 		.ascii	"V\210\271\271\204\363\257\352\325\367\315d\347.a1i\320"
 3731      84F3AFEA 
 3731      D5F7CD64 
 3731      E72E6131 
 3731      69D0
 3732 008d 95C00362 		.ascii	"\225\300\003b\037!\325\030(GJ\3668\223T\371@<\237^N"
 3732      1F21D518 
 3732      28474AF6 
 3732      389354F9 
 3732      403C9F5E 
 3733 00a2 35A2F1FF 		.ascii	"5\242\361\377\360\375K&\341?\242\316\371k\366\375\251"
 3733      F0FD4B26 
 3733      E13FA2CE 
 3733      F96BF6FD 
 3733      A9
 3734 00b3 37C10814 		.ascii	"7\301\010\024\004uRK\246\312J\262A\332_\2130\300\343"
 3734      0475524B 
 3734      A6CA4AB2 
 3734      41DA5F8B 
 3734      30C0E3
 3735 00c6 5C8FE804 		.ascii	"\\\217\350\004\265\230\250K\022\210\211\201\302h\004"
 3735      B598A84B 
 3735      12888981 
 3735      C26804
 3736 00d5 C30F8C56 		.ascii	"\303\017\214V`\232s>8\277\3459\214)3\\L\351\023\217"
 3736      609A733E 
 3736      38BFE539 
 3736      8C29335C 
 3736      4CE9138F 
 3737 00e9 DEC4D905 		.ascii	"\336\304\331\005\312\337\313\247\224S'\034\235\0110"
 3737      CADFCBA7 
 3737      9453271C 
 3737      9D0930
 3738 00f8 5F582E16 		.ascii	"_X.\026\312\366\266\275\356\007%\333)\036:\356\256w"
 3738      CAF6B6BD 
 3738      EE0725DB 
 3738      291E3AEE 
 3738      AE77
 3739 010a B0655A9B 		.ascii	"\260eZ\233\201g\271\305U\313\363\003\327Zsvl\263\262"
 3739      8167B9C5 
 3739      55CBF303 
 3739      D75A7376 
 3739      6CB3B2
 3740 011d 04B3F9BC 		.ascii	"\004\263\371\274.\303T\027\034o\3210\014\335\361t\327"
 3740      2EC35417 
 3740      1C6FD130 
 3740      0CDDF174 
ARM GAS  C:\Users\nello\AppData\Local\Temp\ccsMT4zx.s 			page 101


 3740      D7
 3741 012e D7ED7D73 		.ascii	"\327\355}s/(Y\362\244\342\347\313\360\013]%\212\020"
 3741      2F2859F2 
 3741      A4E2E7CB 
 3741      F00B5D25 
 3741      8A10
 3742              		.text
 3743              		.section	.gnu.lto_chThdGetSelfX.218.71a442c6,"e",%progbits
 3744 0000 789C6550 		.ascii	"x\234eP=K\003A\024|s{\011jaeo@,\004\315\207X\211\205"
 3744      3D4B0341 
 3744      147C737B 
 3744      096A6165 
 3744      6F402C04 
 3745 0019 90C2C6CE 		.ascii	"\220\302\306\316N\002\022\223\303\034\212'w\211\226"
 3745      4E021293 
 3745      C31C8A27 
 3745      778996
 3746 0028 D9046311 		.ascii	"\331\004c\021\320|\201\205D\213\020$\020$M\304\257\024"
 3746      D07C8185 
 3746      448B1024 
 3746      10244DC4 
 3746      AF14
 3747 003a E9ED2C05 		.ascii	"\351\355,\005\321\037 1XY\010\347\2733`\300a\027f\336"
 3747      D11F2031 
 3747      585908E7 
 3747      BB3360C0 
 3747      611766DE 
 3748 004e 9BDD37BB 		.ascii	"\233\3357\273K \212\020Q\2207\251\204r)\257\220m\333"
 3748      4B208A10 
 3748      519037A9 
 3748      847229AF 
 3748      906DDB
 3749 0061 695541A5 		.ascii	"iUA\245\224\267\237\333*n\340\026\0042\252K@iE \215"
 3749      94B79FDB 
 3749      2A6EE016 
 3749      0432AA4B 
 3749      40694520 
 3750 0076 8AA80A94 		.ascii	"\212\250\012\224E]\020\324\001\003|3])\277rgW\315\361"
 3750      455D10D4 
 3750      01037C33 
 3750      5D29BF72 
 3750      6757CDF1 
 3751 008a 6AA3ABD6 		.ascii	"j\243\253\326\205B\027l\270\006\332 \027^r*\014\326"
 3751      8542176C 
 3751      B806DA20 
 3751      175E722A 
 3751      0CD6
 3752 009c 98EEE664 		.ascii	"\230\356\346d\277\365xt2Q\314\214\3747\267\236<]\371"
 3752      BFF57874 
 3752      3251CC8C 
 3752      FC37B79E 
 3752      3C5DF9
 3753 00af 6D17A4FC 		.ascii	"m\027\244\374X\177\251\366\306\330\340\230\250 \234"
 3753      587FA9F6 
 3753      C6D8E098 
 3753      A8209C
 3754 00be 902E26D9 		.ascii	"\220.&\331Y\024\312\237\004\365\220\355\214\326\204"
ARM GAS  C:\Users\nello\AppData\Local\Temp\ccsMT4zx.s 			page 102


 3754      5914CA9F 
 3754      04F590ED 
 3754      8CD684
 3755 00cd 32082540 		.ascii	"2\010%@\314\016\2410m\360d\026\227\340{T\334\003wn3"
 3755      CC0EA130 
 3755      6DF06416 
 3755      97E07B54 
 3755      DC03776E 
 3756 00e2 28A5E4F1 		.ascii	"(\245\344\361\036<\340\334\3116\320\012:\254\177\243"
 3756      1E3CE0DC 
 3756      C936D00A 
 3756      3AAC7FA3 
 3757 00f2 1485189A 		.ascii	"\024\205\030\232\201wd\226i\212m\375\333\246\364\241"
 3757      81776496 
 3757      698A6DFD 
 3757      DBA6F4A1 
 3758 0102 2EBC8357 		.ascii	".\274\203W9\370D\366\355\365\364\030\374u5'\256\023"
 3758      39F844F6 
 3758      EDF5F418 
 3758      FC753527 
 3758      AE13
 3759 0114 18C38189 		.ascii	"\030\303\201\211\346\302\213\221pB\337\324\327\222\251"
 3759      E6C28B91 
 3759      7042DFD4 
 3759      D792A9
 3760 0123 B86E440E 		.ascii	"\270nD\016\014s\333\332\213\306\264\215\224\245\231"
 3760      0C73DBDA 
 3760      8BC6B48D 
 3760      94A599
 3761 0132 9115CD4A 		.ascii	"\221\025\315J\246Lm\325\330\322c\373\0134\353\367\007"
 3761      A64C6DD5 
 3761      D8D263FB 
 3761      0B34EBF7 
 3761      07
 3762 0143 78C59C03 		.ascii	"x\305\234\003\2065\037\012\205\002\206\0250\223\001"
 3762      86351F0A 
 3762      85028615 
 3762      309301
 3763 0152 7D37B693 		.ascii	"}7\266\223\212k\334I&L-\032\267\374\011\372\001\303"
 3763      8A6BDC49 
 3763      264C2D1A 
 3763      B7FC09FA 
 3763      01C3
 3764 0164 0199A5   		.ascii	"\001\231\245"
 3765              		.text
 3766              		.section	.gnu.lto_chThdGetWorkingAreaX.220.71a442c6,"e",%progbits
 3767 0000 789C6550 		.ascii	"x\234ePM(DQ\024>\337;\217HY\261\024%I1?\232\205\254"
 3767      4D284451 
 3767      143EDF3B 
 3767      8F4859B1 
 3767      14254931 
 3768 0018 9485CDEC 		.ascii	"\224\205\315\354lG\2147/\363\"O\357\207\345\334QR\023"
 3768      6C478C37 
 3768      2FF3224F 
 3768      EF87E5DC 
 3768      515213
 3769 002b 66B0222C 		.ascii	"f\260\",\306$\033\331\220\221Y\314\336F6\266v,\220\254"
ARM GAS  C:\Users\nello\AppData\Local\Temp\ccsMT4zx.s 			page 103


 3769      C6241BD9 
 3769      909159CC 
 3769      DE4636B6 
 3769      762C90AC 
 3770 003f 2419F78E 		.ascii	"$\031\367\216\221)\247{\353\234\357~\347|\337\271Q\020"
 3770      9129A77B 
 3770      EB9CEF7E 
 3770      E77CDFB9 
 3770      5110
 3771 0051 F9441492 		.ascii	"\371D\024\222\227t\302\326fF\243J\245\222\3225lof\036"
 3771      9774C2D6 
 3771      6646A34A 
 3771      A592D235 
 3771      6C6F661E 
 3772 0065 1E8B3A2E 		.ascii	"\036\213:.Q\005\030i\275\232\200R\032#\205m\336clq\201"
 3772      51051869 
 3772      BD9A8052 
 3772      1A23856D 
 3772      DE636C71 
 3773 007a 097A2D03 		.ascii	"\011z-\003\272\372\312B\274\257\354f\236[\367\216\313"
 3773      BAFACA42 
 3773      BCAFEC66 
 3773      9E5BF78E 
 3773      CB
 3774 008b 7A81353A 		.ascii	"z\2015:\220\204s\340\014JC\022y\202z%\351\346\243(D"
 3774      908473E0 
 3774      0C4A4312 
 3774      79827A25 
 3774      E9E6A328 
 3775 00a0 33159871 		.ascii	"3\025\230q\201:\216\004\246\256;\210\032Iu\312\220\030"
 3775      813A8E04 
 3775      A6AE3B88 
 3775      1A4975CA 
 3775      9018
 3776 00b2 7ACA2BE2 		.ascii	"z\312+\342um}u\243-\227n\3727\224No\033\312\342\263"
 3776      756D7D75 
 3776      A32D976E 
 3776      FA37944E 
 3776      6F1BCAE2 
 3777 00c7 9215E22E 		.ascii	"\222\025\342.\371U:l\221\356Q\004\223bR\226\325F\325"
 3777      F9553A6C 
 3777      91EE5104 
 3777      93625296 
 3777      D546D5
 3778 00da E894F41C 		.ascii	"\350\224\364\034k\177%\350\005\313\245\346<\377\356"
 3778      6B7F25E8 
 3778      05CBA5E6 
 3778      3CFFEE
 3779 00e9 C250168F 		.ascii	"\302P\026\217 \204\220:z\2365\\\201B?\245\206\022\366"
 3779      2084903A 
 3779      7A9E355C 
 3779      81423FA5 
 3779      8612F6
 3780 00fc AB9ED418 		.ascii	"\253\236\324\030\256\033\203'\244G\250[\322^\327OD\027"
 3780      AE1B8327 
 3780      A447A85B 
 3780      D25ED74F 
ARM GAS  C:\Users\nello\AppData\Local\Temp\ccsMT4zx.s 			page 104


 3780      4417
 3781 010e 0ADC5073 		.ascii	"\012\334Ps\257\342\015\313\367;\273\033\220_)\225\024"
 3781      AFE20DCB 
 3781      F73BBB1B 
 3781      905F2995 
 3781      14
 3782 011f 9265D47B 		.ascii	"\222e\324{\"\032\030\035\216\215&\255ik\334\363\023"
 3782      221A181D 
 3782      8E8D26AD 
 3782      696BDCF3 
 3782      13
 3783 0130 961D5BB2 		.ascii	"\226\035[\262\235Yw!n\230\223\276k:\2611\323\365|\307"
 3783      9D597721 
 3783      6E9893BE 
 3783      6B3AB131 
 3783      D3F57CC7 
 3784 0144 8CDA3396 		.ascii	"\214\3323\226\261\030\241\376@ (\217\241\032lw0\034"
 3784      B118A1FE 
 3784      4020288F 
 3784      A11A6C77 
 3784      301C
 3785 0156 0E076D37 		.ascii	"\016\007m7\350xAk\336\230\363\023\246|\361\222\216\031"
 3785      E878416B 
 3785      DE98F313 
 3785      A67CF192 
 3785      8E19
 3786 0168 4FB88124 		.ascii	"O\270\201$i\336B\373_m\004\214\241A3\024\216\230\364"
 3786      69DE42FB 
 3786      5F6D048C 
 3786      A1413314 
 3786      8E98F4
 3787 017b 0D8D78A7 		.ascii	"\015\215x\247\326"
 3787      D6
 3788              		.text
 3789              		.section	.gnu.lto_chThdSleepS.224.71a442c6,"e",%progbits
 3790 0000 789C4D50 		.ascii	"x\234MP1K\303P\020\276\313%E\021GG\321M\004ML\351 \256"
 3790      314BC350 
 3790      10BECB25 
 3790      45114747 
 3790      D14D044D 
 3791 0018 1D5CDC5C 		.ascii	"\035\\\334\\\243R_\0376T\214\344%\352\326\247\330E\224"
 3791      A3525F1F 
 3791      36548CE4 
 3791      25EAD6A7 
 3791      D84594
 3792 002b 683B8822 		.ascii	"h;\210\"\0354C7'\265n\375\011\342\017\220N.\"\210\223"
 3792      1D344337 
 3792      27B56EFD 
 3792      09E20F90 
 3792      4E2E2288 
 3793 0040 83105FA2 		.ascii	"\203\020_\242\322\036w\360}\337\361\035\037\367\006"
 3793      D21E77F0 
 3793      7DDFF11D 
 3793      1FF706
 3794 004f 007B6A66 		.ascii	"\000{jf\325\200\016\3308;\322 I\222\232\256aSa|\304"
 3794      D5800ED8 
 3794      383BD220 
ARM GAS  C:\Users\nello\AppData\Local\Temp\ccsMT4zx.s 			page 105


 3794      49929AAE 
 3794      6153617C 
 3795 0064 8C11EEEB 		.ascii	"\214\021\356\353\031@\250i\2045l\322\264\224\362\253"
 3795      1940A869 
 3795      84356CD2 
 3795      B494F2AB 
 3796 0074 7E999C8C 		.ascii	"~\231\234\214\310v\027c\002h\021\374\326\025a\203bB"
 3796      C8761763 
 3796      026811FC 
 3796      D6156183 
 3796      6242
 3797 0086 D4FF9086 		.ascii	"\324\377\220\206\223\012\321\012Lu\245|z\351H9\0141"
 3797      930AD10A 
 3797      4C75A57C 
 3797      7AE94839 
 3797      0C31
 3798 0098 113EA0F2 		.ascii	"\021>\240\362\340=\342\035B*\260\233q\200\334\377%\245"
 3798      E03DE21D 
 3798      422AB09B 
 3798      7180DCFF 
 3798      25A5
 3799 00aa 619BE0F6 		.ascii	"a\233\340\366\331\350\312\357$\222\362\375\025\217-"
 3799      D9E8CAEF 
 3799      2492F2FD 
 3799      158F2D
 3800 00b9 950C3B6A 		.ascii	"\225\014;j\025Q\0324\253\211\214j}\212pJ4H?\260\336"
 3800      15511A34 
 3800      AB898C6A 
 3800      7D8A704A 
 3800      34483FB0 
 3801 00ce 3B6F8DC2 		.ascii	";o\215\302!j1\351-R\2064\227\201C\327\244\224\034|\342"
 3801      216A31E9 
 3801      2D528634 
 3801      978143D7 
 3801      A4941C7C 
 3802 00e3 41EF6235 		.ascii	"A\357b5K\037\021\016\036V\317).8\305\212\273\356.\007"
 3802      4B1F110E 
 3802      1E56CF29 
 3802      2E38C58A 
 3802      BBEE2E07 
 3803 00f7 61D9F59C 		.ascii	"a\331\365\234]\317\257\212\355\022\343k\241\340\276"
 3803      5DCFAF8A 
 3803      ED12E36B 
 3803      A1E0BE
 3804 0106 B3C84510 		.ascii	"\263\310E\020\372|\311\333p\331N\001fL\323R\315R\203"
 3804      FA7CC9DB 
 3804      70D94E01 
 3804      664CD352 
 3804      CD5283
 3805 0119 27F2B66D 		.ascii	"'\362\266m[\236\260\374\300r\267\330fX\346j\023T|^*"
 3805      5B9EB0FC 
 3805      C072B7D8 
 3805      6658E66A 
 3805      13547C5E 
 3806 012e 0BB30246 		.ascii	"\013\263\002F\340\262\252\030\353K\314d\363y>g\0278"
 3806      E0B2AA18 
 3806      EB4BCC64 
ARM GAS  C:\Users\nello\AppData\Local\Temp\ccsMT4zx.s 			page 106


 3806      F3793E67 
 3806      1738
 3807 0140 FC003FB6 		.ascii	"\374\000?\266\214@"
 3807      8C40
 3808              		.text
 3809              		.section	.gnu.lto_chThdDoDequeueNextI.227.71a442c6,"e",%progbits
 3810 0000 789C5D91 		.ascii	"x\234]\221\313k\023Q\024\306\3177g&\246O\335\270\013"
 3810      CB6B1351 
 3810      14C6CF37 
 3810      6726A64F 
 3810      DDB80B
 3811 0013 D88D1441 		.ascii	"\330\215\024A\363(]\024\267]\270q\3476R\342dh\202\217"
 3811      F3285D14 
 3811      B75DB871 
 3811      E73652E2 
 3811      6468828F 
 3812 0027 C4CCC42E 		.ascii	"\304\314\304.\244\344\266F\002EH\372\330X4B\030$\273"
 3812      A4E4B646 
 3812      024548FA 
 3812      D8583442 
 3812      1824BB
 3813 003a AED4FA6C 		.ascii	"\256\324\372l\240\272\257\376\001mw\012\202T]\324\202"
 3813      A0BAAFFE 
 3813      016D770A 
 3813      82545DD4 
 3813      82
 3814 004b 18CF9DA4 		.ascii	"\030\317\235\244$z\231\031\316\367\335s\316\357\334"
 3814      247A9919 
 3814      CEF7DD73 
 3814      CEEFDC
 3815 005a 3B270DA2 		.ascii	";'\015\242y\"\232\222\227,\302\312\362\222A\355v\273"
 3815      79229A92 
 3815      972CC2CA 
 3815      F29241ED 
 3815      76BB
 3816 006c 641A5895 		.ascii	"d\032X\225\030o\021(\306\332\362`\020\231X0\203\000"
 3816      186F1128 
 3816      C6DAF260 
 3816      10995830 
 3816      8300
 3817 007e 5432D844 		.ascii	"T2\330D\011\253|N)\365\353\376\372nuH5[\360\231\250"
 3817      09AB7C4E 
 3817      29F5EBFE 
 3817      FA6E7548 
 3817      355BF099 
 3818 0093 CED4598F 		.ascii	"\316\324Y\217\030+\3543`v#\003c\022\361U\032o)\265s"
 3818      182BEC33 
 3818      60762303 
 3818      6312F155 
 3818      1A6F29B5 
 3819 00a8 B4A9D400 		.ascii	"\264\251\324\000\371\314x\001\251\301s\340\031H\033"
 3819      F9CC7801 
 3819      A9C173E0 
 3819      19481B
 3820 00b7 A98F119D 		.ascii	"\251\217\021\2357G\343\322|\347\301\275\212:e\372\302"
 3820      3747E3D2 
 3820      7CE7C1BD 
ARM GAS  C:\Users\nello\AppData\Local\Temp\ccsMT4zx.s 			page 107


 3820      8A3A65FA 
 3820      C2
 3821 00c8 7BF96F9E 		.ascii	"{\371o\236\231\332\215\004\024\276\253\277g\245\351"
 3821      99DA8D04 
 3821      14BEABBF 
 3821      67A5E9
 3822 00d7 C1DE4665 		.ascii	"\301\336Fe\264\266\020\366\331\302\353\376l\242\324"
 3822      B4B610F6 
 3822      D9C2EBFE 
 3822      6CA2D4
 3823 00e6 D74888F0 		.ascii	"\327H\210\360\006\335\371\3043D5\2316>Y-\365\273]U\352"
 3823      06DDF9C4 
 3823      33443599 
 3823      363E592D 
 3823      F5BB5D55 
 3824 00fb 70FEE1F6 		.ascii	"p\376\341\366\347-\014\000x\005S\010!\013\330D8(\243"
 3824      E72D0C00 
 3824      78055308 
 3824      210BD844 
 3824      3828A3
 3825 010e 2AEBDB09 		.ascii	"*\353\333\011\326\231@\032=\011\2521\367\313oX\\[\332"
 3825      D699401A 
 3825      3D09AA31 
 3825      F7CB6F58 
 3825      5C5BDA
 3826 0121 FB136FF0 		.ascii	"\373\023o\360\361\341\031z\310\247\220#\311x'\0322\341"
 3826      F1E1197A 
 3826      C8A79023 
 3826      C978271A 
 3826      32E1
 3827 0133 BBC08A77 		.ascii	"\273\300\212w\2340\266\360X\217V\356\246\204\320\022"
 3827      9C30B6F0 
 3827      588F56EE 
 3827      A684D012 
 3828 0143 CC01CA63 		.ascii	"\314\001\312c\015\016\227a\370<P\227&$-}\036\224\304"
 3828      0D0E9761 
 3828      F83C5097 
 3828      26242D7D 
 3828      1E94C4
 3829 0156 1A9BFF21 		.ascii	"\032\233\377!\327\217\016+V\227g\365x_\244vH\232`\273"
 3829      D78F0E2B 
 3829      569767F5 
 3829      785FA476 
 3829      489A60BB 
 3830 016a 1F388CF7 		.ascii	"\0378\214\367\002\224\206Z7\207\365\005\177\020\303"
 3830      0294865A 
 3830      3787F505 
 3830      7F10C3
 3831 0179 D00468EE 		.ascii	"\320\004h\356\376\367'#\024\200G\352\035[\252F\351\007"
 3831      FEF72723 
 3831      148047EA 
 3831      1D5BAA46 
 3831      E907
 3832 018b 16F77FCE 		.ascii	"\026\367\177\316\004\177\270\312\350\277\022\242\013"
 3832      047FB8CA 
 3832      E8BF12A2 
 3832      0B
ARM GAS  C:\Users\nello\AppData\Local\Temp\ccsMT4zx.s 			page 108


 3833 0198 D31793D3 		.ascii	"\323\027\223\323\231\354\265\354\025\257\230\316\346"
 3833      99ECB5EC 
 3833      15AF98CE 
 3833      E6
 3834 01a5 9273B9C2 		.ascii	"\222s\271\302u7\237\262\235\231\242\353\024\222\227"
 3834      75379FB2 
 3834      9D99A2EB 
 3834      149297
 3835 01b4 1CD72B16 		.ascii	"\034\327+\026\234\313\271\331\254}g\222\316G\2431yl"
 3835      9CCBB9D9 
 3835      AC7D6792 
 3835      CE47A331 
 3835      796C
 3836 01c6 5D907327 		.ascii	"]\220s'\022\211D,\347\306\012^,{\313\276QL;\262\343"
 3836      1289442C 
 3836      E7C60A5E 
 3836      2C7BCBBE 
 3836      514C3BB2 
 3837 01db 650A4E2A 		.ascii	"e\012N*\355F3\304\336\355\374\351\236aG\355\251\011"
 3837      ED4633C4 
 3837      DEEDFCE9 
 3837      9E6147ED 
 3837      A909
 3838 01ed 279E9874 		.ascii	"'\236\230t\210o\272\263\206\227\377\013\254\227\346"
 3838      886FBAB3 
 3838      8697FF0B 
 3838      AC97E6
 3839 01fc AE       		.ascii	"\256"
 3840              		.text
 3841              		.section	.gnu.lto___thd_object_init.335.71a442c6,"e",%progbits
 3842 0000 789C7D94 		.ascii	"x\234}\224_HSa\030\306\277\347|gg\316\351\314\322Y)"
 3842      5F485361 
 3842      18C6BFE7 
 3842      7C6767CE 
 3842      E9CCD259 
 3843 0015 25445417 		.ascii	"%DT\027M'^DW\201\027\335t\327U\340\010\233#G\324\306"
 3843      4D275E44 
 3843      578117DD 
 3843      74D755E0 
 3843      089B2347 
 3844 002b 36EDA28B 		.ascii	"6\355\242\213\035E\243\006\245S\351Bl\304q\205\320E"
 3844      1D45A306 
 3844      A553E942 
 3844      6CC47185 
 3844      D045
 3845 003d 3786F34F 		.ascii	"7\206\363OeeE\020!\011Eheh\270\240bH\027J\301z\277s"
 3845      65654510 
 3845      21094568 
 3845      6568B8A0 
 3845      6248174A 
 3846 0055 661E5176 		.ascii	"f\036Qv8;\234=<\317\357{\337\357\317\251\2600\026e\214"
 3846      383B9C3D 
 3846      3CCFEF7B 
 3846      DFEFCFA9 
 3846      B0301665 
 3847 006a D5D28FC9 		.ascii	"\325\322\217\311\014\275\361\230\304\262\331lT\226\320"
 3847      0CBDF198 
ARM GAS  C:\Users\nello\AppData\Local\Temp\ccsMT4zx.s 			page 109


 3847      C4B2D96C 
 3847      5496D0
 3848 0079 178FBD1A 		.ascii	"\027\217\275\032\036\221\361\004\272\300\321.\353/`"
 3848      1E91F104 
 3848      BAC0D12E 
 3848      EB2F60
 3849 0088 5189238A 		.ascii	"Q\211#\212>>\310\321\313\223\234A\316\275\001\325G\246"
 3849      3E3EC8D1 
 3849      CB939C41 
 3849      CEBD01D5 
 3849      47A6
 3850 009a 5475B56B 		.ascii	"Tu\265k`lQ\031\034\236\222\223\\b\0112<\004F \306 #"
 3850      606C5119 
 3850      1C9E9293 
 3850      5C620932 
 3850      3C044620 
 3851 00b1 3FC30E91 		.ascii	"?\303\016\221if>\245\2526\226\344\034\2430yH\360\364"
 3851      69663EA5 
 3851      AA3696E4 
 3851      1CA33079 
 3851      48F0F4
 3852 00c4 57095F58 		.ascii	"W\011_X\367e\306\027\373\034= \022\3066\373$\317\035"
 3852      F765C617 
 3852      FB1C3D20 
 3852      12C636FB 
 3852      24CF1D
 3853 00d7 DDD766F8 		.ascii	"\335\327f\370&\206n\351>\031\023\233}\262\347\276\356"
 3853      26866EE9 
 3853      3E19139B 
 3853      7DB2E7BE 
 3853      EE
 3854 00e8 BB62F826 		.ascii	"\273b\370&\207\014\236\005\2176\373,\236\321*\306\024"
 3854      870C9E05 
 3854      8F36FB2C 
 3854      9ED12AC6 
 3854      14
 3855 00f9 262AA68B 		.ascii	"&*\246\2134\034\234\352R3\327^\\\275Y\326\323^\260\245"
 3855      341C9CEA 
 3855      5233D75E 
 3855      5CBD59D6 
 3855      D35EB0A5 
 3856 010d 19F6E09D 		.ascii	"\031\366\340\235eJ\375\233\355V\325\345\312\271I\315"
 3856      654AFD9B 
 3856      ED56D5E5 
 3856      CAB949CD 
 3857 011d 5601C228 		.ascii	"V\001\302(\222xpzXe\361\246\000\343\260\002\217a\007"
 3857      9278707A 
 3857      5865F1A6 
 3857      00E3B002 
 3857      8F6107
 3858 0130 52280526 		.ascii	"R(\005&\341\024\3453\326\315\305d\353\327~\"\366pi\343"
 3858      E114E533 
 3858      D6CDC564 
 3858      EBD77E22 
 3858      F67069E3 
 3859 0144 2FD82F74 		.ascii	"/\330/t\014\214}\211[s\223+A\314\336=\250\252\232\226"
 3859      0C8C7D89 
ARM GAS  C:\Users\nello\AppData\Local\Temp\ccsMT4zx.s 			page 110


 3859      5B73932B 
 3859      41CCDE3D 
 3859      A8AA9A96 
 3860 0158 92BC40E3 		.ascii	"\222\274@\343\012\236\352Z-IT\235\015\317p\233\033\223"
 3860      0A9EEA5A 
 3860      2D49549D 
 3860      0DCF709B 
 3860      1B93
 3861 016a 2CA4E1E2 		.ascii	",\244\341\342$/\304s\322\210-\204t\231\350z\232\004"
 3861      242FC473 
 3861      D2882D84 
 3861      7499E87A 
 3861      9A04
 3862 017c 1A5BE356 		.ascii	"\032[\343V1\302\312\2521\302\026n\016j\307K\362\023"
 3862      31C2CAAA 
 3862      31C2166E 
 3862      0E6AC74B 
 3862      F213
 3863 018e 55945004 		.ascii	"U\224P\004I\317\244\226\362f\212\361\2322\362z\206\351"
 3863      49CFA496 
 3863      F2668AF1 
 3863      9A32F27A 
 3863      86E9
 3864 01a0 9DACE5CF 		.ascii	"\235\254\345\317p\274\241\214E\324e7:_\316\353\267\340"
 3864      70BCA18C 
 3864      45D46537 
 3864      3A5FCEEB 
 3864      B7E0
 3865 01b2 2DF91553 		.ascii	"-\371\025S\037\371\375\016\314\220\337j\324\3440jZI"
 3865      1FF9FD0E 
 3865      CC90DF6A 
 3865      D4E4306A 
 3865      5A49
 3866 01c4 FDCC9B29 		.ascii	"\375\314\233)\301,e\012\214\314\216\365\314\357\274"
 3866      C12C650A 
 3866      8CCC8EF5 
 3866      CCEFBC
 3867 01d3 9952BCA7 		.ascii	"\231R\274\247\214m\275wc\025\327\362gd|\244L\241\350"
 3867      8C6DBD77 
 3867      6315D7F2 
 3867      67647CA4 
 3867      4CA1E8
 3868 01e6 A554F8FB 		.ascii	"\245T\370\373c\037\022\212\306\221[x\276\261\360d\336"
 3868      631F128A 
 3868      C6915B78 
 3868      BEB1F064 
 3868      DE
 3869 01f7 49138439 		.ascii	"I\023\2049\363\272\357\302<\305\355\314$\225\341\023"
 3869      F3BAEFC2 
 3869      3CC5EDCC 
 3869      2495E113 
 3870 0207 49458C75 		.ascii	"IE\214u\346R\012>\033\365\367\307\240q\311\304\333\272"
 3870      E6520A3E 
 3870      1BF5F7C7 
 3870      A071C9C4 
 3870      DBBA
 3871 0219 8FCAB040 		.ascii	"\217\312\260@\341bs\370+\2053\350\252&\211\312/O\210"
ARM GAS  C:\Users\nello\AppData\Local\Temp\ccsMT4zx.s 			page 111


 3871      E16273F8 
 3871      2B8533E8 
 3871      AA2689CA 
 3871      2F4F88
 3872 022c 1D450512 		.ascii	"\035E\005\022)\311\235\006\366\317>\215\363\377M\226"
 3872      29C99D06 
 3872      F6CF3E8D 
 3872      F3FF4D96 
 3873 023c 6F07AEC0 		.ascii	"o\007\256\300\022\201\0359p\232\316\240\025\337trg\216"
 3873      12811D39 
 3873      709ACEA0 
 3873      15DF7472 
 3873      678E
 3874 024e BC3B616C 		.ascii	"\274;alM\352z\217\201\235\335\257qy\035;\354\334\276"
 3874      4DEA7A8F 
 3874      819DDDAF 
 3874      71791D3B 
 3874      ECDCBE
 3875 0261 DE34614B 		.ascii	"\3364aKLX\005\3377a\367&\304\016&P\222W\032\233kZ\343"
 3875      4C5805DF 
 3875      3761F726 
 3875      C40E2650 
 3875      92571A9B 
 3876 0278 1A776A62 		.ascii	"\032wjb\003\321\261\343\246c\207\037h?\301\016\020)"
 3876      03D1B1E3 
 3876      A663871F 
 3876      683FC10E 
 3876      1029
 3877 028a 73FDAE5A 		.ascii	"s\375\256ZM\264\252\334\007A\\+\350X\210\307n\200\276"
 3877      4DB4AADC 
 3877      07415C2B 
 3877      E85888C7 
 3877      6E80BE
 3878 029d 8A94174A 		.ascii	"\212\224\027J7\207\371\0143v\264\341xcC\213\377\234"
 3878      3787F90C 
 3878      3376B4E1 
 3878      7863438B 
 3878      FF9C
 3879 02af FF74A4B5 		.ascii	"\377t\244\265\331\037h\274\034\010]\010\007\233\274"
 3879      D91F68BC 
 3879      1C085D08 
 3879      079BBC
 3880 02be BEB3AD61 		.ascii	"\276\263\255a_\250\361\244/\034i\015\371N\005\316\373"
 3880      5FA8F1A4 
 3880      2F1C690D 
 3880      F94E05CE 
 3880      FB
 3881 02cf BD6DF5EC 		.ascii	"\275m\365\354\260\313UC\267W\004\002\341:\267\333]\023"
 3881      B0CB5543 
 3881      B7570402 
 3881      E13AB7DB 
 3881      5D13
 3882 02e1 08D78422 		.ascii	"\010\327\204\"5\341\220\227\324HK\310\327\324\034vy"
 3882      35E19097 
 3882      D4484BC8 
 3882      D7D41C76 
 3882      79
ARM GAS  C:\Users\nello\AppData\Local\Temp\ccsMT4zx.s 			page 112


 3883 02f2 190FF883 		.ascii	"\031\017\370\203\345&\301\345=V\347\253u\327\373\230"
 3883      E526C1E5 
 3883      3D56E7AB 
 3883      75D7FB98 
 3884 0302 1409CA97 		.ascii	"\024\011\312\227\232.\372\344`\310\037\370\007\304*"
 3884      9A2EFAE4 
 3884      60C81FF8 
 3884      07C42A
 3885 0311 BF5F     		.ascii	"\277_"
 3886              		.text
 3887              		.section	.gnu.lto_chThdCreateSuspendedI.336.71a442c6,"e",%progbits
 3888 0000 789C8D55 		.ascii	"x\234\215U]HSa\030\376\236\363\2353\247\316m\352\324"
 3888      5D485361 
 3888      18FE9EF3 
 3888      9D33A7CE 
 3888      6DEAD4
 3889 0013 99170921 		.ascii	"\231\027\011!\325E\323\205AT\027\201\027\335t\327U`"
 3889      D545D385 
 3889      41541781 
 3889      17DD74D7 
 3889      5560
 3890 0025 44CD9523 		.ascii	"D\315\225#b\262\237\272\313\343\322\244A9\265\2532\211"
 3890      62B29FBA 
 3890      CBE3D2A4 
 3890      4139B5AB 
 3890      3289
 3891 0037 B56A7781 		.ascii	"\265jw\201\024iIX\021\005\225IQ\321\037\032$\030\205"
 3891      14694958 
 3891      11059549 
 3891      51D11F1A 
 3891      241885
 3892 004a ACA23F30 		.ascii	"\254\242?0\326\373\235\263\1771=l\337\276\367=\317\373"
 3892      D6FB9DB3 
 3892      7F313D6C 
 3892      DFBEF73D 
 3892      CFFB
 3893 005c BCCFFB7E 		.ascii	"\274\317\373~?\013\032\030\353a\214m\245/S\030\006\372"
 3893      3F0B1A18 
 3893      EB618C6D 
 3893      A52F5318 
 3893      06FA
 3894 006e C3124B26 		.ascii	"\303\022K&\223\235\262\204A\232\343\0264\213\343L\177"
 3894      939DB284 
 3894      419AE316 
 3894      348BE34C 
 3894      7F
 3895 007f 787AAC59 		.ascii	"xz\254Y3dt\311\332\004\254S\3422:1\310\2078\006x\214"
 3895      336474C9 
 3895      DA04AC53 
 3895      E2323A31 
 3895      C8873806 
 3896 0095 33C8A919 		.ascii	"3\310\251\031P\277~BU\177\367\234};k\030\212O\3101."
 3896      50BF7E42 
 3896      557FF79C 
 3896      7D3B6B18 
 3896      8A4FC831 
 3897 00aa B161025C 		.ascii	"\261a\002\\\007\256A\244# \337\315\326\022hjaTU\213"
ARM GAS  C:\Users\nello\AppData\Local\Temp\ccsMT4zx.s 			page 113


 3897      07AE41A4 
 3897      2320DFCD 
 3897      D612686A 
 3897      6154558B 
 3898 00be 598C73DC 		.ascii	"Y\214s\334@\016\206\034{&\353t\244_\214\015\004N\274"
 3898      400E861C 
 3898      7B26EB74 
 3898      A45F8C0D 
 3898      044EBC
 3899 00d1 BBD46B8E 		.ascii	"\273\324k\216t\031\211\017c\310c\334\363\246\316\300"
 3899      7419890F 
 3899      63C863DC 
 3899      F3A6CEC0 
 3900 00e1 7013220F 		.ascii	"p\023\"\017=\344SD\350\021\326\240v\251\211\271\331"
 3900      3DE45344 
 3900      E811D6A0 
 3900      76A989B9 
 3900      D9
 3901 00f2 C4053C54 		.ascii	"\304\005<TI\210\214\361\374@-\3031\015\026!\255\335"
 3901      49888CF1 
 3901      FC402DC3 
 3901      310D1621 
 3901      ADDD
 3902 0104 F54C806E 		.ascii	"\365L\200n\027\200\032&z\324\304\271\007'N\333\364\364"
 3902      17801A26 
 3902      7AD4C4B9 
 3902      07274EDB 
 3902      F4F4
 3903 0116 F9E588C4 		.ascii	"\371\345\210\304q\316\256>S&\324\205d\237\252No8y\357"
 3903      71CEAE3E 
 3903      5326D485 
 3903      649FAA4E 
 3903      6F3879EF 
 3904 012a FB105629 		.ascii	"\373\020V)D&\225\002\2430\011\214\231L\305\"\006+\015"
 3904      44269502 
 3904      A330098C 
 3904      994CC522 
 3904      062B0D
 3905 013d 86721A8A 		.ascii	"\206r\032\212*h0V\322Pl\023\263*\361\242Z\314j\304\314"
 3905      2A683056 
 3905      D2506C13 
 3905      B32AF1A2 
 3905      5ACC6AC4 
 3906 0152 4E4349AD 		.ascii	"NCI\2550\031\353\343by\264g5\204)eM\260\010\347\271"
 3906      3019EBE3 
 3906      6279B467 
 3906      35842965 
 3906      4DB008E7 
 3907 0167 E63C42E3 		.ascii	"\346<B\343\177\026B<\312\315\251U\341\020\245^\206\252"
 3907      7F16423C 
 3907      CACDA955 
 3907      E110A55E 
 3907      86AA
 3908 0179 AA544169 		.ascii	"\252TAi\224\227\342\016XS\267f\232p\027\347\265\316"
 3908      9497E20E 
 3908      5853B766 
 3908      9A7017E7 
ARM GAS  C:\Users\nello\AppData\Local\Temp\ccsMT4zx.s 			page 114


 3908      B5CE
 3909 018b CDE3F8C8 		.ascii	"\315\343\370\310\211MQn\242H}Y#Di\321\010\307\222#J"
 3909      894D516E 
 3909      A2487D59 
 3909      234469D1 
 3909      08C79223 
 3910 01a0 945BFE47 		.ascii	"\224[\376Gs\237h\240\321\204\022\341\037H\345\226\262"
 3910      739F68A0 
 3910      D18412E1 
 3910      1F48E596 
 3910      B2
 3911 01b1 B9E7A418 		.ascii	"\271\347\244\030/#z<\240(\235D\301C\212\222\030#n=\377"
 3911      2F237A3C 
 3911      A0289D44 
 3911      C1438A92 
 3911      18236E3D 
 3912 01c6 AB514394 		.ascii	"\253QC\224[\011\245+\230I+H\204\221\223<MC\256\024\223"
 3912      5B09A52B 
 3912      98492B48 
 3912      8491933C 
 3912      4D43AE14 
 3913 01db 198F8889 		.ascii	"\031\217\210\211\352H\331\006<&[\026\314V\021\377\315"
 3913      EA48D906 
 3913      3C265B16 
 3913      CC5611FF 
 3913      CD
 3914 01ec B84CF8A4 		.ascii	"\270L\370\244\036\236uY\360\224\\J\206\321\212)\262"
 3914      1E9E7559 
 3914      F0945C4A 
 3914      86D18A29 
 3914      B2
 3915 01fd E9E80865 		.ascii	"\351\350\010eV4i})\216\362\362\245\233R\216\347\024"
 3915      5634697D 
 3915      298EF2F2 
 3915      A59B528E 
 3915      E714
 3916 020f 52A43765 		.ascii	"R\2447e\241\027Q^A\370\225\225\363b\261\236\227\005"
 3916      A117515E 
 3916      41F89595 
 3916      F362B19E 
 3916      9705
 3917 0221 7A5E916D 		.ascii	"z^\221m\024\025V\244\265T.\255\245\002\257\011^\234"
 3917      141556A4 
 3917      B5542EAD 
 3917      A502AF09 
 3917      5E9C
 3918 0233 A3C546F8 		.ascii	"\243\305F\370\225iy\273X\313\273\002-\357\311.\021Z"
 3918      956979BB 
 3918      58CBBB02 
 3918      2DEFC92E 
 3918      115A
 3919 0245 6C2BEAF6 		.ascii	"l+\352\366\364b\306\231\002\306\017d\227\352\3356\342"
 3919      F462C699 
 3919      02C60F64 
 3919      97EADD36 
 3919      E2
 3920 0256 6F662752 		.ascii	"of'R\225U\313\220\177,\330\011\263\372N\310\024^\335"
ARM GAS  C:\Users\nello\AppData\Local\Temp\ccsMT4zx.s 			page 115


 3920      9555CB90 
 3920      7F2CD809 
 3920      B3FA4EC8 
 3920      145EDD
 3921 0269 8D90F6AA 		.ascii	"\215\220\366\252rX\354\330L\013D*C\336Y\241\026Ua\016"
 3921      7258ECD8 
 3921      4C0B442A 
 3921      43DE59A1 
 3921      1655610E 
 3922 027d 59519F88 		.ascii	"YQ\237\210\312$\312\254N\213\251YF\314\347\0021_\262"
 3922      CA24CAAC 
 3922      4E8BA959 
 3922      46CCE702 
 3922      315FB2
 3923 0290 62F2BA44 		.ascii	"b\362\272D\251j\362R\315\023\260,]\277p\352'\373\311"
 3923      A96AF252 
 3923      CD13B02C 
 3923      5DBF70EA 
 3923      27FBC9
 3924 02a3 453AD9F6 		.ascii	"E:\331\366\314\231r\344/t\274,F\212\277R\250Y\317!$"
 3924      CC9972E4 
 3924      2F74BC2C 
 3924      468ABF52 
 3924      A859CF21 
 3925 02b8 D6A6D1F1 		.ascii	"\326\246\321\361m\213\321\325\370Nh\013\241\023\350"
 3925      6D8BD1D5 
 3925      F84E680B 
 3925      A113E8
 3926 02c7 AD8F72A5 		.ascii	"\255\217r\245\033tNk\206\305\251L\365\304\256U\244\371"
 3926      1B744E6B 
 3926      86C5A94C 
 3926      F5C4AE55 
 3926      A4F9
 3927 02d9 EDF1F465 		.ascii	"\355\361\364eB7S-~\001?\301\322\355\264\3437\350\277"
 3927      4237532D 
 3927      7E013FC1 
 3927      D2EDB4E3 
 3927      37E8BF
 3928 02ec 43BB41EC 		.ascii	"C\273A\354\2246\306W\021m\204\3139\327\023\325\337\265"
 3928      9436C657 
 3928      116D84CB 
 3928      39D713D5 
 3928      DFB5
 3929 02fe 9DAD2131 		.ascii	"\235\255!1\211\241+j=b\274.uq\213\347\033B37N\237\322"
 3929      89A12B6A 
 3929      3D62BC2E 
 3929      75718BE7 
 3929      1B423337 
 3930 0315 5914E1E9 		.ascii	"Y\024\341\351\343\310\275\372\030\333\320\262\245\265"
 3930      E3C8BDFA 
 3930      18DBD0B2 
 3930      A5B5
 3931 0323 A5DDB3DF 		.ascii	"\245\335\263\337\263+\020l\363x[\217z}\207\374\035\373"
 3931      B32B106C 
 3931      F3785B8F 
 3931      7A7D87FC 
 3931      1DFB
ARM GAS  C:\Users\nello\AppData\Local\Temp\ccsMT4zx.s 			page 116


 3932 0335 5CEEBD41 		.ascii	"\\\356\275A\277\333\327\272\303\355\017\004}\356\235"
 3932      BFDBD7BA 
 3932      C3ED0F04 
 3932      7DEE9D
 3933 0344 DE831ED7 		.ascii	"\336\203\036\327\221f\266\316\341h\244\217K\004x\375"
 3933      9166B6CE 
 3933      E168A48F 
 3933      4B0478FD 
 3934 0354 1B9D4E67 		.ascii	"\033\235Ng\243\327\337\350\0134\372}.\362\006\332}\356"
 3934      A3D7DFE8 
 3934      0B34FA7D 
 3934      2EF206DA 
 3934      7DEE
 3935 0366 7D6D7E87 		.ascii	"}m~\207\213\361@[GU\216\303\341\332\274\321\335\344"
 3935      8BF1405B 
 3935      47558EC3 
 3935      E1DABCD1 
 3935      DDE4
 3936 0378 6C763329 		.ascii	"lv3)\320Q\3449\0208\334\341hJ\375:\377\001\262E!?"
 3936      D051E439 
 3936      1038DCE1 
 3936      684AFD3A 
 3936      FF01B245 
 3937              		.text
 3938              		.section	.gnu.lto_chThdCreateSuspended.337.71a442c6,"e",%progbits
 3939 0000 789C5551 		.ascii	"x\234UQKh\023Q\024\275g\356L\022A\\\351\252\013\013"
 3939      4B681351 
 3939      14BD67EE 
 3939      4C12415C 
 3939      E9AA0B0B 
 3940 0014 A5A80B13 		.ascii	"\245\250\013\023S\262\020u!t\341\306]W\205\224R'\203"
 3940      53B21075 
 3940      2174E1C6 
 3940      5D578594 
 3940      522783
 3941 0027 0D2E26CC 		.ascii	"\015.&\314Lt\231\227~T\012:i+.JM!\016\264\256\272i1"
 3941      4C749997 
 3941      7E540A3A 
 3941      692B2E4A 
 3941      4D210EB4 
 3942 003f 55D4800B 		.ascii	"U\324\200\013A\027~@\272\315NP\221 \010\202B\274oRp"
 3942      41177E40 
 3942      BACD4E50 
 3942      91200882 
 3942      42BC6F52 
 3943 0054 7A796FB8 		.ascii	"zyo\270\367\274s\356o\332 \252\022\321E\271d\021V\226"
 3943      F7BC73EE 
 3943      6FDA20AA 
 3943      12D145B9 
 3943      64115696 
 3944 0068 970CEAF7 		.ascii	"\227\014\352\367\3735\323\300\252\370x\2168b<X^\332"
 3944      FB35D3C0 
 3944      AAF8788E 
 3944      38623C58 
 3944      5EDA
 3945 007a 7F598803 		.ascii	"\177Y\210\003\023u3v@5\203M\324\260\312\353\214\025"
 3945      13753376 
ARM GAS  C:\Users\nello\AppData\Local\Temp\ccsMT4zx.s 			page 117


 3945      4035834D 
 3945      D4B0CAEB 
 3945      8C15
 3946 008c 8E98601E 		.ascii	"\216\230`\036x\300\360\231\216R\277\027\327\336~I\255"
 3946      78C0F099 
 3946      8E52BF17 
 3946      D7DE7E49 
 3946      AD
 3947 009d 6F75CC88 		.ascii	"ou\314\210\015j\012a\027\330\201.'D\236\244SB\372\360"
 3947      0D6A0A61 
 3947      17D8812E 
 3947      27449EA4 
 3947      5342FAF0 
 3948 00b1 A7ADD411 		.ascii	"\247\255\324\021\212\230\361\024\011\216\000S\217\206"
 3948      8A98F114 
 3948      098E0053 
 3948      8F86
 3949 00bf 064C5F7F 		.ascii	"\006L_\177G\205\334{\267y\347X\243\236\221|\330\303"
 3949      4785DC7B 
 3949      B779E758 
 3949      A39E917C 
 3949      D8C3
 3950 00d1 A18C534F 		.ascii	"\241\214SO\206R\204g\320u\304\004\343\321\316\242\352"
 3950      86528467 
 3950      D075C404 
 3950      E3D1CEA2 
 3950      EA
 3951 00e2 7D7D73FB 		.ascii	"}}s\373\376\361\201\344p\013\232\274\305\264\375\311"
 3951      FEF181E4 
 3951      700B9ABC 
 3951      C5B4FDC9 
 3952 00f2 EAA8BFFD 		.ascii	"\352\250\277\375P\251\375Kw_oo #\355\267a\351\3474i"
 3952      50A9FD4B 
 3952      775F6F6F 
 3952      2023EDB7 
 3952      61E9E734 
 3953 0107 1585ACD7 		.ascii	"\025\205\254\327\022\333I\350\320\370\037\202\032\314"
 3953      12DB49E8 
 3953      D0F81F82 
 3953      1ACC
 3954 0115 C9B087F9 		.ascii	"\311\260\207\371\356\213\367\240\005\030\021\233M\216"
 3954      EE8BF7A0 
 3954      0518119B 
 3954      4D8E
 3955 0123 47B1045E 		.ascii	"G\261\004^\350\276\012\217\266\330\212\037RM\235\270"
 3955      E8BE0A8F 
 3955      B6D88A1F 
 3955      524D9DB8 
 3956 0133 C5B2AC74 		.ascii	"\305\262\254t,\371\230\220\360@\362\003s\017\367~=\346"
 3956      2CF99890 
 3956      F040F203 
 3956      730FF77E 
 3956      3DE6
 3957 0145 16A74526 		.ascii	"\026\247E&\0157\330LT\302w\324/\323\210\222\255|\333"
 3957      0D37D84C 
 3957      54C277D4 
 3957      2FD38892 
ARM GAS  C:\Users\nello\AppData\Local\Temp\ccsMT4zx.s 			page 118


 3957      AD7CDB
 3958 0158 54C38838 		.ascii	"T\303\2108s0\273\266\237\230\353~\016\357A~\242\350"
 3958      7330BBB6 
 3958      9F98EB7E 
 3958      0EEF417E 
 3958      A2E8
 3959 016a 35123292 		.ascii	"5\0222\222S\020\235\035\277P\034\237-_+O\004\325R\331"
 3959      53109D1D 
 3959      BF501C9F 
 3959      2D5F2B4F 
 3959      04D552D9 
 3960 017e 2DDE72BD 		.ascii	"-\336r\275\033~e\306v\246\253\276\343\025\2578~P\365"
 3960      1B7E65C6 
 3960      76A6ABBE 
 3960      E315AF38 
 3960      7E50F5
 3961 0191 9CABEEF5 		.ascii	"\234\253\356\365\262}\263@\247\263\331\234\034[\013"
 3961      B27DB340 
 3961      A7B3D99C 
 3961      1C5B0B
 3962 01a0 5C7F2C9F 		.ascii	"\\\177,\237\317\347\\?\347\0059\337\263\005\015f=g\246"
 3962      CFE75C3F 
 3962      E70539DF 
 3962      B3050D66 
 3962      3D67A6
 3963 01b3 E4676DE2 		.ascii	"\344gm\342\240T9\221\000\262\366\3711\347\\\276\340"
 3963      A0543991 
 3963      00B2F6F9 
 3963      31E75CBE 
 3963      E0
 3964 01c4 901154FE 		.ascii	"\220\021T\376\001\300\263\322("
 3964      01C0B3D2 
 3964      28
 3965              		.text
 3966              		.section	.gnu.lto_chThdCreateI.338.71a442c6,"e",%progbits
 3967 0000 789C6590 		.ascii	"x\234e\220;H\003A\020\206gn\316\213Zkcc@D-\314\013\013"
 3967      3B480341 
 3967      1086676E 
 3967      CE8B5A6B 
 3967      63634044 
 3968 0018 B1122C44 		.ascii	"\261\022,D\320\312J\210H\274\034\032,N\356.Zf#\211\205"
 3968      D0CA4A88 
 3968      48BC1C1A 
 3968      2C4EEE2E 
 3968      5A662389 
 3969 002d A079753E 		.ascii	"\240yu>\256\010\007je\0231bs\255\235X\013\332\212\202"
 3969      AE08076A 
 3969      65133162 
 3969      73AD9D58 
 3969      0BDA8A82 
 3970 0041 C12A8570 		.ascii	"\301*\205p\316\206\200\001\207]\230\375\367\233\177"
 3970      CE868001 
 3970      875D98FD 
 3970      F79B7F
 3971 0050 67760501 		.ascii	"gv\005\001,\000\210\361\006\025\260Z9R \010\202\234"
 3971      2C0088F1 
 3971      0615B05A 
ARM GAS  C:\Users\nello\AppData\Local\Temp\ccsMT4zx.s 			page 119


 3971      39522008 
 3971      829C
 3972 0062 AA60AD72 		.ascii	"\252`\255r\364\365\330P\361\036;\002a^\355$\0109\205"
 3972      F4F5D850 
 3972      F11E3B02 
 3972      615EED24 
 3972      083985
 3973 0075 3087353A 		.ascii	"0\2075:'\254\222G\200j7C\014O\371B\264\213\247g\357"
 3973      27AC9247 
 3973      806A3743 
 3973      0C4FF942 
 3973      B48BA767 
 3974 008a DAF995AF 		.ascii	"\332\371\225\257z\244\200\313\300-b\003\345\033\014"
 3974      7AA480CB 
 3974      C02D6203 
 3974      E51B0C
 3975 0099 D21A4C30 		.ascii	"\322\032L0\364\364\321\024b\000<\"\274\303\036\206\205"
 3975      F4F4D114 
 3975      62003C22 
 3975      BCC31E86 
 3975      85
 3976 00aa F5600440 		.ascii	"\365`\004@\003Y\311\301\032\216\373E\321\272x<<\031"
 3976      0359C9C1 
 3976      1A8EFB45 
 3976      D1BA783C 
 3976      3C19
 3977 00bc 2AE7FBFF 		.ascii	"*\347\373\377\231\302\315s\237/~\202\222\020\257K\355"
 3977      99C2CD73 
 3977      9F2F7E82 
 3977      9210AF4B 
 3977      ED
 3978 00cd 97CBC110 		.ascii	"\227\313\301\020\262\0157\211M\324d\006P\"9V'F\271\246"
 3978      B20D3789 
 3978      4DD46406 
 3978      50223956 
 3978      2746B9A6 
 3979 00e1 4CCADF11 		.ascii	"L\312\337\021\241\205\205p\235\260\200\212G\252K\014"
 3979      A1858570 
 3979      9DB0808A 
 3979      47AA4B0C 
 3980 00f1 D489C7E9 		.ascii	"\324\211\307\351\353^h\235\013\315\225F\214y\024\002"
 3980      EB5E689D 
 3980      0BCD9546 
 3980      8C791402 
 3981 0101 69413D16 		.ascii	"iA=\026\370\211\371y\030\023B\264\334k\021f\246\277"
 3981      F889F979 
 3981      181342B4 
 3981      DC6B1166 
 3981      A6BF
 3982 0113 DBBE8C6F 		.ascii	"\333\276\214o<x{\250\036#\377%\273I\245D\330\333\017"
 3982      3C787BA8 
 3982      1E23FF25 
 3982      BB49A544 
 3982      D8DB0F
 3983 0126 C0F4C25C 		.ascii	"\300\364\302\\ra;\263\231Yu\262\351\214\231\3347\255"
 3983      72613BB3 
 3983      995975B2 
ARM GAS  C:\Users\nello\AppData\Local\Temp\ccsMT4zx.s 			page 120


 3983      E98C99DC 
 3983      37AD
 3984 0138 1D7B37A5 		.ascii	"\035{7\245\033\033Y\333\260\222\213\206\355d-c\331\334"
 3984      1B1B59DB 
 3984      B0928B86 
 3984      ED642D63 
 3984      D9DC
 3985 014a CAE87B33 		.ascii	"\312\350{30\031\211Dy\351\262\300\264\023\361x<j\332"
 3985      30198944 
 3985      79E9B2C0 
 3985      B413F178 
 3985      3C6ADA
 3986 015d 51CB89DA 		.ascii	"Q\313\211\332\226\316\252\263m\031\251\264\035\321\201"
 3986      96CEAAB3 
 3986      6D19A9B4 
 3986      1DD181
 3987 016c 9CF4EE70 		.ascii	"\234\364\356p\217\020\321g\023F,>c\300/k\254\245;"
 3987      8F10D167 
 3987      13462C3E 
 3987      63C02F6B 
 3987      ACA53B
 3988              		.text
 3989              		.section	.gnu.lto_chThdCreate.339.71a442c6,"e",%progbits
 3990 0000 789C5551 		.ascii	"x\234UQ?h\023q\024~\337\275\2734\251\342b\273t\261 "
 3990      3F681371 
 3990      147EDFBD 
 3990      BB34A9E2 
 3990      62BB74B1 
 3991 0015 451D4C4C 		.ascii	"E\035LL\311Pt\021:\270ts\022R\244^\016\033\034.\334"
 3991      C9507411 
 3991      3AB87473 
 3991      1252A45E 
 3991      0E1B1C2E 
 3992 002a 5D74CC2F 		.ascii	"]t\314/\265Q(h\322F\034\244d\0107\264\223\213b\377 "
 3992      B5512868 
 3992      D2461CA4 
 3992      640837B4 
 3992      938B62FF 
 3993 003f 6611ED22 		.ascii	"f\021\355\"\245\"]\263ZE\203 8\024\342\373]j\275>\356"
 3993      A5225DB3 
 3993      5A458320 
 3993      3814E2FB 
 3993      5D6ABD3E 
 3994 0054 8EF7BEF7 		.ascii	"\216\367\276\367}\337\357\367\336\355\203\250LD\327"
 3994      7DDFEFF7 
 3994      DEED83A8 
 3994      4C44D7
 3995 0063 E4258BB0 		.ascii	"\344%\213\260\262\274dP\277\337\257\230\006\232\222"
 3995      B2BC6450 
 3995      BFDFAF98 
 3995      069A92
 3996 0072 631B51C5 		.ascii	"c\033Q\305x\266\274\264\377)\027\025&\252f\224\200*"
 3996      78B6BCB4 
 3996      FF291715 
 3996      26AA6694 
 3996      802A
 3997 0084 069BA8A0 		.ascii	"\006\233\250\240\311\253\214\025\016\231`\036e\300\370"
ARM GAS  C:\Users\nello\AppData\Local\Temp\ccsMT4zx.s 			page 121


 3997      C9AB8C15 
 3997      0E99601E 
 3997      65C0F8
 3998 0093 A58E527F 		.ascii	"\245\216R\177j/>~M\254\256u\314\220\015j\011\3415\360"
 3998      6A2F3E7E 
 3998      4DACAE75 
 3998      CC900D6A 
 3998      09E135F0 
 3999 00a7 0AFA3821 		.ascii	"\012\3728!\362-\272 \244\335\203\015\245R\0242\343\015"
 3999      F22DBA20 
 3999      A4DD830D 
 3999      A5521432 
 3999      E30D
 4000 00b9 621C0166 		.ascii	"b\034\001f\337\217\015\230\276\376N\010\271\267\263"
 4000      DF8F0D98 
 4000      BEFE4E08 
 4000      B9B7B3
 4001 00c8 FEF84CA3 		.ascii	"\376\370L\243\232\024?l\342\204\343\354\336X\202\260"
 4001      9A143F6C 
 4001      E284E3EC 
 4001      DE5882B0 
 4002 00d8 057D8E84 		.ascii	"\005}\216\204`<\321\251\251\336\301\316\243\247#\003"
 4002      603CD1A9 
 4002      A9DEC1CE 
 4002      A3A72303 
 4003 00e8 C9C92B68 		.ascii	"\311\311+h\362\032\323\313=\253\243\016\373u\245>\314"
 4003      F21AD3CB 
 4003      3DABA30E 
 4003      FB75A53E 
 4003      CC
 4004 00f9 FC3CDC1A 		.ascii	"\374<\334\032N\311\3557`\351n\222\264\210\352\254\267"
 4004      4EC9ED37 
 4004      60E96E92 
 4004      B488EAAC 
 4004      B7
 4005 010a 12C539E8 		.ascii	"\022\3059\350\322\370_\202\032\314\361\262\207\207\335"
 4005      D2F85F82 
 4005      1ACCF1B2 
 4005      8787DD
 4006 0119 EDCFA045 		.ascii	"\355\317\240E\030!\233-\216&\261\004^\354\276m\236n"
 4006      18219B2D 
 4006      8E26B104 
 4006      5EECBE6D 
 4006      9E6E
 4007 012b B3153512 		.ascii	"\263\0255\022-m\334f\331\325\220\364j\335w\377$\311"
 4007      2D6DDC66 
 4007      D9D590F4 
 4007      6ADD77FF 
 4007      24C9
 4008 013d 16B3EE58 		.ascii	"\026\263\356Xz\217)\210x8\362\334={li\016,\177`\341"
 4008      7A8F2988 
 4008      7838F2DC 
 4008      3D7B6C69 
 4008      0E2C7F60 
 4009 0152 F9E6EF90 		.ascii	"\371\346\357\220\333\234\024\272\314\323`3v\023|G\365"
 4009      DB9C14BA 
 4009      CCD36033 
ARM GAS  C:\Users\nello\AppData\Local\Temp\ccsMT4zx.s 			page 122


 4009      76137C47 
 4009      F5
 4010 0163 3A9D57B2 		.ascii	":\235W\262\264o\353j\034!\237:Z\215\216_X\350~i>\201"
 4010      B46FEB6A 
 4010      1C219F3A 
 4010      5A8D8E5F 
 4010      58E87E69 
 4011 0179 FC63D16B 		.ascii	"\374c\321k\244\316\210OIty\372j~z\276x\247x3(\027\212"
 4011      A4CE884F 
 4011      497479FA 
 4011      6A7E7ABE 
 4011      78A77833 
 4012 0190 6EFE81EB 		.ascii	"n\376\201\353\335\363Ks\266s\273\354;^\376\206\343\007"
 4012      DDF34B73 
 4012      B673BBEC 
 4012      3B5EFE86 
 4012      E307
 4013 01a2 65CF9971 		.ascii	"e\317\231q\357\026\355\3739\272\230Ng\344\261\265\300"
 4013      EF16EDFB 
 4013      39BA984E 
 4013      67E4B1B5 
 4013      C0
 4014 01b3 F527B3D9 		.ascii	"\365'\263\331l\306\3653^\220\361=[\320`\336s\346\012"
 4014      6CC6F533 
 4014      5E90F13D 
 4014      5BD060DE 
 4014      73E60A
 4015 01c6 7EDA260E 		.ascii	"~\332&\016\012\245\321\030\220\266\247&\235+\331\234"
 4015      0AA5D118 
 4015      90B6A726 
 4015      9D2BD99C 
 4016 01d6 434650FA 		.ascii	"CFP\372\0136\034\332e"
 4016      0B361CDA 
 4016      65
 4017              		.text
 4018              		.section	.gnu.lto_chThdCreateStatic.340.71a442c6,"e",%progbits
 4019 0000 789C8D55 		.ascii	"x\234\215U]h\034U\024\276\337\334\331\331]5I5\277\233"
 4019      5D681C55 
 4019      14BEDFDC 
 4019      D9D95D35 
 4019      4935BF9B 
 4020 0014 448C4850 		.ascii	"D\214HPA7IME\364E\350\203/\276\371T\310\"q;m\027iw\331"
 4020      4137494D 
 4020      45F445E8 
 4020      832FBEF9 
 4020      54C82271 
 4021 002e D9581124 		.ascii	"\331X\021$7\333\315\006\003\232m#\006c\032eX5\020\260"
 4021      37DBCD06 
 4021      039A6D23 
 4021      06631A65 
 4021      583510B0 
 4022 0042 E00F565B 		.ascii	"\340\017V[u\333\212T\373`[%+\330\232\225Z\254\244\352"
 4022      75DB8A54 
 4022      FB605B25 
 4022      2BD89A95 
 4022      5AACA4EA 
 4023 0056 10505B4D 		.ascii	"\020P[M\211\347\316\314\376\027\222aw\356=\347~\367"
ARM GAS  C:\Users\nello\AppData\Local\Temp\ccsMT4zx.s 			page 123


 4023      89E7CECC 
 4023      FE179261 
 4023      77EE3DE7 
 4023      7EF7
 4024 0068 3B7FF7DC 		.ascii	";\177\367\3349\2471\366\036c\3541\3723\017\303\241\203"
 4024      39A731F6 
 4024      1E63EC31 
 4024      FA330FC3 
 4024      A183
 4025 007a 930A5B5F 		.ascii	"\223\012[__\037U\025L\323\034\247`K\034\257\036\234"
 4025      5F1F5515 
 4025      4CD31CA7 
 4025      604B1CAF 
 4025      1E9C
 4026 008c 5CFE69D0 		.ascii	"\\\376i\320\026T\214\251\366\004lT\341*F1\315\3478\016"
 4026      16548CA9 
 4026      F6046C54 
 4026      E12A4631 
 4026      CDE7380E 
 4027 00a0 F12C6750 		.ascii	"\361,gP\335\031\320s\177N\210k\343\263\257\257hs\013"
 4027      DD19D073 
 4027      7F4E886B 
 4027      E3B3AFAF 
 4027      68730B
 4028 00b3 3935CB15 		.ascii	"95\313\0256O\200\217\200\017!\315\021\220\357`\367\022"
 4028      364F808F 
 4028      800F21CD 
 4028      1190EF60 
 4028      F712
 4029 00c5 E8EC99A3 		.ascii	"\350\354\231\243B\370Y\226s|\214\012\014)B_\007$\316"
 4029      42F85996 
 4029      737C8C0A 
 4029      0C29425F 
 4029      0724CE
 4030 00d8 7070CB2E 		.ascii	"pp\313.N\305'\32585\264d\343\236\267q\326\354\342tc"
 4030      4EC527D5 
 4030      3835B464 
 4030      E39EB771 
 4030      D6ECE274 
 4031 00ed 0659EEC1 		.ascii	"\006Y\356\301\261j\234't\311\306\275\350\360\255\270"
 4031      B16A9C27 
 4031      74C9C6BD 
 4031      E8F0ADB8 
 4032 00fd 7C1A3EAB 		.ascii	"|\032>\253\306i!\313\306\0118\300\033%\007\277\250u"
 4032      C66921CB 
 4032      C60938C0 
 4032      1B2507BF 
 4032      A875
 4033 010f 702DE084 		.ascii	"p-\340\204\222\202\034z\245\3717\026'\0323c>\212\030"
 4033      92821C7A 
 4033      A5F93716 
 4033      271A3363 
 4033      3E8A18
 4034 0122 27501573 		.ascii	"'P\025s\350\245N\215\341$d&\350!\235W\356\235\000\353"
 4034      E8A54E8D 
 4034      E1246426 
 4034      E8219D57 
ARM GAS  C:\Users\nello\AppData\Local\Temp\ccsMT4zx.s 			page 124


 4034      EE9D00EB 
 4035 0136 1563C23A 		.ascii	"\025c\302:\274b\275\205\323\202r\345\305\227\325;m\033"
 4035      BC62BD85 
 4035      D38272E5 
 4035      C597D53B 
 4035      6D1B
 4036 0148 530E2E43 		.ascii	"S\016.C\371L\3650\211\372\352&\250\231:\324\351\233"
 4036      F94CF530 
 4036      89FAEA26 
 4036      A8993AD4 
 4036      E99B
 4037 015a A0DEAC43 		.ascii	"\240\336\254C}S\203\352\315\215\013k\345L\372\225\026"
 4037      7D5383EA 
 4037      CD8D0B6B 
 4037      E54CFA95 
 4037      16
 4038 016b 2798EAF2 		.ascii	"'\230\352\362\3110\0268;r\336\223\023k\353SB\344wL\236"
 4038      C9301638 
 4038      3B72DE93 
 4038      136BEB53 
 4038      42E4774C 
 4039 0180 FAE008EE 		.ascii	"\372\340\010\356\204\\Q\211Q\321\200\343\360\00194\000"
 4039      845C5189 
 4039      51D180E3 
 4039      F0013934 
 4039      00
 4040 0191 9FA3492E 		.ascii	"\237\243I.\264\000\237\242\0258\2126\202\260vz\371:"
 4040      B4009FA2 
 4040      15388A36 
 4040      82B0767A 
 4040      F93A
 4041 01a3 E8E50FC8 		.ascii	"\350\345\017\310W\247\024\273\344\254[\316\030\233\342"
 4041      57A714BB 
 4041      E4AC5BCE 
 4041      189BE2
 4042 01b2 F238DACF 		.ascii	"\3628\332\317]\220\242R\026\3012\234W\212\026\016\024"
 4042      5D90A252 
 4042      16C1329C 
 4042      578A160E 
 4042      14
 4043 01c3 FE5B024B 		.ascii	"\376[\002KA\311\362[\346\271]\241[\331\03780\227\316"
 4043      41C9F25B 
 4043      E6B95DA1 
 4043      5BD91F38 
 4043      3097CE
 4044 01d6 5FE83779 		.ascii	"_\3507y\233\311[\234c\232\241-Mr\345\375\3646\2237\231"
 4044      9BC95B9C 
 4044      639AA12D 
 4044      4D72E5FD 
 4044      F4369337 
 4045 01eb BC955649 		.ascii	"\274\225VIN\316^\377\365r\3614+vI\337\201\020\342\012"
 4045      4ECE5EFF 
 4045      F572F134 
 4045      2B7649DF 
 4045      8110E20A 
 4046 01ff 31DE4640 		.ascii	"1\336F@|\013\326O2\345\243\001gqX\226\2216;L\313\027"
 4046      7C0BD64F 
ARM GAS  C:\Users\nello\AppData\Local\Temp\ccsMT4zx.s 			page 125


 4046      32E5A301 
 4046      67715896 
 4046      91363B4C 
 4047 0215 3593B713 		.ascii	"5\223\267\023\312\261Qpm$\255I\024y|e\032R\271L\215"
 4047      CAB15170 
 4047      6D24AD49 
 4047      14797C65 
 4047      1A52B94C 
 4048 022a F88E98C8 		.ascii	"\370\216\230\310[W\366\341{\222\025\311\334.\367\257"
 4048      5B57F6E1 
 4048      7B9215C9 
 4048      DC2EF7AF 
 4049 023a FA36D8BE 		.ascii	"\3726\330\276\344l/\253\232\220'\025/1n\301\017$\253"
 4049      E46C2FAB 
 4049      9A902715 
 4049      2F316EC1 
 4049      0F24AB
 4050 024d 8C49CFB6 		.ascii	"\214I\317\266\240_\262\256M\300\344\035&o\330\234\213"
 4050      A05FB2AE 
 4050      4DC0E41D 
 4050      266FD89C 
 4050      8B
 4051 025e 3FD6DBB8 		.ascii	"?\326\333\270Pc\343\"\311\036\351uG\211?`R\0257\305"
 4051      5063E322 
 4051      C91EE975 
 4051      47893F60 
 4051      521537C5 
 4052 0272 BF5CCF5F 		.ascii	"\277\\\317_\250\341\377\231dM\362\0076\225\225K\365"
 4052      A8E1FF99 
 4052      644DF207 
 4052      3695954B 
 4052      F5
 4053 0283 8CBFD430 		.ascii	"\214\277\3240^&\331\353d\305\217\033\305z\035\367\233"
 4053      5E26D9EB 
 4053      64C58F1B 
 4053      C57A1DF7 
 4053      9B
 4054 0294 BC7303F2 		.ascii	"\274s\003\362+5\025\373\315\251X)\360\256\024\222\366"
 4054      2B3515FB 
 4054      CDA95829 
 4054      F0AE1492 
 4054      F6
 4055 02a5 129D4385 		.ascii	"\022\235C\205\225S M\371\312\347\212\000\267\2231\\"
 4055      9553204D 
 4055      F9CAE78A 
 4055      00B79331 
 4055      5C
 4056 02b6 45D9A9DF 		.ascii	"E\331\251\337\211\312'\303\354*:\323\275\2013\177\326"
 4056      89CA27C3 
 4056      EC2A3AD3 
 4056      BD81337F 
 4056      D6
 4057 02c7 3863959D 		.ascii	"8c\225\235\251\312\022\231\352\2562\265J@\1771~\251"
 4057      A9CA1299 
 4057      EAAE32B5 
 4057      4A407F31 
 4057      7EA9
ARM GAS  C:\Users\nello\AppData\Local\Temp\ccsMT4zx.s 			page 126


 4058 02d9 A41E9A28 		.ascii	"\244\036\232(\034\233!#\260\273\350\216y\231/\327\357"
 4058      1C9B2123 
 4058      B0BBE88E 
 4058      79992FD7 
 4058      EF
 4059 02ea 66DBAAAD 		.ascii	"f\333\252\255o^\340n\020\324b-\370\007\370[\366\235"
 4059      6F5EE06E 
 4059      10D4622D 
 4059      F807F85B 
 4059      F69D
 4060 02fc 137233AE 		.ascii	"\023r3\256\201\276\034\344(!\356~\027i\322\265\246\220"
 4060      81BE1CE4 
 4060      2821EE7E 
 4060      1769D2B5 
 4060      A690
 4061 030e 1662E181 		.ascii	"\026b\341\201,o\303\277\316\252\226\245\343ma\274p."
 4061      2C6FC3BF 
 4061      CEAA96A5 
 4061      E36D61BC 
 4061      702E
 4062 0320 EFF66CC7 		.ascii	"\357\366l\307\274<\243\246c- \251;\355\246>\337^\352"
 4062      BC3CA3A6 
 4062      632D20A9 
 4062      3BEDA63E 
 4062      DF5EEA
 4063 0333 694FB1A7 		.ascii	"iO\261\247\223\257]\377\353mnr\325\224\241\323U\240"
 4063      93AF5DFF 
 4063      EB6D6E72 
 4063      D594A1D3 
 4063      55A0
 4064 0345 565C0514 		.ascii	"V\\\005\024\344\330\343\354\036\212\310\272\272(z\350"
 4064      E4D8E3EC 
 4064      1E8AC8BA 
 4064      BA287AE8 
 4065 0355 53D0E55E 		.ascii	"S\320\345^\271\362YE\262\220\237y\331\361B\225\232)"
 4065      B9F25945 
 4065      B2909F79 
 4065      D9F14295 
 4065      9A29
 4066 0367 8ECA6B86 		.ascii	"\216\312k\206\261\007\267?:\264}O\344\231\310S\211\221"
 4066      B107B73F 
 4066      3AB47D4F 
 4066      E499C853 
 4066      8991
 4067 0379 9D91E8D0 		.ascii	"\235\221\350\320\376h\374Y#6\034\326\237\0361\364\370"
 4067      FE68FC59 
 4067      23361CD6 
 4067      9F1E31F4 
 4067      F8
 4068 038a D013BA91 		.ascii	"\320\023\272\221\030\211\353OFwG\302\317\015\262\373"
 4068      1889EB4F 
 4068      467747C2 
 4068      CF0DB2FB 
 4069 039a 82C13EFA 		.ascii	"\202\301>\372\205\345\206\250\261u``\240/j\364\305\023"
 4069      85E586A8 
 4069      B1756060 
 4069      A02F6AF4 
ARM GAS  C:\Users\nello\AppData\Local\Temp\ccsMT4zx.s 			page 127


 4069      C513
 4070 03ac 7D463C4C 		.ascii	"}F<L\332\304\236\270>\274\323\010\206\031\337o\304Z"
 4070      DAC49EB8 
 4070      3EBCD308 
 4070      8619DF6F 
 4070      C45A
 4071 03be 2B14C1F0 		.ascii	"+\024\301\360#[\365\376\201A\235\251F\344\005]\215\305"
 4071      235BF5FE 
 4071      81419DA9 
 4071      46E4055D 
 4071      8DC5
 4072 03d0 235125B6 		.ascii	"#Q%\266\213\017\307w+\211\2307\262+\2617\026|\310\035"
 4072      8B0FC777 
 4072      2B899837 
 4072      B22BB137 
 4072      167CC81D 
 4073 03e4 07DD719B 		.ascii	"\007\335q\233;>\354\335\027\3357\274Wg\377\003\211\001"
 4073      3B3EECDD 
 4073      17DD37BC 
 4073      5767FF03 
 4073      8901
 4074 03f6 4C61     		.ascii	"La"
 4075              		.text
 4076              		.section	.gnu.lto_chThdStart.341.71a442c6,"e",%progbits
 4077 0000 789C6551 		.ascii	"x\234eQ1,CQ\024\275\367\337\337\217X\031XHD0hU:\010"
 4077      312C4351 
 4077      14BDF7DF 
 4077      DF8F5819 
 4077      58484430 
 4078 0018 8BA483C5 		.ascii	"\213\244\203\305f\2224\021~\177h\014\237\377\177\031"
 4078      66923411 
 4078      7E7F680C 
 4078      9FFF7F19 
 4079 0028 FB8A7668 		.ascii	"\373\212vhBQ\021i\350P\215t\021\013\301\326\215\201"
 4079      42511169 
 4079      E8508D74 
 4079      110BC1D6 
 4079      8D81
 4080 003a 448CA68E 		.ascii	"D\214\246\216\022\"\215\205A\362\335\367\011\0257\357"
 4080      12228D85 
 4080      41F2DDF7 
 4080      091537EF 
 4081 004a 25F79C9C 		.ascii	"%\367\234\234s\336\275yi\004X\004\200\021\276\340\003"
 4081      73DEBD79 
 4081      69045804 
 4081      8011BEE0 
 4081      03
 4082 005b DCDECA28 		.ascii	"\334\336\312(\340\272nBU0\307=^\242\207\010w\2662o\217"
 4082      E0BA6E42 
 4082      5530C73D 
 4082      5EA28708 
 4082      77B6326F 
 4083 0070 210FA898 		.ascii	"!\017\250\230T\275\006!\241\220\212\011\314\321>\341"
 4083      54BD0621 
 4083      A1908A09 
 4083      CCD13EE1 
 4084 0080 36950850 		.ascii	"6\225\010P\375\356\020;\373*B\274\247\362\356\223\266"
ARM GAS  C:\Users\nello\AppData\Local\Temp\ccsMT4zx.s 			page 128


 4084      FDEE103B 
 4084      FB2A42BC 
 4084      A7F2EE93 
 4084      B6
 4085 0091 5FAEA825 		.ascii	"_\256\250%R\240\300\2023\304S\224\317\261\220&\241\207"
 4085      52A0C082 
 4085      33C45394 
 4085      CFB19026 
 4085      A187
 4086 00a3 4577D717 		.ascii	"Ew\327\027B4\001+\360\034\3534LD\212m\000\032H'\027"
 4086      4234012B 
 4086      F01CEB34 
 4086      4C448A6D 
 4086      001A4827 
 4087 00b8 734A7725 		.ascii	"sJw%%j\033\267\351\215\226\315d\343\277P(\023\234\334"
 4087      256A1BB7 
 4087      E98D96CD 
 4087      64E3BF50 
 4087      28139CDC 
 4088 00cc FB2AE2C3 		.ascii	"\373*\342\303\315\012\341N\335|\03467\3600\027\250\311"
 4088      CD0AE14E 
 4088      DD7C1C36 
 4088      37F03017 
 4088      A8C9
 4089 00de 38802CC9 		.ascii	"8\200,\311\375\274\352`\307&)\277\020\241\206\253\325"
 4089      FDBCEA60 
 4089      C72629BF 
 4089      10A186AB 
 4089      D5
 4090 00ef DC03C21A 		.ascii	"\334\003\302\032*%\242\002yC\250 u\364W\227\252\356"
 4090      2A25A202 
 4090      7943A820 
 4090      75F45797 
 4090      AAEE
 4091 0101 B67FC97C 		.ascii	"\266\177\311|\005\231[$\222kk\310\206\006/g\257\375"
 4091      05995B24 
 4091      926B6BC8 
 4091      86062F67 
 4091      AFFD
 4092 0113 2786BE62 		.ascii	"'\206\276b^p%\177yuDE\322\212\222\343T\265.\025\237"
 4092      5E70257F 
 4092      79754445 
 4092      D28A92E3 
 4092      54B52E15 
 4093 0128 31390A5D 		.ascii	"19\012]B\210Z\366Xtb\211\032\277\367\226\365\212+\325"
 4093      42885AF6 
 4093      58746289 
 4093      1ABFF796 
 4093      F58A2BD5 
 4094 013c 83FC3AF2 		.ascii	"\203\374:\362\227\260_2Y\302\372U\000\372\303\303\221"
 4094      97B05F32 
 4094      59C2FA55 
 4094      00FAC3C3 
 4094      91
 4095 014d F05C6C26 		.ascii	"\360\\l&6\341\304\24313\262lZ\363\366\302\264nL\305"
 4095      36E1C4A3 
 4095      3133B26C 
ARM GAS  C:\Users\nello\AppData\Local\Temp\ccsMT4zx.s 			page 129


 4095      5AF3F6C2 
 4095      B46E4CC5 
 4096 0161 6DC38A8C 		.ascii	"m\303\212\214\031\266\023\267\214qs6\246/\205\240\327"
 4096      19B613B7 
 4096      8C717336 
 4096      A62F85A0 
 4096      D7
 4097 0172 EF0FF0D1 		.ascii	"\357\017\360\321\245\301\264\007\203\301`\300\264\003"
 4097      A5C1B407 
 4097      83C160C0 
 4097      B403
 4098 0180 9613B02D 		.ascii	"\226\023\260-\235Yg\3162\246\243\266_\007\305Yh\255"
 4098      9D5967CE 
 4098      32A6A3B6 
 4098      5F07C559 
 4098      68AD
 4099 0192 C37E7D68 		.ascii	"\303~}h\320\030\010\206\014\370\004\231\037\300z"
 4099      D0180886 
 4099      0CF80499 
 4099      1FC07A
 4100              		.text
 4101              		.section	.gnu.lto_chThdAddRef.342.71a442c6,"e",%progbits
 4102 0000 789C6D52 		.ascii	"x\234mRKh\023Q\024\275\347\335\231\244\325\255\202;"
 4102      4B681351 
 4102      14BDE7DD 
 4102      99A4D5AD 
 4102      823B
 4103 0012 0B22EAC2 		.ascii	"\013\"\352\302\244)Y\210n\204.\272q'\010B@\352t\260"
 4103      A4295988 
 4103      6E842EBA 
 4103      71270842 
 4103      40EA74B0 
 4104 0026 D1C5D499 		.ascii	"\321\305\324\231\211.\363\322\332.\0026\375\270\012"
 4104      892EF3D2 
 4104      DA2E0236 
 4104      FDB80A
 4105 0035 B18B104A 		.ascii	"\261\213\020J7\245\033\305\026R\230\255\213\202\270"
 4105      37A51BC5 
 4105      165298AD 
 4105      8B82B8
 4106 0044 143F5DA9 		.ascii	"\024?]\251\340o\020\004\013b\274o\022\351\200>\336<"
 4106      E06F1004 
 4106      0B62BC6F 
 4106      12E9803E 
 4106      DE3C
 4107 0056 EEB99C73 		.ascii	"\356\271\234s\336\271\217\371\015\242\273DtI>\262\011"
 4107      DEB98FF9 
 4107      0DA2BB44 
 4107      74493EB2 
 4107      09
 4108 0067 2BCB7545 		.ascii	"+\313uE\275^\257j)\254J\215\035$\210\361h\271\376\341"
 4108      BD5EAF6A 
 4108      29AC4A8D 
 4108      1D2488F1 
 4108      68B9FEE1 
 4109 007b 53310116 		.ascii	"S1\001\026jVR\200\252\212-T\261\312-\306\012w\230`\015"
 4109      6A565280 
ARM GAS  C:\Users\nello\AppData\Local\Temp\ccsMT4zx.s 			page 130


 4109      AA8A2D54 
 4109      B1CA2DC6 
 4109      0A779860 
 4110 0090 2A60E45C 		.ascii	"*`\344\\\244\365\317\371\346\346\227Lk#\262:\254hM\010"
 4110      A4F5CFF9 
 4110      E6E6974C 
 4110      6B23B23A 
 4110      AC684D08 
 4111 00a4 4F812730 		.ascii	"O\201'0\327\011\221\257\323\031!\275x\276\255\3650\011"
 4111      D70991AF 
 4111      D31921BD 
 4111      78BEADF5 
 4111      3009
 4112 00b6 03CF90E2 		.ascii	"\003\317\220\342H\243\364\376\004Q\206\214R\226\364"
 4112      48A3F4FE 
 4112      0451868C 
 4112      5296F4
 4113 00c5 D4E9685E 		.ascii	"\324\351h^\307\335\275\205\305cK\265\241\177Li\203i"
 4113      C7DDBD85 
 4113      C5634BB5 
 4113      A17F4C69 
 4113      8369
 4114 00d7 EBA51DE9 		.ascii	"\353\245\035\351_\275\206\326\337n\357u\267\216\036"
 4114      5FBD86D6 
 4114      DF6EEF75 
 4114      B78E1E
 4115 00e6 9130DBB0 		.ascii	"\2210\333\260\305\2163\346\310\232#\271\216\250\301"
 4115      C58E33E6 
 4115      C89A23B9 
 4115      8EA8C1
 4116 00f5 66DC649D 		.ascii	"f\334d\235\024\203%V\207\020\024cn\377\335+\320\003"
 4116      14832556 
 4116      87101463 
 4116      6EFFDD2B 
 4116      D003
 4117 0107 A80E5B6B 		.ascii	"\250\016[k\234d\262\311\3608\315\373\212\331\356\301"
 4117      9C64B2C9 
 4117      F038CDFB 
 4117      8AD9EEC1 
 4118 0117 EB6B6DB6 		.ascii	"\353km\266\007\323+\230\361\326\241\265\226\214\231"
 4118      07D32B98 
 4118      F1D6A1B5 
 4118      968C99
 4119 0126 3633BAA0 		.ascii	"63\272\240\321>\314b\027\217\223yD\027\327\337\240m"
 4119      D13ECC62 
 4119      178F9379 
 4119      4417D7DF 
 4119      A06D
 4120 0138 18B6A0B9 		.ascii	"\030\266\240\271\326\202\200\254`c\222\355;\307u\374"
 4120      D68280AC 
 4120      606392ED 
 4120      3BC775FC 
 4121 0148 F5FAA8FE 		.ascii	"\365\372\250\376c\026\365\315D\227\344\375\221\312\253"
 4121      6316F5CD 
 4121      4497E4FD 
 4121      91CAAB
 4122 0157 FA79C5A4 		.ascii	"\372y\305\244\271\363v\235\333<,\342$\276\225\212\217"
ARM GAS  C:\Users\nello\AppData\Local\Temp\ccsMT4zx.s 			page 131


 4122      B9F3769D 
 4122      DB3C2CE2 
 4122      24BE958A 
 4122      8F
 4123 0168 CFA85DA6 		.ascii	"\317\250]\246S\342\027\357n\352\021txh\360\336f}\307"
 4123      53E217EF 
 4123      6EEA1174 
 4123      7868F0DE 
 4123      667DC7
 4124 017b ECFE41F3 		.ascii	"\354\376A\363!\344W\020\275\3514\030\3517#:?~\2614>"
 4124      21E45710 
 4124      BDE93418 
 4124      E937233A 
 4124      3F7EB134 
 4125 0190 5DBE59BE 		.ascii	"]\276Y\276\032V\246\312^\351\276\347\337\011f&\035\367"
 4125      1A56A6CA 
 4125      5EE9BEE7 
 4125      DF096626 
 4125      1DF7
 4126 01a2 462570FD 		.ascii	"F%p\375\322\204\033\204\025\337\275\342\335*;\367\212"
 4126      D2841B84 
 4126      15DFBDE2 
 4126      DD2A3BF7 
 4126      8A
 4127 01b3 743697CB 		.ascii	"t6\227\313\313v\214\300\013\306\012\205B\336\013\362"
 4127      CB768CC0 
 4127      0BC60A85 
 4127      42DE0BF2 
 4128 01c3 7E980F7C 		.ascii	"~\230\017|G\272\341\264\357NN\0059\207T8s<\205s\316"
 4128      47BAE1B4 
 4128      EF4E4E05 
 4128      39875438 
 4128      733C8573 
 4129 01d8 853177B4 		.ascii	"\2051w\264Pt\351\017\247@\344\177"
 4129      5074E90F 
 4129      A740E47F 
 4130              		.text
 4131              		.section	.gnu.lto_chThdRelease.343.71a442c6,"e",%progbits
 4132 0000 789C7D54 		.ascii	"x\234}TMHTQ\024>\347\235\367\336\374;ZYQ\213\214\026"
 4132      4D485451 
 4132      143EE79D 
 4132      F7DEFC3B 
 4132      5A59518B 
 4133 0016 1695A3E2 		.ascii	"\026\225\243\342\"Z\005.\332\264\013\202@\010\033\207"
 4133      225A052E 
 4133      DAB40B82 
 4133      40081B87 
 4134 0026 92166333 		.ascii	"\222\026c3c-Z\370\312QI*G\215P\323A\036\2170\010\314"
 4134      632D5AF8 
 4134      CA51492A 
 4134      478D50D3 
 4134      411E8F30 
 4135 003c 457F5868 		.ascii	"E\177Xh\024\325\"Kl\321\"*\211 \203J\213\212\002s:\367"
 4135      14D5224B 
 4135      6CD1222A 
 4135      8920834A 
 4135      8B8A0273 
ARM GAS  C:\Users\nello\AppData\Local\Temp\ccsMT4zx.s 			page 132


 4136 0052 BE37394D 		.ascii	"\27679M\332c\346\274{\316=\347\373\356\375\316\275\357"
 4136      DA63E6BC 
 4136      7BCE3DE7 
 4136      FBEEFDCE 
 4136      BDEF
 4137 0064 BB0A7014 		.ascii	"\273\012p\024\000F\371\017~\300\256\316v\0052\231L\223"
 4137      0046F90F 
 4137      7EC0AECE 
 4137      76053299 
 4137      4C93
 4138 0076 AA60378F 		.ascii	"\252`7\217\361\026J\217\224d\247O\216\372Ro\354\220"
 4138      F1164A8F 
 4138      9464A74F 
 4138      8EFA526F 
 4138      EC90
 4139 0088 AAB4E487 		.ascii	"\252\264\344\2074\352I\231\033\355\372\326N\257|\267"
 4139      34EA4999 
 4139      1BEDFAD6 
 4139      4EAF7CB7 
 4140 0098 396F1D7B 		.ascii	"9o\035{\273\314\317\247g\265,\244K\004F\316\005\245"
 4140      BBCCCFA7 
 4140      67B52CA4 
 4140      4B0446CE 
 4140      05A5
 4141 00aa E3964E9F 		.ascii	"\343\226N\237\355x\360\"\247\016\014\333y^\3419\240"
 4141      ED78F022 
 4141      A70E0CDB 
 4141      795EE139 
 4141      A0
 4142 00bb 3EB46308 		.ascii	">\264c\010M\012\251\232\356r{\274>l\302n\332b\030\306"
 4142      4D0AA99A 
 4142      EE727BBC 
 4142      3E6CC26E 
 4142      DA6218C6 
 4143 00cf 8F96BED7 		.ascii	"\217\226\276\327\023h\014\215\243E\000i\002\373\351"
 4143      13680C8D 
 4143      A3450069 
 4143      02FBE9
 4144 00de 27EC228B 		.ascii	"'\354\"\213\020Ug\244`\011\217h?\224\216\033\306\344"
 4144      105567A4 
 4144      60098F68 
 4144      3F948E1B 
 4144      C6E4
 4145 00f0 9D9B86E1 		.ascii	"\235\233\206\341\001\213\010o \327\340u\304k\010\"P"
 4145      018B086F 
 4145      20D7E075 
 4145      C46B0822 
 4145      50
 4146 0101 33B61640 		.ascii	"3\266\026@\317\"q\014\207\010\206\247\264qc>\323a\030"
 4146      CF22710C 
 4146      870886A7 
 4146      B471633E 
 4146      D36118
 4147 0114 136F7128 		.ascii	"\023oq(\264N\343LU\027\306%\214[\030\001\247z\331h>"
 4147      B44EE34C 
 4147      5517C625 
 4147      8C5B1801 
ARM GAS  C:\Users\nello\AppData\Local\Temp\ccsMT4zx.s 			page 133


 4147      A77AD968 
 4148 0129 31F2B3D1 		.ascii	"1\362\263\321\003\302\024\260q\005\331\270\013\305\250"
 4148      03C214B0 
 4148      7105D9B8 
 4148      0BC5A8
 4149 0138 08F126C3 		.ascii	"\010\361&\303v\220\330\235|6\260\233\"e\321E\230\303"
 4149      7690D89D 
 4149      7C36B09B 
 4149      2265D145 
 4149      98C3
 4150 014a E6E9672F 		.ascii	"\346\351g/<,\033$Q\261\310\223&\271</\210T\312M\375"
 4150      3C2C1B24 
 4150      51B1C893 
 4150      26B93C2F 
 4150      8854CA4D 
 4151 015f 84A76EFF 		.ascii	"\204\247n\377\374\266\317$\315\331)g\362\350\022\262"
 4151      FCB6CF24 
 4151      CDD92967 
 4151      F2E812B2 
 4152 016f 386E8B7C 		.ascii	"8n\213|&\025\341(B\271\355\372\3616\016\310\255q\335"
 4152      2615E128 
 4152      42B9EDFA 
 4152      F1360EC8 
 4152      AD71DD
 4153 0182 5CFB4B34 		.ascii	"\\\373K4I\347R\366\232\373[\331q\261/@\374\230A;\005"
 4153      49E752F6 
 4153      9AFB5BD9 
 4153      71B12F40 
 4153      FC98413B 
 4154 0197 B36033CA 		.ascii	"\263`3\312\022hc6\032\027\312\205\334\232\277D&\271"
 4154      12686336 
 4154      1A17CA85 
 4154      DC9ABF44 
 4154      26B9
 4155 01a9 FFC77FD7 		.ascii	"\377\307\177\327\341\177\217\311\231{\3538\331\246\263"
 4155      E17F8FC9 
 4155      997BEB38 
 4155      D9A6B3
 4156 01b8 DB962235 		.ascii	"\333\226\"5go( /\227\232\344Y\0360\200\367\031\020\263"
 4156      676F2820 
 4156      2F979AE4 
 4156      591E3080 
 4156      F71910B3 
 4157 01cc 80A6C2D9 		.ascii	"\200\246\302\331\0021\200A\007Q\313S\353|\373\323Y\257"
 4157      02318041 
 4157      0751CB53 
 4157      EB7CFBD3 
 4157      59AF
 4158 01de 49DE2530 		.ascii	"I\336%09\344\300\026\340C\206U\200\345\267\003\032>"
 4158      39E4C016 
 4158      E0438655 
 4158      80E5B703 
 4158      1A3E
 4159 01f0 6292394C 		.ascii	"b\2229L\226\330\035\011\246\305,\303XT(\333\365u\375"
 4159      96D81D09 
 4159      A6C52CC3 
 4159      585428DB 
ARM GAS  C:\Users\nello\AppData\Local\Temp\ccsMT4zx.s 			page 134


 4159      F575FD
 4160 0203 9F5691DD 		.ascii	"\237V\221\335*\331\231\205\357,\210o\371\365\027\341"
 4160      2AD99985 
 4160      EF2C886F 
 4160      F9F517E1 
 4161 0213 632622BB 		.ascii	"c&\"\273!\363m\277x\375~.\020\015\271\320\306\015\011"
 4161      21F36DBF 
 4161      78FD7E2E 
 4161      100DB9D0 
 4161      C60D09
 4162 0226 B08FDBE0 		.ascii	"\260\217\333\340#&\007\2712\300@\233\214A\343jO\207"
 4162      232607B9 
 4162      32C0409B 
 4162      8C41E36A 
 4162      4F87
 4163 0238 C197F6AF 		.ascii	"\301\227\366\257#\337\203'%\2428\266OP^\201M\314q5s"
 4163      23DF8327 
 4163      25A238B6 
 4163      4F505E81 
 4163      4DCC7135 
 4164 024d 76F954DC 		.ascii	"v\371T\334\0128\231\315e\3303\377\302:\247JGe\261\352"
 4164      0A3899CD 
 4164      65D833FF 
 4164      C23AA74A 
 4164      4765B1EA 
 4165 0261 19024EA1 		.ascii	"\031\002N\241\243\257\236\253\357\007<9\275\260^`\262"
 4165      A3AF9EAB 
 4165      EF073C39 
 4165      BDB05E60 
 4165      B2
 4166 0272 54D39DE9 		.ascii	"T\323\235\351b\223\012\244,+\322\244\012\275\212,Z)"
 4166      62930AA4 
 4166      2C2BD2A4 
 4166      0ABD8A2C 
 4166      5A29
 4167 0284 E60683B6 		.ascii	"\346\006\203\266\\\253\322|\3728^`Q\261\204s\345\303"
 4167      5CABD27C 
 4167      FA385E60 
 4167      51B18473 
 4167      E5C3
 4168 0296 F5BE5204 		.ascii	"\365\276R\004\231T\363\301C\315\244\340\362j\272\361"
 4168      9954F3C1 
 4168      43CDA4E0 
 4168      F26ABAF1 
 4169 02a6 39ABC944 		.ascii	"9\253\311D\222\342\204I\205K\221\267d\311W\247I\027"
 4169      92E28449 
 4169      854B91B7 
 4169      64C957A7 
 4169      4917
 4170 02b8 F120275A 		.ascii	"\361 'Z\264F\362\273\363\371G\230_\350\311s\236\334"
 4170      B446F2BB 
 4170      F3F94798 
 4170      5FE8C973 
 4170      9EDC
 4171 02ca B994623C 		.ascii	"\271\224b<\272\362\216\344\2047\377\362\216\275\302"
 4171      BAF28EE4 
 4171      8437FFF2 
ARM GAS  C:\Users\nello\AppData\Local\Temp\ccsMT4zx.s 			page 135


 4171      8EBDC2
 4172 02d9 FCE320F2 		.ascii	"\374\343 \362|y\340\273@\264hnh\330(\371\373\373\005"
 4172      7C79E0BB 
 4172      40B4686E 
 4172      68D828F9 
 4172      FBFB05
 4173 02ec 5F5091EF 		.ascii	"_P\221\357\016\302\334\357\004\300\366\352\2355\325"
 4173      0EC2DCEF 
 4173      04C0F6EA 
 4173      9D35D5
 4174 02fb 87EB0FD6 		.ascii	"\207\353\017\326\357M4\326\325Gk\216GcG\342\015\265"
 4174      EF4D34D6 
 4174      D5476B8E 
 4174      476347E2 
 4174      0DB5
 4175 030d E1C881C6 		.ascii	"\341\310\201\306x$V\263;\022O4\306\"{\242\207\352\303"
 4175      782456B3 
 4175      3B124F34 
 4175      C6227BA2 
 4175      87EAC3
 4176 0320 C7AA6073 		.ascii	"\307\252`sYY\210\177aQ\020\215WVTT\204\242\361P,\021"
 4176      5959887F 
 4176      6151108D 
 4176      57565454 
 4176      84A2F150 
 4177 0336 8AC7C21C 		.ascii	"\212\307\302\034M\034\216Ej\353\342eaP\022\015\3059"
 4177      4D1C8E45 
 4177      6AEBE265 
 4177      6150120D 
 4177      C539
 4178 0348 7E597847 		.ascii	"~YxGe\244\274\242*\002\277\001K\262\011\025"
 4178      65A4BCA2 
 4178      2A02BF01 
 4178      4BB20915 
 4179              		.text
 4180              		.section	.gnu.lto_chThdExit.344.71a442c6,"e",%progbits
 4181 0000 789C4D8E 		.ascii	"x\234M\2161K\003A\020\205gv\022\305\037 \330EAP\013"
 4181      314B0341 
 4181      10856776 
 4181      12C51F20 
 4181      D8454150 
 4182 0015 EFBC9042 		.ascii	"\357\274\220BlS\330\330Y\011\221\020/Kr\210\234\354"
 4182      6C53D8D8 
 4182      59099110 
 4182      2F4B7288 
 4182      9CEC
 4183 0027 5EB4CCAA 		.ascii	"^\264\314\252\261\261\211\306B\021M!WXi\245\306.\255"
 4183      B1B189C6 
 4183      42114D21 
 4183      575869A5 
 4183      C62EAD
 4184 003a 8D8ABD18 		.ascii	"\215\212\275\030\260\261\024+\013\341\234\\\0243\314"
 4184      B0B1142B 
 4184      0BE19C5C 
 4184      1433CC
 4185 0049 C09B0FDE 		.ascii	"\300\233\017\336\343\275\003\200\342\033\343\003\002"
 4185      E3BD0380 
ARM GAS  C:\Users\nello\AppData\Local\Temp\ccsMT4zx.s 			page 136


 4185      E21BE303 
 4185      02
 4186 0056 6C1CEC09 		.ascii	"l\034\354\011\210\242\250\232\020\2705\216w\030k\204"
 4186      88A2A89A 
 4186      10B8358E 
 4186      77186B84 
 4187 0066 AAC02A1E 		.ascii	"\252\300*\036\322\2241\346k\367\344\376\021\315E\033"
 4187      D29431E6 
 4187      6BF7E4FE 
 4187      11CD451B 
 4188 0076 43026812 		.ascii	"C\002h\022\364\346\224\260A!!&~\225\300QV\264\004\023"
 4188      F4E694B0 
 4188      41212126 
 4188      7E95C051 
 4188      56B40413 
 4189 008a 6C7ABA6C 		.ascii	"lz\272l\0313\004!\021\336\"{\360\006\361\032\241\013"
 4189      19330421 
 4189      11DE227B 
 4189      F006F11A 
 4189      A10B
 4190 009c 96C31180 		.ascii	"\226\303\021\200\201\277$fp\365\234l\233\357\250n\314"
 4190      81BF2466 
 4190      70F59C6C 
 4190      9BEFA86E 
 4190      CC
 4191 00ad CB1B3ED8 		.ascii	"\313\033>\330I\016m1\257S\267Y<)~\367I\374\277\010\037"
 4191      490E6D31 
 4191      AF53B759 
 4191      3C297EF7 
 4191      49FCBF08 
 4192 00c2 B8D3397A 		.ascii	"\270\3239zE\250\241\010)\321\2448<\311\270\3269N\365"
 4192      45A8A108 
 4192      29D1A438 
 4192      3CC9B8D6 
 4192      394EF5
 4193 00d5 E8409304 		.ascii	"\350@\223\004\3009q\271A\370\304\355\316Y>\256^'\354"
 4193      C03971B9 
 4193      41F8C4ED 
 4193      CE593EAE 
 4193      5E27EC
 4194 00e8 0F0698CE 		.ascii	"\017\006\230\316\316\345\262eo\305[\014*E\317\317m\372"
 4194      CEE5B265 
 4194      6FC55B0C 
 4194      2A45CFCF 
 4194      6DFA
 4195 00fa 6A55AF17 		.ascii	"jU\257\027\\\231\257h\251r\363R\007\025%\027\374\222"
 4195      5C99AF68 
 4195      A972F352 
 4195      07152517 
 4195      FC92
 4196 010c E76E6460 		.ascii	"\347nd`\322\262l^\267k\360u\332q\034\333\327\266\012"
 4196      D2B26C5E 
 4196      B76BF075 
 4196      DA711CDB 
 4196      D7B60A
 4197 011f 6CAD5CA6 		.ascii	"l\255\\\246AY\311BQ[.\320\232.\015\367\001\313\235M"
 4197      4159C942 
ARM GAS  C:\Users\nello\AppData\Local\Temp\ccsMT4zx.s 			page 137


 4197      515B2ED0 
 4197      9A2E0DF7 
 4197      01CB9D4D 
 4198 0133 CB192723 		.ascii	"\313\031'#\341\007\224'\177o"
 4198      E1079427 
 4198      7F6F
 4199              		.text
 4200              		.section	.gnu.lto_chThdExitS.345.71a442c6,"e",%progbits
 4201 0000 789C8553 		.ascii	"x\234\205SIL\023a\024~o\336l-P\026\227\326\035\017\306"
 4201      494C1361 
 4201      147E6FDE 
 4201      6C2D5016 
 4201      97D61D0F 
 4202 0015 250A4238 		.ascii	"%\012B8\250W\022\275x\363d\2021Z+\022cj:E\343\211\321"
 4202      A85712BD 
 4202      78F36482 
 4202      315A2B12 
 4202      636A3A45 
 4203 002c 16413481 		.ascii	"\026A4\201\"1h\264\232:Qn\304\203\373\206\222\350A\015"
 4203      223168B4 
 4203      9A3A516E 
 4203      C483FB86 
 4203      92E8410D 
 4204 0040 44BD7831 		.ascii	"D\275x1\004\017jL\024ML\324\030\353{\323\241-\3402i"
 4204      040F6A4C 
 4204      144D4CD4 
 4204      18EB7BD3 
 4204      A12DE032 
 4205 0055 DFBCFF7B 		.ascii	"\337\274\377{\313\367\375\357\377gH\0058\004\000\227"
 4205      CBF7FDEF 
 4205      FF674805 
 4205      38040097 
 4206 0065 F90F7EC0 		.ascii	"\371\017~\300\336T\227\002\331l\266MU\260/\325\365\266"
 4206      DE549702 
 4206      D96CB64D 
 4206      55B02FD5 
 4206      F5B6
 4207 0077 F3E246BC 		.ascii	"\363\342F\274\215.@\330we2\250*\211\324qe2\322\236\012"
 4207      8D2E40D8 
 4207      776532A8 
 4207      2A89D471 
 4207      6532D29E 
 4208 008c B86F4D39 		.ascii	"\270oM9\232*q\275\376\236\361\\HW:\246C\006\366\367"
 4208      9A2A71BD 
 4208      FE9EF15C 
 4208      48573AA6 
 4208      4306F6F7 
 4209 00a0 6696E6FA 		.ascii	"f\226\346\372\230x\232\375\311>><|v\360D\316GhSH\325"
 4209      98789AFD 
 4209      C93E3E3C 
 4209      7C76F044 
 4209      CE476853 
 4210 00b6 74C3F461 		.ascii	"t\303\364a\233\242B\3419I+m\333\376\326~\346\373\010"
 4210      9BA242E1 
 4210      39492B6D 
 4210      DBFED67E 
 4210      E6FB08
ARM GAS  C:\Users\nello\AppData\Local\Temp\ccsMT4zx.s 			page 138


 4211 00c9 DA0343E8 		.ascii	"\332\003C\350\020@\232\274\340Y\302^r\010Q\365<\005"
 4211      10409ABC 
 4211      E059C25E 
 4211      720851F5 
 4211      3C05
 4212 00db ABD9A3AD 		.ascii	"\253\331\243\255\260\234\213F\007o\330\266\017\034\""
 4212      B09C8B46 
 4212      076FD8B6 
 4212      0F1C22
 4213 00ea BC8E5C83 		.ascii	"\274\216\\\203\327\020\257\"\010\260\355u\320\255&K"
 4213      D710AF22 
 4213      08B0ED75 
 4213      D0AD264B 
 4214 00fa ECB221DB 		.ascii	"\354\262!\333\236\3701\330\021\3509l:\244\342\315\342"
 4214      9EF831D8 
 4214      11E8396C 
 4214      3AA4E2CD 
 4214      E2
 4215 010b 6C806D1F 		.ascii	"l\200m\037\202:\340-\364x\031Sx5@0\370\\\033\262\177"
 4215      823AE02D 
 4215      F4781953 
 4215      78354030 
 4215      F85C1BB2 
 4216 0120 66BB6D7B 		.ascii	"f\273m{\244\355\216\354e\011rsM\021CbT6\272&Fgc\030"
 4216      A4ED8EEC 
 4216      65097273 
 4216      4D114362 
 4216      5436BA26 
 4217 0138 624C36A6 		.ascii	"bL6\246\250\322\375\262,\021S*X\031\033_@L\271D+$P)"
 4217      A8D2FDB2 
 4217      2C11532A 
 4217      58191B5F 
 4217      404CB944 
 4218 0150 A68A8D3F 		.ascii	"\246\212\215?(\012B\2107\230\276\233d\236\356\303\214"
 4218      280A4288 
 4218      3798BE9B 
 4218      649EEEC3 
 4218      8C
 4219 0161 D0434A61 		.ascii	"\320CJa\2110\201\211\261\257\347\203\031\012&Qq\250"
 4219      89308189 
 4219      B1AFE783 
 4219      190A2651 
 4219      71A8
 4220 0173 244DEE9E 		.ascii	"$M\356\236K\341#\0369\363\352\227\341\215\212g\316\336"
 4220      4BE1231E 
 4220      39F3EA97 
 4220      E18D8A67 
 4220      CEDE
 4221 0185 25E441BD 		.ascii	"%\344A\275+u\250\214\363\361\256\213\255e\210\347\020"
 4221      2B75A88C 
 4221      F3F1AE8B 
 4221      AD6588E7 
 4221      10
 4222 0196 C07B784E 		.ascii	"\300{xNv,\353\201\200\214\361>\003\334,C!\020Z*\246"
 4222      762CEB81 
 4222      808CF13E 
 4222      03DC2C43 
ARM GAS  C:\Users\nello\AppData\Local\Temp\ccsMT4zx.s 			page 139


 4222      21105A2A 
 4223 01ab E5EE7D5D 		.ascii	"\345\356}]\237:\023\201\014\341dc\363O}\313\361\001"
 4223      9F3A1381 
 4223      0CE16463 
 4223      F34F7DCB 
 4223      F101
 4224 01bd B7510092 		.ascii	"\267Q\000\222^\212\206\017\271\351\004&\2533\244\270"
 4224      5E8A860F 
 4224      B9E90426 
 4224      AB33A4B8 
 4225 01cd 9A2BD212 		.ascii	"\232+\322\022\347F\016UJ\340\302zp\361\2524\221\340"
 4225      E7460E55 
 4225      4AE0C27A 
 4225      70F1AA34 
 4225      91E0
 4226 01df ECCE7215 		.ascii	"\354\316r\025\2503\024\274\355\034\3263D\377Q\360h\272"
 4226      A83314BC 
 4226      ED1CD633 
 4226      44FF51F0 
 4226      68BA
 4227 01f1 82C77905 		.ascii	"\202\307y\005\252\3134;M\2520\361\240\346H\343\211."
 4227      AACB343B 
 4227      4DAA30F1 
 4227      A0E648E3 
 4227      892E
 4228 0203 CC90C651 		.ascii	"\314\220\306QY\374\354\340\005\263h\\\322\316%F\022"
 4228      59FCECE0 
 4228      05B3685C 
 4228      D2CE2546 
 4228      12
 4229 0214 7587E6A6 		.ascii	"u\207\346\246\031\340\022]\246k\310M\010\302{L\276\037"
 4229      19E0125D 
 4229      A66BC84D 
 4229      08C27B4C 
 4229      BE1F
 4230 0226 DECD19F8 		.ascii	"\336\315\031\370\304\275J,Y\233&\371\316\315g\375<3"
 4230      C4BD4A2C 
 4230      599B26F9 
 4230      CECD67FD 
 4230      3C33
 4231 0238 F30F8A3D 		.ascii	"\363\017\212=\271!|\312r\345$>bbT\270}\234/,!\204\274"
 4231      B9217CCA 
 4231      72E5243E 
 4231      626254B8 
 4231      7D9C2F2C 
 4232 024f 1E3FC39E 		.ascii	"\036?\303\236\236\222)z\374\314\235\3272\237\243\005"
 4232      9E92297A 
 4232      FCCC9DD7 
 4232      329FA305 
 4233 025f 2DFA0C2D 		.ascii	"-\372\014-#\375\365\031*\375\273\226y8\312ZT(\360r\202"
 4233      23FDF519 
 4233      2AFDBB96 
 4233      7938CA5A 
 4233      5428F072 
 4234 0274 5CADC429 		.ascii	"\\\255\304)Y\360F\312pu^g9#\270*\237Z\301\210'\261r"
 4234      59F046CA 
 4234      70755E67 
ARM GAS  C:\Users\nello\AppData\Local\Temp\ccsMT4zx.s 			page 140


 4234      3923B82A 
 4234      9F5AC188 
 4235 028b 8AC48A62 		.ascii	"\212\304\212b\211;9Z\220h\3148\341\354\2617\334\253"
 4235      893B395A 
 4235      9068CC38 
 4235      E1ECB137 
 4235      DCAB
 4236 029d EA9F273C 		.ascii	"\352\237'<\037_\260L\255p\302~|\351\235p\356&-H\223"
 4236      1F5FB04C 
 4236      AD70C27E 
 4236      7CE99D70 
 4236      EE262D48 
 4237 02b2 2ECC550E 		.ascii	".\314U\016-ty\314\251\237Pr\354\363x(\227\272(M\006"
 4237      2D7479CC 
 4237      A99F5072 
 4237      ECF37828 
 4237      97BA284D 
 4238 02c7 808CDBC4 		.ascii	"\200\214\333\304r\207\026\273\351\276\342\364/xd\354"
 4238      728716BB 
 4238      E9BEE2F4 
 4238      2F7864EC 
 4239 02d7 FBB8E92A 		.ascii	"\373\270\351*\356&,\3766\001\3264nhj\334\323\262\263"
 4239      EE262CFE 
 4239      3601D634 
 4239      6E686ADC 
 4239      D3B2B3
 4240 02ea 654BBC75 		.ascii	"eK\274uWK\264\351`4\266\327\332\277#\034\331\336jEb"
 4240      574BB4E9 
 4240      6034B6D7 
 4240      DABF231C 
 4240      D9DE6A45 
 4241 02ff 4D9B2256 		.ascii	"M\233\"V\2745\026\331\034mn\011\037h\200\02555\265\374"
 4241      BC3516D9 
 4241      1C6D6E09 
 4241      1F688015 
 4241      3535B5FC 
 4242 0313 0B4B41D4 		.ascii	"\013KA\324\252\257\253\253\253\215Z\265\261x\255\025"
 4242      AAAFABAB 
 4242      AB8D5AB5 
 4242      B178AD15 
 4243 0323 0B331ADF 		.ascii	"\0133\032\337\023\213\354\330e\325\204\201\366Y\315"
 4243      138BECD8 
 4243      65D58481 
 4243      F659CD
 4244 0332 738A809A 		.ascii	"s\212\200\232\360\272\372\310\332\272\206\010\350\341"
 4244      F0BAFAC8 
 4244      DABA8608 
 4244      E8E1
 4245 0340 D6582CBE 		.ascii	"\326X,\276\3777K\214\337p"
 4245      FF374B8C 
 4245      DF70
 4246              		.text
 4247              		.section	.gnu.lto_chThdWait.346.71a442c6,"e",%progbits
 4248 0000 789C6D53 		.ascii	"x\234mSMHTQ\024>\347\235\367\336\350\2143\343O\376\024"
 4248      4D485451 
 4248      143EE79D 
 4248      F7DEE88C 
ARM GAS  C:\Users\nello\AppData\Local\Temp\ccsMT4zx.s 			page 141


 4248      33E34FFE 
 4249 0015 414288B5 		.ascii	"AB\210\265h\374\301E\264*\204\332\264k\025\014\204\215"
 4249      68FCC145 
 4249      B42A84DA 
 4249      B46B150C 
 4249      848D
 4250 0027 935AC4C8 		.ascii	"\223Z\304\310\233\3216\201O\035\013$\322Q\361/\233\305"
 4250      9BD13681 
 4250      4F1D0B24 
 4250      D251F12F 
 4250      9BC5
 4251 0039 F40A7721 		.ascii	"\364\012w!&i\032X\022\025)\210-\334\016\030\242%6F\213"
 4251      26691A58 
 4251      12152988 
 4251      2DDC0E18 
 4251      A2253646 
 4252 004e 16C274EE 		.ascii	"\026\302t\356\235QG\3531s\336\275\347~\337w\277s\356"
 4252      9D5147EB 
 4252      3173DEBD 
 4252      E77EDF77 
 4252      BF73EE
 4253 0061 BBBB0470 		.ascii	"\273\273\004p\037\000n\363\037\262\000\373\"\335\012"
 4253      1F006EF3 
 4253      1FB200FB 
 4253      22DD0A
 4254 0070 2493C936 		.ascii	"$\223\3116U\301~\036\343[\2243\302\201\210]\216T\245"
 4254      55C17E1E 
 4254      E35B9433 
 4254      C281885D 
 4254      8E54A5
 4255 0083 2BE290A3 		.ascii	"+\342\220\243\007\021\227|k8\270\317\322q(\322\275:"
 4255      0711977C 
 4255      6B38B8CF 
 4255      D27128D2 
 4255      BD3A
 4256 0095 B270798F 		.ascii	"\262py\217h\303vU\016\020\332\024R5\335\206m\330Oc\204"
 4256      68C37655 
 4256      0E10DA14 
 4256      5235DD86 
 4256      6DD84F63 
 4257 00aa 7D6411A0 		.ascii	"}d\021\240\232\036!\226\2365M\363O\327\350\367\211\223"
 4257      9A1E2196 
 4257      9E354DF3 
 4257      4FD7E8F7 
 4257      8993
 4258 00bc 63E3F3AA 		.ascii	"c\343\363\252E\012D\0310\205\370\012\205;\006\322u("
 4258      450A4419 
 4258      3085F80A 
 4258      853B06D2 
 4258      7528
 4259 00ce 9F37CDE5 		.ascii	"\2377\315\345\331i\323\314\006\213\010_c\006\206\023"
 4259      D969D3CC 
 4259      068B085F 
 4259      63068613 
 4260 00de DE47C529 		.ascii	"\336G\305)\244!b\031+&\266&\276\305\321\3543\221\025"
 4260      A4216219 
 4260      2B26B626 
ARM GAS  C:\Users\nello\AppData\Local\Temp\ccsMT4zx.s 			page 142


 4260      BEC5D1EC 
 4260      339115
 4261 00f1 71060F69 		.ascii	"q\006\017iz\237\027\013p\253\004\263r\342\307\304\357"
 4261      7A9F170B 
 4261      70AB04B3 
 4261      72E2C7C4 
 4261      EF
 4262 0102 3D30E1EC 		.ascii	"=0\341\354\021\360p\261\0168\207\370\006\2053~8\255"
 4262      11F070B1 
 4262      0E3887F8 
 4262      0685337E 
 4262      38AD
 4263 0114 96995D66 		.ascii	"\226\231]fbtr#~\251=\265\307a\327i\3028\301\313\025"
 4263      62747223 
 4263      7EA93DB5 
 4263      C761D769 
 4263      C238C1CB 
 4264 0129 6DDEDC4D 		.ascii	"m\336\334M\366\230\346\352c\334\371\370s1\257@\001^"
 4264      F698E6EA 
 4264      63DCF9F8 
 4264      7331AF40 
 4264      015E
 4265 013b D210A7D1 		.ascii	"\322\020\247\321.p\016\256@\315\341\24099\350.\021\334"
 4265      2E700EAE 
 4265      40CDE1A0 
 4265      3939E82E 
 4265      11DC
 4266 014d 1C6CB922 		.ascii	"\034l\271\"\344\203\020\207\036\022\235\226\317)\336"
 4266      E4831087 
 4266      1E129D96 
 4266      CF29DE
 4267 015c A1979483 		.ascii	"\241\227\224\203)B\002;\343\253k\011%F\3660*\026eEI"
 4267      2942023B 
 4267      E3AB6B09 
 4267      2546F630 
 4267      2A166545 
 4268 0171 36261B04 		.ascii	"6&\033\004\224\216Bw\326J@\342\354Q\241m\221C\342\324"
 4268      948E4277 
 4268      D64A40E2 
 4268      EC51A16D 
 4268      9143E2D4 
 4269 0185 4CDC3676 		.ascii	"L\3346v\314\315$\207]1r\244\317\212%y\364\002\271\273"
 4269      CCCD2487 
 4269      5D3172A4 
 4269      CF8A2579 
 4269      F402B9BB 
 4270 0199 5916E5C4 		.ascii	"Y\026\345\304H\303w\010\225\251\251\023\337\343S\331"
 4270      48C37708 
 4270      95A9A913 
 4270      DFE353D9 
 4271 01a9 9D6DEC5C 		.ascii	"\235m\354\\y\2101\001p\010\232\023\335BlW\344\234\234"
 4271      79883101 
 4271      70089A13 
 4271      DD426C57 
 4271      E49C9C
 4272 01bc 66075DA5 		.ascii	"f\007]\2451r\205Q\267\310\025%&\361\202@\352\310\215"
 4272      31728551 
ARM GAS  C:\Users\nello\AppData\Local\Temp\ccsMT4zx.s 			page 143


 4272      B7C81525 
 4272      26F18240 
 4272      EAC88D
 4273 01cf 74C32686 		.ascii	"t\303&\2067\027N0\"\225\223\355dw\332\021w\003\335\311"
 4273      37174E30 
 4273      229593ED 
 4273      6477DA11 
 4273      7703DDC9 
 4274 01e3 9E67ACE9 		.ascii	"\236g\254\351\3363\265Qt\340\212sic\271\370\211\215"
 4274      DE33B551 
 4274      74E08A73 
 4274      6963B9F8 
 4274      898D
 4275 01f5 B14A5862 		.ascii	"\261JXb\270h\033~FH)0=w\237^.\351\366\303\364<\374\302"
 4275      B8681B7E 
 4275      46482930 
 4275      3D779F5E 
 4275      2EE9F6C3 
 4276 020d 7405F652 		.ascii	"t\005\366R\343\036!\271\3109:$\271\304\222\242\260T"
 4276      E31E21B9 
 4276      C8393A24 
 4276      B9C492A2 
 4276      B054
 4277 021f 5FF3A3A4 		.ascii	"_\363\243\244\212\262\334\254oQ\001\257\204\343\275"
 4277      8AB2DCAC 
 4277      6F5101AF 
 4277      84E3BD
 4278 022e B7526BC7 		.ascii	"\267Rk\307\242\244\001\210\332T\314\266\250P\026\247"
 4278      A2A40188 
 4278      DA54CCB6 
 4278      A85016A7 
 4279 023e FFD3FA0F 		.ascii	"\377\323\372\017#\334ze\337\234\363\177\265\025\341"
 4279      23DC7A65 
 4279      DF9CF37F 
 4279      B515E1
 4280 024d 0A1BE19D 		.ascii	"\012\033\341\235\2443\267\370\322\277r\202\345\3451"
 4280      A433B7F8 
 4280      D2BF7282 
 4280      E5E531
 4281 025c 0FAD1F1C 		.ascii	"\017\255\037\034\263\236:fa$\2326R\034%\2330\251YT\""
 4281      B39E3A66 
 4281      61249A36 
 4281      521C259B 
 4281      30A95954 
 4282 0271 F61C9C59 		.ascii	"\366\034\234Y\032\251\211Q~L\224\313\236l\031\236p\013"
 4282      1AA98951 
 4282      7E4C94CB 
 4282      9E6C199E 
 4282      700B
 4283 0283 DB2FC269 		.ascii	"\333/\302iq\261\236L\206M\225\351\307\323\267A<\277"
 4283      71B19E4C 
 4283      864D95E9 
 4283      C7D3B741 
 4283      3CBF
 4284 0295 B0233EB5 		.ascii	"\260#>\265\276\234\307\327\237\005D\246\2070\363{\005"
 4284      BE9CC7D7 
 4284      9F0544A6 
ARM GAS  C:\Users\nello\AppData\Local\Temp\ccsMT4zx.s 			page 144


 4284      8730F37B 
 4284      05
 4285 02a6 38577BC1 		.ascii	"8W{\301[\333\330t\263\351Z\250\245\276)\340\275\027"
 4285      5BDBD874 
 4285      B3E95AA8 
 4285      A5BE29E0 
 4285      BD17
 4286 02b8 30EE049B 		.ascii	"0\356\004\233\353|\376\033-A\277\341\275\342\017\206"
 4286      EB7CFE1B 
 4286      2D41BFE1 
 4286      BDE20F86 
 4287 02c8 5A0CFFD5 		.ascii	"Z\014\377\325@C\223\257\265\006\316x<\025\374\363\011"
 4287      404393AF 
 4287      B506CE78 
 4287      3C15FCF3 
 4287      09
 4288 02d9 4220585D 		.ascii	"B X]UUU\021\010V\030\241\212\240\341\343l\250\321\360"
 4288      55555511 
 4288      085618A1 
 4288      8AA0E1E3 
 4288      6CA8D1F0 
 4289 02ed D7D5073D 		.ascii	"\327\325\007=>PB\315\205\031s\217\357|\265\277\262\252"
 4289      3E5042CD 
 4289      8519738F 
 4289      EF7CB5BF 
 4289      B2AA
 4290 02ff C60F7437 		.ascii	"\306\017t7\330\240\373Z\014#\324\374\027D\211\226\300"
 4290      D8A0FB5A 
 4290      0C23D4FC 
 4290      17448996 
 4290      C0
 4291              		.text
 4292              		.section	.gnu.lto_chThdSetPriority.347.71a442c6,"e",%progbits
 4293 0000 789C6D54 		.ascii	"x\234mTKh\023Q\024}w\336|\222~\254\005[E\374\201\326"
 4293      4B681351 
 4293      147D77DE 
 4293      7C927EAC 
 4293      055B45FC 
 4294 0016 0F68D294 		.ascii	"\017h\322\224\"\342J)\250\013wn\024\012\022\247C\033"
 4294      22E24A29 
 4294      A80B776E 
 4294      140A12A7 
 4294      431B
 4295 0028 14532689 		.ascii	"\024S&\211\0057\231\266\211\213n\332\264PM\265]\214"
 4295      053799B6 
 4295      898B6EDA 
 4295      B4504DB5 
 4295      5D8C
 4296 003a 41B22B12 		.ascii	"A\262+\022\213\375\211\375\250H+m\355\306\225\230M\333"
 4296      8BFD89FD 
 4296      A8482B6D 
 4296      EDC69598 
 4296      4DDB
 4297 004c 148A0611 		.ascii	"\024\212\006\021\264 \304\373&\223\351\244\346\221\274"
 4297      B420C4FB 
 4297      2693E9A4 
 4297      E691BC
ARM GAS  C:\Users\nello\AppData\Local\Temp\ccsMT4zx.s 			page 145


 4298 005b BC7772EE 		.ascii	"\274wr\3569\347\335y\311\036\236\220(!D\3057q\020\350"
 4298      39E7DD79 
 4298      C91E9E90 
 4298      282144C5 
 4298      377110E8 
 4299 006f 8FF57024 		.ascii	"\217\365p$\227\313\205y\016\006p\015o\300\330Q.\032"
 4299      97CB8579 
 4299      0E06700D 
 4299      6FC0D851 
 4299      2E1A
 4300 0081 2B375691 		.ascii	"+7V\221\330\036\343\223\267\220G&\"\300\240U-\302\343"
 4300      D81EE393 
 4300      B7904726 
 4300      22C0A055 
 4300      2DC2E3
 4301 0094 584F6E78 		.ascii	"XOnx\376JA@\202N\336X\000\011s\224\027D\011\3020@\237"
 4301      FE4A4140 
 4301      824EDE58 
 4301      00097394 
 4301      174409C2 
 4302 00ab 51E8A709 		.ascii	"Q\350\247\011J\2007W\000\307\316\314h\332\237\350\320"
 4302      4A803757 
 4302      00C7CECC 
 4302      68DA9FE8 
 4302      D0
 4303 00bc 64EAC46C 		.ascii	"d\352\304lw\364Z\202rd\004\011c\000\257\200\245D\"\275"
 4303      77F45A82 
 4303      72640409 
 4303      6300AF80 
 4303      A54422BD 
 4304 00d0 454E2169 		.ascii	"EN!iea\\\323\234\004\031\360\032l\034\004\274c\265y"
 4304      65615CD3 
 4304      9C0419F0 
 4304      1A6C1C04 
 4304      BC63B579 
 4305 00e4 66079BEB 		.ascii	"f\007\233\353\220\234\235Nm\245A\353\327\200\361'\240"
 4305      909C9D4E 
 4305      6DA541EB 
 4305      D780F127 
 4305      A0
 4306 00f5 48D3BB5C 		.ascii	"H\323\273\\\313\310a\213<\225\372U S\230\332E\236\253"
 4306      CBC8618B 
 4306      3C95FA55 
 4306      205398DA 
 4306      459EAB
 4307 0108 15094C03 		.ascii	"\025\011L\003L\002K\206\003a\276n&\252e\277\2452\351"
 4307      4C024B86 
 4307      0361BE6E 
 4307      26AA65BF 
 4307      A532E9
 4308 011b CB9D798F 		.ascii	"\313\235y\217\342\324fA\222\222\321UaF\373\233\353\325"
 4308      E2D46641 
 4308      9292D155 
 4308      6146FB9B 
 4308      EBD5
 4309 012d B42F4FE1 		.ascii	"\264/O\341\345\342\363\345\352\275<F\346\0056\211l\222"
 4309      E5E2F3E5 
ARM GAS  C:\Users\nello\AppData\Local\Temp\ccsMT4zx.s 			page 146


 4309      EABD3C46 
 4309      E6053689 
 4309      6C92
 4310 013f 18D94990 		.ascii	"\030\331I\220^\0060\016U\354@\204\364R\326Zc\034E\311"
 4310      5E06300E 
 4310      55EC4084 
 4310      F452D65A 
 4310      631C45C9 
 4311 0153 3ECAED6C 		.ascii	">\312\355l\201d\241;\375{=\313\351T\212\000\227\240"
 4311      8164A13B 
 4311      FD7B3DCB 
 4311      E9548A00 
 4311      97A0
 4312 0165 C208353A 		.ascii	"\302\0105:!\022F\245\273\251\261\215\003\304\340I#L"
 4312      211246A5 
 4312      BBA9B18D 
 4312      03C4E049 
 4312      234C
 4313 0177 3B411DE4 		.ascii	";A\035\344;tMO\254\305\317\353\324i>\013T\300\325\013"
 4313      3B744D4F 
 4313      ACC5CFEB 
 4313      D4693E0B 
 4313      54C0D50B 
 4314 018b D0342D53 		.ascii	"\3204-S\223\240N\324\206Y \365\270w\260&\316\301\260"
 4314      93A04ED4 
 4314      865920F5 
 4314      B877B026 
 4314      CEC1B0
 4315 019e 717C56B9 		.ascii	"q|V\271\275\026\017\352\224/\360\223U;|\304\314\222"
 4315      BD160FEA 
 4315      942FF093 
 4315      553B7CC4 
 4315      CC92
 4316 01b0 32788725 		.ascii	"2x\207%@\012\020S-\207\367\210a\006\006$\0173\335\017"
 4316      400A1053 
 4316      2D87F788 
 4316      61060624 
 4316      0F33DD0F 
 4317 01c4 08505377 		.ascii	"\010PSw\363\254N\205\202\252\243D\210\217f\210M\210"
 4317      F3AC4E85 
 4317      82AAA344 
 4317      888F6688 
 4317      4D88
 4318 01d6 64E60F62 		.ascii	"d\346\017b\004\344\033\015\357\243\274\355\324`\034"
 4318      04E41B0D 
 4318      EFA3BCED 
 4318      D4601C
 4319 01e5 6F3DFE04 		.ascii	"o=\376\004t*Z)\017\225N\271P\234\362\010K\271hKy\222"
 4319      742A5A29 
 4319      0F954EB9 
 4319      509CF208 
 4319      4BB9684B 
 4320 01fb 197F3253 		.ascii	"\031\1772S\242\361\327\371\321\245\317\225:-\323\215"
 4320      A2F1D7F9 
 4320      D1A5CF95 
 4320      3A2DD38D 
 4321 020b 7E336FC1 		.ascii	"~3o\301\336q\364\036\332^\217?\264\272YY\332w\251\310"
ARM GAS  C:\Users\nello\AppData\Local\Temp\ccsMT4zx.s 			page 147


 4321      DE71F41E 
 4321      DA5E8F3F 
 4321      B4BA5959 
 4321      DA77A9C8 
 4322 021f 37B98FF9 		.ascii	"7\271\217\371.\357\370f\3663\337\225\274/\272\031F\342"
 4322      2EEFF866 
 4322      F633DF95 
 4322      BC2FBA19 
 4322      46E2
 4323 0231 7F461BF1 		.ascii	"\177F\033\361\233\226QE\211\216\255\346;\306\004\330"
 4323      9B965145 
 4323      898EADE6 
 4323      3BC604D8 
 4324 0241 5598B05D 		.ascii	"U\230\260]\005\232\277\012\014\236l\265P\336\272 \203"
 4324      059ABF0A 
 4324      0C9E6CB5 
 4324      50DEBA20 
 4324      83
 4325 0252 DB3FE28D 		.ascii	"\333?\342\215:\255\302;b\230K\366\016oA\347%r\034]\262"
 4325      3AADC23B 
 4325      62984BF6 
 4325      0E6F41E7 
 4325      25721C5D 
 4326 0267 995444E3 		.ascii	"\231TD\343\261\266\302\374}\260\361\023\272\322o7V\252"
 4326      B1B6C2FC 
 4326      7DB0F113 
 4326      BAD26F37 
 4326      56AA
 4327 0279 F10F0105 		.ascii	"\361\017\001\005\030\322K\301~\241\0119\327t\261\271"
 4327      18D24BC1 
 4327      7EA10939 
 4327      D774B1B9 
 4328 0289 A9CD77C7 		.ascii	"\251\315w\307w#\030j\361\371\233;\374\352\335@\273W"
 4328      7723186A 
 4328      F1F99B3B 
 4328      FCEADD40 
 4328      BB57
 4329 029b 566E8702 		.ascii	"Vn\207\002\212\332|U\011\004C\252r\335\337\352\223\037"
 4329      8ADA7C55 
 4329      090443AA 
 4329      72DDDFEA 
 4329      931F
 4330 02ad 3492D32E 		.ascii	"4\222\323.\227\033_2+\360\007\032<\036\217\333\037p"
 4330      971B5F32 
 4330      2BF0071A 
 4330      3C1E8FDB 
 4330      1F70
 4331 02bf AB417740 		.ascii	"\253Aw@\225\021\015\266\251\212\267%\340\222\211t_\351"
 4331      95110DB6 
 4331      A98AB725 
 4331      E0928974 
 4331      5FE9
 4332 02d1 68577DFE 		.ascii	"hW}\376\032\033\350\222/4(\365\236F\205H\376{-\354["
 4332      1A1BE892 
 4332      2F3428F5 
 4332      9E468548 
 4332      FE7B2DEC 
ARM GAS  C:\Users\nello\AppData\Local\Temp\ccsMT4zx.s 			page 148


 4333 02e6 510EA96A 		.ascii	"Q\016\251j\260\375\037\314V\260!"
 4333      B0FD1FCC 
 4333      56B021
 4334              		.text
 4335              		.section	.gnu.lto_chThdTerminate.348.71a442c6,"e",%progbits
 4336 0000 789C7550 		.ascii	"x\234uP=K\003A\020\235\267s\321\370\003\224t*\010ja"
 4336      3D4B0341 
 4336      109DB773 
 4336      D1F80394 
 4336      742A086A 
 4337 0015 62420A49 		.ascii	"bB\012I\233\302\306\316J\010\210^N\015\026\247w\027"
 4337      9BC2C6CE 
 4337      4A08885E 
 4337      4E0D16A7 
 4337      7717
 4338 0027 2DB37E21 		.ascii	"-\263~!\304\"&\"\201\240)\302!v\026\022\215(\230\302"
 4338      C4222622 
 4338      81A029C2 
 4338      21761612 
 4338      8D2898C2 
 4339 003b 1F20F682 		.ascii	"\037 \366\202\205\225\205\210\225\202\0307\227\210i"
 4339      85958588 
 4339      95821837 
 4339      978869
 4340 004a 1C769737 		.ascii	"\034v\2277\037o\346\315.\200h\225\210\006\325%&\024"
 4340      1F6FE6CD 
 4340      2E806895 
 4340      8806D525 
 4340      2614
 4341 005c F259418D 		.ascii	"\362YA\215F#\243\011l\014\341\012\036\006e\00428\340"
 4341      4623A309 
 4341      6C0CE10A 
 4341      1E066504 
 4341      3238E0
 4342 006f 5129E5C7 		.ascii	"Q)\345\307N\351\373< O\353p\231\250\314\324\262#F\201"
 4342      4EE9FB3C 
 4342      204FEB70 
 4342      99A8CCD4 
 4342      B2234681 
 4343 0083 5D06B436 		.ascii	"]\006\2646\022\030P\210gh\270.\345\375mM\312\036r\231"
 4343      12185088 
 4343      6768B82E 
 4343      E5FD6D4D 
 4343      CA1E7299 
 4344 0097 7109C5C1 		.ascii	"q\011\305\301\005PU\263U Q\354#\352\372\355\244bt\366"
 4344      055055B3 
 4344      552051EC 
 4344      23EAFAED 
 4344      A46274F6 
 4345 00ab E0ABCBAF 		.ascii	"\340\253\313\257FN\312\307g\354U5?T\235&\232\217\017"
 4345      464ECAC7 
 4345      67EC5535 
 4345      3F549D26 
 4345      9A8F0F
 4346 00be A8A9921C 		.ascii	"\250\251\222\0347Ez\326\257\334}\026\177.\350\015[O"
 4346      37457AD6 
 4346      AFDC7D16 
ARM GAS  C:\Users\nello\AppData\Local\Temp\ccsMT4zx.s 			page 149


 4346      7F2EE80D 
 4346      5B4F
 4347 00d0 F997006D 		.ascii	"\371\227\000mC\270\354+\2637\247\213^\261y\363yW\212"
 4347      43B8EC2B 
 4347      B337A78B 
 4347      5EB179F3 
 4347      79578A
 4348 00e3 55186D89 		.ascii	"U\030m\211*\243\320\011\324V~\227\273+\354\3035h\\U"
 4348      2AA3D009 
 4348      D4567E97 
 4348      BB2BECC3 
 4348      35685C55 
 4349 00f7 FB718363 		.ascii	"\373q\203cO\320+\266\012\273\250\260\250\2648\032\264"
 4349      4FD02BB6 
 4349      0ABBA8B0 
 4349      A8B4381A 
 4349      B4
 4350 0108 66A7B72C 		.ascii	"f\247\267,\376\245\336\266\250\212\343I9\354\220\"Z"
 4350      FEA5DEB6 
 4350      A88AE349 
 4350      39EC9022 
 4350      5A
 4351 0119 52DEB1F9 		.ascii	"R\336\261\371T|\361{\037\227ct\356B4\026\217%\342K\251"
 4351      547CF17B 
 4351      1F976374 
 4351      EE423416 
 4351      8F25E24B 
 4352 012e F9D4B493 		.ascii	"\371\324\264\223N\246\314\304\272i-\333+s\2721\233\266"
 4352      4EA6CCC4 
 4352      BA692DDB 
 4352      2B73BA31 
 4352      9BB6
 4353 0140 0D2B3169 		.ascii	"\015+1i\330N\3322\246\314\305\224\276\026\245\221`0"
 4353      D84EDA32 
 4353      A6CCC594 
 4353      BE16A591 
 4353      6030
 4354 0152 A48EDE24 		.ascii	"\244\216\336$\230v$\034\016\207L;d9!\333\322U\324Y\262"
 4354      9876241C 
 4354      0E874C3B 
 4354      643921DB 
 4354      D255D459 
 4355 0167 8CB9A41D 		.ascii	"\214\271\244\035\324I8+\275\035~P\237\210\030\343\341"
 4355      D449382B 
 4355      BD1D7E50 
 4355      9F8818E3 
 4355      E1
 4356 0178 A8413F6A 		.ascii	"\250A?j\376\237\272"
 4356      FE9FBA
 4357              		.text
 4358              		.section	.gnu.lto_chThdSleep.349.71a442c6,"e",%progbits
 4359 0000 789C4D8F 		.ascii	"x\234M\217=K\003A\020\206gv.Q\177@ \235\012\202Zx\347"
 4359      3D4B0341 
 4359      10866776 
 4359      2E517F40 
 4359      209D0A82 
 4360 0017 8514629B 		.ascii	"\205\024b\233\302\306\316J\010J\274,\346\"rr{\3212\253"
ARM GAS  C:\Users\nello\AppData\Local\Temp\ccsMT4zx.s 			page 150


 4360      C2C6CE4A 
 4360      084ABC2C 
 4360      E6227272 
 4360      7BD132AB 
 4361 002b C6C6261A 		.ascii	"\306\306&\032;\221\024r\2056ZEc\345\375\004\261Q\004"
 4361      3B911472 
 4361      85365A45 
 4361      63E5FD04 
 4361      B15104
 4362 003e 21855540 		.ascii	"!\205U@\020+\213\300\271\271\363#\303.\274\363\354\314"
 4362      102B8BC0 
 4362      B9B9F323 
 4362      C32EBCF3 
 4362      ECCC
 4363 0050 3BB38000 		.ascii	";\263\200\000\002\000\306\325\005\002l\034\0372\010"
 4363      0200C6D5 
 4363      05026C1C 
 4363      1F3208
 4364 005f C3B0AA31 		.ascii	"\303\260\2521\334\235\300;\2144B\225a\025OhZJ\371up"
 4364      DC9DC03B 
 4364      8C344295 
 4364      61154F68 
 4364      5A4AF975 
 4365 0074 7AD94ACB 		.ascii	"z\331J\313\213\000}\002h\022\304qF\330 \237\020\265"
 4365      8B007D02 
 4365      6812C471 
 4365      46D8209F 
 4365      10B5
 4366 0086 1FC5704C 		.ascii	"\037\305pL)Z\206\311@\312\207\373\266\224#\340\023\341"
 4366      295A86C9 
 4366      40CA87FB 
 4366      B69423E0 
 4366      13E1
 4367 0098 2DAA1EBC 		.ascii	"-\252\036\274Al\251\331\012\254\364R\000\311_'\305\340"
 4367      416CA9D9 
 4367      0AACF452 
 4367      00C95F27 
 4367      C5E0
 4368 00aa FA3111C8 		.ascii	"\3721\021\310^X\227\362\375\015\257ZZR\271\266\325C"
 4368      5E5897F2 
 4368      FD0DAF5A 
 4368      5A52B9B6 
 4368      D543
 4369 00bc 9DFAAB45 		.ascii	"\235\372\253E1\252\322#b\377)\302\007\356w\236\272i"
 4369      31AAD223 
 4369      62FF29C2 
 4369      07EE779E 
 4369      BA69
 4370 00ce A821F349 		.ascii	"\250!\363IkR\344\236P\270\326y.\3074\331$\006pNj\273"
 4370      6B52E49E 
 4370      50B8D679 
 4370      2EC734D9 
 4370      2406704E 
 4371 00e4 A1A8FEA5 		.ascii	"\241\250\376\245\374WNq\371'\356u^\273\303\321\227\352"
 4371      FC574E71 
 4371      F927EE75 
 4371      5EBBC3D1 
ARM GAS  C:\Users\nello\AppData\Local\Temp\ccsMT4zx.s 			page 151


 4371      97EA
 4372 00f6 8483F300 		.ascii	"\204\203\363\000fr\363\371\\\311^\263\227\274J\321v"
 4372      6672F3F9 
 4372      5CC95EB3 
 4372      97BC4AD1 
 4372      76
 4373 0107 F23B8EBB 		.ascii	"\362;\216\273!\266\012\026_\255\010\356\346\027\270"
 4373      21B60A16 
 4373      5FAD08EE 
 4373      E617B8
 4374 0116 F02A2E5F 		.ascii	"\360*._t\326mk;\013S\272n\250c\365\033\034\2211M\323"
 4374      74D66D6B 
 4374      3B0B53BA 
 4374      6EA863F5 
 4374      1B1C9131 
 4375 012c 7084E17A 		.ascii	"p\204\341z\206p-E\275\222\313\013E\241[\240y\366&O\015"
 4375      86702D45 
 4375      BD92CB0B 
 4375      45A15BA0 
 4375      79F6264F 
 4376 0141 10DD9ACB 		.ascii	"\020\335\232\313\360Y3\313\341\033\267O\207\314"
 4376      F05933CB 
 4376      E11BB74F 
 4376      87CC
 4377              		.text
 4378              		.section	.gnu.lto_chThdSleepUntil.350.71a442c6,"e",%progbits
 4379 0000 789C5D50 		.ascii	"x\234]PMh\023Q\020\236y\363\222&F\243=\004\212\027{"
 4379      4D681351 
 4379      109E79F3 
 4379      922646A3 
 4379      3D048A17 
 4380 0015 50AC0713 		.ascii	"P\254\007\023Sz\020\257E\274x\363$\204J\334.v\361'\262"
 4380      537A10AF 
 4380      45BC78F3 
 4380      24844ADC 
 4380      2E76F127 
 4381 002a BBA91721 		.ascii	"\273\251\027!\317fKA\017i\242'\221=\204=xPD$\266Z\204"
 4381      CF664B41 
 4381      0F69A227 
 4381      913D843D 
 4381      78504424 
 4382 0041 80173D28 		.ascii	"\200\027=(RD\257\011\236J@\203'\301\302:\3736j\364\361"
 4382      5244AF09 
 4382      9E4A4083 
 4382      27C1C23A 
 4382      FB366AF4 
 4383 0056 DEBC37DF 		.ascii	"\336\2747\337|\337\274\231\011\021\340&\000\234\346"
 4383      7CDFBC99 
 4383      0911E026 
 4383      009CE6
 4384 0065 0309C056 		.ascii	"\003\011\300V\363\266\2000\014kR\210z\363\216\300-\324"
 4384      F3B68030 
 4384      0C6B5288 
 4384      7AF38EC0 
 4384      2DD4
 4385 0077 9ED7CCEA 		.ascii	"\236\327\314\352\233\360\336\037\206\304[\207\177\307"
 4385      9BF0DE1F 
ARM GAS  C:\Users\nello\AppData\Local\Temp\ccsMT4zx.s 			page 152


 4385      86C45B87 
 4385      7FC7
 4386 0085 116A8224 		.ascii	"\021j\202$\326\360.\035SJ\375X\275\377\2563\245\036"
 4386      D6F02E1D 
 4386      534AFD58 
 4386      BDFFAE33 
 4386      A51E
 4387 0097 76312000 		.ascii	"v1 \000\237 ^\017\010[\024\020\242\034\275\004N\363"
 4387      9F205E0F 
 4387      085B1410 
 4387      A21CBD04 
 4387      4EF3
 4388 00a9 8BCEC3D1 		.ascii	"\213\316\303\321\256R\037\336l*\225\206\200\0107\220"
 4388      AE521FDE 
 4388      6C2A9586 
 4388      80083790 
 4389 00b9 35F81CB1 		.ascii	"5\370\034\261\303\3651\260\3601\247\325\344F\366\010"
 4389      C3F531B0 
 4389      F031A7D5 
 4389      E446F608 
 4390 00c9 9387EF3B 		.ascii	"\223\207\357;A\037UK\361\017\022_\214\363\001\026\372"
 4390      411F554B 
 4390      F10F125F 
 4390      8CF30116 
 4390      FA
 4391 00da B924E04B 		.ascii	"\271$\340K\034\375\314\030\262\367d;\321U\273aC\251"
 4391      1CFDCC18 
 4391      B2F7643B 
 4391      D155BB61 
 4391      43A9
 4392 00ec 6F8FB0FF 		.ascii	"o\217\260\377\366\347\247\311,r\362\204`\223$6\0232"
 4392      F6E7A7C9 
 4392      2C72F284 
 4392      60932436 
 4392      1332
 4393 00fe 3269C44D 		.ascii	"2i\304M\314h94(jU\257C\354\256\223\370\353\"\014\261"
 4393      CC683934 
 4393      286A55AF 
 4393      43ECAE93 
 4393      F8EB220C 
 4394 0113 DE7B3A98 		.ascii	"\336{:\230\002\017E@)\237t\255i\015?\033\014\261M\250"
 4394      020F4540 
 4394      299F74AD 
 4394      690D3F1B 
 4394      0CB14DA8 
 4395 0127 237B7C12 		.ascii	"#{|\022Q$\303\221\325\3516e4\272\327'.\2169mJ\007\264"
 4395      5124C391 
 4395      D5E93665 
 4395      34BAD727 
 4395      2E8E396D 
 4396 013e 0FBE627D 		.ascii	"\017\276b}{\355\363\343/\354\013\346D\323\341\2512\274"
 4396      7BEDF3E3 
 4396      2FEC0BE6 
 4396      44D3E1A9 
 4396      32BC
 4397 0150 B2BBC618 		.ascii	"\262\273\306\0301<\322K\017\223\001e}\222\221\236\""
 4397      313CD24B 
ARM GAS  C:\Users\nello\AppData\Local\Temp\ccsMT4zx.s 			page 153


 4397      0F930165 
 4397      7D92919E 
 4397      22
 4398 0161 E604F218 		.ascii	"\346\004\362\030\366\303\016z;\257\0172#\306\342\241"
 4398      F6C30E7A 
 4398      3BAF0F32 
 4398      23C6E2A1 
 4399 0171 AF13FD5B 		.ascii	"\257\023\375[\264\327\333\030\314\304E\037\360)\021"
 4399      B4D7DB18 
 4399      CCC4451F 
 4399      F02911
 4400 0180 25C90434 		.ascii	"%\311\0044\251\251\362\377\376\266\306\372K\306\375"
 4400      A9A9F2FF 
 4400      FEB6C6FA 
 4400      4BC6FD
 4401 018f 7DC795DE 		.ascii	"}\307\225\336\253AJ'o\020\216\017\010\340\370\374\251"
 4401      AB414A27 
 4401      6F108E0F 
 4401      08E0F8FC 
 4401      A9
 4402 01a0 D2FC9275 		.ascii	"\322\374\222u\321:\347V\027\255J\351F\305\276\354\\"
 4402      D13AE756 
 4402      17AD4AE9 
 4402      46C5BEEC 
 4402      5C
 4403 01b1 2F1BE685 		.ascii	"/\033\346\205\252c\332\2453\246\343Vm\363l\345\222e"
 4403      AA63DAA5 
 4403      33A6E356 
 4403      6DF36CE5 
 4403      9265
 4404 01c3 2CCFC14C 		.ascii	",\317\301L>_\340mD\202\2123[,\026\013\025\247`\273\005"
 4404      3E5FE06D 
 4404      44828A33 
 4404      5B2C160B 
 4404      15A760BB 
 4405 01d8 C7361875 		.ascii	"\3076\030u\227l\263\274\350\344\015\220\256u\325\314"
 4405      976CB3BC 
 4405      E8E40D90 
 4405      AE75D5CC 
 4406 01e8 8D2179E3 		.ascii	"\215!y\343\344\254y\2428gB\312\272\346\232\366r\371"
 4406      E4AC79A2 
 4406      386742CA 
 4406      BAE69AF6 
 4406      72F9
 4407 01fa CA2F72B4 		.ascii	"\312/r\264\351\247"
 4407      E9A7
 4408              		.text
 4409              		.section	.gnu.lto_chThdSleepUntilWindowed.351.71a442c6,"e",%progbits
 4410 0000 789C5D92 		.ascii	"x\234]\222Mh\023Q\020\200gv\336\2466\255\325\024\002"
 4410      4D681351 
 4410      10806776 
 4410      DEA636AD 
 4410      D51402
 4411 0013 E2C58214 		.ascii	"\342\305\202\024+hbJ\017\305\223RP\017\336\364\"\224"
 4411      2B68624A 
 4411      0FC59352 
 4411      500FDEF4 
ARM GAS  C:\Users\nello\AppData\Local\Temp\ccsMT4zx.s 			page 154


 4411      2294
 4412 0025 4A4D171B 		.ascii	"JM\027\033DSv\267U\017\222M\223(\304CMj\321\266\272"
 4412      445376B7 
 4412      550F924D 
 4412      9328C443 
 4412      4D6AD1B6 
 4413 003a C2B247A1 		.ascii	"\302\262G\241\024,i\374\201J\017^z(\336\205\034-H\010"
 4413      142C69FC 
 4413      814A0F5E 
 4413      7A28DE85 
 4413      1C2D4808 
 4414 004e 45B0876A 		.ascii	"E\260\207j\234\367Rk\322\307\356dg\346\233\337\227\222"
 4414      9CF7526B 
 4414      D2C7EE64 
 4414      67E69BDF 
 4414      9792
 4415 0060 06F00800 		.ascii	"\006\360\010\000\256\363\013\001\300b!\257A\275^O\011"
 4415      AEF30B01 
 4415      C06221AF 
 4415      41BD5E4F 
 4415      09
 4416 0071 4DCB149E 		.ascii	"M\313\024\236j\370\011\225\226-t\251_\302\347\373\204"
 4416      6AF80995 
 4416      962D74A9 
 4416      5FC2E7FB 
 4416      84
 4417 0082 C0B942FE 		.ascii	"\300\271B\376Ky\375\322?H\307\264P\037\010)\215XM\341"
 4417      4B79FDD2 
 4417      3F48C7B4 
 4417      501F0829 
 4417      8D584DE1 
 4418 0096 2CBD222C 		.ascii	",\275\",\222O\200b\357\013\261\347\364\232\343\354\344"
 4418      924F8062 
 4418      EF0BB1E7 
 4418      F49AE3EC 
 4418      E4
 4419 00a7 16FEAC9C 		.ascii	"\026\376\254\234\371\234\311]\361I\003\227\201\025\304"
 4419      F99CC95D 
 4419      F1490397 
 4419      8115C4
 4420 00b6 7728FB60 		.ascii	"w(\373`\220n\300)\2066\277\255:N;0\201%lb\3300\362&"
 4420      906EC029 
 4420      8636BFAD 
 4420      3A4E3B30 
 4420      81256C62 
 4421 00ce 2C39BBC1 		.ascii	",9\273\301\375\336\347\312\007\271\267\341F\306\207"
 4421      FDDEE7CA 
 4421      07B9B7E1 
 4421      46C687
 4422 00dd 52F6325C 		.ascii	"R\3662\\\253\257\374\254\240StP\362\037\260\245\366"
 4422      ABAFFCAC 
 4422      A0537450 
 4422      F21FB0A5 
 4422      F6
 4423 00ee 4839CC6B 		.ascii	"H9\314k\370\210\262#>l\323z\327rN\355e\351{\345b\272"
 4423      F888B223 
 4423      3E6CD37A 
ARM GAS  C:\Users\nello\AppData\Local\Temp\ccsMT4zx.s 			page 155


 4423      D7724EED 
 4423      65E97BE5 
 4424 0104 11D3DAAD 		.ascii	"\021\323\332\255\244\227\276\352k\316n}\306q~-\341\362"
 4424      A497BEEA 
 4424      6BCE6E7D 
 4424      C6717E2D 
 4424      E1F2
 4425 0116 F2CEC6A2 		.ascii	"\362\316\306\242\326\215\\\235Y\026\304B\010)t\026z"
 4425      D68D5C9D 
 4425      5916C442 
 4425      08297416 
 4425      7A
 4426 0127 50467420 		.ascii	"PFt \256b'\342{\014\311.\001fHnU\235\023\234\367\031"
 4426      AE6227E2 
 4426      7B0CC92E 
 4426      0166486E 
 4426      559D139C 
 4427 013d 69FF5584 		.ascii	"i\377U\204\032f*\263\325c\220E\315\247\200Kj\2666e\236"
 4427      1A662AB3 
 4427      D5639045 
 4427      CDA7804B 
 4427      6AB63665 
 4428 0152 AB6EA247 		.ascii	"\253n\242GA\3459\344\312T>\265\263\347q\345Eu\320#T"
 4428      41E539E4 
 4428      CA543EB5 
 4428      B3E771E5 
 4428      4575D023 
 4429 0167 8EA0CB5D 		.ascii	"\216\240\313]\000c\036ux\324\351S\007Tq\272\226\347"
 4429      00631E75 
 4429      78D4E953 
 4429      075471BA 
 4429      96E7
 4430 0179 488D19A9 		.ascii	"H\215\031\251\354>a\205X\347\330\\\217G\"\213\001\237"
 4430      EC3E6185 
 4430      58E7D85C 
 4430      8F47228B 
 4430      019F
 4431 018b 3A5D1232 		.ascii	":]\0222\220\344\325\011\344\361\017\303\026f\267\326"
 4431      90E4D509 
 4431      E4F10FC3 
 4431      1666B7D6 
 4432 019b 8F33D1B0 		.ascii	"\2173\321\260\251%p\303\324\332p\2562_\355\363HW\365"
 4432      A92570C3 
 4432      D4DA70AE 
 4432      325FEDF3 
 4432      4857F5
 4433 01ae BB5CD2F7 		.ascii	"\273\\\322\367\352s\361#\354\316\3664\2069\352R@zt\237"
 4433      EA73F123 
 4433      ECCEF634 
 4433      8639EA52 
 4433      407A749F 
 4434 01c2 422A8D38 		.ascii	"B*\21588\367\353\246\271\333\032ss\273\013\345\215\305"
 4434      38F7EBA6 
 4434      B9DB1A73 
 4434      73BB0BE5 
 4434      8DC5
 4435 01d4 018F429C 		.ascii	"\001\217B\234P\205\351Ma\370\003\323\027\340\244\303"
ARM GAS  C:\Users\nello\AppData\Local\Temp\ccsMT4zx.s 			page 156


 4435      5085E94D 
 4435      61F803D3 
 4435      17E0A4C3 
 4436 01e4 773D5FCA 		.ascii	"w=_\312:\202c\273\367.T\236m\234\256,W7C\374\277\365"
 4436      3A8263BB 
 4436      F72E549E 
 4436      6D9CAE2C 
 4436      573743FC 
 4437 01fa 54515E3E 		.ascii	"TQ^>6/\037\340\354\320\371\341\241\361\304\255\3045"
 4437      362F1FE0 
 4437      ECD0F9E1 
 4437      A1F1C4AD 
 4437      C435
 4438 020c 7B722C91 		.ascii	"{r,\221\034\276\2374\357X\023\243q\343\346\244e\230"
 4438      1CBE9F34 
 4438      EF5813A3 
 4438      71E3E6A4 
 4438      6598
 4439 021e C3970DCB 		.ascii	"\303\227\015\313\2364\215\253\311\333\211\370\324\000"
 4439      9E348DAB 
 4439      C9DB89F8 
 4439      D400
 4440 022c F4452251 		.ascii	"\364E\"Q~\3422 i\365\307b\261h\322\212\232v\3242\343"
 4440      7EE23220 
 4440      69F5C762 
 4440      B168D28A 
 4440      9A76D432 
 4441 0241 6CB5C74D 		.ascii	"l\265\307Mct\314\212\304AL\230\306T\270\311\022\211"
 4441      6374CC8A 
 4441      C4414C98 
 4441      C654B8C9 
 4441      1289
 4442 0253 0FF61BE7 		.ascii	"\017\366\033\347b\003\006\210{\306\003[\330\211\273"
 4442      62030688 
 4442      7BC6035B 
 4442      D889BB
 4443 0262 C65F375D 		.ascii	"\306_7]*1"
 4443      2A31
 4444              		.text
 4445              		.section	.gnu.lto_chThdYield.352.71a442c6,"e",%progbits
 4446 0000 789CDBC3 		.ascii	"x\234\333\303\300\300\020\001\304\212@\314\300\314\300"
 4446      C0C01001 
 4446      C48A40CC 
 4446      C0CCC0
 4447 000f 38696217 		.ascii	"8ib\027\023\303\377\377\377\353Y\230\030\033U\030\267"
 4447      13C3FFFF 
 4447      FFEB5998 
 4447      181B5518 
 4447      B7
 4448 0020 3282D98C 		.ascii	"2\202\331\214\014\365L\214\365\214\223\2315\033\032"
 4448      0CF54C8C 
 4448      F58C9399 
 4448      351B1A
 4449 002f 1A7EB4CE 		.ascii	"\032~\264\316Z\265]\242a\305\001\306%\314\014\014\363"
 4449      5AB55DA2 
 4449      61C501C6 
 4449      25CC0C0C 
ARM GAS  C:\Users\nello\AppData\Local\Temp\ccsMT4zx.s 			page 157


 4449      F3
 4450 0040 98196080 		.ascii	"\230\031`\200\015\306c\004\342\365\227X\0174\374\371"
 4450      0DC66304 
 4450      E2F59758 
 4450      0F34FCF9 
 4451 0050 DFDFD0F0 		.ascii	"\337\337\320\360\367\021\343\372\355,\254\014\014\375"
 4451      F711E3FA 
 4451      ED2CAC0C 
 4451      0CFD
 4452 005e CC2093C1 		.ascii	"\314 \223\301@\036\250d\0023\023\202\313\310\360\201"
 4452      401EA864 
 4452      02331382 
 4452      CBC8F081 
 4453 006e B1F9C1CD 		.ascii	"\261\371\301\315w\022\014-\214LK\230\031\3471\003U,"
 4453      77120C2D 
 4453      8C4C4B98 
 4453      19E73103 
 4453      552C
 4454 0080 6166020B 		.ascii	"af\002\013\337\312\203\2132!D\357 D\231!\242\237\030"
 4454      DFCA838B 
 4454      322144EF 
 4454      20449921 
 4454      A29F18
 4455 0093 9B1EDC7F 		.ascii	"\233\036\334\177\307\001vL?3#\262e\014\014\272\316V"
 4455      C701764C 
 4455      3F3323B2 
 4455      650C0CBA 
 4455      CE56
 4456 00a5 31CE1999 		.ascii	"1\316\031\231I\231\301%\245)\231\3711\345\371E\331\305"
 4456      4999C125 
 4456      A52999F9 
 4456      31E5F945 
 4456      D9C5
 4457 00b7 0589C9A9 		.ascii	"\005\211\311\251\361\245\305\251E1\356\251\305%\245"
 4457      F1A5C5A9 
 4457      4531EEA9 
 4457      C525A5
 4458 00c6 45A93EF9 		.ascii	"E\251>\371\351\231\311e&\014\032zz\372@\224\014\322"
 4458      E999C965 
 4458      260C1A7A 
 4458      7AFA4094 
 4458      0CD2
 4459 00d8 905F6C64 		.ascii	"\220_ldhh\250\237_\254_T\242_\\\224\014\024-\311(JM"
 4459      6868A89F 
 4459      5FAC5F54 
 4459      A25F5C94 
 4459      0C142DC9 
 4460 00ef 4C29D64B 		.ascii	"L)\326Kf\000\000\030\361o\015"
 4460      66000018 
 4460      F16F0D
 4461              		.text
 4462              		.section	.gnu.lto_chThdSuspendS.353.71a442c6,"e",%progbits
 4463 0000 789C5D52 		.ascii	"x\234]RMh\023Q\020\236\331\331\255mZ\021\261\202\207"
 4463      4D681351 
 4463      109ED9D9 
 4463      AD6D5A11 
 4463      B18287
ARM GAS  C:\Users\nello\AppData\Local\Temp\ccsMT4zx.s 			page 158


 4464 0013 520529EA 		.ascii	"R\005)\352\301\374\224\036DD\224\036\274x\363$\244H"
 4464      C1FC941E 
 4464      4444941E 
 4464      BC78F324 
 4464      A448
 4465 0025 DD2E3678 		.ascii	"\335.6xH\330\335\3501/mz\351%m*\202m\315!,\022O^,\333"
 4465      48D8DDE8 
 4465      312F6D7A 
 4465      E9256D2A 
 4465      826DCD21 
 4466 003f 6895E845 		.ascii	"h\225\350E\241\012\301\233\342Oz\322C0\213\010*\010"
 4466      A10AC19B 
 4466      E24F7AD2 
 4466      43308B08 
 4466      2A08
 4467 0051 71DE6BD0 		.ascii	"q\336k\3205\217\335\307\314\267\337\233\357\233y\353"
 4467      358FDDC7 
 4467      CCB7DF9B 
 4467      EF9B79EB 
 4468 0061 6A005900 		.ascii	"j\000Y\0008\303/\030\200\245\345E\015:\235NN\327p\205"
 4468      38C32F18 
 4468      80A5E545 
 4468      0D3A9D4E 
 4468      4ED77085 
 4469 0075 637C8C2A 		.ascii	"c|\214*#\274\265\274\370\371\311\374>\225\351\230\327"
 4469      23BCB5BC 
 4469      F8F9C9FC 
 4469      3E95E998 
 4469      D7
 4470 0086 558090D3 		.ascii	"U\200\220\323H\307\034\256\320:a\211<\002\324\273\021"
 4470      48C71CAE 
 4470      D03A6189 
 4470      3C02D4BB 
 4470      11
 4471 0097 E2911342 		.ascii	"\342\221\023B\210\237\013\253\333\376\310z\265\256{"
 4471      889F0BAB 
 4471      DBFEC87A 
 4471      B5AE7B
 4472 00a6 A4419909 		.ascii	"\244A\231\011\033\210\017Q\3521\221.\303\261\272\020"
 4472      1B880F51 
 4472      EA31912E 
 4472      C3B1BA10 
 4473 00b6 8DB79B42 		.ascii	"\215\267\233B\014\200G\204>\2068\014L\275\036\336e:"
 4473      0C804784 
 4473      3E86380C 
 4473      4CBD1EDE 
 4473      653A
 4474 00c8 721F6372 		.ascii	"r\037cr\360\312\377\336DQ\022\350\261v\015\377\2539"
 4474      F0CAFFDE 
 4474      445112E8 
 4474      B1760DFF 
 4474      AB39
 4475 00da F56EB80F 		.ascii	"\365n\270\017\360\021J%^\214\321\230X\020\301{?\330"
 4475      F0114A25 
 4475      5E8CD198 
 4475      5810C17B 
 4475      3FD8
ARM GAS  C:\Users\nello\AppData\Local\Temp\ccsMT4zx.s 			page 159


 4476 00ec 399F5767 		.ascii	"9\237Wgz\\Hv\225\340\301\033\243.~w\212B|\332\302\235"
 4476      7A5C4876 
 4476      95E0C11B 
 4476      A32E7E77 
 4476      8A427CDA 
 4477 0102 ED1F1FF7 		.ascii	"\355\037\037\367\017\222\374\244#n\242\301N\364\010"
 4477      0F92FCA4 
 4477      236EA2C1 
 4477      4EF408
 4478 0111 C8B35024 		.ascii	"\310\263P$9 \265\016s\201%\322\376\245\010\001\3167"
 4478      3920B50E 
 4478      738125D2 
 4478      FEA50801 
 4478      CE37
 4479 0123 EFB41B5A 		.ascii	"\357\264\033Z\205\250\200\232GF\231T\037} \251\024\246"
 4479      85A8809A 
 4479      47469954 
 4479      1F7D20A9 
 4479      14A6
 4480 0135 7EC5B9DB 		.ascii	"~\305\271\333\265\326Z\274;/\346\335C\036\330\027\266"
 4480      B5D65ABC 
 4480      3B2FE6DD 
 4480      431ED817 
 4480      B6
 4481 0146 B8A7C29D 		.ascii	"\270\247\302\235=E\340*\222\266\372\253\265v\266K\343"
 4481      3D45E02A 
 4481      92B6FAAB 
 4481      B576B64B 
 4481      E3
 4482 0157 9973B4CB 		.ascii	"\231s\264\313\344\372\375L\301\272\302\342\014\365{"
 4482      E4FAFD4C 
 4482      C1BAC2E2 
 4482      0CF57B
 4483 0166 3480CFF0 		.ascii	"4\200\317\360\256l^\346\325!Y\3709\003\354\202\213\262"
 4483      AE6C5EE6 
 4483      D52159F8 
 4483      3903EC82 
 4483      8BB2
 4484 0178 BF4273A3 		.ascii	"\277Bs\243}\010\224\271HY6$\253\016\"oC\312}\255\335"
 4484      7D0894B9 
 4484      48593624 
 4484      AB0E226F 
 4484      43CA7DAD 
 4485 018d C00A193D 		.ascii	"\300\012\031=\356\331\305\326\375\321\012E\376\212\217"
 4485      EED9C5D6 
 4485      FDD10A45 
 4485      FE8A8F
 4486 019c 2871A357 		.ascii	"(q\243W\374EH|\224\007\206/\031\320\324\240\227H\017"
 4486      FC45487C 
 4486      9407862F 
 4486      19D0D4A0 
 4486      97480F
 4487 01af F58F2DCC 		.ascii	"\365\217-\314\237\203\243\314\013>\370\005\241\263\334"
 4487      9F83A3CC 
 4487      0B3EF805 
 4487      A1B3DC
 4488 01be DEEEADC9 		.ascii	"\336\356\255\311\365\015\347\330J\363\000\377\201\254"
ARM GAS  C:\Users\nello\AppData\Local\Temp\ccsMT4zx.s 			page 160


 4488      F50DE7D8 
 4488      4AF300FF 
 4488      81AC
 4489 01cc 2A912261 		.ascii	"*\221\"ax\360\000''O''gSWS\227\334\354L*\235\274\231"
 4489      78F00027 
 4489      274F2727 
 4489      67535753 
 4489      97DCEC4C 
 4490 01e4 B6AF3B99 		.ascii	"\266\257;\231i\323\272\222u,;y\301r\334\254m]L_K\231"
 4490      69D3BA92 
 4490      752C3B79 
 4490      C172DCAC 
 4490      6D5D4C5F 
 4491 01fa 3726E078 		.ascii	"7&\340x4\032\343\307\224\007\322\316x\"\221\210\245"
 4491      341AE3C7 
 4491      9407D2CE 
 4491      78229188 
 4491      A5
 4492 020b 9D98EDC6 		.ascii	"\235\230\355\306\034\333d\324\235\265\255\351\031'j"
 4492      1CDB64D4 
 4492      9DB5ADE9 
 4492      19276A
 4493 021a 02B976E6 		.ascii	"\002\271v\346`\010\210\232\247\306\255xb\302\002\315"
 4493      6008889A 
 4493      A7C6AD78 
 4493      62C202CD 
 4494 022a CDFC01EA 		.ascii	"\315\374\001\352 \012\301"
 4494      200AC1
 4495              		.text
 4496              		.section	.gnu.lto_chThdSuspendTimeoutS.354.71a442c6,"e",%progbits
 4497 0000 789C5D92 		.ascii	"x\234]\222_HSq\024\307\317\271\347\336\273?\352ff/\021"
 4497      5F485371 
 4497      14C7CFB9 
 4497      E7DEBB3F 
 4497      EA66662F 
 4498 0015 2484540F 		.ascii	"$\204T\017mN|\220\036\242\360\241\227\336z\012\024\261"
 4498      6D4E7C90 
 4498      1EA2F0A1 
 4498      97DE7A0A 
 4498      14B1
 4499 0027 79C91131 		.ascii	"y\311\0211\331\275\253\207\210\375t\033\003\005u\016"
 4499      D9BDAB87 
 4499      88FD741B 
 4499      0305750E 
 4500 0037 2C642D18 		.ascii	",d-\030\227\360\255\207\212\\%XF.\350\317\350\245W\241"
 4500      97F0AD87 
 4500      8A5C2558 
 4500      462EE8CF 
 4500      E8A557A1 
 4501 004b 17859031 		.ascii	"\027\205\2201\002-\204u~w\203\246?\266\263\337\371\356"
 4501      022D8475 
 4501      7E7783A6 
 4501      3FB6B3DF 
 4501      F9EE
 4502 005d F33BBFF3 		.ascii	"\363;\277\363\347\007\004\360\000\000F\371\013.\300"
 4502      E70704F0 
 4502      000046F9 
ARM GAS  C:\Users\nello\AppData\Local\Temp\ccsMT4zx.s 			page 161


 4502      0B2EC0
 4503 006c C5EC8C02 		.ascii	"\305\354\214\002\365z=\241*\230\343=\256\241\343\221"
 4503      F57A3DA1 
 4503      2A98E33D 
 4503      AEA1E391 
 4504 007c 92CAB639 		.ascii	"\222\312\2669\273t\326\347\374\252\270\224\235\331\374"
 4504      BB74D6E7 
 4504      FCAAB894 
 4504      9DD9FC
 4505 008b 9474399E 		.ascii	"\224t9\236&\275\275O\033\272\343\3518\345nDAH(\244j"
 4505      26BDBD4F 
 4505      1BBAE3E9 
 4505      38E56E44 
 4505      414828A4 
 4506 00a0 3A263047 		.ascii	":&0Gy\302E\262\011Pm\356\020{\316\013!\366\323\3133"
 4506      79C245B2 
 4506      09506DEE 
 4506      107BCE0B 
 4506      21F6D3CB 
 4507 00b5 A553F995 		.ascii	"\245S\371\225u\325&\005\012\014\274D|\2012%\006\351"
 4507      75D52605 
 4507      0A0CBC44 
 4507      7C813225 
 4507      06E9
 4508 00c7 069C5D17 		.ascii	"\006\234]\027\242\262\275*\204\007l\"|\205-\014\013"
 4508      A2B2BD2A 
 4508      84076C22 
 4508      7C852D0C 
 4508      0B
 4509 00d8 237BC725 		.ascii	"#{\307%g6\270\331dFtr$\025K\2079u$\325\335\210x_\332"
 4509      6736B8D9 
 4509      64467472 
 4509      24154B87 
 4509      397524D5 
 4510 00f1 5E86ABB3 		.ascii	"^\206\253\263\245\337[(\026\005\332\244\341\033<t\367"
 4510      A5DF5B28 
 4510      1605DAA4 
 4510      E11B3C74 
 4510      F7
 4511 0102 48B65B07 		.ascii	"H\266[\007|\2132#^\254Q\257H\213\352\243Ru\353\312\224"
 4511      7C8B3223 
 4511      5EAC51AF 
 4511      488BEAA3 
 4511      5275EBCA 
 4512 0117 73E648B6 		.ascii	"s\346H\266\222^!x\366][\027\007\365y!~\224\361\335\363"
 4512      925E2178 
 4512      F65D5B17 
 4512      07F57921 
 4512      7E94F1DD 
 4513 012c FD6F79A5 		.ascii	"\375oy\245\0239\001Ec\243\353l\\.i\334\222\367 \276"
 4513      13390145 
 4513      63A3EB6C 
 4513      5C2E69DC 
 4513      92F720BE 
 4514 0140 462FE22A 		.ascii	"F/\342*\372$\342\227\006`\236d\377\234u\232C/\220\362"
 4514      FA24E297 
 4514      06609E64 
ARM GAS  C:\Users\nello\AppData\Local\Temp\ccsMT4zx.s 			page 162


 4514      FF9C759A 
 4514      432F90F2 
 4515 0154 DF45A862 		.ascii	"\337E\250br\353a\255\322\305\323)\222;\205\212M\356"
 4515      72EB61AD 
 4515      D2C5D329 
 4515      923B858A 
 4515      4DEE
 4516 0166 0239457A 		.ascii	"\0029Ez@\322\324J\357b\262\222\251\227\1772\253\025"
 4516      40D2D44A 
 4516      EF62B292 
 4516      A9977F32 
 4516      AB15
 4517 0178 C9231BCF 		.ascii	"\311#\033\317say\372 \303\232\3162GL\367\024\311\225"
 4517      736179FA 
 4517      20C39ACE 
 4517      32474CF7 
 4517      14C995
 4518 018b 42DD266F 		.ascii	"B\335&oAf\300\177H\322%\023o\203\035L\355l\234d\002"
 4518      4166C07F 
 4518      48D22513 
 4518      6F831D4C 
 4518      ED6C9C64 
 4519 01a0 DF372A5D 		.ascii	"\3377*] \365\360\035\323\265\325\317\371\301\"\371\345"
 4519      20F5F01D 
 4519      D3B5D5CF 
 4519      F9C122F9 
 4519      E5
 4520 01b1 290513B0 		.ascii	")\005\023\260\240\210\262\352\220\332\021r\351\317\227"
 4520      A088B2EA 
 4520      90DA1172 
 4520      E9CF97
 4521 01c0 7C5FF309 		.ascii	"|_\363\011p\326O\221\337\3006w\263\275H^\374\200|\265"
 4521      70D64F91 
 4521      DFC03677 
 4521      B3BD485E 
 4521      FC807CB5 
 4522 01d4 5B62CBA5 		.ascii	"[b\313\245\257\371KMLC9\262\006\311\325v0\202\037\035"
 4522      AFF94B4D 
 4522      4C4339B2 
 4522      06C9D576 
 4522      30821F1D 
 4523 01e8 AD8F25B7 		.ascii	"\255\217%\267M>\334\304\307rN\322_i\227\201\313,\240"
 4523      4D3EDCC4 
 4523      C7724ED2 
 4523      5F699781 
 4523      CB2CA0
 4524 01fb 2CC42BCB 		.ascii	",\304+\313\333Z\253U\270Z\237\323-\177\201\230\225\201"
 4524      DB5AAB55 
 4524      B85A9FD3 
 4524      2D7F8198 
 4524      9581
 4525 020d 3B91B827 		.ascii	";\221\270'6\035s2\325[3\375\205S\227\341\014\207\253"
 4525      361D7332 
 4525      D55B33FD 
 4525      855397E1 
 4525      0C87AB
 4526 0220 3E29A584 		.ascii	">)\245\204\312\307\272\232OA\256\032*E\031\036\376\""
ARM GAS  C:\Users\nello\AppData\Local\Temp\ccsMT4zx.s 			page 163


 4526      CAC7BA9A 
 4526      4F41AE1A 
 4526      2A45191E 
 4526      FE22
 4527 0232 87F5AB73 		.ascii	"\207\365\253s\271\314\034:\003\361i\273\271L\007\217"
 4527      B9CC1C3A 
 4527      03F169BB 
 4527      B94C078F 
 4528 0242 105B4708 		.ascii	"\020[G\010pa\350\342\360\320D\344f\344\272\025\037\217"
 4528      7061E8E2 
 4528      F0D044E4 
 4528      66E4BA15 
 4528      1F8F
 4529 0254 4487EF45 		.ascii	"D\207\357Ec\267\315\311\261\2601\0327\215\330\360U\303"
 4529      63B7CDC9 
 4529      B1B0311A 
 4529      378DD8F0 
 4529      55C3
 4530 0266 B4E231E3 		.ascii	"\264\3421\343Z\364V$|w\000\316\005\002A\376\204\345"
 4530      5AF45624 
 4530      7C7700CE 
 4530      050241FE 
 4530      84E5
 4531 0278 81A8D91F 		.ascii	"\201\250\331\037\012\205\202Q3\030\263\202f,\314\252"
 4531      0A858251 
 4531      3318B382 
 4531      662CCCAA 
 4532 0288 351133C6 		.ascii	"5\0213\306\306\315@\030\310\212M\236h\021\002\341\301"
 4532      C6CD4018 
 4532      C88A4D9E 
 4532      681102E1 
 4532      C1
 4533 0299 7EA32F34 		.ascii	"~\243/4`\200\313\212\3341\242qK\261&\377\001\"\303J"
 4533      6080CB8A 
 4533      DC31A271 
 4533      4BB126FF 
 4533      0122C34A 
 4534 02ad 06       		.ascii	"\006"
 4535              		.text
 4536              		.section	.gnu.lto_chThdResumeI.355.71a442c6,"e",%progbits
 4537 0000 789C6551 		.ascii	"x\234eQ=h\023a\030~\237{\357\232\266\240 A\021\027\035"
 4537      3D681361 
 4537      187E9F7B 
 4537      EF9AB6A0 
 4537      20411117 
 4538 0015 94EA60D2 		.ascii	"\224\352`\322\224\014\342\332\241\203nv\021\032\244"
 4538      940CE2DA 
 4538      A1836E76 
 4538      111AA4
 4539 0024 A6471B44 		.ascii	"\246G\033D\022\356\022\213S>k\012b\2076QAK\333!\004"
 4539      12EE128B 
 4539      533E6B0A 
 4539      62873651 
 4539      414BDB21 
 4540 0039 C9E6E24F 		.ascii	"\311\346\342Ob\264\246\370\263\024\261\270\350f\240"
 4540      62B4A6F8 
 4540      B314B1B8 
ARM GAS  C:\Users\nello\AppData\Local\Temp\ccsMT4zx.s 			page 164


 4540      E866A0
 4541 0048 54AC83D6 		.ascii	"T\254\203\326vP\241\020\337\357.\332\250/w\334\367>"
 4541      7650A110 
 4541      DFEF2EDA 
 4541      A82F77DC 
 4541      F73E
 4542 005a F73CEFCF 		.ascii	"\367<\357\317\363\2352\210.\023\321\240\274\324A(\344"
 4542      F39D3288 
 4542      2E13D1A0 
 4542      BCD44128 
 4542      E4
 4543 006b AF1BD46C 		.ascii	"\257\033\324l6\263\246a\\\315O\031\250\301\313&\363"
 4543      36B3A661 
 4543      5CCD4F19 
 4543      A8C1CB26 
 4543      F3
 4544 007c BBBD2FE3 		.ascii	"\273\275/\343\2460\260\350\243&n\375\341[\270r\3707"
 4544      A630B0E8 
 4544      A3266EFD 
 4544      E15BB872 
 4544      F837
 4545 008e 1B943558 		.ascii	"\033\2245X\220,n\3601\245\324\217\311\331Zu\277*\327"
 4545      902C6EF0 
 4545      31A5D48F 
 4545      C9D95A75 
 4545      BF2AD7
 4546 00a1 5162A205 		.ascii	"Qb\242\005&?\346\030\005.1`\266N\006\016\311\211\317"
 4546      263FE618 
 4546      052E3160 
 4546      B64E060E 
 4546      C989CF
 4547 00b4 524F5DA9 		.ascii	"RO]\251\2257\025\245\272\250\304\214G\020\015\036\002"
 4547      953715A5 
 4547      BAA8C48C 
 4547      47100D1E 
 4547      02
 4548 00c5 0F401A88 		.ascii	"\017@\032\210\335\017j\236K=R|\345s\213g\242\3727\317"
 4548      DD0F6A9E 
 4548      4B3D527C 
 4548      E5738B67 
 4548      A2FA37CF 
 4549 00d9 8C2D05F5 		.ascii	"\214-\005\365V~Gh\311\270nzD\252o,V\267\033P\005%#Y"
 4549      567E4768 
 4549      C9B86E7A 
 4549      44AA6F2C 
 4549      56B71B50 
 4550 00f1 78D22E24 		.ascii	"x\322.$\212\275\017\212\027OA\262\020\305\336\005\005"
 4550      8ABD0F8A 
 4550      174F41B2 
 4550      10C5DE05 
 4550      05
 4551 0102 34CAAC91 		.ascii	"4\312\254\221{o\255\272\332nN+\365a\031\337^\327>\356"
 4551      7B6FADBA 
 4551      DA6E4E2B 
 4551      F56119DF 
 4551      5ED73EEE 
 4552 0116 E98674B2 		.ascii	"\351\206t\262L\240\002K3\002\300c\341O\263\266\305\213"
ARM GAS  C:\Users\nello\AppData\Local\Temp\ccsMT4zx.s 			page 165


 4552      4CA0024B 
 4552      3302C063 
 4552      E14FB3B6 
 4552      C58B
 4553 0128 8392CEB0 		.ascii	"\203\222\316\260\261\223\202\276`\342\366\324\327\345"
 4553      B19382BE 
 4553      60E2F6D4 
 4553      D7E5
 4554 0136 551419AD 		.ascii	"U\024\031\255\335\031t\027\262Ng\211;\212\262\3133Q"
 4554      DD197417 
 4554      B24E6789 
 4554      3B8AB2CB 
 4554      3351
 4555 0148 AD23B7FE 		.ascii	"\255#\267\376\374@\321't\300wm\206\371\277R\337\227"
 4555      FC40D127 
 4555      74C0776D 
 4555      86F9BF52 
 4555      DF97
 4556 015a 5707E452 		.ascii	"W\007\344R\212ly5\312\373\332\212h\205\371\217b\263"
 4556      8A6C7935 
 4556      CAFBDA8A 
 4556      6885F98F 
 4556      62B3
 4557 016c B23617F5 		.ascii	"\2626\027\365\250\237\214\035*\226\274\237\263?\327"
 4557      A89F8C1D 
 4557      2A96BC9F 
 4557      B33FD7
 4558 017b E6065B53 		.ascii	"\346\006[SY\320\206\371LI\003\322\001/<\254\327\237"
 4558      59D086F9 
 4558      4C4903D2 
 4558      012F3CAC 
 4558      D79F
 4559 018d B5132F31 		.ascii	"\265\023/1\257\355\325yy\227\276\205W\002H\337\"\007"
 4559      AFEDD579 
 4559      7997BE85 
 4559      570248DF 
 4559      2207
 4560 019f 6803B9C6 		.ascii	"h\003\271\306\235\255\006(\007\351\323\265\340\343V"
 4560      9DAD0628 
 4560      07E9D3B5 
 4560      E0E356
 4561 01ae 89BBBDB1 		.ascii	"\211\273\275\261\254\366\26161\321\230\337\272\006\355"
 4561      ACF6B136 
 4561      31D198DF 
 4561      BA06ED
 4562 01bd B98E6946 		.ascii	"\271\216iF\273\203D\307\373O\016\365\217%\316'\316\244"
 4562      BB8344C7 
 4562      FB4F0EF5 
 4562      8F25CE27 
 4562      CEA4
 4563 01cf 332389E4 		.ascii	"3#\211\344\320x\322\271\340\246\206\343\366\271\214"
 4563      D078D2B9 
 4563      E0A686E3 
 4563      F6B98C
 4564 01de 6B3B4303 		.ascii	"k;C\003\266\233\3168\366\351\344h\"~)JGC\241\260<q-"
 4564      B69BCE38 
 4564      F6E9E468 
ARM GAS  C:\Users\nello\AppData\Local\Temp\ccsMT4zx.s 			page 166


 4564      227E294A 
 4564      4743A1B0 
 4565 01f5 48BA7D91 		.ascii	"H\272}\221H$\234t\303N:\354:qA\323c\216=<\342\206\342"
 4565      48249C74 
 4565      C34E3AEC 
 4565      3A7141D3 
 4565      638E3D3C 
 4566 020c C46927B5 		.ascii	"\304i'\265\267\015\010\305O\364\331\275\221\250M|\321"
 4566      B70D08C5 
 4566      4FF4D9BD 
 4566      91A84D7C 
 4566      D1
 4567 021d 1D35D2A9 		.ascii	"\0355\322\251_\007>\017G"
 4567      5F073E0F 
 4567      47
 4568              		.text
 4569              		.section	.gnu.lto_chThdResumeS.356.71a442c6,"e",%progbits
 4570 0000 789C6551 		.ascii	"x\234eQ?h\023q\024~\337\275\273\244]\004[\024q\321A"
 4570      3F681371 
 4570      147EDFBD 
 4570      BBA45D04 
 4570      5B1471D1 
 4571 0015 A90E26A6 		.ascii	"\251\016&\246d\220\256\035\272\270\351\"$H\275\036m"
 4571      6490AE1D 
 4571      BAB8E922 
 4571      2448BD1E 
 4571      6D
 4572 0026 1049B8BB 		.ascii	"\020I\270\273X\234\362\263M@\354\220&*\210\224\016!"
 4572      589CF2B3 
 4572      4D40EC90 
 4572      262A8894 
 4572      0E21
 4573 0038 483627B5 		.ascii	"H6'\265\361o\304\331X\\\\\003\035j\013\325\332:T\010"
 4573      F16FC4D9 
 4573      585C5C03 
 4573      1D6A0BD5 
 4573      DA3A5408 
 4574 004c C6F7BB44 		.ascii	"\306\367\273D\033\355\343\216\373\275\217\357\373\336"
 4574      1BEDE38E 
 4574      FBBD8FEF 
 4574      FBDE
 4575 005a EF7BF70B 		.ascii	"\357{\367\013D\267\210\350\262\274\024\"\224Kw\015\352"
 4575      44B788E8 
 4575      B2BC1422 
 4575      944B770D 
 4575      EA
 4576 006b 743A39D3 		.ascii	"t:9\3230\346K\013\006^\"\350\012\245C\301\227q_\030"
 4576      30E64B0B 
 4576      065E22E8 
 4576      0AA543C1 
 4576      97715F18 
 4577 007f 78D3454D 		.ascii	"x\323EM<\370\313\267p\373\324\0376(g\260 9\334\343\263"
 4577      3CF8CBB7 
 4577      70FBD41F 
 4577      362867B0 
 4577      2039DCE3 
 4578 0094 4AA9BDC2 		.ascii	"J\251\275\302\243\315\3721Uk\240\312D\313L\335Zb\224"
ARM GAS  C:\Users\nello\AppData\Local\Temp\ccsMT4zx.s 			page 167


 4578      A3CDFA31 
 4578      556BA0CA 
 4578      44CB4CDD 
 4578      5A6294
 4579 00a7 B9CA80D9 		.ascii	"\271\312\200\331;\0318)'\276B#\015\245V?\256(5HUf<\207"
 4579      3B193829 
 4579      27BE4223 
 4579      0DA5563F 
 4579      AE283548 
 4580 00bf 68F00C78 		.ascii	"h\360\014x*\327\025 \331\032\322<\217F\304|u\263\307"
 4580      2AD71520 
 4580      D91AD23C 
 4580      8F46C47C 
 4580      75B3C7
 4581 00d2 3351FF97 		.ascii	"3Q\377\227g&\267\206t\252\356Dh\311\254\036zZ\334\267"
 4581      6726B786 
 4581      74AAEE44 
 4581      68C9AC1E 
 4581      7A5ADCB7 
 4582 00e6 B7EAED16 		.ascii	"\267\352\355\026TY\311\225,\274\352\027\022%\363\303"
 4582      5459C995 
 4582      2CBCEA17 
 4582      1225F3C3 
 4583 00f6 B28BD720 		.ascii	"\262\213\327 \011D\311\371a\001\215\032k\344\311'\253"
 4583      0944C9F9 
 4583      61018D1A 
 4583      6BE4C927 
 4583      AB
 4584 0107 A1DA9DA2 		.ascii	"\241\332\235\242R\237\233\370\376aw\375\360 d\222e\002"
 4584      529F9BF8 
 4584      FE6177FD 
 4584      F0206492 
 4584      6502
 4585 0119 2BB03423 		.ascii	"+\2604#\014\274\020~\221\365Z\202:!\355\"\033\373-\350"
 4585      0CBC107E 
 4585      91F55A82 
 4585      3A21ED22 
 4585      1BFB2DE8 
 4586 012d 2BE61E2E 		.ascii	"+\346\036.\2547\327Pa\364\2623\3501$\316@\225C\025\311"
 4586      AC37D750 
 4586      61F4B233 
 4586      E83124CE 
 4586      40954315 
 4587 0142 F256541B 		.ascii	"\362VT\033\310o\274?^\351\022B\350nm\221\371\200\325"
 4587      C86FBC3F 
 4587      5EE91242 
 4587      E86E6D91 
 4587      F980D5
 4588 0155 B7E6DA84 		.ascii	"\267\346\332\204\374\224\012[\201G\355h\237\211V\230"
 4588      FC940A5B 
 4588      8147ED68 
 4588      9F895698 
 4589 0165 FF2976F6 		.ascii	"\377)v\366\332K\361\200\372\305\330\247\342\035h\033"
 4589      DA4BF180 
 4589      FAC5D8A7 
 4589      E21D681B 
 4590 0175 85D60F8F 		.ascii	"\205\326\017\217\362\020<\274,\227\"1\255p\270\312\003"
ARM GAS  C:\Users\nello\AppData\Local\Temp\ccsMT4zx.s 			page 168


 4590      F2103CBC 
 4590      2C972231 
 4590      AD70B8CA 
 4590      03
 4591 0186 8193D5EF 		.ascii	"\201\223\325\357\264\203\271\326\317\335;\320k\322U"
 4591      B483B9D6 
 4591      CFDD3BD0 
 4591      6BD255
 4592 0195 64F48726 		.ascii	"d\364\207&:7>\226\030\237I]K]\362\263S\251tb6\355^\367"
 4592      3A373E96 
 4592      189F495D 
 4592      4B5DF2B3 
 4592      53A97462 
 4593 01ad 3293B673 		.ascii	"2\223\266s5\3539nb\302\361\374\254\353\\LO\247\354\233"
 4593      35EB396E 
 4593      62C2F1FC 
 4593      ACEB5C4C 
 4593      4FA7EC9B 
 4594 01c1 713A1389 		.ascii	"q:\023\211D\345\261\265 \355\215\306b\261h\332\213\272"
 4594      44E5B1B5 
 4594      20ED8DC6 
 4594      62B168DA 
 4594      8BBA
 4595 01d3 7ED4736D 		.ascii	"~\324smA\375\031\327\231\234\362\"6\261\357f\216\364"
 4595      41FD19D7 
 4595      999CF222 
 4595      36B1EF66 
 4595      8EF4
 4596 01e5 0111FBC2 		.ascii	"\001\021\373\302\250s>\026w\210ox\323\206\237\371\015"
 4596      A8733E16 
 4596      77886F78 
 4596      D3869FF9 
 4596      0D
 4597 01f6 604CFA57 		.ascii	"`L\372W"
 4598              		.text
 4599              		.section	.gnu.lto_chThdResume.357.71a442c6,"e",%progbits
 4600 0000 789C5590 		.ascii	"x\234U\220\277K\303@\024\307\337\313K\177\270\026\204"
 4600      BF4BC340 
 4600      14C7DFCB 
 4600      4B7FB816 
 4600      84
 4601 0011 6E2A08D5 		.ascii	"n*\010\325\301\264)\035\304\265\203\213\233\223\320"
 4601      C1B4291D 
 4601      C4B5838B 
 4601      9B93D0
 4602 0020 22350D6D 		.ascii	"\"5\015m\020I\311\245u\354\371\243\213K\265.\"\332\241"
 4602      1049C9A5 
 4602      75ECF9A3 
 4602      8B4BB52E 
 4602      22DAA1
 4603 0033 6470736A 		.ascii	"dpsj\215v\351\342*\305\277\240\223\340&\202\305A\210"
 4603      8D76E9E2 
 4603      2AC5BFA0 
 4603      93E02682 
 4603      C54188
 4604 0046 D7B46A7D 		.ascii	"\327\264j}\334\301{\237\373~\357\313]\002\001*\000\260"
 4604      DCC17B9F 
ARM GAS  C:\Users\nello\AppData\Local\Temp\ccsMT4zx.s 			page 169


 4604      FB7EEFCB 
 4604      5D02012A 
 4604      00B0
 4605 0058 20361060 		.ascii	" 6\020`\343\354D\002\317\363\252\262\204\007\213\330"
 4605      E3EC4402 
 4605      CFF3AAB2 
 4605      84078BD8 
 4606 0068 45BF47A8 		.ascii	"E\277G\250JX\305sZ\346\234\177\326./\272Q~\323C\207"
 4606      4A58C573 
 4606      5AE69C7F 
 4606      D62E2FBA 
 4606      517ED343 
 4607 007d 009A04E3 		.ascii	"\000\232\004\343\272\"l\220C\210\362\244\223p^t\264"
 4607      BA226C90 
 4607      4388F2A4 
 4607      93705E74 
 4607      B4
 4608 008e 05B11EE7 		.ascii	"\005\261\036\347\375'\227\363\031p\210\360\016\205\007"
 4608      FD2797F3 
 4608      197088F0 
 4608      0E8507
 4609 009d 3B886D91 		.ascii	";\210m\221-@\326\215\214t\014b\342\362\376\353D'\343"
 4609      2D40D68D 
 4609      8C740C62 
 4609      E2F2FEEB 
 4609      4427E3
 4610 00b0 FD7F9D9C 		.ascii	"\375\177\235\234}\214\000\004\177\022\005\203\333\347"
 4610      7D8C0004 
 4610      7F120583 
 4610      DBE7
 4611 00be 408F7F79 		.ascii	"@\217\177yu\316?^\360\272+\207D\272\2132\342\2038\255"
 4611      75CE3F5E 
 4611      F0BA2B87 
 4611      44BA8B32 
 4611      E28338AD 
 4612 00d2 D3E81D7E 		.ascii	"\323\350\035~\315\211\361\224\244\277\021\341\015\217"
 4612      CD89F194 
 4612      A4BF11E1 
 4612      0D8F
 4613 00e0 06ED6114 		.ascii	"\006\355a\024\216Qr(\320$?\"(pm\320\251\214i\250I\022"
 4613      8E517228 
 4613      D0243F22 
 4613      28706DD0 
 4613      A98C69A8 
 4614 00f6 408BA845 		.ascii	"@\213\250E\262Ca\337\342V~\0354v\274\343\341\240;\014"
 4614      B24361DF 
 4614      E2567E1D 
 4614      3476BCE3 
 4614      E1A03B0C 
 4615 010a FB5F5027 		.ascii	"\373_P'\234\216\004XI\257e\322Ec\307\330\264\313y\303"
 4615      9C8E0458 
 4615      49AF65D2 
 4615      4563C7D8 
 4615      B4CB79C3 
 4616 011e CCEC9BD6 		.ascii	"\314\354\233\326.+\3454}\273\314t+\263\2563\273l\351"
 4616      2E2BE534 
 4616      7DBBCC74 
ARM GAS  C:\Users\nello\AppData\Local\Temp\ccsMT4zx.s 			page 170


 4616      2BB3AE33 
 4616      BB6CE9
 4617 0131 1B66C1D0 		.ascii	"\033f\301\320*)XR\224\270X\332\310`\262\244\252\252"
 4617      2A295852 
 4617      94B858DA 
 4617      C860B2A4 
 4617      AAAA
 4618 0143 7193C52D 		.ascii	"q\223\305-;\316,MP\273h\351\271<S4 \333*\315N\001E["
 4618      3BCE2C4D 
 4618      50BB68E9 
 4618      B93C5334 
 4618      20DB2ACD 
 4619 015b 4DEA0935 		.ascii	"M\352\0115\245\003\355\261\3027\007a\225R"
 4619      A503EDB1 
 4619      C2370761 
 4619      9552
 4620              		.text
 4621              		.section	.gnu.lto_chThdEnqueueTimeoutS.358.71a442c6,"e",%progbits
 4622 0000 789C5D51 		.ascii	"x\234]QMh\023Q\020~\363f7\177\265i\215\212 \202\005"
 4622      4D681351 
 4622      107EF366 
 4622      377FB569 
 4622      8D8A2082 
 4623 0015 29EAC1A4 		.ascii	")\352\301\244)=\024OJ\017^\274\351Eh\221\272]l\020I"
 4623      293D144F 
 4623      4A0F5EBC 
 4623      E9456891 
 4623      BA5D6C10 
 4624 002a DDDDE8C1 		.ascii	"\335\335\350\301C^LJ\244\202M\252^\244\211\020\026\361"
 4624      435E4C4A 
 4624      A4824DAA 
 4624      5EA48910 
 4624      16F1
 4625 003c A40715A3 		.ascii	"\244\007\025\243\253X\254\212'[\274\010b \342\245\005"
 4625      AB58AC8A 
 4625      275BBC08 
 4625      6220E2A5 
 4625      05
 4626 004d 7F422954 		.ascii	"\177B)T\244\030\347\275T\214}l&o\276\367\315\31473\237"
 4626      A418E7BD 
 4626      548C7D6C 
 4626      266FBEF7 
 4626      CDCC3733 
 4627 0062 396319C6 		.ascii	"9c\031\306\330\011\3721\037\203\231\342\024g\315f3\255"
 4627      D809FA31 
 4627      1F8399E2 
 4627      1467CD66 
 4627      33AD
 4628 0074 719E2D5E 		.ascii	"q\236-^\345\360\034\224\227+\206\325?\302\315\342\324"
 4628      E5F01C94 
 4628      972B86D5 
 4628      3FC2CDE2 
 4628      D4
 4629 0085 875AD6AF 		.ascii	"\207Z\326\257<Mz\315\332\274Oy:d\002\255X`i\216\344"
 4629      3C4D7ACD 
 4629      DABC4F79 
 4629      3A6402AD 
ARM GAS  C:\Users\nello\AppData\Local\Temp\ccsMT4zx.s 			page 171


 4629      5860698E 
 4630 009a A7E13ACE 		.ascii	"\247\341:\316\"\314\240\213\014\264\215\033@\317\001"
 4630      22CCA08B 
 4630      0CB48D1B 
 4630      40CF01
 4631 00a9 21C4CFC9 		.ascii	"!\304\317\311[\357\274\335\263w\3474\0279+\023\341\021"
 4631      5BEFBCDD 
 4631      B377E734 
 4631      17392B13 
 4631      E111
 4632 00bb C043903A 		.ascii	"\300C\220:\210\210'\331\2769!\026kU!\202\314E\204\307"
 4632      888827D9 
 4632      BE392116 
 4632      6B552182 
 4632      CC4584C7 
 4633 00cf D0C62160 		.ascii	"\320\306!`$\033\221<\273\305\273\222\315\213n\312\244"
 4633      241B913C 
 4633      BBC5BB92 
 4633      CD8B6ECA 
 4633      A4
 4634 00e0 C193FF79 		.ascii	"\301\223\377y\332H!\322\312xI\332^\"7\026\274\325:\210"
 4634      DA4821D2 
 4634      CA7849DA 
 4634      5E223716 
 4634      BCD53A88 
 4635 00f4 19012EEA 		.ascii	"\031\001.\352\340\301\177\265GJ\021\032\3033\220\212"
 4635      E0C17FB5 
 4635      474A111A 
 4635      C333908A 
 4636 0104 E810C67B 		.ascii	"\350\020\306{\305\244h|\364\032\365#\031\025\263I\255"
 4636      C5A4687C 
 4636      F41AF523 
 4636      1915B349 
 4636      AD
 4637 0115 64DF7FAF 		.ascii	"d\337\177\257\317\211\365\346\264\020k\237\240\370\240"
 4637      CF89F5E6 
 4637      B4106B9F 
 4637      A0F8A0
 4638 0124 BA5AE2DD 		.ascii	"\272Z\342\335@\325}\234\214\037\245\321\310\004t2<("
 4638      40D57D9C 
 4638      8C1FA5D1 
 4638      C8047432 
 4638      3C28
 4639 0136 2342004F 		.ascii	"#B\000O\241\003\240\012a\211uI\303\3304\312\001\252"
 4639      A103A00A 
 4639      61897549 
 4639      C3D834CA 
 4639      01AA
 4640 0148 B3879217 		.ascii	"\263\207\222\027\220\377s\2015 [\277\275\326\210\320"
 4640      90FF7381 
 4640      35205BBF 
 4640      BDD688D0 
 4641 0158 522A18CC 		.ascii	"R*\030\314\001w1XF\325f\210}\207\354b~\241\366\205\236"
 4641      01773158 
 4641      46D56688 
 4641      7D87EC62 
 4641      7EA1F685 
ARM GAS  C:\Users\nello\AppData\Local\Temp\ccsMT4zx.s 			page 172


 4642 016d E80BC949 		.ascii	"\350\013\311I\323\036\010\276\274\236'\200\023L\011"
 4642      D31E08BE 
 4642      BC9E2780 
 4642      134C09
 4643 017c 267B2A88 		.ascii	"&{*\2109\360\271\330Q\226\005\351A2\375R\354\026\266"
 4643      39F0B9D8 
 4643      519605E9 
 4643      4132FD52 
 4643      EC16B6
 4644 018f 0CB9E5F9 		.ascii	"\014\271\345\371]\304\200\227\255\326\012\210\355\002"
 4644      5DC48097 
 4644      ADD60A88 
 4644      ED02
 4645 019d 28D94AF5 		.ascii	"(\331J\365[i\260\202]2\212C\232\025\270x\253)\246\266"
 4645      5B69B082 
 4645      5D328A43 
 4645      9A15B878 
 4645      AB29A6B6 
 4646 01b1 897963EA 		.ascii	"\211yc\352G\315\250\340\337\265Sy\272\335\001Z\375\322"
 4646      47CDA8E0 
 4646      DFB55379 
 4646      BADD015A 
 4646      FDD2
 4647 01c3 4E173B2B 		.ascii	"N\027;+\330\001\257\024\326GP\300\3050\274\206\222\034"
 4647      D801AF14 
 4647      D64750C0 
 4647      C530BC86 
 4647      921C
 4648 01d5 7A4E7168 		.ascii	"zNqh\320\001xC2\244h\246\232\355*#J\311\032u\357b\267"
 4648      D0017843 
 4648      32A468A6 
 4648      9AED2A23 
 4648      4AC91A75 
 4649 01ec 7CA9BF58 		.ascii	"|\251\277X[\244\356\302\352}k\031I\212,\026\001\342"
 4649      5BA4EEC2 
 4649      EA7D6B19 
 4649      498A2C16 
 4649      01E2
 4650 01fe 845CDCA6 		.ascii	"\204\\\334\246\224\351\355\312\276B\3460\333K\025\032"
 4650      94E9EDCA 
 4650      BE42E630 
 4650      DB4B151A 
 4651 020e 4B5E4E68 		.ascii	"K^Nh\024\266}c\327\362\254\000\015J\247\313/\320\251"
 4651      14B67D63 
 4651      D7F2AC00 
 4651      0D4AA7CB 
 4651      2FD0A9
 4652 0221 4BBCE7E5 		.ascii	"K\274\347\345\257\201\232wX\373\355\345;iC\320\276!"
 4652      AF819A77 
 4652      58FBEDE5 
 4652      3B6943D0 
 4652      BE21
 4653 0233 C60E0E1D 		.ascii	"\306\016\016\035\032\036\032O\234N\034wRc\211\344\360"
 4653      1A1E1A4F 
 4653      9C4E1C77 
 4653      526389E4 
 4653      F0
ARM GAS  C:\Users\nello\AppData\Local\Temp\ccsMT4zx.s 			page 173


 4654 0244 C5A475D6 		.ascii	"\305\244u\326\236\0305\314S)\333\264\206\217\232\266"
 4654      9E1835CC 
 4654      5329DBB4 
 4654      868F9AB6 
 4655 0254 93B2CC63 		.ascii	"\223\262\314c\3113\011\343\302\000\333\037\215\306\350"
 4655      C93309E3 
 4655      C200DB1F 
 4655      8DC6E8
 4656 0263 336440D2 		.ascii	"3d@\322\356\217\307\343\261\244\035\263\234\230m\031"
 4656      EE8FC7E3 
 4656      B1A41DB3 
 4656      9C986D19 
 4657 0273 843AE396 		.ascii	"\204:\343\2269:fG\015\206\316\371\211\035m@\324\030"
 4657      393A6647 
 4657      0D86CEF9 
 4657      891D6D40 
 4657      D418
 4658 0285 EC37FBE2 		.ascii	"\3547\373\342\003&\363;\211sf2\345\370\214\224e9\023"
 4658      0326F33B 
 4658      89736632 
 4658      E5F88C94 
 4658      653913
 4659 0298 7F0095DA 		.ascii	"\177\000\225\332:/"
 4659      3A2F
 4660              		.text
 4661              		.section	.gnu.lto_chThdDequeueNextI.359.71a442c6,"e",%progbits
 4662 0000 789C5550 		.ascii	"x\234UP;h\024Q\024\275\347\335\267?\225H\012AD\324B"
 4662      3B681451 
 4662      14BDE7DD 
 4662      B73F9548 
 4662      0A4144D4 
 4663 0015 482CDCCD 		.ascii	"H,\334\315\206\024\2226\210\215\235\225\260A\342dH\026"
 4663      86149236 
 4663      888D9D95 
 4663      B041E264 
 4663      4816
 4664 0027 9189F366 		.ascii	"\221\211\363fc\271/q\002!\026\233\215\251D\027Y\007"
 4664      63B92F71 
 4664      0221169B 
 4664      8DA94417 
 4664      5907
 4665 0039 D1CA4A8D 		.ascii	"\321\312J\215\306\310\202\265\020l\304\312\024\202\006"
 4665      C6C882B5 
 4665      106CC4CA 
 4665      148206
 4666 0048 44838DE2 		.ascii	"D\203\215\342\207\315\235\311\306\254\217\367\273\347"
 4666      87CD9DC9 
 4666      C6AC8FF7 
 4666      BBE7
 4667 0056 9E7BDEB9 		.ascii	"\236{\336\271\357\021\210\246\211\350\254,J\021\226"
 4667      EF1188A6 
 4667      89E8AC2C 
 4667      4A1196
 4668 0065 EA0B8ADA 		.ascii	"\352\013\212\332\355vU+u\243~Sa\025I\024\326{\222\223"
 4668      ED76552B 
 4668      75A37E53 
 4668      61154914 
ARM GAS  C:\Users\nello\AppData\Local\Temp\ccsMT4zx.s 			page 174


 4668      D67B9293 
 4669 0079 B1FC8FA1 		.ascii	"\261\374\217\2411sr7\017\252*\326\250\342\026\237\262"
 4669      31737237 
 4669      0FAA2AD6 
 4669      A8E2169F 
 4669      B2
 4670 008a D6FE9CBB 		.ascii	"\326\376\234\273\375{\365\260}\330B\304D\015\246\235"
 4670      FD7BF5B0 
 4670      7DD842C4 
 4670      440DA69D 
 4671 009a 7187B1C4 		.ascii	"q\207\261\304\021\003\272sS8!7\276H}-k\327\337\257X"
 4671      1103BA73 
 4671      53382137 
 4671      BE487D2D 
 4671      6BD7DFAF 
 4672 00af 9BA38819 		.ascii	"\233\243\210\031\317 5x\012<\021\177\002\214\276\353"
 4672      CF203578 
 4672      0A3C117F 
 4672      028CBEEB 
 4673 00bf 8D7986FA 		.ascii	"\215y\206\372D|\375K\207\247\361\374\177\236\036\375"
 4673      447CFD4B 
 4673      87A7F1FC 
 4673      7F9E1EFD 
 4674 00cf D84B94DE 		.ascii	"\330K\224\336}Q0z\3746\325\262\177\3325k\337|\302\374"
 4674      7D51307A 
 4674      FC36D5B2 
 4674      7FDA356B 
 4674      DF7CC2FC 
 4675 00e3 9ACE4178 		.ascii	"\232\316Ax)%[Z\003+\310\000/\204W\343\270\247d\034\227"
 4675      29255B5A 
 4675      032BC800 
 4675      2F8457E3 
 4675      B8A7641C 
 4676 00f8 7091D55E 		.ascii	"p\221\325^\010\372\212\331\345\205o\037\356\3674\031"
 4676      08FA8AD9 
 4676      E5856F1F 
 4676      EEF73419 
 4677 0108 1DE78CB8 		.ascii	"\035\347\214\270\233\007\020?\237\217E\234i\212\233"
 4677      9B07103F 
 4677      9F8F459C 
 4677      698A9B
 4678 0117 97093620 		.ascii	"\227\0116 P6\342,\326p7\266\021&\234\243\362*^\211\364"
 4678      5036E22C 
 4678      D67037B6 
 4678      11269CA3 
 4678      F22A5E89 
 4679 012c 16C27B07 		.ascii	"\026\302{\007\233\254B\250\210s\015\321!Q\215x\037m"
 4679      9BAC42A8 
 4679      88730DD1 
 4679      21518D78 
 4679      1F6D
 4680 013e 22DC7C7D 		.ascii	"\"\334|}DR\261~\032;_\266\310\334\355d\013s\033\177"
 4680      4452B17E 
 4680      1A3B5FB6 
 4680      C8DCED64 
 4680      0B731B7F 
 4681 0152 7FF45352 		.ascii	"\177\364SR\275\277\301*\256\326M\316D| a\353n\366w\314"
ARM GAS  C:\Users\nello\AppData\Local\Temp\ccsMT4zx.s 			page 175


 4681      BDBFC12A 
 4681      AED64DCE 
 4681      447C2061 
 4681      EB6EF677 
 4682 0167 6ED47F65 		.ascii	"n\324\177e\023\241\032\243\273C\242\323#\303\245\221"
 4682      13A11AA3 
 4682      BB43A2D3 
 4682      23C3A591 
 4683 0177 C9F2E5F2 		.ascii	"\311\362\345\362\205\2402^\366J\327=\377\212\231\032"
 4683      85A0325E 
 4683      F64AD73D 
 4683      FF8A991A 
 4684 0187 73DC4B15 		.ascii	"s\334K\025\343\372\245s\256\011*\276{\336\233(;\323"
 4684      E3FAA573 
 4684      AE092ABE 
 4684      7BDE9B28 
 4684      3BD3
 4685 0199 43D49FCF 		.ascii	"C\324\237\317\027d:q\201g\006\213\305b\3013\005?(\030"
 4685      17643A71 
 4685      8167068B 
 4685      C562C133 
 4685      053F2818 
 4686 01ad DF113498 		.ascii	"\337\0214\230\364\335\261q\223w\210\203kS\207\272\200"
 4686      F4DDB171 
 4686      93778883 
 4686      6B5387BA 
 4686      80
 4687 01be BC7366D0 		.ascii	"\274sf\320\035(\016\271\304W\315\3046\"Z\316\210"
 4687      1D280EB9 
 4687      C457CDC4 
 4687      36225ACE 
 4687      88
 4688              		.text
 4689              		.section	.gnu.lto_chThdDequeueAllI.360.71a442c6,"e",%progbits
 4690 0000 789C5550 		.ascii	"x\234UPMh\023a\020\235\367\315n~\264(=\010\236\324\203"
 4690      4D681361 
 4690      109DF7CD 
 4690      6E7EB428 
 4690      3D089ED4 
 4691 0015 D07A3069 		.ascii	"\320z0iJ\005\361Z\260\027o\236\204\024\251\333\265\015"
 4691      4A05F15A 
 4691      B0176F9E 
 4691      8414A9DB 
 4691      B50D
 4692 0027 225B7737 		.ascii	"\"[w7\365\230\3176\271\324C\222\266\247\242Q\342\242"
 4692      F598CF36 
 4692      B9D44392 
 4692      B6A7A251 
 4692      E2A2
 4693 0039 F5E4C91A 		.ascii	"\365\344\311\032-\261\001\361^<y\354\255\204\202\024"
 4693      2DB101F1 
 4693      5E3C79EC 
 4693      AD848214 
 4694 0049 4F520A71 		.ascii	"OR\012qv\273\322\365c\177f\336{\363\315\274\351\200"
 4694      76BBD2F5 
 4694      637F66DE 
 4694      7BF3CDBC 
ARM GAS  C:\Users\nello\AppData\Local\Temp\ccsMT4zx.s 			page 176


 4694      E980
 4695 005b 6891882C 		.ascii	"h\221\210,y)EXm\256(\032\014\006\025Ca\275\271\262\337"
 4695      79294558 
 4695      6DAE281A 
 4695      0C061543 
 4695      61BDB9B2 
 4696 0070 7F731BDB 		.ascii	"\177s\033\333\210\000\016\201\2304\324r\363\271\372"
 4696      88000E81 
 4696      9834D472 
 4696      F3B9FA
 4697 007f C7D49AE7 		.ascii	"\307\324\232\347\242\277\211g\307\357\352'\030\250\242"
 4697      A2BF8967 
 4697      C7EFEA27 
 4697      18A8A2
 4698 008e 58908A32 		.ascii	"X\220\2122\350\364\254\3615\255\365\237\332\306F\367"
 4698      E8F4ACF1 
 4698      35ADF59F 
 4698      DAC646F7 
 4699 009e A2DEEC21 		.ascii	"\242\336\354!`\242\026\307\344\013\306*\007\014\030"
 4699      60A216C7 
 4699      E40BC62A 
 4699      070C18
 4700 00ad 71A47045 		.ascii	"q\244pE\"\276G#=\255w\177v\264\316R\300\214O\220\032"
 4700      22BE4723 
 4700      3DAD777F 
 4700      76B4CE52 
 4700      C08C4F90 
 4701 00c2 6C011F65 		.ascii	"l\001\037ez\001\246\337\017\207:\217F\344\362\335\203"
 4701      7A01A6DF 
 4701      0F873A8F 
 4701      46E4F2DD 
 4701      83
 4702 00d3 5867E0F3 		.ascii	"Xg\340\363\377:czk84\031w\024\214>\3740{\372xP\327\372"
 4702      FF3A637A 
 4702      6B383419 
 4702      77148C3E 
 4702      FC307BFA 
 4703 00eb FB3E5E75 		.ascii	"\373>^u\215,Dg*\371\244L\240\2034\360Etu\016mG\347r"
 4703      8D2C4467 
 4703      2AF9A44C 
 4703      A08334F0 
 4703      4574750E 
 4704 0103 94AAD314 		.ascii	"\224\252\323\024\324`N\246\207\250\355m\037\215R\025"
 4704      D4604EA6 
 4704      87A8ED6D 
 4704      1F8D5215 
 4705 0113 2AE0748B 		.ascii	"*\340t\213\245\240\315f\233\323\001g\244e\203\215\244"
 4705      A5A0CD66 
 4705      9BD30167 
 4705      A465838D 
 4705      A4
 4706 0124 FA1796D6 		.ascii	"\372\027\226\326e\315\313\347\333\214\330\266TH\364"
 4706      65CDCBE7 
 4706      DB8CD8B6 
 4706      5448F4
 4707 0133 166266F3 		.ascii	"\026bf\363j\300Y\251F7\302\306\004\312\004|\006_\361"
 4707      6AC059A9 
ARM GAS  C:\Users\nello\AppData\Local\Temp\ccsMT4zx.s 			page 177


 4707      4637C2C6 
 4707      04CA047C 
 4707      065FF1
 4708 0146 32F4508D 		.ascii	"2\364P\2154\227dd\354H\233CT_\337h\263\212:\237m\261"
 4708      34976464 
 4708      EC489B43 
 4708      545FDF68 
 4708      B38A3A9F 
 4709 015c 0A3BCB8E 		.ascii	"\012;\313\216\207\250\217j\377\333C\241\302\373S8\331"
 4709      87A88F6A 
 4709      FFDB43A1 
 4709      C2FB5338 
 4709      D9
 4710 016d 7783CDE4 		.ascii	"w\203\315\344$\277\261\264\267s\224\211\250:#i\230\350"
 4710      24BFB1B4 
 4710      B7739489 
 4710      A83A2369 
 4710      98E8
 4711 017f FAE4ADE2 		.ascii	"\372\344\255\342\344|\351A\351\256_\236-9\305\247\216"
 4711      E47CE941 
 4711      E9AE5F9E 
 4711      2D39C5A7 
 4711      8E
 4712 0190 FBC85B98 		.ascii	"\373\310[\230\261\354\373e\317v\213S\266\347\227]\373"
 4712      B1ECFB65 
 4712      CF768B53 
 4712      B6E7975D 
 4712      FB
 4713 01a1 8E3357B2 		.ascii	"\2163W\262\026'h4\227\313\313c\205\005\2167^(\024\362"
 4713      16276834 
 4713      97CBCB63 
 4713      85058E37 
 4713      5E2814F2 
 4714 01b5 8E9777FD 		.ascii	"\216\227w\375\274\347Z\202\372\363\256=3\353\345,b\377"
 4714      BCE75A82 
 4714      FAF3AE3D 
 4714      33EBE52C 
 4714      62FF
 4715 01c7 C9C28504 		.ascii	"\311\302\205\004\220\263n\216\333c\205\011\233\370\261"
 4715      90B36E8E 
 4715      DB638509 
 4715      9BF8B1
 4716 01d6 37F717EF 		.ascii	"7\367\027\357j\340\222"
 4716      6AE092
 4717              		.text
 4718              		.section	.gnu.lto_.symbol_nodes.71a442c6,"e",%progbits
 4719 0000 789C7D96 		.ascii	"x\234}\226\333nRQ\020\206\367\232\261`\331\265R(\245"
 4719      DB6E5251 
 4719      1086F79A 
 4719      B160D9B5 
 4719      5228A5
 4720 0013 40814D39 		.ascii	"@\201M9\224\026zT\253\367<J\037d \274\200\211/`\322"
 4720      94167A54 
 4720      ABF73C4A 
 4720      1F6420BC 
 4720      80892F60 
 4721 0028 A7F0C243 		.ascii	"\247\360\302CB\342\245\347c\255Z\305\363\205\336h41"
ARM GAS  C:\Users\nello\AppData\Local\Temp\ccsMT4zx.s 			page 178


 4721      42E2A5E7 
 4721      63AD5AC5 
 4721      F385DE68 
 4721      3431
 4722 003a A62E8C26 		.ascii	"\246.\214&\377\304\354\341n\362\177\353\237Yk\017k\326"
 4722      FFC4ECE1 
 4722      6EF27FEB 
 4722      9F596B0F 
 4722      6BD6
 4723 004c A5992008 		.ascii	"\245\231 \010hZ\202\343\277\277\252\273x+\010$\010\256"
 4723      685A82E3 
 4723      BFBFAABB 
 4723      782B0824 
 4723      08AE
 4724 005e F60783AD 		.ascii	"\366\007\203\255\300\005\223\037\245\304\331\300\254"
 4724      C005931F 
 4724      A5C4D9C0 
 4724      AC
 4725 006b 900DA485 		.ascii	"\220\015\244\205m`NN\330@F\246l +\011\033\310I\322\006"
 4725      6D604E4E 
 4725      D84046A6 
 4725      6C202B09 
 4725      1BC849D2 
 4726 0080 16E4A40D 		.ascii	"\026\344\244\015\344e\332\006\012\222\262\201\353NB"
 4726      E465DA06 
 4726      0A92B281 
 4726      EB4E42
 4727 008f 9BB8E164 		.ascii	"\233\270\341d\306&\016\234\2342\211\251O\024D\023\362"
 4727      C6260E9C 
 4727      9C3289A9 
 4727      4F144413 
 4727      F2
 4728 00a0 D0C9ACED 		.ascii	"\320\311\254\3555vr\332&\216\234\244m\342\212\2239\233"
 4728      357672DA 
 4728      268E9CA4 
 4728      6DE28A93 
 4728      399B
 4729 00b2 B8E92463 		.ascii	"\270\351$c\023\267I\262\377\021\327\006\003\367\017"
 4729      13B749B2 
 4729      FF11D706 
 4729      03F70F
 4730 00c1 B843326F 		.ascii	"\270C2o\001\356#IN\003A\320\277\334\237\250t\227d\301"
 4730      01EE2349 
 4730      4E0341D0 
 4730      BFDC9FA8 
 4730      749764C1 
 4731 00d5 74BF4792 		.ascii	"t\277G\2227\201\373$\213&\360\200\244`\002\017I\212"
 4731      3781FB24 
 4731      8B26F080 
 4731      A460020F 
 4731      498A
 4732 00e7 26F088A4 		.ascii	"&\360\210\244d\002\217I\226L\340)I\331\004\236\220T"
 4732      64028F49 
 4732      964CE029 
 4732      49D9049E 
 4732      9054
 4733 00f9 4CE080A4 		.ascii	"L\340\200\244j\002\317H\"\0238$\251\231\300s\222e\023"
ARM GAS  C:\Users\nello\AppData\Local\Temp\ccsMT4zx.s 			page 179


 4733      6A02CF48 
 4733      22133824 
 4733      A999C073 
 4733      926513
 4734 010c 78415237 		.ascii	"xAR7\201\227$\015\0238\"i\232\300+\222\226\011\274&"
 4734      8197240D 
 4734      13382269 
 4734      9AC02B92 
 4734      9609BC26 
 4735 0120 59318131 		.ascii	"Y1\2011I\333\004\336\220\254\232\300[\2225\023xG\322"
 4735      49DB04DE 
 4735      90AC9AC0 
 4735      5B923513 
 4735      7847D2
 4736 0133 3181F724 		.ascii	"1\201\367$]\023\370@\262n\001\3563\311\206\006\374\177"
 4736      5D13F840 
 4736      B26E01EE 
 4736      33C98606 
 4736      FC7F
 4737 0145 A6FFE73F 		.ascii	"\246\377\347?\343~\221l\306i\307$[q\332\027\222\355"
 4737      E37E916C 
 4737      C669C724 
 4737      5B71DA17 
 4737      92ED
 4738 0157 38ED1BC9 		.ascii	"8\355\033\311N\234\366\225\344L\234\366\203\344l\234"
 4738      4E9CF695 
 4738      E44C9CF6 
 4738      83E46C9C 
 4739 0167 F69DE45C 		.ascii	"\366\235\344\\\234\366\223d7N\353\263\234\217\3218\015"
 4739      9CF69364 
 4739      374EEBB3 
 4739      9C8FD138 
 4739      0D
 4740 0178 D77C8FD3 		.ascii	"\327|\217\323p\016C\307s\260\365:g\2661\312f0\232\207"
 4740      700E43C7 
 4740      73B0F53A 
 4740      67B631CA 
 4740      66309A87 
 4741 018c 71324CF2 		.ascii	"q2L\362<\314\310\221\017a\\\015S\234\203\353m\024r>"
 4741      3CCCC891 
 4741      0F615C0D 
 4741      539C83EB 
 4741      6D14723E 
 4742 01a0 44A73C5C 		.ascii	"D\247<\\m=\316\303\200\330\343\305\034\222\213\233H"
 4742      6D3DCEC3 
 4742      80D8E3C5 
 4742      1C928B9B 
 4742      48
 4743 01b1 16944B41 		.ascii	"\026\224KA\271\024v\320\245\000\236~\223E\265\260\210"
 4743      B91476D0 
 4743      A5009E7E 
 4743      9345B5B0 
 4743      88
 4744 01c2 B5A5B808 		.ascii	"\265\245\270\010+\307>\304\245!\227\324\322\022\260"
 4744      2BC73EC4 
 4744      A52197D4 
 4744      D212B0
ARM GAS  C:\Users\nello\AppData\Local\Temp\ccsMT4zx.s 			page 180


 4745 01d1 3D2EA9CA 		.ascii	"=.\251\312\227\024\271\004\332\310qY\211e\230\253\343"
 4745      9714B904 
 4745      DAC87159 
 4745      896598AB 
 4745      E3
 4746 01e2 04973165 		.ascii	"\004\2271e\222\3130\303|}eh\026_\237RC.C\233\215Ce5"
 4746      92CB30C3 
 4746      7C7D6568 
 4746      165F9F52 
 4746      432E439B 
 4747 01fa 9AE50A8C 		.ascii	"\232\345\012\214\326:W\340\315\341O\245\002\207\273"
 4747      D63A57E0 
 4747      CDE14FA5 
 4747      0287BB
 4748 0209 EF4378D3 		.ascii	"\357Cx\323\214}\010\2756J\250p\234\324j\310\025\330"
 4748      8C7D08BD 
 4748      364AA870 
 4748      9CD46AC8 
 4748      15D8
 4749 021b D0BE4F0B 		.ascii	"\320\276O\013=\354\253\250\252\315W\341\322\356q\244"
 4749      3DECABA8 
 4749      AACD57E1 
 4749      D2EE71A4 
 4750 022b 2A8C42A5 		.ascii	"*\214B\245a\022\307\021\274\251|E\021$\361\207\030\301"
 4750      6112C711 
 4750      BCA97C45 
 4750      1124F187 
 4750      18C1
 4751 023d CEF7931C 		.ascii	"\316\367\223\034\301\354\360\355YSij*M\355\2742\252"
 4751      C1ECF0ED 
 4751      5953696A 
 4751      2A4DEDBC 
 4751      32AA
 4752 024f E9AFB1AC 		.ascii	"\351\257\261\254\212_\306,\216\353J\254\303\303\241"
 4752      8A5FC62C 
 4752      8EEB4AAC 
 4752      C3C3A1
 4753 025e C775D51D 		.ascii	"\307u\325\035\015E6\262H6\002E\352]7\300t\230\340\006"
 4753      0D4536B2 
 4753      48360245 
 4753      EA5D37C0 
 4753      7498E006 
 4754 0272 1690E0A6 		.ascii	"\026\220\340\246\262m*\333&<s\367\270\251m\233\220\323"
 4754      B26D2ADB 
 4754      263C73F7 
 4754      B8A96D9B 
 4754      90D3
 4755 0284 DB3621CB 		.ascii	"\3336!\313\304\026\333(\301-\225\245u\001\263\264\324"
 4755      C416DB28 
 4755      C12D95A5 
 4755      7501B3B4 
 4755      D4
 4756 0295 3657D439 		.ascii	"6W\3249\257\300'\362\015\207\242?\274\266b\333\273\212"
 4756      AFC027F2 
 4756      0D87A23F 
 4756      BCB662DB 
 4756      BB8A
ARM GAS  C:\Users\nello\AppData\Local\Temp\ccsMT4zx.s 			page 181


 4757 02a7 6DC3BDE4 		.ascii	"m\303\275\344+X\205^\365\325\257\355(\247\216\252\257"
 4757      2B58855E 
 4757      F5D5AFED 
 4757      28A78EAA 
 4757      AF
 4758 02b8 0393A8C7 		.ascii	"\003\223\250\307\035U_W\345\354\352\234]\270\341\374"
 4758      1D555F57 
 4758      E5ECEA9C 
 4758      5DB8E1FC 
 4759 02c8 21747509 		.ascii	"!tu\011\353\360\336\356\361zZ-\335\200\260\316\033\200"
 4759      EBF0DEEE 
 4759      F17A5A2D 
 4759      DD80B0CE 
 4759      1B80
 4760 02da EE05BF01 		.ascii	"\356\005\277\001\273\3036H"
 4760      BBC33648 
 4761              		.text
 4762              		.section	.gnu.lto_.refs.71a442c6,"e",%progbits
 4763 0000 789C9366 		.ascii	"x\234\223f```\344e\340cd`\022e\022\023``\342\023c`\222"
 4763      606060E4 
 4763      65E06364 
 4763      60126512 
 4763      136060E2 
 4764 0018 6212E303 		.ascii	"b\022\343\003\262\204\030\030\000\017~\001\002"
 4764      B2841818 
 4764      000F7E01 
 4764      02
 4765              		.text
 4766              		.section	.gnu.lto_.decls.71a442c6,"e",%progbits
 4767 0000 789C9D7B 		.ascii	"x\234\235{\013T\024g\266n\377\365W5\320\200\020\361"
 4767      0B541467 
 4767      B66EFFF5 
 4767      5735D080 
 4767      10F1
 4768 0012 91A7F1CC 		.ascii	"\221\247\361\3142\023g\326$>\342$\231s\327]7\03133'"
 4768      321367D6 
 4768      243EE224 
 4768      9973D75D 
 4768      37193333 
 4769 0027 67267332 		.ascii	"g&s2!s\222\231;\3672\004Z A`\232F\315Yg\235\333(\212"
 4769      21739299 
 4769      3BF73204 
 4769      5A204160 
 4769      9A46CD59 
 4770 0040 8020E20B 		.ascii	"\200 \342\013\005\005\237\370\026\361\001\212\"/\005"
 4770      05059FF8 
 4770      16F1018A 
 4770      222F05
 4771 004f 44111504 		.ascii	"D\021\025\004\025QQ\020\025\004\021\025A\345\356\375"
 4771      15515110 
 4771      15041115 
 4771      41E5EEFD 
 4772 005f FFF5EAEE 		.ascii	"\377\365\352\3562\361^V\266]U\375\355\367\376\367\277"
 4772      32F15E56 
 4772      B65D55FD 
 4772      EDF7FEF7 
 4772      BF
ARM GAS  C:\Users\nello\AppData\Local\Temp\ccsMT4zx.s 			page 182


 4773 0070 ABBAF2D9 		.ascii	"\253\272\362\331t\223\351\221\267\311tr\244\3114\014"
 4773      7493E991 
 4773      B7C97472 
 4773      A4C9340C 
 4774 0080 7FEF9A4C 		.ascii	"\177\357\232L\2463&\355\357C\240\343@\365@\027\200."
 4774      A63326ED 
 4774      EF43A0E3 
 4774      40F54017 
 4774      802E
 4775 0092 03B50175 		.ascii	"\003\265\001u\000\365\000=\000\032\004z\206`b2Q \011"
 4775      00F5003D 
 4775      001A047A 
 4775      86606232 
 4775      512009
 4776 00a5 C817E865 		.ascii	"\310\027\350e\240\237\002\375\034\350\035\240I@\323"
 4776      A09F02FD 
 4776      1CE81DA0 
 4776      4940D3
 4777 00b4 817E0FF4 		.ascii	"\201~\017\364\031\320\277\001\375\011(\020(\024(\034"
 4777      19D0BF01 
 4777      FD092810 
 4777      2814281C 
 4778 00c4 E85BA028 		.ascii	"\350[\240( \033\220\035h\016\320\177\002\375\027\220"
 4778      201B901D 
 4778      680ED07F 
 4778      02FD1790 
 4779 00d4 03280128 		.ascii	"\003(\001(\011(\005(\003h%P6\320Z\240\\\240M@y@[\201"
 4779      09280528 
 4779      03682550 
 4779      36D05AA0 
 4779      5CA04D40 
 4780 00ec B603ED03 		.ascii	"\266\003\355\003:\000T\014T\011t\034\350\004P#P\023"
 4780      3A00540C 
 4780      5409741C 
 4780      E8045023 
 4780      5013
 4781 00fe D005C2CC 		.ascii	"\320\005\302\3146\025\013&\247\277T\364\003>!,\246Q"
 4781      36150B26 
 4781      A7BF54F4 
 4781      033E212C 
 4781      A651
 4782 0110 40954025 		.ascii	"@\225@%@\341\362\367D\216\213\353\337:\370\302\014\237"
 4782      40E1F2F7 
 4782      448E8BEB 
 4782      DF3AF8C2 
 4782      0C9F
 4783 0122 753A5EE4 		.ascii	"u:^\344{\333\205\267\336\200w\257\2543\\\307{\030\354"
 4783      7BDB85B7 
 4783      DE8077AF 
 4783      AC335CC7 
 4783      7B18EC
 4784 0135 1A906D7C 		.ascii	"\032\220m|$\177^0\340-6\320\253\360\206\233\234\371"
 4784      247F5E30 
 4784      E02D36D0 
 4784      ABF0869B 
 4784      9CF9
 4785 0147 2F1BF01F 		.ascii	"/\033\360\037{A\335m\006\274\247\\b\365<\275\035\006"
ARM GAS  C:\Users\nello\AppData\Local\Temp\ccsMT4zx.s 			page 183


 4785      7B41DD6D 
 4785      06BCA75C 
 4785      62F53CBD 
 4785      1D06
 4786 0159 BC570CF4 		.ascii	"\274W\014\364\036\001\376\373p\035S\322\007\237\367"
 4786      1E01FEFB 
 4786      701D53D2 
 4786      079FF7
 4787 0168 64FE1E03 		.ascii	"d\376\036\003\376;\360\205\247\213\337G\005.\243\004"
 4787      FE3BF085 
 4787      A78BDF47 
 4787      052EA304 
 4788 0178 A854D0EC 		.ascii	"\250T\320\354\350\223\345<0\220\363\340\377\301\216"
 4788      E893E53C 
 4788      3090F3E0 
 4788      FFC18E
 4789 0187 4103FEA7 		.ascii	"A\003\376\247.1PxQ\236+\3773\003~\"\3740?\362*\366\363"
 4789      2E315078 
 4789      519E2BFF 
 4789      33037E22 
 4789      FC303FF2 
 4790 019e 7F9CFFFE 		.ascii	"\177\234\377\376\247\300\363\257\257\2712\270\366\013"
 4790      A7C0F3AF 
 4790      AFB932B8 
 4790      F60B
 4791 01ac A2D51DCA 		.ascii	"\242\325\035\312yG^\017\256\177\0362\277\336\377\237"
 4791      79475E0F 
 4791      AE7F1E32 
 4791      BFDEFF9F 
 4792 01bc C2B50AA0 		.ascii	"\302\265\012\240jymP\023_\337up~Fp\227\341\375\2022"
 4792      6A796D50 
 4792      135FDF75 
 4792      707E4670 
 4792      97E1FD82 
 4793 01d1 24594683 		.ascii	"$YF\203\300]\271\344\"+\350\005}\231$\367\025\327\277"
 4793      C05DB9E4 
 4793      222BE805 
 4793      7D9924F7 
 4793      15D7BF
 4794 01e4 D7E04B0F 		.ascii	"\327\340K\017\035\177\013\234_\006:\004\264E\320b\272"
 4794      1D7F0B9C 
 4794      5F063A04 
 4794      B445D062 
 4794      BA
 4795 01f5 0FFED928 		.ascii	"\017\376\331(\333\340\373\234>0\305\305\2261\204\313"
 4795      DBE0FB9C 
 4795      3E30C5C5 
 4795      963184CB 
 4796 0205 9BA9ABAB 		.ascii	"\233\251\253\253pY\306\313\006\266\374Y\266E\037\023"
 4796      7059C6CB 
 4796      06B6FC59 
 4796      B6451F13 
 4797 0215 EC25AD70 		.ascii	"\354%\255p\375u\023_\363\212??\227\373\025^\272\352"
 4797      FD75135F 
 4797      F38A3F3F 
 4797      97FB155E 
 4797      BAEA
ARM GAS  C:\Users\nello\AppData\Local\Temp\ccsMT4zx.s 			page 184


 4798 0227 62C76770 		.ascii	"b\307gp\356\347\"\347\006\\{C\266\007\353\345\272\\"
 4798      EEE722E7 
 4798      065C7B43 
 4798      B607EBE5 
 4798      BA5C
 4799 0239 33EDF0F9 		.ascii	"3\355\360\371\324\304m4\003u\000\205\021\036\37368\016"
 4799      D4C46D34 
 4799      03750085 
 4799      111EFB36 
 4799      380E
 4800 024b 01F212F8 		.ascii	"\001\362\022\3709\366g\254\307\355\262\336\273.z\023"
 4800      39F667AC 
 4800      C7EDB2DE 
 4800      BB2E7A13 
 4801 025b 5187412C 		.ascii	"Q\207A,\177\005\340\251\204\353=,\307\343k\240/\201"
 4801      7F05E0A9 
 4801      84EB3D2C 
 4801      C7E36BA0 
 4801      2F81
 4802 026d F610EEDB 		.ascii	"\366\020\356\333\0308~(\3605\212\375o\244\234\203\005"
 4802      18387E28 
 4802      F0358AFD 
 4802      6FA49C83 
 4802      05
 4803 027e B29D8FE0 		.ascii	"\262\235\217\340\363\261\211\367\212\0018n\206\343\307"
 4803      F3B189F7 
 4803      8A01386E 
 4803      86E3C7
 4804 028d F07957F6 		.ascii	"\360yW\366\323\037\350op\376\027\240@\240o\201\276\001"
 4804      D31FE86F 
 4804      70FE17A0 
 4804      40A06F81 
 4804      BE01
 4805 029f FA5F4033 		.ascii	"\372_@3\200B\321/\201\327\313\377F\275@\011@\301@\337"
 4805      8042D12F 
 4805      81D7CBFF 
 4805      46BD4009 
 4805      40C140DF 
 4806 02b3 01FD1D48 		.ascii	"\001\375\035H4\361=\007\327,\366M\243\036\262R\316\205"
 4806      34F13D07 
 4806      D72CF64D 
 4806      A31EB252 
 4806      CE85
 4807 02c5 DE473304 		.ascii	"\336G3\004\347\257r\276_\201\343\257e\037\302L\334w"
 4807      E7AF72BE 
 4807      5F81E3AF 
 4807      651FC24C 
 4807      DC77
 4808 02d7 09AEBD4A 		.ascii	"\011\256\275J\271\337\277\001\372\245\300k\3755\270"
 4808      B9DFBF01 
 4808      FAA5C06B 
 4808      FD35B8
 4809 02e6 F63AD01B 		.ascii	"\366:\320\033@#\201\306\001\275\0114\236j5\370k\242"
 4809      402381C6 
 4809      01BD0934 
 4809      9E6A35F8 
 4809      6BA2
ARM GAS  C:\Users\nello\AppData\Local\Temp\ccsMT4zx.s 			page 185


 4810 02f8 F947E1FA 		.ascii	"\371G\341\372\260\300k(\022h:\320'@\323\200\236\001"
 4810      B0C06B28 
 4810      12683AD0 
 4810      2740D380 
 4810      9E01
 4811 030a 7D082400 		.ascii	"}\010$\000\346\2371\346@\376p\374\022\220\310\026#\317"
 4811      E69F31E6 
 4811      40FE70FC 
 4811      1290C816 
 4811      23CF
 4812 031c A1B29F4E 		.ascii	"\241\262\237N\227{\325D\352^\3079\230s\003\037\321N"
 4812      977BD544 
 4812      EA5EC739 
 4812      9873031F 
 4812      D14E
 4813 032e 01F87E06 		.ascii	"\001\370~\006\237\377\252[_\0307\334\237q\275\243|I"
 4813      9FFFAA5B 
 4813      5F1837DC 
 4813      9F71BDA3 
 4813      7C49
 4814 0340 AE8F49D4 		.ascii	"\256\217I\324Y\356\206\347\310U\344)\265\247\310E\366"
 4814      59EE86E7 
 4814      C855E429 
 4814      B5A7C845 
 4814      F6
 4815 0351 3FC932B7 		.ascii	"?\3112\267\033\254\227<\300\373\274\200\235\223)_\227"
 4815      1BAC973C 
 4815      C0FBBC80 
 4815      9D93295F 
 4815      97
 4816 0362 8774B2B1 		.ascii	"\207t\262\261\177\006\352l.\326\331=\325\305\356\032"
 4816      7F06EA6C 
 4816      2ED6D93D 
 4816      D5C5EE1A 
 4817 0372 839C636E 		.ascii	"\203\234cn\377.\327\365_\011\317?\346\036\363\256\350"
 4817      FF2ED7F5 
 4817      5F09CF3F 
 4817      E61EF3AE 
 4817      E8
 4818 0383 C77C634D 		.ascii	"\307|cM\350s>\322%\277\330\353\336\243<\317\256vZL\306"
 4818      E8733ED2 
 4818      25BFD8EB 
 4818      DEA33CCF 
 4818      AE765A4C 
 4819 0398 B9C63CBB 		.ascii	"\271\306<\273\346\030\371Be\177\224\374*>az\377\233"
 4819      E618F942 
 4819      657F94FC 
 4819      2A3E617A 
 4819      FF9B
 4820 03aa 419ECF18 		.ascii	"A\236\317\030\344C\261\335(f\230\347pY\207>^\277v\211"
 4820      E443B1DD 
 4820      286698E7 
 4820      7059873E 
 4820      5EBF7689 
 4821 03be 57A381DC 		.ascii	"W\243\201\334\327]\3422R\327\023\203\344\376\362-\321"
 4821      D75DE232 
 4821      52D71383 
ARM GAS  C:\Users\nello\AppData\Local\Temp\ccsMT4zx.s 			page 186


 4821      E4FEF22D 
 4821      D1
 4822 03cf 6642BCFE 		.ascii	"fB\274\376\211\213\\\214\331\313&\347\276\246\310\306"
 4822      898B5C8C 
 4822      D9CB26E7 
 4822      BEA6C8C6 
 4823 03df DEA2ACC1 		.ascii	"\336\242\254\3010\003]\330g\364\375\016\373\315o\000"
 4823      30035DD8 
 4823      67F4FD0E 
 4823      FBCD6F00 
 4824 03ef 3396F0F5 		.ascii	"3\226\360\365\372\025\320o\341\274B\336\233\203\344"
 4824      FA15D06F 
 4824      E1BC42DE 
 4824      9B83E4
 4825 03fe 1E122CF7 		.ascii	"\036\022,\367\021\253\334\233\243d\033M\262\235\330"
 4825      11ABDC9B 
 4825      A3641B4D 
 4825      B29DD8
 4826 040d C7714EAC 		.ascii	"\307qN\254\224m\376\314\305\346[\002\2379\3646c\037"
 4826      946DFECC 
 4826      C5E65B02 
 4826      9F39F436 
 4826      631F
 4827 041f 56ECFB23 		.ascii	"V\354\373#|\376C\256md\265\313\362m\006\365\216\266"
 4827      7CFE43AE 
 4827      6D64B5CB 
 4827      F26D06F5 
 4827      8EB6
 4828 0431 BF6920AB 		.ascii	"\277i \253E\356\2538\327`\3160\036\177\225c\362o \324"
 4828      45EEAB38 
 4828      D760CE30 
 4828      1E7F9563 
 4828      F26F20D4 
 4829 0445 8768FD1D 		.ascii	"\207h\375\035\373\347\347p\255\335\244\255\267?\301"
 4829      FBE7E770 
 4829      ADDDA4AD 
 4829      B73FC1
 4830 0454 790B9C7F 		.ascii	"y\013\234\177\001\237\201\224\307k\214\313\376\360%"
 4830      019F8194 
 4830      C76B8CCB 
 4830      FEF025
 4831 0463 5CAF215C 		.ascii	"\\\257!\\>\356\011>r\337\014\222\343\023,\373\211v\343"
 4831      3EEE093E 
 4831      72DF0C92 
 4831      E3132CFB 
 4831      8976E3
 4832 0476 FE88F31B 		.ascii	"\376\210\363\033\256Y\234\037\033\345x\235\220c\364"
 4832      AE599C1F 
 4832      1BE5789D 
 4832      9063F4
 4833 0485 EF2E31BA 		.ascii	"\357.1\272\007\274\257\032\370\204~(>\035\326\371\242"
 4833      07BCAF1A 
 4833      F8847E28 
 4833      3E1DD6F9 
 4833      A2
 4834 0496 CF2DE655 		.ascii	"\317-\346U\261\033}\303}\345+8\276\246\267\031\367\033"
 4834      B11B7DC3 
ARM GAS  C:\Users\nello\AppData\Local\Temp\ccsMT4zx.s 			page 187


 4834      7DE52B38 
 4834      BEA6B719 
 4834      F71B
 4835 04a8 ECBF722D 		.ascii	"\354\277r-\243\274oe\373q\317\370J\320|B\037\346\310"
 4835      A3BC6F65 
 4835      FB71CFF8 
 4835      4AD07C42 
 4835      1FE6C8
 4836 04bb 3E601ED0 		.ascii	">`\036\320\3666\023\267\035\363\035%\373\020\344\342"
 4836      F63613B7 
 4836      1DF31D25 
 4836      FB10E4E2 
 4837 04cb 03EE45BE 		.ascii	"\003\356E\276:\037\246\312>`?0\262[\331\377\320\036"
 4837      3A1FA6CA 
 4837      3E603F30 
 4837      B25BD9FF 
 4837      D01E
 4838 04dd 5C573304 		.ascii	"\\W3\004\347\375\013k\360?uv4\351\326\205\325E\367S"
 4838      E7FD0B6B 
 4838      F03F7576 
 4838      34E9D685 
 4838      D545F753 
 4839 04f1 79BD19AD 		.ascii	"y\275\031\255\013\247^$p\376o\344\365\366_\272\365\346"
 4839      0BA75E24 
 4839      70FE6FE4 
 4839      F5F65FBA 
 4839      F5E6
 4840 0503 FA47A87B 		.ascii	"\372G\250{\335V\352\344\315\300\276-\363\241\375\016"
 4840      DD56EAE4 
 4840      CDC0BE2D 
 4840      F3A1FD0E 
 4841 0513 59D6CF9F 		.ascii	"Y\326\317\237#\317\213r9zy%\262\314\267uyV\344+3\\\030"
 4841      23CF8B72 
 4841      397A7925 
 4841      B2CCB775 
 4841      7956E42B 
 4842 052a 9C1FD3D5 		.ascii	"\234\037\323\325\246^/\256\307\004Y/\316w\307\345Z{"
 4842      A65E2FAE 
 4842      C704592F 
 4842      CE77C7E5 
 4842      5A7B
 4843 053c 9E0D01C0 		.ascii	"\236\015\001\300\033\340\242_\321\373\266\201\356p8"
 4843      1BE0A25F 
 4843      D1FBB681 
 4843      EE7038
 4844 054b 3FADD3AD 		.ascii	"?\255\323\255\330\242\330\240\364E\214S\222\316\216"
 4844      D8A2D8A0 
 4844      F4458C53 
 4844      92CE8E
 4845 055a 7AD90EB4 		.ascii	"z\331\016\264\347y\266\214\225\367\343p\235^%\226)\262"
 4845      E779B68C 
 4845      95F7E370 
 4845      9D5E2596 
 4845      29B2
 4846 056c AC0BCFE1 		.ascii	"\254\013\317\341}\013\360#L\316\353\345[\312s\256\324"
 4846      7D0BF023 
 4846      4CCEEBE5 
ARM GAS  C:\Users\nello\AppData\Local\Temp\ccsMT4zx.s 			page 188


 4846      5BCA73AE 
 4846      D4
 4847 057d 5A04D5D6 		.ascii	"Z\004\325\326<\256\003\254\205\032\331f\324\213\365"
 4847      3CAE03AC 
 4847      851AD966 
 4847      D48BF5
 4848 058c EE2968B3 		.ascii	"\356)h\263]\206\\k\312\032\375\207K\215Mr\211\235\242"
 4848      5D865C6B 
 4848      CA1AFD87 
 4848      4B8D4D72 
 4848      899DA2
 4849 059f 13F3D7A2 		.ascii	"\023\363\327\242\353=\212~%fz;\364s\2542W+v\240\337"
 4849      EB3D8A7E 
 4849      25667A3B 
 4849      F473AC32 
 4849      572B76A0 
 4850 05b4 2B651B30 		.ascii	"+e\0330v\312l\033\353b\307\257\340\334\333\344\\Gh\207"
 4850      76CA6C1B 
 4850      EB62C7AF 
 4850      E0DCDBE4 
 4850      5C476887 
 4851 05c8 D233F4FA 		.ascii	"\3223\364\372\224\376\246\350A_\361\030\237\001(3l\234"
 4851      94FEA6E8 
 4851      415FF118 
 4851      9F012833 
 4851      6C9C
 4852 05da 8BFCFF4E 		.ascii	"\213\374\377N\335\327\222\253|\334\033\017\311yAyk\345"
 4852      DDD792AB 
 4852      7CDC1B0F 
 4852      C9794179 
 4852      6BE5
 4853 05ec FD102FCD 		.ascii	"\375\020/\315v\221\367\361\017\310S\362>\007>\263t\371"
 4853      7691F7F1 
 4853      0FC853F2 
 4853      3E073EB3 
 4853      74F9
 4854 05fe CF95F3BF 		.ascii	"\317\225\363\277\3669\371\377=\340G\273\344\002\347"
 4854      F639F9FF 
 4854      3DE047BB 
 4854      E402E7
 4855 060d 7BD75CE8 		.ascii	"{\327\\\350\373\277\222\017e\356W\346i\327\234\240\272"
 4855      FBBF920F 
 4855      65EE57E6 
 4855      69D79CA0 
 4855      BA
 4856 061e 36B9FF6C 		.ascii	"6\271\377l\322\345\003g\342}\006\266\240|_\223\361\275"
 4856      D2E50367 
 4856      E27D06B6 
 4856      A07C5F93 
 4856      F1BD
 4857 0630 C611D916 		.ascii	"\306\021\331\026E\347\367\200\355\207\363\377\200\317"
 4857      45E7F780 
 4857      ED87F3FF 
 4857      80CF
 4858 063e B788A60B 		.ascii	"\267\210\246\013C\206\317a\360^\373\247\006:\002_@\207"
 4858      4386CF61 
 4858      F05EFBA7 
ARM GAS  C:\Users\nello\AppData\Local\Temp\ccsMT4zx.s 			page 189


 4858      063A025F 
 4858      4087
 4859 0650 22D35597 		.ascii	"\"\323U\227^\007>\347\371)1\276\247\317\242B{Ck\225"
 4859      5E073EE7 
 4859      F92931BE 
 4859      A7CFA242 
 4859      7B436B95 
 4860 0664 A59DEB17 		.ascii	"\245\235\353\027C\011!\315\357\303?\026\323_\251i\224"
 4860      430921CD 
 4860      EFC33F16 
 4860      D35FA969 
 4860      94
 4861 0675 437008E6 		.ascii	"Cp\010\346P*X\250\205\206Z\252\311\270\211\375\364#"
 4861      502A58A8 
 4861      85865AAA 
 4861      C9B889FD 
 4861      F423
 4862 0687 4F61A29F 		.ascii	"Oa\242\237\305sK\005\361\267H\236\202\320\351\021j\231"
 4862      C5734B05 
 4862      F1B7489E 
 4862      82D0E911 
 4862      6A99
 4863 0699 38487608 		.ascii	"8Hv\010\271\346\361\0379\304\320E\243;=\034B\372\037"
 4863      B9E6F11F 
 4863      39C4D045 
 4863      A33B3D1C 
 4863      42FA1F
 4864 06ac 47BDF711 		.ascii	"G\275\367\021\374\333\351QMB\201\353s\321\323\037\216"
 4864      FCDBE951 
 4864      4D4281EB 
 4864      73D1D31F 
 4864      8E
 4865 06bd 3A3D2CFD 		.ascii	":=,\37547\325\034zJX\3706\251&\226\320\251\243\034\016"
 4865      3437D51C 
 4865      7A4A58F8 
 4865      36A92696 
 4865      D0A9A31C 
 4866 06d2 C7479E9E 		.ascii	"\307G\236\236\343\374\312i9\375-,\013\317\374]\243-"
 4866      E3FCCA69 
 4866      39FD2D2C 
 4866      0BCFFC5D 
 4866      A32D
 4867 06e4 9D1E7E20 		.ascii	"\235\036~ bb\350x\377\320\361~\325D\012\015\265\214"
 4867      6262E878 
 4867      FFD0F17E 
 4867      D5440A0D 
 4867      B58C
 4868 06f6 9A680223 		.ascii	"\232h\002#B\247N\375H\260\200d\321\263\232L\245\304"
 4868      42A74EFD 
 4868      48B08064 
 4868      D1B39A4C 
 4868      A5C4
 4869 0708 67AAE3DA 		.ascii	"g\252\343\332\235\261\026\311\3425n\374D\030\006M\277"
 4869      9DB116C9 
 4869      E2356EFC 
 4869      4418064D 
 4869      BF
ARM GAS  C:\Users\nello\AppData\Local\Temp\ccsMT4zx.s 			page 190


 4870 0719 15402E1D 		.ascii	"\025@.\035V\376\210\007\350\014\325N\011\231h\021\246"
 4870      56FE8807 
 4870      E80CD54E 
 4870      09996811 
 4870      A6
 4871 072a 0AF4F79D 		.ascii	"\012\364\367\235\320G\005a<\364p\321\323\307\2078\340"
 4871      D0470561 
 4871      3CF470D1 
 4871      D3C78738 
 4871      E0
 4872 073b C32BE8F7 		.ascii	"\303+\350\367\241\237O\265\230:\341V_\020F\211\304!"
 4872      A19F4FB5 
 4872      983AE156 
 4872      5F104689 
 4872      C421
 4873 074d 108DD362 		.ascii	"\020\215\323b\206\260\312\263$K\243S\316\360D\303\232"
 4873      86B0CAB3 
 4873      244BA353 
 4873      CEF044C3 
 4873      9A
 4874 075e B4EF798B 		.ascii	"\264\357y\213S\261\304-\323\274$\010'Aw\325\211M'\234"
 4874      53B1C42D 
 4874      D3BC2408 
 4874      274177D5 
 4874      894D279C 
 4875 0772 B8B013FC 		.ascii	"\270\260\023\374\303\177\365\014\232\215\252~A5\213"
 4875      C37FF50C 
 4875      9A8DAA7E 
 4875      41358B
 4876 0781 681017C3 		.ascii	"h\020\027\303\231\024\242\030\344\376G\225\262)[z)Q"
 4876      9914A218 
 4876      E4FE4795 
 4876      B2295B7A 
 4876      2951
 4877 0793 EA80B039 		.ascii	"\352\200\26092G\221\321\351\037\301\326\371\232\211"
 4877      324791D1 
 4877      E91FC1D6 
 4877      F99A89
 4878 07a2 BE6D9AE4 		.ascii	"\276m\232\344`\177ma&R\310%|\355\235A\311\333,\220~"
 4878      607F6D61 
 4878      2652C825 
 4878      7CED9D41 
 4878      C9DB2C90 
 4879 07b7 ECC844A3 		.ascii	"\354\310D\243Lp0\222\210\360\357(2\036\244\355\235\267"
 4879      4C703092 
 4879      88F0EF28 
 4879      321EA4ED 
 4879      9DB7
 4880 07c9 76A98FA5 		.ascii	"v\251\217\245\324\341\350"
 4880      D4E1E8
 4881 07d0 75942678 		.ascii	"u\224&x\231\310\021B\016\203\025\305\004\340E\204\034"
 4881      99C81142 
 4881      0E8315C5 
 4881      04E04584 
 4881      1C
 4882 07e1 22E42001 		.ascii	"\"\344 \001\330\375\345\217\272)\366\012RBH4\\x\366"
 4882      D8FDE58F 
ARM GAS  C:\Users\nello\AppData\Local\Temp\ccsMT4zx.s 			page 191


 4882      BA29F60A 
 4882      52424834 
 4882      5C78F6
 4883 07f4 78E73E3F 		.ascii	"x\347>?\345\302Q\302\244\012L\252?\235\203f\326U\227"
 4883      E5C251C2 
 4883      A40A4CAA 
 4883      3F9D8366 
 4883      D65597
 4884 0807 3E1CE12E 		.ascii	">\034\341.\270\302E\360\371\242\201Ti,\330\335\345p"
 4884      B8C245F0 
 4884      F9A28154 
 4884      692CD8DD 
 4884      E570
 4885 0819 8C229584 		.ascii	"\214\"\225\204\224\023R\206A8\006\340R8\370Iz\272c`"
 4885      94135286 
 4885      413806E0 
 4885      5238F849 
 4885      7ABA6360 
 4886 082d 4DF2C3F5 		.ascii	"M\362\303\365o7%&:\352\001\231N\360[r\200\200\034\026"
 4886      6F372526 
 4886      3AEA0199 
 4886      4EF05B72 
 4886      80801C16 
 4887 0841 CB037061 		.ascii	"\313\003pa?!\373\310\327\033\377\211\266\022\323\217"
 4887      3F21FBC8 
 4887      D71BFF89 
 4887      B612D38F 
 4888 0851 DA5B8D9A 		.ascii	"\332[\215\2323\226\267\035\360R\256\324\020\332\203"
 4888      3396B71D 
 4888      F052AED4 
 4888      10DA83
 4889 0860 8CE643C9 		.ascii	"\214\346C\311\3736\210\257\021\002\377y\011\244\216"
 4889      FB3688AF 
 4889      1102FF79 
 4889      09A48E
 4890 086f CC85F284 		.ascii	"\314\205\362\204\017\360\243\323\221\340c\"\357\221"
 4890      0FF0A3D3 
 4890      91E06322 
 4890      EF91
 4891 087d C926524B 		.ascii	"\311&RK\340\222\211\234$\344\024J\272\260'\343\212Y"
 4891      E092899C 
 4891      24E4144A 
 4891      BAB027E3 
 4891      8A59
 4892 088f F5A14EF3 		.ascii	"\365\241N\363\3414\200N\310>\364\236\\\2342\202\233"
 4892      E134804E 
 4892      C83EF49E 
 4892      5C9C3282 
 4892      9B
 4893 08a0 0FD74995 		.ascii	"\017\327I\225j}\225j\375\235\361\364\001\344h\256\200"
 4893      6A7D956A 
 4893      FD9DF1F4 
 4893      01E468AE 
 4893      80
 4894 08b1 1E546E1C 		.ascii	"\036Tn\034\270M\003xNK9\362,!\347d6\232\314@[\363\373"
 4894      B84D0378 
 4894      4E4B39F2 
ARM GAS  C:\Users\nello\AppData\Local\Temp\ccsMT4zx.s 			page 192


 4894      2C21E764 
 4894      369ACC40 
 4895 08c8 977A3883 		.ascii	"\227z8\203\0324\020\000\326\337+N\224|X\026r\313E\322"
 4895      1A341000 
 4895      D6DF2B4E 
 4895      947C5816 
 4895      72CB45D2 
 4896 08dc 48E43C98 		.ascii	"H\344<\230\310y\302\000k\217\247\346\362\270\234\347"
 4896      C879C200 
 4896      6B8FA7E6 
 4896      F2B89CE7 
 4897 08ec 81AADF74 		.ascii	"\201\252\337t\272@P\235\011W}i\0063\233d_\212\2323\016"
 4897      BA40509D 
 4897      09577D69 
 4897      06339B64 
 4897      5F8A9A33 
 4898 0901 CEF7706C 		.ascii	"\316\367pl\001\324\277\300\027\344\214\352\314\031\325"
 4898      01D4BFC0 
 4898      17E48CEA 
 4898      CC19D5
 4899 0910 9973E3E9 		.ascii	"\231s\343\351Q\301PC\326\336\302G\304(\\-\300|IV\221"
 4899      51C15043 
 4899      D6DEC247 
 4899      C4285C2D 
 4899      C07C4956 
 4900 0925 7F677EA2 		.ascii	"\177g~\242\303\037\242_*\302urQ\325pQ\325P8\236\326"
 4900      C31FA25F 
 4900      2AC27572 
 4900      51D57051 
 4900      D550389E 
 4901 093a 1B6BD8D8 		.ascii	"\033k\330\330\277\372\251Y\271p\005S\324pd\333n/\003"
 4901      BFFAA959 
 4901      B9700553 
 4901      D47064DB 
 4901      6E2F03
 4902 094d AFAE81B4 		.ascii	"\257\256\201\264\253\212\312\205\211\252\312k\204\264"
 4902      AB8ACA85 
 4902      89AACA6B 
 4902      84B4
 4903 095b AA2A5B55 		.ascii	"\252*[U\225\313\307\323\313\306*3j\013ok\012\316kNA"
 4903      95CBC7D3 
 4903      CBC62A33 
 4903      6A0B6F6B 
 4903      0ACE6B4E 
 4904 0970 83273794 		.ascii	"\203'7\224\032\310\251JSj\240\235\220\353\252\206\353"
 4904      1AC8A94A 
 4904      536AA09D 
 4904      90EBAA86 
 4904      EB
 4905 0981 AA869E37 		.ascii	"\252\206\2367i\227`\242\203LK[\377\316<\3019\275\235"
 4905      699760A2 
 4905      834C4B5B 
 4905      FFCE3CC1 
 4905      39BD9D
 4906 0994 84DC526A 		.ascii	"\204\334Rj`\036E\320\322\023Iw,\316\240\333\032\010"
 4906      601E45D0 
 4906      D2134977 
ARM GAS  C:\Users\nello\AppData\Local\Temp\ccsMT4zx.s 			page 193


 4906      2CCEA0DB 
 4906      1A08
 4907 09a6 A574CFAB 		.ascii	"\245t\317\253\366\324j\340\216V\003]\274\006\266\324"
 4907      F6D46AE0 
 4907      8E56035D 
 4907      BC06B6D4 
 4908 09b6 B76C19C1 		.ascii	"\267l\031\301\234\351\2223tl\3735?\203h\335\0053\273"
 4908      9CE99233 
 4908      746CFB35 
 4908      3F8368DD 
 4908      0533BB
 4909 09c9 155F4A12 		.ascii	"\025_J\022\325z\276K\310M\325\227\233\252/Mo\3224fb"
 4909      D57ABE4B 
 4909      C84DD597 
 4909      9BAA2F4D 
 4909      6FD23466 
 4910 09de CB8DBEFB 		.ascii	"\313\215\276\373\334\304Rc\023\323\236\246~\244YxO\263"
 4910      DCC45263 
 4910      13D39EA6 
 4910      7EA45978 
 4910      4FB3
 4911 09f0 B08F5B78 		.ascii	"\260\217[x\257\374Z\2357\263\260\217[xl\347\362>\213"
 4911      AFFC5A9D 
 4911      37B3B08F 
 4911      5B786CE7 
 4911      F23E8B
 4912 0a03 510DF583 		.ascii	"Q\015\365\203\366\373JB\037k\011\355'\244W5\261W5q\377"
 4912      F6FB4A42 
 4912      1F6B09ED 
 4912      27A45735 
 4912      B1573571 
 4913 0a18 9B34971A 		.ascii	"\2334\227\032\306`\361\362\241<o\345\302#\254!\307\243"
 4913      C660F1F2 
 4913      A13C6FE5 
 4913      C223AC21 
 4913      C7A3
 4914 0a2a A1679E06 		.ascii	"\241g\236\006Qy\014\322\006\024\225iI\252\312\307\204"
 4914      51790CD2 
 4914      06149569 
 4914      49AACAC7 
 4914      84
 4915 0a3b 3C54553E 		.ascii	"<TU>TU\246\277I\363\215U\266\355\337\263E\353#]\232"
 4915      5455A6BF 
 4915      49F38D55 
 4915      B6EDDFB3 
 4915      45EB235D 
 4916 0a50 534F81F9 		.ascii	"SO\201\371\211\022\367\242[j\015=%dH\3250\244j\2709"
 4916      8912F7A2 
 4916      5B6A0D3D 
 4916      256448D5 
 4916      30A46AB8 
 4917 0a65 8E1EA3DC 		.ascii	"\216\036\243\334\234g\2329\000\036V\301\303*\370\304"
 4917      9C679A39 
 4917      001E56C1 
 4917      C32AF8C4 
 4918 0a75 387A9E99 		.ascii	"8z\236\231\223X\234Vk1p\017\332\021\211\226\373pz\316"
 4918      93589C56 
ARM GAS  C:\Users\nello\AppData\Local\Temp\ccsMT4zx.s 			page 194


 4918      6B31700F 
 4918      DA118996 
 4918      FB707ACE 
 4919 0a89 EE54EF6C 		.ascii	"\356T\357lG)\2278W \361\202\"1^P$.\034G\223D\256\376"
 4919      47299738 
 4919      5720F182 
 4919      22315E50 
 4919      242E1C47 
 4920 0aa1 54AAAA1E 		.ascii	"T\252\252\036\300\011*8A\005\337{\203.\027Mt\203\210"
 4920      C0092A38 
 4920      4105DF7B 
 4920      832E174D 
 4920      748388
 4921 0ab4 262424AE 		.ascii	"&$$\256\252q\251\367D\201,\224\331\350N\016z\220\363"
 4921      AA71A9F7 
 4921      44812C94 
 4921      D9E84E0E 
 4921      7A90F3
 4922 0ac7 50720625 		.ascii	"Pr\006%i \334RV\255\332-h\325\224,\250\325\224\"0@\325"
 4922      6920DC52 
 4922      56ADDA2D 
 4922      68D5942C 
 4922      A8D59422 
 4923 0ade A3FA839A 		.ascii	"\243\372\203\232\247)\202\352\352\"\235\253-\327\353"
 4923      A72982EA 
 4923      EA229DAB 
 4923      2DD7EB
 4924 0aed F7BF5531 		.ascii	"\367\277U1Onr\213\004\262@\265~\201j}\363\033\364:3"
 4924      4F6E728B 
 4924      04B240B5 
 4924      7E816A7D 
 4924      F31BF43A 
 4925 0b02 6A47C6A6 		.ascii	"jG\306\246VO\226K\020\027\015\373\340D\362\177\330\277"
 4925      564F964B 
 4925      10170DFB 
 4925      E044F27F 
 4925      D8BF
 4926 0b14 263A20F2 		.ascii	"&: \362=\327\223\355\216\245\210\236\333\232\265\305"
 4926      3DD793ED 
 4926      8EA5889E 
 4926      DB9AB5C5 
 4927 0b24 13F7C67E 		.ascii	"\023\367\306~Gif:L7\313\004\262\024\204f\010\300\001"
 4927      4769663A 
 4927      4C37CB04 
 4927      B2148466 
 4927      08C001
 4928 0b37 9BE31281 		.ascii	"\233\343\022\201\244\013\200;5w\321\221\021\232'\313"
 4928      A40B803B 
 4928      3577D191 
 4928      119A27CB 
 4929 0b47 354F5670 		.ascii	"5OVpO\026vu\234\327<Y\241y\262\022\244-\026\344\212"
 4929      4F167675 
 4929      9CD73C59 
 4929      A179B212 
 4929      A42D16E4 
 4930 0b5c 49EE562B 		.ascii	"I\356V+f\245@\322T?\322T?\016\275A\347Ih\246\231M\013"
 4930      66A540D2 
ARM GAS  C:\Users\nello\AppData\Local\Temp\ccsMT4zx.s 			page 195


 4930      543FD254 
 4930      3F0EBD41 
 4930      E74968A6 
 4931 0b73 1EEC0803 		.ascii	"\036\354\010\003<\207\256\224PQ\317\371\306r\263\305"
 4931      3C87AE94 
 4931      5051CFF9 
 4931      C672B3C5 
 4932 0b83 E1BA9B67 		.ascii	"\341\272\233g\013\200\003\203\263\004\262\032\015\276"
 4932      0B800383 
 4932      B304B21A 
 4932      0DBE
 4933 0b91 53323C8B 		.ascii	"S2<\213Ea\015D\201\256a\254\227/\337_ov\316W\216@r\225"
 4933      45610D44 
 4933      81AE61AC 
 4933      972FDF5F 
 4933      6F76CE57 
 4934 0ba9 A4EEE2F2 		.ascii	"\244\356\342\362\367\354\257\360q\006\255\323@\000\030"
 4934      F7ECAFF0 
 4934      7106ADD3 
 4934      400018
 4935 0bb8 6E681A24 		.ascii	"nh\032$Z(\326k\241\330\300C\261\265{\"\323\274A k\321"
 4935      5A28D66B 
 4935      A1D8C043 
 4935      B1B57B22 
 4935      D3BC4120 
 4936 0bce 94E4AB39 		.ascii	"\224\344\2539\377eP\315\233\300\347\215J`Z\265-y\223"
 4936      FF6550CD 
 4936      9BC0E78D 
 4936      4A605AB5 
 4936      2D7993
 4937 0be1 4056A981 		.ascii	"@V\251\201Y\245\006\246\362uZ\302\014<\267\373\341\005"
 4937      59A506A6 
 4937      F2755AC2 
 4937      0C3CB7FB 
 4937      E105
 4938 0bf3 9EE04ABE 		.ascii	"\236\340J\276X\257\\\352_\345m\240`+\360n\221\025\344"
 4938      58AF5CEA 
 4938      5FE56DA0 
 4938      602BF06E 
 4938      9115E4
 4939 0c06 0F6BF5BF 		.ascii	"\017k\365\277U y\252\202<U\301\2127\350\011\246`\360"
 4939      552079AA 
 4939      823C55C1 
 4939      8A37E809 
 4939      A660F0
 4940 0c19 42C29087 		.ascii	"B\302\220\207*\257D[\374;tE\371\344no\361\004\265(w"
 4940      2AAF445B 
 4940      FC3B7445 
 4940      F9E46E6F 
 4940      F104B528 
 4941 0c2e 0864BB2A 		.ascii	"\010d\273*r\273*r\3118\272\324\314\367\351\354\373\271"
 4941      72BB2A72 
 4941      C938BAD4 
 4941      CCF7E9EC 
 4941      FBB9
 4942 0c40 FF435DAE 		.ascii	"\377C]\256\000\337\245\302w\251\360\3667h\235\331D\257"
 4942      00DFA5C2 
ARM GAS  C:\Users\nello\AppData\Local\Temp\ccsMT4zx.s 			page 196


 4942      77A9F0F6 
 4942      37689DD9 
 4942      44AF
 4943 0c52 9AD18A46 		.ascii	"\232\321\212F\307\251lO\367\251m\217\340<\265-\335\233"
 4943      C7A96C4F 
 4943      F7A96D8F 
 4943      E03CB52D 
 4943      DD9B
 4944 0c64 5EE8C3A2 		.ascii	"^\350\303\242Q\200\211\356D^\363\323\206\306z\017\013"
 4944      518089EE 
 4944      445EF3D3 
 4944      86C67A0F 
 4944      0B
 4945 0c75 9F9DD8BC 		.ascii	"\237\235\330\274T\036O\345\201i\237@\366\203\302\003"
 4945      541E4FE5 
 4945      81699F40 
 4945      F683C203 
 4946 0c85 022914F0 		.ascii	"\002)\024\360\020\014z\362&|\202\250\334g\365[\275Q"
 4946      100C7AF2 
 4946      267C82A8 
 4946      DC67F55B 
 4946      BD51
 4947 0c97 6367A931 		.ascii	"cg\2511\036c\275&g\211\217\226\374\"-\371\007y\362\327"
 4947      1E63BD26 
 4947      67898F96 
 4947      FC222DF9 
 4947      0779F2D7 
 4948 0cab 55A626F1 		.ascii	"U\246&\361\015\377\240@\366\"\313\332\345O\332\314\312"
 4948      0DFFA040 
 4948      F622CBDA 
 4948      E54FDACC 
 4948      CA
 4949 0cbc 823C24D0 		.ascii	"\202<$\320n\346\336\216\003\2136\212\316ev\030\204)"
 4949      6EE6DE8E 
 4949      038B368A 
 4949      CE657618 
 4949      8429
 4950 0cce B5F88481 		.ascii	"\265\370\204\201r+\212\353\\&\257\022\015\004\200\364"
 4950      722B8AEB 
 4950      5C26AF12 
 4950      0D0480F4 
 4951 0cde 966E51B3 		.ascii	"\226nQ\263\346\250fM)\267f\357\311\371\033y\255\224"
 4951      E6A8664D 
 4951      29B766EF 
 4951      C9F91B79 
 4951      AD94
 4952 0cf0 0AA418AD 		.ascii	"\012\244\030\255Y\275\271\366_\215\032N98Y\306\231Z"
 4952      59BDB9F6 
 4952      5F8D1A4E 
 4952      393859C6 
 4952      995A
 4953 0d02 8E2F2FF7 		.ascii	"\216//\367\375I&$y\337`z\341/\312x\222?\002\010\311"
 4953      FD492624 
 4953      79DF607A 
 4953      E12FCA78 
 4953      923F0208 
 4954 0d17 57B396AF 		.ascii	"W\263\226\257f-\341u\272\327\003\371.\315\337\223F\234"
ARM GAS  C:\Users\nello\AppData\Local\Temp\ccsMT4zx.s 			page 197


 4954      662DE175 
 4954      BAD703F9 
 4954      2ECDDF93 
 4954      469C
 4955 0d29 AC85E958 		.ascii	"\254\205\351Xq\250\206A\216\026%\\\363s\336~\217\013"
 4955      71A88641 
 4955      8E16255C 
 4955      F373DE7E 
 4955      8F0B
 4956 0d3b 2A08001D 		.ascii	"*\010\000\035++\212\2754\217\2524\217\252\271qC\355"
 4956      2B2B8ABD 
 4956      348FAA34 
 4956      8FAAB971 
 4956      43ED
 4957 0d4d 69AF3287 		.ascii	"i\2572\207\252\005V\374[O\266\014\230\215\034:\001\006"
 4957      AA0556FC 
 4957      5B4FB60C 
 4957      988D1C3A 
 4957      0106
 4958 0d5f D6709EFA 		.ascii	"\326p\236\372\374\232\315\024\035\312\277$\217r0I\237"
 4958      FC9ACD14 
 4958      1DCABF24 
 4958      8F723049 
 4958      9F
 4959 0d70 1048A5EA 		.ascii	"\020H\245\352M\245\352M\311k\364235\363x\307Y\363O2"
 4959      4DA5EA4D 
 4959      C96BF432 
 4959      3335F378 
 4959      C759F34F 
 4960 0d85 1D8E81B3 		.ascii	"\035\216\201\263\303\351\217\314\231E\216\004\011\267"
 4960      C3E98FCC 
 4960      99458E04 
 4960      09B7
 4961 0d93 207252E5 		.ascii	" rR\345:\311\356\324\350VO\266\207vTu\372\311Q\313}"
 4961      3AC9EED4 
 4961      E8564FB6 
 4961      87765475 
 4961      FAC951CB 
 4962 0da8 AC450DF4 		.ascii	"\254E\015\364\324\251\034u\252\236\324\327h\011\343"
 4962      D4A91C75 
 4962      AA9ED4D7 
 4962      6809E3
 4963 0db7 2B5E76E3 		.ascii	"+^v\343\201\205\031\227\225\2447\256^e\252W\231\356"
 4963      81851997 
 4963      95A437AE 
 4963      5E65AA57 
 4963      99EE
 4964 0dc9 BE4A6B19 		.ascii	"\276Jk\031SZ\327\236D\246,\277\332\211\351\254\312t"
 4964      535AD79E 
 4964      44A62CBF 
 4964      DA89E9AC 
 4964      CA74
 4965 0ddb 5665DAF7 		.ascii	"Ve\332\367*mbL\267\006\022\356\360I1\214\205\316\365"
 4965      2A6D624C 
 4965      B70612EE 
 4965      F049318C 
 4965      85CEF5
ARM GAS  C:\Users\nello\AppData\Local\Temp\ccsMT4zx.s 			page 198


 4966 0dee 7CE8C6BE 		.ascii	"|\350\306\276yF\363v\023\210:\317#\231\2206\277\325"
 4966      7946F376 
 4966      13883ACF 
 4966      23999036 
 4966      BFD5
 4967 0e00 ACA5A749 		.ascii	"\254\245\247IKO3\323Lo1M\333\222\326^\245\0060rA\220"
 4967      4B4F33D3 
 4967      4C6F314D 
 4967      DB92D65E 
 4967      A5063072 
 4968 0e16 81B8F534 		.ascii	"\201\270\3654\025\037\343c\315E\2014bmV\024\257\377"
 4968      151FE363 
 4968      CD458134 
 4968      626D5614 
 4968      AFFF
 4969 0e28 2765295F 		.ascii	"'e)_\302[\270\277\250w\214\177\001\331\367\230\354\214"
 4969      C25BB8BF 
 4969      A8778C7F 
 4969      01D9F798 
 4969      EC8C
 4970 0e3a FB8FAACD 		.ascii	"\373\217\252\315\356}\341\212\000\030\350\013\255\002"
 4970      EE7DE18A 
 4970      0018E80B 
 4970      AD02
 4971 0e48 B98CB20A 		.ascii	"\271\214\262\012\223W\224\020&\354\252@Z\360J}\325\365"
 4971      93579410 
 4971      26ECAA40 
 4971      5AF04A7D 
 4971      D5F5
 4972 0e5a 0A8BECEE 		.ascii	"\012\213\354\3565\274\320W\326\333\341aT:\327\301\341"
 4972      35BCD057 
 4972      D6DBE161 
 4972      543AD7C1 
 4972      E1
 4973 0e6b 36EEF0F1 		.ascii	"6\356\360\361\303e\347\010\013\364\252\0245\320\327"
 4973      C365E708 
 4973      0BF4AA14 
 4973      35D0D7
 4974 0e7a 05D2A006 		.ascii	"\005\322\240\006\272A\015t\321+t\300\323}\013\306\246"
 4974      BA410D74 
 4974      D12B74C0 
 4974      D37D0BC6 
 4974      A6
 4975 0e8b D0FFE48A 		.ascii	"\320\377\344\212d\244\351&0wpMO\027T\346\361:\030\326"
 4975      64A4E926 
 4975      3077704D 
 4975      4F1754E6 
 4975      F13A18D6 
 4976 0e9f 34DD1448 		.ascii	"4\335\024H\273\252\251]\353\253\257\320y^\310T\262%"
 4976      BBAAA95D 
 4976      EBABAFD0 
 4976      795EC854 
 4976      B225
 4977 0eb1 E9A93763 		.ascii	"\351\2517c\332\231\252g\272\2452\335R\231\032_\246\213"
 4977      DA99AA67 
 4977      BAA532DD 
 4977      52991A5F 
ARM GAS  C:\Users\nello\AppData\Local\Temp\ccsMT4zx.s 			page 199


 4977      A68B
 4978 0ec3 BD0CCDBB 		.ascii	"\275\014\315\273\264+\265\201\032$\276\033x\273\270"
 4978      B42BB581 
 4978      1A24BE1B 
 4978      78BBB8
 4979 0ed2 7507D6AD 		.ascii	"u\007\326\255|\005\365\364^9\365\017^\327\335\002\271"
 4979      7C05F5F4 
 4979      5E39F50F 
 4979      5ED7DD02 
 4979      B9
 4980 0ee3 A36AB9A3 		.ascii	"\243j\271\243j)x\231f3-N\0330\234'\235\314\034\3660"
 4980      6A297899 
 4980      66332D4E 
 4980      1B309C27 
 4980      9DCC1CF6 
 4981 0ef8 50720F58 		.ascii	"Pr\017X{\271\222#\003\007J\371:}\274X\365\346\236@z"
 4981      7BB99223 
 4981      03074AF9 
 4981      3A7DBC58 
 4981      F5E69E40 
 4982 0f0d 543D3DAA 		.ascii	"T==\252\2363ci\036\323\363d}\326|\036\202\032'\246\373"
 4982      9E336369 
 4982      1ED3F364 
 4982      7DD67C1E 
 4982      821A27A6 
 4983 0f22 2AD37D95 		.ascii	"*\323}\225i\345\313t\217q\010\262\362S\016\215P\255"
 4983      69E5CB74 
 4983      8F7108B2 
 4983      F2530E8D 
 4983      50AD
 4984 0f34 5BA365E8 		.ascii	"[\243e\350\0210?\344\346=n\336\332\303\314\353\275\275"
 4984      11303FE4 
 4984      E63D6EDE 
 4984      DAC3CCEB 
 4984      BDBD
 4985 0f46 279BEDD6 		.ascii	"'\233\355\326\016\230\307\005\362@\325\364@\32544\206"
 4985      0E98C705 
 4985      F240D5F4 
 4985      40D53434 
 4985      86
 4986 0f57 16334DCE 		.ascii	"\0263M\316\373\023\\\350,\313_\240i*\3204\015\001\363"
 4986      FB135CE8 
 4986      2CCB5FA0 
 4986      692AD034 
 4986      0D01F3
 4987 0f6a 20D7B460 		.ascii	" \327\264`\250;Wb\232\016\355\275q\2258\222\001\356"
 4987      A83B5762 
 4987      9A0EEDBD 
 4987      71953892 
 4987      01EE
 4988 0f7c 0F00F258 		.ascii	"\017\000\362XU\365XU\265q\014=\311T\015/()\347\\\317"
 4988      55F55855 
 4988      B5710C3D 
 4988      C9540D2F 
 4988      2829E75C 
 4989 0f91 F6662AF6 		.ascii	"\366f*\366A\232\236\252LOU\246\3441\364"
 4989      419A9EAA 
ARM GAS  C:\Users\nello\AppData\Local\Temp\ccsMT4zx.s 			page 200


 4989      4C4F55A6 
 4989      E431F4
 4990 0fa0 12633A9B 		.ascii	"\022c:\233\223=\304\313n\353\376\030\236Y\230\017\206"
 4990      933DC4CB 
 4990      6EEBFE18 
 4990      9E59980F 
 4990      86
 4991 0fb1 55966195 		.ascii	"U\226a\225\245g4\355\3602|\242\261bn\315\003\243\001"
 4991      A56734ED 
 4991      F0327CA2 
 4991      B1626ECD 
 4991      03A301
 4992 0fc4 04EE0AC9 		.ascii	"\004\356\012\311\\\312S\333\270q\210\257\243S\212\232"
 4992      5CCA53DB 
 4992      B87188AF 
 4992      A3538A9A 
 4993 0fd4 7994C453 		.ascii	"y\224\304Suf\247\212\232\252\321\364\241\261\032\247"
 4993      7566A78A 
 4993      9AAAD1F4 
 4993      A1B11AA7 
 4994 0fe4 07270B28 		.ascii	"\007'\013(\\)\317\270x\331\323hRY\010\342\022\271\346"
 4994      5C29CFB8 
 4994      78D9D368 
 4994      525908E2 
 4994      12B9E6
 4995 0ff7 A6DE6D2B 		.ascii	"\246\336m+\274xT\366w"
 4995      BC7854F6 
 4995      77
 4996 1000 A9B15C48 		.ascii	"\251\261\\H\311|U\371|Uy\332h\232fa\203\371\375\264"
 4996      C97C55F9 
 4996      7C5579DA 
 4996      689A6661 
 4996      83F9FDB4 
 4997 1014 7DACAA7A 		.ascii	"}\254\252z\267\025\252\261\204\346\237\2542%\253L\363"
 4997      B715AAB1 
 4997      84E69FAC 
 4997      3225AB4C 
 4997      F3
 4998 1025 47D35516 		.ascii	"G\323U\026\023\315c\214\347\373\363Z}\015F~\222J\225"
 4998      13CD638C 
 4998      E7FBF35A 
 4998      7D0D467E 
 4998      924A95
 4999 1038 A1FFE6CD 		.ascii	"\241\377\346\315\325\033\2745H\032U\233\350bn\362\360"
 4999      D51BBC35 
 4999      481A559B 
 4999      E8626EF2 
 4999      F0
 5000 1049 B9FA5BDC 		.ascii	"\271\372[\334\363\305\224\257\235\366\007\345\026\243"
 5000      F3C594AF 
 5000      9DF607E5 
 5000      16A3
 5001 1057 EA5C0246 		.ascii	"\352\\\002F\244s\246y\333\007\032\004fqm\241Z\235K("
 5001      A473A679 
 5001      DB071A04 
 5001      66716DA1 
 5001      5A9D4B28 
ARM GAS  C:\Users\nello\AppData\Local\Temp\ccsMT4zx.s 			page 201


 5002 106b 59A45ABC 		.ascii	"Y\244Z\274H\265\370\360(z\310b8KnO.\234K\024\325\313"
 5002      48B5F8F0 
 5002      287AC862 
 5002      384B6E4F 
 5002      2E9C4B14 
 5003 1081 30C60F0E 		.ascii	"0\306\017\016_9\355k\244{\005\210[\316uo,\250,\340\333"
 5003      5F39ED6B 
 5003      A47B0588 
 5003      5BCE756F 
 5003      2CA82CE0 
 5004 1096 51F24139 		.ascii	"Q\362A9\273+(Y\252j^\252j\356\010\240\247-F\355a\371"
 5004      BB2B2859 
 5004      AA6A5EAA 
 5004      6AEE08A0 
 5004      A72D46ED 
 5005 10ac BDCB953E 		.ascii	"\275\313\225>\212\342U\250\370hv\315\374\021\006U\225"
 5005      8AE255A8 
 5005      F86876CD 
 5005      FC110655 
 5005      95
 5006 10bd 05C25673 		.ascii	"\005\302Vs\275\317\366-\\\346\301|.>\250f)\213\222L"
 5006      BDCFF62D 
 5006      5CE6C17C 
 5006      2E3EA866 
 5006      298B924C 
 5007 10d1 5573A6AA 		.ascii	"Us\246\2529/\200\2660\315\317v\014eqco+\306\002\313"
 5007      392F80B6 
 5007      30CDCF76 
 5007      0C657163 
 5007      6F2BC602 
 5008 10e6 1A95658D 		.ascii	"\032\225e\215\312rn$\275\305XN\304\357\372%\343\310"
 5008      CA726E24 
 5008      BDC5584E 
 5008      C4EFFA25 
 5008      E3C8
 5009 10f8 2CD63872 		.ascii	",\3268rT\216\034\225c\373H\372\3008\260\333\272k\366"
 5009      548E1C95 
 5009      63FB48FA 
 5009      C038B0DB 
 5009      BA6BF6
 5010 110b 13E5B660 		.ascii	"\023\345\266`=\372wle{\251\237Q`7\202\270\015\334\301"
 5010      3DFA776C 
 5010      657BA99F 
 5010      51603782 
 5010      B80DDCC1 
 5011 111f BCF2BC55 		.ascii	"\274\362\274U\274\014\353\212\325\244n\244d\235\252"
 5011      BC0CEB8A 
 5011      D5A46EA4 
 5011      649DAA
 5012 112e 7B9DAABB 		.ascii	"{\235\252\273\357%\232\354\315\346\260M\351\311f\306"
 5012      EF259AEC 
 5012      CDE6B04D 
 5012      E9C966C6 
 5013 113e 3454AC46 		.ascii	"4T\254F\005\356*6\253L\233U\246\023/\321l\306thk\315"
 5013      05EE2A36 
 5013      AB4C9B55 
 5013      A6132FD1 
ARM GAS  C:\Users\nello\AppData\Local\Temp\ccsMT4zx.s 			page 202


 5013      6CC67468 
 5014 1154 1136F4E5 		.ascii	"\0216\364\345\257>\"\373\010,[T\226-*K\366Kt'c9y\264"
 5014      AF3E22FB 
 5014      082C5B54 
 5014      962D2A4B 
 5014      F64B7427 
 5015 116c 753F6113 		.ascii	"u?a\023R_\361\275\306ie\363r'\342\336\263M\345\331\306"
 5015      525FF1BD 
 5015      C66965F3 
 5015      7227E2DE 
 5015      B34DE5D9 
 5016 1181 9E14D3EB 		.ascii	"\236\024\323\353\336\356\021\201-\375u\270\365g\037"
 5016      DEEE1181 
 5016      2DFD75B8 
 5016      F5671F
 5017 1190 7063CA10 		.ascii	"pc\312\020\227\037\3578\347kq\231\327\363\021\001\373"
 5017      971FEF38 
 5017      E76B7199 
 5017      D7F31101 
 5017      FB
 5018 11a1 FA6E4A76 		.ascii	"\372nJva\324v\237\317)\340\273\370\036Jv\342\2253\327"
 5018      61D4769F 
 5018      CF29E0BB 
 5018      F81E4A76 
 5018      E29533D7 
 5019 11b5 B2767A19 		.ascii	"\262vz\031\305q/\310(\340q\\[\3670ABS{\017nZ\220\346"
 5019      C5712FC8 
 5019      28E0715C 
 5019      5BF73041 
 5019      42537B0F 
 5020 11cd 209FC397 		.ascii	" \237\303\227d\207j\350\016nh\274\017b\367ln\357\343"
 5020      64876AE8 
 5020      0E6E68BC 
 5020      0F62F76C 
 5020      6EEFE3
 5021 11e0 83DF93BB 		.ascii	"\203\337\223\273\271\273=\262\0350\367\302\015\313~"
 5021      B9BB3DB2 
 5021      1D30F7C2 
 5021      0DCB7E
 5022 11ef 15BD9FA3 		.ascii	"\025\275\237\243\323|\014\353x\325\256\373\352\316R"
 5022      D37C0CEB 
 5022      78D5AEFB 
 5022      EACE52
 5023 11fe 84F6E597 		.ascii	"\204\366\345\227\237;m\264\273\036\002\363\016r\363"
 5023      9F3B6DB4 
 5023      BB1E02F3 
 5023      0E72F3
 5024 120d 92EE0E27 		.ascii	"\222\356\016'*\221\\\3274\236E\362\020%\205\252\312"
 5024      2A915CD7 
 5024      349E45F2 
 5024      102585AA 
 5024      CA
 5025 121e 42AE32CB 		.ascii	"B\2562\313\307h\2163\232\273KdV\272\231\261\264\337"
 5025      C7688E33 
 5025      9ABB4B64 
 5025      56BA99B1 
 5025      B4DF
ARM GAS  C:\Users\nello\AppData\Local\Temp\ccsMT4zx.s 			page 203


 5026 1230 A95AEAED 		.ascii	"\251Z\352\355|#q\224\252 \0004l.n\324=\231+\325zR\031"
 5026      7C237194 
 5026      AA200034 
 5026      6C2E6ED4 
 5026      3D992BD5 
 5027 1247 37F1614A 		.ascii	"7\361aJW*WZ\006\337\241_\335\205+6\031\371U\001~\225"
 5027      572A575A 
 5027      06DFA15F 
 5027      DD852B36 
 5027      19F95501 
 5028 125d 73A6A295 		.ascii	"s\246\242\225\013\312<\321\257\242\346\353e_\261HVP"
 5028      0BCA3CD1 
 5028      AFA2E6EB 
 5028      655FB148 
 5028      5650
 5029 126f 725875EB 		.ascii	"rXu\3530w\253\235\3318\377z\363\021\016\256\277\031"
 5029      3077AB9D 
 5029      D938FF7A 
 5029      F3110EAE 
 5029      BF19
 5030 1281 FF270686 		.ascii	"\377'\006\206\301\361\230\012>\306\301\353|\021\\\261"
 5030      C1F1980A 
 5030      3EC6C1EB 
 5030      7C115CB1 
 5031 1291 25A75050 		.ascii	"%\247PP\312\000\203P\220~\367\252\257\20155`M5\267\246"
 5031      CA008350 
 5031      907EF7AA 
 5031      AF813535 
 5031      604D35B7 
 5032 12a6 A3F9C921 		.ascii	"\243\371\311!/\246\240\2578\236[SCI\225\252\240\212"
 5032      2FA6A0AF 
 5032      389E5B53 
 5032      434995AA 
 5032      A08A
 5033 12b8 2BD8ED6B 		.ascii	"+\330\355k\242\245LI_k\313\026\354I\344$\376d}\234]"
 5033      A2A54C49 
 5033      5F6BCB16 
 5033      EC49E424 
 5033      FE647D9C 
 5034 12cd DB776769 		.ascii	"\333wgi\226\204\327\352@\360)Jk\331\325\362K\3557=\360"
 5034      9684D7EA 
 5034      40F0294A 
 5034      6BD9D5F2 
 5034      4BED373D 
 5035 12e2 6A3D5C3D 		.ascii	"j=\\=\215\321\271\271w\325\022\376H\315\314\354\313"
 5035      8DD1B9B9 
 5035      77D512FE 
 5035      48CDCCEC 
 5035      CB
 5036 12f3 2C3BB2DC 		.ascii	",;\262\334C>?\213\200\271O*\352\265\236nV\015n\000\011"
 5036      433E3F8B 
 5036      80B94F2A 
 5036      EAB59E6E 
 5036      560D6E00 
 5037 1308 E7B8C117 		.ascii	"\347\270\301\027\233\2737z\376${\241cab\351\347\363"
 5037      9BBB377A 
 5037      FE247BA1 
ARM GAS  C:\Users\nello\AppData\Local\Temp\ccsMT4zx.s 			page 204


 5037      636162E9 
 5037      E7F3
 5038 131a 1CA570B7 		.ascii	"\034\245p\267\331@I-7\230\234\001`-7\371\0343\242-\345"
 5038      D940492D 
 5038      37989C01 
 5038      602D37F9 
 5038      1C33A22D 
 5039 132f 6C0945FF 		.ascii	"l\011E\377\362\213\347'\226\372\013\270_\235W\275;\317"
 5039      F28BE727 
 5039      96FA0BB8 
 5039      5F9D57BD 
 5039      3BCF
 5040 1341 A1373874 		.ascii	"\24178t\317\331L\026\353\374\243*\264Y\2056sh\237/\177"
 5040      CFD94C16 
 5040      EBFCA32A 
 5040      B4598536 
 5040      73689F2F 
 5041 1356 5C944FD8 		.ascii	"\\\224O\330\363\"\2077;\333\302\177a\371\220\375\333"
 5041      F3228737 
 5041      3BDBC27F 
 5041      61F990FD 
 5041      DB
 5042 1367 6BE25F79 		.ascii	"k\342_y\320\2072\270\023\226\321\010~x\325D\223G\230"
 5042      D08732B8 
 5042      1396D108 
 5042      7E78D544 
 5042      934798
 5043 137a 68C608D4 		.ascii	"h\306\010\324x\343\376\216~?\347\012\354\240\344\246"
 5043      78E3FE8E 
 5043      7E3FE70A 
 5043      ECA0E4A6 
 5044 138a 56813D57 		.ascii	"V\201=WW\355\322\335Y\337\324*\260\023\243\237\005\222"
 5044      57EDD2DD 
 5044      59DFD42A 
 5044      B013A39F 
 5044      0592
 5045 139c 363249C7 		.ascii	"62I\307\037\324.\227\334o\000nS\335\203\001\246\277"
 5045      1FD42E97 
 5045      DC6F006E 
 5045      53DD8301 
 5045      A6BF
 5046 13ae D944F381 		.ascii	"\331D\363\201\353 P\011r\232\233\356\336\313\361\016"
 5046      EB205009 
 5046      729A9BEE 
 5046      DECBF10E 
 5047 13be 9830014C 		.ascii	"\2300\001LH\300\347\020\352\323\256NBz\321\022\322G"
 5047      48C0E710 
 5047      EAD3AE4E 
 5047      427AD112 
 5047      D247
 5048 13d0 C93D741E 		.ascii	"\311=t\036\244\0174g,\256\030\221\015:|\360\001h\017"
 5048      A40F3467 
 5048      2CAE1891 
 5048      0D3A7CF0 
 5048      01680F
 5049 13e3 458862D2 		.ascii	"E\210b\322$\023\352EX~\332<\230:9\346\256\033f\012["
 5049      2413EA45 
ARM GAS  C:\Users\nello\AppData\Local\Temp\ccsMT4zx.s 			page 205


 5049      587EDA3C 
 5049      983A39E6 
 5049      AE1B660A 
 5050 13f8 7CF7DBCE 		.ascii	"|\367\333\316\260'J\316Jo\273*eF\327\233h\005\032+\016"
 5050      B0274ACE 
 5050      4A6FBB2A 
 5050      6546D79B 
 5050      68051A2B 
 5051 140d 1FCE6B12 		.ascii	"\037\316k\022\002&\260\007]\214M\366\363,!\017\031\333"
 5051      0226B007 
 5051      5D8C4DF6 
 5051      F32C210F 
 5051      19DB
 5052 141f 23D9D0FC 		.ascii	"#\331\320\374\307E\016\207\227\017>\351\007\003\036"
 5052      C7450E87 
 5052      970F3EE9 
 5052      07031E
 5053 142e 1A18B0E5 		.ascii	"\032\030\260\345\301\303\315\354Y\203\263\244\006'I"
 5053      C1C3CDEC 
 5053      5983B3A4 
 5053      062749
 5054 143d B416E274 		.ascii	"\264\026\342t\012\250\001\350\022P\033\213ve\373\271"
 5054      0AA801E8 
 5054      12501B8B 
 5054      7665FBB9 
 5055 144d 7497679C 		.ascii	"t\227g\234O)y\246\345\355\370\243]\333\375\264\274="
 5055      4F2979A6 
 5055      E5EDF8A3 
 5055      5DDBFDB4 
 5055      BC3D
 5056 145f D3F40F63 		.ascii	"\323\364\017c\336z@\322#\240\247@\011~&\232\352\007"
 5056      DE7A40D2 
 5056      23A0A740 
 5056      097E269A 
 5056      EA07
 5057 1471 4C236F14 		.ascii	"L#o\024\337YO&\214\232\300\377X\264\007\257\255\374"
 5057      DF594F26 
 5057      8C9AC0FF 
 5057      58B407AF 
 5057      ADFC
 5058 1483 59E53C47 		.ascii	"Y\345<Gu)\201\204\223!J\026\210.\236\270:`B\010\230"
 5058      75298184 
 5058      93214A16 
 5058      882E9EB8 
 5058      3A604208 
 5059 1498 9F249245 		.ascii	"\237$\222E\"I\021\311B\221$\212$U$\363a\360b\257\346"
 5059      224911C9 
 5059      4291248A 
 5059      245524F3 
 5059      61F062AF 
 5060 14ad 0047F6D6 		.ascii	"\000G\366\326\214\021\3510hB\177\206\033\0037\241h\370"
 5060      8C11E930 
 5060      68427F86 
 5060      1B0337A1 
 5060      68F8
 5061 14bf E21A0E81 		.ascii	"\342\032\016\201\311#\336\000\202Rn\347\251R\022\214"
 5061      C923DE00 
ARM GAS  C:\Users\nello\AppData\Local\Temp\ccsMT4zx.s 			page 206


 5061      82526EE7 
 5061      A952128C 
 5062 14cf A5E4D725 		.ascii	"\245\344\327%\361B\270C\311\240\201\365\250h\241\254"
 5062      F142B843 
 5062      C9A081F5 
 5062      A868A1AC 
 5063 14df 288CCC7D 		.ascii	"(\214\314}\216\236\307\232\236y\317\261v\247,d\230\222"
 5063      8E9EC79A 
 5063      9E79CFB1 
 5063      76A72C64 
 5063      9892
 5064 14f1 27067AD8 		.ascii	"'\006z\330\202\234\314j\251\332D\313 \344\3071\344B"
 5064      829CCC6A 
 5064      A9DA44CB 
 5064      20E4C731 
 5064      E442
 5065 1503 E195F8F5 		.ascii	"\341\225\370\365\336\256\273\353\022Q\267\2732\316\211"
 5065      DEAEBBEB 
 5065      1251B7BB 
 5065      32CE89
 5066 1512 B40E581A 		.ascii	"\264\016X\032\030KOA\313M\267\015y\271\236\205\266\000"
 5066      184B4F41 
 5066      CB4DB70D 
 5066      79B99E85 
 5066      B600
 5067 1524 B8CD8F97 		.ascii	"\270\315\217\227n)\334\376\303\351]\240~\371\322/\230"
 5067      6E29DCFE 
 5067      C3E95DA0 
 5067      7EF9D22F 
 5067      98
 5068 1535 CCAB021D 		.ascii	"\314\253\002\035\222/L\344\217\236\005:,_\030O\023\374"
 5068      922F4CE4 
 5068      8F9E053A 
 5068      2C5F184F 
 5068      13FC
 5069 1547 4D34C51F 		.ascii	"M4\305\037\365u\035\273u\322\327}eo\022u+\233.\363\347"
 5069      F5751DBB 
 5069      75D2D77D 
 5069      656F1275 
 5069      2B9B2EF3 
 5070 155c 8C2FD34C 		.ascii	"\214/\323L`\314\226\317\374i\016\234\255\007\332\004"
 5070      60CC96CF 
 5070      FC690E9C 
 5070      AD07DA04 
 5071 156c B405683B 		.ascii	"\264\005h;\320.\240\003(z\314\351\222\236{\302\204\011"
 5071      D02EA003 
 5071      287ACCE9 
 5071      929E7BC2 
 5071      8409
 5072 157e 01137425 		.ascii	"\001\023t%wv\370\352\025|\256\216%\267Y$\333D\262_\013"
 5072      7776F8EA 
 5072      157CAE8E 
 5072      25B75924 
 5072      DB44B25F 
 5073 1593 E616514D 		.ascii	"\346\026QM\354@*O,`\3668a\324\264\311\013{\235Hr\341"
 5073      EC402A4F 
 5073      2C60F638 
ARM GAS  C:\Users\nello\AppData\Local\Temp\ccsMT4zx.s 			page 207


 5073      61D4B4C9 
 5073      0B7B9D48 
 5074 15a9 A38081C0 		.ascii	"\243\200\201\300\340}\360\257H\016\211\344\200H\016"
 5074      E07DF0AF 
 5074      480E89E4 
 5074      80480E
 5075 15b8 8BA45024 		.ascii	"\213\244P${\201Y$\305\"9(\312\213wH\023\276\313I\370"
 5075      7B815924 
 5075      C5223928 
 5075      CA8B7748 
 5075      13BECB49 
 5076 15cd 5241EB31 		.ascii	"RA\3531O5\320\016'\320vQ\003=\326@\371nf\312\230E\213"
 5076      4F35D00E 
 5076      27D07651 
 5076      033DD640 
 5076      F96E66CA 
 5077 15e4 55CC4627 		.ascii	"U\314F'\314\006\235\240AM\320nw\223xL\026j\202\362\334"
 5077      CC069DA0 
 5077      414DD06E 
 5077      7793784C 
 5077      166A82F2 
 5078 15f9 0571CC13 		.ascii	"\005q\314\023M\316Nw\2539fX\303lu\217?\030D\313!\207"
 5078      4DCE4E77 
 5078      AB396658 
 5078      C36C758F 
 5078      3F1844CB 
 5079 160f C758790C 		.ascii	"\307Xy\014$^\3376\302e\210\201QET[QV\307\325\036]+*"
 5079      245EDF36 
 5079      C2658881 
 5079      5145545B 
 5079      5156C7D5 
 5080 1627 D5A49581 		.ascii	"\325\244\225\2014z\006\245\230\327\344\234\214\247P"
 5080      347A06A5 
 5080      98D7E49C 
 5080      8CA750
 5081 1636 0908AB3E 		.ascii	"\011\010\253>\235\306\226R\231HJDr\314hA\326\354\376"
 5081      9DC69652 
 5081      99484A44 
 5081      72CC6841 
 5081      D6ECFE
 5082 1649 2322C0B2 		.ascii	"#\"\300\262\365\014\301s\254\006UK\376Z\221\254\201"
 5082      F50CC173 
 5082      AC06554B 
 5082      FE5A91AC 
 5082      81
 5083 165a 8F728682 		.ascii	"\217r\206\202\344W\210\244RT\272\272\017_\007&\332\012"
 5083      E45788A4 
 5083      5254BABA 
 5083      0F5F0726 
 5083      DA0A
 5084 166c DEB401DD 		.ascii	"\336\264\001\335b\036e\035\351r\270\374h~B$\265\262"
 5084      621E651D 
 5084      E972B8FC 
 5084      687E4224 
 5084      B5B2
 5085 167e 47748881 		.ascii	"Gt\210\201:\266\035\357r\036\357\310I\015\204\003fi"
 5085      3AB61DEF 
ARM GAS  C:\Users\nello\AppData\Local\Temp\ccsMT4zx.s 			page 208


 5085      721EEFC8 
 5085      490D8403 
 5085      6669
 5086 1690 E311DD43 		.ascii	"\343\021\335C\271S\232\033u\350\366\342\227\000\344"
 5086      B9539A1B 
 5086      75E8F6E2 
 5086      9700E4
 5087 169f B96BF989 		.ascii	"\271k\371\211NO\254\177\276\265\355R\266\266:\021w\215"
 5087      4E4FAC7F 
 5087      BEB5ED52 
 5087      B6B63A11 
 5087      778D
 5088 16b1 33CF2FEA 		.ascii	"3\317/\352*\221\034\027\231]g\230_\365\"9+\222sJ\375"
 5088      2A911C17 
 5088      995D6798 
 5088      5FF52239 
 5088      2B92734A 
 5089 16c6 EE96B73F 		.ascii	"\356\226\267?\220\323\343&\207\027To\321\006\036\346"
 5089      90D3E326 
 5089      8717546F 
 5089      D1061EE6 
 5090 16d6 02819C16 		.ascii	"\002\201\234\026\365\030\271\240\360\011Y~\177\2569"
 5090      F518B9A0 
 5090      F009597E 
 5090      7FAE39
 5091 16e5 C04DEB49 		.ascii	"\300M\353I\003\255t\331K&\272\2329u\363\331\226k\276"
 5091      03AD74D9 
 5091      4B26BA9A 
 5091      3975F3D9 
 5091      966BBE
 5092 16f8 B88D38D8 		.ascii	"\270\2158\330\016Rva\202\274\203\014Pr^$\315?\346\225"
 5092      0E527661 
 5092      82BC830C 
 5092      50725E24 
 5092      CD3FE695 
 5093 170c 092120BD 		.ascii	"\011! \275I$\027ErA\3362\362[69\230O\015\"\251aR\024"
 5093      49241745 
 5093      7241DE32 
 5093      F25B3639 
 5093      984F0D22 
 5094 1724 B42A25BF 		.ascii	"\264*%\277Y\206\334\247\244\221A\370\246\256@h\016\332"
 5094      5986DCA7 
 5094      A49141F8 
 5094      A6AE4068 
 5094      0EDA
 5095 1736 F793A4AE 		.ascii	"\367\223\244\256E;\311\004\375\0376 ,\253\313\233$\264"
 5095      453BC904 
 5095      FD1F3620 
 5095      2CABCB9B 
 5095      24B4
 5096 1748 1318AB45 		.ascii	"\023\030\253Er\313U\003\006m\350\030o\363\245\002\311"
 5096      72CB5503 
 5096      066DE818 
 5096      6FF3A502 
 5096      C9
 5097 1759 6210C595 		.ascii	"b\020\305\225U\332\352a\257\011\200\025\007\005\262"
 5097      55DAEA61 
ARM GAS  C:\Users\nello\AppData\Local\Temp\ccsMT4zx.s 			page 209


 5097      AF098015 
 5097      0705B2
 5098 1768 DA1D2347 		.ascii	"\332\035#G\177w^\206o\276\203\222\014\221\2443\020\266"
 5098      7F775E86 
 5098      6FBE8392 
 5098      0C91A433 
 5098      10B6
 5099 177a 71B8CD46 		.ascii	"q\270\315FH\232\310\274\271\263U\365\246\233\"D\361"
 5099      489AC8BC 
 5099      B9B355F5 
 5099      A69B2244 
 5099      F1
 5100 178b A68BAA1E 		.ascii	"\246\213\252\036\337\325<\316\026\365\230V\252\332\263"
 5100      DFD53CCE 
 5100      16F59856 
 5100      AADAB3
 5101 179a AD6A81C3 		.ascii	"\255j\201\303?\336\207\254\200o]U-\345\252\232\345]"
 5101      3FDE87AC 
 5101      806F5D55 
 5101      2DE5AA9A 
 5101      E55D
 5102 17ac 12F6ADC7 		.ascii	"\022\366\255\307Tor\277*\246wa-w\035\346\200v'\314\015"
 5102      546F72BF 
 5102      2AA67761 
 5102      2D771DE6 
 5102      807627CC 
 5103 17c1 AA75A9AC 		.ascii	"\252u\251\254\024.(\214\\rr\275M\303\364"
 5103      142E288C 
 5103      5C7272BD 
 5103      4DC3F4
 5104 17d0 2EDA9EA1 		.ascii	".\332\236\241\024\336u\352\006\3426?\326\266\355[\356"
 5104      14DE75EA 
 5104      06E2363F 
 5104      D6B6ED5B 
 5104      EE
 5105 17e1 CAB841AB 		.ascii	"\312\270A\253\252\270\234\025\002\311tR\266Xt\251\253"
 5105      AAB89C15 
 5105      02C97452 
 5105      B65874A9 
 5105      AB
 5106 17f2 AB945CA1 		.ascii	"\253\224\\\241\354\267\342[\254\262ZD\322%\222k\"\271"
 5106      ECB7E25B 
 5106      ACB25A44 
 5106      D225926B 
 5106      22B9
 5107 1804 2C925691 		.ascii	",\222V\221t\212\344\266H\332DrE$\327ErG$Wa\324\025\311"
 5107      748AE4B6 
 5107      48DA4472 
 5107      4524D745 
 5107      72472457 
 5108 181c 0D917488 		.ascii	"\015\221t\210\244]^T\275k\345\224\301\275\315J\3278"
 5108      A45D5E54 
 5108      BD6BE594 
 5108      C1BDCD4A 
 5108      D738
 5109 182e F2A6937F 		.ascii	"\362\246\223\177Y6\033*\375\201{\034e\320-9g\320\221"
 5109      59361B2A 
ARM GAS  C:\Users\nello\AppData\Local\Temp\ccsMT4zx.s 			page 210


 5109      FD817B1C 
 5109      65D02D39 
 5109      67D091
 5110 1841 72981CDE 		.ascii	"r\230\034\336\244\264\315\005\237\357\244\234]\351\031"
 5110      A4B4CD05 
 5110      9FEFA49C 
 5110      5DE919
 5111 1850 E0E641D2 		.ascii	"\340\346A\322\377\277\007t\023,\320\035\270\000\204"
 5111      FFBF0774 
 5111      132CD01D 
 5111      B80084
 5112 185f E615E7B2 		.ascii	"\346\025\347\262]zW\217Hz\225\006W\316@\225\373v\275"
 5112      5D7A578F 
 5112      487A9506 
 5112      57CE4095 
 5112      FB76BD
 5113 1872 E2FC9BD0 		.ascii	"\342\374\233\320=\015\003\337o:\334Z\240k\353}\232\257"
 5113      3D0D03DF 
 5113      6F3ADC5A 
 5113      A06BEB7D 
 5113      9AAF
 5114 1884 F745B9BF 		.ascii	"\367E\271\277N\246M\240\263\005\350\006\320-&\266d\336"
 5114      4EA64DA0 
 5114      B305E806 
 5114      D02D26B6 
 5114      64DE
 5115 1896 A1142FF7 		.ascii	"\241\024/\367ib@t\372\001Q<:w~\262\300\266\203\242\213"
 5115      69624074 
 5115      FA01513C 
 5115      3A777EB2 
 5115      C0B683A2 
 5116 18ab BBE7BEC7 		.ascii	"\273\347\276\307\273\342c\221<\022\311\320\217M\240"
 5116      BBE26391 
 5116      3C12C9D0 
 5116      8F4DA0
 5117 18ba E4210381 		.ascii	"\344!\003\201\264A\346x\316HT\274d\305f/\367i\373\211"
 5117      B441E678 
 5117      CE4854BC 
 5117      64C5662F 
 5117      F769FB89 
 5118 18ce 3374F348 		.ascii	"3t\363H\030O\030|\343\202\013\303\006\3673\303\242\356"
 5118      184F187C 
 5118      E3820BC3 
 5118      06F733C3 
 5118      A2EE
 5119 18e0 070D5A04 		.ascii	"\007\015Z\004\360R\204\213\353\253\263\263,\001\356"
 5119      F052848B 
 5119      EBABB3B3 
 5119      2C01EE
 5120 18ef F7307325 		.ascii	"\3670s%2OB\206\004\211\267\261\"h\210\177\212g\356\360"
 5120      324F4286 
 5120      0489B7B1 
 5120      2268887F 
 5120      8A67EEF0 
 5121 1903 2E055FBB 		.ascii	".\005_\273t\251\223\314\200\352\224\225\351~\356\367"
 5121      74A993CC 
 5121      80EA9495 
ARM GAS  C:\Users\nello\AppData\Local\Temp\ccsMT4zx.s 			page 211


 5121      E97EEEF7 
 5122 1913 27F39D04 		.ascii	"'\363\235\004\362\271\215\320&0\244\025\350&P7c?~\266"
 5122      F2B98DD0 
 5122      2630A415 
 5122      E8265037 
 5122      633F7EB6 
 5123 1927 A6CF25C7 		.ascii	"\246\317%\307)\022Y$)\233\030\003\355\275]X\345\362"
 5123      29125924 
 5123      299B1803 
 5123      EDBD5D58 
 5123      E5F2
 5124 1939 D37BAA06 		.ascii	"\323{\252\006\002@\377\232\244M\036\272\207\242\222"
 5124      0240FF9A 
 5124      A44D1EBA 
 5124      87A292
 5125 1948 B6C6403D 		.ascii	"\266\306@=M\011\300~?\360tx\221\244mb\2477\310\233X"
 5125      4D09C07E 
 5125      3FF07478 
 5125      91A46D62 
 5125      A737C89B 
 5126 195d 2521E912 		.ascii	"%!\351\022\311\220\\7\026\267\375$\205\241\300\247e"
 5126      C9905C37 
 5126      16B7FD24 
 5126      85A1C0A7 
 5126      65
 5127 196e 12592A91 		.ascii	"\022Y*\221%\222\274\340\352*\370\016\265X\302]L'H7;"
 5127      2592BCE0 
 5127      EA2AF80E 
 5127      B558C25D 
 5127      4C274837 
 5128 1983 9D92773A 		.ascii	"\235\222w:\300\334u\303\260M,\261\372\326\025\213\373"
 5128      C0DC75C3 
 5128      B04D2CB1 
 5128      FAD6158B 
 5128      FB
 5129 1994 26966AA0 		.ascii	"&\226j\240\224.\011\2001\025\250 \200\375\274\322\236"
 5129      942E0980 
 5129      3115A820 
 5129      80FDBCD2 
 5129      9E
 5130 19a5 D56CB15C 		.ascii	"\325l\261\\u{\015#Srz\015\303\263aGv\"\033c\371\206"
 5130      757B0D23 
 5130      53727A0D 
 5130      C3B36147 
 5130      76221B63 
 5131 19bb 175F3C61 		.ascii	"\027_<a\231\203mx\313%\222,\221l\311e#\271\206\015n"
 5131      99836D78 
 5131      CB25922C 
 5131      916CC965 
 5131      23B9860D 
 5132 19d0 03D89D09 		.ascii	"\003\330\235\011\230U\022Y\3110J\025lw\352^/C\333\222"
 5132      98551259 
 5132      C9304A15 
 5132      6C77EA5E 
 5132      2F43DB92 
 5133 19e4 70EE222B 		.ascii	"p\356\"+\030\012\324\256\226\310\032\211d\311Q\312\277"
 5133      180AD4AE 
ARM GAS  C:\Users\nello\AppData\Local\Temp\ccsMT4zx.s 			page 212


 5133      96C81A89 
 5133      64C951CA 
 5133      BF
 5134 19f5 2347A004 		.ascii	"#G\240\004\356\271\030\304uV\245\305\314\233\275\011"
 5134      EEB918C4 
 5134      7556A5C5 
 5134      CC9BBD09 
 5135 1a05 B9955280 		.ascii	"\271\225R\200\233\330\265\006b\371\343\003B\317@(\232"
 5135      9BD8B506 
 5135      62F9E303 
 5135      42CF4028 
 5135      9A
 5136 1a16 80DA5180 		.ascii	"\200\332Q\200\271\254<3\025\363\214\2519%o\006)\002"
 5136      B9AC3C33 
 5136      15F38CA9 
 5136      39256F06 
 5136      2902
 5137 1a28 D920914D 		.ascii	"\331 \221M\356J\265x\347J\350\022Y\317`\240g\263D6\312"
 5137      EE4AB578 
 5137      E74AE812 
 5137      59CF60A0 
 5137      67B34436 
 5138 1a3d 8BA1B766 		.ascii	"\213\241\267f\373\027(\205o\351\233\\\343D\273\231\341"
 5138      FB172885 
 5138      6FE99B5C 
 5138      E344BB99 
 5138      E1
 5139 1a4e A9FBCE54 		.ascii	"\251\373\316TH\001n\002\363\\\005\322A0\365\031P\332"
 5139      48016E02 
 5139      F35C05D2 
 5139      4130F519 
 5139      50DA
 5140 1a60 28FE93E4 		.ascii	"(\376\223\344\206>_\237\253\317})@,\3109\274\300kB\000"
 5140      863E5F9F 
 5140      ABCF7D29 
 5140      402CC839 
 5140      BCC06B42 
 5141 1a75 6463A0B7 		.ascii	"dc\240\267\255m\317dyJ\331\001\342%\262\313\265\222"
 5141      AD6DCF64 
 5141      794AD901 
 5141      E225B2CB 
 5141      B592
 5142 1a87 DC5AC736 		.ascii	"\334Z\3076\006\002\375;\231\362\012\246\264\264\350"
 5142      0602FD3B 
 5142      99F20AA6 
 5142      B4B4E8
 5143 1a96 5E81C5BD 		.ascii	"^\201\305\275\315\354v\302\302\255\366\006\307\235\206"
 5143      CDEC76C2 
 5143      C2ADF606 
 5143      C79D86
 5144 1aa5 11EA8D0F 		.ascii	"\021\352\215\017\257\233%Mo\311u\263@\"\361\022)\320"
 5144      AF9B254D 
 5144      6FC975B3 
 5144      4022F112 
 5144      29D0
 5145 1ab7 6A22D7B5 		.ascii	"j\"\327\265&Z(\271D\331\313\011\005L\356>\211\354\227"
 5145      265A28B9 
ARM GAS  C:\Users\nello\AppData\Local\Temp\ccsMT4zx.s 			page 213


 5145      44D9CB09 
 5145      054CEE3E 
 5145      89EC97
 5146 1aca C81E8914 		.ascii	"\310\036\211\024Jd/\\\221\310\001\211\034\224\303\234"
 5146      4A642F5C 
 5146      91C80189 
 5146      1C94C39C 
 5147 1ada 7F529EE7 		.ascii	"\177R\236\347\237\212\344\201\210\034\352\266\244\333"
 5147      9F8AE481 
 5147      881CEAB6 
 5147      A4DB
 5148 1ae8 BBD6EEE4 		.ascii	"\273\326\356\344\333\322\026\211\254c\312y\234\365\363"
 5148      DBD21689 
 5148      AC63CA79 
 5148      9CF5F3
 5149 1af7 D5368460 		.ascii	"\3256\204`\321\346Hd!\303\360\"\322\027m\376eYN7\354"
 5149      D1E64864 
 5149      21C3F022 
 5149      D2176DFE 
 5149      65594E37 
 5150 1b0c 4F14317C 		.ascii	"O\0241|\357\222G\022y\331\226\310\0269$\362\314\335"
 5150      EF924712 
 5150      79D996C8 
 5150      163924F2 
 5150      CCDD
 5151 1b1e 22BEBF5F 		.ascii	"\"\276\277_8\305k\354>\014\303N\230Vu\376\351\275\265"
 5151      38C56BEC 
 5151      3E0CC34E 
 5151      985675FE 
 5151      E9BDB5
 5152 1b31 9363F225 		.ascii	"\223c\362%\262U\322c.Su/\315\252\352\351\361\014p\213"
 5152      B255D263 
 5152      2E53752F 
 5152      CDAAEAE9 
 5152      F10C708B 
 5153 1b45 5DC98FC7 		.ascii	"]\311\217\307\016\230\227\235O+\364y\013\037\002\247"
 5153      0E98979D 
 5153      4F2BF479 
 5153      0B1F02A7 
 5154 1b55 E724D57A 		.ascii	"\347$\325z\307;\312_&\207$r\221=\242\341\222Lpf\372"
 5154      C73BCA5F 
 5154      26872472 
 5154      913DA2E1 
 5154      924C7066 
 5155 1b6a BAD70F7F 		.ascii	"\272\327\017\177\267\353\255j\325\375\2104\240=v9,1"
 5155      B7EBAD6A 
 5155      D5FD8834 
 5155      A03D7639 
 5155      2C31
 5156 1b7c 71270E2F 		.ascii	"q'\016/\312\326=O\273\257\001\216p\300\361m\205\225"
 5156      CAD63D4F 
 5156      BBAF018E 
 5156      70C0F16D 
 5156      8595
 5157 1b8e 7CE42EFD 		.ascii	"|\344.\375\301\307R\000=\335\226V\244{\217\255Ds\376"
 5157      C1C75200 
 5157      3DDD9656 
ARM GAS  C:\Users\nello\AppData\Local\Temp\ccsMT4zx.s 			page 214


 5157      A47B8FAD 
 5157      4473FE
 5158 1ba1 2897955A 		.ascii	"(\227\225Z\323y\212w\357Rce\2476\267=\320\275?\266C"
 5158      D3798A77 
 5158      EF526365 
 5158      A736B73D 
 5158      D0BD3FB6 
 5159 1bb6 5B22651C 		.ascii	"[\"e\034\260\377\356\223|I}\255\013\266t\345\373r\011"
 5159      B0FFEE93 
 5159      7C497DAD 
 5159      0BB674E5 
 5159      FB7209
 5160 1bc9 EA824C06 		.ascii	"\352\202L\006H\343\206\301\303t$\217\356\337\311~\355"
 5160      48E386C1 
 5160      C374248F 
 5160      EEDFC97E 
 5160      ED
 5161 1bda 417F85C4 		.ascii	"A\177\205\304`|\0240\343\317&\007\027\326z\031\011;"
 5161      607C1430 
 5161      E3CF2607 
 5161      17D67A19 
 5161      093B
 5162 1bec C684554A 		.ascii	"\306\204UJ\014\351\301\232\317\207\370\333\304\365\216"
 5162      0CE9C19A 
 5162      CF87F8DB 
 5162      C4F58E
 5163 1bfb 723FBDE4 		.ascii	"r?\275\344*\211\034\007\201\244Zb<&zv\224\211^e\353"
 5163      2A891C07 
 5163      81A45A62 
 5163      3C267A76 
 5163      94895E65 
 5164 1c10 2EA5BC22 		.ascii	".\245\274\"\033_\347!'\270\341\351\013\033\336g\317"
 5164      1B5FE721 
 5164      27B8E1E9 
 5164      0B1BDE67 
 5164      CF
 5165 1c21 75E11616 		.ascii	"u\341\026\026\037\364^L]\225d\364;\367)\020uR\222\337"
 5165      1FF45E4C 
 5165      5D9564F4 
 5165      3BF72910 
 5165      755292DF 
 5166 1c35 9E3A7CB3 		.ascii	"\236:|\263`\350\035\376\366Tz\265\000\337\221\032\276"
 5166      60E81DFE 
 5166      F6547AB5 
 5166      00DF911A 
 5166      BE
 5167 1c46 15925A89 		.ascii	"\025\222Z\211\324\341\231\362k\313\356q\264`\264\233"
 5167      D4E199F2 
 5167      6BCBEE71 
 5167      B460B49B 
 5168 1c56 5EF64AD5 		.ascii	"^\366J\325\331\341\374\245\036\374\235\252\262Q\370"
 5168      D9E1FCA5 
 5168      1EFC9DAA 
 5168      B251F8
 5169 1c65 04F7B42C 		.ascii	"\004\367\264,\243^\"g$8Sdl\036G\017\033\313\310?\312"
 5169      A35E2267 
 5169      24385364 
ARM GAS  C:\Users\nello\AppData\Local\Temp\ccsMT4zx.s 			page 215


 5169      6C1E470F 
 5169      1BCBC83F 
 5170 1c7a 7E02431B 		.ascii	"~\002C\033\200\377\254\314\177N\"\015\022\234)\374k"
 5170      80FFACCC 
 5170      7F4E220D 
 5170      129C29FC 
 5170      6B
 5171 1c8b C6D1EAD1 		.ascii	"\306\321\352\321&\3320\232G\330\033\177/h<w\3030]\315"
 5171      26DA309A 
 5171      47D81B7F 
 5171      2F683C77 
 5171      C3305DCD 
 5172 1c9f 2CC24D12 		.ascii	",\302M\022`\026\245T\365KNQ\225{\356\005\211\341\320"
 5172      6016A554 
 5172      F54B4E51 
 5172      957BEE05 
 5172      89E1D0
 5173 1cb2 A2C17599 		.ascii	"\242\301u\231\373G\250\230\"w\314[\313\330\313\236\255"
 5173      FB47A898 
 5173      2277CC5B 
 5173      CBD8CB9E 
 5173      AD
 5174 1cc3 33E3734B 		.ascii	"3\343sK\343\307\223\213\0229/\221\371\032\256Q\"Q_?"
 5174      E3C7938B 
 5174      12392F91 
 5174      F91AAE51 
 5174      22515F3F 
 5175 1cd7 7B0344C5 		.ascii	"{\003D\30577]\320M\020\335\332\360\326\"\311\257\234"
 5175      37375DD0 
 5175      4D10DDDA 
 5175      F0D622C9 
 5175      AF9C
 5176 1ce9 CCBFFA78 		.ascii	"\314\277\372x\234\2068\244[\303\334\232\332\205C\361"
 5176      9C8638A4 
 5176      5BC3DC9A 
 5176      DA8543F1 
 5177 1cf9 BAB78FF6 		.ascii	"\272\267\217\366je\334\212Epy43\247\250\345z\372=\242"
 5177      6A65DC8A 
 5177      45707934 
 5177      33A7A8E5 
 5177      7AFA3DA2 
 5178 1d0d B7679B66 		.ascii	"\267g\233f\317\025\264'\037\354\021\007\262\327\346"
 5178      CF15B427 
 5178      1FEC1107 
 5178      B2D7E6
 5179 1d1c 7A1A0C6A 		.ascii	"z\032\014j9\002\271\306\272A\233\3344\241!\357iT6r>"
 5179      3902B9C6 
 5179      BA419BDC 
 5179      34A121EF 
 5179      69543672 
 5180 1d31 AA5D731D 		.ascii	"\252]s\035\325\300\270\344\241\312x\2031m\235\2238\374"
 5180      D5C0B8E4 
 5180      A1CA7883 
 5180      316D9D93 
 5180      38FC
 5181 1d43 3D2CA1A3 		.ascii	"=,\241\243Z\367\013\364u\315\313\033\334\313-\2133\357"
 5181      5AF70BF4 
ARM GAS  C:\Users\nello\AppData\Local\Temp\ccsMT4zx.s 			page 216


 5181      75CDCB1B 
 5181      DCCB2D8B 
 5181      33EF
 5182 1d55 E93AC353 		.ascii	"\351:\303S\355\035\347v\016\030\352\035\316\320\275"
 5182      ED1DE776 
 5182      0E18EA1D 
 5182      CED0BD
 5183 1d64 5676535B 		.ascii	"VvS[\254\035\030\206[r\035\214b\353'\227?l\017\000\276"
 5183      AC1D1886 
 5183      5B721D8C 
 5183      62EB2797 
 5183      3F6C0F00 
 5184 1d79 9A674F1F 		.ascii	"\232gO\037x\030\025\305\035V\024\267\261(.\325\017\366"
 5184      781815C5 
 5184      1D5614B7 
 5184      B1282ED5 
 5184      0FF6
 5185 1d8b 8DD017C5 		.ascii	"\215\320\027\305-\211t\342R\353\222\030\016\365_K>p"
 5185      2D8974E2 
 5185      52EB9218 
 5185      0EF55F4B 
 5185      3E70
 5186 1d9d DF4F5F14 		.ascii	"\337O_\024\256\030V\024\220\205\247\276<\013\335,\013"
 5186      AE185614 
 5186      9085A7BE 
 5186      3C0BDD2C 
 5186      0B
 5187 1dae 9B35E04D 		.ascii	"\2335\340M\314\302\243\327\351\003V\366e\373\332w\271"
 5187      CCC2A3D7 
 5187      E90356F6 
 5187      65FBDA77 
 5187      B9
 5188 1dbf 3C38EA91 		.ascii	"<8\352\221\364\277=\314?\335\252\177\206\335\253\205"
 5188      F4BF3DCC 
 5188      3FDDAA7F 
 5188      86DDAB85 
 5189 1dcf EC1EB3C8 		.ascii	"\354\036\263\3103g\351\236\032O\371\336\335y6\350\240"
 5189      3367E99E 
 5189      1A4FF9DE 
 5189      DD7936E8 
 5189      A0
 5190 1de0 A48F85FF 		.ascii	"\244\217\205\377\201D\356K\244_\236\225\006\006{\312"
 5190      8144EE4B 
 5190      A45F9E95 
 5190      06067BCA 
 5191 1df0 4FCBD369 		.ascii	"O\313\323i\012\273\203\357s\233Nqwz\306\237\335\337"
 5191      0ABB83EF 
 5191      739B4E71 
 5191      777AC69F 
 5191      DDDF
 5192 1e02 6333A52B 		.ascii	"c3\245+\204o\227\275\203}\242V\031}\006\225\261wmg\274"
 5192      846F97BD 
 5192      837DA256 
 5192      197D0695 
 5192      B1776D67 
 5193 1e17 EE7FADD0 		.ascii	"\356\177\255\320\211y\310\003\372\250\365`\225\356}"
 5193      8979C803 
ARM GAS  C:\Users\nello\AppData\Local\Temp\ccsMT4zx.s 			page 217


 5193      FAA8F560 
 5193      95EE7D
 5194 1e26 ACC75AC6 		.ascii	"\254\307Z\306\037q@\315\361u\203\272\265\323\254\001"
 5194      1F7140CD 
 5194      F17583BA 
 5194      B5D3AC01 
 5195 1e36 0638A07B 		.ascii	"\0068\240{\377\211\022\335\357\203w5\300c,\211\315c"
 5195      FF8912DD 
 5195      EF837735 
 5195      C0632C89 
 5195      CD63
 5196 1e48 E08E0F68 		.ascii	"\340\216\017h\017P\341\030`\030\321\225W\375\310S~\340"
 5196      0F50E118 
 5196      6018D195 
 5196      57FDC853 
 5196      7EE0
 5197 1e5a 81F168B9 		.ascii	"\201\361h\271^\277wZ9\237{.\012d\020\346\016\263\301"
 5197      5EBF775A 
 5197      399F7B2E 
 5197      0A6410E6 
 5197      0EB3C1
 5198 1e6d 03C1DEA4 		.ascii	"\003\301\336\244\212\024\345V\373\211\023F\367<i\325"
 5198      8A14E556 
 5198      FB891346 
 5198      F73C69D5 
 5199 1e7d 8614DDF3 		.ascii	"\206\024\335\363$\035\306}$T\246\206x\366rp\202\231"
 5199      241DC67D 
 5199      2454A686 
 5199      78F67270 
 5199      8299
 5200 1e8f 0CC35D8D 		.ascii	"\014\303]\215\2318\314\344\231D\346\232\345\361\177"
 5200      9938CCE4 
 5200      9944E69A 
 5200      E5F17F
 5201 1e9e ABAC348C 		.ascii	"\253\2544\214<u\267K\236#R\345\341\027\014\033\222\334"
 5201      3C75B74B 
 5201      9E2352E5 
 5201      E1170C1B 
 5201      92DC
 5202 1eb0 94F26C3E 		.ascii	"\224\362l>\345\331\344\217c\\lg\231\312\231\327]\356"
 5202      E5D9E48F 
 5202      635C6C67 
 5202      99CA99D7 
 5202      5DEE
 5203 1ec2 A3DB73E5 		.ascii	"\243\333s\345\311\370\270\360\003\006\002\333\216\005"
 5203      C9F8B8F0 
 5203      030602DB 
 5203      8E05
 5204 1ed0 275A75AF 		.ascii	"'Zu\257\034\317\327$/\000\004-\206\250\227\002U\000"
 5204      1CCFD724 
 5204      2F00042D 
 5204      86A89702 
 5204      5500
 5205 1ee2 9D00AA03 		.ascii	"\235\000\252\003:\003\324\000\3244F\236\261\341\366"
 5205      3A03D400 
 5205      D434469E 
 5205      B1E1F6
ARM GAS  C:\Users\nello\AppData\Local\Temp\ccsMT4zx.s 			page 218


 5206 1ef1 61E49553 		.ascii	"a\344\225S\313\372\211\372\024\274\224=\003\317m\322"
 5206      CBFA89FA 
 5206      14BC943D 
 5206      03CF6DD2 
 5207 1f01 3D035F68 		.ascii	"=\003_h&\031\232p\3353\360b\3559m\242;\306)\344\213"
 5207      26199A70 
 5207      DD33F062 
 5207      ED396DA2 
 5207      3BC629E4 
 5208 1f16 CDF81018 		.ascii	"\315\370\020\030\037\315f0\237V\232\311\0123Yf&\313"
 5208      1FCD6630 
 5208      9F569AC9 
 5208      0A335966 
 5208      26CB
 5209 1f28 CD24D34C 		.ascii	"\315$\323L\226\232I\272\231,\221C\237\177P\023\234\344"
 5209      969A49BA 
 5209      992C9143 
 5209      9F7F5013 
 5209      9CE4
 5210 1f3a 24581FFB 		.ascii	"$X\037\373]\032h\221\023H\027\373\335\032&\305\035#"
 5210      5D1A6891 
 5210      134817FB 
 5210      DD1A26C5 
 5210      1D23
 5211 1f4c 0BDAA981 		.ascii	"\013\332\251\201R\235@\272\373\274\035\032&\315\015"
 5211      529D40BA 
 5211      FBBC1D1A 
 5211      26CD0D
 5212 1f5b C3751569 		.ascii	"\303u\025i\220dw\243Y\246\023\326m?\255\033\231t\230"
 5212      906477A3 
 5212      59A613D6 
 5212      6D3FAD1B 
 5212      997498
 5213 1f6e 556696D3 		.ascii	"Uf\226\323\253\351g\256xj#\223\373\033\365\225\253/"
 5213      ABE967AE 
 5213      786A2393 
 5213      FB1BF595 
 5213      AB2F
 5214 1f80 66593480 		.ascii	"fY4\200\333\273\226\0009\270\241+\317W\203\204\253\210"
 5214      DBBB9600 
 5214      39B8A12B 
 5214      CF578384 
 5214      AB88
 5215 1f92 303E02B6 		.ascii	"0>\002\266\344\017\351\026\355\\M\302\032n"
 5215      E40FE916 
 5215      ED5C4DC2 
 5215      1A6E
 5216 1fa0 C3FE8CC4 		.ascii	"\303\376\214\304m\222\306\357\3766\363\265M\227\322"
 5216      6D92C6EF 
 5216      FE36F3B5 
 5216      4D97D2
 5217 1faf 3DD8B389 		.ascii	"=\330\263\211\322\037z\011\273\345\266\343\222n\303"
 5217      D21F7A09 
 5217      BBE5B6E3 
 5217      926EC3
 5218 1fbe 28D7E4E4 		.ascii	"(\327\344\344b}^\034\3037\2141\254\022\363\371\2061"
 5218      627D5E1C 
ARM GAS  C:\Users\nello\AppData\Local\Temp\ccsMT4zx.s 			page 219


 5218      C3378C31 
 5218      AC12F3F9 
 5218      8631
 5219 1fd0 1AED1FAC 		.ascii	"\032\355\037\2549\340i\264al2\343\206\261\021g\271U"
 5219      39E069B4 
 5219      616C32E3 
 5219      86B11167 
 5219      B955
 5220 1fe2 393B0B3C 		.ascii	"9;\013<\364\033\306\0063Yo\306y\313\314p\354\207\372"
 5220      F41BC606 
 5220      33596FC6 
 5220      79CBCC70 
 5220      EC87FA
 5221 1ff5 F8E21B44 		.ascii	"\370\342\033D\277a\270b\330\206\261"
 5221      BF61B862 
 5221      D886B1
 5222 2000 6FB0F792 		.ascii	"o\260\367\222\017\3370\362\314\270a\324j\300uf\3300"
 5222      0FDF30F2 
 5222      CCB861D4 
 5222      6AC07566 
 5222      D830
 5223 2012 DA5F0359 		.ascii	"\332_\003Y\207\217n\\\252k\205'4_\266\242/\035\362z"
 5223      878F6E5C 
 5223      AA6B8527 
 5223      345FB6A2 
 5223      2F1DF27A 
 5224 2026 DA827EA7 		.ascii	"\332\202~\247\324\246.!F\366\357`\366w\342\206wp\177"
 5224      D4A62E21 
 5224      46F6EF60 
 5224      F677E286 
 5224      77707F
 5225 2039 FF232FBD 		.ascii	"\377#/\275\375\333\315\340\030`v\232\031\016\355\257"
 5225      FDDBCDE0 
 5225      1860769A 
 5225      190EEDAF 
 5226 2049 3FBBE4A2 		.ascii	"?\273\344\242\244\267\337\025\203\366\347\327\3459\026"
 5226      A4B7DF15 
 5226      83F6E7D7 
 5226      E53916
 5227 2058 FA83F1BB 		.ascii	"\372\203\361\273\230\361\2475\32464~\037\032\237;x\263"
 5227      98F1A735 
 5227      D436347E 
 5227      1F1A9F3B 
 5227      78B3
 5228 206a 4F37C01C 		.ascii	"O7\300\034\322\006\230|4\276o\014\227tj+\227\304\247"
 5228      D206987C 
 5228      34BE6F0C 
 5228      97746A2B 
 5228      97C4A7
 5229 207d 9773DAF4 		.ascii	"\227s\332\364\262\007%\265\276\212\357+m^\256\277}\250"
 5229      B20725B5 
 5229      BE8AEF2B 
 5229      6D5EAEBF 
 5229      7DA8
 5230 208f D6F694BD 		.ascii	"\326\366\224\275(\351\231\234\322\221,\030\351<\245"
 5230      28E9999C 
 5230      D2912C18 
ARM GAS  C:\Users\nello\AppData\Local\Temp\ccsMT4zx.s 			page 220


 5230      E93CA5
 5231 209e 2FA1BBED 		.ascii	"/\241\273\355\207kD\243\220\024\261\220\024bJ\323\327"
 5231      876B44A3 
 5231      9014B190 
 5231      14624AD3 
 5231      D7
 5232 20af 161FB0E8 		.ascii	"\026\037\260\350Cr\300L\366\243#\007\315\014\207!Ys"
 5232      4372C04C 
 5232      F6A32307 
 5232      CD0C8721 
 5232      5973
 5233 20c1 7B71AE53 		.ascii	"{q\256SJ]1\314\2215\333\271#\207XHnh\250}\350\310\362"
 5233      4A5D31CC 
 5233      9135DBB9 
 5233      23875848 
 5233      6E68A87D 
 5234 20d8 5769F258 		.ascii	"Wi\362X\236\256fn\256\005$\037\331\\\233\356kd\341Q"
 5234      9EAE666E 
 5234      AE05241F 
 5234      D95C9BEE 
 5234      6B64E151 
 5235 20ec 6661095A 		.ascii	"fa\011Z\030\277\353\356rAo\341\0213\314\264\200)53\034"
 5235      18BFEBEE 
 5235      72416FE1 
 5235      1133CCB4 
 5235      80293533 
 5236 2101 DB334F2D 		.ascii	"\3333O-\313\360\322[\350\212a\026&\357\344\026\2261"
 5236      CBF0D25B 
 5236      E88A6116 
 5236      26EFE416 
 5236      9631
 5237 2113 0B3B35D4 		.ascii	"\013;5\324a\264p\327+t\371X\016,\332\251\317\311m-'"
 5237      61B470D7 
 5237      2B74F958 
 5237      0E2CDAA9 
 5237      CFC96D2D 
 5238 2128 1508EC7B 		.ascii	"\025\010\354{\031\237/-\272\223\255\373\241g\245V\232"
 5238      199F2F2D 
 5238      BA93ADFB 
 5238      A167A556 
 5238      9A
 5239 2139 C7B849CB 		.ascii	"\307\270I\313\236\014d\353j\267BK\377qLZ\356X\036\005"
 5239      9E0C64EB 
 5239      6AB7424B 
 5239      FF714C5A 
 5239      EE581E05 
 5240 214d 5F16924E 		.ascii	"_\026\222N\344\270\336\262'\333pd;\301\202q\\\304\273"
 5240      E4B8DEB2 
 5240      27DB7064 
 5240      3BC18271 
 5240      5CC4BB
 5241 2160 BF8D69F5 		.ascii	"\277\215i\365N\025\\c&\325\030\344Z3\303\261w\316V^"
 5241      4E155C63 
 5241      26D518E4 
 5241      5A33C3B1 
 5241      77CE565E 
 5242 2174 4BB4E883 		.ascii	"K\264\350\203\341\212a>\336\226}<\311\202qWCU\241\217"
ARM GAS  C:\Users\nello\AppData\Local\Temp\ccsMT4zx.s 			page 221


 5242      E18A613E 
 5242      DE967D3C 
 5242      C9827157 
 5242      4355A18F 
 5243 2188 B5E8E3C1 		.ascii	"\265\350\343\301\306\2065\272\033\305{\232\217u\\S\327"
 5243      C68635BA 
 5243      1BC57B9A 
 5243      8F755C53 
 5243      D7
 5244 2199 FE1B3B75 		.ascii	"\376\033;u\275f\221\0068\315\001\235\005\213\036\352"
 5244      BD669106 
 5244      38CD019D 
 5244      058B1EEA 
 5245 21a9 36CB766D 		.ascii	"6\313vmT\251\347\200\376\256\305;u\323^\213\0068\303"
 5245      54A9E780 
 5245      FEAEC53B 
 5245      75D35E8B 
 5245      0638C3
 5246 21bc 015B96E5 		.ascii	"\001[\226\345?\320\365\315\006-\214g\345\342\254}\364"
 5246      3FD0F5CD 
 5246      062D8C67 
 5246      E5E2AC7D 
 5246      F4
 5247 21cd 80BF6C54 		.ascii	"\200\277lT\372\274ww\346\235\272\231\242\353\3775\232"
 5247      FABC7777 
 5247      E69DBA99 
 5247      A2EBFF35 
 5247      9A
 5248 21de 8C064CC5 		.ascii	"\214\006L\305v9\353\305{\022\034$\323!\312\365\321\247"
 5248      7639EBC5 
 5248      7B121C24 
 5248      D321CAF5 
 5248      D1A7
 5249 21f0 D5472386 		.ascii	"\325G#\206d`,\210:?\324\236\242\033\357\256i\3666\311"
 5249      64602C88 
 5249      3A3FD49E 
 5249      A21BEFAE 
 5249      69F636C9 
 5250 2204 ED2FA5FC 		.ascii	"\355/\245\374\226\316\241n\335N\201\272\016\310k\240"
 5250      96CEA16E 
 5250      DD4E81BA 
 5250      0EC86BA0 
 5251 2214 9E67DF0B 		.ascii	"\236g\337\013\237\215?:\177\204\032\245\275\205\245"
 5251      9F8D3F3A 
 5251      7F841AA5 
 5251      BD85A5
 5252 2223 FD92993D 		.ascii	"\375\222\231=\262my\3424\251_4\303\342\300\233%3\303"
 5252      B26D79E2 
 5252      34A95F34 
 5252      C3E2C09B 
 5252      2533C3
 5253 2236 A1E6CD7B 		.ascii	"\241\346\315{:2\251>\355\256\030\346\344]\305\311V\346"
 5253      3A32A93E 
 5253      EDAE18E6 
 5253      E45DC5C9 
 5253      56E6
 5254 2248 E48006BB 		.ascii	"\344\200\006\273\200N\026\214\245e\262\211\013\261\253"
ARM GAS  C:\Users\nello\AppData\Local\Temp\ccsMT4zx.s 			page 222


 5254      804E168C 
 5254      A565B289 
 5254      0BB1AB
 5255 2257 AE3EBAA0 		.ascii	"\256>\272\240\313\260\205\2641\343\266cM\256\332ZV\346"
 5255      CBB085B4 
 5255      31E3B663 
 5255      4DAEDA5A 
 5255      56E6
 5256 2269 A337EE9A 		.ascii	"\2437\356\232\031z\013`\256\233\031\216\375\262\321"
 5256      197A0B60 
 5256      AE9B198E 
 5256      FDB2D1
 5257 2278 5AB8C469 		.ascii	"Z\270\304i\201\272b\230q%{e\343n0\343\236h\260\253h"
 5257      81BA6298 
 5257      71257B65 
 5257      E36E30E3 
 5257      9E68B0AB 
 5258 228d 5CCB1890 		.ascii	"\\\313\030\220TW\321\332\255\233\237\267\352n\210\270"
 5258      5457D1DA 
 5258      AD9B9FB7 
 5258      EA6E88B8 
 5259 229d AACACDDB 		.ascii	"\252\312\315\333\206t+\363\230\226\242\233\034\220\270"
 5259      86742BF3 
 5259      9896A29B 
 5259      1C90B8
 5260 22ac A3EAA84E 		.ascii	"\243\352\250N\302i\015\320\311\001w\273\033\273tu\257"
 5260      C2690DD0 
 5260      C90177BB 
 5260      1BBB7475 
 5260      AF
 5261 22bd DEBDE27B 		.ascii	"\336\275\342{\303\352\375k[\322\336s\272[\273[\332P"
 5261      C3EAFD6B 
 5261      5BD2DE73 
 5261      BA5BBB5B 
 5261      DA50
 5262 22cf 711B137D 		.ascii	"q\033\023}R^\337#X,{\221\243\361@\374*o\243X\336e\261"
 5262      525EDF23 
 5262      582C7B91 
 5262      A3F140FC 
 5262      2A6FA358 
 5263 22e6 ACC6446F 		.ascii	"\254\306DoK\330\275\333\251\331u\233I\027\006\240\307"
 5263      4BD8BDDB 
 5263      A9D9759B 
 5263      491706A0 
 5263      C7
 5264 22f7 CC706CD2 		.ascii	"\314pl\322\330~\177\243\323\372v\305\360\035\252P\216"
 5264      D87E7FA3 
 5264      D3FA76C5 
 5264      F01DAA50 
 5264      8E
 5265 2308 652F8B25 		.ascii	"e/\213%\230\241\300\356`,;F\321&\271\356S\017\312H\276"
 5265      98A1C0EE 
 5265      602C3B46 
 5265      D126B9EE 
 5265      530FCA48 
 5266 231d 99ADA4EA 		.ascii	"\231\255\244\352f\326\207\3105\243h\033G\366V\037lp"
 5266      66D687C8 
ARM GAS  C:\Users\nello\AppData\Local\Temp\ccsMT4zx.s 			page 223


 5266      35A3681B 
 5266      47F6561F 
 5266      6C70
 5267 232f F8E73B3C 		.ascii	"\370\347;<\345\246\221M\325\246\321\217\310\272\000"
 5267      E5A6914D 
 5267      D5A6D18F 
 5267      C8BA00
 5268 233e DA2DCBEC 		.ascii	"\332-\313\354Qdr\344Z\015\371\020\221\203#\361\225\226"
 5268      516472E4 
 5268      5A0DF910 
 5268      918323F1 
 5268      9596
 5269 2350 C64BDDBA 		.ascii	"\306K\335\272\0152K[\226\003\334\321\246\276\275Otk"
 5269      0D324B5B 
 5269      9603DCD1 
 5269      A6BEBD4F 
 5269      746B
 5270 2362 A95F77A3 		.ascii	"\251_w\243\303\001\333/\024]\264h\200MZ-\014\342LK\247"
 5270      C301DB2F 
 5270      145DB468 
 5270      804D5A2D 
 5270      0CE24C4B 
 5271 2377 BC6FF20A 		.ascii	"\274o\362\012\266\315\234\365\201\365\235\231&KH\264"
 5271      B6CD9CF5 
 5271      81F59D99 
 5271      264B48B4 
 5272 2387 CD6E9DF3 		.ascii	"\315n\235\363\316\314i&\357\220\360/#fZ?\211\2301\343"
 5272      CECC6926 
 5272      EF90F02F 
 5272      23665A3F 
 5272      899831E3 
 5273 239b EBB7DF7D 		.ascii	"\353\267\337}w\022\374\027\022\036\361MDt\354\324)S"
 5273      7712FC17 
 5273      121EF14D 
 5273      4474ECD4 
 5273      2953
 5274 23ad A64C8A8E 		.ascii	"\246L\212\216\235d\263O\212\265\205\300U{\270\315\032"
 5274      9D64B34F 
 5274      8AB585C0 
 5274      557BB8CD 
 5274      1A
 5275 23be 1C1AFB6E 		.ascii	"\034\032\373n\210\347\357\376\370\347\361\323\247|`"
 5275      88E7EFFE 
 5275      F8E7F1D3 
 5275      A77C60
 5276 23cd 1AADBBF8 		.ascii	"\032\255\273\370n\310\207S\255\223\247L\263\232\274"
 5276      6EC88753 
 5276      AD93A74C 
 5276      B39ABC
 5277 23dc 62BF8FB5 		.ascii	"b\277\217\265\203\314 \273/\034ED\331\255\266Y\301\221"
 5277      83CC20BB 
 5277      2F1C4544 
 5277      D9ADB659 
 5277      C191
 5278 23ee 41F677A6 		.ascii	"A\366w\246\377\363\337\246\243\354@{\\hD\364\337fG\333"
 5278      FFF3DFA6 
 5278      A3EC407B 
ARM GAS  C:\Users\nello\AppData\Local\Temp\ccsMT4zx.s 			page 224


 5278      5C6844F4 
 5278      DF6647DB 
 5279 2402 BE8B8D09 		.ascii	"\276\213\215\011\016\261\006\305\305Zm\177\373\2355"
 5279      0EB106C5 
 5279      C55A6D7F 
 5279      FB9D35
 5280 2411 D61E67B3 		.ascii	"\326\036g\263\376!:,\"d\3264\323\317\236gLDTHd\\\250"
 5280      FE213A2C 
 5280      2264D634 
 5280      D3CF9E67 
 5280      4C445448 
 5281 2428 150D0225 		.ascii	"\025\015\002%\357\206\233\374\271\013\237\306~\032\365"
 5281      EF869BFC 
 5281      B90B9FC6 
 5281      7E1AF5
 5282 2437 45705498 		.ascii	"EpT\230\365k)\350\327\321\321\221>!\341A\221\021\261"
 5282      F56B29E8 
 5282      D7D1D191 
 5282      3E21E141 
 5282      9111B1
 5283 244a F6A088A8 		.ascii	"\366\240\210\250\010\273\207|\342\245\\\264\377\374"
 5283      08BB877C 
 5283      E2A55CB4 
 5283      FFFC
 5284 2458 C7E52330 		.ascii	"\307\345#0\226+\340LQ\321v\353\314\030\373\367\252\350"
 5284      962BE04C 
 5284      51D176EB 
 5284      CC18FBF7 
 5284      AAE8
 5285 246a C888A8EF 		.ascii	"\310\210\250\357F('qQx\352\013\247\377\210\263\306Y"
 5285      46282771 
 5285      5178EA0B 
 5285      A7FF88B3 
 5285      C659
 5286 247c 995E4FE5 		.ascii	"\231^O\345\314\242^\266\277\244\036*\362\374t<\020\012"
 5286      CCA25EB6 
 5286      BFA41E2A 
 5286      F2FC743C 
 5286      100A
 5287 248e FB28F57C 		.ascii	"\373(\365|F\304\214\350 \233uf\364,\253\277z1\324\312"
 5287      46C48CE8 
 5287      209B7566 
 5287      F42CABBF 
 5287      7A31D4CA 
 5288 24a2 3EC197C0 		.ascii	">\301\227\300\357c\377\020\035\362\335\304\037\367\005"
 5288      EF63FF10 
 5288      1DF2DDC4 
 5288      1FF705
 5289 24b1 32019E78 		.ascii	"2\001\236x3\226?GE\002\023\030\372ex\350\357\254\366"
 5289      33963F47 
 5289      45021318 
 5289      FA6578E8 
 5289      EFACF6
 5290 24c4 406BE48C 		.ascii	"@k\344\214\25710<\227\236\374#\310\376\213\027\310\200"
 5290      AF31303C 
 5290      979EFC23 
 5290      C8FE8B17 
ARM GAS  C:\Users\nello\AppData\Local\Temp\ccsMT4zx.s 			page 225


 5290      C880
 5291 24d6 9CFD70D3 		.ascii	"\234\375p\323(E\332W\220\325\210\250\260\217\341\213"
 5291      2845DA57 
 5291      90D588A8 
 5291      B08FE18B 
 5292 24e6 AF2DB1F6 		.ascii	"\257-\261\366\357\202##\302\242\202\354\001\354\373"
 5292      EF822323 
 5292      C2A282EC 
 5292      01ECFB
 5293 24f5 4FA23FE1 		.ascii	"O\242?\341\266\377\321:\307\376\251436,\310\356\257"
 5293      B6FFD13A 
 5293      C7FEA934 
 5293      33362CC8 
 5293      EEAF
 5294 2507 6A8EE5FE 		.ascii	"j\216\345\376\3719\235\005\331\275\031k`\244\325\032"
 5294      F9399D05 
 5294      D9BD196B 
 5294      60A4D51A 
 5295 2517 13181003 		.ascii	"\023\030\020\003\225\033\204\211\267\005\205Y\371\321"
 5295      951B8489 
 5295      B7058559 
 5295      F9D1
 5296 2525 34433BC3 		.ascii	"4C;\303\203#\341\003\376\261\331\337\211\212\210\204"
 5296      8323E103 
 5296      FEB1D9DF 
 5296      898A8884 
 5297 2535 AFA1E8AD 		.ascii	"\257\241\350\255\234\025\354\035\031\022\376\357_\242"
 5297      9C15EC1D 
 5297      1912FEEF 
 5297      5FA2
 5298 2543 F350ABD6 		.ascii	"\363P\253\326\231X?\317/\177\315\337Yv`})\010\354\015"
 5298      99583FCF 
 5298      2F7FCDDF 
 5298      5976607D 
 5298      2908EC0D 
 5299 2557 0D8AFEE6 		.ascii	"\015\212\376\346[k\210\\]\366\030[Dt\220]\014\011\017"
 5299      5B6B885C 
 5299      5DF6185B 
 5299      4474905D 
 5299      0C090F
 5300 256a B6613D44 		.ascii	"\266a=D\307b&\355\301Q!V_\335q\220\375\271\231rYb\270"
 5300      C76226ED 
 5300      C1512156 
 5300      5FDD7190 
 5300      FDB99972 
 5301 2581 B4C0E9E9 		.ascii	"\264\300\351\351pj\267\006\306\305\306X\243B\255\241"
 5301      706AB706 
 5301      C6C5C658 
 5301      A342ADA1 
 5302 2591 9F06C8B9 		.ascii	"\237\006\310\271\011\265\306\206\330\"b\354\3216\210"
 5302      09B5C686 
 5302      D82262EC 
 5302      D13688
 5303 25a0 6C50100F 		.ascii	"lP\020\017\012\377\0124\331\354\037\030\252\011\211"
 5303      0AFF0A34 
 5303      D9EC1F18 
 5303      AA0989
ARM GAS  C:\Users\nello\AppData\Local\Temp\ccsMT4zx.s 			page 226


 5304 25af 9E39333A 		.ascii	"\23693:j\022\242c'}\374\305g\263>x\347\263w>\376\303"
 5304      6A12A263 
 5304      277DFCC5 
 5304      67B33E78 
 5304      E7B3773E 
 5305 25c5 97726CD4 		.ascii	"\227rl\324,\272h\365\321]\374\324[w\362\222\036m\017"
 5305      2CBA68F5 
 5305      D15DFCD4 
 5305      5B77F292 
 5305      1E6D0F
 5306 25d8 B6478478 		.ascii	"\266G\204x\330g\304E\205\004\331\315\261\021\377\001"
 5306      D867C445 
 5306      8504D9CD 
 5306      B111FF01 
 5307 25e8 DE5A78E6 		.ascii	"\336Zx\346\320\"\316\367qh\350\027\326\031\\\340\027"
 5307      D022CEF7 
 5307      7168E817 
 5307      D6195CE0 
 5307      17
 5308 25f9 D6486B70 		.ascii	"\326Hkp\254\225c~3'\302\036\350\245\036\362\243\257"
 5308      AC95637E 
 5308      3327C21E 
 5308      E8A51EF2 
 5308      A3AF
 5309 260b 8223B03A 		.ascii	"\202#\260:P\204\325\3769D\330\026a\377~\004\273\360"
 5309      5084D5FE 
 5309      3944D816 
 5309      61FF7E04 
 5309      BBF0
 5310 261d A5D53633 		.ascii	"\245\32563\"\012\364Z\264\342\360\323\016\377\034e\217"
 5310      220AF45A 
 5310      B4E2F0D3 
 5310      0EFF1C65 
 5310      8F
 5311 262e 881CEB72 		.ascii	"\210\034\353r\376UDTh\364lk(g\371K\20452\224\257\001"
 5311      FE554454 
 5311      68F46C6B 
 5311      2867F94B 
 5311      84353294 
 5312 2644 D9D3C091 		.ascii	"\331\323\300\221r\010m\326\031V\233\225\345k\224\036"
 5312      72086DD6 
 5312      19569B95 
 5312      E56B941E 
 5313 2654 8055121D 		.ascii	"\200U\022\035g\017T\354\217\215\203\256\243?\011\364"
 5313      670F54EC 
 5313      8F8D83AE 
 5313      A33F09F4 
 5314 2664 D69D70D6 		.ascii	"\326\235p\326\337D\261*VXy\310\364\213\300_\177\345"
 5314      DF44B12A 
 5314      565879C8 
 5314      F48BC05F 
 5314      7FE5
 5315 2676 E3C8488C 		.ascii	"\343\310H\214p`H\370\027`\310\367\237\276@\023\214\015"
 5315      706048F8 
 5315      1760C8F7 
 5315      9FBE4013 
 5315      8C0D
ARM GAS  C:\Users\nello\AppData\Local\Temp\ccsMT4zx.s 			page 227


 5316 2688 090FE599 		.ascii	"\011\017\345\231\003\256\337E3w\025m\236v\250\006;\270"
 5316      03AEDF45 
 5316      3377156D 
 5316      9E76A806 
 5316      3BB8
 5317 269a E1136B87 		.ascii	"\341\023k\207Z\237\036\035\207\315\330\207A\277\012"
 5317      5A9F1E1D 
 5317      87CDD887 
 5317      41BF0A
 5318 26a9 FECE1A17 		.ascii	"\376\316\032\027\023\010\301\370\034\232\345omV\253"
 5318      1308C1F8 
 5318      1C9AE56F 
 5318      6D56AB
 5319 26b8 EF4CE833 		.ascii	"\357L\3503\266\357\241\232\242\241[O6T\035\035\033\031"
 5319      B6EFA19A 
 5319      A2A15B4F 
 5319      36541D1D 
 5319      1B19
 5320 26ca F18D4E3B 		.ascii	"\361\215N;\260 \034;\000H\372\027kp\014Jza\336p`@^_"
 5320      B0201C3B 
 5320      0048FA17 
 5320      6B700C4A 
 5320      7A61DE70 
 5321 26e2 BDF581FE 		.ascii	"\275\365\201\376AA\337\304ED\332#\242\202\254sb`\221"
 5321      4141DFC4 
 5321      4544DA23 
 5321      A282AC73 
 5321      626091
 5322 26f5 4921D1B0 		.ascii	"I!\321\260\202D\250\227\031\036\3203\303m\321\263\375"
 5322      8244A897 
 5322      191ED033 
 5322      C36DD1B3 
 5322      FD
 5323 2706 E52881FB 		.ascii	"\345(\201\373\326\320\270Hk \027\361I4\313k \015\011"
 5323      D6D0B848 
 5323      6B2017F1 
 5323      4934CB6B 
 5323      200D09
 5324 2719 9F6C9919 		.ascii	"\237l\231\031\014\233\017\357i\360O$\256Q\217\231\366"
 5324      0C9B0FEF 
 5324      69F04F24 
 5324      AE518F99 
 5324      F6
 5325 272a 39D8ACB1 		.ascii	"9\330\254\261/\317\214\203=\320\323\212\231\205\206"
 5325      2FCF8C83 
 5325      3DD0D38A 
 5325      998586
 5326 2739 E56D9D65 		.ascii	"\345m\235e\215\262\317\014\216\375.\310\356\011\215"
 5326      8DB2CF0C 
 5326      8EFD2EC8 
 5326      EE098D
 5327 2748 89E5438C 		.ascii	"\211\345C\214\202\024\21116\353,\217\331P\214\000#q"
 5327      82148931 
 5327      36EB2C8F 
 5327      D9508C00 
 5327      2371
 5328 275a 66EB6C44 		.ascii	"f\353lD\231g\333AV\014|\304B\014pG\200\317\340\230p"
ARM GAS  C:\Users\nello\AppData\Local\Temp\ccsMT4zx.s 			page 228


 5328      9967DB41 
 5328      560C7CC4 
 5328      420C7047 
 5328      80CFE098 
 5329 276f 58481EB1 		.ascii	"XH\036\261()6L\232m\267\333\020\001\255\"\306\323\012"
 5329      2829364C 
 5329      9A6DB7DB 
 5329      1001AD22 
 5329      C6D30A
 5330 2782 751D121D 		.ascii	"u\035\022\035j5\333B\277\207/_\240\273\362\016\203\361"
 5330      6A35DB42 
 5330      BF872F5F 
 5330      A0BBF20E 
 5330      83F1
 5331 2794 11A12463 		.ascii	"\021\241$c=\354\370o\220]\232\021\031\034\006g3A\030"
 5331      3DECF86F 
 5331      905D9A11 
 5331      191C0667 
 5331      334118
 5332 27a7 9CB1149B 		.ascii	"\234\261\024\233g\007\177\003\213I\214\012\236i\225"
 5332      67077F03 
 5332      8B498C0A 
 5332      9E6995
 5333 27b6 A2674759 		.ascii	"\242gGYmf\033\363\200\206\330\347\000wX\2549\322\006"
 5333      6D661BF3 
 5333      8086D8E7 
 5333      007758AC 
 5333      39D206
 5334 27c9 D10CF18C 		.ascii	"\321\014\361\214\203\230\274"
 5334      8398BC
 5335 27d0 3735C84E 		.ascii	"75\310NmS\246\000M\026l\277\022l\037\012\266\017\004"
 5335      6D53A600 
 5335      4D166CBF 
 5335      126C1F0A 
 5335      B60F04
 5336 27e3 DBFB82ED 		.ascii	"\333\373\202\355\227\202m\232\007J\202`y\263\266\002"
 5336      97826D9A 
 5336      074A8260 
 5336      79B3B602 
 5337 27f3 701021C4 		.ascii	"p\020!\304\306\360S\210\007\234\372\260c\310\012D\320"
 5337      C6F05388 
 5337      079CFAB0 
 5337      63C80A44 
 5337      D0
 5338 2804 4EC3436D 		.ascii	"N\303Cm\346\030\246\015\267\266\030y\241\362\366\035"
 5338      E618A60D 
 5338      B7B61879 
 5338      A1F2F61D 
 5339 2814 E0762508 		.ascii	"\340v%\010\003\032\021-\361\000c2$VCf\0207#\"l\264s"
 5339      031A112D 
 5339      F1006332 
 5339      24564366 
 5339      10372322 
 5340 282b FB0CE257 		.ascii	"\373\014\342WG\271_\0029\266\031!q\270\263\343\247\210"
 5340      47B95F02 
 5340      39B61921 
 5340      71B8B3E3 
ARM GAS  C:\Users\nello\AppData\Local\Temp\ccsMT4zx.s 			page 229


 5340      A788
 5341 283d 49F1C6A3 		.ascii	"I\361\306\243 \236\304\027X;\210\206\350\232\031\027"
 5341      209EC417 
 5341      583B8886 
 5341      E89A1917 
 5342 284d CC08B841 		.ascii	"\314\010\270AD\204z\311\237p\005\002\207\006z\243\016"
 5342      44847AC9 
 5342      9F700502 
 5342      87067AA3 
 5342      0E
 5343 285e 6B181CD9 		.ascii	"k\030\034\331\276\267(\007\320\345f\331Y-E\006\307\332"
 5343      BEB72807 
 5343      D0E566D9 
 5343      592D4506 
 5343      C7DA
 5344 2870 715F9142 		.ascii	"q_\221B\361\024\007\200Pk\244=\230M\005~Ng\220.v2\006"
 5344      F1140780 
 5344      506BA43D 
 5344      984D057E 
 5344      4E67902E 
 5345 2887 AECE8AB0 		.ascii	"\256\316\212\260\331\343p.\302\035)\226O'(\011\234\234"
 5345      D9E3702E 
 5345      C21D2996 
 5345      4F272809 
 5345      9C9C
 5346 2899 19C3D2F4 		.ascii	"\031\303\322\364\376\264 \373h\003\030H\261)\232\260"
 5346      FEB420FB 
 5346      68031848 
 5346      B1299AB0 
 5347 28a9 BABF6757 		.ascii	"\272\277gW=B\342l\320\265\354>\332%\310r\3507ahB,\333"
 5347      3D42E26C 
 5347      D0B5EC3E 
 5347      DA25C872 
 5347      E8376168 
 5348 28c0 E6C0926F 		.ascii	"\346\300\222o\342\302\274b\202\243\"B\202\240\006_`"
 5348      E2C2BC62 
 5348      82A32242 
 5348      82A0065F 
 5348      60
 5349 28d1 06621C10 		.ascii	"\006b\034\020\243\021z\0110\331\005A\271\333\203~\375"
 5349      A3117A09 
 5349      30D90541 
 5349      B9DB837E 
 5349      FD
 5350 28e2 71E06F3E 		.ascii	"q\340o>\377\342S\337\340\310\331\301\337c\206`\002\262"
 5350      FFE253DF 
 5350      E0C8D9C1 
 5350      DF638660 
 5350      02B2
 5351 28f4 4EFFA1CD 		.ascii	"N\377\241\315\007\352\005\267\236I\323?\013\3744p\322"
 5351      07EA05B7 
 5351      9E49D33F 
 5351      0BFC3470 
 5351      D2
 5352 2905 7488F4A4 		.ascii	"t\210\364\244O\025e3c#b\203\302BB@\235\027+0\034Sx\331"
 5352      4F156533 
 5352      63236283 
ARM GAS  C:\Users\nello\AppData\Local\Temp\ccsMT4zx.s 			page 230


 5352      C2424240 
 5352      9D172B30 
 5353 291d C5B191C5 		.ascii	"\305\261\221\305;(\210\355/A\357Ny\337S9\326]\374\245"
 5353      3B2888ED 
 5353      2F41EF4E 
 5353      79DF5339 
 5353      D65DFCA5 
 5354 2931 EE789A07 		.ascii	"\356x\232\007[\337?\260\345\352:\221}\016\350\224\220"
 5354      5BDF3FB0 
 5354      E5EA3A91 
 5354      7D0EE894 
 5354      90
 5355 2942 35469C0D 		.ascii	"5F\234\015\375@\232\215k\200\006\333\302\30491\2616"
 5355      FD409A8D 
 5355      6B8006DB 
 5355      C2C43931 
 5355      B136
 5356 2954 21260497 		.ascii	"!&\004\227\017\354\372\260b\246\012\266\367\004\033"
 5356      0FECFAB0 
 5356      62A60AB6 
 5356      F7041B
 5357 2963 FC3B45B0 		.ascii	"\374;E\260M\326)|Ow<Uw<Ew<\331\242\036\377J;\374P;\374"
 5357      4DD6297C 
 5357      4F773C55 
 5357      773C4577 
 5357      3CD9A21E 
 5358 297e 403B7C5F 		.ascii	"@;|_;\374\245v8M;|O;\234\252\035N\321\016'\377_\021"
 5358      3BFCA576 
 5358      384D3B7C 
 5358      4F3B9CAA 
 5358      1D4ED10E 
 5359 2996 EFFCCF   		.ascii	"\357\374\317"
 5360              		.text
 5361              		.section	.gnu.lto_.symtab.71a442c6,"e",%progbits
 5362 0000 5F5F7468 		.ascii	"__thd_object_init\000"
 5362      645F6F62 
 5362      6A656374 
 5362      5F696E69 
 5362      7400
 5363 0012 00       		.ascii	"\000"
 5364 0013 00       		.ascii	"\000"
 5365 0014 00       		.ascii	"\000"
 5366 0015 00000000 		.ascii	"\000\000\000\000\000\000\000\000"
 5366      00000000 
 5367 001d 43010000 		.ascii	"C\001\000\000"
 5368 0021 63685468 		.ascii	"chThdCreateSuspendedI\000"
 5368      64437265 
 5368      61746553 
 5368      75737065 
 5368      6E646564 
 5369 0037 00       		.ascii	"\000"
 5370 0038 00       		.ascii	"\000"
 5371 0039 00       		.ascii	"\000"
 5372 003a 00000000 		.ascii	"\000\000\000\000\000\000\000\000"
 5372      00000000 
 5373 0042 4B010000 		.ascii	"K\001\000\000"
 5374 0046 63685468 		.ascii	"chThdCreateSuspended\000"
ARM GAS  C:\Users\nello\AppData\Local\Temp\ccsMT4zx.s 			page 231


 5374      64437265 
 5374      61746553 
 5374      75737065 
 5374      6E646564 
 5375 005b 00       		.ascii	"\000"
 5376 005c 00       		.ascii	"\000"
 5377 005d 00       		.ascii	"\000"
 5378 005e 00000000 		.ascii	"\000\000\000\000\000\000\000\000"
 5378      00000000 
 5379 0066 4F010000 		.ascii	"O\001\000\000"
 5380 006a 63685468 		.ascii	"chThdCreateI\000"
 5380      64437265 
 5380      61746549 
 5380      00
 5381 0077 00       		.ascii	"\000"
 5382 0078 00       		.ascii	"\000"
 5383 0079 00       		.ascii	"\000"
 5384 007a 00000000 		.ascii	"\000\000\000\000\000\000\000\000"
 5384      00000000 
 5385 0082 51010000 		.ascii	"Q\001\000\000"
 5386 0086 63685468 		.ascii	"chThdCreate\000"
 5386      64437265 
 5386      61746500 
 5387 0092 00       		.ascii	"\000"
 5388 0093 00       		.ascii	"\000"
 5389 0094 00       		.ascii	"\000"
 5390 0095 00000000 		.ascii	"\000\000\000\000\000\000\000\000"
 5390      00000000 
 5391 009d 53010000 		.ascii	"S\001\000\000"
 5392 00a1 63685468 		.ascii	"chThdCreateStatic\000"
 5392      64437265 
 5392      61746553 
 5392      74617469 
 5392      6300
 5393 00b3 00       		.ascii	"\000"
 5394 00b4 00       		.ascii	"\000"
 5395 00b5 00       		.ascii	"\000"
 5396 00b6 00000000 		.ascii	"\000\000\000\000\000\000\000\000"
 5396      00000000 
 5397 00be 64010000 		.ascii	"d\001\000\000"
 5398 00c2 63685468 		.ascii	"chThdStart\000"
 5398      64537461 
 5398      727400
 5399 00cd 00       		.ascii	"\000"
 5400 00ce 00       		.ascii	"\000"
 5401 00cf 00       		.ascii	"\000"
 5402 00d0 00000000 		.ascii	"\000\000\000\000\000\000\000\000"
 5402      00000000 
 5403 00d8 68010000 		.ascii	"h\001\000\000"
 5404 00dc 63685468 		.ascii	"chThdAddRef\000"
 5404      64416464 
 5404      52656600 
 5405 00e8 00       		.ascii	"\000"
 5406 00e9 00       		.ascii	"\000"
 5407 00ea 00       		.ascii	"\000"
 5408 00eb 00000000 		.ascii	"\000\000\000\000\000\000\000\000"
 5408      00000000 
ARM GAS  C:\Users\nello\AppData\Local\Temp\ccsMT4zx.s 			page 232


 5409 00f3 6A010000 		.ascii	"j\001\000\000"
 5410 00f7 63685468 		.ascii	"chThdRelease\000"
 5410      6452656C 
 5410      65617365 
 5410      00
 5411 0104 00       		.ascii	"\000"
 5412 0105 00       		.ascii	"\000"
 5413 0106 00       		.ascii	"\000"
 5414 0107 00000000 		.ascii	"\000\000\000\000\000\000\000\000"
 5414      00000000 
 5415 010f 6E010000 		.ascii	"n\001\000\000"
 5416 0113 63685468 		.ascii	"chThdExitS\000"
 5416      64457869 
 5416      745300
 5417 011e 00       		.ascii	"\000"
 5418 011f 00       		.ascii	"\000"
 5419 0120 00       		.ascii	"\000"
 5420 0121 00000000 		.ascii	"\000\000\000\000\000\000\000\000"
 5420      00000000 
 5421 0129 72010000 		.ascii	"r\001\000\000"
 5422 012d 63685468 		.ascii	"chThdExit\000"
 5422      64457869 
 5422      7400
 5423 0137 00       		.ascii	"\000"
 5424 0138 00       		.ascii	"\000"
 5425 0139 00       		.ascii	"\000"
 5426 013a 00000000 		.ascii	"\000\000\000\000\000\000\000\000"
 5426      00000000 
 5427 0142 74010000 		.ascii	"t\001\000\000"
 5428 0146 63685468 		.ascii	"chThdWait\000"
 5428      64576169 
 5428      7400
 5429 0150 00       		.ascii	"\000"
 5430 0151 00       		.ascii	"\000"
 5431 0152 00       		.ascii	"\000"
 5432 0153 00000000 		.ascii	"\000\000\000\000\000\000\000\000"
 5432      00000000 
 5433 015b 78010000 		.ascii	"x\001\000\000"
 5434 015f 63685468 		.ascii	"chThdSetPriority\000"
 5434      64536574 
 5434      5072696F 
 5434      72697479 
 5434      00
 5435 0170 00       		.ascii	"\000"
 5436 0171 00       		.ascii	"\000"
 5437 0172 00       		.ascii	"\000"
 5438 0173 00000000 		.ascii	"\000\000\000\000\000\000\000\000"
 5438      00000000 
 5439 017b 7C010000 		.ascii	"|\001\000\000"
 5440 017f 63685468 		.ascii	"chThdTerminate\000"
 5440      64546572 
 5440      6D696E61 
 5440      746500
 5441 018e 00       		.ascii	"\000"
 5442 018f 00       		.ascii	"\000"
 5443 0190 00       		.ascii	"\000"
 5444 0191 00000000 		.ascii	"\000\000\000\000\000\000\000\000"
ARM GAS  C:\Users\nello\AppData\Local\Temp\ccsMT4zx.s 			page 233


 5444      00000000 
 5445 0199 7E010000 		.ascii	"~\001\000\000"
 5446 019d 63685468 		.ascii	"chThdSleep\000"
 5446      64536C65 
 5446      657000
 5447 01a8 00       		.ascii	"\000"
 5448 01a9 00       		.ascii	"\000"
 5449 01aa 00       		.ascii	"\000"
 5450 01ab 00000000 		.ascii	"\000\000\000\000\000\000\000\000"
 5450      00000000 
 5451 01b3 80010000 		.ascii	"\200\001\000\000"
 5452 01b7 63685468 		.ascii	"chThdSleepUntil\000"
 5452      64536C65 
 5452      6570556E 
 5452      74696C00 
 5453 01c7 00       		.ascii	"\000"
 5454 01c8 00       		.ascii	"\000"
 5455 01c9 00       		.ascii	"\000"
 5456 01ca 00000000 		.ascii	"\000\000\000\000\000\000\000\000"
 5456      00000000 
 5457 01d2 84010000 		.ascii	"\204\001\000\000"
 5458 01d6 63685468 		.ascii	"chThdSleepUntilWindowed\000"
 5458      64536C65 
 5458      6570556E 
 5458      74696C57 
 5458      696E646F 
 5459 01ee 00       		.ascii	"\000"
 5460 01ef 00       		.ascii	"\000"
 5461 01f0 00       		.ascii	"\000"
 5462 01f1 00000000 		.ascii	"\000\000\000\000\000\000\000\000"
 5462      00000000 
 5463 01f9 89010000 		.ascii	"\211\001\000\000"
 5464 01fd 63685468 		.ascii	"chThdYield\000"
 5464      64596965 
 5464      6C6400
 5465 0208 00       		.ascii	"\000"
 5466 0209 00       		.ascii	"\000"
 5467 020a 00       		.ascii	"\000"
 5468 020b 00000000 		.ascii	"\000\000\000\000\000\000\000\000"
 5468      00000000 
 5469 0213 8B010000 		.ascii	"\213\001\000\000"
 5470 0217 63685468 		.ascii	"chThdSuspendS\000"
 5470      64537573 
 5470      70656E64 
 5470      5300
 5471 0225 00       		.ascii	"\000"
 5472 0226 00       		.ascii	"\000"
 5473 0227 00       		.ascii	"\000"
 5474 0228 00000000 		.ascii	"\000\000\000\000\000\000\000\000"
 5474      00000000 
 5475 0230 92010000 		.ascii	"\222\001\000\000"
 5476 0234 63685468 		.ascii	"chThdSuspendTimeoutS\000"
 5476      64537573 
 5476      70656E64 
 5476      54696D65 
 5476      6F757453 
 5477 0249 00       		.ascii	"\000"
ARM GAS  C:\Users\nello\AppData\Local\Temp\ccsMT4zx.s 			page 234


 5478 024a 00       		.ascii	"\000"
 5479 024b 00       		.ascii	"\000"
 5480 024c 00000000 		.ascii	"\000\000\000\000\000\000\000\000"
 5480      00000000 
 5481 0254 97010000 		.ascii	"\227\001\000\000"
 5482 0258 63685468 		.ascii	"chThdResumeI\000"
 5482      64526573 
 5482      756D6549 
 5482      00
 5483 0265 00       		.ascii	"\000"
 5484 0266 00       		.ascii	"\000"
 5485 0267 00       		.ascii	"\000"
 5486 0268 00000000 		.ascii	"\000\000\000\000\000\000\000\000"
 5486      00000000 
 5487 0270 9C010000 		.ascii	"\234\001\000\000"
 5488 0274 63685468 		.ascii	"chThdResumeS\000"
 5488      64526573 
 5488      756D6553 
 5488      00
 5489 0281 00       		.ascii	"\000"
 5490 0282 00       		.ascii	"\000"
 5491 0283 00       		.ascii	"\000"
 5492 0284 00000000 		.ascii	"\000\000\000\000\000\000\000\000"
 5492      00000000 
 5493 028c 9E010000 		.ascii	"\236\001\000\000"
 5494 0290 63685468 		.ascii	"chThdResume\000"
 5494      64526573 
 5494      756D6500 
 5495 029c 00       		.ascii	"\000"
 5496 029d 00       		.ascii	"\000"
 5497 029e 00       		.ascii	"\000"
 5498 029f 00000000 		.ascii	"\000\000\000\000\000\000\000\000"
 5498      00000000 
 5499 02a7 A0010000 		.ascii	"\240\001\000\000"
 5500 02ab 63685468 		.ascii	"chThdEnqueueTimeoutS\000"
 5500      64456E71 
 5500      75657565 
 5500      54696D65 
 5500      6F757453 
 5501 02c0 00       		.ascii	"\000"
 5502 02c1 00       		.ascii	"\000"
 5503 02c2 00       		.ascii	"\000"
 5504 02c3 00000000 		.ascii	"\000\000\000\000\000\000\000\000"
 5504      00000000 
 5505 02cb A5010000 		.ascii	"\245\001\000\000"
 5506 02cf 63685468 		.ascii	"chThdDequeueNextI\000"
 5506      64446571 
 5506      75657565 
 5506      4E657874 
 5506      4900
 5507 02e1 00       		.ascii	"\000"
 5508 02e2 00       		.ascii	"\000"
 5509 02e3 00       		.ascii	"\000"
 5510 02e4 00000000 		.ascii	"\000\000\000\000\000\000\000\000"
 5510      00000000 
 5511 02ec A7010000 		.ascii	"\247\001\000\000"
 5512 02f0 63685468 		.ascii	"chThdDequeueAllI\000"
ARM GAS  C:\Users\nello\AppData\Local\Temp\ccsMT4zx.s 			page 235


 5512      64446571 
 5512      75657565 
 5512      416C6C49 
 5512      00
 5513 0301 00       		.ascii	"\000"
 5514 0302 00       		.ascii	"\000"
 5515 0303 00       		.ascii	"\000"
 5516 0304 00000000 		.ascii	"\000\000\000\000\000\000\000\000"
 5516      00000000 
 5517 030c A9010000 		.ascii	"\251\001\000\000"
 5518 0310 63683000 		.ascii	"ch0\000"
 5519 0314 00       		.ascii	"\000"
 5520 0315 02       		.ascii	"\002"
 5521 0316 00       		.ascii	"\000"
 5522 0317 00000000 		.ascii	"\000\000\000\000\000\000\000\000"
 5522      00000000 
 5523 031f BB020000 		.ascii	"\273\002\000\000"
 5524 0323 5F5F706F 		.ascii	"__port_thread_start\000"
 5524      72745F74 
 5524      68726561 
 5524      645F7374 
 5524      61727400 
 5525 0337 00       		.ascii	"\000"
 5526 0338 02       		.ascii	"\002"
 5527 0339 00       		.ascii	"\000"
 5528 033a 00000000 		.ascii	"\000\000\000\000\000\000\000\000"
 5528      00000000 
 5529 0342 4D010000 		.ascii	"M\001\000\000"
 5530 0346 63685363 		.ascii	"chSchReadyI\000"
 5530      68526561 
 5530      64794900 
 5531 0352 00       		.ascii	"\000"
 5532 0353 02       		.ascii	"\002"
 5533 0354 00       		.ascii	"\000"
 5534 0355 00000000 		.ascii	"\000\000\000\000\000\000\000\000"
 5534      00000000 
 5535 035d AB010000 		.ascii	"\253\001\000\000"
 5536 0361 63685363 		.ascii	"chSchGoSleepTimeoutS\000"
 5536      68476F53 
 5536      6C656570 
 5536      54696D65 
 5536      6F757453 
 5537 0376 00       		.ascii	"\000"
 5538 0377 02       		.ascii	"\002"
 5539 0378 00       		.ascii	"\000"
 5540 0379 00000000 		.ascii	"\000\000\000\000\000\000\000\000"
 5540      00000000 
 5541 0381 B4010000 		.ascii	"\264\001\000\000"
 5542 0385 73744765 		.ascii	"stGetCounter\000"
 5542      74436F75 
 5542      6E746572 
 5542      00
 5543 0392 00       		.ascii	"\000"
 5544 0393 02       		.ascii	"\002"
 5545 0394 00       		.ascii	"\000"
 5546 0395 00000000 		.ascii	"\000\000\000\000\000\000\000\000"
 5546      00000000 
ARM GAS  C:\Users\nello\AppData\Local\Temp\ccsMT4zx.s 			page 236


 5547 039d B6010000 		.ascii	"\266\001\000\000"
 5548 03a1 63685363 		.ascii	"chSchWakeupS\000"
 5548      6857616B 
 5548      65757053 
 5548      00
 5549 03ae 00       		.ascii	"\000"
 5550 03af 02       		.ascii	"\002"
 5551 03b0 00       		.ascii	"\000"
 5552 03b1 00000000 		.ascii	"\000\000\000\000\000\000\000\000"
 5552      00000000 
 5553 03b9 BB010000 		.ascii	"\273\001\000\000"
 5554 03bd 6368506F 		.ascii	"chPoolFree\000"
 5554      6F6C4672 
 5554      656500
 5555 03c8 00       		.ascii	"\000"
 5556 03c9 02       		.ascii	"\002"
 5557 03ca 00       		.ascii	"\000"
 5558 03cb 00000000 		.ascii	"\000\000\000\000\000\000\000\000"
 5558      00000000 
 5559 03d3 C4010000 		.ascii	"\304\001\000\000"
 5560 03d7 63684865 		.ascii	"chHeapFree\000"
 5560      61704672 
 5560      656500
 5561 03e2 00       		.ascii	"\000"
 5562 03e3 02       		.ascii	"\002"
 5563 03e4 00       		.ascii	"\000"
 5564 03e5 00000000 		.ascii	"\000\000\000\000\000\000\000\000"
 5564      00000000 
 5565 03ed C6010000 		.ascii	"\306\001\000\000"
 5566 03f1 63685363 		.ascii	"chSchGoSleepS\000"
 5566      68476F53 
 5566      6C656570 
 5566      5300
 5567 03ff 00       		.ascii	"\000"
 5568 0400 02       		.ascii	"\002"
 5569 0401 00       		.ascii	"\000"
 5570 0402 00000000 		.ascii	"\000\000\000\000\000\000\000\000"
 5570      00000000 
 5571 040a CA010000 		.ascii	"\312\001\000\000"
 5572 040e 63685363 		.ascii	"chSchRescheduleS\000"
 5572      68526573 
 5572      63686564 
 5572      756C6553 
 5572      00
 5573 041f 00       		.ascii	"\000"
 5574 0420 02       		.ascii	"\002"
 5575 0421 00       		.ascii	"\000"
 5576 0422 00000000 		.ascii	"\000\000\000\000\000\000\000\000"
 5576      00000000 
 5577 042a D7010000 		.ascii	"\327\001\000\000"
 5578 042e 63685363 		.ascii	"chSchDoYieldS\000"
 5578      68446F59 
 5578      69656C64 
 5578      5300
 5579 043c 00       		.ascii	"\000"
 5580 043d 02       		.ascii	"\002"
 5581 043e 00       		.ascii	"\000"
ARM GAS  C:\Users\nello\AppData\Local\Temp\ccsMT4zx.s 			page 237


 5582 043f 00000000 		.ascii	"\000\000\000\000\000\000\000\000"
 5582      00000000 
 5583 0447 D9010000 		.ascii	"\331\001\000\000"
 5584              		.text
 5585              		.section	.gnu.lto_.ext_symtab.71a442c6,"e",%progbits
 5586 0000 01       		.ascii	"\001"
 5587 0001 01       		.ascii	"\001"
 5588 0002 00       		.ascii	"\000"
 5589 0003 01       		.ascii	"\001"
 5590 0004 00       		.ascii	"\000"
 5591 0005 01       		.ascii	"\001"
 5592 0006 00       		.ascii	"\000"
 5593 0007 01       		.ascii	"\001"
 5594 0008 00       		.ascii	"\000"
 5595 0009 01       		.ascii	"\001"
 5596 000a 00       		.ascii	"\000"
 5597 000b 01       		.ascii	"\001"
 5598 000c 00       		.ascii	"\000"
 5599 000d 01       		.ascii	"\001"
 5600 000e 00       		.ascii	"\000"
 5601 000f 01       		.ascii	"\001"
 5602 0010 00       		.ascii	"\000"
 5603 0011 01       		.ascii	"\001"
 5604 0012 00       		.ascii	"\000"
 5605 0013 01       		.ascii	"\001"
 5606 0014 00       		.ascii	"\000"
 5607 0015 01       		.ascii	"\001"
 5608 0016 00       		.ascii	"\000"
 5609 0017 01       		.ascii	"\001"
 5610 0018 00       		.ascii	"\000"
 5611 0019 01       		.ascii	"\001"
 5612 001a 00       		.ascii	"\000"
 5613 001b 01       		.ascii	"\001"
 5614 001c 00       		.ascii	"\000"
 5615 001d 01       		.ascii	"\001"
 5616 001e 00       		.ascii	"\000"
 5617 001f 01       		.ascii	"\001"
 5618 0020 00       		.ascii	"\000"
 5619 0021 01       		.ascii	"\001"
 5620 0022 00       		.ascii	"\000"
 5621 0023 01       		.ascii	"\001"
 5622 0024 00       		.ascii	"\000"
 5623 0025 01       		.ascii	"\001"
 5624 0026 00       		.ascii	"\000"
 5625 0027 01       		.ascii	"\001"
 5626 0028 00       		.ascii	"\000"
 5627 0029 01       		.ascii	"\001"
 5628 002a 00       		.ascii	"\000"
 5629 002b 01       		.ascii	"\001"
 5630 002c 00       		.ascii	"\000"
 5631 002d 01       		.ascii	"\001"
 5632 002e 00       		.ascii	"\000"
 5633 002f 01       		.ascii	"\001"
 5634 0030 00       		.ascii	"\000"
 5635 0031 01       		.ascii	"\001"
 5636 0032 00       		.ascii	"\000"
 5637 0033 01       		.ascii	"\001"
ARM GAS  C:\Users\nello\AppData\Local\Temp\ccsMT4zx.s 			page 238


 5638 0034 00       		.ascii	"\000"
 5639 0035 02       		.ascii	"\002"
 5640 0036 01       		.ascii	"\001"
 5641 0037 01       		.ascii	"\001"
 5642 0038 00       		.ascii	"\000"
 5643 0039 01       		.ascii	"\001"
 5644 003a 00       		.ascii	"\000"
 5645 003b 01       		.ascii	"\001"
 5646 003c 00       		.ascii	"\000"
 5647 003d 01       		.ascii	"\001"
 5648 003e 00       		.ascii	"\000"
 5649 003f 01       		.ascii	"\001"
 5650 0040 00       		.ascii	"\000"
 5651 0041 01       		.ascii	"\001"
 5652 0042 00       		.ascii	"\000"
 5653 0043 01       		.ascii	"\001"
 5654 0044 00       		.ascii	"\000"
 5655 0045 01       		.ascii	"\001"
 5656 0046 00       		.ascii	"\000"
 5657 0047 01       		.ascii	"\001"
 5658 0048 00       		.ascii	"\000"
 5659 0049 01       		.ascii	"\001"
 5660 004a 00       		.ascii	"\000"
 5661              		.text
 5662              		.section	.gnu.lto_.opts,"e",%progbits
 5663 0000 272D666E 		.ascii	"'-fno-openmp' '-fno-openacc' '-fno-pie' '-fcf-prote"
 5663      6F2D6F70 
 5663      656E6D70 
 5663      2720272D 
 5663      666E6F2D 
 5664 0033 6374696F 		.ascii	"ction=none' '-g' '-mcpu=cortex-m4' '-mthumb' '-mflo"
 5664      6E3D6E6F 
 5664      6E652720 
 5664      272D6727 
 5664      20272D6D 
 5665 0066 61742D61 		.ascii	"at-abi=soft' '-mlibarch=armv7e-m' '-march=armv7e-m'"
 5665      62693D73 
 5665      6F667427 
 5665      20272D6D 
 5665      6C696261 
 5666 0099 20272D4F 		.ascii	" '-O0' '-fomit-frame-pointer' '-falign-functions=16"
 5666      30272027 
 5666      2D666F6D 
 5666      69742D66 
 5666      72616D65 
 5667 00cc 2720272D 		.ascii	"' '-ffunction-sections' '-fdata-sections' '-fno-com"
 5667      6666756E 
 5667      6374696F 
 5667      6E2D7365 
 5667      6374696F 
 5668 00ff 6D6F6E27 		.ascii	"mon' '-flto' '-Xassembler' '-alms=./build/lst/chthr"
 5668      20272D66 
 5668      6C746F27 
 5668      20272D58 
 5668      61737365 
 5669 0132 65616473 		.ascii	"eads.lst'\000"
 5669      2E6C7374 
ARM GAS  C:\Users\nello\AppData\Local\Temp\ccsMT4zx.s 			page 239


 5669      2700
 5670              		.text
 5671              		.comm	__gnu_lto_slim,1,1
 5672              		.ident	"GCC: (GNU Arm Embedded Toolchain 10.3-2021.10) 10.3.1 20210824 (release)"
ARM GAS  C:\Users\nello\AppData\Local\Temp\ccsMT4zx.s 			page 240


DEFINED SYMBOLS
                            *ABS*:00000000 chthreads.c
C:\Users\nello\AppData\Local\Temp\ccsMT4zx.s:37     .gnu.debuglto_.debug_info:00000000 chthreads.c.c82e014e
                            *COM*:00000001 __gnu_lto_slim

NO UNDEFINED SYMBOLS
