ARM GAS  C:\Users\nello\AppData\Local\Temp\ccPzAOus.s 			page 1


   1              		.cpu cortex-m4
   2              		.arch armv7e-m
   3              		.fpu softvfp
   4              		.eabi_attribute 20, 1
   5              		.eabi_attribute 21, 1
   6              		.eabi_attribute 23, 3
   7              		.eabi_attribute 24, 1
   8              		.eabi_attribute 25, 1
   9              		.eabi_attribute 26, 1
  10              		.eabi_attribute 30, 6
  11              		.eabi_attribute 34, 1
  12              		.eabi_attribute 18, 4
  13              		.file	"hal_pwm.c"
  14              		.file 1 "c:\\chibistudio\\tools\\gnu tools arm embedded\\10.3 2021.10\\arm-none-eabi\\include\\mac
  15              		.file 2 "c:\\chibistudio\\tools\\gnu tools arm embedded\\10.3 2021.10\\arm-none-eabi\\include\\sys
  16              		.file 3 "../../chibios2111/os/rt/include/chearly.h"
  17              		.file 4 "../../chibios2111/os/hal/ports/STM32/LLD/TIMv1/stm32_tim.h"
  18              		.file 5 "../../chibios2111/os/hal/include/hal_pwm.h"
  19              		.file 6 "../../chibios2111/os/hal/ports/STM32/LLD/TIMv1/hal_pwm_lld.h"
  20              		.file 7 "../../chibios2111/os/hal/src/hal_pwm.c"
  21              		.file 8 "../../chibios2111/os/hal/osal/rt-nil/osal.h"
  22              		.file 9 "../../chibios2111/os/rt/include/chsys.h"
  23              		.file 10 "../../chibios2111/os/common/ports/ARMv7-M-ALT/chcore.h"
  24              		.file 11 "../../chibios2111/os/common/ext/ARM/CMSIS/Core/Include/cmsis_gcc.h"
  25              		.section	.gnu.debuglto_.debug_info,"e",%progbits
  26              	.Ldebug_info0:
  27              		.hidden	hal_pwm.c.a59882eb
  28              		.weak	hal_pwm.c.a59882eb
  29              	hal_pwm.c.a59882eb:
  30 0000 4C070000 		.4byte	0x74c
  31 0004 0400     		.2byte	0x4
  32 0006 00000000 		.4byte	.Ldebug_abbrev0
  33 000a 04       		.byte	0x4
  34 000b 01       		.uleb128 0x1
  35 000c 23000000 		.4byte	.LASF75
  36 0010 0C       		.byte	0xc
  37 0011 77020000 		.4byte	.LASF76
  38 0015 5A030000 		.4byte	.LASF77
  39 0019 00000000 		.4byte	.Ldebug_line0
  40 001d 02       		.uleb128 0x2
  41 001e 04       		.byte	0x4
  42 001f 05       		.byte	0x5
  43 0020 696E7400 		.ascii	"int\000"
  44 0024 03       		.uleb128 0x3
  45 0025 04       		.byte	0x4
  46 0026 07       		.byte	0x7
  47 0027 9E020000 		.4byte	.LASF0
  48 002b 03       		.uleb128 0x3
  49 002c 08       		.byte	0x8
  50 002d 05       		.byte	0x5
  51 002e C9010000 		.4byte	.LASF1
  52 0032 03       		.uleb128 0x3
  53 0033 08       		.byte	0x8
  54 0034 04       		.byte	0x4
  55 0035 28010000 		.4byte	.LASF2
  56 0039 03       		.uleb128 0x3
  57 003a 01       		.byte	0x1
ARM GAS  C:\Users\nello\AppData\Local\Temp\ccPzAOus.s 			page 2


  58 003b 06       		.byte	0x6
  59 003c 4E020000 		.4byte	.LASF3
  60 0040 04       		.uleb128 0x4
  61 0041 EF010000 		.4byte	.LASF7
  62 0045 01       		.byte	0x1
  63 0046 2B       		.byte	0x2b
  64 0047 18       		.byte	0x18
  65 0048 4C000000 		.4byte	0x4c
  66 004c 03       		.uleb128 0x3
  67 004d 01       		.byte	0x1
  68 004e 08       		.byte	0x8
  69 004f 15020000 		.4byte	.LASF4
  70 0053 03       		.uleb128 0x3
  71 0054 02       		.byte	0x2
  72 0055 05       		.byte	0x5
  73 0056 4C010000 		.4byte	.LASF5
  74 005a 03       		.uleb128 0x3
  75 005b 02       		.byte	0x2
  76 005c 07       		.byte	0x7
  77 005d B5020000 		.4byte	.LASF6
  78 0061 04       		.uleb128 0x4
  79 0062 BB030000 		.4byte	.LASF8
  80 0066 01       		.byte	0x1
  81 0067 4D       		.byte	0x4d
  82 0068 18       		.byte	0x18
  83 0069 6D000000 		.4byte	0x6d
  84 006d 03       		.uleb128 0x3
  85 006e 04       		.byte	0x4
  86 006f 05       		.byte	0x5
  87 0070 D7010000 		.4byte	.LASF9
  88 0074 04       		.uleb128 0x4
  89 0075 87030000 		.4byte	.LASF10
  90 0079 01       		.byte	0x1
  91 007a 4F       		.byte	0x4f
  92 007b 19       		.byte	0x19
  93 007c 80000000 		.4byte	0x80
  94 0080 03       		.uleb128 0x3
  95 0081 04       		.byte	0x4
  96 0082 07       		.byte	0x7
  97 0083 42030000 		.4byte	.LASF11
  98 0087 03       		.uleb128 0x3
  99 0088 08       		.byte	0x8
 100 0089 07       		.byte	0x7
 101 008a 5A020000 		.4byte	.LASF12
 102 008e 04       		.uleb128 0x4
 103 008f 8A010000 		.4byte	.LASF13
 104 0093 02       		.byte	0x2
 105 0094 18       		.byte	0x18
 106 0095 13       		.byte	0x13
 107 0096 40000000 		.4byte	0x40
 108 009a 04       		.uleb128 0x4
 109 009b EB020000 		.4byte	.LASF14
 110 009f 02       		.byte	0x2
 111 00a0 2C       		.byte	0x2c
 112 00a1 13       		.byte	0x13
 113 00a2 61000000 		.4byte	0x61
 114 00a6 04       		.uleb128 0x4
ARM GAS  C:\Users\nello\AppData\Local\Temp\ccPzAOus.s 			page 3


 115 00a7 A3010000 		.4byte	.LASF15
 116 00ab 02       		.byte	0x2
 117 00ac 30       		.byte	0x30
 118 00ad 14       		.byte	0x14
 119 00ae 74000000 		.4byte	0x74
 120 00b2 05       		.uleb128 0x5
 121 00b3 A6000000 		.4byte	0xa6
 122 00b7 04       		.uleb128 0x4
 123 00b8 5C040000 		.4byte	.LASF16
 124 00bc 03       		.byte	0x3
 125 00bd 58       		.byte	0x58
 126 00be 19       		.byte	0x19
 127 00bf 9A000000 		.4byte	0x9a
 128 00c3 03       		.uleb128 0x3
 129 00c4 01       		.byte	0x1
 130 00c5 08       		.byte	0x8
 131 00c6 D0020000 		.4byte	.LASF17
 132 00ca 06       		.uleb128 0x6
 133 00cb C3000000 		.4byte	0xc3
 134 00cf 07       		.uleb128 0x7
 135 00d0 B2000000 		.4byte	0xb2
 136 00d4 DF000000 		.4byte	0xdf
 137 00d8 08       		.uleb128 0x8
 138 00d9 24000000 		.4byte	0x24
 139 00dd 01       		.byte	0x1
 140 00de 00       		.byte	0
 141 00df 05       		.uleb128 0x5
 142 00e0 CF000000 		.4byte	0xcf
 143 00e4 07       		.uleb128 0x7
 144 00e5 B2000000 		.4byte	0xb2
 145 00e9 F4000000 		.4byte	0xf4
 146 00ed 08       		.uleb128 0x8
 147 00ee 24000000 		.4byte	0x24
 148 00f2 03       		.byte	0x3
 149 00f3 00       		.byte	0
 150 00f4 05       		.uleb128 0x5
 151 00f5 E4000000 		.4byte	0xe4
 152 00f9 03       		.uleb128 0x3
 153 00fa 01       		.byte	0x1
 154 00fb 02       		.byte	0x2
 155 00fc F8020000 		.4byte	.LASF18
 156 0100 09       		.uleb128 0x9
 157 0101 E403     		.2byte	0x3e4
 158 0103 04       		.byte	0x4
 159 0104 F601     		.2byte	0x1f6
 160 0106 09       		.byte	0x9
 161 0107 78020000 		.4byte	0x278
 162 010b 0A       		.uleb128 0xa
 163 010c 43523100 		.ascii	"CR1\000"
 164 0110 04       		.byte	0x4
 165 0111 F701     		.2byte	0x1f7
 166 0113 19       		.byte	0x19
 167 0114 B2000000 		.4byte	0xb2
 168 0118 00       		.byte	0
 169 0119 0A       		.uleb128 0xa
 170 011a 43523200 		.ascii	"CR2\000"
 171 011e 04       		.byte	0x4
ARM GAS  C:\Users\nello\AppData\Local\Temp\ccPzAOus.s 			page 4


 172 011f F801     		.2byte	0x1f8
 173 0121 19       		.byte	0x19
 174 0122 B2000000 		.4byte	0xb2
 175 0126 04       		.byte	0x4
 176 0127 0B       		.uleb128 0xb
 177 0128 23020000 		.4byte	.LASF19
 178 012c 04       		.byte	0x4
 179 012d F901     		.2byte	0x1f9
 180 012f 19       		.byte	0x19
 181 0130 B2000000 		.4byte	0xb2
 182 0134 08       		.byte	0x8
 183 0135 0B       		.uleb128 0xb
 184 0136 B0020000 		.4byte	.LASF20
 185 013a 04       		.byte	0x4
 186 013b FA01     		.2byte	0x1fa
 187 013d 19       		.byte	0x19
 188 013e B2000000 		.4byte	0xb2
 189 0142 0C       		.byte	0xc
 190 0143 0A       		.uleb128 0xa
 191 0144 535200   		.ascii	"SR\000"
 192 0147 04       		.byte	0x4
 193 0148 FB01     		.2byte	0x1fb
 194 014a 19       		.byte	0x19
 195 014b B2000000 		.4byte	0xb2
 196 014f 10       		.byte	0x10
 197 0150 0A       		.uleb128 0xa
 198 0151 45475200 		.ascii	"EGR\000"
 199 0155 04       		.byte	0x4
 200 0156 FC01     		.2byte	0x1fc
 201 0158 19       		.byte	0x19
 202 0159 B2000000 		.4byte	0xb2
 203 015d 14       		.byte	0x14
 204 015e 0B       		.uleb128 0xb
 205 015f F9010000 		.4byte	.LASF21
 206 0163 04       		.byte	0x4
 207 0164 FD01     		.2byte	0x1fd
 208 0166 19       		.byte	0x19
 209 0167 B2000000 		.4byte	0xb2
 210 016b 18       		.byte	0x18
 211 016c 0B       		.uleb128 0xb
 212 016d F3000000 		.4byte	.LASF22
 213 0171 04       		.byte	0x4
 214 0172 FE01     		.2byte	0x1fe
 215 0174 19       		.byte	0x19
 216 0175 B2000000 		.4byte	0xb2
 217 0179 1C       		.byte	0x1c
 218 017a 0B       		.uleb128 0xb
 219 017b 1E000000 		.4byte	.LASF23
 220 017f 04       		.byte	0x4
 221 0180 FF01     		.2byte	0x1ff
 222 0182 19       		.byte	0x19
 223 0183 B2000000 		.4byte	0xb2
 224 0187 20       		.byte	0x20
 225 0188 0A       		.uleb128 0xa
 226 0189 434E5400 		.ascii	"CNT\000"
 227 018d 04       		.byte	0x4
 228 018e 0002     		.2byte	0x200
ARM GAS  C:\Users\nello\AppData\Local\Temp\ccPzAOus.s 			page 5


 229 0190 19       		.byte	0x19
 230 0191 B2000000 		.4byte	0xb2
 231 0195 24       		.byte	0x24
 232 0196 0A       		.uleb128 0xa
 233 0197 50534300 		.ascii	"PSC\000"
 234 019b 04       		.byte	0x4
 235 019c 0102     		.2byte	0x201
 236 019e 19       		.byte	0x19
 237 019f B2000000 		.4byte	0xb2
 238 01a3 28       		.byte	0x28
 239 01a4 0A       		.uleb128 0xa
 240 01a5 41525200 		.ascii	"ARR\000"
 241 01a9 04       		.byte	0x4
 242 01aa 0202     		.2byte	0x202
 243 01ac 19       		.byte	0x19
 244 01ad B2000000 		.4byte	0xb2
 245 01b1 2C       		.byte	0x2c
 246 01b2 0A       		.uleb128 0xa
 247 01b3 52435200 		.ascii	"RCR\000"
 248 01b7 04       		.byte	0x4
 249 01b8 0302     		.2byte	0x203
 250 01ba 19       		.byte	0x19
 251 01bb B2000000 		.4byte	0xb2
 252 01bf 30       		.byte	0x30
 253 01c0 0A       		.uleb128 0xa
 254 01c1 43435200 		.ascii	"CCR\000"
 255 01c5 04       		.byte	0x4
 256 01c6 0402     		.2byte	0x204
 257 01c8 19       		.byte	0x19
 258 01c9 F4000000 		.4byte	0xf4
 259 01cd 34       		.byte	0x34
 260 01ce 0B       		.uleb128 0xb
 261 01cf AB020000 		.4byte	.LASF24
 262 01d3 04       		.byte	0x4
 263 01d4 0502     		.2byte	0x205
 264 01d6 19       		.byte	0x19
 265 01d7 B2000000 		.4byte	0xb2
 266 01db 44       		.byte	0x44
 267 01dc 0B       		.uleb128 0xb
 268 01dd FF000000 		.4byte	.LASF25
 269 01e1 04       		.byte	0x4
 270 01e2 0702     		.2byte	0x207
 271 01e4 19       		.byte	0x19
 272 01e5 DF000000 		.4byte	0xdf
 273 01e9 48       		.byte	0x48
 274 01ea 0B       		.uleb128 0xb
 275 01eb F9000000 		.4byte	.LASF26
 276 01ef 04       		.byte	0x4
 277 01f0 0802     		.2byte	0x208
 278 01f2 19       		.byte	0x19
 279 01f3 B2000000 		.4byte	0xb2
 280 01f7 50       		.byte	0x50
 281 01f8 0B       		.uleb128 0xb
 282 01f9 F3020000 		.4byte	.LASF27
 283 01fd 04       		.byte	0x4
 284 01fe 0902     		.2byte	0x209
 285 0200 19       		.byte	0x19
ARM GAS  C:\Users\nello\AppData\Local\Temp\ccPzAOus.s 			page 6


 286 0201 B2000000 		.4byte	0xb2
 287 0205 54       		.byte	0x54
 288 0206 0A       		.uleb128 0xa
 289 0207 45435200 		.ascii	"ECR\000"
 290 020b 04       		.byte	0x4
 291 020c 0A02     		.2byte	0x20a
 292 020e 19       		.byte	0x19
 293 020f B2000000 		.4byte	0xb2
 294 0213 58       		.byte	0x58
 295 0214 0B       		.uleb128 0xb
 296 0215 71020000 		.4byte	.LASF28
 297 0219 04       		.byte	0x4
 298 021a 0B02     		.2byte	0x20b
 299 021c 19       		.byte	0x19
 300 021d B2000000 		.4byte	0xb2
 301 0221 5C       		.byte	0x5c
 302 0222 0A       		.uleb128 0xa
 303 0223 41463100 		.ascii	"AF1\000"
 304 0227 04       		.byte	0x4
 305 0228 0C02     		.2byte	0x20c
 306 022a 19       		.byte	0x19
 307 022b B2000000 		.4byte	0xb2
 308 022f 60       		.byte	0x60
 309 0230 0A       		.uleb128 0xa
 310 0231 41463200 		.ascii	"AF2\000"
 311 0235 04       		.byte	0x4
 312 0236 0D02     		.2byte	0x20d
 313 0238 19       		.byte	0x19
 314 0239 B2000000 		.4byte	0xb2
 315 023d 64       		.byte	0x64
 316 023e 0A       		.uleb128 0xa
 317 023f 4F5200   		.ascii	"OR\000"
 318 0242 04       		.byte	0x4
 319 0243 0E02     		.2byte	0x20e
 320 0245 19       		.byte	0x19
 321 0246 B2000000 		.4byte	0xb2
 322 024a 68       		.byte	0x68
 323 024b 0B       		.uleb128 0xb
 324 024c 28030000 		.4byte	.LASF29
 325 0250 04       		.byte	0x4
 326 0251 0F02     		.2byte	0x20f
 327 0253 19       		.byte	0x19
 328 0254 88020000 		.4byte	0x288
 329 0258 6C       		.byte	0x6c
 330 0259 0C       		.uleb128 0xc
 331 025a 44435200 		.ascii	"DCR\000"
 332 025e 04       		.byte	0x4
 333 025f 1002     		.2byte	0x210
 334 0261 19       		.byte	0x19
 335 0262 B2000000 		.4byte	0xb2
 336 0266 DC03     		.2byte	0x3dc
 337 0268 0D       		.uleb128 0xd
 338 0269 E8000000 		.4byte	.LASF30
 339 026d 04       		.byte	0x4
 340 026e 1102     		.2byte	0x211
 341 0270 19       		.byte	0x19
 342 0271 B2000000 		.4byte	0xb2
ARM GAS  C:\Users\nello\AppData\Local\Temp\ccPzAOus.s 			page 7


 343 0275 E003     		.2byte	0x3e0
 344 0277 00       		.byte	0
 345 0278 07       		.uleb128 0x7
 346 0279 B2000000 		.4byte	0xb2
 347 027d 88020000 		.4byte	0x288
 348 0281 08       		.uleb128 0x8
 349 0282 24000000 		.4byte	0x24
 350 0286 DB       		.byte	0xdb
 351 0287 00       		.byte	0
 352 0288 05       		.uleb128 0x5
 353 0289 78020000 		.4byte	0x278
 354 028d 0E       		.uleb128 0xe
 355 028e D5020000 		.4byte	.LASF31
 356 0292 04       		.byte	0x4
 357 0293 1902     		.2byte	0x219
 358 0295 03       		.byte	0x3
 359 0296 00010000 		.4byte	0x100
 360 029a 0F       		.uleb128 0xf
 361 029b 07       		.byte	0x7
 362 029c 01       		.byte	0x1
 363 029d 4C000000 		.4byte	0x4c
 364 02a1 05       		.byte	0x5
 365 02a2 4A       		.byte	0x4a
 366 02a3 0E       		.byte	0xe
 367 02a4 BB020000 		.4byte	0x2bb
 368 02a8 10       		.uleb128 0x10
 369 02a9 28020000 		.4byte	.LASF32
 370 02ad 00       		.byte	0
 371 02ae 10       		.uleb128 0x10
 372 02af D7030000 		.4byte	.LASF33
 373 02b3 01       		.byte	0x1
 374 02b4 10       		.uleb128 0x10
 375 02b5 C5030000 		.4byte	.LASF34
 376 02b9 02       		.byte	0x2
 377 02ba 00       		.byte	0
 378 02bb 04       		.uleb128 0x4
 379 02bc 43040000 		.4byte	.LASF35
 380 02c0 05       		.byte	0x5
 381 02c1 4E       		.byte	0x4e
 382 02c2 03       		.byte	0x3
 383 02c3 9A020000 		.4byte	0x29a
 384 02c7 04       		.uleb128 0x4
 385 02c8 E1020000 		.4byte	.LASF36
 386 02cc 05       		.byte	0x5
 387 02cd 53       		.byte	0x53
 388 02ce 1A       		.byte	0x1a
 389 02cf D3020000 		.4byte	0x2d3
 390 02d3 11       		.uleb128 0x11
 391 02d4 E1020000 		.4byte	.LASF36
 392 02d8 20       		.byte	0x20
 393 02d9 06       		.byte	0x6
 394 02da 5803     		.2byte	0x358
 395 02dc 08       		.byte	0x8
 396 02dd 52030000 		.4byte	0x352
 397 02e1 0B       		.uleb128 0xb
 398 02e2 ED000000 		.4byte	.LASF37
 399 02e6 06       		.byte	0x6
ARM GAS  C:\Users\nello\AppData\Local\Temp\ccPzAOus.s 			page 8


 400 02e7 5C03     		.2byte	0x35c
 401 02e9 1D       		.byte	0x1d
 402 02ea BB020000 		.4byte	0x2bb
 403 02ee 00       		.byte	0
 404 02ef 0B       		.uleb128 0xb
 405 02f0 56010000 		.4byte	.LASF38
 406 02f4 06       		.byte	0x6
 407 02f5 6003     		.2byte	0x360
 408 02f7 1E       		.byte	0x1e
 409 02f8 6C040000 		.4byte	0x46c
 410 02fc 04       		.byte	0x4
 411 02fd 0B       		.uleb128 0xb
 412 02fe E8010000 		.4byte	.LASF39
 413 0302 06       		.byte	0x6
 414 0303 6403     		.2byte	0x364
 415 0305 1D       		.byte	0x1d
 416 0306 9C030000 		.4byte	0x39c
 417 030a 08       		.byte	0x8
 418 030b 0B       		.uleb128 0xb
 419 030c CF030000 		.4byte	.LASF40
 420 0310 06       		.byte	0x6
 421 0311 6803     		.2byte	0x368
 422 0313 1D       		.byte	0x1d
 423 0314 8F030000 		.4byte	0x38f
 424 0318 0C       		.byte	0xc
 425 0319 0B       		.uleb128 0xb
 426 031a 43010000 		.4byte	.LASF41
 427 031e 06       		.byte	0x6
 428 031f 6C03     		.2byte	0x36c
 429 0321 1D       		.byte	0x1d
 430 0322 82030000 		.4byte	0x382
 431 0326 10       		.byte	0x10
 432 0327 0B       		.uleb128 0xb
 433 0328 54030000 		.4byte	.LASF42
 434 032c 06       		.byte	0x6
 435 032d 7403     		.2byte	0x374
 436 032f 1D       		.byte	0x1d
 437 0330 A6000000 		.4byte	0xa6
 438 0334 14       		.byte	0x14
 439 0335 0B       		.uleb128 0xb
 440 0336 C0010000 		.4byte	.LASF43
 441 033a 06       		.byte	0x6
 442 033b 7803     		.2byte	0x378
 443 033d 1D       		.byte	0x1d
 444 033e F9000000 		.4byte	0xf9
 445 0342 18       		.byte	0x18
 446 0343 0A       		.uleb128 0xa
 447 0344 74696D00 		.ascii	"tim\000"
 448 0348 06       		.byte	0x6
 449 0349 7C03     		.2byte	0x37c
 450 034b 1E       		.byte	0x1e
 451 034c 72040000 		.4byte	0x472
 452 0350 1C       		.byte	0x1c
 453 0351 00       		.byte	0
 454 0352 04       		.uleb128 0x4
 455 0353 4E040000 		.4byte	.LASF44
 456 0357 05       		.byte	0x5
ARM GAS  C:\Users\nello\AppData\Local\Temp\ccPzAOus.s 			page 9


 457 0358 5A       		.byte	0x5a
 458 0359 10       		.byte	0x10
 459 035a 5E030000 		.4byte	0x35e
 460 035e 12       		.uleb128 0x12
 461 035f 04       		.byte	0x4
 462 0360 64030000 		.4byte	0x364
 463 0364 13       		.uleb128 0x13
 464 0365 6F030000 		.4byte	0x36f
 465 0369 14       		.uleb128 0x14
 466 036a 6F030000 		.4byte	0x36f
 467 036e 00       		.byte	0
 468 036f 12       		.uleb128 0x12
 469 0370 04       		.byte	0x4
 470 0371 C7020000 		.4byte	0x2c7
 471 0375 0E       		.uleb128 0xe
 472 0376 16040000 		.4byte	.LASF45
 473 037a 06       		.byte	0x6
 474 037b 0603     		.2byte	0x306
 475 037d 12       		.byte	0x12
 476 037e A6000000 		.4byte	0xa6
 477 0382 0E       		.uleb128 0xe
 478 0383 1B010000 		.4byte	.LASF46
 479 0387 06       		.byte	0x6
 480 0388 0B03     		.2byte	0x30b
 481 038a 11       		.byte	0x11
 482 038b 8E000000 		.4byte	0x8e
 483 038f 0E       		.uleb128 0xe
 484 0390 0A030000 		.4byte	.LASF47
 485 0394 06       		.byte	0x6
 486 0395 1003     		.2byte	0x310
 487 0397 12       		.byte	0x12
 488 0398 A6000000 		.4byte	0xa6
 489 039c 0E       		.uleb128 0xe
 490 039d 04010000 		.4byte	.LASF48
 491 03a1 06       		.byte	0x6
 492 03a2 1503     		.2byte	0x315
 493 03a4 12       		.byte	0x12
 494 03a5 A6000000 		.4byte	0xa6
 495 03a9 15       		.uleb128 0x15
 496 03aa 08       		.byte	0x8
 497 03ab 06       		.byte	0x6
 498 03ac 1A03     		.2byte	0x31a
 499 03ae 09       		.byte	0x9
 500 03af D0030000 		.4byte	0x3d0
 501 03b3 0B       		.uleb128 0xb
 502 03b4 3E010000 		.4byte	.LASF49
 503 03b8 06       		.byte	0x6
 504 03b9 1E03     		.2byte	0x31e
 505 03bb 1D       		.byte	0x1d
 506 03bc 75030000 		.4byte	0x375
 507 03c0 00       		.byte	0
 508 03c1 0B       		.uleb128 0xb
 509 03c2 62040000 		.4byte	.LASF50
 510 03c6 06       		.byte	0x6
 511 03c7 2403     		.2byte	0x324
 512 03c9 1D       		.byte	0x1d
 513 03ca 52030000 		.4byte	0x352
ARM GAS  C:\Users\nello\AppData\Local\Temp\ccPzAOus.s 			page 10


 514 03ce 04       		.byte	0x4
 515 03cf 00       		.byte	0
 516 03d0 0E       		.uleb128 0xe
 517 03d1 F7030000 		.4byte	.LASF51
 518 03d5 06       		.byte	0x6
 519 03d6 2603     		.2byte	0x326
 520 03d8 03       		.byte	0x3
 521 03d9 A9030000 		.4byte	0x3a9
 522 03dd 15       		.uleb128 0x15
 523 03de 48       		.byte	0x48
 524 03df 06       		.byte	0x6
 525 03e0 2B03     		.2byte	0x32b
 526 03e2 09       		.byte	0x9
 527 03e3 4A040000 		.4byte	0x44a
 528 03e7 0B       		.uleb128 0xb
 529 03e8 ED030000 		.4byte	.LASF52
 530 03ec 06       		.byte	0x6
 531 03ed 3103     		.2byte	0x331
 532 03ef 1D       		.byte	0x1d
 533 03f0 A6000000 		.4byte	0xa6
 534 03f4 00       		.byte	0
 535 03f5 0B       		.uleb128 0xb
 536 03f6 E8010000 		.4byte	.LASF39
 537 03fa 06       		.byte	0x6
 538 03fb 3703     		.2byte	0x337
 539 03fd 1D       		.byte	0x1d
 540 03fe 9C030000 		.4byte	0x39c
 541 0402 04       		.byte	0x4
 542 0403 0B       		.uleb128 0xb
 543 0404 62040000 		.4byte	.LASF50
 544 0408 06       		.byte	0x6
 545 0409 3D03     		.2byte	0x33d
 546 040b 1D       		.byte	0x1d
 547 040c 52030000 		.4byte	0x352
 548 0410 08       		.byte	0x8
 549 0411 0B       		.uleb128 0xb
 550 0412 43010000 		.4byte	.LASF41
 551 0416 06       		.byte	0x6
 552 0417 4103     		.2byte	0x341
 553 0419 1D       		.byte	0x1d
 554 041a 4A040000 		.4byte	0x44a
 555 041e 0C       		.byte	0xc
 556 041f 0A       		.uleb128 0xa
 557 0420 63723200 		.ascii	"cr2\000"
 558 0424 06       		.byte	0x6
 559 0425 4703     		.2byte	0x347
 560 0427 1D       		.byte	0x1d
 561 0428 A6000000 		.4byte	0xa6
 562 042c 3C       		.byte	0x3c
 563 042d 0B       		.uleb128 0xb
 564 042e 20040000 		.4byte	.LASF53
 565 0432 06       		.byte	0x6
 566 0433 4C03     		.2byte	0x34c
 567 0435 1D       		.byte	0x1d
 568 0436 A6000000 		.4byte	0xa6
 569 043a 40       		.byte	0x40
 570 043b 0B       		.uleb128 0xb
ARM GAS  C:\Users\nello\AppData\Local\Temp\ccPzAOus.s 			page 11


 571 043c E0030000 		.4byte	.LASF54
 572 0440 06       		.byte	0x6
 573 0441 5203     		.2byte	0x352
 574 0443 1D       		.byte	0x1d
 575 0444 A6000000 		.4byte	0xa6
 576 0448 44       		.byte	0x44
 577 0449 00       		.byte	0
 578 044a 07       		.uleb128 0x7
 579 044b D0030000 		.4byte	0x3d0
 580 044f 5A040000 		.4byte	0x45a
 581 0453 08       		.uleb128 0x8
 582 0454 24000000 		.4byte	0x24
 583 0458 05       		.byte	0x5
 584 0459 00       		.byte	0
 585 045a 0E       		.uleb128 0xe
 586 045b FF010000 		.4byte	.LASF55
 587 045f 06       		.byte	0x6
 588 0460 5303     		.2byte	0x353
 589 0462 03       		.byte	0x3
 590 0463 DD030000 		.4byte	0x3dd
 591 0467 06       		.uleb128 0x6
 592 0468 5A040000 		.4byte	0x45a
 593 046c 12       		.uleb128 0x12
 594 046d 04       		.byte	0x4
 595 046e 67040000 		.4byte	0x467
 596 0472 12       		.uleb128 0x12
 597 0473 04       		.byte	0x4
 598 0474 8D020000 		.4byte	0x28d
 599 0478 16       		.uleb128 0x16
 600 0479 25040000 		.4byte	.LASF58
 601 047d 07       		.byte	0x7
 602 047e 3701     		.2byte	0x137
 603 0480 06       		.byte	0x6
 604 0481 A9040000 		.4byte	0x4a9
 605 0485 17       		.uleb128 0x17
 606 0486 B2010000 		.4byte	.LASF56
 607 048a 07       		.byte	0x7
 608 048b 3701     		.2byte	0x137
 609 048d 2F       		.byte	0x2f
 610 048e 6F030000 		.4byte	0x36f
 611 0492 17       		.uleb128 0x17
 612 0493 20030000 		.4byte	.LASF57
 613 0497 07       		.byte	0x7
 614 0498 3701     		.2byte	0x137
 615 049a 42       		.byte	0x42
 616 049b 82030000 		.4byte	0x382
 617 049f 18       		.uleb128 0x18
 618 04a0 33020000 		.4byte	.LASF60
 619 04a4 B9040000 		.4byte	0x4b9
 620 04a8 00       		.byte	0
 621 04a9 07       		.uleb128 0x7
 622 04aa CA000000 		.4byte	0xca
 623 04ae B9040000 		.4byte	0x4b9
 624 04b2 08       		.uleb128 0x8
 625 04b3 24000000 		.4byte	0x24
 626 04b7 1D       		.byte	0x1d
 627 04b8 00       		.byte	0
ARM GAS  C:\Users\nello\AppData\Local\Temp\ccPzAOus.s 			page 12


 628 04b9 06       		.uleb128 0x6
 629 04ba A9040000 		.4byte	0x4a9
 630 04be 16       		.uleb128 0x16
 631 04bf 92030000 		.4byte	.LASF59
 632 04c3 07       		.byte	0x7
 633 04c4 1B01     		.2byte	0x11b
 634 04c6 06       		.byte	0x6
 635 04c7 EF040000 		.4byte	0x4ef
 636 04cb 17       		.uleb128 0x17
 637 04cc B2010000 		.4byte	.LASF56
 638 04d0 07       		.byte	0x7
 639 04d1 1B01     		.2byte	0x11b
 640 04d3 2E       		.byte	0x2e
 641 04d4 6F030000 		.4byte	0x36f
 642 04d8 17       		.uleb128 0x17
 643 04d9 20030000 		.4byte	.LASF57
 644 04dd 07       		.byte	0x7
 645 04de 1B01     		.2byte	0x11b
 646 04e0 41       		.byte	0x41
 647 04e1 82030000 		.4byte	0x382
 648 04e5 18       		.uleb128 0x18
 649 04e6 33020000 		.4byte	.LASF60
 650 04ea FF040000 		.4byte	0x4ff
 651 04ee 00       		.byte	0
 652 04ef 07       		.uleb128 0x7
 653 04f0 CA000000 		.4byte	0xca
 654 04f4 FF040000 		.4byte	0x4ff
 655 04f8 08       		.uleb128 0x8
 656 04f9 24000000 		.4byte	0x24
 657 04fd 1C       		.byte	0x1c
 658 04fe 00       		.byte	0
 659 04ff 06       		.uleb128 0x6
 660 0500 EF040000 		.4byte	0x4ef
 661 0504 16       		.uleb128 0x16
 662 0505 5D010000 		.4byte	.LASF61
 663 0509 07       		.byte	0x7
 664 050a 0201     		.2byte	0x102
 665 050c 06       		.byte	0x6
 666 050d 28050000 		.4byte	0x528
 667 0511 17       		.uleb128 0x17
 668 0512 B2010000 		.4byte	.LASF56
 669 0516 07       		.byte	0x7
 670 0517 0201     		.2byte	0x102
 671 0519 30       		.byte	0x30
 672 051a 6F030000 		.4byte	0x36f
 673 051e 18       		.uleb128 0x18
 674 051f 33020000 		.4byte	.LASF60
 675 0523 38050000 		.4byte	0x538
 676 0527 00       		.byte	0
 677 0528 07       		.uleb128 0x7
 678 0529 CA000000 		.4byte	0xca
 679 052d 38050000 		.4byte	0x538
 680 0531 08       		.uleb128 0x8
 681 0532 24000000 		.4byte	0x24
 682 0536 1E       		.byte	0x1e
 683 0537 00       		.byte	0
 684 0538 06       		.uleb128 0x6
ARM GAS  C:\Users\nello\AppData\Local\Temp\ccPzAOus.s 			page 13


 685 0539 28050000 		.4byte	0x528
 686 053d 19       		.uleb128 0x19
 687 053e 00000000 		.4byte	.LASF62
 688 0542 07       		.byte	0x7
 689 0543 EB       		.byte	0xeb
 690 0544 06       		.byte	0x6
 691 0545 5F050000 		.4byte	0x55f
 692 0549 1A       		.uleb128 0x1a
 693 054a B2010000 		.4byte	.LASF56
 694 054e 07       		.byte	0x7
 695 054f EB       		.byte	0xeb
 696 0550 2F       		.byte	0x2f
 697 0551 6F030000 		.4byte	0x36f
 698 0555 18       		.uleb128 0x18
 699 0556 33020000 		.4byte	.LASF60
 700 055a B9040000 		.4byte	0x4b9
 701 055e 00       		.byte	0
 702 055f 19       		.uleb128 0x19
 703 0560 3C020000 		.4byte	.LASF63
 704 0564 07       		.byte	0x7
 705 0565 D5       		.byte	0xd5
 706 0566 06       		.byte	0x6
 707 0567 8D050000 		.4byte	0x58d
 708 056b 1A       		.uleb128 0x1a
 709 056c B2010000 		.4byte	.LASF56
 710 0570 07       		.byte	0x7
 711 0571 D5       		.byte	0xd5
 712 0572 23       		.byte	0x23
 713 0573 6F030000 		.4byte	0x36f
 714 0577 1A       		.uleb128 0x1a
 715 0578 20030000 		.4byte	.LASF57
 716 057c 07       		.byte	0x7
 717 057d D5       		.byte	0xd5
 718 057e 36       		.byte	0x36
 719 057f 82030000 		.4byte	0x382
 720 0583 18       		.uleb128 0x18
 721 0584 33020000 		.4byte	.LASF60
 722 0588 9D050000 		.4byte	0x59d
 723 058c 00       		.byte	0
 724 058d 07       		.uleb128 0x7
 725 058e CA000000 		.4byte	0xca
 726 0592 9D050000 		.4byte	0x59d
 727 0596 08       		.uleb128 0x8
 728 0597 24000000 		.4byte	0x24
 729 059b 11       		.byte	0x11
 730 059c 00       		.byte	0
 731 059d 06       		.uleb128 0x6
 732 059e 8D050000 		.4byte	0x58d
 733 05a2 19       		.uleb128 0x19
 734 05a3 92010000 		.4byte	.LASF64
 735 05a7 07       		.byte	0x7
 736 05a8 B8       		.byte	0xb8
 737 05a9 06       		.byte	0x6
 738 05aa DC050000 		.4byte	0x5dc
 739 05ae 1A       		.uleb128 0x1a
 740 05af B2010000 		.4byte	.LASF56
 741 05b3 07       		.byte	0x7
ARM GAS  C:\Users\nello\AppData\Local\Temp\ccPzAOus.s 			page 14


 742 05b4 B8       		.byte	0xb8
 743 05b5 22       		.byte	0x22
 744 05b6 6F030000 		.4byte	0x36f
 745 05ba 1A       		.uleb128 0x1a
 746 05bb 20030000 		.4byte	.LASF57
 747 05bf 07       		.byte	0x7
 748 05c0 B9       		.byte	0xb9
 749 05c1 24       		.byte	0x24
 750 05c2 82030000 		.4byte	0x382
 751 05c6 1A       		.uleb128 0x1a
 752 05c7 AC010000 		.4byte	.LASF65
 753 05cb 07       		.byte	0x7
 754 05cc BA       		.byte	0xba
 755 05cd 20       		.byte	0x20
 756 05ce 9C030000 		.4byte	0x39c
 757 05d2 18       		.uleb128 0x18
 758 05d3 33020000 		.4byte	.LASF60
 759 05d7 EC050000 		.4byte	0x5ec
 760 05db 00       		.byte	0
 761 05dc 07       		.uleb128 0x7
 762 05dd CA000000 		.4byte	0xca
 763 05e1 EC050000 		.4byte	0x5ec
 764 05e5 08       		.uleb128 0x8
 765 05e6 24000000 		.4byte	0x24
 766 05ea 10       		.byte	0x10
 767 05eb 00       		.byte	0
 768 05ec 06       		.uleb128 0x6
 769 05ed DC050000 		.4byte	0x5dc
 770 05f1 19       		.uleb128 0x19
 771 05f2 32030000 		.4byte	.LASF66
 772 05f6 07       		.byte	0x7
 773 05f7 A0       		.byte	0xa0
 774 05f8 06       		.byte	0x6
 775 05f9 1F060000 		.4byte	0x61f
 776 05fd 1A       		.uleb128 0x1a
 777 05fe B2010000 		.4byte	.LASF56
 778 0602 07       		.byte	0x7
 779 0603 A0       		.byte	0xa0
 780 0604 21       		.byte	0x21
 781 0605 6F030000 		.4byte	0x36f
 782 0609 1A       		.uleb128 0x1a
 783 060a E8010000 		.4byte	.LASF39
 784 060e 07       		.byte	0x7
 785 060f A0       		.byte	0xa0
 786 0610 30       		.byte	0x30
 787 0611 9C030000 		.4byte	0x39c
 788 0615 18       		.uleb128 0x18
 789 0616 33020000 		.4byte	.LASF60
 790 061a 2F060000 		.4byte	0x62f
 791 061e 00       		.byte	0
 792 061f 07       		.uleb128 0x7
 793 0620 CA000000 		.4byte	0xca
 794 0624 2F060000 		.4byte	0x62f
 795 0628 08       		.uleb128 0x8
 796 0629 24000000 		.4byte	0x24
 797 062d 0F       		.byte	0xf
 798 062e 00       		.byte	0
ARM GAS  C:\Users\nello\AppData\Local\Temp\ccPzAOus.s 			page 15


 799 062f 06       		.uleb128 0x6
 800 0630 1F060000 		.4byte	0x61f
 801 0634 19       		.uleb128 0x19
 802 0635 E5030000 		.4byte	.LASF67
 803 0639 07       		.byte	0x7
 804 063a 80       		.byte	0x80
 805 063b 06       		.byte	0x6
 806 063c 56060000 		.4byte	0x656
 807 0640 1A       		.uleb128 0x1a
 808 0641 B2010000 		.4byte	.LASF56
 809 0645 07       		.byte	0x7
 810 0646 80       		.byte	0x80
 811 0647 19       		.byte	0x19
 812 0648 6F030000 		.4byte	0x36f
 813 064c 18       		.uleb128 0x18
 814 064d 33020000 		.4byte	.LASF60
 815 0651 66060000 		.4byte	0x666
 816 0655 00       		.byte	0
 817 0656 07       		.uleb128 0x7
 818 0657 CA000000 		.4byte	0xca
 819 065b 66060000 		.4byte	0x666
 820 065f 08       		.uleb128 0x8
 821 0660 24000000 		.4byte	0x24
 822 0664 07       		.byte	0x7
 823 0665 00       		.byte	0
 824 0666 06       		.uleb128 0x6
 825 0667 56060000 		.4byte	0x656
 826 066b 1B       		.uleb128 0x1b
 827 066c B7010000 		.4byte	.LASF78
 828 0670 07       		.byte	0x7
 829 0671 5A       		.byte	0x5a
 830 0672 07       		.byte	0x7
 831 0673 B7000000 		.4byte	0xb7
 832 0677 A9060000 		.4byte	0x6a9
 833 067b 1A       		.uleb128 0x1a
 834 067c B2010000 		.4byte	.LASF56
 835 0680 07       		.byte	0x7
 836 0681 5A       		.byte	0x5a
 837 0682 1B       		.byte	0x1b
 838 0683 6F030000 		.4byte	0x36f
 839 0687 1A       		.uleb128 0x1a
 840 0688 56010000 		.4byte	.LASF38
 841 068c 07       		.byte	0x7
 842 068d 5A       		.byte	0x5a
 843 068e 32       		.byte	0x32
 844 068f 6C040000 		.4byte	0x46c
 845 0693 1C       		.uleb128 0x1c
 846 0694 6D736700 		.ascii	"msg\000"
 847 0698 07       		.byte	0x7
 848 0699 5B       		.byte	0x5b
 849 069a 09       		.byte	0x9
 850 069b B7000000 		.4byte	0xb7
 851 069f 18       		.uleb128 0x18
 852 06a0 33020000 		.4byte	.LASF60
 853 06a4 B9060000 		.4byte	0x6b9
 854 06a8 00       		.byte	0
 855 06a9 07       		.uleb128 0x7
ARM GAS  C:\Users\nello\AppData\Local\Temp\ccPzAOus.s 			page 16


 856 06aa CA000000 		.4byte	0xca
 857 06ae B9060000 		.4byte	0x6b9
 858 06b2 08       		.uleb128 0x8
 859 06b3 24000000 		.4byte	0x24
 860 06b7 08       		.byte	0x8
 861 06b8 00       		.byte	0
 862 06b9 06       		.uleb128 0x6
 863 06ba A9060000 		.4byte	0x6a9
 864 06be 19       		.uleb128 0x19
 865 06bf 7C010000 		.4byte	.LASF68
 866 06c3 07       		.byte	0x7
 867 06c4 44       		.byte	0x44
 868 06c5 06       		.byte	0x6
 869 06c6 D7060000 		.4byte	0x6d7
 870 06ca 1A       		.uleb128 0x1a
 871 06cb B2010000 		.4byte	.LASF56
 872 06cf 07       		.byte	0x7
 873 06d0 44       		.byte	0x44
 874 06d1 1F       		.byte	0x1f
 875 06d2 6F030000 		.4byte	0x36f
 876 06d6 00       		.byte	0
 877 06d7 1D       		.uleb128 0x1d
 878 06d8 E0010000 		.4byte	.LASF79
 879 06dc 07       		.byte	0x7
 880 06dd 38       		.byte	0x38
 881 06de 06       		.byte	0x6
 882 06df 1E       		.uleb128 0x1e
 883 06e0 0D010000 		.4byte	.LASF69
 884 06e4 08       		.byte	0x8
 885 06e5 4802     		.2byte	0x248
 886 06e7 14       		.byte	0x14
 887 06e8 1E       		.uleb128 0x1e
 888 06e9 09020000 		.4byte	.LASF70
 889 06ed 08       		.byte	0x8
 890 06ee 3D02     		.2byte	0x23d
 891 06f0 14       		.byte	0x14
 892 06f1 1F       		.uleb128 0x1f
 893 06f2 AF030000 		.4byte	.LASF80
 894 06f6 09       		.byte	0x9
 895 06f7 A501     		.2byte	0x1a5
 896 06f9 14       		.byte	0x14
 897 06fa 08070000 		.4byte	0x708
 898 06fe 18       		.uleb128 0x18
 899 06ff 33020000 		.4byte	.LASF60
 900 0703 18070000 		.4byte	0x718
 901 0707 00       		.byte	0
 902 0708 07       		.uleb128 0x7
 903 0709 CA000000 		.4byte	0xca
 904 070d 18070000 		.4byte	0x718
 905 0711 08       		.uleb128 0x8
 906 0712 24000000 		.4byte	0x24
 907 0716 0B       		.byte	0xb
 908 0717 00       		.byte	0
 909 0718 06       		.uleb128 0x6
 910 0719 08070000 		.4byte	0x708
 911 071d 1E       		.uleb128 0x1e
 912 071e 34010000 		.4byte	.LASF71
ARM GAS  C:\Users\nello\AppData\Local\Temp\ccPzAOus.s 			page 17


 913 0722 09       		.byte	0x9
 914 0723 9701     		.2byte	0x197
 915 0725 14       		.byte	0x14
 916 0726 1E       		.uleb128 0x1e
 917 0727 FE020000 		.4byte	.LASF72
 918 072b 0A       		.byte	0xa
 919 072c 1F03     		.2byte	0x31f
 920 072e 1B       		.byte	0x1b
 921 072f 1E       		.uleb128 0x1e
 922 0730 16030000 		.4byte	.LASF73
 923 0734 0A       		.byte	0xa
 924 0735 0B03     		.2byte	0x30b
 925 0737 1B       		.byte	0x1b
 926 0738 20       		.uleb128 0x20
 927 0739 08040000 		.4byte	.LASF81
 928 073d 0B       		.byte	0xb
 929 073e EB01     		.2byte	0x1eb
 930 0740 1B       		.byte	0x1b
 931 0741 17       		.uleb128 0x17
 932 0742 C8020000 		.4byte	.LASF74
 933 0746 0B       		.byte	0xb
 934 0747 EB01     		.2byte	0x1eb
 935 0749 32       		.byte	0x32
 936 074a A6000000 		.4byte	0xa6
 937 074e 00       		.byte	0
 938 074f 00       		.byte	0
 939              		.section	.gnu.debuglto_.debug_abbrev,"e",%progbits
 940              	.Ldebug_abbrev0:
 941 0000 01       		.uleb128 0x1
 942 0001 11       		.uleb128 0x11
 943 0002 01       		.byte	0x1
 944 0003 25       		.uleb128 0x25
 945 0004 0E       		.uleb128 0xe
 946 0005 13       		.uleb128 0x13
 947 0006 0B       		.uleb128 0xb
 948 0007 03       		.uleb128 0x3
 949 0008 0E       		.uleb128 0xe
 950 0009 1B       		.uleb128 0x1b
 951 000a 0E       		.uleb128 0xe
 952 000b 10       		.uleb128 0x10
 953 000c 17       		.uleb128 0x17
 954 000d 00       		.byte	0
 955 000e 00       		.byte	0
 956 000f 02       		.uleb128 0x2
 957 0010 24       		.uleb128 0x24
 958 0011 00       		.byte	0
 959 0012 0B       		.uleb128 0xb
 960 0013 0B       		.uleb128 0xb
 961 0014 3E       		.uleb128 0x3e
 962 0015 0B       		.uleb128 0xb
 963 0016 03       		.uleb128 0x3
 964 0017 08       		.uleb128 0x8
 965 0018 00       		.byte	0
 966 0019 00       		.byte	0
 967 001a 03       		.uleb128 0x3
 968 001b 24       		.uleb128 0x24
 969 001c 00       		.byte	0
ARM GAS  C:\Users\nello\AppData\Local\Temp\ccPzAOus.s 			page 18


 970 001d 0B       		.uleb128 0xb
 971 001e 0B       		.uleb128 0xb
 972 001f 3E       		.uleb128 0x3e
 973 0020 0B       		.uleb128 0xb
 974 0021 03       		.uleb128 0x3
 975 0022 0E       		.uleb128 0xe
 976 0023 00       		.byte	0
 977 0024 00       		.byte	0
 978 0025 04       		.uleb128 0x4
 979 0026 16       		.uleb128 0x16
 980 0027 00       		.byte	0
 981 0028 03       		.uleb128 0x3
 982 0029 0E       		.uleb128 0xe
 983 002a 3A       		.uleb128 0x3a
 984 002b 0B       		.uleb128 0xb
 985 002c 3B       		.uleb128 0x3b
 986 002d 0B       		.uleb128 0xb
 987 002e 39       		.uleb128 0x39
 988 002f 0B       		.uleb128 0xb
 989 0030 49       		.uleb128 0x49
 990 0031 13       		.uleb128 0x13
 991 0032 00       		.byte	0
 992 0033 00       		.byte	0
 993 0034 05       		.uleb128 0x5
 994 0035 35       		.uleb128 0x35
 995 0036 00       		.byte	0
 996 0037 49       		.uleb128 0x49
 997 0038 13       		.uleb128 0x13
 998 0039 00       		.byte	0
 999 003a 00       		.byte	0
 1000 003b 06       		.uleb128 0x6
 1001 003c 26       		.uleb128 0x26
 1002 003d 00       		.byte	0
 1003 003e 49       		.uleb128 0x49
 1004 003f 13       		.uleb128 0x13
 1005 0040 00       		.byte	0
 1006 0041 00       		.byte	0
 1007 0042 07       		.uleb128 0x7
 1008 0043 01       		.uleb128 0x1
 1009 0044 01       		.byte	0x1
 1010 0045 49       		.uleb128 0x49
 1011 0046 13       		.uleb128 0x13
 1012 0047 01       		.uleb128 0x1
 1013 0048 13       		.uleb128 0x13
 1014 0049 00       		.byte	0
 1015 004a 00       		.byte	0
 1016 004b 08       		.uleb128 0x8
 1017 004c 21       		.uleb128 0x21
 1018 004d 00       		.byte	0
 1019 004e 49       		.uleb128 0x49
 1020 004f 13       		.uleb128 0x13
 1021 0050 2F       		.uleb128 0x2f
 1022 0051 0B       		.uleb128 0xb
 1023 0052 00       		.byte	0
 1024 0053 00       		.byte	0
 1025 0054 09       		.uleb128 0x9
 1026 0055 13       		.uleb128 0x13
ARM GAS  C:\Users\nello\AppData\Local\Temp\ccPzAOus.s 			page 19


 1027 0056 01       		.byte	0x1
 1028 0057 0B       		.uleb128 0xb
 1029 0058 05       		.uleb128 0x5
 1030 0059 3A       		.uleb128 0x3a
 1031 005a 0B       		.uleb128 0xb
 1032 005b 3B       		.uleb128 0x3b
 1033 005c 05       		.uleb128 0x5
 1034 005d 39       		.uleb128 0x39
 1035 005e 0B       		.uleb128 0xb
 1036 005f 01       		.uleb128 0x1
 1037 0060 13       		.uleb128 0x13
 1038 0061 00       		.byte	0
 1039 0062 00       		.byte	0
 1040 0063 0A       		.uleb128 0xa
 1041 0064 0D       		.uleb128 0xd
 1042 0065 00       		.byte	0
 1043 0066 03       		.uleb128 0x3
 1044 0067 08       		.uleb128 0x8
 1045 0068 3A       		.uleb128 0x3a
 1046 0069 0B       		.uleb128 0xb
 1047 006a 3B       		.uleb128 0x3b
 1048 006b 05       		.uleb128 0x5
 1049 006c 39       		.uleb128 0x39
 1050 006d 0B       		.uleb128 0xb
 1051 006e 49       		.uleb128 0x49
 1052 006f 13       		.uleb128 0x13
 1053 0070 38       		.uleb128 0x38
 1054 0071 0B       		.uleb128 0xb
 1055 0072 00       		.byte	0
 1056 0073 00       		.byte	0
 1057 0074 0B       		.uleb128 0xb
 1058 0075 0D       		.uleb128 0xd
 1059 0076 00       		.byte	0
 1060 0077 03       		.uleb128 0x3
 1061 0078 0E       		.uleb128 0xe
 1062 0079 3A       		.uleb128 0x3a
 1063 007a 0B       		.uleb128 0xb
 1064 007b 3B       		.uleb128 0x3b
 1065 007c 05       		.uleb128 0x5
 1066 007d 39       		.uleb128 0x39
 1067 007e 0B       		.uleb128 0xb
 1068 007f 49       		.uleb128 0x49
 1069 0080 13       		.uleb128 0x13
 1070 0081 38       		.uleb128 0x38
 1071 0082 0B       		.uleb128 0xb
 1072 0083 00       		.byte	0
 1073 0084 00       		.byte	0
 1074 0085 0C       		.uleb128 0xc
 1075 0086 0D       		.uleb128 0xd
 1076 0087 00       		.byte	0
 1077 0088 03       		.uleb128 0x3
 1078 0089 08       		.uleb128 0x8
 1079 008a 3A       		.uleb128 0x3a
 1080 008b 0B       		.uleb128 0xb
 1081 008c 3B       		.uleb128 0x3b
 1082 008d 05       		.uleb128 0x5
 1083 008e 39       		.uleb128 0x39
ARM GAS  C:\Users\nello\AppData\Local\Temp\ccPzAOus.s 			page 20


 1084 008f 0B       		.uleb128 0xb
 1085 0090 49       		.uleb128 0x49
 1086 0091 13       		.uleb128 0x13
 1087 0092 38       		.uleb128 0x38
 1088 0093 05       		.uleb128 0x5
 1089 0094 00       		.byte	0
 1090 0095 00       		.byte	0
 1091 0096 0D       		.uleb128 0xd
 1092 0097 0D       		.uleb128 0xd
 1093 0098 00       		.byte	0
 1094 0099 03       		.uleb128 0x3
 1095 009a 0E       		.uleb128 0xe
 1096 009b 3A       		.uleb128 0x3a
 1097 009c 0B       		.uleb128 0xb
 1098 009d 3B       		.uleb128 0x3b
 1099 009e 05       		.uleb128 0x5
 1100 009f 39       		.uleb128 0x39
 1101 00a0 0B       		.uleb128 0xb
 1102 00a1 49       		.uleb128 0x49
 1103 00a2 13       		.uleb128 0x13
 1104 00a3 38       		.uleb128 0x38
 1105 00a4 05       		.uleb128 0x5
 1106 00a5 00       		.byte	0
 1107 00a6 00       		.byte	0
 1108 00a7 0E       		.uleb128 0xe
 1109 00a8 16       		.uleb128 0x16
 1110 00a9 00       		.byte	0
 1111 00aa 03       		.uleb128 0x3
 1112 00ab 0E       		.uleb128 0xe
 1113 00ac 3A       		.uleb128 0x3a
 1114 00ad 0B       		.uleb128 0xb
 1115 00ae 3B       		.uleb128 0x3b
 1116 00af 05       		.uleb128 0x5
 1117 00b0 39       		.uleb128 0x39
 1118 00b1 0B       		.uleb128 0xb
 1119 00b2 49       		.uleb128 0x49
 1120 00b3 13       		.uleb128 0x13
 1121 00b4 00       		.byte	0
 1122 00b5 00       		.byte	0
 1123 00b6 0F       		.uleb128 0xf
 1124 00b7 04       		.uleb128 0x4
 1125 00b8 01       		.byte	0x1
 1126 00b9 3E       		.uleb128 0x3e
 1127 00ba 0B       		.uleb128 0xb
 1128 00bb 0B       		.uleb128 0xb
 1129 00bc 0B       		.uleb128 0xb
 1130 00bd 49       		.uleb128 0x49
 1131 00be 13       		.uleb128 0x13
 1132 00bf 3A       		.uleb128 0x3a
 1133 00c0 0B       		.uleb128 0xb
 1134 00c1 3B       		.uleb128 0x3b
 1135 00c2 0B       		.uleb128 0xb
 1136 00c3 39       		.uleb128 0x39
 1137 00c4 0B       		.uleb128 0xb
 1138 00c5 01       		.uleb128 0x1
 1139 00c6 13       		.uleb128 0x13
 1140 00c7 00       		.byte	0
ARM GAS  C:\Users\nello\AppData\Local\Temp\ccPzAOus.s 			page 21


 1141 00c8 00       		.byte	0
 1142 00c9 10       		.uleb128 0x10
 1143 00ca 28       		.uleb128 0x28
 1144 00cb 00       		.byte	0
 1145 00cc 03       		.uleb128 0x3
 1146 00cd 0E       		.uleb128 0xe
 1147 00ce 1C       		.uleb128 0x1c
 1148 00cf 0B       		.uleb128 0xb
 1149 00d0 00       		.byte	0
 1150 00d1 00       		.byte	0
 1151 00d2 11       		.uleb128 0x11
 1152 00d3 13       		.uleb128 0x13
 1153 00d4 01       		.byte	0x1
 1154 00d5 03       		.uleb128 0x3
 1155 00d6 0E       		.uleb128 0xe
 1156 00d7 0B       		.uleb128 0xb
 1157 00d8 0B       		.uleb128 0xb
 1158 00d9 3A       		.uleb128 0x3a
 1159 00da 0B       		.uleb128 0xb
 1160 00db 3B       		.uleb128 0x3b
 1161 00dc 05       		.uleb128 0x5
 1162 00dd 39       		.uleb128 0x39
 1163 00de 0B       		.uleb128 0xb
 1164 00df 01       		.uleb128 0x1
 1165 00e0 13       		.uleb128 0x13
 1166 00e1 00       		.byte	0
 1167 00e2 00       		.byte	0
 1168 00e3 12       		.uleb128 0x12
 1169 00e4 0F       		.uleb128 0xf
 1170 00e5 00       		.byte	0
 1171 00e6 0B       		.uleb128 0xb
 1172 00e7 0B       		.uleb128 0xb
 1173 00e8 49       		.uleb128 0x49
 1174 00e9 13       		.uleb128 0x13
 1175 00ea 00       		.byte	0
 1176 00eb 00       		.byte	0
 1177 00ec 13       		.uleb128 0x13
 1178 00ed 15       		.uleb128 0x15
 1179 00ee 01       		.byte	0x1
 1180 00ef 27       		.uleb128 0x27
 1181 00f0 19       		.uleb128 0x19
 1182 00f1 01       		.uleb128 0x1
 1183 00f2 13       		.uleb128 0x13
 1184 00f3 00       		.byte	0
 1185 00f4 00       		.byte	0
 1186 00f5 14       		.uleb128 0x14
 1187 00f6 05       		.uleb128 0x5
 1188 00f7 00       		.byte	0
 1189 00f8 49       		.uleb128 0x49
 1190 00f9 13       		.uleb128 0x13
 1191 00fa 00       		.byte	0
 1192 00fb 00       		.byte	0
 1193 00fc 15       		.uleb128 0x15
 1194 00fd 13       		.uleb128 0x13
 1195 00fe 01       		.byte	0x1
 1196 00ff 0B       		.uleb128 0xb
 1197 0100 0B       		.uleb128 0xb
ARM GAS  C:\Users\nello\AppData\Local\Temp\ccPzAOus.s 			page 22


 1198 0101 3A       		.uleb128 0x3a
 1199 0102 0B       		.uleb128 0xb
 1200 0103 3B       		.uleb128 0x3b
 1201 0104 05       		.uleb128 0x5
 1202 0105 39       		.uleb128 0x39
 1203 0106 0B       		.uleb128 0xb
 1204 0107 01       		.uleb128 0x1
 1205 0108 13       		.uleb128 0x13
 1206 0109 00       		.byte	0
 1207 010a 00       		.byte	0
 1208 010b 16       		.uleb128 0x16
 1209 010c 2E       		.uleb128 0x2e
 1210 010d 01       		.byte	0x1
 1211 010e 3F       		.uleb128 0x3f
 1212 010f 19       		.uleb128 0x19
 1213 0110 03       		.uleb128 0x3
 1214 0111 0E       		.uleb128 0xe
 1215 0112 3A       		.uleb128 0x3a
 1216 0113 0B       		.uleb128 0xb
 1217 0114 3B       		.uleb128 0x3b
 1218 0115 05       		.uleb128 0x5
 1219 0116 39       		.uleb128 0x39
 1220 0117 0B       		.uleb128 0xb
 1221 0118 27       		.uleb128 0x27
 1222 0119 19       		.uleb128 0x19
 1223 011a 01       		.uleb128 0x1
 1224 011b 13       		.uleb128 0x13
 1225 011c 00       		.byte	0
 1226 011d 00       		.byte	0
 1227 011e 17       		.uleb128 0x17
 1228 011f 05       		.uleb128 0x5
 1229 0120 00       		.byte	0
 1230 0121 03       		.uleb128 0x3
 1231 0122 0E       		.uleb128 0xe
 1232 0123 3A       		.uleb128 0x3a
 1233 0124 0B       		.uleb128 0xb
 1234 0125 3B       		.uleb128 0x3b
 1235 0126 05       		.uleb128 0x5
 1236 0127 39       		.uleb128 0x39
 1237 0128 0B       		.uleb128 0xb
 1238 0129 49       		.uleb128 0x49
 1239 012a 13       		.uleb128 0x13
 1240 012b 00       		.byte	0
 1241 012c 00       		.byte	0
 1242 012d 18       		.uleb128 0x18
 1243 012e 34       		.uleb128 0x34
 1244 012f 00       		.byte	0
 1245 0130 03       		.uleb128 0x3
 1246 0131 0E       		.uleb128 0xe
 1247 0132 49       		.uleb128 0x49
 1248 0133 13       		.uleb128 0x13
 1249 0134 34       		.uleb128 0x34
 1250 0135 19       		.uleb128 0x19
 1251 0136 00       		.byte	0
 1252 0137 00       		.byte	0
 1253 0138 19       		.uleb128 0x19
 1254 0139 2E       		.uleb128 0x2e
ARM GAS  C:\Users\nello\AppData\Local\Temp\ccPzAOus.s 			page 23


 1255 013a 01       		.byte	0x1
 1256 013b 3F       		.uleb128 0x3f
 1257 013c 19       		.uleb128 0x19
 1258 013d 03       		.uleb128 0x3
 1259 013e 0E       		.uleb128 0xe
 1260 013f 3A       		.uleb128 0x3a
 1261 0140 0B       		.uleb128 0xb
 1262 0141 3B       		.uleb128 0x3b
 1263 0142 0B       		.uleb128 0xb
 1264 0143 39       		.uleb128 0x39
 1265 0144 0B       		.uleb128 0xb
 1266 0145 27       		.uleb128 0x27
 1267 0146 19       		.uleb128 0x19
 1268 0147 01       		.uleb128 0x1
 1269 0148 13       		.uleb128 0x13
 1270 0149 00       		.byte	0
 1271 014a 00       		.byte	0
 1272 014b 1A       		.uleb128 0x1a
 1273 014c 05       		.uleb128 0x5
 1274 014d 00       		.byte	0
 1275 014e 03       		.uleb128 0x3
 1276 014f 0E       		.uleb128 0xe
 1277 0150 3A       		.uleb128 0x3a
 1278 0151 0B       		.uleb128 0xb
 1279 0152 3B       		.uleb128 0x3b
 1280 0153 0B       		.uleb128 0xb
 1281 0154 39       		.uleb128 0x39
 1282 0155 0B       		.uleb128 0xb
 1283 0156 49       		.uleb128 0x49
 1284 0157 13       		.uleb128 0x13
 1285 0158 00       		.byte	0
 1286 0159 00       		.byte	0
 1287 015a 1B       		.uleb128 0x1b
 1288 015b 2E       		.uleb128 0x2e
 1289 015c 01       		.byte	0x1
 1290 015d 3F       		.uleb128 0x3f
 1291 015e 19       		.uleb128 0x19
 1292 015f 03       		.uleb128 0x3
 1293 0160 0E       		.uleb128 0xe
 1294 0161 3A       		.uleb128 0x3a
 1295 0162 0B       		.uleb128 0xb
 1296 0163 3B       		.uleb128 0x3b
 1297 0164 0B       		.uleb128 0xb
 1298 0165 39       		.uleb128 0x39
 1299 0166 0B       		.uleb128 0xb
 1300 0167 27       		.uleb128 0x27
 1301 0168 19       		.uleb128 0x19
 1302 0169 49       		.uleb128 0x49
 1303 016a 13       		.uleb128 0x13
 1304 016b 01       		.uleb128 0x1
 1305 016c 13       		.uleb128 0x13
 1306 016d 00       		.byte	0
 1307 016e 00       		.byte	0
 1308 016f 1C       		.uleb128 0x1c
 1309 0170 34       		.uleb128 0x34
 1310 0171 00       		.byte	0
 1311 0172 03       		.uleb128 0x3
ARM GAS  C:\Users\nello\AppData\Local\Temp\ccPzAOus.s 			page 24


 1312 0173 08       		.uleb128 0x8
 1313 0174 3A       		.uleb128 0x3a
 1314 0175 0B       		.uleb128 0xb
 1315 0176 3B       		.uleb128 0x3b
 1316 0177 0B       		.uleb128 0xb
 1317 0178 39       		.uleb128 0x39
 1318 0179 0B       		.uleb128 0xb
 1319 017a 49       		.uleb128 0x49
 1320 017b 13       		.uleb128 0x13
 1321 017c 00       		.byte	0
 1322 017d 00       		.byte	0
 1323 017e 1D       		.uleb128 0x1d
 1324 017f 2E       		.uleb128 0x2e
 1325 0180 00       		.byte	0
 1326 0181 3F       		.uleb128 0x3f
 1327 0182 19       		.uleb128 0x19
 1328 0183 03       		.uleb128 0x3
 1329 0184 0E       		.uleb128 0xe
 1330 0185 3A       		.uleb128 0x3a
 1331 0186 0B       		.uleb128 0xb
 1332 0187 3B       		.uleb128 0x3b
 1333 0188 0B       		.uleb128 0xb
 1334 0189 39       		.uleb128 0x39
 1335 018a 0B       		.uleb128 0xb
 1336 018b 27       		.uleb128 0x27
 1337 018c 19       		.uleb128 0x19
 1338 018d 00       		.byte	0
 1339 018e 00       		.byte	0
 1340 018f 1E       		.uleb128 0x1e
 1341 0190 2E       		.uleb128 0x2e
 1342 0191 00       		.byte	0
 1343 0192 03       		.uleb128 0x3
 1344 0193 0E       		.uleb128 0xe
 1345 0194 3A       		.uleb128 0x3a
 1346 0195 0B       		.uleb128 0xb
 1347 0196 3B       		.uleb128 0x3b
 1348 0197 05       		.uleb128 0x5
 1349 0198 39       		.uleb128 0x39
 1350 0199 0B       		.uleb128 0xb
 1351 019a 27       		.uleb128 0x27
 1352 019b 19       		.uleb128 0x19
 1353 019c 00       		.byte	0
 1354 019d 00       		.byte	0
 1355 019e 1F       		.uleb128 0x1f
 1356 019f 2E       		.uleb128 0x2e
 1357 01a0 01       		.byte	0x1
 1358 01a1 03       		.uleb128 0x3
 1359 01a2 0E       		.uleb128 0xe
 1360 01a3 3A       		.uleb128 0x3a
 1361 01a4 0B       		.uleb128 0xb
 1362 01a5 3B       		.uleb128 0x3b
 1363 01a6 05       		.uleb128 0x5
 1364 01a7 39       		.uleb128 0x39
 1365 01a8 0B       		.uleb128 0xb
 1366 01a9 27       		.uleb128 0x27
 1367 01aa 19       		.uleb128 0x19
 1368 01ab 01       		.uleb128 0x1
ARM GAS  C:\Users\nello\AppData\Local\Temp\ccPzAOus.s 			page 25


 1369 01ac 13       		.uleb128 0x13
 1370 01ad 00       		.byte	0
 1371 01ae 00       		.byte	0
 1372 01af 20       		.uleb128 0x20
 1373 01b0 2E       		.uleb128 0x2e
 1374 01b1 01       		.byte	0x1
 1375 01b2 03       		.uleb128 0x3
 1376 01b3 0E       		.uleb128 0xe
 1377 01b4 3A       		.uleb128 0x3a
 1378 01b5 0B       		.uleb128 0xb
 1379 01b6 3B       		.uleb128 0x3b
 1380 01b7 05       		.uleb128 0x5
 1381 01b8 39       		.uleb128 0x39
 1382 01b9 0B       		.uleb128 0xb
 1383 01ba 27       		.uleb128 0x27
 1384 01bb 19       		.uleb128 0x19
 1385 01bc 00       		.byte	0
 1386 01bd 00       		.byte	0
 1387 01be 00       		.byte	0
 1388              		.section	.gnu.debuglto_.debug_line,"e",%progbits
 1389              	.Ldebug_line0:
 1390 0000 73020000 		.4byte	.LELT0-.LSLT0
 1391              	.LSLT0:
 1392 0004 0400     		.2byte	0x4
 1393 0006 6D020000 		.4byte	.LELTP0-.LASLTP0
 1394              	.LASLTP0:
 1395 000a 01       		.byte	0x1
 1396 000b 01       		.byte	0x1
 1397 000c 01       		.byte	0x1
 1398 000d F6       		.byte	0xf6
 1399 000e F2       		.byte	0xf2
 1400 000f 0D       		.byte	0xd
 1401 0010 00       		.byte	0
 1402 0011 01       		.byte	0x1
 1403 0012 01       		.byte	0x1
 1404 0013 01       		.byte	0x1
 1405 0014 01       		.byte	0x1
 1406 0015 00       		.byte	0
 1407 0016 00       		.byte	0
 1408 0017 00       		.byte	0
 1409 0018 01       		.byte	0x1
 1410 0019 00       		.byte	0
 1411 001a 00       		.byte	0
 1412 001b 01       		.byte	0x1
 1413 001c 2E2E2F2E 		.ascii	"../../chibios2111/os/common/ext/ARM/CMSIS/Core/Incl"
 1413      2E2F6368 
 1413      6962696F 
 1413      73323131 
 1413      312F6F73 
 1414 004f 756465   		.ascii	"ude"
 1415 0052 00       		.byte	0
 1416 0053 2E2E2F2E 		.ascii	"../../chibios2111/os/common/ports/ARMv7-M-ALT"
 1416      2E2F6368 
 1416      6962696F 
 1416      73323131 
 1416      312F6F73 
 1417 0080 00       		.byte	0
ARM GAS  C:\Users\nello\AppData\Local\Temp\ccPzAOus.s 			page 26


 1418 0081 2E2E2F2E 		.ascii	"../../chibios2111/os/hal/include"
 1418      2E2F6368 
 1418      6962696F 
 1418      73323131 
 1418      312F6F73 
 1419 00a1 00       		.byte	0
 1420 00a2 2E2E2F2E 		.ascii	"../../chibios2111/os/hal/osal/rt-nil"
 1420      2E2F6368 
 1420      6962696F 
 1420      73323131 
 1420      312F6F73 
 1421 00c6 00       		.byte	0
 1422 00c7 2E2E2F2E 		.ascii	"../../chibios2111/os/hal/ports/STM32/LLD/TIMv1"
 1422      2E2F6368 
 1422      6962696F 
 1422      73323131 
 1422      312F6F73 
 1423 00f5 00       		.byte	0
 1424 00f6 2E2E2F2E 		.ascii	"../../chibios2111/os/hal/src"
 1424      2E2F6368 
 1424      6962696F 
 1424      73323131 
 1424      312F6F73 
 1425 0112 00       		.byte	0
 1426 0113 2E2E2F2E 		.ascii	"../../chibios2111/os/rt/include"
 1426      2E2F6368 
 1426      6962696F 
 1426      73323131 
 1426      312F6F73 
 1427 0132 00       		.byte	0
 1428 0133 633A5C63 		.ascii	"c:\\chibistudio\\tools\\gnu tools arm embedded\\10."
 1428      68696269 
 1428      73747564 
 1428      696F5C74 
 1428      6F6F6C73 
 1429 0162 33203230 		.ascii	"3 2021.10\\arm-none-eabi\\include\\machine"
 1429      32312E31 
 1429      305C6172 
 1429      6D2D6E6F 
 1429      6E652D65 
 1430 0189 00       		.byte	0
 1431 018a 633A5C63 		.ascii	"c:\\chibistudio\\tools\\gnu tools arm embedded\\10."
 1431      68696269 
 1431      73747564 
 1431      696F5C74 
 1431      6F6F6C73 
 1432 01b9 33203230 		.ascii	"3 2021.10\\arm-none-eabi\\include\\sys"
 1432      32312E31 
 1432      305C6172 
 1432      6D2D6E6F 
 1432      6E652D65 
 1433 01dc 00       		.byte	0
 1434 01dd 00       		.byte	0
 1435 01de 5F646566 		.ascii	"_default_types.h\000"
 1435      61756C74 
 1435      5F747970 
 1435      65732E68 
ARM GAS  C:\Users\nello\AppData\Local\Temp\ccPzAOus.s 			page 27


 1435      00
 1436 01ef 08       		.uleb128 0x8
 1437 01f0 00       		.uleb128 0
 1438 01f1 00       		.uleb128 0
 1439 01f2 5F737464 		.ascii	"_stdint.h\000"
 1439      696E742E 
 1439      6800
 1440 01fc 09       		.uleb128 0x9
 1441 01fd 00       		.uleb128 0
 1442 01fe 00       		.uleb128 0
 1443 01ff 63686561 		.ascii	"chearly.h\000"
 1443      726C792E 
 1443      6800
 1444 0209 07       		.uleb128 0x7
 1445 020a 00       		.uleb128 0
 1446 020b 00       		.uleb128 0
 1447 020c 73746D33 		.ascii	"stm32_tim.h\000"
 1447      325F7469 
 1447      6D2E6800 
 1448 0218 05       		.uleb128 0x5
 1449 0219 00       		.uleb128 0
 1450 021a 00       		.uleb128 0
 1451 021b 68616C5F 		.ascii	"hal_pwm.h\000"
 1451      70776D2E 
 1451      6800
 1452 0225 03       		.uleb128 0x3
 1453 0226 00       		.uleb128 0
 1454 0227 00       		.uleb128 0
 1455 0228 68616C5F 		.ascii	"hal_pwm_lld.h\000"
 1455      70776D5F 
 1455      6C6C642E 
 1455      6800
 1456 0236 05       		.uleb128 0x5
 1457 0237 00       		.uleb128 0
 1458 0238 00       		.uleb128 0
 1459 0239 68616C5F 		.ascii	"hal_pwm.c\000"
 1459      70776D2E 
 1459      6300
 1460 0243 06       		.uleb128 0x6
 1461 0244 00       		.uleb128 0
 1462 0245 00       		.uleb128 0
 1463 0246 6F73616C 		.ascii	"osal.h\000"
 1463      2E6800
 1464 024d 04       		.uleb128 0x4
 1465 024e 00       		.uleb128 0
 1466 024f 00       		.uleb128 0
 1467 0250 63687379 		.ascii	"chsys.h\000"
 1467      732E6800 
 1468 0258 07       		.uleb128 0x7
 1469 0259 00       		.uleb128 0
 1470 025a 00       		.uleb128 0
 1471 025b 6368636F 		.ascii	"chcore.h\000"
 1471      72652E68 
 1471      00
 1472 0264 02       		.uleb128 0x2
 1473 0265 00       		.uleb128 0
 1474 0266 00       		.uleb128 0
ARM GAS  C:\Users\nello\AppData\Local\Temp\ccPzAOus.s 			page 28


 1475 0267 636D7369 		.ascii	"cmsis_gcc.h\000"
 1475      735F6763 
 1475      632E6800 
 1476 0273 01       		.uleb128 0x1
 1477 0274 00       		.uleb128 0
 1478 0275 00       		.uleb128 0
 1479 0276 00       		.byte	0
 1480              	.LELTP0:
 1481              	.LELT0:
 1482              		.section	.gnu.debuglto_.debug_str,"eMS",%progbits,1
 1483              	.LASF62:
 1484 0000 70776D45 		.ascii	"pwmEnablePeriodicNotification\000"
 1484      6E61626C 
 1484      65506572 
 1484      696F6469 
 1484      634E6F74 
 1485              	.LASF23:
 1486 001e 43434552 		.ascii	"CCER\000"
 1486      00
 1487              	.LASF75:
 1488 0023 474E5520 		.ascii	"GNU C17 10.3.1 20210824 (release) -mcpu=cortex-m4 -"
 1488      43313720 
 1488      31302E33 
 1488      2E312032 
 1488      30323130 
 1489 0056 6D746875 		.ascii	"mthumb -mfloat-abi=soft -march=armv7e-m -ggdb -O0 -"
 1489      6D62202D 
 1489      6D666C6F 
 1489      61742D61 
 1489      62693D73 
 1490 0089 666F6D69 		.ascii	"fomit-frame-pointer -falign-functions=16 -ffunction"
 1490      742D6672 
 1490      616D652D 
 1490      706F696E 
 1490      74657220 
 1491 00bc 2D736563 		.ascii	"-sections -fdata-sections -fno-common -flto\000"
 1491      74696F6E 
 1491      73202D66 
 1491      64617461 
 1491      2D736563 
 1492              	.LASF30:
 1493 00e8 444D4152 		.ascii	"DMAR\000"
 1493      00
 1494              	.LASF37:
 1495 00ed 73746174 		.ascii	"state\000"
 1495      6500
 1496              	.LASF22:
 1497 00f3 43434D52 		.ascii	"CCMR2\000"
 1497      3200
 1498              	.LASF26:
 1499 00f9 43434D52 		.ascii	"CCMR3\000"
 1499      3300
 1500              	.LASF25:
 1501 00ff 43435852 		.ascii	"CCXR\000"
 1501      00
 1502              	.LASF48:
 1503 0104 70776D63 		.ascii	"pwmcnt_t\000"
ARM GAS  C:\Users\nello\AppData\Local\Temp\ccPzAOus.s 			page 29


 1503      6E745F74 
 1503      00
 1504              	.LASF69:
 1505 010d 6F73616C 		.ascii	"osalSysUnlock\000"
 1505      53797355 
 1505      6E6C6F63 
 1505      6B00
 1506              	.LASF46:
 1507 011b 70776D63 		.ascii	"pwmchannel_t\000"
 1507      68616E6E 
 1507      656C5F74 
 1507      00
 1508              	.LASF2:
 1509 0128 6C6F6E67 		.ascii	"long double\000"
 1509      20646F75 
 1509      626C6500 
 1510              	.LASF71:
 1511 0134 63685379 		.ascii	"chSysLock\000"
 1511      734C6F63 
 1511      6B00
 1512              	.LASF49:
 1513 013e 6D6F6465 		.ascii	"mode\000"
 1513      00
 1514              	.LASF41:
 1515 0143 6368616E 		.ascii	"channels\000"
 1515      6E656C73 
 1515      00
 1516              	.LASF5:
 1517 014c 73686F72 		.ascii	"short int\000"
 1517      7420696E 
 1517      7400
 1518              	.LASF38:
 1519 0156 636F6E66 		.ascii	"config\000"
 1519      696700
 1520              	.LASF61:
 1521 015d 70776D44 		.ascii	"pwmDisablePeriodicNotification\000"
 1521      69736162 
 1521      6C655065 
 1521      72696F64 
 1521      69634E6F 
 1522              	.LASF68:
 1523 017c 70776D4F 		.ascii	"pwmObjectInit\000"
 1523      626A6563 
 1523      74496E69 
 1523      7400
 1524              	.LASF13:
 1525 018a 75696E74 		.ascii	"uint8_t\000"
 1525      385F7400 
 1526              	.LASF64:
 1527 0192 70776D45 		.ascii	"pwmEnableChannel\000"
 1527      6E61626C 
 1527      65436861 
 1527      6E6E656C 
 1527      00
 1528              	.LASF15:
 1529 01a3 75696E74 		.ascii	"uint32_t\000"
 1529      33325F74 
ARM GAS  C:\Users\nello\AppData\Local\Temp\ccPzAOus.s 			page 30


 1529      00
 1530              	.LASF65:
 1531 01ac 77696474 		.ascii	"width\000"
 1531      6800
 1532              	.LASF56:
 1533 01b2 70776D70 		.ascii	"pwmp\000"
 1533      00
 1534              	.LASF78:
 1535 01b7 70776D53 		.ascii	"pwmStart\000"
 1535      74617274 
 1535      00
 1536              	.LASF43:
 1537 01c0 6861735F 		.ascii	"has_bdtr\000"
 1537      62647472 
 1537      00
 1538              	.LASF1:
 1539 01c9 6C6F6E67 		.ascii	"long long int\000"
 1539      206C6F6E 
 1539      6720696E 
 1539      7400
 1540              	.LASF9:
 1541 01d7 6C6F6E67 		.ascii	"long int\000"
 1541      20696E74 
 1541      00
 1542              	.LASF79:
 1543 01e0 70776D49 		.ascii	"pwmInit\000"
 1543      6E697400 
 1544              	.LASF39:
 1545 01e8 70657269 		.ascii	"period\000"
 1545      6F6400
 1546              	.LASF7:
 1547 01ef 5F5F7569 		.ascii	"__uint8_t\000"
 1547      6E74385F 
 1547      7400
 1548              	.LASF21:
 1549 01f9 43434D52 		.ascii	"CCMR1\000"
 1549      3100
 1550              	.LASF55:
 1551 01ff 50574D43 		.ascii	"PWMConfig\000"
 1551      6F6E6669 
 1551      6700
 1552              	.LASF70:
 1553 0209 6F73616C 		.ascii	"osalSysLock\000"
 1553      5379734C 
 1553      6F636B00 
 1554              	.LASF4:
 1555 0215 756E7369 		.ascii	"unsigned char\000"
 1555      676E6564 
 1555      20636861 
 1555      7200
 1556              	.LASF19:
 1557 0223 534D4352 		.ascii	"SMCR\000"
 1557      00
 1558              	.LASF32:
 1559 0228 50574D5F 		.ascii	"PWM_UNINIT\000"
 1559      554E494E 
 1559      495400
ARM GAS  C:\Users\nello\AppData\Local\Temp\ccPzAOus.s 			page 31


 1560              	.LASF60:
 1561 0233 5F5F6675 		.ascii	"__func__\000"
 1561      6E635F5F 
 1561      00
 1562              	.LASF63:
 1563 023c 70776D44 		.ascii	"pwmDisableChannel\000"
 1563      69736162 
 1563      6C654368 
 1563      616E6E65 
 1563      6C00
 1564              	.LASF3:
 1565 024e 7369676E 		.ascii	"signed char\000"
 1565      65642063 
 1565      68617200 
 1566              	.LASF12:
 1567 025a 6C6F6E67 		.ascii	"long long unsigned int\000"
 1567      206C6F6E 
 1567      6720756E 
 1567      7369676E 
 1567      65642069 
 1568              	.LASF28:
 1569 0271 54495345 		.ascii	"TISEL\000"
 1569      4C00
 1570              	.LASF76:
 1571 0277 2E2E2F2E 		.ascii	"../../chibios2111/os/hal/src/hal_pwm.c\000"
 1571      2E2F6368 
 1571      6962696F 
 1571      73323131 
 1571      312F6F73 
 1572              	.LASF0:
 1573 029e 756E7369 		.ascii	"unsigned int\000"
 1573      676E6564 
 1573      20696E74 
 1573      00
 1574              	.LASF24:
 1575 02ab 42445452 		.ascii	"BDTR\000"
 1575      00
 1576              	.LASF20:
 1577 02b0 44494552 		.ascii	"DIER\000"
 1577      00
 1578              	.LASF6:
 1579 02b5 73686F72 		.ascii	"short unsigned int\000"
 1579      7420756E 
 1579      7369676E 
 1579      65642069 
 1579      6E7400
 1580              	.LASF74:
 1581 02c8 62617365 		.ascii	"basePri\000"
 1581      50726900 
 1582              	.LASF17:
 1583 02d0 63686172 		.ascii	"char\000"
 1583      00
 1584              	.LASF31:
 1585 02d5 73746D33 		.ascii	"stm32_tim_t\000"
 1585      325F7469 
 1585      6D5F7400 
 1586              	.LASF36:
ARM GAS  C:\Users\nello\AppData\Local\Temp\ccPzAOus.s 			page 32


 1587 02e1 50574D44 		.ascii	"PWMDriver\000"
 1587      72697665 
 1587      7200
 1588              	.LASF14:
 1589 02eb 696E7433 		.ascii	"int32_t\000"
 1589      325F7400 
 1590              	.LASF27:
 1591 02f3 44545232 		.ascii	"DTR2\000"
 1591      00
 1592              	.LASF18:
 1593 02f8 5F426F6F 		.ascii	"_Bool\000"
 1593      6C00
 1594              	.LASF72:
 1595 02fe 706F7274 		.ascii	"port_unlock\000"
 1595      5F756E6C 
 1595      6F636B00 
 1596              	.LASF47:
 1597 030a 70776D63 		.ascii	"pwmchnmsk_t\000"
 1597      686E6D73 
 1597      6B5F7400 
 1598              	.LASF73:
 1599 0316 706F7274 		.ascii	"port_lock\000"
 1599      5F6C6F63 
 1599      6B00
 1600              	.LASF57:
 1601 0320 6368616E 		.ascii	"channel\000"
 1601      6E656C00 
 1602              	.LASF29:
 1603 0328 52455345 		.ascii	"RESERVED0\000"
 1603      52564544 
 1603      3000
 1604              	.LASF66:
 1605 0332 70776D43 		.ascii	"pwmChangePeriod\000"
 1605      68616E67 
 1605      65506572 
 1605      696F6400 
 1606              	.LASF11:
 1607 0342 6C6F6E67 		.ascii	"long unsigned int\000"
 1607      20756E73 
 1607      69676E65 
 1607      6420696E 
 1607      7400
 1608              	.LASF42:
 1609 0354 636C6F63 		.ascii	"clock\000"
 1609      6B00
 1610              	.LASF77:
 1611 035a 433A5C43 		.ascii	"C:\\ChibiStudio\\workspace_user\\GestureLogicv4\000"
 1611      68696269 
 1611      53747564 
 1611      696F5C77 
 1611      6F726B73 
 1612              	.LASF10:
 1613 0387 5F5F7569 		.ascii	"__uint32_t\000"
 1613      6E743332 
 1613      5F7400
 1614              	.LASF59:
 1615 0392 70776D45 		.ascii	"pwmEnableChannelNotification\000"
ARM GAS  C:\Users\nello\AppData\Local\Temp\ccPzAOus.s 			page 33


 1615      6E61626C 
 1615      65436861 
 1615      6E6E656C 
 1615      4E6F7469 
 1616              	.LASF80:
 1617 03af 63685379 		.ascii	"chSysUnlock\000"
 1617      73556E6C 
 1617      6F636B00 
 1618              	.LASF8:
 1619 03bb 5F5F696E 		.ascii	"__int32_t\000"
 1619      7433325F 
 1619      7400
 1620              	.LASF34:
 1621 03c5 50574D5F 		.ascii	"PWM_READY\000"
 1621      52454144 
 1621      5900
 1622              	.LASF40:
 1623 03cf 656E6162 		.ascii	"enabled\000"
 1623      6C656400 
 1624              	.LASF33:
 1625 03d7 50574D5F 		.ascii	"PWM_STOP\000"
 1625      53544F50 
 1625      00
 1626              	.LASF54:
 1627 03e0 64696572 		.ascii	"dier\000"
 1627      00
 1628              	.LASF67:
 1629 03e5 70776D53 		.ascii	"pwmStop\000"
 1629      746F7000 
 1630              	.LASF52:
 1631 03ed 66726571 		.ascii	"frequency\000"
 1631      75656E63 
 1631      7900
 1632              	.LASF51:
 1633 03f7 50574D43 		.ascii	"PWMChannelConfig\000"
 1633      68616E6E 
 1633      656C436F 
 1633      6E666967 
 1633      00
 1634              	.LASF81:
 1635 0408 5F5F7365 		.ascii	"__set_BASEPRI\000"
 1635      745F4241 
 1635      53455052 
 1635      4900
 1636              	.LASF45:
 1637 0416 70776D6D 		.ascii	"pwmmode_t\000"
 1637      6F64655F 
 1637      7400
 1638              	.LASF53:
 1639 0420 62647472 		.ascii	"bdtr\000"
 1639      00
 1640              	.LASF58:
 1641 0425 70776D44 		.ascii	"pwmDisableChannelNotification\000"
 1641      69736162 
 1641      6C654368 
 1641      616E6E65 
 1641      6C4E6F74 
ARM GAS  C:\Users\nello\AppData\Local\Temp\ccPzAOus.s 			page 34


 1642              	.LASF35:
 1643 0443 70776D73 		.ascii	"pwmstate_t\000"
 1643      74617465 
 1643      5F7400
 1644              	.LASF44:
 1645 044e 70776D63 		.ascii	"pwmcallback_t\000"
 1645      616C6C62 
 1645      61636B5F 
 1645      7400
 1646              	.LASF16:
 1647 045c 6D73675F 		.ascii	"msg_t\000"
 1647      7400
 1648              	.LASF50:
 1649 0462 63616C6C 		.ascii	"callback\000"
 1649      6261636B 
 1649      00
 1650              		.text
 1651              		.section	.gnu.lto_.inline.71a49cf4,"e",%progbits
 1652 0000 789C9D90 		.ascii	"x\234\235\220M\016\2020\020F?\247U\240\264\222x0N\241"
 1652      4D0E8230 
 1652      10463FA7 
 1652      55A0B492 
 1652      78304EA1 
 1653 0014 E8298CEE 		.ascii	"\350)\214\356\\\366\010\036\303\245K\216\345L\253(\310"
 1653      5CF6081E 
 1653      C3A54B8E 
 1653      E54CAB28 
 1653      C8
 1654 0025 5F6813F2 		.ascii	"_h\023\362\025\336\233\016S\023\232U\000\372\302K\355"
 1654      15DE9B0E 
 1654      53139A55 
 1654      00FAC24B 
 1654      ED
 1655 0036 016A92C6 		.ascii	"\001j\222\306\225\323\231 \344j\222\2407Qq$I\364W\303"
 1655      95D39920 
 1655      E46A92A0 
 1655      37517124 
 1655      49F457C3 
 1656 004a C8656A26 		.ascii	"\310ej&\247grk$\201;0g>\251\305mP\360\241\246\023\023"
 1656      A767726B 
 1656      24813B30 
 1656      673EA9C5 
 1656      6D50F0A1 
 1657 0061 3B4E4FAA 		.ascii	";NO\252z+Q.\321\227\361\224@\252\335\203\225\006\253"
 1657      7A2B512E 
 1657      D197F194 
 1657      40AADD83 
 1657      9506AB
 1658 0074 5BB7CF4A 		.ascii	"[\267\317J\221\211\245\216\203\335D.>38\376\360\010"
 1658      9189A58E 
 1658      83DD442E 
 1658      3E3338FE 
 1658      F008
 1659 0086 778CD1DA 		.ascii	"w\214\321\332\311\340|);\2761?\246\225\356\006Le\245"
 1659      C9E07C29 
 1659      3BBE313F 
 1659      A695EE06 
ARM GAS  C:\Users\nello\AppData\Local\Temp\ccPzAOus.s 			page 35


 1659      4C65A5
 1660 0099 C5AF9787 		.ascii	"\305\257\227\207i\335\20276\325\366_\331E\226\203\314"
 1660      69DD8237 
 1660      36D5F65F 
 1660      D9459683 
 1660      CC
 1661 00aa CD4F5ADD 		.ascii	"\315OZ\335\036\267\013=\274\000:\317~\337"
 1661      1EB70B3D 
 1661      BC003ACF 
 1661      7EDF
 1662              		.text
 1663              		.section	.gnu.lto_.jmpfuncs.71a49cf4,"e",%progbits
 1664 0000 789C6362 		.ascii	"x\234cb@\006\000\000*\000\003"
 1664      40060000 
 1664      2A0003
 1665              		.text
 1666              		.section	.gnu.lto_.lto.71a49cf4,"e",%progbits
 1667 0000 09000400 		.ascii	"\011\000\004\000\001\000\000\000"
 1667      01000000 
 1668              		.text
 1669              		.section	.gnu.lto_chSysLock.191.71a49cf4,"e",%progbits
 1670 0000 789C7D50 		.ascii	"x\234}PMh\023Q\020\236yo\323*U)\364\346\305\364PTh\262"
 1670      4D681351 
 1670      109E796F 
 1670      D32A5529 
 1670      F4E6C5F4 
 1671 0018 4D515BBD 		.ascii	"MQ[\275\225 \245\320\2004^\224@H\266K\263\330\355\206"
 1671      9520A5D0 
 1671      80345E94 
 1671      4048B64B 
 1671      B3D8ED86 
 1672 002c DDA4B5A7 		.ascii	"\335\244\265\247\254\221ZP\232\326\304\223\006\301\222"
 1672      AC915A50 
 1672      9AD6C493 
 1672      06C192
 1673 003b 822773F1 		.ascii	"\202's\361\247\251\177[C\301S\005A<(x\021<\010js\261"
 1673      A7A97F5B 
 1673      43C15305 
 1673      413C2878 
 1673      113C086A 
 1674 0051 87429CB7 		.ascii	"\207B\234\267IL\017\342c\2277\337|\337|3o\266\020\340"
 1674      494C0FE2 
 1674      639737DF 
 1674      7CDF7C33 
 1674      6FB610E0 
 1675 0065 10FDA340 		.ascii	"\020\375\243@\307\003\230\277}\223A\275^\317H\014\013"
 1675      C70398BF 
 1675      7D9341BD 
 1675      5ECF480C 
 1675      0B
 1676 0076 DB5F377F 		.ascii	"\333_7\177w\241\203.\346xg{/\373(\207Xi$$\274\226{\274"
 1676      77A1832E 
 1676      E678677B 
 1676      2FFB2887 
 1676      58692424 
 1677 008e 7B199F34 		.ascii	"{\031\2374 B\206q\0113X\340'm\333\336]\270[^\352\262"
 1677      20428671 
ARM GAS  C:\Users\nello\AppData\Local\Temp\ccPzAOus.s 			page 36


 1677      093358E0 
 1677      276DDBDE 
 1677      5DB85B5E 
 1678 00a4 1F3A58E2 		.ascii	"\037:X\342\000\3679\264NG\023a\221\243\033#>Eh\001\206"
 1678      00F739B4 
 1678      4E471361 
 1678      91A31B23 
 1678      3E456801 
 1679 00b9 CF1A4058 		.ascii	"\317\032@X|>\003\344N\311&\215\353\330\244\363\274D"
 1679      7C3E03E4 
 1679      4EC9268D 
 1679      EBD8A4F3 
 1679      BC44
 1680 00cb 75523362 		.ascii	"uR3b\350\245\210_\022\314q\207\012\363\213\237\336\035"
 1680      E8A5885F 
 1680      12CC7187 
 1680      0AF38B9F 
 1680      DE1D
 1681 00dd 2DDA8E54 		.ascii	"-\332\216T\342\034_\240\350\361\034q\003\001_\3228|"
 1681      E21C5FA0 
 1681      E8F11C71 
 1681      03015FD2 
 1681      387C
 1682 00ef 0D378F90 		.ascii	"\0157\217\220\264OHk\267\356U\372\253\327\355\267\366"
 1682      B44F486B 
 1682      B7EE55FA 
 1682      ABD7EDB7 
 1682      F6
 1683 0100 5F31B4C5 		.ascii	"_1\264\3054gs\230\365\017\305\016|E\311\212\260\023"
 1683      34677398 
 1683      F50FC50E 
 1683      7C45C98A 
 1683      B013
 1684 0112 AFC0D7EE 		.ascii	"\257\300\327\356\344\244A\"\312\357=\216\275W_\266\235"
 1684      E4A44122 
 1684      CAEF3D8E 
 1684      BD575FB6 
 1684      9D
 1685 0123 C5C3E5A5 		.ascii	"\305\303\345\245\302\267\357Lb \012`\231\213\205\272"
 1685      C2B7EF4C 
 1685      62200A60 
 1685      998B85BA 
 1686 0133 E718C115 		.ascii	"\347\030\301\025\316\332\220\303\017\314\326\272a\225"
 1686      CEDA90C3 
 1686      0FCCD6BA 
 1686      6195
 1687 0141 33F1108E 		.ascii	"3\361\020\216\003\360\223\022k\271\215/\007i\361\302"
 1687      03F09312 
 1687      6BB98D2F 
 1687      0769F1C2 
 1688 0151 7D472CAA 		.ascii	"}G,\2527\313n\034(q\361`I\354\356\015\002\335X\305\325"
 1688      37CB6E1C 
 1688      2871F160 
 1688      49ECEE0D 
 1688      02DD58C5 
 1689 0166 C6727A17 		.ascii	"\306rz\027\\\336\343\222[blj\313\367\367Y\341\322~X"
 1689      5CDEE392 
ARM GAS  C:\Users\nello\AppData\Local\Temp\ccPzAOus.s 			page 37


 1689      5B626C6A 
 1689      CBF7F759 
 1689      E1D27E58 
 1690 017a C3ECAF07 		.ascii	"\303\354\257\007\325\217\347i\277\320Pc\233f\224\360"
 1690      D58FE769 
 1690      BFD05063 
 1690      9B6694F0 
 1691 018a 05CF4582 		.ascii	"\005\317E\202\011-\256\205S\351I\315\210\314\031\346"
 1691      092DAE85 
 1691      53E949CD 
 1691      88CC19E6 
 1692 019a 152B1953 		.ascii	"\025+\031S\324h\332R\315\310\250j\245\322\246:nLi\312"
 1692      D468DA52 
 1692      CDC8A86A 
 1692      A5D2A63A 
 1692      6E4C69CA 
 1693 01ae EC2938E1 		.ascii	"\354)8\341\367\313\364)\242\300\260\006\003\201\200"
 1693      F7CBF429 
 1693      A2C0B006 
 1693      038180
 1694 01bd 6C58B299 		.ascii	"lX\262\231\222\265\031e:=\251\022c\315[\376\004t\306"
 1694      92B51965 
 1694      3A3DA912 
 1694      63CD5BFE 
 1694      0474C6
 1695 01d0 63967AC1 		.ascii	"c\226z\301\324\202\377,P\014]7fd\365jJ\036\231\010\311"
 1695      D482FF2C 
 1695      500C5D37 
 1695      6664F56A 
 1695      4A1E9908 
 1696 01e5 C150782C 		.ascii	"\301Px,,\007\015S\225\307Z>\272\245Y\321)E!\257\236"
 1696      2C070D53 
 1696      95C75A3E 
 1696      BAA559D1 
 1696      294521AF 
 1697 01fa 446C3A9A 		.ascii	"Dl:\232\234\323\375\212?v\372\354\360\360\240\032\207"
 1697      9CD3FD8A 
 1697      3F76FAEC 
 1697      F0F0A01A 
 1697      87
 1698 020b A1FFF926 		.ascii	"\241\377\371&\0153e\011\347\331!_\31072~\221t\012\271"
 1698      0D336509 
 1698      E7D9215F 
 1698      C837327E 
 1698      91740AB9 
 1699 021f 93577728 		.ascii	"\223Ww(<\341\025\263%M\255\337\3337\000\314\204N]\325"
 1699      3CE115B3 
 1699      254DADDF 
 1699      DB3700CC 
 1699      844E5DD5 
 1700 0233 0D731EFE 		.ascii	"\015s\036\376\000\025!\005\347"
 1700      00152105 
 1700      E7
 1701              		.text
 1702              		.section	.gnu.lto_chSysUnlock.192.71a49cf4,"e",%progbits
 1703 0000 789C7D51 		.ascii	"x\234}QMh\023Q\020\236yo\223*U)x\363bz(*4YS\324Vo%\210"
 1703      4D681351 
ARM GAS  C:\Users\nello\AppData\Local\Temp\ccPzAOus.s 			page 38


 1703      109E796F 
 1703      932A5529 
 1703      78F3627A 
 1704 001e 141A9046 		.ascii	"\024\032\220F\0041\020\222\355\322,v\273a7i\355)k\244"
 1704      04311092 
 1704      EDD22C76 
 1704      BB613769 
 1704      ED296BA4 
 1705 0032 1614534D 		.ascii	"\026\024SM\364\"A\260\244\320\233\340oS\265M[\004/\251"
 1705      F42241B0 
 1705      A4D09BE0 
 1705      6F53B54D 
 1705      5B042FA9 
 1706 0046 E0A11E44 		.ascii	"\340\241\036Dz\351\271j@\354\241\020\347m\022SA|\354"
 1706      7AE9B96A 
 1706      40ECA110 
 1706      E76D1253 
 1706      417CEC
 1707 0059 B2F3CDF7 		.ascii	"\262\363\315\367\3157\363f?#\300\001z/\003\0357`\356"
 1707      CD37F366 
 1707      3F23C001 
 1707      7A2F031D 
 1707      3760EE
 1708 006c FE6D06B5 		.ascii	"\376m\006\265Z--1\314S\214/\321A\034\037\254o\255\374"
 1708      5A2D2D31 
 1708      CC538C2F 
 1708      D1411C1F 
 1708      AC6FADFC 
 1709 0080 6AC7721D 		.ascii	"j\307r\035K\370p}w\365Y\026\261TO\270\360F\366\305\306"
 1709      4BF8707D 
 1709      77F55916 
 1709      B1544FB8 
 1709      F046F6C5 
 1710 0095 D5A61E21 		.ascii	"\325\246\036!\3158%\323\230\347'l\333\336\231zT\271"
 1710      CD3825D3 
 1710      98E7276C 
 1710      DBDE997A 
 1710      54B9
 1711 00a7 DB6ECF97 		.ascii	"\333n\317\227\261\310\001\036sh\036w\003a\201\243\023"
 1711      B1C8011E 
 1711      73681E77 
 1711      036181A3 
 1711      13
 1712 00b8 23BE4268 		.ascii	"#\276Bh\002\206\257\353\200,\026~\236\001\262\247d\203"
 1712      0286AFEB 
 1712      802C167E 
 1712      9E01B2A7 
 1712      6483
 1713 00ca C6056CD0 		.ascii	"\306\005l\3209^\244:\251\0211\364P\304\257\010\346X"
 1713      395EA43A 
 1713      A91131F4 
 1713      50C4AF08 
 1713      E658
 1714 00dc 997AE7A6 		.ascii	"\231z\347\246\277|<R\260\313R\221s|\213\242\307\033"
 1714      BF7C3C52 
 1714      B0CB5291 
 1714      737C8BA2 
ARM GAS  C:\Users\nello\AppData\Local\Temp\ccPzAOus.s 			page 39


 1714      C71B
 1715 00ee C445047C 		.ascii	"\304E\004|G\343\3609\\9D\322.!\255\336Y.u\257\335\264"
 1715      47E3F039 
 1715      5C3944D2 
 1715      2E21ADDE 
 1715      592E75AF 
 1716 0104 3FD87FC4 		.ascii	"?\330\177\304\320\022\323\234\215av\266\012n\\\242d"
 1716      D012D39C 
 1716      8D6176B6 
 1716      0A6E5CA2 
 1716      64
 1717 0115 49D8895B 		.ascii	"I\330\211[\340\26239i\330<\325,\341\323O\256\262\275"
 1717      E0B23339 
 1717      69D83CD5 
 1717      2CE1D34F 
 1717      AEB2BD
 1718 0128 5B9BB1CB 		.ascii	"[\233\261\313\323\007+\225\374\3466\223\230\310\003"
 1718      D3072B95 
 1718      FCE63693 
 1718      98C803
 1719 0137 CC70B162 		.ascii	"\314p\261b\347\034u kA\016\3678\337\013\2671S\355\200"
 1719      E71C7520 
 1719      6B410EF7 
 1719      38DF0BB7 
 1719      3153ED80 
 1720 014b 59CEC4D5 		.ascii	"Y\316\304\325\250\025|\243\304\\vqs?\375\013\321\357"
 1720      A8157CA3 
 1720      C45C7671 
 1720      733FFD0B 
 1720      D1EF
 1721 015d 87585D67 		.ascii	"\207X]g\206\335\332W\344b\005\222\330\346*\002}q\015"
 1721      86DDDA57 
 1721      E4620592 
 1721      D8E62A02 
 1721      7D710D
 1722 0170 67EBEBEA 		.ascii	"g\353\353\352\234rx\227C\276\027\027\241\266\322\337"
 1722      9C727897 
 1722      43BE1717 
 1722      A1B6D2DF 
 1723 0180 6D5D7B61 		.ascii	"m]{a\0253\337\237<\377z\2366\016u5\266hF\011o\340\\"
 1723      1533DF9F 
 1723      3CFF7A9E 
 1723      360E7535 
 1723      B6684609 
 1724 0197 3810D762 		.ascii	"8\020\327bZ(\231\032\326\214\360\204a^\263\022QE\215"
 1724      5A28991A 
 1724      D68CF084 
 1724      615EB312 
 1724      51458D
 1725 01aa A42CD50C 		.ascii	"\244,\325\014_P\255d\312T\007\215\021M\031?\005\307"
 1725      5F50AD64 
 1725      CA54078D 
 1725      114D193F 
 1725      05C7
 1726 01bc 7D3E991E 		.ascii	"}>\231\036E\024\030V\217\337\357\227\015K6\223\2626"
 1726      45141856 
 1726      8FDFEF97 
ARM GAS  C:\Users\nello\AppData\Local\Temp\ccPzAOus.s 			page 40


 1726      0D4B3693 
 1726      B236
 1727 01ce A68CA686 		.ascii	"\246\214\246\206Ub\254I\313\027\207\266X\324R/\232Z"
 1727      5562AC49 
 1727      CB1787B6 
 1727      58D4522F 
 1727      9A5A
 1728 01e0 E09F058A 		.ascii	"\340\237\005\212\241\353\306\230\254^O\312\375CA9\020"
 1728      A1EBC698 
 1728      AC5E4FCA 
 1728      FD434139 
 1728      10
 1729 01f1 0C0D84E4 		.ascii	"\014\015\204\344\200a\252\362@\323G\2674+2\242(\344"
 1729      8061AAF2 
 1729      40D347B7 
 1729      342B32A2 
 1729      28E4
 1730 0203 75381E1D 		.ascii	"u8\036\035\215$&t\237\342\213\236>\333\327\327\243\306"
 1730      8D242674 
 1730      9FE28B9E 
 1730      3EDBD7D7 
 1730      A3C6
 1731 0215 A0F77FBE 		.ascii	"\240\367\177\276\011\303LZ\302y\274\327\033\364\366"
 1731      09C34C5A 
 1731      C279BCD7 
 1731      1BF4F6
 1732 0224 0F5E229D 		.ascii	"\017^\"\235B\356\344\325\021\014\015y\304l\011S\353"
 1732      42EEE4D5 
 1732      110C0D79 
 1732      C46C0953 
 1732      EB
 1733 0235 F6749D04 		.ascii	"\366t\235\004fB\233\256\352\2069\011\277\001m\017\026"
 1733      66429BAE 
 1733      EA863909 
 1733      BF016D0F 
 1733      16
 1734 0246 07       		.ascii	"\007"
 1735              		.text
 1736              		.section	.gnu.lto_osalSysLock.339.71a49cf4,"e",%progbits
 1737 0000 789C9BC0 		.ascii	"x\234\233\300\300\300\020\003\304\212@\314\300\314\300"
 1737      C0C01003 
 1737      C48A40CC 
 1737      C0CCC0
 1738 000f 38696217 		.ascii	"8ib\027\023\303\377\377\377\353Y\230\030\033U\030\267"
 1738      13C3FFFF 
 1738      FFEB5998 
 1738      181B5518 
 1738      B7
 1739 0020 3282D98C 		.ascii	"2\202\331\214\014\365L\214\365\214\223\2315\033\032"
 1739      0CF54C8C 
 1739      F58C9399 
 1739      351B1A
 1740 002f 1A7EB4CE 		.ascii	"\032~\264\316\372\273\321\240\251\241Ub\0113\003\303"
 1740      FABBD1A0 
 1740      A9A15562 
 1740      093303C3 
 1741 003f 3C660618 		.ascii	"<f\006\030`\203\361\030\201x\375%\326\003\015\177\376"
ARM GAS  C:\Users\nello\AppData\Local\Temp\ccPzAOus.s 			page 41


 1741      6083F118 
 1741      8178FD25 
 1741      D6030D7F 
 1741      FE
 1742 0050 F737347C 		.ascii	"\36774|}\302\330\261\231\005(\321\317\0142\031\014\344"
 1742      7DC2D8B1 
 1742      990528D1 
 1742      CF0C3219 
 1742      0CE4
 1743 0062 814A2630 		.ascii	"\201J&03!\270\214\014\037\030\233\037\374\177,\301\320"
 1743      3321B88C 
 1743      0C1F189B 
 1743      1FFC7F2C 
 1743      C1D0
 1744 0074 C2C8B484 		.ascii	"\302\310\264\204\231q\0363P\305\022f&\206O\214M\017"
 1744      99711E33 
 1744      50C51266 
 1744      26864F8C 
 1744      4D0F
 1745 0086 263EE300 		.ascii	"&>\343\000[\320\317\314\210l\000\003\203\256\263U\214"
 1745      5BD0CFCC 
 1745      886C0003 
 1745      83AEB355 
 1745      8C
 1746 0097 73466652 		.ascii	"sFfRfpIiJf~Ly~QvqAbrj|iqjQ\214{jqIiQ\252O~zfr\231\011"
 1746      66704969 
 1746      4A667E4C 
 1746      797E5176 
 1746      71416272 
 1747 00c0 838E9E9E 		.ascii	"\203\216\236\236>\020%\2034\344\027\033\031\032\032"
 1747      3E102583 
 1747      34E4171B 
 1747      191A1A
 1748 00cf EAE717EB 		.ascii	"\352\347\027\353g$\346\000) QT\242\233\227\011a\353"
 1748      6724E600 
 1748      29205154 
 1748      A29B9709 
 1748      61EB
 1749 00e1 65300000 		.ascii	"e0\000\000\000Hc\236"
 1749      0048639E 
 1750              		.text
 1751              		.section	.gnu.lto_osalSysUnlock.340.71a49cf4,"e",%progbits
 1752 0000 789C9BC0 		.ascii	"x\234\233\300\300\300\020\003\304\212@\314\300\314\300"
 1752      C0C01003 
 1752      C48A40CC 
 1752      C0CCC0
 1753 000f 38696217 		.ascii	"8ib\027\023\303\377\377\377\353Y\230\030\033U\030\267"
 1753      13C3FFFF 
 1753      FFEB5998 
 1753      181B5518 
 1753      B7
 1754 0020 3282D98C 		.ascii	"2\202\331\214\014\365L\214\365\214\223\2315\033\032"
 1754      0CF54C8C 
 1754      F58C9399 
 1754      351B1A
 1755 002f 1A7EB4CE 		.ascii	"\032~\264\316\232\261\331\240\251\241Ub\0113\003\303"
 1755      9AB1D9A0 
ARM GAS  C:\Users\nello\AppData\Local\Temp\ccPzAOus.s 			page 42


 1755      A9A15562 
 1755      093303C3 
 1756 003f 3C660618 		.ascii	"<f\006\030`\203\361\030\201x\375%\326\003\015\177\376"
 1756      6083F118 
 1756      8178FD25 
 1756      D6030D7F 
 1756      FE
 1757 0050 F737341C 		.ascii	"\36774\034}\3128{3\013P\242\237\031d2\030\310\003\225"
 1757      7DCA387B 
 1757      330B50A2 
 1757      9F196432 
 1757      18C80395 
 1758 0064 4C606642 		.ascii	"L`fBp\031\031>06?\330\372L\202\241\205\221i\0113\343"
 1758      7019193E 
 1758      30363FD8 
 1758      FA4C82A1 
 1758      85916909 
 1759 007a 3C66A08A 		.ascii	"<f\240\212%\314L\014\237\030\233\036l\177\306\001\266"
 1759      25CC4C0C 
 1759      9F189B1E 
 1759      6C7FC601 
 1759      B6
 1760 008b A09F9911 		.ascii	"\240\237\231\021\331\000\006\006]g\253\030\347\214\314"
 1760      D9000606 
 1760      5D67AB18 
 1760      E78CCC
 1761 009a A4CCE092 		.ascii	"\244\314\340\222\322\224\314\374\230\362\374\242\354"
 1761      D294CCFC 
 1761      98F2FCA2 
 1761      EC
 1762 00a7 E282C4E4 		.ascii	"\342\202\304\344\324\370\322\342\324\242\030\367\324"
 1762      D4F8D2E2 
 1762      D4A218F7 
 1762      D4
 1763 00b4 E292D2A2 		.ascii	"\342\222\322\242T\237\374\364\314\3442\023\006\035="
 1763      549FFCF4 
 1763      CCE43213 
 1763      061D3D
 1764 00c3 3D7D204A 		.ascii	"=} J\006i\310/6244\324\317/\326\317H\314\001R@\242\250"
 1764      0669C82F 
 1764      36323434 
 1764      D4CF2FD6 
 1764      CF48CC01 
 1765 00db 44372F13 		.ascii	"D7/\023\302\326\313`\000\000~\364b\376"
 1765      C2D6CB60 
 1765      00007EF4 
 1765      62FE
 1766              		.text
 1767              		.section	.gnu.lto_pwmInit.402.71a49cf4,"e",%progbits
 1768 0000 789CEB62 		.ascii	"x\234\353b``\010\007bE f`f`\2344\261\213\211\341\377"
 1768      60600807 
 1768      62452066 
 1768      6066609C 
 1768      34B18B89 
 1769 0016 FFFFF52C 		.ascii	"\377\377\365,L\214\215*\214[\031\301lF\206z&\306z\306"
 1769      4C8C8D2A 
 1769      8C5B19C1 
ARM GAS  C:\Users\nello\AppData\Local\Temp\ccPzAOus.s 			page 43


 1769      6C46867A 
 1769      26C67AC6 
 1770 002a C9CC9A0D 		.ascii	"\311\314\232\015\015\015?Zg\375\340i\225X\302\314\300"
 1770      0D0D3F5A 
 1770      67FDE069 
 1770      9558C2CC 
 1770      C0
 1771 003b 308F9901 		.ascii	"0\217\231\001\006\330`<F ^\177\211\365@\303\237\377"
 1771      06D8603C 
 1771      46205E7F 
 1771      89F540C3 
 1771      9FFF
 1772 004d FD0D0D4F 		.ascii	"\375\015\015O\0371\376f\002\212\3673\203L\005\003y\240"
 1772      1F31FE66 
 1772      028AF733 
 1772      834C0503 
 1772      79A0
 1773 005f 8A09CC4C 		.ascii	"\212\011\314L\010.#\303\007\306\346\007_y\031Z\030\231"
 1773      082E23C3 
 1773      07C6E607 
 1773      5F79195A 
 1773      1899
 1774 0071 963033CE 		.ascii	"\22603\316c\006*X\302\314\304\360\211\261\351\301wV"
 1774      63062A58 
 1774      C2CCC4F0 
 1774      89B1E9C1 
 1774      7756
 1775 0083 B0E9FDCC 		.ascii	"\260\351\375\314\214\310\332\031\030t\235\255b\2343"
 1775      8CC8DA19 
 1775      18749DAD 
 1775      629C33
 1776 0092 32933283 		.ascii	"2\2232\203KJS2\363c\312\363\213\262\213\013\022\223"
 1776      4B4A5332 
 1776      F363CAF3 
 1776      8BB28B0B 
 1776      1293
 1777 00a4 53E34B8B 		.ascii	"S\343K\213S\213b\334S\213KJ\213R}\362\3233\223\313L"
 1777      538B62DC 
 1777      538B4B4A 
 1777      8B527DF2 
 1777      D33393CB 
 1778 00b9 18D4F5F4 		.ascii	"\030\324\365\364\364\201(\031\244!\277\330\310\320\320"
 1778      F4812819 
 1778      A421BFD8 
 1778      C8D0D0
 1779 00c8 503FBF58 		.ascii	"P?\277X?#1G\277\270(\031D\307\027\224\347\352%3\000"
 1779      3F233147 
 1779      BFB82819 
 1779      44C71794 
 1779      E7EA2533 
 1780 00dd 00BF3E5E 		.ascii	"\000\277>^+"
 1780      2B
 1781              		.text
 1782              		.section	.gnu.lto_pwmObjectInit.403.71a49cf4,"e",%progbits
 1783 0000 789C7D90 		.ascii	"x\234}\220=K\003A\020\206\347\275\315\227\205\225?@"
 1783      3D4B0341 
 1783      1086E7BD 
ARM GAS  C:\Users\nello\AppData\Local\Temp\ccPzAOus.s 			page 44


 1783      CD978595 
 1783      3F40
 1784 0012 45215898 		.ascii	"E!X\2303A!\332\006\264\261\263\261\210\204\344<LP\271"
 1784      334121DA 
 1784      06B4B1B3 
 1784      B18884E4 
 1784      3C4C50B9 
 1785 0026 904B4C99 		.ascii	"\220KL\2315`#B4vb\004%\210\235\225\032\015hDA\020\013"
 1785      35602342 
 1785      34766204 
 1785      25889D95 
 1785      1A0D6844 
 1786 003d F1175858 		.ascii	"\361\027XX\330h\221*\205\020\347r\347G\243\303.3\357"
 1786      D868912A 
 1786      8510E772 
 1786      E747A3C3 
 1786      2E33EF
 1787 0050 B0CFCECB 		.ascii	"\260\317\316\313\224A\224&\242~\276$\010\345\255u\205"
 1787      94419426 
 1787      A27EBE24 
 1787      08E5AD75 
 1787      85
 1788 0061 DAED76C1 		.ascii	"\332\355v\301\245`u\020\347\350\324\240\202\202\002"
 1788      A5607510 
 1788      E7E8D4A0 
 1788      828202
 1789 0070 B6C59094 		.ascii	"\266\305\220\224\262\265\266\263q\003y\324@U\020\355"
 1789      B2B5B6B3 
 1789      710379D4 
 1789      405510ED 
 1790 0080 09B26357 		.ascii	"\011\262cW\240,\252\002p9\225\202>\256\304,\371\033"
 1790      A02CAA02 
 1790      70399582 
 1790      3EAEC42C 
 1790      F91B
 1791 0092 523E5ED5 		.ascii	"R>^\325\244\354\242\252\0208\00338\005Nx67\346\356\273"
 1791      A4ECA2AA 
 1791      10380333 
 1791      38054E78 
 1791      3637E6EE 
 1792 00a7 893C5F3F 		.ascii	"\211<_?q\217\216\237\334\015\371\321.I\371\366\202\312"
 1792      718F8E9F 
 1792      DC0DF9D1 
 1792      2E49F9F6 
 1792      82CA
 1793 00b9 8057016A 		.ascii	"\200W\001j\334/\011\313Y'zYn\012\345G\202\336Ql\326"
 1793      DC2F09CB 
 1793      59277A59 
 1793      6E0AE547 
 1793      82DE516C 
 1794 00ce EEF6DDCE 		.ascii	"\356\366\335\316t\001\313\321!\330\360+K\327\001\373"
 1794      7401CBD1 
 1794      21D8F02B 
 1794      4BD701FB 
 1795 00de B9008DB0 		.ascii	"\271\000\215\260\366U\205\033uT\254y\326S\267C\267l"
 1795      F655851B 
 1795      7554AC79 
ARM GAS  C:\Users\nello\AppData\Local\Temp\ccPzAOus.s 			page 45


 1795      D653B743 
 1795      B76C
 1796 00f0 FA2FC683 		.ascii	"\372/\306\203Kf`3\036\316\235\211\017\3772^\\3\243\330"
 1796      4B666033 
 1796      1ECE9D89 
 1796      0FFF325E 
 1796      5C33A3D8 
 1797 0104 8CD7615A 		.ascii	"\214\327aZ\3773>\3342#l\306\307L\023\305\347\372dg\311"
 1797      FF333EDC 
 1797      32236CC6 
 1797      C74C13C5 
 1797      E7FA6467 
 1798 0119 2581DF2B 		.ascii	"%\201\337+ \032\216LD#\311T\"5\223\315\315\247\214h"
 1798      201A8E4C 
 1798      4423C954 
 1798      223593CD 
 1798      CDA78C68 
 1799 012d DEC82C9A 		.ascii	"\336\310,\232\351\270\246\307r\246\236\211N\351f6\227"
 1799      E9B8A6C7 
 1799      72A69E89 
 1799      4EE96636 
 1799      97
 1800 013e D1A78D85 		.ascii	"\321\247\215\205\224\2662J\376@@\345\243Y\200a\206\202"
 1800      94B6324A 
 1800      FE4040E5 
 1800      A3598061 
 1800      8682
 1801 0150 C1A06A98 		.ascii	"\301\240j\230j2\276\244\232\031\315\312\261t~9\240\221"
 1801      6A32BEA4 
 1801      9A19CDCA 
 1801      B1747E39 
 1801      A091
 1802 0162 8B53BAE7 		.ascii	"\213S\272\347[\007\342c\343\341pHO\320'wj\261\205"
 1802      5B07E263 
 1802      E3E17048 
 1802      4FD02777 
 1802      6AB185
 1803              		.text
 1804              		.section	.gnu.lto_pwmStart.404.71a49cf4,"e",%progbits
 1805 0000 789C8553 		.ascii	"x\234\205S]HSa\030\376\236\363\236\263\035unF\335u\221"
 1805      5D485361 
 1805      18FE9EF3 
 1805      9EB31D75 
 1805      6E46DD75 
 1806 0015 10225DB4 		.ascii	"\020\"]\264\245\024XW\201P7\335u\323\205\"\272\226\216"
 1806      A5145857 
 1806      815037DD 
 1806      75D38522 
 1806      BA968E
 1807 0028 B2E9E632 		.ascii	"\262\351\3462\350\3023\233\012A\272iT\210\011\315\021"
 1807      E8C2339B 
 1807      0A41BA69 
 1807      548809CD 
 1807      11
 1808 0039 DE7593E4 		.ascii	"\336u\223\344_\260XiWQ\335D\027\201\020\211E\351\222"
 1808      5FB05869 
 1808      5751DD44 
ARM GAS  C:\Users\nello\AppData\Local\Temp\ccPzAOus.s 			page 46


 1808      17811089 
 1808      45E992
 1809 004c 404B61BD 		.ascii	"@Ka\275\3379\307\234\006\366q\266\357}\337\363<\317"
 1809      DF39C79C 
 1809      06F671B6 
 1809      EF7DDFF3 
 1809      3CCF
 1810 005e FBF37D27 		.ascii	"\373\363}'AB\334\020BD\371'\212\004\006\223\267\024"
 1810      4142DC10 
 1810      4244F927 
 1810      8A040693 
 1810      B714
 1811 0070 91CFE7BB 		.ascii	"\221\317\347\273T\005Cl\343\031L\217p'YlZ\252\322\223"
 1811      5405436C 
 1811      E3194C8F 
 1811      7027596C 
 1811      5AAAD293 
 1812 0084 2C31ADDE 		.ascii	",1\255\336\244\333\3345\334\263\3379\330\332\342;q\177"
 1812      A4DBDC35 
 1812      DCB3DF39 
 1812      D8DAE23B 
 1812      717F
 1813 0096 30F56339 		.ascii	"0\365c9{fKBGL5\015\210.\205T\315\341\324\321\205!\032"
 1813      7B664B42 
 1813      474C350D 
 1813      882E8554 
 1813      CDE1D4D1 
 1814 00ad 210C529A 		.ascii	"!\014R\232\004T\333\002\312\217\030\206\261\3363<\375"
 1814      0454DB02 
 1814      CA8F1886 
 1814      B1DE333C 
 1814      FD
 1815 00be 0923E319 		.ascii	"\011#\343\0315M\212\030e\300\004\360\004\262P\006\322"
 1815      354D8A18 
 1815      65C004F0 
 1815      04B25006 
 1815      D2
 1816 00cf 05519931 		.ascii	"\005Q\2311\21473\223\206Q$\322Dx\212\002\014\007\352"
 1816      8C373393 
 1816      865124D2 
 1816      44788A02 
 1816      0C07EA
 1817 00e2 375C12D7 		.ascii	"7\\\022\327n\341\276\3328\025S;qj}_\251\245x]\376Wp"
 1817      6EE1BEDA 
 1817      3815533B 
 1817      716A7D5F 
 1817      A9A5785D 
 1818 00f9 E6DCCC58 		.ascii	"\346\334\314X\257;\021\3239/f\260#s\375P\251C`\026\262"
 1818      AF3B11D3 
 1818      392F66B0 
 1818      2373FD50 
 1818      A9436016 
 1819 010e 1E5E1CA3 		.ascii	"\036^\034\243\012\243\307\310-g{\373\017X\224\235\245"
 1819      0AA3C7C8 
 1819      2D677BFB 
 1819      0F58949D 
 1819      A5
ARM GAS  C:\Users\nello\AppData\Local\Temp\ccPzAOus.s 			page 47


 1820 011f 4AF03889 		.ascii	"J\3608\211\307\357\264\214\261\231\0370\214\367\007"
 1820      C7EFB48C 
 1820      B1991F30 
 1820      8CF707
 1821 012e 7F6F6EE8 		.ascii	"\177on\350e\304\251\025M\276u\002\323p\003\223\360p"
 1821      65C4A915 
 1821      4DBE7502 
 1821      D3700393 
 1821      F070
 1822 0140 4C136280 		.ascii	"L\023b\200\344\004\315u\010\322U\266]\210\004Q\241\233"
 1822      E404CD75 
 1822      08D255B6 
 1822      5D880451 
 1822      A19B
 1823 0152 C3CD85FC 		.ascii	"\303\315\205\374\034D\034J\232\034\243d\366\344\344"
 1823      1C441C4A 
 1823      9A1CA364 
 1823      F6E4E4
 1824 0161 BC09520B 		.ascii	"\274\011R\013q\313\350\036\376\3659\246\3313f\034[\217"
 1824      71CBE81E 
 1824      FEF539A6 
 1824      D933661C 
 1824      5B8F
 1825 0173 C0DD2EB1 		.ascii	"\300\335.\261\253\247\310\215\014\3041\366u9\244\347"
 1825      ABA7C88D 
 1825      0CC431F6 
 1825      7539A4E7 
 1826 0183 78201B4C 		.ascii	"x \033L\261\0243g\247\026c\316\024yl\262\272Mfp\021"
 1826      B1143367 
 1826      A71663CE 
 1826      14796CB2 
 1826      BA4D6670 
 1827 0198 8390656E 		.ascii	"\203\220en\334t\213\361\202\271\262w&\346n\275T\366"
 1827      DC748BF1 
 1827      82B9B277 
 1827      26E66EBD 
 1827      54F6
 1828 01aa C8538239 		.ascii	"\310S\2029\306*2\217G\302W\327\027\223\332\036x\027"
 1828      C62A328F 
 1828      47C257D7 
 1828      1793DA1E 
 1828      7817
 1829 01bc 5E319E0B 		.ascii	"^1\236\013\223U\2708G\016\361\205\211y\273\373\322Q"
 1829      9355B838 
 1829      470EF185 
 1829      8979BBFB 
 1829      D251
 1830 01ce 4BCA9D26 		.ascii	"K\312\235&\267\245\366\275=E\232\304z\030\373\005\361"
 1830      B7A5F6BD 
 1830      3D459AC4 
 1830      7A18FB05 
 1830      F1
 1831 01df A5EC5ABF 		.ascii	"\245\354Z\277\303\016)\326\361\360\234\264]sZ\235\\"
 1831      C30E29D6 
 1831      F1F09CB4 
 1831      5D735A9D 
 1831      5C
ARM GAS  C:\Users\nello\AppData\Local\Temp\ccPzAOus.s 			page 48


 1832 01f0 29A8C2F5 		.ascii	")\250\302\365O\025ex\315U\250V\025ePL\021\307n\221\365"
 1832      4F156578 
 1832      CD55A856 
 1832      1565504C 
 1832      11C76E91 
 1833 0205 9FFF1179 		.ascii	"\237\377\021y[(\002S\304\271\373d?\314o\237,Y'\313\332"
 1833      5B280253 
 1833      C4B9FB64 
 1833      3FCC6F9F 
 1833      2C5927CB 
 1834 021a 77A7D61E 		.ascii	"w\247\326\036R\212\370\321L\232^@\3037\304N\213\303"
 1834      528AF8D1 
 1834      4C9A5E40 
 1834      C337C44E 
 1834      8BC3
 1835 022c F216AF8C 		.ascii	"\362\026\257\214\031\345H\323>\373\256\312\265\212\356"
 1835      19E548D3 
 1835      3EFBAECA 
 1835      B58AEE
 1836 023b 858F7DB7 		.ascii	"\205\217}\267\301\337d\212\314\350\000\241\360\262\011"
 1836      C1DF648A 
 1836      CCE800A1 
 1836      F0B209
 1837 024a 71B4F654 		.ascii	"q\264\366T]mK\260)x\276#z1\030\252\353\014\205/G\332"
 1837      5D6D4BB0 
 1837      2978BE23 
 1837      7A3118AA 
 1837      EB0C852F 
 1838 0260 1AFD8186 		.ascii	"\032\375\201\206h$\020\256;\033\210tD\303\201s\241\346"
 1838      682410AE 
 1838      3B1B8874 
 1838      44C38173 
 1838      A1E6
 1839 0272 A0FFDA71 		.ascii	"\240\377\332qQ\351\365\372\370\361KB(R]UU\345\013E|"
 1839      51E9F5FA 
 1839      F8F14B42 
 1839      28525D55 
 1839      55E50B45 
 1840 0287 2D8D577C 		.ascii	"-\215W|\221\260_\356\015m\235\255^\277Pyk\333\377\327"
 1840      91B05FEE 
 1840      0D6D9DAD 
 1840      5EBF5079 
 1840      6BDBFFD7 
 1841 029b F7369E38 		.ascii	"\3676\2368YSS\035h\022\016\177\350\352\245`3\265F\232"
 1841      5953531D 
 1841      68120E7F 
 1841      E8EAA560 
 1841      33B5469A 
 1842 02af FF00B585 		.ascii	"\377\000\265\205\210\201"
 1842      8881
 1843              		.text
 1844              		.section	.gnu.lto_pwmStop.405.71a49cf4,"e",%progbits
 1845 0000 789C7D91 		.ascii	"x\234}\221OK\033Q\024\305\357\231;1&v\327\017`7\022"
 1845      4F4B1B51 
 1845      14C5EF99 
 1845      3B312676 
 1845      D70F6037 
ARM GAS  C:\Users\nello\AppData\Local\Temp\ccPzAOus.s 			page 49


 1846 0015 BA3031D2 		.ascii	"\27201\322B\332\255\013\241t\347\306E$\304qh\202\226"
 1846      42DAAD0B 
 1846      A174E7C6 
 1846      4524C471 
 1846      688296
 1847 0028 0999A459 		.ascii	"\011\231\244Y\346\325? \335D\243\233\026\215P\006qW"
 1847      E6D53F20 
 1847      DD44A39B 
 1847      168D5006 
 1847      7157
 1848 003a 28B44668 		.ascii	"(\264Fhp@\004\021\224\342'\010\270q%%\253,\224\364\316"
 1848      70400411 
 1848      94E22708 
 1848      B8712525 
 1848      AB2C94F4 
 1849 004f 4CDAA68B 		.ascii	"L\332\246\213\3661\303;\347\315\375\275\373\316\233"
 1849      F631C33B 
 1849      E7CDFDBD 
 1849      FBCE9B
 1850 005e 33101588 		.ascii	"3\020\025\210(%/\205\010\365\315w\032\365z\275\252\256"
 1850      28252F85 
 1850      08F5CD77 
 1850      1AF57ABD 
 1850      AAAE
 1851 0070 614B348E 		.ascii	"aK4\216\340;\306\366f\324W:\336\352\276\000U5\326Q\305"
 1851      E03BC6F6 
 1851      66D4573A 
 1851      DEEABE00 
 1851      5535D651 
 1852 0085 163F564A 		.ascii	"\026?VJu\327>\254\237B\035\270p\230\250\301\024\214"
 1852      75D73EAC 
 1852      9F421DB8 
 1852      7098A8C1 
 1852      148C
 1853 0097 1D469D1D 		.ascii	"\035F\235\035\006\364\276\322\360H\024\317R\314U\352"
 1853      06F4BED2 
 1853      F04814CF 
 1853      52CC55EA 
 1854 00a7 FB5153A9 		.ascii	"\373QS\251\0109\3148\2040\370\012|\221#\311\302\234"
 1854      0839CC38 
 1854      8430F80A 
 1854      7C9123C9 
 1854      C29C
 1855 00b9 FB8068E8 		.ascii	"\373\200h\350\327N\262\206\003\246OW!W\335\365jJ\335"
 1855      D74EB286 
 1855      03A64F57 
 1855      2157DDF5 
 1855      6A4ADD
 1856 00cc 5F636F2C 		.ascii	"_co,\022\006\232\362\251\306\336\231\3751\352[\355\217"
 1856      12069AF2 
 1856      A9C6DE99 
 1856      FD31EA5B 
 1856      ED8F
 1857 00de 056D300F 		.ascii	"\005m0\017\332\037Xi\277?\007\255BsXo\260\337.$=6X\377"
 1857      DA1F5869 
 1857      BF3F07AD 
 1857      4273586F 
ARM GAS  C:\Users\nello\AppData\Local\Temp\ccPzAOus.s 			page 50


 1857      B0DF2E24 
 1858 00f6 BB6EB5FD 		.ascii	"\273n\265\3759\032\224\0155X#\372\310a\207\303t\213"
 1858      391A940D 
 1858      355823FA 
 1858      C86187C3 
 1858      748B
 1859 0108 E54EF3A2 		.ascii	"\345N\363\242\036\352\007\222\015D\355C\356\340F\354"
 1859      1EEA0792 
 1859      0D44ED43 
 1859      EEE046EC 
 1860 0118 B054E11B 		.ascii	"\260T\341\033hB\374\260\303\021\264\260\353E\360J#\322"
 1860      6842FCB0 
 1860      C311B4B0 
 1860      EB45F04A 
 1860      23D2
 1861 012a CBA3BB01 		.ascii	"\313\243\273\001\375/&\012W\030\004L\264\3174/\377\313"
 1861      FD2F260A 
 1861      5718044C 
 1861      B4CF342F 
 1861      FFCB
 1862 013c 8CE04418 		.ascii	"\214\340D\030-`F\3721[\00319\210\331\301r\373\370\205"
 1862      2D6046FA 
 1862      315B0331 
 1862      3988D9C1 
 1862      72FBF885 
 1863 0150 FF6B6A8C 		.ascii	"\377kj\214\301[#\032\237z\236\236\312\345\347\3633\245"
 1863      C15B231A 
 1863      9F7A9E9E 
 1863      CAE5E7F3 
 1863      33A5
 1864 0162 F242DE4A 		.ascii	"\362B\336JW\254\342\242]\310\032f\246l\233\305\364\264"
 1864      57ACE2A2 
 1864      5DC81A66 
 1864      A66C9BC5 
 1864      F4B4
 1865 0174 6997CA45 		.ascii	"i\227\312E\363\245\365*o\274yB\261x<!\217\341\001\226"
 1865      F3A5F52A 
 1865      6FBC7942 
 1865      B1783C21 
 1865      8FE10196 
 1866 0188 3D994C26 		.ascii	"=\231L&\023\226\235\310e\227\022v\321\360\346L\241\362"
 1866      13969DC8 
 1866      65971276 
 1866      D1F0E64C 
 1866      A1F2
 1867 019a 3A6E902E 		.ascii	":n\220.S\341\341o\037\317>}\226JM\232\363\364\023\362"
 1867      53E1E16F 
 1867      1FCF3E7D 
 1867      964A4D9A 
 1867      F3F413F2 
 1868 01ae 30D112   		.ascii	"0\321\022"
 1869              		.text
 1870              		.section	.gnu.lto_pwmChangePeriod.406.71a49cf4,"e",%progbits
 1871 0000 789C7551 		.ascii	"x\234uQ=o\023A\020\235w\263w\376B\242\340\007@\203\""
 1871      3D6F1341 
 1871      109D77B3 
 1871      77FE42A2 
ARM GAS  C:\Users\nello\AppData\Local\Temp\ccPzAOus.s 			page 51


 1871      E0074083 
 1872 0015 0A6C1C81 		.ascii	"\012l\034\201dhSP@GC\341(r.'r\002t\346.\306\245\227"
 1872      64685350 
 1872      404743E1 
 1872      28722E27 
 1872      720274E6 
 1873 002d 0422258D 		.ascii	"\004\"%\215\363A\223(X\302:\241t\210\002\010\237\262"
 1873      F3419328 
 1873      58C23AA1 
 1873      74880208 
 1873      9FB2
 1874 003f 8048201A 		.ascii	"\200H \032DE\231.T(JE\001:f\317&8\005\253]\355{\263"
 1874      4445992E 
 1874      54284A45 
 1874      013A66CF 
 1874      263805AB 
 1875 0057 6FE6EDEC 		.ascii	"o\346\355\354\356\203\250ID\025Yd\023V\226\027-J\222"
 1875      EE83A849 
 1875      44155964 
 1875      13569617 
 1875      2D4A92
 1876 006a A4A52CAC 		.ascii	"\244\245,\254\012\306+\244\214q\1779\237\"\205;*\005"
 1876      0AC62BA4 
 1876      8C717F39 
 1876      9F22853B 
 1876      2A05
 1877 007c A096C50A 		.ascii	"\240\226\305\012-\254\362)\255\365\317{\353\037\267"
 1877      2DACF229 
 1877      ADF5CF7B 
 1877      EB1FB7
 1878 008b A1377B88 		.ascii	"\2417{\210\231\250\303\324\037\033\214\025\216\031P"
 1878      99A8C3D4 
 1878      1F1B8C15 
 1878      8E1950
 1879 009a 0364E184 		.ascii	"\003d\341\204 \276J#=\255\277|\332\322:G13\236Cr\360"
 1879      20BE4A23 
 1879      3DADBF7C 
 1879      DAD23A47 
 1879      31339E43 
 1880 00b0 0C782A57 		.ascii	"\014x*W\222\300\370\357\202\321\335\352\353\276\017"
 1880      92C0F8EF 
 1880      82D1DDEA 
 1880      EBBE0F
 1881 00bf 740A2F0E 		.ascii	"t\012/\016\353\324\370\302\021\"\347\257\243\304\260"
 1881      EBD4F8C2 
 1881      1122E7AF 
 1881      A3C4B0
 1882 00ce C9F4F8AB 		.ascii	"\311\364\370\253\335\323\277\222\266\326\333\273\370"
 1882      DDD3BF92 
 1882      B6D6DBBB 
 1882      F8
 1883 00db 7632EF00 		.ascii	"v2\357\000[\310\000/\221\225\034\333T\222\2246\233V"
 1883      5BC8002F 
 1883      91951CDB 
 1883      54929436 
 1883      9B56
 1884 00ed D3711C86 		.ascii	"\323q\034\206Z\377(h\211y\230\356ang\3553\350.\254\230"
ARM GAS  C:\Users\nello\AppData\Local\Temp\ccPzAOus.s 			page 52


 1884      5AFF2868 
 1884      897998EE 
 1884      616E67ED 
 1884      33E82EAC 
 1885 0102 331D4EDD 		.ascii	"3\035N\335\263b\271\304jX\367\003\263\353k\273\326\240"
 1885      B362B9C4 
 1885      6A58F703 
 1885      B3EB6BBB 
 1885      D6A0
 1886 0114 5B91097A 		.ascii	"[\221\011z\004y\240l\314\271.;x\003:\323\247\012o\361"
 1886      0479A06C 
 1886      CCB92E3B 
 1886      78033AD3 
 1886      A70A6FF1 
 1887 0128 C05CBBCB 		.ascii	"\300\\\273\313\031\223\367Z\316\263\377\227\333\350"
 1887      1993F75A 
 1887      CEB3FF97 
 1887      DBE8
 1888 0136 895C7C45 		.ascii	"\211\\|E;\2671\217\256\021d\214\213c>)9*\361w{\213\030"
 1888      3BB7318F 
 1888      AE11648C 
 1888      8B633E29 
 1888      392AF177 
 1889 014d 58DB87AC 		.ascii	"X\333\207\254\363R\032\357\245\326\303\224\026\360A"
 1889      F3521AEF 
 1889      A5D6C394 
 1889      16F041
 1890 015c 6A59C63A 		.ascii	"jY\306:\227\266\326)\034tf\365;\333\307\354\316\223"
 1890      97B6D629 
 1890      1C7466F5 
 1890      3BDBC7EC 
 1890      CE93
 1891 016e 4BE927B6 		.ascii	"K\351'\266\031\303\017Etz\354Bul\332\237\364\257\314"
 1891      19C30F45 
 1891      747AEC42 
 1891      756CDA9F 
 1891      F4AFCC
 1892 0181 34A6FCA0 		.ascii	"4\246\374\240\332\014\302\353Q\275\346z\023\215\310"
 1892      DA0CC2EB 
 1892      51BDE67A 
 1892      138DC8
 1893 0190 0BAB17BD 		.ascii	"\013\253\027\275h\246\021z\227\203k\276{\373,\215\024"
 1893      68A6117A 
 1893      97836BBE 
 1893      7BFB2C8D 
 1893      14
 1894 01a1 8B2599AE 		.ascii	"\213%\231\256I\010\242\321r\271\\\012\242\322t\355F"
 1894      4908A2D1 
 1894      72B95C0A 
 1894      A2D274ED 
 1894      46
 1895 01b2 290A5DB3 		.ascii	")\012]\263O\324\2337\213.)\331\352\307\016x\261v\356"
 1895      4FD49B37 
 1895      8B2E29D9 
 1895      EAC70E78 
 1895      B176EE
 1896 01c5 7CA532EA 		.ascii	"|\2452\352M\222S\367B?\230\372\003+@\334\357"
ARM GAS  C:\Users\nello\AppData\Local\Temp\ccPzAOus.s 			page 53


 1896      4D9253F7 
 1896      423F98FA 
 1896      032B40DC 
 1896      EF
 1897              		.text
 1898              		.section	.gnu.lto_pwmEnableChannel.407.71a49cf4,"e",%progbits
 1899 0000 789C7551 		.ascii	"x\234uQ=o\023A\020\235ws\376<'\015?\000w\026\005\376"
 1899      3D6F1341 
 1899      109D7773 
 1899      FE3C270D 
 1899      3F007716 
 1900 0016 082019DA 		.ascii	"\010 \031\332\0244\210\206\206\302V\344\\N\330\"\304"
 1900      14348886 
 1900      86C256E4 
 1900      5C4ED822 
 1900      C4
 1901 0027 C66763D1 		.ascii	"\306gc\321\340%\301A\212\204\3548\024|\2728\235P*\250"
 1901      E025C141 
 1901      8A84EC38 
 1901      147CBA38 
 1901      9D502AA8 
 1902 003b 801082B0 		.ascii	"\200\020\202\260\204B\001\015\342\027\244\240\216,\252"
 1902      8442010D 
 1902      E217A4A0 
 1902      8E2CAA
 1903 004a 102532BB 		.ascii	"\020%2\273\353\020L\301\352nv\336\350\315\314\233\331"
 1903      EB104CC1 
 1903      EA6E76DE 
 1903      E8CDCC9B 
 1903      D9
 1904 005b B8417487 		.ascii	"\270At\207\210\262\362\247\000\241\273\272b\320p8l\232"
 1904      88B2F2A7 
 1904      00A1BBBA 
 1904      62D07038 
 1904      6C9A
 1905 006d 06D6A48F 		.ascii	"\006\326\244\217\017\320\210\361p5\252=\023wM\355\200"
 1905      0FD088F1 
 1905      7035AA3D 
 1905      13774DED 
 1905      80
 1906 007e 9A069B68 		.ascii	"\232\006\233hb\215O\011!\366ZO\366\266!\326\373\360"
 1906      628D4F09 
 1906      21F65A4F 
 1906      F6B621D6 
 1906      FBF0
 1907 0090 99A8C734 		.ascii	"\231\250\3074:\317\030]\366\0310\217<\003q\351\361U"
 1907      3ACF185D 
 1907      F619308F 
 1907      3C0371E9 
 1907      F155
 1908 00a2 4AF485F8 		.ascii	"J\364\205\370\366eC\210\010\371\314x\013\231\2037\300"
 1908      F6654388 
 1908      08F9CC78 
 1908      0B998337 
 1908      C0
 1909 00b3 6B900AE4 		.ascii	"k\220\012\344_Z\212wS\363\006\277Zk\023i_\266{\247i"
 1909      5F5A8A77 
ARM GAS  C:\Users\nello\AppData\Local\Temp\ccPzAOus.s 			page 54


 1909      53F306BF 
 1909      5A6B1369 
 1909      5FB67BA7 
 1910 00c8 67905624 		.ascii	"g\220V$3\277\251I\267G\244\375Vw\262#\333\007\360\376"
 1910      33BFA949 
 1910      B747A4FD 
 1910      5677B223 
 1910      DB07F0FE 
 1911 00dc DF6281FC 		.ascii	"\337b\201\374g\213(\370G\226\214a\235\351\325\367@_"
 1911      678B28F8 
 1911      47968C61 
 1911      9DE9D5F7 
 1911      405F
 1912 00ee 1C0CDB42 		.ascii	"\034\014\333B\034\376\300\203\304\204\001l!\004l \014"
 1912      1CFEC083 
 1912      C484016C 
 1912      21046C20 
 1912      0C
 1913 00ff 6C42C90A 		.ascii	"lB\311\012F\225\261\224\211)C\324f\265\036}NBA\343/"
 1913      4695B194 
 1913      892943D4 
 1913      66B51E7D 
 1913      4E4241E3 
 1914 0114 047598C7 		.ascii	"\004u\230\307\341\000K;\207_A\367`\370\034\352\261\026"
 1914      E1004B3B 
 1914      875F41F7 
 1914      60F81CEA 
 1914      B116
 1915 0126 13960A3A 		.ascii	"\023\226\012:l\216\363v\261\270\365x\233=\216\034-I"
 1915      6C8EF376 
 1915      B1B8F578 
 1915      9B3D8E1C 
 1915      2D49
 1916 0138 32A5F702 		.ascii	"2\245\367\002r\257a\237#\036\207\360\021\224\226\331"
 1916      72AF619F 
 1916      231E87F0 
 1916      119496D9 
 1917 0148 51F4F15C 		.ascii	"Q\364\361\\O!\223\016\356\303\343\250'K\356bi\177Y\002"
 1917      4F21930E 
 1917      EEC3E3A8 
 1917      274BEE62 
 1917      697F5902 
 1918 015c 4B6507A1 		.ascii	"Ke\007\241\302*\326U\204\230\247*X*a\260\202\377\326"
 1918      C22AD655 
 1918      8498A72A 
 1918      582A61B0 
 1918      82FFD6
 1919 016f FD34AA2B 		.ascii	"\3754\252+\371R\367r|$\332\352\261\241b!\331\304c\031"
 1919      F952F772 
 1919      7C24DAEA 
 1919      B1A16221 
 1919      D9C46319 
 1920 0183 88E9A11E 		.ascii	"\210\351\241\036M\036\317\304\243\231~bq\347\351e\375"
 1920      4D1ECFC4 
 1920      A3997E62 
 1920      71E7E965 
 1920      FD
ARM GAS  C:\Users\nello\AppData\Local\Temp\ccPzAOus.s 			page 55


 1921 0194 E46DC6F8 		.ascii	"\344m\306\370\212\210NO_\310M\027K\263\245+\265\372"
 1921      8A884E4F 
 1921      5FC84D17 
 1921      4BB3A52B 
 1921      B5FA
 1922 01a6 5CA99C6B 		.ascii	"\\\251\234k\224\253\327\335J\301vf\352\256S\315]t\334"
 1922      94ABD7DD 
 1922      4AC17666 
 1922      EAAE53CD 
 1922      5D74DC
 1923 01b9 5ABDEA5C 		.ascii	"Z\275\352\\*_+\331\267\316R\"\231L\311\317V\011ew*\223"
 1923      2A5F2BD9 
 1923      B7CE5222 
 1923      994CC9CF 
 1923      56096577 
 1924 01cf C9A4CA6E 		.ascii	"\311\244\312n\252X\230O\271U[\3353\225\306\215\244M"
 1924      AA58984F 
 1924      B9555BDD 
 1924      3395C68D 
 1924      A44D
 1925 01e1 A6BC2A27 		.ascii	"\246\274*'\216q\262p\356|6;\345\314R\310.\026\026\026"
 1925      8E71B270 
 1925      EE7C363B 
 1925      E5CC52C8 
 1925      2E161616 
 1926 01f5 9CF940A3 		.ascii	"\234\371@\2434W+\376\006\362\215\346g"
 1926      34572BFE 
 1926      06F28DE6 
 1926      67
 1927              		.text
 1928              		.section	.gnu.lto_pwmDisableChannel.408.71a49cf4,"e",%progbits
 1929 0000 789C7551 		.ascii	"x\234uQ=o\023A\020\235ws\376:\007\032~\000\351,\012"
 1929      3D6F1341 
 1929      109D7773 
 1929      FE3A071A 
 1929      7E00E92C 
 1930 0015 EC388064 		.ascii	"\3548\200dhS\320 Q\320P8\212\234\343\204-Bl|1\241\363"
 1930      6853D020 
 1930      51D05038 
 1930      8A9CE384 
 1930      2D426C7C 
 1931 002c 921090D2 		.ascii	"\222\020\220\3228N\020B\010\\\234N(\015\242\341#|\312"
 1931      384E1042 
 1931      085C9C4E 
 1931      280DA2E1 
 1931      237CCA
 1932 003f 54202121 		.ascii	"T !!DG\203\322Q Y\021\024 \02403\347\020\334\260\272"
 1932      444783D2 
 1932      51205911 
 1932      14201430 
 1932      33E710DC 
 1933 0055 9B9D37F7 		.ascii	"\233\2357\367\336\314\276=\266\210.\021QA^\212\021V"
 1933      DECCBE3D 
 1933      B6882E11 
 1933      51415E8A 
 1933      1156
 1934 0067 DBCB16F5 		.ascii	"\333\313\026\365\373\375\246maMr<C\204\030\327\333N"
ARM GAS  C:\Users\nello\AppData\Local\Temp\ccPzAOus.s 			page 56


 1934      FBFDA66D 
 1934      614D723C 
 1934      438418D7 
 1934      DB4E
 1935 0079 94D9B86C 		.ascii	"\224\331\270lG\011\250i\261\215&\326\370\2001\346\307"
 1935      4709A869 
 1935      B18D26D6 
 1935      F88031E6 
 1935      C7
 1936 008a D2AD7BAF 		.ascii	"\322\255{\257a\326\273\010\231\250\3034X\267\031\253"
 1936      61D6BB08 
 1936      99A8C334 
 1936      58B719AB 
 1937 009a 1C3260EF 		.ascii	"\0342`\357d\026F%\343\323\224\351\032\363\376\355\206"
 1937      64164625 
 1937      E3D394E9 
 1937      1AF3FEED 
 1937      86
 1938 00ab 31290A99 		.ascii	"1)\012\231\361\030\242\301#\340!H\013\223_\034\345]"
 1938      F118A2C1 
 1938      23E02148 
 1938      0B935F1C 
 1938      E55D
 1939 00bd 18F07A0F 		.ascii	"\030\360z\017\214a)\333x\022\361\016aLY\366\344w\207"
 1939      8C6129DB 
 1939      7812F10E 
 1939      614C59F6 
 1939      E47787
 1940 00d0 28FE779E 		.ascii	"(\376w\236(\261\316t\377C\254k\266\373-c~}\306\233\314"
 1940      28B1CE74 
 1940      FF43AC6B 
 1940      B6FB2D63 
 1940      7E7DC69B 
 1941 00e5 9E38B081 		.ascii	"\2368\260\201\004\360\024I\321\304t^\314\321\220\326"
 1941      04F01449 
 1941      D1C4745E 
 1941      CCD190D6 
 1942 00f5 30A281A8 		.ascii	"0\242\201\250\305\352;Z\373\241\320\372\007A+\314\303"
 1942      C5EA3B5A 
 1942      FBA1D0FA 
 1942      07412BCC 
 1942      C3
 1943 0106 700B8B9B 		.ascii	"p\013\213\233\337\336\201\256\300\0129\336\341\350\310"
 1943      DFDE81AE 
 1943      C00A39DE 
 1943      E1E8C8
 1944 0115 0939C10A 		.ascii	"\0119\301\012\333\303\274\036\026\236\177\374\304\001"
 1944      DBC3BC1E 
 1944      169E7FFC 
 1944      C401
 1945 0123 2777DC0B 		.ascii	"'w\334\013S\262\273\220\013K\206\234\0148\216\027\240"
 1945      53B2BB90 
 1945      0B4B869C 
 1945      0C388E17 
 1945      A0
 1946 0134 3151A7F0 		.ascii	"1Q\247\360\022w\"\027\"\332\276\206\200S\201\264\354"
 1946      12772217 
ARM GAS  C:\Users\nello\AppData\Local\Temp\ccPzAOus.s 			page 57


 1946      22DABE86 
 1946      805381B4 
 1946      EC
 1947 0145 61F1E755 		.ascii	"a\361\347U\001\216\252c\320\262\022n*!-e%\334P0\022"
 1947      018EAA63 
 1947      D0B2126E 
 1947      2A212D65 
 1947      25DC5030 
 1948 015a 68BBB47E 		.ascii	"h\273\264~\334Z\306\177\207\274\032\014\021\276\230"
 1948      DC5AC67F 
 1948      87BC1A0C 
 1948      11BE98
 1949 0169 581A1D38 		.ascii	"X\032\0358p:li-.\023C\351\241\366~\357\335u\307\003"
 1949      703A6C69 
 1949      2D2E1343 
 1949      E9A1F67E 
 1949      EFDD75C7 
 1950 017e 775FB1B0 		.ascii	"w_\261\260\331>\031\375\325\026c\370\262\210\016N\034"
 1950      D93E19FD 
 1950      D51663F8 
 1950      B2880E4E 
 1950      1C
 1951 018f 2B4E942B 		.ascii	"+N\224+\323\225Ss\2153\225jq\276Z?\347\327J\2567\325"
 1951      D3955373 
 1951      8D33956A 
 1951      71BE5A3F 
 1951      E7D74AAE 
 1952 01a5 F0BD7AF1 		.ascii	"\360\275z\361\270\347\3175\352\336\211\352\331\212{"
 1952      B8E7CF35 
 1952      EADE89EA 
 1952      D98A7B
 1953 01b4 F13065B2 		.ascii	"\3610e\262\331\234<\256\012\252\376x>\237\317U\375\\"
 1953      D99C3CAE 
 1953      0AAAFE78 
 1953      3E9FCF55 
 1953      FD5C
 1954 01c6 B93493F3 		.ascii	"\2714\223\363\353\256\356S\265\371\363Y\227l\331j\373"
 1954      EBAEEE53 
 1954      B5F9F359 
 1954      976CD96A 
 1954      FB
 1955 01d7 7671B674 		.ascii	"vq\266t\344h\2410\356MS\302-\227fg\275\231?{\260\334"
 1955      E468A130 
 1955      EE4D53C2 
 1955      2D976667 
 1955      BD993F7B 
 1956 01ed 97       		.ascii	"\227"
 1957              		.text
 1958              		.section	.gnu.lto_pwmEnablePeriodicNotification.409.71a49cf4,"e",%progbits
 1959 0000 789C554F 		.ascii	"x\234UO=O\002A\020\235\271Y0\322P\370\003\324\212Xx"
 1959      3D4F0241 
 1959      109DB959 
 1959      30D250F8 
 1959      03D48A58 
 1960 0015 17882668 		.ascii	"\027\210&hKacbAc\201!p^\344\242\346.w %\253bc\303\227"
 1960      4B616362 
 1960      41638121 
ARM GAS  C:\Users\nello\AppData\Local\Temp\ccPzAOus.s 			page 58


 1960      705EE4A2 
 1960      E62E7720 
 1961 002f 953114E6 		.ascii	"\2251\024\346\012:+\025+\351\214\225\306\312D\023\250"
 1961      0A3A2B15 
 1961      2BE98C95 
 1961      C6CA4413 
 1961      A8
 1962 0040 EC8CC6CA 		.ascii	"\354\214\306\312\302\344\\\026E\234\354f\336\233\235"
 1962      C2E45C16 
 1962      459CEC66 
 1962      DE9B9D
 1963 004f 37F3761A 		.ascii	"7\363v\032\001l\000\210\213\013\001\300z\355P\001\337"
 1963      016C0088 
 1963      8B0B01C0 
 1963      7AED5001 
 1963      DF
 1964 0060 F74B4CC1 		.ascii	"\367KL\301\206\300x\205\222\021\036\325B\0221\334e\022"
 1964      86C07885 
 1964      92111ED5 
 1964      421231DC 
 1964      6512
 1965 0072 20941462 		.ascii	" \224\024bX\302\006\315p\316?\017\216\237n\220\267:"
 1965      58C206CD 
 1965      70CE3F0F 
 1965      8E9F6E90 
 1965      B73A
 1966 0084 E8114093 		.ascii	"\350\021@\223`\020'\204u\362\010\221\375 \005\247\004"
 1966      60102784 
 1966      75F20891 
 1966      FD2005A7 
 1966      04
 1967 0095 A2558874 		.ascii	"\242U\210t8\277\357\2669\037\007\217\010/Qh\360\002"
 1967      38BFEFB6 
 1967      391F078F 
 1967      082F5168 
 1967      F002
 1968 00a7 F15C5812 		.ascii	"\361\\X\022\205\265\333\020@\360w\222\250a\213\340\354"
 1968      85B5DB10 
 1968      40F07792 
 1968      A8618BE0 
 1968      EC
 1969 00b8 21D0E15F 		.ascii	"!\320\341_~\205\363\327\027|\213\004\305\334\266x\252"
 1969      7E85F3D7 
 1969      177C8B04 
 1969      C5DCB678 
 1969      AA
 1970 00c9 50DFB38C 		.ascii	"P\337\263\214II\225?\212P%\032\245\357\270\337\273\276"
 1970      4949953F 
 1970      8A50251A 
 1970      A5EFB8DF 
 1970      BBBE
 1971 00db 4328A3E2 		.ascii	"C(\243\342\021k\222\\\027\020;\252\304\376\367\225{"
 1971      116B925C 
 1971      17103BAA 
 1971      C4FEF795 
 1971      7B
 1972 00ec 8FE1415B 		.ascii	"\217\341A[\260I\012\300)\011\377cr\300sx\250\247\201"
ARM GAS  C:\Users\nello\AppData\Local\Temp\ccPzAOus.s 			page 59


 1972      B0490AC0 
 1972      2909FF63 
 1972      72C07378 
 1972      A8A781
 1973 00ff FE03F77A 		.ascii	"\376\003\367z\335\025\371\347\012\341\250\035\200\331"
 1973      DD15F9E7 
 1973      0AE1A81D 
 1973      80D9
 1974 010d C4622A91 		.ascii	"\304b*\2213\263f2_X7\255T\321r6];\243\033\351\202k8"
 1974      33B36632 
 1974      5F5837AD 
 1974      54D17236 
 1974      5D3BA31B 
 1975 0125 A925C3CD 		.ascii	"\251%\303\315\027\034c\331\3320\365\2359\210\250\252"
 1975      171C63D9 
 1975      DA30F59D 
 1975      3988A8AA 
 1976 0135 268EDE17 		.ascii	"&\216\336\027Xn,\032\215j\226\253\3452[\232\353\350"
 1976      586E2C1A 
 1976      8D6A96AB 
 1976      E5325B9A 
 1976      EBE8
 1977 0147 FD9CB68B 		.ascii	"\375\234\266\213\333\252\016L${b\310\325\314\374B<\036"
 1977      DBAA0E4C 
 1977      247B62C8 
 1977      D5CCFC42 
 1977      3C1E
 1978 0159 33B2F00D 		.ascii	"3\262\360\015\030\261\240\314"
 1978      18B1A0CC 
 1979              		.text
 1980              		.section	.gnu.lto_pwmDisablePeriodicNotification.410.71a49cf4,"e",%progbits
 1981 0000 789C554F 		.ascii	"x\234UO=O\002A\020\235\271Y0R\342\017P+B\341] \232\240"
 1981      3D4F0241 
 1981      109DB959 
 1981      3052E20F 
 1981      502B42E1 
 1982 0018 2D858D95 		.ascii	"-\205\215\2256\026\030\002\347E.j\356r\007R\262*64|"
 1982      36161802 
 1982      E7452E6A 
 1982      EE720752 
 1982      B22A3634 
 1983 002d 5919BDC2 		.ascii	"Y\031\275\302\\Ag%\242\211\011\255\235\341\027P\031"
 1983      5C416725 
 1983      A28909AD 
 1983      9DE11750 
 1983      19
 1984 003e 4B636262 		.ascii	"Kcbbar.\213\"Nv3\357\315\316\233y\273\210\0006\000\244"
 1984      61722E8B 
 1984      224E7633 
 1984      EFCDCE9B 
 1984      79BB8800 
 1985 0055 C4851060 		.ascii	"\304\205\020`\253YS \010\202\012S\260-0\336\243d\204"
 1985      AB595320 
 1985      08820A53 
 1985      B02D30DE 
 1985      A36484
 1986 0068 E7CD8844 		.ascii	"\347\315\210D\014\217\231\004\010\025\205\030V\260M"
ARM GAS  C:\Users\nello\AppData\Local\Temp\ccPzAOus.s 			page 60


 1986      0C8F9904 
 1986      08158518 
 1986      56B04D
 1987 0077 71CEF9E7 		.ascii	"q\316\371\347\331E\355\011y\247\217>\001x\004\343\270"
 1987      D945ED09 
 1987      79A78F3E 
 1987      017804E3 
 1987      B8
 1988 0088 246C914F 		.ascii	"$l\221O\210\354\007)\270 \020mC\254\317\371\363k\217"
 1988      88EC0729 
 1988      B820106D 
 1988      43ACCFF9 
 1988      F36B8F
 1989 009b F359F089 		.ascii	"\363Y\360\211\360\016\205\006\273\210\267\302\222(\354"
 1989      F00E8506 
 1989      BB88B7C2 
 1989      9228EC
 1990 00aa 342300E1 		.ascii	"4#\000\341\337I\242\206\035\202\233A\250\317\277\202"
 1990      DF49A286 
 1990      1D829B41 
 1990      A8CFBF82 
 1991 00ba 3AE71F2F 		.ascii	":\347\037/\350\305\303bnO<\325i\344Y\306\274\244\312"
 1991      E8C5C362 
 1991      6E4F3CD5 
 1991      69E459C6 
 1991      BCA4CA
 1992 00cd 1F456810 		.ascii	"\037Eh\020M\3237<\035^\015\020\252\250\370\304<\222"
 1992      4DD3373C 
 1992      1D5E0D10 
 1992      AAA8F8C4 
 1992      3C92
 1993 00df EB426247 		.ascii	"\353BbG\203\330\377\276\352\260\033\035\267\205=R\000"
 1993      83D8FFBE 
 1993      EAB01B1D 
 1993      B7853D52 
 1993      00
 1994 00f0 AE49F89F 		.ascii	"\256I\370\237\221\003\036\242\023=\215\365\357x2|\334"
 1994      91031EA2 
 1994      133D8DF5 
 1994      EF78327C 
 1994      DC
 1995 0101 947FAE13 		.ascii	"\224\177\256\023N\333\001XJ\257e\322\0053on\025K\273"
 1995      4EDB0158 
 1995      4AAF65D2 
 1995      05336F6E 
 1995      154BBB
 1996 0114 A695295B 		.ascii	"\246\225)[\316\276k\347t#[r\015'\263n\270\305\222cl"
 1996      CEBE6BE7 
 1996      74235B72 
 1996      0D27B36E 
 1996      B8C59263 
 1997 0129 587BA67E 		.ascii	"X{\246~\264\0141U\325\304\321G\002\313M&\022\011\315"
 1997      B40C3155 
 1997      D5C4D147 
 1997      02CB4D26 
 1997      1209CD
 1998 013c 72B542EE 		.ascii	"r\265B\356@s\035}\224\263v\371P\325\201\211d\317M\270"
ARM GAS  C:\Users\nello\AppData\Local\Temp\ccPzAOus.s 			page 61


 1998      40731D7D 
 1998      94B376F9 
 1998      50D58189 
 1998      64CF4DB8 
 1999 0150 9A5B594D 		.ascii	"\232[YM\245\222F\036\276\001\304\271\237\213"
 1999      A592461E 
 1999      BE01C4B9 
 1999      9F8B
 2000              		.text
 2001              		.section	.gnu.lto_pwmEnableChannelNotification.411.71a49cf4,"e",%progbits
 2002 0000 789C5550 		.ascii	"x\234UP;K\003A\020\236\357fc\214\225\220\312J;\2610"
 2002      3B4B0341 
 2002      109EEF66 
 2002      638C9590 
 2002      CA4A3BB1 
 2003 0015 313E20DA 		.ascii	"1> \332Z\330\010\0266\026\011!\236\207\011>.\346\214"
 2003      5AD80816 
 2003      36160921 
 2003      9E87093E 
 2003      2EE68C
 2004 0028 DA657D82 		.ascii	"\332e}\2026\361U\251\244\220+\254\024\004\337M\300J"
 2004      36F155A9 
 2004      A4902BAC 
 2004      1404DF4D 
 2004      C04A
 2005 003a 6C4410AC 		.ascii	"lD\020\254$?A\254,\204so\343s\330e\276o\367\233ofw\010"
 2005      243F41AC 
 2005      2C84736F 
 2005      E373D865 
 2005      BE6FF79B 
 2006 0052 440B4414 		.ascii	"D\013D\024W\233\002\204\355\255\015\203<\317+\012\003"
 2006      579B0284 
 2006      EDAD0D83 
 2006      3CCF2B0A 
 2006      03
 2007 0063 3B0AE306 		.ascii	";\012\343\006\2321v\267\0324\022X\024\032\200\212\006"
 2007      9A3176B7 
 2007      1A341258 
 2007      141A808A 
 2007      06
 2008 0074 0B14B1C3 		.ascii	"\013\024\261\303mR\312\367\325\275\233;\310\243\012"
 2008      6D52CAF7 
 2008      D5BD9B3B 
 2008      C8A30A
 2009 0083 5C262A33 		.ascii	"\\&*3\325\342\200\261\315.\003\342\013\031hQ\210G\250"
 2009      D5E280B1 
 2009      CD2E03E2 
 2009      0B196851 
 2009      8847A8
 2010 0096 B522E5C3 		.ascii	"\265\"\345\303\313\245\224!r\231q\001U\203s\340L\215"
 2010      CBA59421 
 2010      72997101 
 2010      558373E0 
 2010      4C8D
 2011 00a8 A40E92F7 		.ascii	"\244\016\222\367!_7S\323\255\337\256\311F\345,p\245"
 2011      215F3753 
 2011      D3ADDFAE 
ARM GAS  C:\Users\nello\AppData\Local\Temp\ccPzAOus.s 			page 62


 2011      C946E52C 
 2011      70A5
 2012 00ba 755DE8F0 		.ascii	"u]\350\360U\"\371\034\"\252\373\356\247*q\304t\362\030"
 2012      5522F91C 
 2012      22AAFBEE 
 2012      A72A71C4 
 2012      74F218
 2013 00cd A8C80FAF 		.ascii	"\250\310\017\257$\345S\323\361~ \250\272_B\000\327\352"
 2013      24E553D3 
 2013      F17E20A8 
 2013      BA5F4200 
 2013      D7EA
 2014 00df BEC4FEF3 		.ascii	"\276\304\376\363t4kj\374R\320&\363_\372\212\345\252"
 2014      74346B6A 
 2014      FC52D026 
 2014      F35FFA8A 
 2014      E5AA
 2015 00f1 F7085A81 		.ascii	"\367\010Z\201\341r\240\314z2\325M\351\304\177\335j\265"
 2015      E172A0CC 
 2015      7A32D54D 
 2015      E9C47FDD 
 2015      6AB5
 2016 0103 1CAEC982 		.ascii	"\034\256\311\202e6\210\016\231\017Y\270\\\257=N\303"
 2016      6536880E 
 2016      990F59B8 
 2016      5CAF3D4E 
 2016      C3
 2017 0114 3F165CB3 		.ascii	"?\026\\\263x\303R\365lX\377P\211\361w\"\242\366\376"
 2017      78C352F5 
 2017      6C58FF50 
 2017      89F17722 
 2017      A2F6FE
 2018 0127 BE447F26 		.ascii	"\276D\177&;\232\035\236-\214e\355\304\274\235\237pr"
 2018      3B9A1D9E 
 2018      2D8C65ED 
 2018      C4BC9D9F 
 2018      7072
 2019 0139 69D34A15 		.ascii	"i\323J\025\034+\237\030\260\234\331B\336\032\264\307"
 2019      1C2B9F18 
 2019      B09CD942 
 2019      DE1AB4C7 
 2020 0149 B3E65C37 		.ascii	"\263\346\\7\265F\"Q\265L\277\300v:c\261X\324v\242\231"
 2020      B5462251 
 2020      B54CBFC0 
 2020      763A63B1 
 2020      58D476A2 
 2021 015e F464D4C9 		.ascii	"\364d\324\311\233~N\345\346\247\"&\011\225r\341\037"
 2021      9B7E4EE5 
 2021      E6A72226 
 2021      099572E1 
 2021      1F
 2022 016f 1E49F7F4 		.ascii	"\036I\367\364\306\343\235\326(\005\315Lzz\332\232\374"
 2022      C6E39DD6 
 2022      2805CD4C 
 2022      7A7ADA9A 
 2022      FC
 2023 0180 046E64AE 		.ascii	"\004nd\256\316"
ARM GAS  C:\Users\nello\AppData\Local\Temp\ccPzAOus.s 			page 63


 2023      CE
 2024              		.text
 2025              		.section	.gnu.lto_pwmDisableChannelNotification.412.71a49cf4,"e",%progbits
 2026 0000 789C5550 		.ascii	"x\234UP;K\003A\020\236\357fc\214\225 \010V\332\211\205"
 2026      3B4B0341 
 2026      109EEF66 
 2026      638C9520 
 2026      0856DA89 
 2027 0015 89F101D1 		.ascii	"\211\361\001\321\326\302F\260\020\304\"\"\361<L\360"
 2027      D6C246B0 
 2027      10C42222 
 2027      F13C4CF0 
 2028 0025 713167D4 		.ascii	"q1g\324.\353#\0266\321(\026\242)\344\012;\261\360\335"
 2028      2EEB2316 
 2028      36D12816 
 2028      A229E40A 
 2028      3BB1F0DD 
 2029 0039 04ACEC44 		.ascii	"\004\254\354Dk1\277@\305F\013!\356m|\016\273\314\367"
 2029      6B31BF40 
 2029      C5460B21 
 2029      EE6D7C0E 
 2029      BBCCF7
 2030 004c ED7EF3CD 		.ascii	"\355~\363\315\354\016\200h\221\210\"j\223\217\220\337"
 2030      EC0E8068 
 2030      9188226A 
 2030      938F90DF 
 2031 005c 5C37A85C 		.ascii	"\\7\250\\.g\204\201-\205q\005\315\030\333\2335\032\011"
 2031      2E678481 
 2031      2D857105 
 2031      CD18DB9B 
 2031      351A09
 2032 006f 2C090D40 		.ascii	",\011\015@\031\203\0052\330\342\026)\345{v\367\371\006"
 2032      19830532 
 2032      D8E21629 
 2032      E57B76F7 
 2032      F906
 2033 0081 F2B00897 		.ascii	"\362\260\010\227\211\012L\225\330c\344\331e@|!\003M"
 2033      890A4C95 
 2033      D863E4D9 
 2033      65407C21 
 2033      034D
 2034 0093 0AF13035 		.ascii	"\012\36105\027\245\274}<\2272@.3\316\240jp\012\234\250"
 2034      17A5BC7D 
 2034      3C973240 
 2034      2E33CEA0 
 2034      6A700A9C 
 2035 00a8 91D4C148 		.ascii	"\221\324\301H6\340\351f+\272\365\3535Y\253\234\005."
 2035      36E0E966 
 2035      2BBAF5EB 
 2035      3559AB9C 
 2035      052E
 2036 00ba B4AE036D 		.ascii	"\264\256\003m\236J\214\344\003DU\337\375T%\016\231\216"
 2036      9E4A8CE4 
 2036      034455DF 
 2036      FD54250E 
 2036      998E
 2037 00cc EE7C45F9 		.ascii	"\356|E\371Q\316I\371\320\360t\354\363\253\356\347\020"
ARM GAS  C:\Users\nello\AppData\Local\Temp\ccPzAOus.s 			page 64


 2037      51CE49F9 
 2037      D0F074EC 
 2037      F3ABEEE7 
 2037      10
 2038 00dd C0A5BACF 		.ascii	"\300\245\272\317\261\367<\035\215\232\032\277\024\264"
 2038      B1F73C1D 
 2038      8D9A1ABF 
 2038      14B4
 2039 00eb C1FC97BE 		.ascii	"\301\374\227\276`\245\364v\017Z\205\341\262\257\300"
 2039      60A5F476 
 2039      0F5A85E1 
 2039      B2AFC0
 2040 00fa 7A32D54D 		.ascii	"z2\325M\351\304\177]\266\264S_\221\371\013l\020\035"
 2040      E9C47F5D 
 2040      B6B4535F 
 2040      91F90B6C 
 2040      101D
 2041 010c 301FB070 		.ascii	"0\037\260p\271Z{\354\326\377Xp\305\342\025\313\245\375"
 2041      B95A7BEC 
 2041      D6FF5870 
 2041      C5E215CB 
 2041      A5FD
 2042 011e 21FD4339 		.ascii	"!\375C9\306\337\211\210Z{{\242\275\361\304Xbp.=\236"
 2042      C6DF8988 
 2042      5A7B7BA2 
 2042      BDF1C458 
 2042      62702E3D 
 2043 0133 B0A30B76 		.ascii	"\260\243\013vj\322I\306Lk4\355X\251h\237\345\314\245"
 2043      6AD249C6 
 2043      4C6B34ED 
 2043      58A9689F 
 2043      E5CCA5
 2044 0146 5356BF3D 		.ascii	"SV\277=\2210\347;\2519\030\014\251ez\005\266\323\036"
 2044      9130E73B 
 2044      A939180C 
 2044      A9657A05 
 2044      B6D31E
 2045 0159 0E8743B6 		.ascii	"\016\207C\266\023\212\307\246BN\312\364\362hra:h\222"
 2045      138AC7A6 
 2045      424ECAF4 
 2045      F2687261 
 2045      3A6892
 2046 016c 502959F7 		.ascii	"P)Y\367\303\203\261\256\356H\244\335\032#\277\031\217"
 2046      C383B1AE 
 2046      EE48A4DD 
 2046      1A23BF19 
 2046      8F
 2047 017d CDCC5853 		.ascii	"\315\314XS\237W\002\256\240"
 2047      9F5702AE 
 2047      A0
 2048              		.text
 2049              		.section	.gnu.lto_.symbol_nodes.71a49cf4,"e",%progbits
 2050 0000 789C7DD2 		.ascii	"x\234}\322KJ\003A\020\306\361\352\376\342L\222yD\215"
 2050      4B4A0341 
 2050      10C6F1EA 
 2050      FEE24C92 
 2050      79448D
ARM GAS  C:\Users\nello\AppData\Local\Temp\ccPzAOus.s 			page 65


 2051 0013 49962EBC 		.ascii	"I\226.\274\200w\310Q<\3107\203\007P|\277A\024\021\021"
 2051      8077C851 
 2051      3CC83783 
 2051      07507CBF 
 2051      41141111 
 2052 0027 6FE003DC 		.ascii	"o\340\003\334\27317\310A\324\200B\025\322U\273\342\377"
 2052      BB3137C8 
 2052      41D48042 
 2052      15D255BB 
 2052      E2FF
 2053 0039 EB4DD13B 		.ascii	"\353M\321;\035\021\211\257\201\362\365;\353a\367C\204"
 2053      1D1189AF 
 2053      81F2F53B 
 2053      EB61F743 
 2053      84
 2054 004a 22CF4DDB 		.ascii	"\"\317M\333nJ\220\305\304\267\300\340\213\317\310\350"
 2054      6E4A90C5 
 2054      C4B7C0E0 
 2054      8BCFC8E8 
 2055 005a 8B59247C 		.ascii	"\213Y$|\261\007v\376\211\227\266\015\177`\037\\r\301"
 2055      B10776FE 
 2055      8997B60D 
 2055      7F601F5C 
 2055      72C1
 2056 006c 0198B9E0 		.ascii	"\001\230\271\340\020\314]p\004v]p\014\366\\p\002\366"
 2056      10CC5D70 
 2056      04765D70 
 2056      0CF65C70 
 2056      02F6
 2057 007e 5D700A16 		.ascii	"]p\012\026.8\003K\027\234\203\225\013.\300\332\003\341"
 2057      2E38034B 
 2057      179C8395 
 2057      0B2EC0DA 
 2057      03E1
 2058 0090 121C5820 		.ascii	"\022\034X \3224\315\242\206+p9\325\256\301\225T\273"
 2058      D234CDA2 
 2058      862B7039 
 2058      D5AEC195 
 2058      54BB
 2059 00a2 055753ED 		.ascii	"\005WS\355\016\034\246\332=\270\226j\017\340(\325\036"
 2059      0E1CA6DA 
 2059      3DB8966A 
 2059      0FE028D5 
 2059      1E
 2060 00b3 C171AA3D 		.ascii	"\301q\252=\201\223DCT\237}\003\010z\353\014\364\226"
 2060      81934443 
 2060      549F7D03 
 2060      087AEB0C 
 2060      F496
 2061 00c5 45B3A9AB 		.ascii	"E\263\251\253\274\007d\3527\3173\344\306\346\352JS\344"
 2061      BC0764EA 
 2061      37CF33E4 
 2061      C6E6EA4A 
 2061      53E4
 2062 00d7 302FBB86 		.ascii	"0/\273\206vm\354\231\330S\027\235\377De\2673\364\215"
 2062      766DEC99 
 2062      D853179D 
ARM GAS  C:\Users\nello\AppData\Local\Temp\ccPzAOus.s 			page 66


 2062      FF4465B7 
 2062      33F48D
 2063 00ea ED0F6D54 		.ascii	"\355\017mT\366&Cal\241.>E\241\350\026J#\313\221\226"
 2063      F6264361 
 2063      6CA12E3E 
 2063      45A1E816 
 2063      4A23CB91 
 2064 00ff A5919591 		.ascii	"\245\221\225\221\325X\313\312\310\332\310z\242e\255"
 2064      D558CBCA 
 2064      C8DAC87A 
 2064      A265AD
 2065 010e A57C0385 		.ascii	"\245|\003\205\032)\366"
 2065      1A29F6
 2066              		.text
 2067              		.section	.gnu.lto_.refs.71a49cf4,"e",%progbits
 2068 0000 789C6364 		.ascii	"x\234cd\000\002\000\000\012\000\002"
 2068      00020000 
 2068      0A0002
 2069              		.text
 2070              		.section	.gnu.lto_.decls.71a49cf4,"e",%progbits
 2071 0000 789CB558 		.ascii	"x\234\265X\011PT\327\232\276\3779\015\3354\233/\232"
 2071      095054D7 
 2071      9ABEFF39 
 2071      0DDD349B 
 2071      2F9A
 2072 0012 97546573 		.ascii	"\227Tes2\346\351\253\031E0/\346\315\324\314h\320d\254"
 2072      32E6E9AB 
 2072      1945302F 
 2072      E6CDD4CC 
 2072      68D064AC 
 2073 0026 A7C602CD 		.ascii	"\247\306\002\315\233\232JU\017vw\224\011\320>h\263\314"
 2073      9B9A4A55 
 2073      0F767794 
 2073      09D03E68 
 2073      B3CC
 2074 0038 9BA9B92E 		.ascii	"\233\251\271.D@Q\324\250\270\343\032q\203\004\027\020"
 2074      444051D4 
 2074      A8B8E31A 
 2074      71830417 
 2074      10
 2075 0049 D0163754 		.ascii	"\320\0267T0\250\250(\213\270@\020\024PA\021A\347?\347"
 2075      30A8A828 
 2075      8BB84010 
 2075      14504111 
 2075      41E73FE7 
 2076 005d DCBEF7F6 		.ascii	"\334\276\367\366b*\357UM\027?\367\334{\277\377\373\277"
 2076      622AEF55 
 2076      4D173FF7 
 2076      DC7BBFFF 
 2076      FBBF
 2077 006f FF3F6BF7 		.ascii	"\377?k\367\262\267$\351y\200$\255C{\216\237\001\222"
 2077      B2B724E9 
 2077      798024AD 
 2077      437B8E9F 
 2077      0192
 2078 0081 249D97B4 		.ascii	"$\235\227\264\317\253h%h\207\321\\heh\307\321*\321\256"
 2078      CFAB6825 
ARM GAS  C:\Users\nello\AppData\Local\Temp\ccPzAOus.s 			page 67


 2078      6887D15C 
 2078      686568C7 
 2078      D12AD1AE 
 2079 0095 A1D5A135 		.ascii	"\241\325\2415\241u\240u\241=B\353A\353E\353C{\306H@"
 2079      A175A075 
 2079      A13D42EB 
 2079      41EB45EB 
 2079      437BC648 
 2080 00aa 92089A01 		.ascii	"\222\010\232\001-\020\315\204fF\013A\013\003\311\347"
 2080      2D10CD84 
 2080      66460B41 
 2080      0B03C9E7 
 2081 00ba F335C3E1 		.ascii	"\3635\303\341u&\332Kh\203\320\006\340\263_\243\275\246"
 2081      7526DA4B 
 2081      6883D006 
 2081      E0B35FA3 
 2081      BDA6
 2082 00cc E0A9A2EB 		.ascii	"\340\251\242\353o\360~\210\037\216\377\371\205\034\207"
 2082      6FF07E88 
 2082      1F8EFFF9 
 2082      851C87
 2083 00db 158EA1C0 		.ascii	"\025\216\241\300eJ\221^\\s@\340\030O\024\266\213\225"
 2083      654A915E 
 2083      5C7340E0 
 2083      184F14B6 
 2083      8B95
 2084 00ed E744A947 		.ascii	"\347D\251G\211oh)\365g|\312\224\230\336\237\364\237"
 2084      896F6829 
 2084      F5677CCA 
 2084      9498DE9F 
 2084      F49F
 2085 00ff F161F57E 		.ascii	"\361a\365~\346\307g-\342\202\274r\374#>\373\004m<\332"
 2085      E6C7672D 
 2085      E282BC72 
 2085      FC233EFB 
 2085      046D3CDA 
 2086 0113 9FD1FE05 		.ascii	"\237\321\376\005\255\015\237\033\320\246a;\006m2\332"
 2086      AD0D9F1B 
 2086      D0A6613B 
 2086      066D32DA 
 2087 0123 C74ABE95 		.ascii	"\307J\276\225~x\367\203\340ss\326(\274\214o\250N\037"
 2087      7E78F783 
 2087      E07373D6 
 2087      28BC8C6F 
 2087      A84E1F
 2088 0136 8BF35F68 		.ascii	"\213\363_h\377\215vC\022\261\354h\025\222\250=\323\300"
 2088      FF8D7643 
 2088      12B1EC68 
 2088      1592A83D 
 2088      D3C0
 2089 0148 B4E1D0E2 		.ascii	"\264\341\320\342qg\243MR\3423-L\3235\245\216LL\231\270"
 2089      7167A34D 
 2089      52E2332D 
 2089      4CD335A5 
 2089      8E4C4C99 
 2090 015d 48F3BCFA 		.ascii	"H\363\274\372\240\210\215\025?y\272u\270c~\242\344\373"
 2090      A0888D15 
ARM GAS  C:\Users\nello\AppData\Local\Temp\ccPzAOus.s 			page 68


 2090      3F79BA75 
 2090      B8637EA2 
 2090      E4FB
 2091 016f 67257F56 		.ascii	"g%\177V\317\311J\316\356xuJ<\242\213\227\346\025\357"
 2091      CFC94ACE 
 2091      EE78754A 
 2091      3CA28B97 
 2091      E615EF
 2092 0182 EC0BE2B1 		.ascii	"\354\013\342\261\034/\373\251\301%\264EJ<\226_,Z\225"
 2092      1C2FFBA9 
 2092      C125B445 
 2092      4A3C965F 
 2092      2C5A95
 2093 0195 72DF2469 		.ascii	"r\337$i\363\206\205\251\363\212u\035\357C\375\304b}"
 2093      F38685A9 
 2093      F38A751D 
 2093      EF43FDC4 
 2093      627D
 2094 01a7 C6E279C7 		.ascii	"\306\342y\307b\371\325\243\265+|\223\225\274:\2248\006"
 2094      62F9D5A3 
 2094      B52B7C93 
 2094      95BC3A94 
 2094      3806
 2095 01b9 5D5EB7BD 		.ascii	"]^\267\275b\335yA^m/\210\323\204\366\320+N\227\022'"
 2095      62DD7941 
 2095      5E6D2F88 
 2095      D384F6D0 
 2095      2B4E9712 
 2096 01ce 5017E7AE 		.ascii	"P\027\347\256W\234{l\216\377\202\376b\037\306\371H\341"
 2096      579C7B6C 
 2096      8EFF82FE 
 2096      621FC6F9 
 2096      48E1
 2097 01e0 34E938BB 		.ascii	"4\3518\273\2748\357\377\205\234=\012\247Y\307\371\324"
 2097      BC38EFFF 
 2097      859C3D0A 
 2097      A759C7F9 
 2097      D4
 2098 01f1 8BB3FB05 		.ascii	"\213\263\373\005\363\247MW\013w\015\334\274\275\012"
 2098      F3A74D57 
 2098      0B770DDC 
 2098      BCBD0A
 2099 0200 6F888E97 		.ascii	"o\210\216\227\020O\336'\177\005o\237\302\033\246\343"
 2099      104FDE27 
 2099      7F056F9F 
 2099      C21BA6E3 
 2100 0210 3578F1AE 		.ascii	"5x\361\256\245\244\251\272\341\224\271I\344a\260\001"
 2100      A5A4A9BA 
 2100      E194B949 
 2100      E461B001 
 2101 0220 40CD7BF8 		.ascii	"@\315{\370\317,\375;\225\006\311D&\2016J\314\324Lm\346"
 2101      CF2CFD3B 
 2101      9506C944 
 2101      2681364A 
 2101      CCD44C6D 
 2102 0235 72787358 		.ascii	"rxsX\027\035c\"\303\302\315\246\035\307`\2009\300DH"
 2102      171D6322 
ARM GAS  C:\Users\nello\AppData\Local\Temp\ccPzAOus.s 			page 69


 2102      C3C2CDA6 
 2102      1DC76080 
 2102      39C04448 
 2103 0249 8BD1661E 		.ascii	"\213\321f\036\326\013\273IN\340\3401\262\301\266\350"
 2103      D60BBB49 
 2103      4EE0E031 
 2103      B2C1B6E8 
 2104 0259 E516A34C 		.ascii	"\345\026\243L\262&\017\0325\006\377\267\030\313\301"
 2104      B2260F1A 
 2104      3506FFB7 
 2104      18CBC1
 2105 0268 865E530C 		.ascii	"\206^S\014\246\001\330j1\232\273hNf\240\255\222\244"
 2105      A601D86A 
 2105      319ABB68 
 2105      4E66A0AD 
 2105      92A4
 2106 027a 0D857230 		.ascii	"\015\205r0\333\242\006\311\262<\306dz3\274\214\226\321"
 2106      DBA206C9 
 2106      B23CC664 
 2106      7A33BC8C 
 2106      96D1
 2107 028c 0FB14B4C 		.ascii	"\017\261KL\371{_6\267\030\303\221b\230m\360\000\333"
 2107      F97B5F36 
 2107      B718C391 
 2107      62986DF0 
 2107      00DB
 2108 029e E0F07208 		.ascii	"\340\360r\010\260\331\314\203\206I(\302\026\0255\206"
 2108      B0D9CC83 
 2108      864928C2 
 2108      16153586 
 2109 02ae 9891D960 		.ascii	"\230\221\331`*\207(\012!Q\362\215\266W\314\001\346\240"
 2109      2A87280A 
 2109      2151F28D 
 2109      B657CC01 
 2109      E6A0
 2110 02c0 37070F93 		.ascii	"7\007\017\223$\233\364!A^\372\334\375\001#\306\264i"
 2110      249BF421 
 2110      415EFADC 
 2110      FD0123C6 
 2110      B469
 2111 02d2 B700C3CC 		.ascii	"\267\000\303\314$\212\320?\264\030Y\231\007K\222l0\205"
 2111      248AD03F 
 2111      B4185999 
 2111      074B926C 
 2111      3085
 2112 02e4 84808C97 		.ascii	"\204\200\214\227 \313\037lS\242\314R\213\221\340\253"
 2112      20CB1F6C 
 2112      53A2CC52 
 2112      8B91E0AB 
 2113 02f4 41069009 		.ascii	"A\006\220\011h\236\346@,\241R?\276\324y\364=\273\321"
 2113      689EE640 
 2113      2CA1523F 
 2113      BED479F4 
 2113      3DBBD1
 2114 0307 B092F69E 		.ascii	"\260\222\366\236\200\373\265\300y\215\030\205\213?\007"
 2114      80FBB5C0 
 2114      798D1885 
ARM GAS  C:\Users\nello\AppData\Local\Temp\ccPzAOus.s 			page 70


 2114      8B3F07
 2115 0316 95DFEDA0 		.ascii	"\225\337\355\240\271\351\310\301\313\035\330\207\375"
 2115      B9E9C8C1 
 2115      CB1DD887 
 2115      FD
 2116 0323 D73B681A 		.ascii	"\327;h\032\325\370D\225\005\032\304K8g\001\267 \337"
 2116      D5F84495 
 2116      051AC44B 
 2116      386701B7 
 2116      20DF
 2117 0335 0F750F9B 		.ascii	"\017u\017\233\243\313k\027\0044c\331\344\354A\360r\326"
 2117      A3CB6B17 
 2117      043463D9 
 2117      E4EC41F0 
 2117      72D6
 2118 0347 1809E86B 		.ascii	"\030\011\350k\022}G\212\220\371g\356\014\011\016\012"
 2118      127D478A 
 2118      90F967EE 
 2118      0C090E0A 
 2119 0357 8669C1CB 		.ascii	"\206i\301\313(\274\004\004\377\017\202\001\350\272\240"
 2119      28BC0404 
 2119      FF0F8201 
 2119      E8BAA0
 2120 0366 78F159F3 		.ascii	"x\361Y\363+\010\272+\313\203`&\034\002`\3531\024c\\"
 2120      2B08BA2B 
 2120      CB836026 
 2120      1C0260EB 
 2120      3114635C 
 2121 037a 8724BD9D 		.ascii	"\207$\275\235\225%\367\024\234\272r\363\357N\246.\220"
 2121      9525F714 
 2121      9CBA72F3 
 2121      EF4EA62E 
 2121      90
 2122 038b AB109705 		.ascii	"\253\020\227\005\354%\034\000(\024\311\034\300\007\373"
 2122      EC251C00 
 2122      2814C91C 
 2122      C007FB
 2123 039a 01F6C1B4 		.ascii	"\001\366\301\264\365a\324\005\334%\2772s\201<`\256,"
 2123      F561D405 
 2123      DC25BF32 
 2123      73813C60 
 2123      AE2C
 2124 03ac BB0C0C5C 		.ascii	"\273\014\014\\\252\202KU\360\375PZ!\300\205\235\213"
 2124      AA824B55 
 2124      F0FD505A 
 2124      21C0859D 
 2124      8B
 2125 03bd FB23D7C9 		.ascii	"\373#\327\311.\025~D\205\037Q\341-\2414\225\010\356"
 2125      2E157E44 
 2125      851F51E1 
 2125      2DA13495 
 2125      08EE
 2126 03cf EC82593B 		.ascii	"\354\202Y;P\310\2772\350Q\025zT\205^\017\245\313\011"
 2126      50C8BF32 
 2126      E851157A 
 2126      54855E0F 
 2126      A5CB09
ARM GAS  C:\Users\nello\AppData\Local\Temp\ccPzAOus.s 			page 71


 2127 03e2 2B4B736E 		.ascii	"+Ksny\037};\0333x\264\254g\221Qf^c\230\3271\325\353"
 2127      791F7D3B 
 2127      1B3378B4 
 2127      AC679151 
 2127      665E6398 
 2128 03fa 98EA7525 		.ascii	"\230\352u%\224\036#\022\257\216\201Wg0=\317Y\266];\227"
 2128      941E2312 
 2128      AF8E8157 
 2128      67303DCF 
 2128      59B65D3B 
 2129 040f 16385054 		.ascii	"\0268PT\322%\274\312\001N+\024\010\330\331?\357fh\210"
 2129      D225BCCA 
 2129      014E2B14 
 2129      08D8D93F 
 2129      EF666888 
 2130 0423 4B963BE5 		.ascii	"K\226;\345\2342\003{s\012\340$+\342\031\340\200\206"
 2130      9C32037B 
 2130      730AE024 
 2130      2BE219E0 
 2130      8086
 2131 0435 EE5D8743 		.ascii	"\356]\207C\330*\200\017\300\201\017\356>\250{\346\257"
 2131      D82A800F 
 2131      C0810FEE 
 2131      3EA87BE6 
 2131      AF
 2132 0446 E8581038 		.ascii	"\350X\0208+|\272s\313*ML{\376\242y\242\224\262\001\337"
 2132      2B7CBA73 
 2132      CB2A4D4C 
 2132      7BFEA279 
 2132      A294B201 
 2133 045b C30955FA 		.ascii	"\303\011U\372\011U\372\341PZ\313\245\326\246~\277\030"
 2133      0955FAE1 
 2133      505ACBA5 
 2133      D6A67EBF 
 2133      18
 2134 046c 3CA44AF0 		.ascii	"<\244J\360\243\342@osH\307\263\3356\216p\271\223\251"
 2134      A3E2406F 
 2134      7348C7B3 
 2134      DD368E70 
 2134      B993A9
 2135 047f 021583EF 		.ascii	"\002\025\203\357s\366\325\0371j\311\234\327\222\271"
 2135      73F6D51F 
 2135      316AC99C 
 2135      D792B9
 2136 048e 2084DDDE 		.ascii	" \204\335\336\233v&\200'sA$\263\356VA\026qgw\021\260"
 2136      9B762680 
 2136      27734124 
 2136      B3EE5641 
 2136      16716777 
 2137 04a4 76817CA2 		.ascii	"v\201|\242\032y\213\205\372\212\266\213\330\227/\225"
 2137      1A798B85 
 2137      FA8AB68B 
 2137      D8972F95 
 2138 04b4 059A65C6 		.ascii	"\005\232e\306\355\232\037$)\314p\005\020W\010p\031\340"
 2138      ED9A1F24 
 2138      29CC7005 
 2138      10570870 
ARM GAS  C:\Users\nello\AppData\Local\Temp\ccPzAOus.s 			page 72


 2138      19E0
 2139 04c6 1220EC48 		.ascii	"\022 \354H^\357\377\252\305\251\001\265:W\021[-D\254"
 2139      5EEFFFAA 
 2139      C5A901B5 
 2139      3A57115B 
 2139      2D44AC
 2140 04d9 EA9EBF27 		.ascii	"\352\236\277'\230U\247\363\320\255?\211n\275\012pN\255"
 2140      9855A7F3 
 2140      D0AD3F89 
 2140      6EBD0A70 
 2140      4EAD
 2141 04eb CD39B536 		.ascii	"\3159\2656m!\264\213\007o\355nX.\\\322N(.X\316Z\325"
 2141      6D21B48B 
 2141      076FED6E 
 2141      582E5CD2 
 2141      4E282E58 
 2142 0502 A55675D9 		.ascii	"\245Vu\331\027B\373\370H\030\312\363\010\347-\211.\242"
 2142      1742FBF8 
 2142      4818CAF3 
 2142      08E72D89 
 2142      2EA2
 2143 0514 8CE6595A 		.ascii	"\214\346YZUm\230\331\345\235C# \006s\270\016\320\300"
 2143      556D98D9 
 2143      E59D4323 
 2143      200673B8 
 2143      0ED0C0
 2144 0527 72B8517F 		.ascii	"r\270Q\177\372\270\221\027\345\206\250\322\242\216\362"
 2144      FAB89117 
 2144      E586A8D2 
 2144      A28EF2
 2145 0536 4A93BB4A 		.ascii	"J\223\273J7\031\344\352\251\263\307\015~\006\001n\353"
 2145      3719E4EA 
 2145      A9B3C70D 
 2145      7E06016E 
 2145      EB
 2146 0547 704BA459 		.ascii	"pK\244YS\177\357z\030\037\004\345\251\352 \270\015P"
 2146      537FEF7A 
 2146      181F04E5 
 2146      A9EA20B8 
 2146      0D50
 2147 0559 AFAAAED7 		.ascii	"\257\252\256\327\346S0]\301\025z\206F\361\257\303s\340"
 2147      E653305D 
 2147      C1157A86 
 2147      46F1AFC3 
 2147      73E0
 2148 056b 17896EE7 		.ascii	"\027\211n\347\210s;6\355\3439\264\310es\250\004\243"
 2148      88733B36 
 2148      EDE339B4 
 2148      C86573A8 
 2148      04A3
 2149 057d 60A404AD 		.ascii	"`\244\004\255\200\010\314\340\016@\013\223\327\336|"
 2149      8008CCE0 
 2149      0E400B93 
 2149      D7DE7C
 2150 058c E9A681D3 		.ascii	"\351\246\201\323\264\001\374\304\236\244.\271u-\324"
 2150      B401FCC4 
 2150      9EA42EB9 
ARM GAS  C:\Users\nello\AppData\Local\Temp\ccPzAOus.s 			page 73


 2150      752DD4
 2151 059b 9DC25DF6 		.ascii	"\235\302]\366\344fe~\227\321O\012\355\250\352\236H\341"
 2151      E466657E 
 2151      97D14F0A 
 2151      EDA8EA9E 
 2151      48E1
 2152 05ad C8C5BADF 		.ascii	"\310\305\272\337\362\014z\264\014\332\001\232\325\014"
 2152      F20C7AB4 
 2152      0CDA019A 
 2152      D50C
 2153 05bb 9AD50C36 		.ascii	"\232\325\0146\007\323\002\256\257\263\256wu\240;4+\336"
 2153      07D302AE 
 2153      AFB3AE77 
 2153      75A03B34 
 2153      2BDE
 2154 05cd D2EB078B 		.ascii	"\322\353\007\213\301\035\371>\213\274\253s\357\345@"
 2154      C11DF93E 
 2154      8BBCAB73 
 2154      EFE540
 2155 05dc 3F911F22 		.ascii	"?\221\037\"\333\003\021\371\244|\374\004\341\241\367"
 2155      DB0311F9 
 2155      A47CFC04 
 2155      E1A1F7
 2156 05eb 2C50433F 		.ascii	",PC?\004\350TCwjK\206\231\236\340\241\227\337\331\333"
 2156      04E85443 
 2156      776A4B86 
 2156      999EE0A1 
 2156      97DFD9DB 
 2157 05ff 1EC89D6A 		.ascii	"\036\310\235j\027\350\247]\267\352\324\255:\225\232"
 2157      17E8A75D 
 2157      B7EAD4AD 
 2157      3A959A
 2158 060e E92DEE94 		.ascii	"\351-\356\224\2764\2470\224;e\244\353\235\036\253N\217"
 2158      BE34A730 
 2158      943B65A4 
 2158      EB9D1EAB 
 2158      4E8F
 2159 0620 55A7F966 		.ascii	"U\247\371f:\327\300\234\366\346\235\335\032\300\235"
 2159      3AD7C09C 
 2159      F6E69DDD 
 2159      1AC09D
 2160 062f 8AD3F5F2 		.ascii	"\212\323\365\362\236\250NO\264\011\036D7r\247[G\266"
 2160      9EA84E4F 
 2160      B4091E44 
 2160      3772A75B 
 2160      47B6
 2161 0641 AFE08338 		.ascii	"\257\340\2038\277\303\303\351\251\352\364Tu\3521\321"
 2161      BFC3C3E9 
 2161      A9EAF454 
 2161      75EA31D1 
 2162 0651 52EED4BA 		.ascii	"R\356\324\272;o\245\361\355lY\356\331\327\\\365\304"
 2162      3B6FA5F1 
 2162      ED6C59EE 
 2162      D9D75CF5 
 2162      C4
 2163 0662 985D28CF 		.ascii	"\230](\317\017\340kx\277\352\325\317/4-\200/xU\255\367"
 2163      0FE06B78 
ARM GAS  C:\Users\nello\AppData\Local\Temp\ccPzAOus.s 			page 74


 2163      BFEAD5CF 
 2163      2F342D80 
 2163      2F7855AD 
 2164 0677 0D0C9F7F 		.ascii	"\015\014\237\177\356H\247l\032\306Ry\256B\237\013\350"
 2164      EE48A76C 
 2164      1AC65279 
 2164      AE429F0B 
 2164      E8
 2165 0688 4A0EDDB3 		.ascii	"J\016\335\263~\3472N\235\377\243\012\235C\334\3209|"
 2165      7EE7324E 
 2165      9DFFA30A 
 2165      9D43DCD0 
 2165      397C
 2166 069a 03A55B38 		.ascii	"\003\245[8t}\377\231s\224Ck\004\024G\301<\025:O@\017"
 2166      747DFF99 
 2166      7394436B 
 2166      041447C1 
 2166      3C153A4F 
 2167 06b0 71E89CA2 		.ascii	"q\350\234\242\015\027\2029\264V@1\303T\025\232*\240"
 2167      0D178239 
 2167      B4564031 
 2167      C354159A 
 2167      2AA0
 2168 06c2 1738F46E 		.ascii	"\0278\364n[\366\2120\016\255S\005,P\241\013\004\364"
 2168      5BF68A30 
 2168      0EAD5305 
 2168      2C50A10B 
 2168      04F4
 2169 06d4 31872E59 		.ascii	"1\207.Y\263\355\201\211C\353Uh\272\012M\027\320\365"
 2169      B3ED8189 
 2169      43EB5568 
 2169      BA0A4D17 
 2169      D0F5
 2170 06e6 81BC022D 		.ascii	"\201\274\002-\253\327\204ph\203*`\241\012](\240G9\364"
 2170      ABD78470 
 2170      68832A60 
 2170      A10A5D28 
 2170      A04739F4 
 2171 06fa F2A16F9B 		.ascii	"\362\241o\233EZ-*4S\205f\012h3\207\336=q\247\"\324w"
 2171      455A2D2A 
 2171      34538566 
 2171      0A683387 
 2171      DE3D71A7 
 2172 0711 E958423C 		.ascii	"\351XB<\227\216\375\355}\371\001\352*\211\333\221{\001"
 2172      978EFDED 
 2172      7DF901EA 
 2172      2A89DB91 
 2172      7B01
 2173 0723 5E4A2488 		.ascii	"^J$\210\200\221\264\203\261\005\366W_\2522\232_\003"
 2173      8091B483 
 2173      B105F657 
 2173      5FAA329A 
 2173      5F03
 2174 0735 C03FAFA9 		.ascii	"\300?\257\251\274\214\000n\200\360-\201\025\2045q\230"
 2174      BC8C006E 
 2174      80F02D81 
 2174      15843571 
ARM GAS  C:\Users\nello\AppData\Local\Temp\ccPzAOus.s 			page 75


 2174      98
 2175 0746 F4BD8557 		.ascii	"\364\275\205W$\277\264\245\267\204\276\204\344\363e"
 2175      24BFB4A5 
 2175      B784BE84 
 2175      E4F365
 2176 0755 F93FF091 		.ascii	"\371?\360\221:qV\022\036@l\200\201\210\374\256(\355"
 2176      3A715612 
 2176      1E406C80 
 2176      8188FCAE 
 2176      28ED
 2177 0767 6C903F19 		.ascii	"l\220?\031\331\\\306*\302\221F\276U\276\217\370\213"
 2177      D95CC62A 
 2177      C29146BE 
 2177      55BE8FF8 
 2177      8B
 2178 0778 B79ACBC2 		.ascii	"\267\232\313\302\365\314k\010\254FBXK\270\217D\273\002"
 2178      F5CC6B08 
 2178      AC464258 
 2178      4BB88F44 
 2178      BB02
 2179 078a 253AD7C8 		.ascii	"%:\327\310*\261\260\354\330:6\301a=\341S5+\255\372="
 2179      2AB1B0EC 
 2179      D83A36C1 
 2179      613DE153 
 2179      352BADFA 
 2180 079f 3EBDB308 		.ascii	">\275\263\010\237\357\3272W\247\373[Wr\220j#QN%U\275"
 2180      9FEFD732 
 2180      57A7FB5B 
 2180      5772906A 
 2180      23514E25 
 2181 07b5 F94F871F 		.ascii	"\371O\207\037\233\307v\365\254r\202\357`\235\250;l "
 2181      9BC776F5 
 2181      AC7282EF 
 2181      609DA83B 
 2181      6C20
 2182 07c7 B089DDB9 		.ascii	"\260\211\335\271gBa\030\255"
 2182      67426118 
 2182      AD
 2183 07d0 F68DCB8F 		.ascii	"\366\215\313\217\036}\317\362\227\033\305\331\343\350"
 2183      1E7DCFF2 
 2183      971BC5D9 
 2183      E3E8
 2184 07de 20362736 		.ascii	" 6'6+\034[\010l%x\347\346\310\013\243+M~9\362\217\024"
 2184      2B1C5B08 
 2184      6C2578E7 
 2184      E6C80BA3 
 2184      2B4D7E39 
 2185 07f5 CD5234A0 		.ascii	"\315R4\240\3776\305\177;\201\357\010\336\271\375\267"
 2185      FF36C57F 
 2185      3B81EF08 
 2185      DEB9FDB7 
 2186 0805 87D1CD26 		.ascii	"\207\321\315&Q\335\020^\263F\211\356Q\036\004#m\365"
 2186      51DD105E 
 2186      B34689EE 
 2186      511E0423 
 2186      6DF5
 2187 0817 A58BB7FD 		.ascii	"\245\213\267\375\366\372\036^\356\335\254\363\026-<"
ARM GAS  C:\Users\nello\AppData\Local\Temp\ccPzAOus.s 			page 76


 2187      F6FA1E5E 
 2187      EEDDACF3 
 2187      162D3C
 2188 0826 D515A02F 		.ascii	"\325\025\240/\361N\002\271\254\304{\011\307\361\375"
 2188      F14E02B9 
 2188      ACC47B09 
 2188      C7F1FD
 2189 0835 FB59556E 		.ascii	"\373YUn0_\333]\376\007\004bz7e\357\017Sy\362|y\336\371"
 2189      305FDB5D 
 2189      FE070462 
 2189      7A3765EF 
 2189      0F5379F2 
 2190 084d 16EBDB90 		.ascii	"\026\353\333\220\321\2208'\3075g0\344\023\330E\3400"
 2190      D1903827 
 2190      C7356730 
 2190      E413D845 
 2190      E030
 2191 085f A8B81D04 		.ascii	"\250\270\035\004\222\246=\013E\2523u\371OM\332q\241"
 2191      92A63D0B 
 2191      45AA3375 
 2191      F94F4DDA 
 2191      71A1
 2192 0871 583B2EFC 		.ascii	"X;.\374\340\036L\257\322\003&\211\036a\305\013<\224"
 2192      E01E4CAF 
 2192      D2032689 
 2192      1E61C50B 
 2192      3C94
 2193 0883 B16F8B41 		.ascii	"\261o\213A\214\331 ,\024\033\231\006\274\360\361;?D"
 2193      8CD9202C 
 2193      141B9906 
 2193      BCF0F13B 
 2193      3F44
 2194 0895 51BB9FBD 		.ascii	"Q\273\237\275\301s%\201\203b\220\015\240'\220\341\254"
 2194      C1732581 
 2194      8362900D 
 2194      A02790E1 
 2194      AC
 2195 08a6 522D13AD 		.ascii	"R-\023\255\306\273:\336\031\033O_\310\014\367\235R\207"
 2195      C6BB3ADE 
 2195      191B4F5F 
 2195      C80CF79D 
 2195      5287
 2196 08b8 F5538AB6 		.ascii	"\365S\212\266 \274\003\355\021w9\270\371\351I\263\211"
 2196      20BC03ED 
 2196      117739B8 
 2196      F9E949B3 
 2196      89
 2197 08c9 454C6BC4 		.ascii	"ELk\304\023\020\017\211\347@\242\356}\264\217\343\216"
 2197      13100F89 
 2197      E740A2EE 
 2197      7DB48FE3 
 2197      8E
 2198 08da 1FCE5817 		.ascii	"\037\316X\027\346\205\203\343D\217\344r\006\363\336"
 2198      E68583E3 
 2198      448FE472 
 2198      06F3DE
 2199 08e9 94095D10 		.ascii	"\224\011]\020\364\242#\330ie=\240\0139\244\373\346\346"
ARM GAS  C:\Users\nello\AppData\Local\Temp\ccPzAOus.s 			page 77


 2199      F4A223D8 
 2199      69653DA0 
 2199      0B39A4FB 
 2199      E6E6
 2200 08fb 4DD4F340 		.ascii	"M\324\363@y\206\250 &\361@F#\321\212z\226\250E\255\340"
 2200      7986A820 
 2200      26F14046 
 2200      23D18A7A 
 2200      96A845AD 
 2201 0910 9DFC52C5 		.ascii	"\235\374R\305\342'}aC\304g\340\020\027_\331]E\306\322"
 2201      E2277D61 
 2201      43C467E0 
 2201      10175FD9 
 2201      5D45C6D2 
 2202 0924 42594E7F 		.ascii	"BYN\177\225m\373.\002\325\232W\011\353\263H\311\305"
 2202      956DFB2E 
 2202      02D59A57 
 2202      09EBB348 
 2202      C9C5
 2203 0936 D6DEE259 		.ascii	"\326\336\342Y\345.<a\023(\365\205\234\002\216\251+\236"
 2203      E52E3C61 
 2203      1328F585 
 2203      9C028EA9 
 2203      2B9E
 2204 0948 998D18DC 		.ascii	"\231\215\030\334{\2139FT\250H#\271+Hp\262\036\362 )"
 2204      7B8B3946 
 2204      54A84823 
 2204      B92B4870 
 2204      B21EF220 
 2205 095d D291F408 		.ascii	"\322\221\364\010\222B\002\373t$\005*Igyq\317\015\220"
 2205      924202FB 
 2205      7424052A 
 2205      49677971 
 2205      CF0D90
 2206 0970 978D64C7 		.ascii	"\227\215d\307\310\243\0364\021\032K\237\210T\201_#="
 2206      C8A31E34 
 2206      111A4B9F 
 2206      8854815F 
 2206      233D
 2207 0982 20054A24 		.ascii	" \005J$1\206]\006\274!p\222\360\223y5\357\240K\004."
 2207      31865D06 
 2207      BC217092 
 2207      F0937935 
 2207      EFA04B04 
 2208 0997 10A82470 		.ascii	"\020\250$p\216\300\217\004\252\010\234'p\221\377\254"
 2208      8EC08F04 
 2208      AA089C27 
 2208      7091FFAC 
 2209 09a7 87C14B8A 		.ascii	"\207\301K\212\273\316\203\374\315H8A\240L\247/\202\313"
 2209      BBCE83FC 
 2209      CD483841 
 2209      A04CA72F 
 2209      82CB
 2210 09b9 C32EE8DF 		.ascii	"\303.\350\337\272gy\320\300\277\206\236\235\367\373"
 2210      BA6779D0 
 2210      C0BF869E 
 2210      9DF7FB
ARM GAS  C:\Users\nello\AppData\Local\Temp\ccPzAOus.s 			page 78


 2211 09c8 4F149AB5 		.ascii	"O\024\232\265\376\273\254\351\276\342\236\024.\211\256"
 2211      FEBBACE9 
 2211      BEE29E14 
 2211      2E89AE
 2212 09d7 0A12CDF7 		.ascii	"\012\022\315\367\351:\2455R\014%\312o\002\220\250$5"
 2212      E93AA535 
 2212      520C25CA 
 2212      6F0290A8 
 2212      2435
 2213 09e9 EF91C1DF 		.ascii	"\357\221\301\337\242p\235/\012\015\204\346\004It\233"
 2213      A2709D2F 
 2213      0A0D84E6 
 2213      0449749B 
 2214 09f9 1878CD73 		.ascii	"\030x\315s\233\202}\247\302\015\375T\340\374\030:\217"
 2214      9B827DA7 
 2214      C20DFD54 
 2214      E0FC183A 
 2214      8F
 2215 0a0a 7B5CADCA 		.ascii	"{\\\255\312\276\023\246\311\254\320\346n\023\037\213"
 2215      BE13A6C9 
 2215      ACD0E66E 
 2215      131F8B
 2216 0a19 B490C3D6 		.ascii	"\264\220\303\326\226\246\0360\372\201A3Q\2008\261\213"
 2216      96A61E30 
 2216      FA814133 
 2216      518038B1 
 2216      8B
 2217 0a2a 16CFC937 		.ascii	"\026\317\3117\343`d\235v\270\210w\332M\002\215\004Z"
 2217      E360649D 
 2217      76B88877 
 2217      DA4D028D 
 2217      045A
 2218 0a3c 3DFB550C 		.ascii	"=\373U\014\240\012\201\370\211\300m\037\204G\257\336"
 2218      A00A81F8 
 2218      89C06D1F 
 2218      8447AFDE 
 2219 0a4c 226264B6 		.ascii	"\"bd\266\362\242\267\020\270\303JLOra{:n\017\035\350"
 2219      F2A2B710 
 2219      B8C34A4C 
 2219      4F72617B 
 2219      3A6E0F1D 
 2220 0a61 8D8536E2 		.ascii	"\215\2056\342\205f;\357\246\213+@Y\360p\237\270K\240"
 2220      85663BEF 
 2220      A68B2B40 
 2220      59F0709F 
 2220      B84BA0
 2221 0a74 9E401D23 		.ascii	"\236@\035#\276Gx1%zE\351\203rI\024\311@o\260 \003\344"
 2221      BE477831 
 2221      257A45E9 
 2221      83724914 
 2221      C9406FB0 
 2222 0a8b 3BC7334C 		.ascii	";\3073Ll\226\261\017\323\336\257\327\336\345w\222\355"
 2222      6C96B10F 
 2222      D3DEAFD7 
 2222      DEE57792 
 2222      ED
 2223 0a9c 54E7C77D 		.ascii	"T\347\307}\017H\215\317\250\355$\320\301\036vq\305\217"
ARM GAS  C:\Users\nello\AppData\Local\Temp\ccPzAOus.s 			page 79


 2223      0F488DCF 
 2223      A8ED24D0 
 2223      C11E7671 
 2223      C58F
 2224 0aae 08741378 		.ascii	"\010t\023x@\240\207\300\023\002\217\011<T\006l~\207"
 2224      40A087C0 
 2224      13028F09 
 2224      3C54066C 
 2224      7E87
 2225 0ac0 882AA676 		.ascii	"\210*\246v\227\337\271r\247\310\035\265\335\007\"t\255"
 2225      97DFB972 
 2225      A7C81DB5 
 2225      DD072274 
 2225      AD
 2226 0ad1 53755DF5 		.ascii	"Su]\365\325\025\311d\345\247\027\033\030\344\036as\277"
 2226      D515C964 
 2226      E5A7171B 
 2226      18E41E61 
 2226      73BF
 2227 0ae3 4BAB937E 		.ascii	"K\253\223~}X\242\322\324z\320\\S0\354\213\313\326\003"
 2227      7D58A2D2 
 2227      D47AD05C 
 2227      5330EC8B 
 2227      CBD603
 2228 0af6 05A1BC6F 		.ascii	"\005\241\274o\\\272<\331W\315\237\315\224\035#*\212"
 2228      5CBA3CD9 
 2228      57CD9FCD 
 2228      941D232A 
 2228      8A
 2229 0b07 E70468A3 		.ascii	"\347\004h\243\255W\243\177*6\270+\013kw\232\3718w\275"
 2229      AD57A37F 
 2229      2A36B82B 
 2229      0B6B779A 
 2229      F93877BD 
 2230 0b1b F00B186D 		.ascii	"\360\013\030mVz3\210wf9_u7\346\025\372\235K2es\251\204"
 2230      567A3388 
 2230      7766395F 
 2230      7537E615 
 2230      FA9D4B32 
 2231 0b33 6D8CBB1B 		.ascii	"m\214\273\033\013v\031\364\033\354s\002\317XVl'E\034"
 2231      0B7619F4 
 2231      1BEC7302 
 2231      CF58566C 
 2231      27451C
 2232 0b46 E3A97BD4 		.ascii	"\343\251{\324z6P\277yzc\370\346\371hY\251Ul\236s)\333"
 2232      7A3650BF 
 2232      797A63F8 
 2232      E6F96859 
 2232      A9556C9E 
 2233 0b5d 3CAF818A 		.ascii	"<\257\201\212\353g\233\347\306Pz\237\017\342\242\313"
 2233      EB679BE7 
 2233      C6507A9F 
 2233      0FE2A2CB 
 2234 0b6d 99A5C1FE 		.ascii	"\231\245\301\376d\245rY\253\231\254\202\306\316'f\275"
 2234      64A57259 
 2234      AB99AC82 
 2234      C6CE2766 
ARM GAS  C:\Users\nello\AppData\Local\Temp\ccPzAOus.s 			page 80


 2234      BD
 2235 0b7e 2CF7B4F8 		.ascii	",\367\264\370\206r\034\343\2717\267fe\210^\2267\206"
 2235      86721CE3 
 2235      B937B766 
 2235      65885E96 
 2235      3786
 2236 0b90 C9CACFD8 		.ascii	"\311\312\317\330&\247\015@Q\013\270\250:PQ\363)\212"
 2236      26A70D40 
 2236      510BB8A8 
 2236      3A5051F3 
 2236      298A
 2237 0ba2 AA08E145 		.ascii	"\252\010\341Ek4\362K\215\221\366q\211\337\270~\2522"
 2237      6B34F24B 
 2237      8D91F671 
 2237      89DFB87E 
 2237      AA32
 2238 0bb4 991B7FF6 		.ascii	"\231\033\177\366\334\312=ZD\321;\003\305:6\232\312f"
 2238      DCCA3D5A 
 2238      44D13B03 
 2238      C53A369A 
 2238      CA66
 2239 0bc6 F1A4969D 		.ascii	"\361\244\226\235k\327\265\237*7\372\313t\031\317t)E"
 2239      6BD7B59F 
 2239      2A37FACB 
 2239      7419CF74 
 2239      2945
 2240 0bd8 CCBCFBB9 		.ascii	"\314\274\373\271W\015\332D\305!\266\204\302bT\017\313"
 2240      570DDA44 
 2240      C521B684 
 2240      C262540F 
 2240      CB
 2241 0be9 2907F211 		.ascii	")\007\362\021\320\366\303\\\335l^D}@4C\011\214\207\254"
 2241      D0F6C35C 
 2241      DD6C5E44 
 2241      7D403443 
 2241      098C87AC 
 2242 0bfd 4CB34497 		.ascii	"L\263D\227*\2675\022]\201\267k\225\333*\211n\304\333"
 2242      2AB73512 
 2242      5D81B76B 
 2242      95DB2A89 
 2242      6EC4DB
 2243 0c10 AD683BCD 		.ascii	"\255h;\315\214y_\361\331\035\304#\274\273>9T\034\217"
 2243      8C795FF1 
 2243      D91DC423 
 2243      BCBB3E39 
 2243      541C8F
 2244 0c23 11B4636B 		.ascii	"\021\264ck\233\325#\2727\206\346\231\305\"\"\003\335"
 2244      9BD523BA 
 2244      3786E699 
 2244      C5222203 
 2244      DD
 2245 0c34 A78462C9 		.ascii	"\247\204b\311-o}\232\027\342\257\000\333y\001\2661\314"
 2245      2D6F7D9A 
 2245      17E2AF00 
 2245      DB7901B6 
 2245      31CC
 2246 0c46 DE35B5E9 		.ascii	"\3365\265\351\340\241`\013\025\373\352w\224\003\371"
ARM GAS  C:\Users\nello\AppData\Local\Temp\ccPzAOus.s 			page 81


 2246      E0A1600B 
 2246      15FBEA77 
 2246      9403F9
 2247 0c55 19AF3AAD 		.ascii	"\031\257:\2558\330C\2027\210\026*q\207\321\022\314\316"
 2247      38D84382 
 2247      3788162A 
 2247      7187D112 
 2247      CCCE
 2248 0c67 85761CAD 		.ascii	"\205v\034\255\034\255\022\355\"\332U\264z\264F\264&"
 2248      1CAD12ED 
 2248      22DA55B4 
 2248      7AB446B4 
 2248      26
 2249 0c78 B456B476 		.ascii	"\264V\264v\305\353\2668\326\347\3743}\300\352\362\336"
 2249      C5EBB638 
 2249      D6E7FC33 
 2249      7DC0EAF2 
 2249      DE
 2250 0c89 AABA1F1A 		.ascii	"\252\272\037\032B\206\370~\006*\327\033x\002i8x\377"
 2250      4286F87E 
 2250      062AD71B 
 2250      78026938 
 2250      78FF
 2251 0c9b F93B781C 		.ascii	"\371;x\034gK\003*\332K\241\222\252\031\236\024+\014"
 2251      674B032A 
 2251      DA4BA192 
 2251      AA199E14 
 2251      2B0C
 2252 0cad E2F29F2E 		.ascii	"\342\362\237.\301/\256\363C\030\346\007\017L\221\206"
 2252      C12FAEF3 
 2252      4318E607 
 2252      0F4C9186 
 2253 0cbd E9D330DF 		.ascii	"\351\3230\337\373bp\211\331\204\240E\337\363\245j\007"
 2253      FB627089 
 2253      D984A045 
 2253      DFF3A56A 
 2253      07
 2254 0cce 85AD1CE3 		.ascii	"\205\255\034\343\256A\235\202aD\253\277\237\245\350"
 2254      AE419D82 
 2254      6144ABBF 
 2254      9FA5E8
 2255 0cdd 59EFC1B3 		.ascii	"Y\357\301\263\216j<\033\005\317\267\024\2628\306=\230"
 2255      8E6A3C1B 
 2255      05CFB714 
 2255      B238C63D 
 2255      98
 2256 0cee 32A9C6F3 		.ascii	"2\251\306\363D\023\264\317\203\250D\023\275N\215\225"
 2256      4413B4CF 
 2256      83A84413 
 2256      BD4E8D95 
 2257 0cfe ED015949 		.ascii	"\355\001YIU\310z\025\262\312\027\242\204\312T1\233="
 2257      55C87A15 
 2257      B2CA17A2 
 2257      84CA5431 
 2257      9B3D
 2258 0d10 3035BAB4 		.ascii	"05\272\264\326\250\230\265\036\230\325Z\250g\232\342"
 2258      D6A898B5 
ARM GAS  C:\Users\nello\AppData\Local\Temp\ccPzAOus.s 			page 82


 2258      1E98D55A 
 2258      A8679AE2 
 2259 0d20 3C0F4C81 		.ascii	"<\017L\201\216']\345\331\355\201\331\251\361th<\007"
 2259      8E275DE5 
 2259      D9ED81D9 
 2259      A9F17468 
 2259      3C07
 2260 0d32 3C30625B 		.ascii	"<0b[a\005\\\"\012\270\211\302F\216p\317\207\016\255"
 2260      61055C22 
 2260      0AB889C2 
 2260      468E70CF 
 2260      870EAD
 2261 0d45 363D1ACB 		.ascii	"6=\032\313~\037\026EL\266*f\203o_\011\232~\215&\337"
 2261      7E1F1645 
 2261      4CB62A66 
 2261      836F5F09 
 2261      9A7E8D26 
 2262 0d5a 37298159 		.ascii	"7)\201Y\250\322\344z@\352\324MN\331{\013)\034d\324\210"
 2262      A8D2E47A 
 2262      40EAD44D 
 2262      4ED97B0B 
 2262      291C64D4 
 2263 0d6f C155EC14 		.ascii	"\301U\354\024\205\323\024\\\024\316Q(\246PB\341,\205"
 2263      85D3145C 
 2263      14CE5128 
 2263      A65042E1 
 2263      2C85
 2264 0d81 13140E51 		.ascii	"\023\024\016Q\270H\341$\205*\012\025\024J)\034\243P"
 2264      B848E124 
 2264      852A0A15 
 2264      144A291C 
 2264      A350
 2265 0d93 4EE10C85 		.ascii	"N\341\014\205\303\024\216S\370\221\302Q\012e\024\252"
 2265      C3148E53 
 2265      F891C251 
 2265      0A6514AA 
 2266 0da3 291CA170 		.ascii	")\034\241p\236\302\005\366\273<\223\322\253\311-\360"
 2266      9EC205F6 
 2266      BB3C93D2 
 2266      ABC92DF0 
 2267 0db3 1D354ADA 		.ascii	"\0355J\332kU\275k|\373R\301d\250\230]\276\375\244`v"
 2267      6B55BD6B 
 2267      7CFB52C1 
 2267      64A8985D 
 2267      BEFDA460 
 2268 0dc8 A898851E 		.ascii	"\250\230\205\036\230\014\035&W\305\024y`\322\265\022"
 2268      980C1D26 
 2268      57C51479 
 2268      60D2B512 
 2269 0dd8 A7A9903D 		.ascii	"\247\251\220=\2763X\241\331\240bVx`2\251\373\370\274"
 2269      BE3358A1 
 2269      D9A06256 
 2269      786032A9 
 2269      FBF8BC
 2270 0deb AAB2A12F 		.ascii	"\252\262\241/|\240w\255\331\327\234\377\237j\263\325"
 2270      7CA077AD 
 2270      D9D79CFF 
ARM GAS  C:\Users\nello\AppData\Local\Temp\ccPzAOus.s 			page 83


 2270      9F6AB3D5 
 2271 0dfb 75DE9D0B 		.ascii	"u\336\235\013T;8\\\322d]f\013bA\260X\332\302\021\332"
 2271      543B385C 
 2271      D2645D66 
 2271      0B6241B0 
 2271      58DAC211 
 2272 0e10 B8EB87C7 		.ascii	"\270\353\207\307\340o!\276\312\027\342\032\266\020\267"
 2272      E06F21BE 
 2272      CA17E21A 
 2272      B610B7
 2273 0e1f B5779678 		.ascii	"\265w\226x\374\234\341^^\256Q\216\343{\356\326\324\223"
 2273      FC9CE15E 
 2273      5EAE518E 
 2273      E37BEED6 
 2273      D493
 2274 0e31 A1FA3DD7 		.ascii	"\241\372=\327\033\243\034\005\316\330\305Q\240\226\357"
 2274      1BA31C05 
 2274      CED8C551 
 2274      A096EF
 2275 0e40 BA4DA0E2 		.ascii	"\272M\240\342\256\260]wE\010Ret\327\346\206k\352\333"
 2275      AEB05D77 
 2275      45085265 
 2275      74D7E686 
 2275      6BEADB
 2276 0e53 B5B3783D 		.ascii	"\265\263x=S\177XQ\377+\276.\247\261\355t\315\221o\356"
 2276      537F5851 
 2276      FF2BBE2E 
 2276      A7B1ED74 
 2276      CD916FEE 
 2277 0e67 FA3DCFDC 		.ascii	"\372=\317\334\340I\024\261\203\303\352\334\243GC\364"
 2277      E04914B1 
 2277      83C3EADC 
 2277      A34743F4 
 2278 0e77 493452B8 		.ascii	"I4R\270\316:\351&\3458~.j8\2704H\237\2047\206\037\034"
 2278      CE3AE926 
 2278      E5387E2E 
 2278      6A38B834 
 2278      489F8437 
 2279 0e8e FA9483C3 		.ascii	"\372\224\203\303-\236B\007\250\250\006\226\302\005\366"
 2279      2D9E4207 
 2279      A8A80696 
 2279      C205F6
 2280 0e9d 0BC6CA9C 		.ascii	"\013\306\312\234;'AK\341\241\356\353\004K\341\264\222"
 2280      3B27414B 
 2280      E1A1EEEB 
 2280      044BE1B4 
 2280      92
 2281 0eae C24B3C85 		.ascii	"\302K<\205,\226BQS\311i\277)\334\341)\\g\375\220\265"
 2281      2C964251 
 2281      53C969BF 
 2281      29DCE129 
 2281      5C67FD90 
 2282 0ec3 A1F880C7 		.ascii	"\241\370\200\307\331\247\205\302O,p+\3458\376\323b\353"
 2282      D9A785C2 
 2282      4F2C702B 
 2282      E538FED3 
 2282      62EB
ARM GAS  C:\Users\nello\AppData\Local\Temp\ccPzAOus.s 			page 84


 2283 0ed5 921CD0A7 		.ascii	"\222\034\320\247\340\215\341)\344}'Rh\343)t\201\212"
 2283      E08DE129 
 2283      E47D2752 
 2283      68E32974 
 2283      818A
 2284 0ee7 6A6629CC 		.ascii	"jf)\314\013\246\325\212\3027\271\302Nq\246y\003\371"
 2284      0BA6D58A 
 2284      C237B9C2 
 2284      4E71A679 
 2284      03F9
 2285 0ef9 2FB4977C 		.ascii	"/\264\227|\353\367\344r\237\353\354d:\033\353\266\266"
 2285      EBF7E472 
 2285      9FEBEC64 
 2285      3A1BEBB6 
 2285      B6
 2286 0f0a 87E97576 		.ascii	"\207\351uvPhg\354\017(\307\361R\327\327\234\362\320"
 2286      506867EC 
 2286      0F28C7F1 
 2286      52D7D79C 
 2286      F2D0
 2287 0f1c E98DE13A 		.ascii	"\351\215\341:\353\025\235\017\271\316G\240\242\3561"
 2287      EB159D0F 
 2287      B9CE47A0 
 2287      A2EE31
 2288 0f2b 9D97CCF4 		.ascii	"\235\227\314\364\272\242\363-\256\263\207U\362\350\356"
 2288      BAA2F32D 
 2288      AEB38755 
 2288      F2E8EE
 2289 0f3a B226BF95 		.ascii	"\262&\277\225\354\341\012\333\231\302\326\207K/\004"
 2289      ECE10ADB 
 2289      99C2D687 
 2289      4B2F04
 2290 0f49 EB153EA6 		.ascii	"\353\025>\246\360\210\361>\241\034\307\024no\\3Y/\320"
 2290      F088F13E 
 2290      A11CC714 
 2290      6E6F5C33 
 2290      592FD0
 2291 0f5c 1BC2052E 		.ascii	"\033\302\005.\312\025\002{\271\300\036PQ\335L\340\006"
 2291      CA15027B 
 2291      B9C01E50 
 2291      51DD4CE0 
 2291      06
 2292 0f6d 336D0D16 		.ascii	"3m\015\026\347\037\345\027\222\327\331\357\365w\267"
 2292      E71FE517 
 2292      92D7D9EF 
 2292      F577B7
 2293 0f7c 8CF4A7EF 		.ascii	"\214\364\247\3579\327\367\214\351+\337_\276\337\250"
 2293      39D7F78C 
 2293      E92BDF5F 
 2293      BEDFA8
 2294 0f8b D7D74FB1 		.ascii	"\327\327O\261\264\354\200n\3408\246o\365\265\235+\203"
 2294      B4EC806E 
 2294      E038A66F 
 2294      F5B59D2B 
 2294      83
 2295 0f9c F502BD31 		.ascii	"\365\002\2751"
 2296 0fa0 5C60A922 		.ascii	"\\`\251\"p\216\201\011\354\005\025\325\307\0046\005"
ARM GAS  C:\Users\nello\AppData\Local\Temp\ccPzAOus.s 			page 85


 2296      708E8109 
 2296      EC0515D5 
 2296      C7043605 
 2297 0fb0 D1EE6001 		.ascii	"\321\356`\001|\222\253/u\237V\352y\006vF\307\357\326"
 2297      7C92AB2F 
 2297      759F56EA 
 2297      79067646 
 2297      C7EFD6
 2298 0fc3 91EF4941 		.ascii	"\221\357IAq\311\211_\214\266\017O\224\314VG\262\323"
 2298      71C9895F 
 2298      8CB60F4F 
 2298      94CC5647 
 2298      B2D3
 2299 0fd5 FED5F0C4 		.ascii	"\376\325\360\304w\245 \353\314\330\257S&:\254\237\377"
 2299      77A520EB 
 2299      CCD8AF53 
 2299      263AAC9F 
 2299      FF
 2300 0fe6 66C48808 		.ascii	"f\304\210\010\374\263\316\214\237\036\357H\211\212\214"
 2300      FCB3CE8C 
 2300      9F1EEF48 
 2300      898A8C
 2301 0ff5 8C8C70A4 		.ascii	"\214\214p\244D\314\214K\210HI"
 2301      44CC8C4B 
 2301      884849
 2302 1000 B6B2AB65 		.ascii	"\266\262\253e\326\227\211#\254\246\217&O\033\034\035"
 2302      D6978923 
 2302      ACA68F26 
 2302      4F1B1C1D 
 2303 1010 395A1AA8 		.ascii	"9Z\032\250>\032\021\367\273\337\277\377~\224}\2724<"
 2303      3E1A11F7 
 2303      BBDFBFFF 
 2303      7E947DBA 
 2303      343C
 2304 1022 FA1F3E8D 		.ascii	"\372\037>\215f\004\261\316\331\266x\307\247_:\222?O"
 2304      6604B1CE 
 2304      D9B678C7 
 2304      A75F3A92 
 2304      3F4F
 2305 1034 991567B5 		.ascii	"\231\025g\265[f\247\330\223?\375\310\236\342\234\235"
 2305      5B66A7D8 
 2305      933FFDC8 
 2305      9EE29C9D 
 2306 1044 6C9FE898 		.ascii	"l\237\350\230\021o\375\342]i\230\337\210\311\316\210"
 2306      116FFDE2 
 2306      5D6998DF 
 2306      88C9CE88 
 2307 1054 F8246BC2 		.ascii	"\370$k\302l\233\035\337\244|\2352b\246\024\314ENKJ@"
 2307      6C9B1DDF 
 2307      A47C9D32 
 2307      62A614CC 
 2307      454E4B4A 
 2308 1069 99C18E94 		.ascii	"\231\301\216\224\270\004E\362\337\277P2\003!\323\360"
 2308      B80445F2 
 2308      DFBF5032 
 2308      0321D3F0 
 2309 1079 A478D146 		.ascii	"\244x\321F\222P\305Q\320\030Q\371\204\244x\347\320_"
ARM GAS  C:\Users\nello\AppData\Local\Temp\ccPzAOus.s 			page 86


 2309      9250C551 
 2309      D01851F9 
 2309      84A478E7 
 2309      D05F
 2310 108b 96B5148A 		.ascii	"\226\265\024\212\227\217\247\377\247\335\352d^AS\376"
 2310      978FA7FF 
 2310      A7DDEA64 
 2310      5E4153FE 
 2311 109b 38695C72 		.ascii	"8i\\r\374\027\366d\023>\217u\306%\363G\321\216\244\317"
 2311      FC17F664 
 2311      133E8F75 
 2311      C625F347 
 2311      D18EA4CF 
 2312 10af E2670424 		.ascii	"\342g\004$\246\314\2608\215\374\205cV8^\243g\306%\315"
 2312      A6CCB038 
 2312      8DFC8563 
 2312      56385EA3 
 2312      67C625CD 
 2313 10c3 B04FB127 		.ascii	"\260O\261'\307;l\314\301\232\344\2648\007`c|R\334\364"
 2313      C73B6CCC 
 2313      C19AE4B4 
 2313      38076063 
 2313      7C52DCF4 
 2314 10d7 043B7B9D 		.ascii	"\004;{\235dO\010aoD\323\342\374\025\336\214\213O\321"
 2314      644F0861 
 2314      6F44D3E2 
 2314      FC15DE8C 
 2314      8B4FD1
 2315 10ea BD7E43C5 		.ascii	"\275~C\305\013\242x\353d\2073\376\263xk\2343\336\221"
 2315      0BA278EB 
 2315      648733FE 
 2315      B3786B9C 
 2315      33DE91
 2316 10fd F4A686F7 		.ascii	"\364\246\206\367\367\372u\357`\372\227o\370\304\322"
 2316      F7FA75EF 
 2316      60FA976F 
 2316      F8C4D2
 2317 110c BF65B22C 		.ascii	"\277e\262,\011\0116K<&\376O/,\327,\034R)\021\261S'\215"
 2317      0909364B 
 2317      3C26FE4F 
 2317      2F2CD72C 
 2317      1C522911 
 2318 1124 8A8A9838 		.ascii	"\212\212\2308q\\\304\324\011\223\276\210t\027\220\371"
 2318      715CC4D4 
 2318      0993BE88 
 2318      741790F9 
 2319 1134 B32E7053 		.ascii	"\263.pS\245\260\212\205hw\216Y\277v\337\330\271J\213"
 2319      A5B08A85 
 2319      68778E59 
 2319      BF76DFD8 
 2319      B94A8B
 2320 1147 528857DC 		.ascii	"R\210W\334\217mB\237\373\371\020/\370,%gK\222N\371;"
 2320      8F6D429F 
 2320      FBF9102F 
 2320      F82C2567 
 2320      4B924EF9 
 2321 115c DECE7E51 		.ascii	"\336\316~Q\177\353?\262\007f\310\013dx\200L\263\343"
ARM GAS  C:\Users\nello\AppData\Local\Temp\ccPzAOus.s 			page 87


 2321      7FEB3FB2 
 2321      0766C80B 
 2321      6478804C 
 2321      B3E3
 2322 116e 939CA3A2 		.ascii	"\223\234\243\242,N\003\276M\016\265XR\354N\313\007c"
 2322      2C4E03BE 
 2322      4D0EB558 
 2322      52EC4ECB 
 2322      0763
 2323 1180 63C74F89 		.ascii	"c\307O\211\231\020\032\227\360e\334\327)X\303\204\370"
 2323      99101A97 
 2323      F065DCD7 
 2323      2958C384 
 2323      F8
 2324 1191 247BB4DF 		.ascii	"${\264\337*Z\035\211\211\216\244\010\373W\316\210\261"
 2324      2A5A1D89 
 2324      898EA408 
 2324      FB57CE88 
 2324      B1
 2325 11a2 319322A2 		.ascii	"1\223\"\242'\305N\210\215\210v$\333#&\270\347CbJ|\212"
 2325      27C54E88 
 2325      8D887624 
 2325      DB2326B8 
 2325      E743624A 
 2326 11b8 6586D58A 		.ascii	"e\206\325\212\265\014b\005\267\260\241<\372\347\330"
 2326      B50C6205 
 2326      B7B0A13C 
 2326      FAE7D8
 2327 11c7 44B720DF 		.ascii	"D\267 \337\027\243\207O\032>v\342T\304\341\354\267\263"
 2327      17A3874F 
 2327      1A3E76E2 
 2327      54C4E1EC 
 2327      B7B3
 2328 11d9 59C51966 		.ascii	"Y\305\031f\363\351`\266X>\233\235d\265XF\374\336\344"
 2328      F3E960B6 
 2328      583E9B9D 
 2328      64B55846 
 2328      FCDEE4
 2329 11ec 6E9A66C6 		.ascii	"n\232f\306\245X\246\333\234\311\001\226\017\034\216"
 2329      A558A6DB 
 2329      9CC90196 
 2329      0F1C8E
 2330 11fb 84002B03 		.ascii	"\204\000+\003\232\224\314S\214\242\\\266`>j\223\022"
 2330      9A94CC53 
 2330      8CA25CB6 
 2330      603E6A93 
 2330      12
 2331 120c 533EB738 		.ascii	"S>\2678\003E\201\003\255b\036`/;\355f|\317\033\026'"
 2331      03458103 
 2331      AD621E60 
 2331      2F3BED66 
 2331      7CCF1B16 
 2332 1221 75C62706 		.ascii	"u\306'\006\2478\023Y\215\342\023\261N\214\234Z\223\243"
 2332      A7381359 
 2332      8DE213B1 
 2332      4E8C9C5A 
 2332      93A3
ARM GAS  C:\Users\nello\AppData\Local\Temp\ccPzAOus.s 			page 88


 2333 1233 0C890E9B 		.ascii	"\014\211\016\233=\010\201\354jq\232\254q\011\011\323"
 2333      3D0881EC 
 2333      6A719AAC 
 2333      710909D3 
 2334 1243 E3AC9FB3 		.ascii	"\343\254\237\263\361\342n\343\204a3LD\027\023-\350\263"
 2334      F1E26EE3 
 2334      8461334C 
 2334      4417132D 
 2334      E8B3
 2335 1255 64FB9F66 		.ascii	"d\373\237f\333\223\254_\033l\361\366d-\207\367\265\346"
 2335      DB93AC5F 
 2335      1B6CF1F6 
 2335      642D87F7 
 2335      B5E6
 2336 1267 683A2E3A 		.ascii	"h:.:&(f|\354\370\230O\306\217\033I>\216\241c?\214B\213"
 2336      2628667C 
 2336      ECF8984F 
 2336      C68F1B49 
 2336      3E8EA163 
 2337 127f 0C983A21 		.ascii	"\014\230:!v\374D:>:\3060njLT@t\364\244\230Q\206\350"
 2337      76FC443A 
 2337      3E3AC630 
 2337      6E6A4C54 
 2337      4074F4A4 
 2338 1297 E87F8B31 		.ascii	"\350\177\2131|\200\017htt\014\215A\033\033\023C\247"
 2338      7C800F68 
 2338      74740C8D 
 2338      411B1B13 
 2338      43A7
 2339 12a9 C446D3E8 		.ascii	"\304F\323\350\311S\361\355\370\030\016\024\360H:\376"
 2339      C953F1ED 
 2339      F8180E14 
 2339      F0483AFE 
 2340 12b9 A318128B 		.ascii	"\243\030\022\213\004\023\306\307\030b'!::&\012-\322"
 2340      0413C6C7 
 2340      18622721 
 2340      3A3A260A 
 2340      2DD2
 2341 12cb 306ED2D8 		.ascii	"0n\322\330\230\177\374\013'\213Z\032\354\034-\203\367"
 2341      987FFC0B 
 2341      278B5A1A 
 2341      EC1C2D83 
 2341      F7
 2342 12dc B4E6EFB4 		.ascii	"\264\346\357\264\346\273Zs\224\326\214\322\232\221Z"
 2342      E6BB5A73 
 2342      94D68CD2 
 2342      9A915A
 2343 12eb 73E4FF01 		.ascii	"s\344\377\001\005\271\325\310"
 2343      05B9D5C8 
 2344              		.text
 2345              		.section	.gnu.lto_.symtab.71a49cf4,"e",%progbits
 2346 0000 70776D49 		.ascii	"pwmInit\000"
 2346      6E697400 
 2347 0008 00       		.ascii	"\000"
 2348 0009 00       		.ascii	"\000"
 2349 000a 00       		.ascii	"\000"
 2350 000b 00000000 		.ascii	"\000\000\000\000\000\000\000\000"
ARM GAS  C:\Users\nello\AppData\Local\Temp\ccPzAOus.s 			page 89


 2350      00000000 
 2351 0013 C4000000 		.ascii	"\304\000\000\000"
 2352 0017 70776D4F 		.ascii	"pwmObjectInit\000"
 2352      626A6563 
 2352      74496E69 
 2352      7400
 2353 0025 00       		.ascii	"\000"
 2354 0026 00       		.ascii	"\000"
 2355 0027 00       		.ascii	"\000"
 2356 0028 00000000 		.ascii	"\000\000\000\000\000\000\000\000"
 2356      00000000 
 2357 0030 CD000000 		.ascii	"\315\000\000\000"
 2358 0034 70776D53 		.ascii	"pwmStart\000"
 2358      74617274 
 2358      00
 2359 003d 00       		.ascii	"\000"
 2360 003e 00       		.ascii	"\000"
 2361 003f 00       		.ascii	"\000"
 2362 0040 00000000 		.ascii	"\000\000\000\000\000\000\000\000"
 2362      00000000 
 2363 0048 DA000000 		.ascii	"\332\000\000\000"
 2364 004c 70776D53 		.ascii	"pwmStop\000"
 2364      746F7000 
 2365 0054 00       		.ascii	"\000"
 2366 0055 00       		.ascii	"\000"
 2367 0056 00       		.ascii	"\000"
 2368 0057 00000000 		.ascii	"\000\000\000\000\000\000\000\000"
 2368      00000000 
 2369 005f DC000000 		.ascii	"\334\000\000\000"
 2370 0063 70776D43 		.ascii	"pwmChangePeriod\000"
 2370      68616E67 
 2370      65506572 
 2370      696F6400 
 2371 0073 00       		.ascii	"\000"
 2372 0074 00       		.ascii	"\000"
 2373 0075 00       		.ascii	"\000"
 2374 0076 00000000 		.ascii	"\000\000\000\000\000\000\000\000"
 2374      00000000 
 2375 007e E5000000 		.ascii	"\345\000\000\000"
 2376 0082 70776D45 		.ascii	"pwmEnableChannel\000"
 2376      6E61626C 
 2376      65436861 
 2376      6E6E656C 
 2376      00
 2377 0093 00       		.ascii	"\000"
 2378 0094 00       		.ascii	"\000"
 2379 0095 00       		.ascii	"\000"
 2380 0096 00000000 		.ascii	"\000\000\000\000\000\000\000\000"
 2380      00000000 
 2381 009e EF000000 		.ascii	"\357\000\000\000"
 2382 00a2 70776D44 		.ascii	"pwmDisableChannel\000"
 2382      69736162 
 2382      6C654368 
 2382      616E6E65 
 2382      6C00
 2383 00b4 00       		.ascii	"\000"
 2384 00b5 00       		.ascii	"\000"
ARM GAS  C:\Users\nello\AppData\Local\Temp\ccPzAOus.s 			page 90


 2385 00b6 00       		.ascii	"\000"
 2386 00b7 00000000 		.ascii	"\000\000\000\000\000\000\000\000"
 2386      00000000 
 2387 00bf F4000000 		.ascii	"\364\000\000\000"
 2388 00c3 70776D45 		.ascii	"pwmEnablePeriodicNotification\000"
 2388      6E61626C 
 2388      65506572 
 2388      696F6469 
 2388      634E6F74 
 2389 00e1 00       		.ascii	"\000"
 2390 00e2 00       		.ascii	"\000"
 2391 00e3 00       		.ascii	"\000"
 2392 00e4 00000000 		.ascii	"\000\000\000\000\000\000\000\000"
 2392      00000000 
 2393 00ec F6000000 		.ascii	"\366\000\000\000"
 2394 00f0 70776D44 		.ascii	"pwmDisablePeriodicNotification\000"
 2394      69736162 
 2394      6C655065 
 2394      72696F64 
 2394      69634E6F 
 2395 010f 00       		.ascii	"\000"
 2396 0110 00       		.ascii	"\000"
 2397 0111 00       		.ascii	"\000"
 2398 0112 00000000 		.ascii	"\000\000\000\000\000\000\000\000"
 2398      00000000 
 2399 011a F8000000 		.ascii	"\370\000\000\000"
 2400 011e 70776D45 		.ascii	"pwmEnableChannelNotification\000"
 2400      6E61626C 
 2400      65436861 
 2400      6E6E656C 
 2400      4E6F7469 
 2401 013b 00       		.ascii	"\000"
 2402 013c 00       		.ascii	"\000"
 2403 013d 00       		.ascii	"\000"
 2404 013e 00000000 		.ascii	"\000\000\000\000\000\000\000\000"
 2404      00000000 
 2405 0146 FA000000 		.ascii	"\372\000\000\000"
 2406 014a 70776D44 		.ascii	"pwmDisableChannelNotification\000"
 2406      69736162 
 2406      6C654368 
 2406      616E6E65 
 2406      6C4E6F74 
 2407 0168 00       		.ascii	"\000"
 2408 0169 00       		.ascii	"\000"
 2409 016a 00       		.ascii	"\000"
 2410 016b 00000000 		.ascii	"\000\000\000\000\000\000\000\000"
 2410      00000000 
 2411 0173 FC000000 		.ascii	"\374\000\000\000"
 2412 0177 70776D5F 		.ascii	"pwm_lld_init\000"
 2412      6C6C645F 
 2412      696E6974 
 2412      00
 2413 0184 00       		.ascii	"\000"
 2414 0185 02       		.ascii	"\002"
 2415 0186 00       		.ascii	"\000"
 2416 0187 00000000 		.ascii	"\000\000\000\000\000\000\000\000"
 2416      00000000 
ARM GAS  C:\Users\nello\AppData\Local\Temp\ccPzAOus.s 			page 91


 2417 018f FE000000 		.ascii	"\376\000\000\000"
 2418 0193 70776D5F 		.ascii	"pwm_lld_start\000"
 2418      6C6C645F 
 2418      73746172 
 2418      7400
 2419 01a1 00       		.ascii	"\000"
 2420 01a2 02       		.ascii	"\002"
 2421 01a3 00       		.ascii	"\000"
 2422 01a4 00000000 		.ascii	"\000\000\000\000\000\000\000\000"
 2422      00000000 
 2423 01ac 00010000 		.ascii	"\000\001\000\000"
 2424 01b0 70776D5F 		.ascii	"pwm_lld_stop\000"
 2424      6C6C645F 
 2424      73746F70 
 2424      00
 2425 01bd 00       		.ascii	"\000"
 2426 01be 02       		.ascii	"\002"
 2427 01bf 00       		.ascii	"\000"
 2428 01c0 00000000 		.ascii	"\000\000\000\000\000\000\000\000"
 2428      00000000 
 2429 01c8 02010000 		.ascii	"\002\001\000\000"
 2430 01cc 70776D5F 		.ascii	"pwm_lld_enable_channel\000"
 2430      6C6C645F 
 2430      656E6162 
 2430      6C655F63 
 2430      68616E6E 
 2431 01e3 00       		.ascii	"\000"
 2432 01e4 02       		.ascii	"\002"
 2433 01e5 00       		.ascii	"\000"
 2434 01e6 00000000 		.ascii	"\000\000\000\000\000\000\000\000"
 2434      00000000 
 2435 01ee 04010000 		.ascii	"\004\001\000\000"
 2436 01f2 70776D5F 		.ascii	"pwm_lld_disable_channel\000"
 2436      6C6C645F 
 2436      64697361 
 2436      626C655F 
 2436      6368616E 
 2437 020a 00       		.ascii	"\000"
 2438 020b 02       		.ascii	"\002"
 2439 020c 00       		.ascii	"\000"
 2440 020d 00000000 		.ascii	"\000\000\000\000\000\000\000\000"
 2440      00000000 
 2441 0215 06010000 		.ascii	"\006\001\000\000"
 2442 0219 70776D5F 		.ascii	"pwm_lld_enable_periodic_notification\000"
 2442      6C6C645F 
 2442      656E6162 
 2442      6C655F70 
 2442      6572696F 
 2443 023e 00       		.ascii	"\000"
 2444 023f 02       		.ascii	"\002"
 2445 0240 00       		.ascii	"\000"
 2446 0241 00000000 		.ascii	"\000\000\000\000\000\000\000\000"
 2446      00000000 
 2447 0249 08010000 		.ascii	"\010\001\000\000"
 2448 024d 70776D5F 		.ascii	"pwm_lld_disable_periodic_notification\000"
 2448      6C6C645F 
 2448      64697361 
ARM GAS  C:\Users\nello\AppData\Local\Temp\ccPzAOus.s 			page 92


 2448      626C655F 
 2448      70657269 
 2449 0273 00       		.ascii	"\000"
 2450 0274 02       		.ascii	"\002"
 2451 0275 00       		.ascii	"\000"
 2452 0276 00000000 		.ascii	"\000\000\000\000\000\000\000\000"
 2452      00000000 
 2453 027e 0A010000 		.ascii	"\012\001\000\000"
 2454 0282 70776D5F 		.ascii	"pwm_lld_enable_channel_notification\000"
 2454      6C6C645F 
 2454      656E6162 
 2454      6C655F63 
 2454      68616E6E 
 2455 02a6 00       		.ascii	"\000"
 2456 02a7 02       		.ascii	"\002"
 2457 02a8 00       		.ascii	"\000"
 2458 02a9 00000000 		.ascii	"\000\000\000\000\000\000\000\000"
 2458      00000000 
 2459 02b1 0C010000 		.ascii	"\014\001\000\000"
 2460 02b5 70776D5F 		.ascii	"pwm_lld_disable_channel_notification\000"
 2460      6C6C645F 
 2460      64697361 
 2460      626C655F 
 2460      6368616E 
 2461 02da 00       		.ascii	"\000"
 2462 02db 02       		.ascii	"\002"
 2463 02dc 00       		.ascii	"\000"
 2464 02dd 00000000 		.ascii	"\000\000\000\000\000\000\000\000"
 2464      00000000 
 2465 02e5 0E010000 		.ascii	"\016\001\000\000"
 2466              		.text
 2467              		.section	.gnu.lto_.ext_symtab.71a49cf4,"e",%progbits
 2468 0000 01       		.ascii	"\001"
 2469 0001 01       		.ascii	"\001"
 2470 0002 00       		.ascii	"\000"
 2471 0003 01       		.ascii	"\001"
 2472 0004 00       		.ascii	"\000"
 2473 0005 01       		.ascii	"\001"
 2474 0006 00       		.ascii	"\000"
 2475 0007 01       		.ascii	"\001"
 2476 0008 00       		.ascii	"\000"
 2477 0009 01       		.ascii	"\001"
 2478 000a 00       		.ascii	"\000"
 2479 000b 01       		.ascii	"\001"
 2480 000c 00       		.ascii	"\000"
 2481 000d 01       		.ascii	"\001"
 2482 000e 00       		.ascii	"\000"
 2483 000f 01       		.ascii	"\001"
 2484 0010 00       		.ascii	"\000"
 2485 0011 01       		.ascii	"\001"
 2486 0012 00       		.ascii	"\000"
 2487 0013 01       		.ascii	"\001"
 2488 0014 00       		.ascii	"\000"
 2489 0015 01       		.ascii	"\001"
 2490 0016 00       		.ascii	"\000"
 2491 0017 01       		.ascii	"\001"
 2492 0018 00       		.ascii	"\000"
ARM GAS  C:\Users\nello\AppData\Local\Temp\ccPzAOus.s 			page 93


 2493 0019 01       		.ascii	"\001"
 2494 001a 00       		.ascii	"\000"
 2495 001b 01       		.ascii	"\001"
 2496 001c 00       		.ascii	"\000"
 2497 001d 01       		.ascii	"\001"
 2498 001e 00       		.ascii	"\000"
 2499 001f 01       		.ascii	"\001"
 2500 0020 00       		.ascii	"\000"
 2501 0021 01       		.ascii	"\001"
 2502 0022 00       		.ascii	"\000"
 2503 0023 01       		.ascii	"\001"
 2504 0024 00       		.ascii	"\000"
 2505 0025 01       		.ascii	"\001"
 2506 0026 00       		.ascii	"\000"
 2507 0027 01       		.ascii	"\001"
 2508 0028 00       		.ascii	"\000"
 2509              		.text
 2510              		.section	.gnu.lto_.opts,"e",%progbits
 2511 0000 272D666E 		.ascii	"'-fno-openmp' '-fno-openacc' '-fno-pie' '-fcf-prote"
 2511      6F2D6F70 
 2511      656E6D70 
 2511      2720272D 
 2511      666E6F2D 
 2512 0033 6374696F 		.ascii	"ction=none' '-g' '-mcpu=cortex-m4' '-mthumb' '-mflo"
 2512      6E3D6E6F 
 2512      6E652720 
 2512      272D6727 
 2512      20272D6D 
 2513 0066 61742D61 		.ascii	"at-abi=soft' '-mlibarch=armv7e-m' '-march=armv7e-m'"
 2513      62693D73 
 2513      6F667427 
 2513      20272D6D 
 2513      6C696261 
 2514 0099 20272D4F 		.ascii	" '-O0' '-fomit-frame-pointer' '-falign-functions=16"
 2514      30272027 
 2514      2D666F6D 
 2514      69742D66 
 2514      72616D65 
 2515 00cc 2720272D 		.ascii	"' '-ffunction-sections' '-fdata-sections' '-fno-com"
 2515      6666756E 
 2515      6374696F 
 2515      6E2D7365 
 2515      6374696F 
 2516 00ff 6D6F6E27 		.ascii	"mon' '-flto' '-Xassembler' '-alms=./build/lst/hal_p"
 2516      20272D66 
 2516      6C746F27 
 2516      20272D58 
 2516      61737365 
 2517 0132 776D2E6C 		.ascii	"wm.lst'\000"
 2517      73742700 
 2518              		.text
 2519              		.comm	__gnu_lto_slim,1,1
 2520              		.ident	"GCC: (GNU Arm Embedded Toolchain 10.3-2021.10) 10.3.1 20210824 (release)"
ARM GAS  C:\Users\nello\AppData\Local\Temp\ccPzAOus.s 			page 94


DEFINED SYMBOLS
                            *ABS*:00000000 hal_pwm.c
C:\Users\nello\AppData\Local\Temp\ccPzAOus.s:29     .gnu.debuglto_.debug_info:00000000 hal_pwm.c.a59882eb
                            *COM*:00000001 __gnu_lto_slim

NO UNDEFINED SYMBOLS
