ARM GAS  C:\Users\nello\AppData\Local\Temp\ccuEenz7.s 			page 1


   1              		.cpu cortex-m4
   2              		.arch armv7e-m
   3              		.fpu softvfp
   4              		.eabi_attribute 20, 1
   5              		.eabi_attribute 21, 1
   6              		.eabi_attribute 23, 3
   7              		.eabi_attribute 24, 1
   8              		.eabi_attribute 25, 1
   9              		.eabi_attribute 26, 1
  10              		.eabi_attribute 30, 6
  11              		.eabi_attribute 34, 1
  12              		.eabi_attribute 18, 4
  13              		.file	"hal_pal_lld.c"
  14              		.file 1 "c:\\chibistudio\\tools\\gnu tools arm embedded\\10.3 2021.10\\arm-none-eabi\\include\\mac
  15              		.file 2 "c:\\chibistudio\\tools\\gnu tools arm embedded\\10.3 2021.10\\arm-none-eabi\\include\\sys
  16              		.file 3 "../../chibios2111/os/rt/include/chearly.h"
  17              		.file 4 "../../chibios2111/os/rt/include/chlists.h"
  18              		.file 5 "../../chibios2111/os/common/ext/ST/STM32G4xx/stm32g474xx.h"
  19              		.file 6 "../../chibios2111/os/rt/include/chobjects.h"
  20              		.file 7 "../../chibios2111/os/hal/include/hal_pal.h"
  21              		.file 8 "../../chibios2111/os/hal/ports/STM32/LLD/GPIOv2/stm32_gpio.h"
  22              		.file 9 "../../chibios2111/os/hal/ports/STM32/LLD/GPIOv2/hal_pal_lld.h"
  23              		.file 10 "../../chibios2111/os/hal/ports/STM32/LLD/GPIOv2/hal_pal_lld.c"
  24              		.file 11 "../../chibios2111/os/hal/osal/rt-nil/osal.h"
  25              		.file 12 "../../chibios2111/os/rt/include/chthreads.h"
  26              		.section	.gnu.debuglto_.debug_info,"e",%progbits
  27              	.Ldebug_info0:
  28              		.hidden	hal_pal_lld.c.2c7682a6
  29              		.weak	hal_pal_lld.c.2c7682a6
  30              	hal_pal_lld.c.2c7682a6:
  31 0000 9B060000 		.4byte	0x69b
  32 0004 0400     		.2byte	0x4
  33 0006 00000000 		.4byte	.Ldebug_abbrev0
  34 000a 04       		.byte	0x4
  35 000b 01       		.uleb128 0x1
  36 000c DC030000 		.4byte	.LASF89
  37 0010 0C       		.byte	0xc
  38 0011 65000000 		.4byte	.LASF90
  39 0015 00030000 		.4byte	.LASF91
  40 0019 00000000 		.4byte	.Ldebug_line0
  41 001d 02       		.uleb128 0x2
  42 001e 04       		.byte	0x4
  43 001f 05       		.byte	0x5
  44 0020 696E7400 		.ascii	"int\000"
  45 0024 03       		.uleb128 0x3
  46 0025 04       		.byte	0x4
  47 0026 07       		.byte	0x7
  48 0027 99030000 		.4byte	.LASF0
  49 002b 03       		.uleb128 0x3
  50 002c 08       		.byte	0x8
  51 002d 05       		.byte	0x5
  52 002e AE000000 		.4byte	.LASF1
  53 0032 03       		.uleb128 0x3
  54 0033 08       		.byte	0x8
  55 0034 04       		.byte	0x4
  56 0035 57010000 		.4byte	.LASF2
  57 0039 03       		.uleb128 0x3
ARM GAS  C:\Users\nello\AppData\Local\Temp\ccuEenz7.s 			page 2


  58 003a 01       		.byte	0x1
  59 003b 06       		.byte	0x6
  60 003c 06020000 		.4byte	.LASF3
  61 0040 03       		.uleb128 0x3
  62 0041 01       		.byte	0x1
  63 0042 08       		.byte	0x8
  64 0043 DA010000 		.4byte	.LASF4
  65 0047 03       		.uleb128 0x3
  66 0048 02       		.byte	0x2
  67 0049 05       		.byte	0x5
  68 004a 46000000 		.4byte	.LASF5
  69 004e 04       		.uleb128 0x4
  70 004f D5000000 		.4byte	.LASF7
  71 0053 01       		.byte	0x1
  72 0054 39       		.byte	0x39
  73 0055 19       		.byte	0x19
  74 0056 5A000000 		.4byte	0x5a
  75 005a 03       		.uleb128 0x3
  76 005b 02       		.byte	0x2
  77 005c 07       		.byte	0x7
  78 005d 59020000 		.4byte	.LASF6
  79 0061 04       		.uleb128 0x4
  80 0062 F7010000 		.4byte	.LASF8
  81 0066 01       		.byte	0x1
  82 0067 4D       		.byte	0x4d
  83 0068 18       		.byte	0x18
  84 0069 6D000000 		.4byte	0x6d
  85 006d 03       		.uleb128 0x3
  86 006e 04       		.byte	0x4
  87 006f 05       		.byte	0x5
  88 0070 93010000 		.4byte	.LASF9
  89 0074 04       		.uleb128 0x4
  90 0075 BC000000 		.4byte	.LASF10
  91 0079 01       		.byte	0x1
  92 007a 4F       		.byte	0x4f
  93 007b 19       		.byte	0x19
  94 007c 80000000 		.4byte	0x80
  95 0080 03       		.uleb128 0x3
  96 0081 04       		.byte	0x4
  97 0082 07       		.byte	0x7
  98 0083 E9020000 		.4byte	.LASF11
  99 0087 03       		.uleb128 0x3
 100 0088 08       		.byte	0x8
 101 0089 07       		.byte	0x7
 102 008a 19020000 		.4byte	.LASF12
 103 008e 04       		.uleb128 0x4
 104 008f 46020000 		.4byte	.LASF13
 105 0093 02       		.byte	0x2
 106 0094 24       		.byte	0x24
 107 0095 14       		.byte	0x14
 108 0096 4E000000 		.4byte	0x4e
 109 009a 04       		.uleb128 0x4
 110 009b 80020000 		.4byte	.LASF14
 111 009f 02       		.byte	0x2
 112 00a0 2C       		.byte	0x2c
 113 00a1 13       		.byte	0x13
 114 00a2 61000000 		.4byte	0x61
ARM GAS  C:\Users\nello\AppData\Local\Temp\ccuEenz7.s 			page 3


 115 00a6 04       		.uleb128 0x4
 116 00a7 30020000 		.4byte	.LASF15
 117 00ab 02       		.byte	0x2
 118 00ac 30       		.byte	0x30
 119 00ad 14       		.byte	0x14
 120 00ae 74000000 		.4byte	0x74
 121 00b2 05       		.uleb128 0x5
 122 00b3 A6000000 		.4byte	0xa6
 123 00b7 04       		.uleb128 0x4
 124 00b8 E8010000 		.4byte	.LASF16
 125 00bc 03       		.byte	0x3
 126 00bd 58       		.byte	0x58
 127 00be 19       		.byte	0x19
 128 00bf 9A000000 		.4byte	0x9a
 129 00c3 03       		.uleb128 0x3
 130 00c4 01       		.byte	0x1
 131 00c5 08       		.byte	0x8
 132 00c6 7B020000 		.4byte	.LASF17
 133 00ca 06       		.uleb128 0x6
 134 00cb C3000000 		.4byte	0xc3
 135 00cf 04       		.uleb128 0x4
 136 00d0 1A010000 		.4byte	.LASF18
 137 00d4 04       		.byte	0x4
 138 00d5 3F       		.byte	0x3f
 139 00d6 19       		.byte	0x19
 140 00d7 DB000000 		.4byte	0xdb
 141 00db 07       		.uleb128 0x7
 142 00dc 77030000 		.4byte	.LASF41
 143 00e0 08       		.byte	0x8
 144 00e1 04       		.byte	0x4
 145 00e2 45       		.byte	0x45
 146 00e3 08       		.byte	0x8
 147 00e4 03010000 		.4byte	0x103
 148 00e8 08       		.uleb128 0x8
 149 00e9 D7030000 		.4byte	.LASF19
 150 00ed 04       		.byte	0x4
 151 00ee 46       		.byte	0x46
 152 00ef 1A       		.byte	0x1a
 153 00f0 03010000 		.4byte	0x103
 154 00f4 00       		.byte	0
 155 00f5 08       		.uleb128 0x8
 156 00f6 01020000 		.4byte	.LASF20
 157 00fa 04       		.byte	0x4
 158 00fb 47       		.byte	0x47
 159 00fc 1A       		.byte	0x1a
 160 00fd 03010000 		.4byte	0x103
 161 0101 04       		.byte	0x4
 162 0102 00       		.byte	0
 163 0103 09       		.uleb128 0x9
 164 0104 04       		.byte	0x4
 165 0105 CF000000 		.4byte	0xcf
 166 0109 0A       		.uleb128 0xa
 167 010a 38       		.byte	0x38
 168 010b 05       		.byte	0x5
 169 010c B301     		.2byte	0x1b3
 170 010e 09       		.byte	0x9
 171 010f D8010000 		.4byte	0x1d8
ARM GAS  C:\Users\nello\AppData\Local\Temp\ccuEenz7.s 			page 4


 172 0113 0B       		.uleb128 0xb
 173 0114 FB020000 		.4byte	.LASF21
 174 0118 05       		.byte	0x5
 175 0119 B501     		.2byte	0x1b5
 176 011b 11       		.byte	0x11
 177 011c B2000000 		.4byte	0xb2
 178 0120 00       		.byte	0
 179 0121 0B       		.uleb128 0xb
 180 0122 C3020000 		.4byte	.LASF22
 181 0126 05       		.byte	0x5
 182 0127 B601     		.2byte	0x1b6
 183 0129 11       		.byte	0x11
 184 012a B2000000 		.4byte	0xb2
 185 012e 04       		.byte	0x4
 186 012f 0B       		.uleb128 0xb
 187 0130 26000000 		.4byte	.LASF23
 188 0134 05       		.byte	0x5
 189 0135 B701     		.2byte	0x1b7
 190 0137 11       		.byte	0x11
 191 0138 B2000000 		.4byte	0xb2
 192 013c 08       		.byte	0x8
 193 013d 0B       		.uleb128 0xb
 194 013e 6B030000 		.4byte	.LASF24
 195 0142 05       		.byte	0x5
 196 0143 B801     		.2byte	0x1b8
 197 0145 11       		.byte	0x11
 198 0146 B2000000 		.4byte	0xb2
 199 014a 0C       		.byte	0xc
 200 014b 0B       		.uleb128 0xb
 201 014c 34010000 		.4byte	.LASF25
 202 0150 05       		.byte	0x5
 203 0151 B901     		.2byte	0x1b9
 204 0153 11       		.byte	0x11
 205 0154 B2000000 		.4byte	0xb2
 206 0158 10       		.byte	0x10
 207 0159 0C       		.uleb128 0xc
 208 015a 50523100 		.ascii	"PR1\000"
 209 015e 05       		.byte	0x5
 210 015f BA01     		.2byte	0x1ba
 211 0161 11       		.byte	0x11
 212 0162 B2000000 		.4byte	0xb2
 213 0166 14       		.byte	0x14
 214 0167 0B       		.uleb128 0xb
 215 0168 CD020000 		.4byte	.LASF26
 216 016c 05       		.byte	0x5
 217 016d BB01     		.2byte	0x1bb
 218 016f 11       		.byte	0x11
 219 0170 A6000000 		.4byte	0xa6
 220 0174 18       		.byte	0x18
 221 0175 0B       		.uleb128 0xb
 222 0176 D7020000 		.4byte	.LASF27
 223 017a 05       		.byte	0x5
 224 017b BC01     		.2byte	0x1bc
 225 017d 11       		.byte	0x11
 226 017e A6000000 		.4byte	0xa6
 227 0182 1C       		.byte	0x1c
 228 0183 0B       		.uleb128 0xb
ARM GAS  C:\Users\nello\AppData\Local\Temp\ccuEenz7.s 			page 5


 229 0184 CA010000 		.4byte	.LASF28
 230 0188 05       		.byte	0x5
 231 0189 BD01     		.2byte	0x1bd
 232 018b 11       		.byte	0x11
 233 018c B2000000 		.4byte	0xb2
 234 0190 20       		.byte	0x20
 235 0191 0B       		.uleb128 0xb
 236 0192 C8020000 		.4byte	.LASF29
 237 0196 05       		.byte	0x5
 238 0197 BE01     		.2byte	0x1be
 239 0199 11       		.byte	0x11
 240 019a B2000000 		.4byte	0xb2
 241 019e 24       		.byte	0x24
 242 019f 0B       		.uleb128 0xb
 243 01a0 2C000000 		.4byte	.LASF30
 244 01a4 05       		.byte	0x5
 245 01a5 BF01     		.2byte	0x1bf
 246 01a7 11       		.byte	0x11
 247 01a8 B2000000 		.4byte	0xb2
 248 01ac 28       		.byte	0x28
 249 01ad 0B       		.uleb128 0xb
 250 01ae 71030000 		.4byte	.LASF31
 251 01b2 05       		.byte	0x5
 252 01b3 C001     		.2byte	0x1c0
 253 01b5 11       		.byte	0x11
 254 01b6 B2000000 		.4byte	0xb2
 255 01ba 2C       		.byte	0x2c
 256 01bb 0B       		.uleb128 0xb
 257 01bc 3B010000 		.4byte	.LASF32
 258 01c0 05       		.byte	0x5
 259 01c1 C101     		.2byte	0x1c1
 260 01c3 11       		.byte	0x11
 261 01c4 B2000000 		.4byte	0xb2
 262 01c8 30       		.byte	0x30
 263 01c9 0C       		.uleb128 0xc
 264 01ca 50523200 		.ascii	"PR2\000"
 265 01ce 05       		.byte	0x5
 266 01cf C201     		.2byte	0x1c2
 267 01d1 11       		.byte	0x11
 268 01d2 B2000000 		.4byte	0xb2
 269 01d6 34       		.byte	0x34
 270 01d7 00       		.byte	0
 271 01d8 0D       		.uleb128 0xd
 272 01d9 86010000 		.4byte	.LASF33
 273 01dd 05       		.byte	0x5
 274 01de C301     		.2byte	0x1c3
 275 01e0 03       		.byte	0x3
 276 01e1 09010000 		.4byte	0x109
 277 01e5 0A       		.uleb128 0xa
 278 01e6 28       		.byte	0x28
 279 01e7 05       		.byte	0x5
 280 01e8 4F03     		.2byte	0x34f
 281 01ea 09       		.byte	0x9
 282 01eb 52020000 		.4byte	0x252
 283 01ef 0B       		.uleb128 0xb
 284 01f0 71010000 		.4byte	.LASF34
 285 01f4 05       		.byte	0x5
ARM GAS  C:\Users\nello\AppData\Local\Temp\ccuEenz7.s 			page 6


 286 01f5 5103     		.2byte	0x351
 287 01f7 11       		.byte	0x11
 288 01f8 B2000000 		.4byte	0xb2
 289 01fc 00       		.byte	0
 290 01fd 0B       		.uleb128 0xb
 291 01fe E0000000 		.4byte	.LASF35
 292 0202 05       		.byte	0x5
 293 0203 5203     		.2byte	0x352
 294 0205 11       		.byte	0x11
 295 0206 B2000000 		.4byte	0xb2
 296 020a 04       		.byte	0x4
 297 020b 0B       		.uleb128 0xb
 298 020c 06010000 		.4byte	.LASF36
 299 0210 05       		.byte	0x5
 300 0211 5303     		.2byte	0x353
 301 0213 11       		.byte	0x11
 302 0214 62020000 		.4byte	0x262
 303 0218 08       		.byte	0x8
 304 0219 0B       		.uleb128 0xb
 305 021a 86030000 		.4byte	.LASF37
 306 021e 05       		.byte	0x5
 307 021f 5403     		.2byte	0x354
 308 0221 11       		.byte	0x11
 309 0222 B2000000 		.4byte	0xb2
 310 0226 18       		.byte	0x18
 311 0227 0B       		.uleb128 0xb
 312 0228 40020000 		.4byte	.LASF38
 313 022c 05       		.byte	0x5
 314 022d 5503     		.2byte	0x355
 315 022f 11       		.byte	0x11
 316 0230 B2000000 		.4byte	0xb2
 317 0234 1C       		.byte	0x1c
 318 0235 0B       		.uleb128 0xb
 319 0236 2D030000 		.4byte	.LASF39
 320 023a 05       		.byte	0x5
 321 023b 5603     		.2byte	0x356
 322 023d 11       		.byte	0x11
 323 023e B2000000 		.4byte	0xb2
 324 0242 20       		.byte	0x20
 325 0243 0C       		.uleb128 0xc
 326 0244 534B5200 		.ascii	"SKR\000"
 327 0248 05       		.byte	0x5
 328 0249 5703     		.2byte	0x357
 329 024b 11       		.byte	0x11
 330 024c B2000000 		.4byte	0xb2
 331 0250 24       		.byte	0x24
 332 0251 00       		.byte	0
 333 0252 0E       		.uleb128 0xe
 334 0253 B2000000 		.4byte	0xb2
 335 0257 62020000 		.4byte	0x262
 336 025b 0F       		.uleb128 0xf
 337 025c 24000000 		.4byte	0x24
 338 0260 03       		.byte	0x3
 339 0261 00       		.byte	0
 340 0262 05       		.uleb128 0x5
 341 0263 52020000 		.4byte	0x252
 342 0267 0D       		.uleb128 0xd
ARM GAS  C:\Users\nello\AppData\Local\Temp\ccuEenz7.s 			page 7


 343 0268 6C020000 		.4byte	.LASF40
 344 026c 05       		.byte	0x5
 345 026d 5803     		.2byte	0x358
 346 026f 03       		.byte	0x3
 347 0270 E5010000 		.4byte	0x1e5
 348 0274 10       		.uleb128 0x10
 349 0275 04       		.byte	0x4
 350 0276 07       		.uleb128 0x7
 351 0277 F5000000 		.4byte	.LASF42
 352 027b 08       		.byte	0x8
 353 027c 06       		.byte	0x6
 354 027d 8F       		.byte	0x8f
 355 027e 10       		.byte	0x10
 356 027f 91020000 		.4byte	0x291
 357 0283 08       		.uleb128 0x8
 358 0284 C4010000 		.4byte	.LASF43
 359 0288 06       		.byte	0x6
 360 0289 93       		.byte	0x93
 361 028a 21       		.byte	0x21
 362 028b CF000000 		.4byte	0xcf
 363 028f 00       		.byte	0
 364 0290 00       		.byte	0
 365 0291 04       		.uleb128 0x4
 366 0292 16000000 		.4byte	.LASF44
 367 0296 06       		.byte	0x6
 368 0297 94       		.byte	0x94
 369 0298 03       		.byte	0x3
 370 0299 76020000 		.4byte	0x276
 371 029d 09       		.uleb128 0x9
 372 029e 04       		.byte	0x4
 373 029f A3020000 		.4byte	0x2a3
 374 02a3 11       		.uleb128 0x11
 375 02a4 AE020000 		.4byte	0x2ae
 376 02a8 12       		.uleb128 0x12
 377 02a9 74020000 		.4byte	0x274
 378 02ad 00       		.byte	0
 379 02ae 03       		.uleb128 0x3
 380 02af 01       		.byte	0x1
 381 02b0 02       		.byte	0x2
 382 02b1 A3020000 		.4byte	.LASF45
 383 02b5 04       		.uleb128 0x4
 384 02b6 49010000 		.4byte	.LASF46
 385 02ba 07       		.byte	0x7
 386 02bb 94       		.byte	0x94
 387 02bc 10       		.byte	0x10
 388 02bd 9D020000 		.4byte	0x29d
 389 02c1 13       		.uleb128 0x13
 390 02c2 10       		.byte	0x10
 391 02c3 07       		.byte	0x7
 392 02c4 9A       		.byte	0x9a
 393 02c5 09       		.byte	0x9
 394 02c6 F1020000 		.4byte	0x2f1
 395 02ca 08       		.uleb128 0x8
 396 02cb 63010000 		.4byte	.LASF47
 397 02cf 07       		.byte	0x7
 398 02d0 9F       		.byte	0x9f
 399 02d1 19       		.byte	0x19
ARM GAS  C:\Users\nello\AppData\Local\Temp\ccuEenz7.s 			page 8


 400 02d2 91020000 		.4byte	0x291
 401 02d6 00       		.byte	0
 402 02d7 14       		.uleb128 0x14
 403 02d8 636200   		.ascii	"cb\000"
 404 02db 07       		.byte	0x7
 405 02dc A5       		.byte	0xa5
 406 02dd 19       		.byte	0x19
 407 02de B5020000 		.4byte	0x2b5
 408 02e2 08       		.byte	0x8
 409 02e3 14       		.uleb128 0x14
 410 02e4 61726700 		.ascii	"arg\000"
 411 02e8 07       		.byte	0x7
 412 02e9 A9       		.byte	0xa9
 413 02ea 1A       		.byte	0x1a
 414 02eb 74020000 		.4byte	0x274
 415 02ef 0C       		.byte	0xc
 416 02f0 00       		.byte	0
 417 02f1 04       		.uleb128 0x4
 418 02f2 A3000000 		.4byte	.LASF48
 419 02f6 07       		.byte	0x7
 420 02f7 AB       		.byte	0xab
 421 02f8 03       		.byte	0x3
 422 02f9 C1020000 		.4byte	0x2c1
 423 02fd 13       		.uleb128 0x13
 424 02fe 04       		.byte	0x4
 425 02ff 08       		.byte	0x8
 426 0300 5B       		.byte	0x5b
 427 0301 05       		.byte	0x5
 428 0302 21030000 		.4byte	0x321
 429 0306 14       		.uleb128 0x14
 430 0307 73657400 		.ascii	"set\000"
 431 030b 08       		.byte	0x8
 432 030c 5C       		.byte	0x5c
 433 030d 19       		.byte	0x19
 434 030e 8E000000 		.4byte	0x8e
 435 0312 00       		.byte	0
 436 0313 08       		.uleb128 0x8
 437 0314 A2010000 		.4byte	.LASF49
 438 0318 08       		.byte	0x8
 439 0319 5D       		.byte	0x5d
 440 031a 19       		.byte	0x19
 441 031b 8E000000 		.4byte	0x8e
 442 031f 02       		.byte	0x2
 443 0320 00       		.byte	0
 444 0321 15       		.uleb128 0x15
 445 0322 04       		.byte	0x4
 446 0323 08       		.byte	0x8
 447 0324 59       		.byte	0x59
 448 0325 0C       		.byte	0xc
 449 0326 3F030000 		.4byte	0x33f
 450 032a 16       		.uleb128 0x16
 451 032b 5700     		.ascii	"W\000"
 452 032d 08       		.byte	0x8
 453 032e 5A       		.byte	0x5a
 454 032f 19       		.byte	0x19
 455 0330 A6000000 		.4byte	0xa6
 456 0334 16       		.uleb128 0x16
ARM GAS  C:\Users\nello\AppData\Local\Temp\ccuEenz7.s 			page 9


 457 0335 4800     		.ascii	"H\000"
 458 0337 08       		.byte	0x8
 459 0338 5E       		.byte	0x5e
 460 0339 07       		.byte	0x7
 461 033a FD020000 		.4byte	0x2fd
 462 033e 00       		.byte	0
 463 033f 05       		.uleb128 0x5
 464 0340 21030000 		.4byte	0x321
 465 0344 13       		.uleb128 0x13
 466 0345 28       		.byte	0x28
 467 0346 08       		.byte	0x8
 468 0347 51       		.byte	0x51
 469 0348 09       		.byte	0x9
 470 0349 D0030000 		.4byte	0x3d0
 471 034d 08       		.uleb128 0x8
 472 034e 9C010000 		.4byte	.LASF50
 473 0352 08       		.byte	0x8
 474 0353 53       		.byte	0x53
 475 0354 19       		.byte	0x19
 476 0355 B2000000 		.4byte	0xb2
 477 0359 00       		.byte	0
 478 035a 08       		.uleb128 0x8
 479 035b 42010000 		.4byte	.LASF51
 480 035f 08       		.byte	0x8
 481 0360 54       		.byte	0x54
 482 0361 19       		.byte	0x19
 483 0362 B2000000 		.4byte	0xb2
 484 0366 04       		.byte	0x4
 485 0367 08       		.uleb128 0x8
 486 0368 E1020000 		.4byte	.LASF52
 487 036c 08       		.byte	0x8
 488 036d 55       		.byte	0x55
 489 036e 19       		.byte	0x19
 490 036f B2000000 		.4byte	0xb2
 491 0373 08       		.byte	0x8
 492 0374 08       		.uleb128 0x8
 493 0375 78010000 		.4byte	.LASF53
 494 0379 08       		.byte	0x8
 495 037a 56       		.byte	0x56
 496 037b 19       		.byte	0x19
 497 037c B2000000 		.4byte	0xb2
 498 0380 0C       		.byte	0xc
 499 0381 14       		.uleb128 0x14
 500 0382 49445200 		.ascii	"IDR\000"
 501 0386 08       		.byte	0x8
 502 0387 57       		.byte	0x57
 503 0388 19       		.byte	0x19
 504 0389 B2000000 		.4byte	0xb2
 505 038d 10       		.byte	0x10
 506 038e 14       		.uleb128 0x14
 507 038f 4F445200 		.ascii	"ODR\000"
 508 0393 08       		.byte	0x8
 509 0394 58       		.byte	0x58
 510 0395 19       		.byte	0x19
 511 0396 B2000000 		.4byte	0xb2
 512 039a 14       		.byte	0x14
 513 039b 08       		.uleb128 0x8
ARM GAS  C:\Users\nello\AppData\Local\Temp\ccuEenz7.s 			page 10


 514 039c A1040000 		.4byte	.LASF54
 515 03a0 08       		.byte	0x8
 516 03a1 5F       		.byte	0x5f
 517 03a2 05       		.byte	0x5
 518 03a3 3F030000 		.4byte	0x33f
 519 03a7 18       		.byte	0x18
 520 03a8 08       		.uleb128 0x8
 521 03a9 BE010000 		.4byte	.LASF55
 522 03ad 08       		.byte	0x8
 523 03ae 60       		.byte	0x60
 524 03af 19       		.byte	0x19
 525 03b0 B2000000 		.4byte	0xb2
 526 03b4 1C       		.byte	0x1c
 527 03b5 08       		.uleb128 0x8
 528 03b6 54020000 		.4byte	.LASF56
 529 03ba 08       		.byte	0x8
 530 03bb 61       		.byte	0x61
 531 03bc 19       		.byte	0x19
 532 03bd B2000000 		.4byte	0xb2
 533 03c1 20       		.byte	0x20
 534 03c2 08       		.uleb128 0x8
 535 03c3 4F020000 		.4byte	.LASF57
 536 03c7 08       		.byte	0x8
 537 03c8 62       		.byte	0x62
 538 03c9 19       		.byte	0x19
 539 03ca B2000000 		.4byte	0xb2
 540 03ce 24       		.byte	0x24
 541 03cf 00       		.byte	0
 542 03d0 04       		.uleb128 0x4
 543 03d1 50000000 		.4byte	.LASF58
 544 03d5 08       		.byte	0x8
 545 03d6 63       		.byte	0x63
 546 03d7 03       		.byte	0x3
 547 03d8 44030000 		.4byte	0x344
 548 03dc 04       		.uleb128 0x4
 549 03dd 0D010000 		.4byte	.LASF59
 550 03e1 09       		.byte	0x9
 551 03e2 C2       		.byte	0xc2
 552 03e3 12       		.byte	0x12
 553 03e4 A6000000 		.4byte	0xa6
 554 03e8 04       		.uleb128 0x4
 555 03e9 EC000000 		.4byte	.LASF60
 556 03ed 09       		.byte	0x9
 557 03ee C7       		.byte	0xc7
 558 03ef 12       		.byte	0x12
 559 03f0 A6000000 		.4byte	0xa6
 560 03f4 04       		.uleb128 0x4
 561 03f5 C7000000 		.4byte	.LASF61
 562 03f9 09       		.byte	0x9
 563 03fa D1       		.byte	0xd1
 564 03fb 12       		.byte	0x12
 565 03fc A6000000 		.4byte	0xa6
 566 0400 04       		.uleb128 0x4
 567 0401 CF010000 		.4byte	.LASF62
 568 0405 09       		.byte	0x9
 569 0406 D9       		.byte	0xd9
 570 0407 18       		.byte	0x18
ARM GAS  C:\Users\nello\AppData\Local\Temp\ccuEenz7.s 			page 11


 571 0408 0C040000 		.4byte	0x40c
 572 040c 09       		.uleb128 0x9
 573 040d 04       		.byte	0x4
 574 040e D0030000 		.4byte	0x3d0
 575 0412 04       		.uleb128 0x4
 576 0413 94020000 		.4byte	.LASF63
 577 0417 09       		.byte	0x9
 578 0418 DE       		.byte	0xde
 579 0419 12       		.byte	0x12
 580 041a A6000000 		.4byte	0xa6
 581 041e 0E       		.uleb128 0xe
 582 041f F1020000 		.4byte	0x2f1
 583 0423 2E040000 		.4byte	0x42e
 584 0427 0F       		.uleb128 0xf
 585 0428 24000000 		.4byte	0x24
 586 042c 0F       		.byte	0xf
 587 042d 00       		.byte	0
 588 042e 17       		.uleb128 0x17
 589 042f 88020000 		.4byte	.LASF92
 590 0433 09       		.byte	0x9
 591 0434 EB01     		.2byte	0x1eb
 592 0436 13       		.byte	0x13
 593 0437 1E040000 		.4byte	0x41e
 594 043b 18       		.uleb128 0x18
 595 043c 2E040000 		.4byte	0x42e
 596 0440 0A       		.byte	0xa
 597 0441 29       		.byte	0x29
 598 0442 0C       		.byte	0xc
 599 0443 19       		.uleb128 0x19
 600 0444 BE030000 		.4byte	.LASF72
 601 0448 0A       		.byte	0xa
 602 0449 D3       		.byte	0xd3
 603 044a 06       		.byte	0x6
 604 044b C7040000 		.4byte	0x4c7
 605 044f 1A       		.uleb128 0x1a
 606 0450 BE020000 		.4byte	.LASF64
 607 0454 0A       		.byte	0xa
 608 0455 D3       		.byte	0xd3
 609 0456 2A       		.byte	0x2a
 610 0457 00040000 		.4byte	0x400
 611 045b 1B       		.uleb128 0x1b
 612 045c 70616400 		.ascii	"pad\000"
 613 0460 0A       		.byte	0xa
 614 0461 D3       		.byte	0xd3
 615 0462 3A       		.byte	0x3a
 616 0463 12040000 		.4byte	0x412
 617 0467 1C       		.uleb128 0x1c
 618 0468 2C010000 		.4byte	.LASF65
 619 046c 0A       		.byte	0xa
 620 046d D4       		.byte	0xd4
 621 046e 0C       		.byte	0xc
 622 046f A6000000 		.4byte	0xa6
 623 0473 1C       		.uleb128 0x1c
 624 0474 45030000 		.4byte	.LASF66
 625 0478 0A       		.byte	0xa
 626 0479 D4       		.byte	0xd4
 627 047a 15       		.byte	0x15
ARM GAS  C:\Users\nello\AppData\Local\Temp\ccuEenz7.s 			page 12


 628 047b A6000000 		.4byte	0xa6
 629 047f 1C       		.uleb128 0x1c
 630 0480 E6000000 		.4byte	.LASF67
 631 0484 0A       		.byte	0xa
 632 0485 D4       		.byte	0xd4
 633 0486 1C       		.byte	0x1c
 634 0487 A6000000 		.4byte	0xa6
 635 048b 1D       		.uleb128 0x1d
 636 048c EE010000 		.4byte	.LASF76
 637 0490 D7040000 		.4byte	0x4d7
 638 0494 1E       		.uleb128 0x1e
 639 0495 1C       		.uleb128 0x1c
 640 0496 6B010000 		.4byte	.LASF68
 641 049a 0A       		.byte	0xa
 642 049b DE       		.byte	0xde
 643 049c 0E       		.byte	0xe
 644 049d A6000000 		.4byte	0xa6
 645 04a1 1C       		.uleb128 0x1c
 646 04a2 40000000 		.4byte	.LASF69
 647 04a6 0A       		.byte	0xa
 648 04a7 DE       		.byte	0xde
 649 04a8 15       		.byte	0x15
 650 04a9 A6000000 		.4byte	0xa6
 651 04ad 1C       		.uleb128 0x1c
 652 04ae 12020000 		.4byte	.LASF70
 653 04b2 0A       		.byte	0xa
 654 04b3 DE       		.byte	0xde
 655 04b4 1C       		.byte	0x1c
 656 04b5 A6000000 		.4byte	0xa6
 657 04b9 1C       		.uleb128 0x1c
 658 04ba 5D000000 		.4byte	.LASF71
 659 04be 0A       		.byte	0xa
 660 04bf DE       		.byte	0xde
 661 04c0 24       		.byte	0x24
 662 04c1 A6000000 		.4byte	0xa6
 663 04c5 00       		.byte	0
 664 04c6 00       		.byte	0
 665 04c7 0E       		.uleb128 0xe
 666 04c8 CA000000 		.4byte	0xca
 667 04cc D7040000 		.4byte	0x4d7
 668 04d0 0F       		.uleb128 0xf
 669 04d1 24000000 		.4byte	0x24
 670 04d5 18       		.byte	0x18
 671 04d6 00       		.byte	0
 672 04d7 06       		.uleb128 0x6
 673 04d8 C7040000 		.4byte	0x4c7
 674 04dc 19       		.uleb128 0x19
 675 04dd A6030000 		.4byte	.LASF73
 676 04e1 0A       		.byte	0xa
 677 04e2 97       		.byte	0x97
 678 04e3 06       		.byte	0x6
 679 04e4 52050000 		.4byte	0x552
 680 04e8 1A       		.uleb128 0x1a
 681 04e9 BE020000 		.4byte	.LASF64
 682 04ed 0A       		.byte	0xa
 683 04ee 97       		.byte	0x97
 684 04ef 29       		.byte	0x29
ARM GAS  C:\Users\nello\AppData\Local\Temp\ccuEenz7.s 			page 13


 685 04f0 00040000 		.4byte	0x400
 686 04f4 1B       		.uleb128 0x1b
 687 04f5 70616400 		.ascii	"pad\000"
 688 04f9 0A       		.byte	0xa
 689 04fa 98       		.byte	0x98
 690 04fb 28       		.byte	0x28
 691 04fc 12040000 		.4byte	0x412
 692 0500 1A       		.uleb128 0x1a
 693 0501 9E020000 		.4byte	.LASF74
 694 0505 0A       		.byte	0xa
 695 0506 99       		.byte	0x99
 696 0507 2C       		.byte	0x2c
 697 0508 F4030000 		.4byte	0x3f4
 698 050c 1C       		.uleb128 0x1c
 699 050d 2C010000 		.4byte	.LASF65
 700 0511 0A       		.byte	0xa
 701 0512 9B       		.byte	0x9b
 702 0513 0C       		.byte	0xc
 703 0514 A6000000 		.4byte	0xa6
 704 0518 1C       		.uleb128 0x1c
 705 0519 6B010000 		.4byte	.LASF68
 706 051d 0A       		.byte	0xa
 707 051e 9B       		.byte	0x9b
 708 051f 15       		.byte	0x15
 709 0520 A6000000 		.4byte	0xa6
 710 0524 1C       		.uleb128 0x1c
 711 0525 40000000 		.4byte	.LASF69
 712 0529 0A       		.byte	0xa
 713 052a 9B       		.byte	0x9b
 714 052b 1C       		.byte	0x1c
 715 052c A6000000 		.4byte	0xa6
 716 0530 1C       		.uleb128 0x1c
 717 0531 25010000 		.4byte	.LASF75
 718 0535 0A       		.byte	0xa
 719 0536 9B       		.byte	0x9b
 720 0537 23       		.byte	0x23
 721 0538 A6000000 		.4byte	0xa6
 722 053c 1C       		.uleb128 0x1c
 723 053d 5D000000 		.4byte	.LASF71
 724 0541 0A       		.byte	0xa
 725 0542 9B       		.byte	0x9b
 726 0543 2B       		.byte	0x2b
 727 0544 A6000000 		.4byte	0xa6
 728 0548 1D       		.uleb128 0x1d
 729 0549 EE010000 		.4byte	.LASF76
 730 054d 62050000 		.4byte	0x562
 731 0551 00       		.byte	0
 732 0552 0E       		.uleb128 0xe
 733 0553 CA000000 		.4byte	0xca
 734 0557 62050000 		.4byte	0x562
 735 055b 0F       		.uleb128 0xf
 736 055c 24000000 		.4byte	0x24
 737 0560 17       		.byte	0x17
 738 0561 00       		.byte	0
 739 0562 06       		.uleb128 0x6
 740 0563 52050000 		.4byte	0x552
 741 0567 19       		.uleb128 0x19
ARM GAS  C:\Users\nello\AppData\Local\Temp\ccuEenz7.s 			page 14


 742 0568 00000000 		.4byte	.LASF77
 743 056c 0A       		.byte	0xa
 744 056d 59       		.byte	0x59
 745 056e 06       		.byte	0x6
 746 056f 0F060000 		.4byte	0x60f
 747 0573 1A       		.uleb128 0x1a
 748 0574 BE020000 		.4byte	.LASF64
 749 0578 0A       		.byte	0xa
 750 0579 59       		.byte	0x59
 751 057a 27       		.byte	0x27
 752 057b 00040000 		.4byte	0x400
 753 057f 1A       		.uleb128 0x1a
 754 0580 40030000 		.4byte	.LASF78
 755 0584 0A       		.byte	0xa
 756 0585 5A       		.byte	0x5a
 757 0586 29       		.byte	0x29
 758 0587 DC030000 		.4byte	0x3dc
 759 058b 1A       		.uleb128 0x1a
 760 058c 9E020000 		.4byte	.LASF74
 761 0590 0A       		.byte	0xa
 762 0591 5B       		.byte	0x5b
 763 0592 25       		.byte	0x25
 764 0593 E8030000 		.4byte	0x3e8
 765 0597 1C       		.uleb128 0x1c
 766 0598 80030000 		.4byte	.LASF79
 767 059c 0A       		.byte	0xa
 768 059d 5D       		.byte	0x5d
 769 059e 0C       		.byte	0xc
 770 059f A6000000 		.4byte	0xa6
 771 05a3 1C       		.uleb128 0x1c
 772 05a4 39020000 		.4byte	.LASF80
 773 05a8 0A       		.byte	0xa
 774 05a9 5E       		.byte	0x5e
 775 05aa 0C       		.byte	0xc
 776 05ab A6000000 		.4byte	0xa6
 777 05af 1C       		.uleb128 0x1c
 778 05b0 7E010000 		.4byte	.LASF81
 779 05b4 0A       		.byte	0xa
 780 05b5 5F       		.byte	0x5f
 781 05b6 0C       		.byte	0xc
 782 05b7 A6000000 		.4byte	0xa6
 783 05bb 1C       		.uleb128 0x1c
 784 05bc 4B030000 		.4byte	.LASF82
 785 05c0 0A       		.byte	0xa
 786 05c1 60       		.byte	0x60
 787 05c2 0C       		.byte	0xc
 788 05c3 A6000000 		.4byte	0xa6
 789 05c7 1C       		.uleb128 0x1c
 790 05c8 8B030000 		.4byte	.LASF83
 791 05cc 0A       		.byte	0xa
 792 05cd 61       		.byte	0x61
 793 05ce 0C       		.byte	0xc
 794 05cf A6000000 		.4byte	0xa6
 795 05d3 1F       		.uleb128 0x1f
 796 05d4 62697400 		.ascii	"bit\000"
 797 05d8 0A       		.byte	0xa
 798 05d9 62       		.byte	0x62
ARM GAS  C:\Users\nello\AppData\Local\Temp\ccuEenz7.s 			page 15


 799 05da 0C       		.byte	0xc
 800 05db A6000000 		.4byte	0xa6
 801 05df 1E       		.uleb128 0x1e
 802 05e0 1C       		.uleb128 0x1c
 803 05e1 90030000 		.4byte	.LASF84
 804 05e5 0A       		.byte	0xa
 805 05e6 65       		.byte	0x65
 806 05e7 10       		.byte	0x10
 807 05e8 A6000000 		.4byte	0xa6
 808 05ec 1F       		.uleb128 0x1f
 809 05ed 6D3100   		.ascii	"m1\000"
 810 05f0 0A       		.byte	0xa
 811 05f1 65       		.byte	0x65
 812 05f2 1A       		.byte	0x1a
 813 05f3 A6000000 		.4byte	0xa6
 814 05f7 1F       		.uleb128 0x1f
 815 05f8 6D3200   		.ascii	"m2\000"
 816 05fb 0A       		.byte	0xa
 817 05fc 65       		.byte	0x65
 818 05fd 1E       		.byte	0x1e
 819 05fe A6000000 		.4byte	0xa6
 820 0602 1F       		.uleb128 0x1f
 821 0603 6D3400   		.ascii	"m4\000"
 822 0606 0A       		.byte	0xa
 823 0607 65       		.byte	0x65
 824 0608 22       		.byte	0x22
 825 0609 A6000000 		.4byte	0xa6
 826 060d 00       		.byte	0
 827 060e 00       		.byte	0
 828 060f 19       		.uleb128 0x19
 829 0610 32000000 		.4byte	.LASF85
 830 0614 0A       		.byte	0xa
 831 0615 41       		.byte	0x41
 832 0616 06       		.byte	0x6
 833 0617 26060000 		.4byte	0x626
 834 061b 1F       		.uleb128 0x1f
 835 061c 6900     		.ascii	"i\000"
 836 061e 0A       		.byte	0xa
 837 061f 44       		.byte	0x44
 838 0620 0C       		.byte	0xc
 839 0621 24000000 		.4byte	0x24
 840 0625 00       		.byte	0
 841 0626 20       		.uleb128 0x20
 842 0627 A8010000 		.4byte	.LASF86
 843 062b 0B       		.byte	0xb
 844 062c 9703     		.2byte	0x397
 845 062e 14       		.byte	0x14
 846 062f 4E060000 		.4byte	0x64e
 847 0633 21       		.uleb128 0x21
 848 0634 74717000 		.ascii	"tqp\000"
 849 0638 0B       		.byte	0xb
 850 0639 9703     		.2byte	0x397
 851 063b 3B       		.byte	0x3b
 852 063c 4E060000 		.4byte	0x64e
 853 0640 21       		.uleb128 0x21
 854 0641 6D736700 		.ascii	"msg\000"
 855 0645 0B       		.byte	0xb
ARM GAS  C:\Users\nello\AppData\Local\Temp\ccuEenz7.s 			page 16


 856 0646 9703     		.2byte	0x397
 857 0648 46       		.byte	0x46
 858 0649 B7000000 		.4byte	0xb7
 859 064d 00       		.byte	0
 860 064e 09       		.uleb128 0x9
 861 064f 04       		.byte	0x4
 862 0650 91020000 		.4byte	0x291
 863 0654 20       		.uleb128 0x20
 864 0655 51030000 		.4byte	.LASF87
 865 0659 0B       		.byte	0xb
 866 065a 6003     		.2byte	0x360
 867 065c 14       		.byte	0x14
 868 065d 6F060000 		.4byte	0x66f
 869 0661 21       		.uleb128 0x21
 870 0662 74717000 		.ascii	"tqp\000"
 871 0666 0B       		.byte	0xb
 872 0667 6003     		.2byte	0x360
 873 0669 3F       		.byte	0x3f
 874 066a 4E060000 		.4byte	0x64e
 875 066e 00       		.byte	0
 876 066f 20       		.uleb128 0x20
 877 0670 A9020000 		.4byte	.LASF88
 878 0674 0C       		.byte	0xc
 879 0675 CD01     		.2byte	0x1cd
 880 0677 14       		.byte	0x14
 881 0678 8A060000 		.4byte	0x68a
 882 067c 21       		.uleb128 0x21
 883 067d 74717000 		.ascii	"tqp\000"
 884 0681 0C       		.byte	0xc
 885 0682 CD01     		.2byte	0x1cd
 886 0684 3A       		.byte	0x3a
 887 0685 4E060000 		.4byte	0x64e
 888 0689 00       		.byte	0
 889 068a 22       		.uleb128 0x22
 890 068b 32030000 		.4byte	.LASF93
 891 068f 04       		.byte	0x4
 892 0690 DE       		.byte	0xde
 893 0691 14       		.byte	0x14
 894 0692 1B       		.uleb128 0x1b
 895 0693 717000   		.ascii	"qp\000"
 896 0696 04       		.byte	0x4
 897 0697 DE       		.byte	0xde
 898 0698 2E       		.byte	0x2e
 899 0699 03010000 		.4byte	0x103
 900 069d 00       		.byte	0
 901 069e 00       		.byte	0
 902              		.section	.gnu.debuglto_.debug_abbrev,"e",%progbits
 903              	.Ldebug_abbrev0:
 904 0000 01       		.uleb128 0x1
 905 0001 11       		.uleb128 0x11
 906 0002 01       		.byte	0x1
 907 0003 25       		.uleb128 0x25
 908 0004 0E       		.uleb128 0xe
 909 0005 13       		.uleb128 0x13
 910 0006 0B       		.uleb128 0xb
 911 0007 03       		.uleb128 0x3
 912 0008 0E       		.uleb128 0xe
ARM GAS  C:\Users\nello\AppData\Local\Temp\ccuEenz7.s 			page 17


 913 0009 1B       		.uleb128 0x1b
 914 000a 0E       		.uleb128 0xe
 915 000b 10       		.uleb128 0x10
 916 000c 17       		.uleb128 0x17
 917 000d 00       		.byte	0
 918 000e 00       		.byte	0
 919 000f 02       		.uleb128 0x2
 920 0010 24       		.uleb128 0x24
 921 0011 00       		.byte	0
 922 0012 0B       		.uleb128 0xb
 923 0013 0B       		.uleb128 0xb
 924 0014 3E       		.uleb128 0x3e
 925 0015 0B       		.uleb128 0xb
 926 0016 03       		.uleb128 0x3
 927 0017 08       		.uleb128 0x8
 928 0018 00       		.byte	0
 929 0019 00       		.byte	0
 930 001a 03       		.uleb128 0x3
 931 001b 24       		.uleb128 0x24
 932 001c 00       		.byte	0
 933 001d 0B       		.uleb128 0xb
 934 001e 0B       		.uleb128 0xb
 935 001f 3E       		.uleb128 0x3e
 936 0020 0B       		.uleb128 0xb
 937 0021 03       		.uleb128 0x3
 938 0022 0E       		.uleb128 0xe
 939 0023 00       		.byte	0
 940 0024 00       		.byte	0
 941 0025 04       		.uleb128 0x4
 942 0026 16       		.uleb128 0x16
 943 0027 00       		.byte	0
 944 0028 03       		.uleb128 0x3
 945 0029 0E       		.uleb128 0xe
 946 002a 3A       		.uleb128 0x3a
 947 002b 0B       		.uleb128 0xb
 948 002c 3B       		.uleb128 0x3b
 949 002d 0B       		.uleb128 0xb
 950 002e 39       		.uleb128 0x39
 951 002f 0B       		.uleb128 0xb
 952 0030 49       		.uleb128 0x49
 953 0031 13       		.uleb128 0x13
 954 0032 00       		.byte	0
 955 0033 00       		.byte	0
 956 0034 05       		.uleb128 0x5
 957 0035 35       		.uleb128 0x35
 958 0036 00       		.byte	0
 959 0037 49       		.uleb128 0x49
 960 0038 13       		.uleb128 0x13
 961 0039 00       		.byte	0
 962 003a 00       		.byte	0
 963 003b 06       		.uleb128 0x6
 964 003c 26       		.uleb128 0x26
 965 003d 00       		.byte	0
 966 003e 49       		.uleb128 0x49
 967 003f 13       		.uleb128 0x13
 968 0040 00       		.byte	0
 969 0041 00       		.byte	0
ARM GAS  C:\Users\nello\AppData\Local\Temp\ccuEenz7.s 			page 18


 970 0042 07       		.uleb128 0x7
 971 0043 13       		.uleb128 0x13
 972 0044 01       		.byte	0x1
 973 0045 03       		.uleb128 0x3
 974 0046 0E       		.uleb128 0xe
 975 0047 0B       		.uleb128 0xb
 976 0048 0B       		.uleb128 0xb
 977 0049 3A       		.uleb128 0x3a
 978 004a 0B       		.uleb128 0xb
 979 004b 3B       		.uleb128 0x3b
 980 004c 0B       		.uleb128 0xb
 981 004d 39       		.uleb128 0x39
 982 004e 0B       		.uleb128 0xb
 983 004f 01       		.uleb128 0x1
 984 0050 13       		.uleb128 0x13
 985 0051 00       		.byte	0
 986 0052 00       		.byte	0
 987 0053 08       		.uleb128 0x8
 988 0054 0D       		.uleb128 0xd
 989 0055 00       		.byte	0
 990 0056 03       		.uleb128 0x3
 991 0057 0E       		.uleb128 0xe
 992 0058 3A       		.uleb128 0x3a
 993 0059 0B       		.uleb128 0xb
 994 005a 3B       		.uleb128 0x3b
 995 005b 0B       		.uleb128 0xb
 996 005c 39       		.uleb128 0x39
 997 005d 0B       		.uleb128 0xb
 998 005e 49       		.uleb128 0x49
 999 005f 13       		.uleb128 0x13
 1000 0060 38       		.uleb128 0x38
 1001 0061 0B       		.uleb128 0xb
 1002 0062 00       		.byte	0
 1003 0063 00       		.byte	0
 1004 0064 09       		.uleb128 0x9
 1005 0065 0F       		.uleb128 0xf
 1006 0066 00       		.byte	0
 1007 0067 0B       		.uleb128 0xb
 1008 0068 0B       		.uleb128 0xb
 1009 0069 49       		.uleb128 0x49
 1010 006a 13       		.uleb128 0x13
 1011 006b 00       		.byte	0
 1012 006c 00       		.byte	0
 1013 006d 0A       		.uleb128 0xa
 1014 006e 13       		.uleb128 0x13
 1015 006f 01       		.byte	0x1
 1016 0070 0B       		.uleb128 0xb
 1017 0071 0B       		.uleb128 0xb
 1018 0072 3A       		.uleb128 0x3a
 1019 0073 0B       		.uleb128 0xb
 1020 0074 3B       		.uleb128 0x3b
 1021 0075 05       		.uleb128 0x5
 1022 0076 39       		.uleb128 0x39
 1023 0077 0B       		.uleb128 0xb
 1024 0078 01       		.uleb128 0x1
 1025 0079 13       		.uleb128 0x13
 1026 007a 00       		.byte	0
ARM GAS  C:\Users\nello\AppData\Local\Temp\ccuEenz7.s 			page 19


 1027 007b 00       		.byte	0
 1028 007c 0B       		.uleb128 0xb
 1029 007d 0D       		.uleb128 0xd
 1030 007e 00       		.byte	0
 1031 007f 03       		.uleb128 0x3
 1032 0080 0E       		.uleb128 0xe
 1033 0081 3A       		.uleb128 0x3a
 1034 0082 0B       		.uleb128 0xb
 1035 0083 3B       		.uleb128 0x3b
 1036 0084 05       		.uleb128 0x5
 1037 0085 39       		.uleb128 0x39
 1038 0086 0B       		.uleb128 0xb
 1039 0087 49       		.uleb128 0x49
 1040 0088 13       		.uleb128 0x13
 1041 0089 38       		.uleb128 0x38
 1042 008a 0B       		.uleb128 0xb
 1043 008b 00       		.byte	0
 1044 008c 00       		.byte	0
 1045 008d 0C       		.uleb128 0xc
 1046 008e 0D       		.uleb128 0xd
 1047 008f 00       		.byte	0
 1048 0090 03       		.uleb128 0x3
 1049 0091 08       		.uleb128 0x8
 1050 0092 3A       		.uleb128 0x3a
 1051 0093 0B       		.uleb128 0xb
 1052 0094 3B       		.uleb128 0x3b
 1053 0095 05       		.uleb128 0x5
 1054 0096 39       		.uleb128 0x39
 1055 0097 0B       		.uleb128 0xb
 1056 0098 49       		.uleb128 0x49
 1057 0099 13       		.uleb128 0x13
 1058 009a 38       		.uleb128 0x38
 1059 009b 0B       		.uleb128 0xb
 1060 009c 00       		.byte	0
 1061 009d 00       		.byte	0
 1062 009e 0D       		.uleb128 0xd
 1063 009f 16       		.uleb128 0x16
 1064 00a0 00       		.byte	0
 1065 00a1 03       		.uleb128 0x3
 1066 00a2 0E       		.uleb128 0xe
 1067 00a3 3A       		.uleb128 0x3a
 1068 00a4 0B       		.uleb128 0xb
 1069 00a5 3B       		.uleb128 0x3b
 1070 00a6 05       		.uleb128 0x5
 1071 00a7 39       		.uleb128 0x39
 1072 00a8 0B       		.uleb128 0xb
 1073 00a9 49       		.uleb128 0x49
 1074 00aa 13       		.uleb128 0x13
 1075 00ab 00       		.byte	0
 1076 00ac 00       		.byte	0
 1077 00ad 0E       		.uleb128 0xe
 1078 00ae 01       		.uleb128 0x1
 1079 00af 01       		.byte	0x1
 1080 00b0 49       		.uleb128 0x49
 1081 00b1 13       		.uleb128 0x13
 1082 00b2 01       		.uleb128 0x1
 1083 00b3 13       		.uleb128 0x13
ARM GAS  C:\Users\nello\AppData\Local\Temp\ccuEenz7.s 			page 20


 1084 00b4 00       		.byte	0
 1085 00b5 00       		.byte	0
 1086 00b6 0F       		.uleb128 0xf
 1087 00b7 21       		.uleb128 0x21
 1088 00b8 00       		.byte	0
 1089 00b9 49       		.uleb128 0x49
 1090 00ba 13       		.uleb128 0x13
 1091 00bb 2F       		.uleb128 0x2f
 1092 00bc 0B       		.uleb128 0xb
 1093 00bd 00       		.byte	0
 1094 00be 00       		.byte	0
 1095 00bf 10       		.uleb128 0x10
 1096 00c0 0F       		.uleb128 0xf
 1097 00c1 00       		.byte	0
 1098 00c2 0B       		.uleb128 0xb
 1099 00c3 0B       		.uleb128 0xb
 1100 00c4 00       		.byte	0
 1101 00c5 00       		.byte	0
 1102 00c6 11       		.uleb128 0x11
 1103 00c7 15       		.uleb128 0x15
 1104 00c8 01       		.byte	0x1
 1105 00c9 27       		.uleb128 0x27
 1106 00ca 19       		.uleb128 0x19
 1107 00cb 01       		.uleb128 0x1
 1108 00cc 13       		.uleb128 0x13
 1109 00cd 00       		.byte	0
 1110 00ce 00       		.byte	0
 1111 00cf 12       		.uleb128 0x12
 1112 00d0 05       		.uleb128 0x5
 1113 00d1 00       		.byte	0
 1114 00d2 49       		.uleb128 0x49
 1115 00d3 13       		.uleb128 0x13
 1116 00d4 00       		.byte	0
 1117 00d5 00       		.byte	0
 1118 00d6 13       		.uleb128 0x13
 1119 00d7 13       		.uleb128 0x13
 1120 00d8 01       		.byte	0x1
 1121 00d9 0B       		.uleb128 0xb
 1122 00da 0B       		.uleb128 0xb
 1123 00db 3A       		.uleb128 0x3a
 1124 00dc 0B       		.uleb128 0xb
 1125 00dd 3B       		.uleb128 0x3b
 1126 00de 0B       		.uleb128 0xb
 1127 00df 39       		.uleb128 0x39
 1128 00e0 0B       		.uleb128 0xb
 1129 00e1 01       		.uleb128 0x1
 1130 00e2 13       		.uleb128 0x13
 1131 00e3 00       		.byte	0
 1132 00e4 00       		.byte	0
 1133 00e5 14       		.uleb128 0x14
 1134 00e6 0D       		.uleb128 0xd
 1135 00e7 00       		.byte	0
 1136 00e8 03       		.uleb128 0x3
 1137 00e9 08       		.uleb128 0x8
 1138 00ea 3A       		.uleb128 0x3a
 1139 00eb 0B       		.uleb128 0xb
 1140 00ec 3B       		.uleb128 0x3b
ARM GAS  C:\Users\nello\AppData\Local\Temp\ccuEenz7.s 			page 21


 1141 00ed 0B       		.uleb128 0xb
 1142 00ee 39       		.uleb128 0x39
 1143 00ef 0B       		.uleb128 0xb
 1144 00f0 49       		.uleb128 0x49
 1145 00f1 13       		.uleb128 0x13
 1146 00f2 38       		.uleb128 0x38
 1147 00f3 0B       		.uleb128 0xb
 1148 00f4 00       		.byte	0
 1149 00f5 00       		.byte	0
 1150 00f6 15       		.uleb128 0x15
 1151 00f7 17       		.uleb128 0x17
 1152 00f8 01       		.byte	0x1
 1153 00f9 0B       		.uleb128 0xb
 1154 00fa 0B       		.uleb128 0xb
 1155 00fb 3A       		.uleb128 0x3a
 1156 00fc 0B       		.uleb128 0xb
 1157 00fd 3B       		.uleb128 0x3b
 1158 00fe 0B       		.uleb128 0xb
 1159 00ff 39       		.uleb128 0x39
 1160 0100 0B       		.uleb128 0xb
 1161 0101 01       		.uleb128 0x1
 1162 0102 13       		.uleb128 0x13
 1163 0103 00       		.byte	0
 1164 0104 00       		.byte	0
 1165 0105 16       		.uleb128 0x16
 1166 0106 0D       		.uleb128 0xd
 1167 0107 00       		.byte	0
 1168 0108 03       		.uleb128 0x3
 1169 0109 08       		.uleb128 0x8
 1170 010a 3A       		.uleb128 0x3a
 1171 010b 0B       		.uleb128 0xb
 1172 010c 3B       		.uleb128 0x3b
 1173 010d 0B       		.uleb128 0xb
 1174 010e 39       		.uleb128 0x39
 1175 010f 0B       		.uleb128 0xb
 1176 0110 49       		.uleb128 0x49
 1177 0111 13       		.uleb128 0x13
 1178 0112 00       		.byte	0
 1179 0113 00       		.byte	0
 1180 0114 17       		.uleb128 0x17
 1181 0115 34       		.uleb128 0x34
 1182 0116 00       		.byte	0
 1183 0117 03       		.uleb128 0x3
 1184 0118 0E       		.uleb128 0xe
 1185 0119 3A       		.uleb128 0x3a
 1186 011a 0B       		.uleb128 0xb
 1187 011b 3B       		.uleb128 0x3b
 1188 011c 05       		.uleb128 0x5
 1189 011d 39       		.uleb128 0x39
 1190 011e 0B       		.uleb128 0xb
 1191 011f 49       		.uleb128 0x49
 1192 0120 13       		.uleb128 0x13
 1193 0121 3F       		.uleb128 0x3f
 1194 0122 19       		.uleb128 0x19
 1195 0123 3C       		.uleb128 0x3c
 1196 0124 19       		.uleb128 0x19
 1197 0125 00       		.byte	0
ARM GAS  C:\Users\nello\AppData\Local\Temp\ccuEenz7.s 			page 22


 1198 0126 00       		.byte	0
 1199 0127 18       		.uleb128 0x18
 1200 0128 34       		.uleb128 0x34
 1201 0129 00       		.byte	0
 1202 012a 47       		.uleb128 0x47
 1203 012b 13       		.uleb128 0x13
 1204 012c 3A       		.uleb128 0x3a
 1205 012d 0B       		.uleb128 0xb
 1206 012e 3B       		.uleb128 0x3b
 1207 012f 0B       		.uleb128 0xb
 1208 0130 39       		.uleb128 0x39
 1209 0131 0B       		.uleb128 0xb
 1210 0132 00       		.byte	0
 1211 0133 00       		.byte	0
 1212 0134 19       		.uleb128 0x19
 1213 0135 2E       		.uleb128 0x2e
 1214 0136 01       		.byte	0x1
 1215 0137 3F       		.uleb128 0x3f
 1216 0138 19       		.uleb128 0x19
 1217 0139 03       		.uleb128 0x3
 1218 013a 0E       		.uleb128 0xe
 1219 013b 3A       		.uleb128 0x3a
 1220 013c 0B       		.uleb128 0xb
 1221 013d 3B       		.uleb128 0x3b
 1222 013e 0B       		.uleb128 0xb
 1223 013f 39       		.uleb128 0x39
 1224 0140 0B       		.uleb128 0xb
 1225 0141 27       		.uleb128 0x27
 1226 0142 19       		.uleb128 0x19
 1227 0143 01       		.uleb128 0x1
 1228 0144 13       		.uleb128 0x13
 1229 0145 00       		.byte	0
 1230 0146 00       		.byte	0
 1231 0147 1A       		.uleb128 0x1a
 1232 0148 05       		.uleb128 0x5
 1233 0149 00       		.byte	0
 1234 014a 03       		.uleb128 0x3
 1235 014b 0E       		.uleb128 0xe
 1236 014c 3A       		.uleb128 0x3a
 1237 014d 0B       		.uleb128 0xb
 1238 014e 3B       		.uleb128 0x3b
 1239 014f 0B       		.uleb128 0xb
 1240 0150 39       		.uleb128 0x39
 1241 0151 0B       		.uleb128 0xb
 1242 0152 49       		.uleb128 0x49
 1243 0153 13       		.uleb128 0x13
 1244 0154 00       		.byte	0
 1245 0155 00       		.byte	0
 1246 0156 1B       		.uleb128 0x1b
 1247 0157 05       		.uleb128 0x5
 1248 0158 00       		.byte	0
 1249 0159 03       		.uleb128 0x3
 1250 015a 08       		.uleb128 0x8
 1251 015b 3A       		.uleb128 0x3a
 1252 015c 0B       		.uleb128 0xb
 1253 015d 3B       		.uleb128 0x3b
 1254 015e 0B       		.uleb128 0xb
ARM GAS  C:\Users\nello\AppData\Local\Temp\ccuEenz7.s 			page 23


 1255 015f 39       		.uleb128 0x39
 1256 0160 0B       		.uleb128 0xb
 1257 0161 49       		.uleb128 0x49
 1258 0162 13       		.uleb128 0x13
 1259 0163 00       		.byte	0
 1260 0164 00       		.byte	0
 1261 0165 1C       		.uleb128 0x1c
 1262 0166 34       		.uleb128 0x34
 1263 0167 00       		.byte	0
 1264 0168 03       		.uleb128 0x3
 1265 0169 0E       		.uleb128 0xe
 1266 016a 3A       		.uleb128 0x3a
 1267 016b 0B       		.uleb128 0xb
 1268 016c 3B       		.uleb128 0x3b
 1269 016d 0B       		.uleb128 0xb
 1270 016e 39       		.uleb128 0x39
 1271 016f 0B       		.uleb128 0xb
 1272 0170 49       		.uleb128 0x49
 1273 0171 13       		.uleb128 0x13
 1274 0172 00       		.byte	0
 1275 0173 00       		.byte	0
 1276 0174 1D       		.uleb128 0x1d
 1277 0175 34       		.uleb128 0x34
 1278 0176 00       		.byte	0
 1279 0177 03       		.uleb128 0x3
 1280 0178 0E       		.uleb128 0xe
 1281 0179 49       		.uleb128 0x49
 1282 017a 13       		.uleb128 0x13
 1283 017b 34       		.uleb128 0x34
 1284 017c 19       		.uleb128 0x19
 1285 017d 00       		.byte	0
 1286 017e 00       		.byte	0
 1287 017f 1E       		.uleb128 0x1e
 1288 0180 0B       		.uleb128 0xb
 1289 0181 01       		.byte	0x1
 1290 0182 00       		.byte	0
 1291 0183 00       		.byte	0
 1292 0184 1F       		.uleb128 0x1f
 1293 0185 34       		.uleb128 0x34
 1294 0186 00       		.byte	0
 1295 0187 03       		.uleb128 0x3
 1296 0188 08       		.uleb128 0x8
 1297 0189 3A       		.uleb128 0x3a
 1298 018a 0B       		.uleb128 0xb
 1299 018b 3B       		.uleb128 0x3b
 1300 018c 0B       		.uleb128 0xb
 1301 018d 39       		.uleb128 0x39
 1302 018e 0B       		.uleb128 0xb
 1303 018f 49       		.uleb128 0x49
 1304 0190 13       		.uleb128 0x13
 1305 0191 00       		.byte	0
 1306 0192 00       		.byte	0
 1307 0193 20       		.uleb128 0x20
 1308 0194 2E       		.uleb128 0x2e
 1309 0195 01       		.byte	0x1
 1310 0196 03       		.uleb128 0x3
 1311 0197 0E       		.uleb128 0xe
ARM GAS  C:\Users\nello\AppData\Local\Temp\ccuEenz7.s 			page 24


 1312 0198 3A       		.uleb128 0x3a
 1313 0199 0B       		.uleb128 0xb
 1314 019a 3B       		.uleb128 0x3b
 1315 019b 05       		.uleb128 0x5
 1316 019c 39       		.uleb128 0x39
 1317 019d 0B       		.uleb128 0xb
 1318 019e 27       		.uleb128 0x27
 1319 019f 19       		.uleb128 0x19
 1320 01a0 01       		.uleb128 0x1
 1321 01a1 13       		.uleb128 0x13
 1322 01a2 00       		.byte	0
 1323 01a3 00       		.byte	0
 1324 01a4 21       		.uleb128 0x21
 1325 01a5 05       		.uleb128 0x5
 1326 01a6 00       		.byte	0
 1327 01a7 03       		.uleb128 0x3
 1328 01a8 08       		.uleb128 0x8
 1329 01a9 3A       		.uleb128 0x3a
 1330 01aa 0B       		.uleb128 0xb
 1331 01ab 3B       		.uleb128 0x3b
 1332 01ac 05       		.uleb128 0x5
 1333 01ad 39       		.uleb128 0x39
 1334 01ae 0B       		.uleb128 0xb
 1335 01af 49       		.uleb128 0x49
 1336 01b0 13       		.uleb128 0x13
 1337 01b1 00       		.byte	0
 1338 01b2 00       		.byte	0
 1339 01b3 22       		.uleb128 0x22
 1340 01b4 2E       		.uleb128 0x2e
 1341 01b5 01       		.byte	0x1
 1342 01b6 03       		.uleb128 0x3
 1343 01b7 0E       		.uleb128 0xe
 1344 01b8 3A       		.uleb128 0x3a
 1345 01b9 0B       		.uleb128 0xb
 1346 01ba 3B       		.uleb128 0x3b
 1347 01bb 0B       		.uleb128 0xb
 1348 01bc 39       		.uleb128 0x39
 1349 01bd 0B       		.uleb128 0xb
 1350 01be 27       		.uleb128 0x27
 1351 01bf 19       		.uleb128 0x19
 1352 01c0 00       		.byte	0
 1353 01c1 00       		.byte	0
 1354 01c2 00       		.byte	0
 1355              		.section	.gnu.debuglto_.debug_line,"e",%progbits
 1356              	.Ldebug_line0:
 1357 0000 3A020000 		.4byte	.LELT0-.LSLT0
 1358              	.LSLT0:
 1359 0004 0400     		.2byte	0x4
 1360 0006 34020000 		.4byte	.LELTP0-.LASLTP0
 1361              	.LASLTP0:
 1362 000a 01       		.byte	0x1
 1363 000b 01       		.byte	0x1
 1364 000c 01       		.byte	0x1
 1365 000d F6       		.byte	0xf6
 1366 000e F2       		.byte	0xf2
 1367 000f 0D       		.byte	0xd
 1368 0010 00       		.byte	0
ARM GAS  C:\Users\nello\AppData\Local\Temp\ccuEenz7.s 			page 25


 1369 0011 01       		.byte	0x1
 1370 0012 01       		.byte	0x1
 1371 0013 01       		.byte	0x1
 1372 0014 01       		.byte	0x1
 1373 0015 00       		.byte	0
 1374 0016 00       		.byte	0
 1375 0017 00       		.byte	0
 1376 0018 01       		.byte	0x1
 1377 0019 00       		.byte	0
 1378 001a 00       		.byte	0
 1379 001b 01       		.byte	0x1
 1380 001c 2E2E2F2E 		.ascii	"../../chibios2111/os/common/ext/ST/STM32G4xx"
 1380      2E2F6368 
 1380      6962696F 
 1380      73323131 
 1380      312F6F73 
 1381 0048 00       		.byte	0
 1382 0049 2E2E2F2E 		.ascii	"../../chibios2111/os/hal/include"
 1382      2E2F6368 
 1382      6962696F 
 1382      73323131 
 1382      312F6F73 
 1383 0069 00       		.byte	0
 1384 006a 2E2E2F2E 		.ascii	"../../chibios2111/os/hal/osal/rt-nil"
 1384      2E2F6368 
 1384      6962696F 
 1384      73323131 
 1384      312F6F73 
 1385 008e 00       		.byte	0
 1386 008f 2E2E2F2E 		.ascii	"../../chibios2111/os/hal/ports/STM32/LLD/GPIOv2"
 1386      2E2F6368 
 1386      6962696F 
 1386      73323131 
 1386      312F6F73 
 1387 00be 00       		.byte	0
 1388 00bf 2E2E2F2E 		.ascii	"../../chibios2111/os/rt/include"
 1388      2E2F6368 
 1388      6962696F 
 1388      73323131 
 1388      312F6F73 
 1389 00de 00       		.byte	0
 1390 00df 633A5C63 		.ascii	"c:\\chibistudio\\tools\\gnu tools arm embedded\\10."
 1390      68696269 
 1390      73747564 
 1390      696F5C74 
 1390      6F6F6C73 
 1391 010e 33203230 		.ascii	"3 2021.10\\arm-none-eabi\\include\\machine"
 1391      32312E31 
 1391      305C6172 
 1391      6D2D6E6F 
 1391      6E652D65 
 1392 0135 00       		.byte	0
 1393 0136 633A5C63 		.ascii	"c:\\chibistudio\\tools\\gnu tools arm embedded\\10."
 1393      68696269 
 1393      73747564 
 1393      696F5C74 
 1393      6F6F6C73 
ARM GAS  C:\Users\nello\AppData\Local\Temp\ccuEenz7.s 			page 26


 1394 0165 33203230 		.ascii	"3 2021.10\\arm-none-eabi\\include\\sys"
 1394      32312E31 
 1394      305C6172 
 1394      6D2D6E6F 
 1394      6E652D65 
 1395 0188 00       		.byte	0
 1396 0189 00       		.byte	0
 1397 018a 5F646566 		.ascii	"_default_types.h\000"
 1397      61756C74 
 1397      5F747970 
 1397      65732E68 
 1397      00
 1398 019b 06       		.uleb128 0x6
 1399 019c 00       		.uleb128 0
 1400 019d 00       		.uleb128 0
 1401 019e 5F737464 		.ascii	"_stdint.h\000"
 1401      696E742E 
 1401      6800
 1402 01a8 07       		.uleb128 0x7
 1403 01a9 00       		.uleb128 0
 1404 01aa 00       		.uleb128 0
 1405 01ab 63686561 		.ascii	"chearly.h\000"
 1405      726C792E 
 1405      6800
 1406 01b5 05       		.uleb128 0x5
 1407 01b6 00       		.uleb128 0
 1408 01b7 00       		.uleb128 0
 1409 01b8 63686C69 		.ascii	"chlists.h\000"
 1409      7374732E 
 1409      6800
 1410 01c2 05       		.uleb128 0x5
 1411 01c3 00       		.uleb128 0
 1412 01c4 00       		.uleb128 0
 1413 01c5 73746D33 		.ascii	"stm32g474xx.h\000"
 1413      32673437 
 1413      3478782E 
 1413      6800
 1414 01d3 01       		.uleb128 0x1
 1415 01d4 00       		.uleb128 0
 1416 01d5 00       		.uleb128 0
 1417 01d6 63686F62 		.ascii	"chobjects.h\000"
 1417      6A656374 
 1417      732E6800 
 1418 01e2 05       		.uleb128 0x5
 1419 01e3 00       		.uleb128 0
 1420 01e4 00       		.uleb128 0
 1421 01e5 68616C5F 		.ascii	"hal_pal.h\000"
 1421      70616C2E 
 1421      6800
 1422 01ef 02       		.uleb128 0x2
 1423 01f0 00       		.uleb128 0
 1424 01f1 00       		.uleb128 0
 1425 01f2 73746D33 		.ascii	"stm32_gpio.h\000"
 1425      325F6770 
 1425      696F2E68 
 1425      00
 1426 01ff 04       		.uleb128 0x4
ARM GAS  C:\Users\nello\AppData\Local\Temp\ccuEenz7.s 			page 27


 1427 0200 00       		.uleb128 0
 1428 0201 00       		.uleb128 0
 1429 0202 68616C5F 		.ascii	"hal_pal_lld.h\000"
 1429      70616C5F 
 1429      6C6C642E 
 1429      6800
 1430 0210 04       		.uleb128 0x4
 1431 0211 00       		.uleb128 0
 1432 0212 00       		.uleb128 0
 1433 0213 68616C5F 		.ascii	"hal_pal_lld.c\000"
 1433      70616C5F 
 1433      6C6C642E 
 1433      6300
 1434 0221 04       		.uleb128 0x4
 1435 0222 00       		.uleb128 0
 1436 0223 00       		.uleb128 0
 1437 0224 6F73616C 		.ascii	"osal.h\000"
 1437      2E6800
 1438 022b 03       		.uleb128 0x3
 1439 022c 00       		.uleb128 0
 1440 022d 00       		.uleb128 0
 1441 022e 63687468 		.ascii	"chthreads.h\000"
 1441      72656164 
 1441      732E6800 
 1442 023a 05       		.uleb128 0x5
 1443 023b 00       		.uleb128 0
 1444 023c 00       		.uleb128 0
 1445 023d 00       		.byte	0
 1446              	.LELTP0:
 1447              	.LELT0:
 1448              		.section	.gnu.debuglto_.debug_str,"eMS",%progbits,1
 1449              	.LASF77:
 1450 0000 5F70616C 		.ascii	"_pal_lld_setgroupmode\000"
 1450      5F6C6C64 
 1450      5F736574 
 1450      67726F75 
 1450      706D6F64 
 1451              	.LASF44:
 1452 0016 74687265 		.ascii	"threads_queue_t\000"
 1452      6164735F 
 1452      71756575 
 1452      655F7400 
 1453              	.LASF23:
 1454 0026 52545352 		.ascii	"RTSR1\000"
 1454      3100
 1455              	.LASF30:
 1456 002c 52545352 		.ascii	"RTSR2\000"
 1456      3200
 1457              	.LASF85:
 1458 0032 5F70616C 		.ascii	"_pal_lld_init\000"
 1458      5F6C6C64 
 1458      5F696E69 
 1458      7400
 1459              	.LASF69:
 1460 0040 63726F66 		.ascii	"croff\000"
 1460      6600
 1461              	.LASF5:
ARM GAS  C:\Users\nello\AppData\Local\Temp\ccuEenz7.s 			page 28


 1462 0046 73686F72 		.ascii	"short int\000"
 1462      7420696E 
 1462      7400
 1463              	.LASF58:
 1464 0050 73746D33 		.ascii	"stm32_gpio_t\000"
 1464      325F6770 
 1464      696F5F74 
 1464      00
 1465              	.LASF71:
 1466 005d 706F7274 		.ascii	"portidx\000"
 1466      69647800 
 1467              	.LASF90:
 1468 0065 2E2E2F2E 		.ascii	"../../chibios2111/os/hal/ports/STM32/LLD/GPIOv2/hal"
 1468      2E2F6368 
 1468      6962696F 
 1468      73323131 
 1468      312F6F73 
 1469 0098 5F70616C 		.ascii	"_pal_lld.c\000"
 1469      5F6C6C64 
 1469      2E6300
 1470              	.LASF48:
 1471 00a3 70616C65 		.ascii	"palevent_t\000"
 1471      76656E74 
 1471      5F7400
 1472              	.LASF1:
 1473 00ae 6C6F6E67 		.ascii	"long long int\000"
 1473      206C6F6E 
 1473      6720696E 
 1473      7400
 1474              	.LASF10:
 1475 00bc 5F5F7569 		.ascii	"__uint32_t\000"
 1475      6E743332 
 1475      5F7400
 1476              	.LASF61:
 1477 00c7 696F6576 		.ascii	"ioeventmode_t\000"
 1477      656E746D 
 1477      6F64655F 
 1477      7400
 1478              	.LASF7:
 1479 00d5 5F5F7569 		.ascii	"__uint16_t\000"
 1479      6E743136 
 1479      5F7400
 1480              	.LASF35:
 1481 00e0 43464752 		.ascii	"CFGR1\000"
 1481      3100
 1482              	.LASF67:
 1483 00e6 66747372 		.ascii	"ftsr1\000"
 1483      3100
 1484              	.LASF60:
 1485 00ec 696F6D6F 		.ascii	"iomode_t\000"
 1485      64655F74 
 1485      00
 1486              	.LASF42:
 1487 00f5 63685F74 		.ascii	"ch_threads_queue\000"
 1487      68726561 
 1487      64735F71 
 1487      75657565 
ARM GAS  C:\Users\nello\AppData\Local\Temp\ccuEenz7.s 			page 29


 1487      00
 1488              	.LASF36:
 1489 0106 45585449 		.ascii	"EXTICR\000"
 1489      435200
 1490              	.LASF59:
 1491 010d 696F706F 		.ascii	"ioportmask_t\000"
 1491      72746D61 
 1491      736B5F74 
 1491      00
 1492              	.LASF18:
 1493 011a 63685F71 		.ascii	"ch_queue_t\000"
 1493      75657565 
 1493      5F7400
 1494              	.LASF75:
 1495 0125 63726D61 		.ascii	"crmask\000"
 1495      736B00
 1496              	.LASF65:
 1497 012c 7061646D 		.ascii	"padmask\000"
 1497      61736B00 
 1498              	.LASF25:
 1499 0134 53574945 		.ascii	"SWIER1\000"
 1499      523100
 1500              	.LASF32:
 1501 013b 53574945 		.ascii	"SWIER2\000"
 1501      523200
 1502              	.LASF51:
 1503 0142 4F545950 		.ascii	"OTYPER\000"
 1503      455200
 1504              	.LASF46:
 1505 0149 70616C63 		.ascii	"palcallback_t\000"
 1505      616C6C62 
 1505      61636B5F 
 1505      7400
 1506              	.LASF2:
 1507 0157 6C6F6E67 		.ascii	"long double\000"
 1507      20646F75 
 1507      626C6500 
 1508              	.LASF47:
 1509 0163 74687265 		.ascii	"threads\000"
 1509      61647300 
 1510              	.LASF68:
 1511 016b 63726964 		.ascii	"cridx\000"
 1511      7800
 1512              	.LASF34:
 1513 0171 4D454D52 		.ascii	"MEMRMP\000"
 1513      4D5000
 1514              	.LASF53:
 1515 0178 50555044 		.ascii	"PUPDR\000"
 1515      5200
 1516              	.LASF81:
 1517 017e 6F737065 		.ascii	"ospeedr\000"
 1517      65647200 
 1518              	.LASF33:
 1519 0186 45585449 		.ascii	"EXTI_TypeDef\000"
 1519      5F547970 
 1519      65446566 
 1519      00
ARM GAS  C:\Users\nello\AppData\Local\Temp\ccuEenz7.s 			page 30


 1520              	.LASF9:
 1521 0193 6C6F6E67 		.ascii	"long int\000"
 1521      20696E74 
 1521      00
 1522              	.LASF50:
 1523 019c 4D4F4445 		.ascii	"MODER\000"
 1523      5200
 1524              	.LASF49:
 1525 01a2 636C6561 		.ascii	"clear\000"
 1525      7200
 1526              	.LASF86:
 1527 01a8 6F73616C 		.ascii	"osalThreadDequeueAllI\000"
 1527      54687265 
 1527      61644465 
 1527      71756575 
 1527      65416C6C 
 1528              	.LASF55:
 1529 01be 4C4F434B 		.ascii	"LOCKR\000"
 1529      5200
 1530              	.LASF43:
 1531 01c4 71756575 		.ascii	"queue\000"
 1531      6500
 1532              	.LASF28:
 1533 01ca 494D5232 		.ascii	"IMR2\000"
 1533      00
 1534              	.LASF62:
 1535 01cf 696F706F 		.ascii	"ioportid_t\000"
 1535      72746964 
 1535      5F7400
 1536              	.LASF4:
 1537 01da 756E7369 		.ascii	"unsigned char\000"
 1537      676E6564 
 1537      20636861 
 1537      7200
 1538              	.LASF16:
 1539 01e8 6D73675F 		.ascii	"msg_t\000"
 1539      7400
 1540              	.LASF76:
 1541 01ee 5F5F6675 		.ascii	"__func__\000"
 1541      6E635F5F 
 1541      00
 1542              	.LASF8:
 1543 01f7 5F5F696E 		.ascii	"__int32_t\000"
 1543      7433325F 
 1543      7400
 1544              	.LASF20:
 1545 0201 70726576 		.ascii	"prev\000"
 1545      00
 1546              	.LASF3:
 1547 0206 7369676E 		.ascii	"signed char\000"
 1547      65642063 
 1547      68617200 
 1548              	.LASF70:
 1549 0212 6372706F 		.ascii	"crport\000"
 1549      727400
 1550              	.LASF12:
 1551 0219 6C6F6E67 		.ascii	"long long unsigned int\000"
ARM GAS  C:\Users\nello\AppData\Local\Temp\ccuEenz7.s 			page 31


 1551      206C6F6E 
 1551      6720756E 
 1551      7369676E 
 1551      65642069 
 1552              	.LASF15:
 1553 0230 75696E74 		.ascii	"uint32_t\000"
 1553      33325F74 
 1553      00
 1554              	.LASF80:
 1555 0239 6F747970 		.ascii	"otyper\000"
 1555      657200
 1556              	.LASF38:
 1557 0240 43464752 		.ascii	"CFGR2\000"
 1557      3200
 1558              	.LASF13:
 1559 0246 75696E74 		.ascii	"uint16_t\000"
 1559      31365F74 
 1559      00
 1560              	.LASF57:
 1561 024f 41465248 		.ascii	"AFRH\000"
 1561      00
 1562              	.LASF56:
 1563 0254 4146524C 		.ascii	"AFRL\000"
 1563      00
 1564              	.LASF6:
 1565 0259 73686F72 		.ascii	"short unsigned int\000"
 1565      7420756E 
 1565      7369676E 
 1565      65642069 
 1565      6E7400
 1566              	.LASF40:
 1567 026c 53595343 		.ascii	"SYSCFG_TypeDef\000"
 1567      46475F54 
 1567      79706544 
 1567      656600
 1568              	.LASF17:
 1569 027b 63686172 		.ascii	"char\000"
 1569      00
 1570              	.LASF14:
 1571 0280 696E7433 		.ascii	"int32_t\000"
 1571      325F7400 
 1572              	.LASF92:
 1573 0288 5F70616C 		.ascii	"_pal_events\000"
 1573      5F657665 
 1573      6E747300 
 1574              	.LASF63:
 1575 0294 696F7061 		.ascii	"iopadid_t\000"
 1575      6469645F 
 1575      7400
 1576              	.LASF74:
 1577 029e 6D6F6465 		.ascii	"mode\000"
 1577      00
 1578              	.LASF45:
 1579 02a3 5F426F6F 		.ascii	"_Bool\000"
 1579      6C00
 1580              	.LASF88:
 1581 02a9 63685468 		.ascii	"chThdQueueObjectInit\000"
ARM GAS  C:\Users\nello\AppData\Local\Temp\ccuEenz7.s 			page 32


 1581      64517565 
 1581      75654F62 
 1581      6A656374 
 1581      496E6974 
 1582              	.LASF64:
 1583 02be 706F7274 		.ascii	"port\000"
 1583      00
 1584              	.LASF22:
 1585 02c3 454D5231 		.ascii	"EMR1\000"
 1585      00
 1586              	.LASF29:
 1587 02c8 454D5232 		.ascii	"EMR2\000"
 1587      00
 1588              	.LASF26:
 1589 02cd 52455345 		.ascii	"RESERVED1\000"
 1589      52564544 
 1589      3100
 1590              	.LASF27:
 1591 02d7 52455345 		.ascii	"RESERVED2\000"
 1591      52564544 
 1591      3200
 1592              	.LASF52:
 1593 02e1 4F535045 		.ascii	"OSPEEDR\000"
 1593      45445200 
 1594              	.LASF11:
 1595 02e9 6C6F6E67 		.ascii	"long unsigned int\000"
 1595      20756E73 
 1595      69676E65 
 1595      6420696E 
 1595      7400
 1596              	.LASF21:
 1597 02fb 494D5231 		.ascii	"IMR1\000"
 1597      00
 1598              	.LASF91:
 1599 0300 433A5C43 		.ascii	"C:\\ChibiStudio\\workspace_user\\GestureLogicv4\000"
 1599      68696269 
 1599      53747564 
 1599      696F5C77 
 1599      6F726B73 
 1600              	.LASF39:
 1601 032d 53575052 		.ascii	"SWPR\000"
 1601      00
 1602              	.LASF93:
 1603 0332 63685F71 		.ascii	"ch_queue_init\000"
 1603      75657565 
 1603      5F696E69 
 1603      7400
 1604              	.LASF78:
 1605 0340 6D61736B 		.ascii	"mask\000"
 1605      00
 1606              	.LASF66:
 1607 0345 72747372 		.ascii	"rtsr1\000"
 1607      3100
 1608              	.LASF82:
 1609 034b 70757064 		.ascii	"pupdr\000"
 1609      7200
 1610              	.LASF87:
ARM GAS  C:\Users\nello\AppData\Local\Temp\ccuEenz7.s 			page 33


 1611 0351 6F73616C 		.ascii	"osalThreadQueueObjectInit\000"
 1611      54687265 
 1611      61645175 
 1611      6575654F 
 1611      626A6563 
 1612              	.LASF24:
 1613 036b 46545352 		.ascii	"FTSR1\000"
 1613      3100
 1614              	.LASF31:
 1615 0371 46545352 		.ascii	"FTSR2\000"
 1615      3200
 1616              	.LASF41:
 1617 0377 63685F71 		.ascii	"ch_queue\000"
 1617      75657565 
 1617      00
 1618              	.LASF79:
 1619 0380 6D6F6465 		.ascii	"moder\000"
 1619      7200
 1620              	.LASF37:
 1621 0386 53435352 		.ascii	"SCSR\000"
 1621      00
 1622              	.LASF83:
 1623 038b 616C7472 		.ascii	"altr\000"
 1623      00
 1624              	.LASF84:
 1625 0390 616C7472 		.ascii	"altrmask\000"
 1625      6D61736B 
 1625      00
 1626              	.LASF0:
 1627 0399 756E7369 		.ascii	"unsigned int\000"
 1627      676E6564 
 1627      20696E74 
 1627      00
 1628              	.LASF73:
 1629 03a6 5F70616C 		.ascii	"_pal_lld_enablepadevent\000"
 1629      5F6C6C64 
 1629      5F656E61 
 1629      626C6570 
 1629      61646576 
 1630              	.LASF72:
 1631 03be 5F70616C 		.ascii	"_pal_lld_disablepadevent\000"
 1631      5F6C6C64 
 1631      5F646973 
 1631      61626C65 
 1631      70616465 
 1632              	.LASF19:
 1633 03d7 6E657874 		.ascii	"next\000"
 1633      00
 1634              	.LASF89:
 1635 03dc 474E5520 		.ascii	"GNU C17 10.3.1 20210824 (release) -mcpu=cortex-m4 -"
 1635      43313720 
 1635      31302E33 
 1635      2E312032 
 1635      30323130 
 1636 040f 6D746875 		.ascii	"mthumb -mfloat-abi=soft -march=armv7e-m -ggdb -O0 -"
 1636      6D62202D 
 1636      6D666C6F 
ARM GAS  C:\Users\nello\AppData\Local\Temp\ccuEenz7.s 			page 34


 1636      61742D61 
 1636      62693D73 
 1637 0442 666F6D69 		.ascii	"fomit-frame-pointer -falign-functions=16 -ffunction"
 1637      742D6672 
 1637      616D652D 
 1637      706F696E 
 1637      74657220 
 1638 0475 2D736563 		.ascii	"-sections -fdata-sections -fno-common -flto\000"
 1638      74696F6E 
 1638      73202D66 
 1638      64617461 
 1638      2D736563 
 1639              	.LASF54:
 1640 04a1 42535252 		.ascii	"BSRR\000"
 1640      00
 1641              		.text
 1642              		.section	.gnu.lto_.inline.71a462d7,"e",%progbits
 1643 0000 789CB367 		.ascii	"x\234\263gd\200\003\016\006\006\326\006 `Je``b\203\261"
 1643      6480030E 
 1643      0606D606 
 1643      20604A65 
 1643      60606283 
 1644 0015 58181A81 		.ascii	"X\030\032\201\254:&\006&\240\022F\260\212\005\314i@"
 1644      AC3A2606 
 1644      26A01246 
 1644      B08A05CC 
 1644      6940
 1645 0027 154C6015 		.ascii	"\025L`\025)h*\230\270A\312&\3701\021\255\222\231\001"
 1645      29682A98 
 1645      B841CA26 
 1645      F83111AD 
 1645      929901
 1646 003a 64D7013C 		.ascii	"d\327\001<*\231y@\312'\370M\360ca\340\001\251eJ\007"
 1646      2A997940 
 1646      CA27F84D 
 1646      F06361E0 
 1646      01A9654A 
 1647 004f F20540E6 		.ascii	"\362\005@\3463\245a\230\312\0106\225\215\341\012\003"
 1647      33A56198 
 1647      CA083695 
 1647      8DE10A03 
 1648 005f 50F40C53 		.ascii	"P\364\014S&Pl\011#\214\211\242\226\235A\017\310y\301"
 1648      26506C09 
 1648      238C89A2 
 1648      969D410F 
 1648      C879C1
 1649 0072 94015412 		.ascii	"\224\001T\022\001c\241\250\340`\320\002r&0\203Tx\001"
 1649      0163A1A8 
 1649      E060D002 
 1649      72263083 
 1649      547801
 1650 0085 591B3054 		.ascii	"Y\0330T\300\334\306\300\000\000i@E\364"
 1650      C0DCC6C0 
 1650      00006940 
 1650      45F4
 1651              		.text
 1652              		.section	.gnu.lto_.jmpfuncs.71a462d7,"e",%progbits
ARM GAS  C:\Users\nello\AppData\Local\Temp\ccuEenz7.s 			page 35


 1653 0000 789C6362 		.ascii	"x\234cb@\006\000\000*\000\003"
 1653      40060000 
 1653      2A0003
 1654              		.text
 1655              		.section	.gnu.lto_.lto.71a462d7,"e",%progbits
 1656 0000 09000400 		.ascii	"\011\000\004\000\001\000\000\000"
 1656      01000000 
 1657              		.text
 1658              		.section	.gnu.lto_ch_queue_init.19.71a462d7,"e",%progbits
 1659 0000 789C754F 		.ascii	"x\234uO=H\303`\020\275\313\265\242\210\263\243?\010"
 1659      3D48C360 
 1659      10BDCBB5 
 1659      A288B3A3 
 1659      3F08
 1660 0012 45C1C416 		.ascii	"E\301\304\026\251\342\332\301Epp\264Xj\032l0\230\232"
 1660      A9E2DAC1 
 1660      457070B4 
 1660      586A1A6C 
 1660      30989A
 1661 0025 1F1DFB59 		.ascii	"\037\035\373Y\020\301\245Zq)\352 A\334\234\324VQ\012"
 1661      10C1A55A 
 1661      7129EA20 
 1661      41DC9CD4 
 1661      56510A
 1662 0038 6E4E22B8 		.ascii	"nN\"\270\212\203\210\223\203\223\202\020/iE\027\217"
 1662      8A838893 
 1662      83938210 
 1662      2F694517 
 1662      8F
 1663 0049 EFE0EEDD 		.ascii	"\357\340\356\335{w\357\353G\000\027\000\3728\201\000"
 1663      7B77EFEB 
 1663      47001700 
 1663      FA388100 
 1664 0059 2BDB9B12 		.ascii	"+\333\233\022\370\276_\214H\2706\200u\014k\204\242\204"
 1664      F8BE5F8C 
 1664      48B83680 
 1664      750C6B84 
 1664      A284
 1665 006b 45DCA141 		.ascii	"E\334\241A!\304\307z\365z\243S\0347\320#\200\003\202"
 1665      21C4C77A 
 1665      F57AA353 
 1665      1C37D023 
 1665      800382
 1666 007e 66EC1156 		.ascii	"f\354\021V\310#\304H\253\222\260\227+\232\205XC\210"
 1666      C823C448 
 1666      AB92B097 
 1666      2B9A8558 
 1666      4388
 1667 0090 BBC79A10 		.ascii	"\273\307\232\020\035\340\021\3419\262\006\317\020O\371"
 1667      1DE011E1 
 1667      39B206CF 
 1667      104FF9
 1668 009f 36037395 		.ascii	"6\003s\225.\200\266\237M\214\301\311}\264!\276\374\262"
 1668      2E80B69F 
 1668      4D8CC1C9 
 1668      7DB421BE 
 1668      FCB2
ARM GAS  C:\Users\nello\AppData\Local\Temp\ccuEenz7.s 			page 36


 1669 00b1 100F2F78 		.ascii	"\020\017/x\033\213J\2105\306\313\0248\013\243\207\333"
 1669      1B8B4A88 
 1669      35C6CB14 
 1669      380BA387 
 1669      DB
 1670 00c2 2D927E5B 		.ascii	"-\222~[\2047,U\353\3177\324\272N\0308:B6\374*y\0249"
 1670      84372C55 
 1670      EBCF37D4 
 1670      BA4E1838 
 1670      3A4236FC 
 1671 00da 643F1708 		.ascii	"d?\027\010#\334\267\007\323K\334\017\3561\034*?\233"
 1671      23DCB707 
 1671      D34BDC0F 
 1671      EE311C2A 
 1671      3F9B
 1672 00ec CAFFF957 		.ascii	"\312\377\371W\314\307&\377\035KO\273\323\341\247\313"
 1672      CCC726FF 
 1672      1D4B4FBB 
 1672      D3E1A7CB 
 1673 00fc 847F2D01 		.ascii	"\204\177-\001\014\247&\322\251\274>\257\3178nN7\323"
 1673      0CA726D2 
 1673      A9BC3EAF 
 1673      CF386E4E 
 1673      37D3
 1674 010e ABA6B568 		.ascii	"\253\246\265h\027\262\252\226qm\315JOj\266\343Z\332"
 1674      17B2AA96 
 1674      716DCD4A 
 1674      4F6AB6E3 
 1674      5ADA
 1675 0120 94B9A0AB 		.ascii	"\224\271\240\253+\2430$\313\012?5\020\230v\"\036\217"
 1675      2BA33024 
 1675      CB0A3F35 
 1675      10987622 
 1675      1E8F
 1676 0132 2BA6AD58 		.ascii	"+\246\255X\216\242/\251\206\233\323xb\350\266c\313y"
 1676      8EA22FA9 
 1676      869BD378 
 1676      62E8B663 
 1676      CB79
 1677 0144 90960BDD 		.ascii	"\220\226\013\335\371\254\221)p\032FNV\345\204:\226\034"
 1677      F9AC9129 
 1677      701A464E 
 1677      56E5843A 
 1677      961C
 1678 0156 4F6493F0 		.ascii	"Od\223\360\015\204\012\222d"
 1678      0D840A92 
 1678      64
 1679              		.text
 1680              		.section	.gnu.lto_chThdQueueObjectInit.225.71a462d7,"e",%progbits
 1681 0000 789C4D4F 		.ascii	"x\234MO?O\302p\020\275\353\001bt\326QLL\214\211\266"
 1681      3F4FC270 
 1681      10BDEB01 
 1681      6274D651 
 1681      4C4C8C89 
 1682 0015 420C1A57 		.ascii	"B\014\032W\006\0277W\224\324\322H#\261\330\026u\343"
 1682      06173757 
 1682      94D4D248 
ARM GAS  C:\Users\nello\AppData\Local\Temp\ccuEenz7.s 			page 37


 1682      23B1D816 
 1682      75E3
 1683 0027 27C18505 		.ascii	"'\301\205\005E'#\014\2441lN*\376\031\370\010\352'p\323"
 1683      4527230C 
 1683      A4316C4E 
 1683      2AFE19F8 
 1683      08EA2770 
 1684 003c C9182735 		.ascii	"\311\030'5\230zT\214^\356\222\273ww\357\336\215 \300"
 1684      987A548C 
 1684      5EEE92BB 
 1684      7777EFDE 
 1684      8D20C0
 1685 004f 0E008C72 		.ascii	"\016\000\214r\000\001V\017\312\022x\236W\010H\270;\206"
 1685      0001560F 
 1685      CA12789E 
 1685      570848B8 
 1685      3B86
 1686 0061 57E8E708 		.ascii	"W\350\347\010\005\011\013xH\023B\210\367\275\343Ze@"
 1686      05090B78 
 1686      48134288 
 1686      F7BDE35A 
 1686      6540
 1687 0073 34DBE812 		.ascii	"4\333\350\022@\235\340\307N\010\253\344\022b\240\227"
 1687      409DE0C7 
 1687      4E08ABE4 
 1687      1262A097 
 1688 0083 4918E18C 		.ascii	"I\030\341\214\226a\274-\304\335gK\210~p\211\360\022"
 1688      9661BC2D 
 1688      C4DD674B 
 1688      887E7089 
 1688      F012
 1689 0095 79072F10 		.ascii	"y\007/\020\317\3716\003jg\020 \364\313\304\030\234="
 1689      CFF93603 
 1689      6A671020 
 1689      F4CBC418 
 1689      9C3D
 1690 00a7 04DBA2E3 		.ascii	"\004\333\242\343U\204\370z\302\246\022D\036c=\330\342"
 1690      5584F87A 
 1690      C2A61244 
 1690      1E633DD8 
 1690      E2
 1691 00b8 6685BAF2 		.ascii	"f\205\272\362|\033\341r\237\244\277\022\341\005\213"
 1691      7C1BE172 
 1691      9FA4BF12 
 1691      E1058B
 1692 00c7 4765EF23 		.ascii	"Ge\357#\324 \354\251 \354*;E\026\376<\344R\260\301\272"
 1692      D420ECA9 
 1692      20EC2A3B 
 1692      4516FE3C 
 1692      E452B0C1 
 1693 00dc AE7D6C9A 		.ascii	"\256}l\232\241\260K!\274\301Z\367t\311\237\341\247\002"
 1693      A1B04B21 
 1693      BCC15AF7 
 1693      74C99FE1 
 1693      A702
 1694 00ee 78CBCCAF 		.ascii	"x\313\314\257X\2120&\271\324Wg\022`J\227\302\360\206"
 1694      588A3026 
ARM GAS  C:\Users\nello\AppData\Local\Temp\ccuEenz7.s 			page 38


 1694      B9D45767 
 1694      12604A97 
 1694      C2F086
 1695 0101 C5C7FB15 		.ascii	"\305\307\373\025\377\343\012\341\177)\000S\211\371d"
 1695      FFE30AE1 
 1695      7F290053 
 1695      89F964
 1696 0110 2263AC1A 		.ascii	"\"c\254\032KN>m\230\311m\323Z\267s\252\246\247\362\266"
 1696      4B4E3E6D 
 1696      98C96DD3 
 1696      5AB773AA 
 1696      A6A7F2B6 
 1697 0124 6E251774 		.ascii	"n%\027t\333\311[\372\242\271fh[30)\313\012\273\326]"
 1697      DBC95BFA 
 1697      A2B96668 
 1697      5B333029 
 1697      CB0ABBD6 
 1698 0139 30ED5834 		.ascii	"0\355X4\032UL[\261\034\305\330\320\262\371\264\316\035"
 1698      1A554C5B 
 1698      B11CC5D8 
 1698      D0B2F9B4 
 1698      CE1D
 1699 014b 2763E96A 		.ascii	"'c\351j\332\2263@\316fn8\243fS9\216l6-krL\233\215\317"
 1699      DA963340 
 1699      CE666E38 
 1699      A3665339 
 1699      8E6C362D 
 1700 0165 C5D4387C 		.ascii	"\305\3248|\003\222%\220&"
 1700      03922590 
 1700      26
 1701              		.text
 1702              		.section	.gnu.lto_osalThreadQueueObjectInit.358.71a462d7,"e",%progbits
 1703 0000 789C4D4E 		.ascii	"x\234MN\277K\303`\020\275\313\245\242\340n7\025\004"
 1703      BF4BC360 
 1703      10BDCBA5 
 1703      A2E06E37 
 1703      1504
 1704 0012 116C628A 		.ascii	"\021lb\212Tq\355\320\305\315\265Rb\032l0\230\232\037"
 1704      5471EDD0 
 1704      C5CDB552 
 1704      621A6C30 
 1704      989A1F
 1705 0025 EA96CFD2 		.ascii	"\352\226\317\322.]\252\025\021D:Hv'\265E\220\216\216"
 1705      2E5DAA15 
 1705      11443A48 
 1705      7627B545 
 1705      908E8E
 1706 0038 A2FF401D 		.ascii	"\242\377@\035\334\305\245\016B\274\266\212\036\367\276"
 1706      DCC5A50E 
 1706      42BCB68A 
 1706      1EF7BE
 1707 0047 7BF7EEBB 		.ascii	"{\367\356\273\343\275\000\300!c\226\001\004\330<\251"
 1707      E3BD00C0 
 1707      21639601 
 1707      04D83CA9 
 1708 0057 4B10C771 		.ascii	"K\020\307q(Kx4\207\035\034r\204P\302\020OiA\010\361"
 1708      284B7834 
ARM GAS  C:\Users\nello\AppData\Local\Temp\ccuEenz7.s 			page 39


 1708      871D1C72 
 1708      8450C210 
 1708      4F694108 
 1709 006c 59BB78BC 		.ascii	"Y\273x\274_\252\210Z2\"\200\026\301(.\011\233\024\021"
 1709      5FAA885A 
 1709      32228016 
 1709      C1282E09 
 1709      9B1411
 1710 007f A2FCC324 		.ascii	"\242\374\303$\234aF\2330\337\025\342)n\0131\001\021"
 1710      9C61469B 
 1710      30DF15E2 
 1710      296E0B31 
 1710      0111
 1711 0091 11DE21EF 		.ascii	"\021\336!\357\340-\342\015\302@\320_'\001\306~/\261"
 1711      E02DE20D 
 1711      C240D05F 
 1711      2701C67E 
 1711      2FB1
 1712 00a3 06D7CF89 		.ascii	"\006\327\317\211\256\370\212\033B\274%\037:9\266\202"
 1712      AEF88A1B 
 1712      42BC251F 
 1712      3A39B682 
 1713 00b3 6DD61B34 		.ascii	"m\326\0334p6\214in\217I\372k\021\336\261\332;\353'\241"
 1713      70368C69 
 1713      6E8F49FA 
 1713      6B11DEB1 
 1713      DA3BEB27 
 1714 00c8 8A524472 		.ascii	"\212RDr\213\370\307\0251M\300\007Vz\347\375\361\241"
 1714      8BF8C715 
 1714      314DC007 
 1714      567AE7FD 
 1714      F1A1
 1715 00da CB06E1FF 		.ascii	"\313\006\341\377\033\000\251\354Z>[\262\266\254\015"
 1715      1B00A9EC 
 1715      5A3E5BB2 
 1715      B6AC0D
 1716 00e9 3F285A4E 		.ascii	"?(ZN\376\300qw\274\262n\230\205\3003\335|\316\364\374"
 1716      FEC07177 
 1716      BCB26E98 
 1716      85C033DD 
 1716      7CCEF4FC 
 1717 00fd C035D79D 		.ascii	"\3005\327\235m\313\330_\206EEQ9\215\301\202\343\245"
 1717      6DCBD85F 
 1717      86454551 
 1717      398DC182 
 1717      E3A5
 1718 010f 354D531D 		.ascii	"5MS\035O-\3516\027~\\?\265k\215\270R\002\362\367\312"
 1718      4F2DE936 
 1718      177E5C3F 
 1718      B56B8DB8 
 1718      5202F2F7 
 1719 0124 533C2B94 		.ascii	"S<+\224\031\266]T\014%m\254dV\323z\006\276\001%\270"
 1719      19B65D54 
 1719      0C256DAC 
 1719      6456D37A 
 1719      06BE0125 
 1720 0139 7D05     		.ascii	"}\005"
ARM GAS  C:\Users\nello\AppData\Local\Temp\ccuEenz7.s 			page 40


 1721              		.text
 1722              		.section	.gnu.lto_osalThreadDequeueAllI.361.71a462d7,"e",%progbits
 1723 0000 789C554F 		.ascii	"x\234UOMK\002a\020\236\331Y\245\300C\267\354TA A\256"
 1723      4D4B0261 
 1723      109ED959 
 1723      A5C043B7 
 1723      EC544120 
 1724 0016 2961D1D5 		.ascii	")a\321\325\203\227n]\015\331V\321%k\315]\213 \360\315"
 1724      83976E5D 
 1724      0DD956D1 
 1724      256BCD5D 
 1724      8B20F0CD 
 1725 002a 92A04396 		.ascii	"\222\240C\226\335\"<\310\236\363\020\225\025\201?A\272"
 1725      DD223CC8 
 1725      9EF31095 
 1725      15813F41 
 1725      BA
 1726 003b 740AFC09 		.ascii	"t\012\374\011Q\004a\3016jQ\015\357\314\373\314\3143"
 1726      510461C1 
 1726      366A510D 
 1726      EFCCFBCC 
 1726      CC33
 1727 004d 5F8400DB 		.ascii	"_\204\000\333\0000\316\012\004X9>\220\300q\234\202,"
 1727      0030CE0A 
 1727      0458393E 
 1727      90C0719C 
 1727      822C
 1728 005f E1CE04DE 		.ascii	"\341\316\004\336a\017#\024$,\340\011M\012!\336K\247"
 1728      610F2314 
 1728      242CE009 
 1728      4D0A21DE 
 1728      4BA7
 1729 0071 F5FBE9A2 		.ascii	"\365\373\351\242(ym\002\250\022\364\345\214\260B6!\312"
 1729      28796D02 
 1729      A812F4E5 
 1729      8CB04236 
 1729      21CA
 1730 0083 DF48C231 		.ascii	"\337H\3021F\264\004\276\246\020\255\217\206\020\203"
 1730      46B404BE 
 1730      A610AD8F 
 1730      861083
 1731 0092 6013E135 		.ascii	"`\023\3415r\015^!^\362l\016\250\027\236.o\013|\334\274"
 1731      720D5E21 
 1731      5EF26C0E 
 1731      A8179E2E 
 1731      6F0B7CDC 
 1732 00a7 75B8BB2F 		.ascii	"u\270\273/\206d\233d\274\371\317\223\325\246\007\300"
 1732      86649B64 
 1732      BCF9CF93 
 1732      D5A607C0 
 1733 00b7 FD339163 		.ascii	"\3753\221cP\177p5\305\247S\026\342i\344\3741\352\222"
 1733      507F7035 
 1733      C5A75316 
 1733      E269E4FC 
 1733      31EA92
 1734 00ca 101BC81B 		.ascii	"\020\033\310\033\334r\262L\3353z2\312\356\021I\277."
 1734      DC72B24C 
ARM GAS  C:\Users\nello\AppData\Local\Temp\ccuEenz7.s 			page 41


 1734      DD337A32 
 1734      CAEE1149 
 1734      BF2E
 1735 00dc C23396DA 		.ascii	"\3023\226\332\257\035/\354\241d\223\253J\314\250\221"
 1735      AF1D2FEC 
 1735      A16493AB 
 1735      4ACCA891 
 1736 00ec 54235EDB 		.ascii	"T#^\333\015/Xl\277u\006zW\225\011\377\266\001\360G\346"
 1736      0D2F586C 
 1736      BF75067A 
 1736      579509FF 
 1736      B601F047 
 1737 0101 6391B4BE 		.ascii	"c\221\264\276\254/Z\371\204n\3046\215\334\212\231U\265"
 1737      AC2F5AF9 
 1737      846EC436 
 1737      8DDC8A99 
 1737      55B5
 1738 0113 643C6F26 		.ascii	"d<o&s\261h\322\264\362\271\344\202\221\322\265\215\031"
 1738      73B168D2 
 1738      B4F2B9E4 
 1738      8291D2B5 
 1738      8D19
 1739 0125 98529400 		.ascii	"\230R\224\000?\255[`\230\241`0\0300\314@Z\315\360\307"
 1739      3FAD5B60 
 1739      98A16030 
 1739      1830CC40 
 1739      5ACDF0C7 
 1740 0139 2667F9D7 		.ascii	"&g\371\327\364>V\322@\326zv\230s\361,k&\223P4%\244\315"
 1740      F43E56D2 
 1740      40D67A76 
 1740      9873F12C 
 1740      6B269350 
 1741 0151 86E7426A 		.ascii	"\206\347Bj\030h\325L}\001~<\212\177"
 1741      1868D54C 
 1741      7D017E3C 
 1741      8A7F
 1742              		.text
 1743              		.section	.gnu.lto__pal_lld_init.403.71a462d7,"e",%progbits
 1744 0000 789C7D52 		.ascii	"x\234}RMh\023A\030\2357\337\246M\322\022\217z\263\027"
 1744      4D681341 
 1744      189D37DF 
 1744      A64DD212 
 1744      8F7AB317 
 1745 0014 050F66CD 		.ascii	"\005\017f\315*U<x\251X\204\210B=\006JL\203\015\0066"
 1745      2A553C78 
 1745      A9588488 
 1745      423D064A 
 1745      4C830D06 
 1746 0029 66937ACC 		.ascii	"f\223z\314\266I\375\211B\222\332C\320Z0\004)^<U\353"
 1746      B649FD89 
 1746      4292DA43 
 1746      D05A3004 
 1746      295E3C55 
 1747 003e 7F3042F5 		.ascii	"\1770B\365$x\356\301\223\340EJ/-\"\304o&k\233Rt\330"
 1747      2478EEC1 
 1747      93E0454A 
 1747      2F2D22C4 
ARM GAS  C:\Users\nello\AppData\Local\Temp\ccuEenz7.s 			page 42


 1747      6F266B9B 
 1748 0055 DDF9FEDF 		.ascii	"\335\371\376\337\2337;!\205\270-\204\210\363+\372\004"
 1748      9B373B21 
 1748      85B82D84 
 1748      88F32BFA 
 1748      04
 1749 0066 E66A6529 		.ascii	"\346je):\235N\301\220\230\257\2257\353\207\361\022\332"
 1749      3A9D4EC1 
 1749      9098AF95 
 1749      37EB87F1 
 1749      12DA
 1750 0078 27E57B39 		.ascii	"'\345{9C\026kw\345\337\314l-\244w\037\246\327\276\373"
 1750      43166B77 
 1750      E5DFCC6C 
 1750      2DA4771F 
 1750      A6D7BEFB 
 1751 008c B5095190 		.ascii	"\265\011Q\220\304\201\2024\304\316\272OG\\\327\335\232"
 1751      C4818234 
 1751      C4CEBA4F 
 1751      475CD7DD 
 1751      9A
 1752 009d 7D70A70D 		.ascii	"}p\247\015w\251\205&\011\261H\333\351\005\302\0345\011"
 1752      77A98526 
 1752      09B148DB 
 1752      E905C21C 
 1752      3509
 1753 00af 303C4B62 		.ascii	"0<Kb\210-\262U\346P\313u\327\357\025o\205\252\323\376"
 1753      882DB255 
 1753      E650CB75 
 1753      D7EF156F 
 1753      85AAD3FE 
 1754 00c3 26115E80 		.ascii	"&\021^\200;\361\034X\206\352\275\376p\220\331\257\300"
 1754      3BF11C58 
 1754      86EABDFE 
 1754      7090D9AF 
 1754      C0
 1755 00d4 9BC731B0 		.ascii	"\233\3071\260\367\354\253\257\345\376\356T\\\367\313"
 1755      F7ECABAF 
 1755      E5FEEE54 
 1755      5CF7CB
 1756 00e3 8157CC2D 		.ascii	"\201W\314-\010\321$C\252BC}\002\272ETH\035K\257\203"
 1756      08D12443 
 1756      AA42437D 
 1756      02BA4554 
 1756      481D4BAF 
 1757 00f8 EC5649EE 		.ascii	"\354VI\356\270\020?1\263\261\262\372\230\032d(R\244"
 1757      B8103F31 
 1757      B3B1B2FA 
 1757      981A6428 
 1757      52A4
 1758 010a F1AA443D 		.ascii	"\361\252D=5\3045\363\345N=\330 x\334}P\254K\220l.\221"
 1758      35C435F3 
 1758      E54E3DD8 
 1758      2078DC7D 
 1758      50AC4B90 
 1759 0121 3EDC1385 		.ascii	">\334\023\205\336\2077\300k\235\264X\014>K?\336\242"
 1759      DE8737C0 
ARM GAS  C:\Users\nello\AppData\Local\Temp\ccuEenz7.s 			page 43


 1759      6B9DB458 
 1759      0C3E4B3F 
 1759      DEA2
 1760 0133 41B22BC0 		.ascii	"A\262+\300\261n\314\217wx\244NRB7`\340=\343\256\243"
 1760      B16ECC8F 
 1760      7778A44E 
 1760      52423760 
 1760      E03DE3AE 
 1761 0148 3424F4CC 		.ascii	"4$\364\314\300\242\342\301pM\012j\206\376\177\240}\330"
 1761      C0A2E2C1 
 1761      704D0A6A 
 1761      86FE7FA0 
 1761      7DD8
 1762 015a 83D6F6D0 		.ascii	"\203\326\366\320<\250\001|d(\036\246X\017\360\376\277"
 1762      3CA8017C 
 1762      64281EA6 
 1762      580FF0FE 
 1762      BF
 1763 016b 69AB7BA6 		.ascii	"i\253{\246}\332=m\020\237y\032\007\020\346A\305\205"
 1763      7DDA3D6D 
 1763      109F791A 
 1763      0710E641 
 1763      C585
 1764 017d 9B9BF54C 		.ascii	"\233\233\365L\203\002\\\323\325\016Z;\243G;\374@i\255"
 1764      83025CD3 
 1764      D50E5A3B 
 1764      A3473BFC 
 1764      4069AD
 1765 0190 1DDAAED8 		.ascii	"\035\332\256\330\247\344\375\005\311r\313\247,z\200"
 1765      A7E4FD05 
 1765      C972CBA7 
 1765      2C7A80
 1766 019f CAFDDCE2 		.ascii	"\312\375\334\342\353\275\222\015\314|[>\247\177\232"
 1766      EBBD920D 
 1766      CC7C5B3E 
 1766      A77F9A
 1767 01ae 0AA1F7EE 		.ascii	"\012\241\367\356\2048:r:62\231\272\222\032\313\345'"
 1767      84383A72 
 1767      3A363299 
 1767      BA921ACB 
 1767      E527
 1768 01c0 5276EC86 		.ascii	"Rv\354\206\235\275\346d\342\211\344x\336Ifc\243I'\227"
 1768      9DBDE664 
 1768      E289E478 
 1768      DE496663 
 1768      A3492797 
 1769 01d4 CF26A3F6 		.ascii	"\317&\243\366\325Tb\352\2048\023\016\233\374$T\203\355"
 1769      D55462EA 
 1769      8438130E 
 1769      9BFC2454 
 1769      83ED
 1770 01e6 589148C4 		.ascii	"X\221H\304\264\035s2\23663v6\347\230c\227/\034\267\314"
 1770      B41D7332 
 1770      9E363376 
 1770      36E79863 
 1770      972F1CB7 
 1771 01fb 68F4AC39 		.ascii	"h\364\2549z\351\374\305)K\245\3063\374\246\323\023\341"
ARM GAS  C:\Users\nello\AppData\Local\Temp\ccuEenz7.s 			page 44


 1771      7AE9FCC5 
 1771      294BA5C6 
 1771      33FCA6D3 
 1771      13E1
 1772 020d 84406AFF 		.ascii	"\204@j\377\256@\330J\234\034>e\305\207\305\037\022\221"
 1772      AE40D84A 
 1772      9C1C3E65 
 1772      C587C51F 
 1772      1291
 1773 021f 0716     		.ascii	"\007\026"
 1774              		.text
 1775              		.section	.gnu.lto__pal_lld_setgroupmode.404.71a462d7,"e",%progbits
 1776 0000 789C8D57 		.ascii	"x\234\215WklTE\024\236s\347\356\243\273\355\266*\012"
 1776      6B6C5445 
 1776      149E73E7 
 1776      EEA3BBED 
 1776      B62A0A
 1777 0013 8A482B22 		.ascii	"\212H+\"\362\352\322\005\001\015\"\202\362H0>\212\200"
 1777      F2EAD205 
 1777      010D2282 
 1777      F248303E 
 1777      8A80
 1778 0025 098996B6 		.ascii	"\011\211\226\266\321j\233m\266\213\306_.\024\333\004"
 1778      D16A9B6D 
 1778      B68BC65F 
 1778      2E14DB04 
 1779 0035 8C6C8B41 		.ascii	"\214l\213A\204-\306\013j\215\361\021\343\013\020\254"
 1779      842DC60B 
 1779      6A8DF111 
 1779      E30B10AC 
 1780 0045 562CE203 		.ascii	"V,\342\003*\032\215\242 \021Ac\0015\245R[\327\357\314"
 1780      2A1A8DA2 
 1780      20114163 
 1780      0135A552 
 1780      5BD7EFCC 
 1781 0059 ECEEDDDD 		.ascii	"\354\356\335\335\222\246\033\370:\363\315w\316\375\346"
 1781      92A61BF8 
 1781      3AF3CD77 
 1781      CEFDE6
 1782 0068 CCD9B96D 		.ascii	"\314\331\271m}\236\020\237\011!L\002\024\010jnZg\210"
 1782      7D9E109F 
 1782      09214C02 
 1782      14086A6E 
 1782      5A6788
 1783 007b 783CFEB8 		.ascii	"x<\376\270i\320\306&\217\032Icm\323z\203>%5\213E\217"
 1783      69D0C626 
 1783      8F1A4963 
 1783      6DD37A83 
 1783      3E25358B 
 1784 0091 17D1577A 		.ascii	"\027\321Wzl\032O4y\325\350\331\350qM9\214\206\004\325"
 1784      6C1A4F34 
 1784      79D5E8D9 
 1784      E8714D39 
 1784      8C8604D5 
 1785 00a5 D8E4533F 		.ascii	"\330\344S?\235\264\271\331\322\213.\036\026\351\374"
 1785      9DB4B9D9 
 1785      D28B2E1E 
ARM GAS  C:\Users\nello\AppData\Local\Temp\ccuEenz7.s 			page 45


 1785      16E9FC
 1786 00b4 6E8A619C 		.ascii	"n\212a\234\314\224cl\211\276\251\207[\223\251<\254\320"
 1786      CC94636C 
 1786      89BEA987 
 1786      5B93A93C 
 1786      ACD0
 1787 00c6 43AF12EB 		.ascii	"C\257\022\353\300\\\243%\372fQ\322\316\266\244:\217"
 1787      C05CA325 
 1787      FA6651D2 
 1787      CEB6A43A 
 1787      8F
 1788 00d7 9E6BB6FE 		.ascii	"\236k\266\376\\\177B\317|p\277\356dl\212\232\344\323"
 1788      5C7F42CF 
 1788      7C70BFEE 
 1788      646C8A9A 
 1788      E4D3
 1789 00e9 EA3EEB06 		.ascii	"\352>\353\0065$\361\270!M\207\323\345\316\361xs\363"
 1789      3524F1B8 
 1789      214D87D3 
 1789      E5CEF178 
 1789      73F3
 1790 00fb 7CF984B9 		.ascii	"|\371\204\271\260?\033\345\370H$\362\317\023[v\266S"
 1790      B03F1BE5 
 1790      F84824F2 
 1790      CF135B76 
 1790      B653
 1791 010d A4B58D76 		.ascii	"\244\265\215v`q[R\020\223\324,wH\"312\250\020#\031\024"
 1791      60715B52 
 1791      1093D42C 
 1791      77482233 
 1791      3132A810 
 1792 0124 E3DA2291 		.ascii	"\343\332\"\221C\007\337\213Dr\304\016)\351]B\014\275"
 1792      4307DF8B 
 1792      4472C40E 
 1792      29E95D42 
 1792      0CBD
 1793 0136 43F436CA 		.ascii	"C\3646\312\012\"\374\267\207uO\222\022\236\335\265}"
 1793      0A22FCB7 
 1793      87754F92 
 1793      129EDDB5 
 1793      7D
 1794 0147 932F8AD4 		.ascii	"\223/\212\324&\355\314\024\232\341\270\0226%\204\273"
 1794      26EDCC14 
 1794      9AE1B812 
 1794      362584BB 
 1795 0157 B76F5442 		.ascii	"\267oTB\007\355\316\024:\302\353\275\312\217\334D\374"
 1795      07EDCE14 
 1795      3AC2EBBD 
 1795      CA8FDC44 
 1795      FC
 1796 0168 632CAB0F 		.ascii	"c,\253\017\3247\372\242\253\335;\244\223\366\244\313"
 1796      D437FAA2 
 1796      ABDD3BA4 
 1796      93F6A4CB 
 1797 0178 85081FF6 		.ascii	"\205\010\037\366\262vKJ\373\306\247\365\215\221\202"
 1797      B2764B4A 
 1797      FBC6A7F5 
ARM GAS  C:\Users\nello\AppData\Local\Temp\ccuEenz7.s 			page 46


 1797      8D9182
 1798 0187 B585ACFD 		.ascii	"\265\205\254\375 K\333\241\264\317\331\332\375\266\366"
 1798      204BDBA1 
 1798      B4CFD9DA 
 1798      FDB6F6
 1799 0196 C32CED6E 		.ascii	"\303,\355n\245}\301\326~`k\333\263\264\257+\355\253"
 1799      A57DC1D6 
 1799      7E606BDB 
 1799      B3B4AF2B 
 1799      EDAB
 1800 01a8 B676AFAD 		.ascii	"\266v\257\255\335\227\245\335\256\264o\331\332=\266"
 1800      DD97A5DD 
 1800      AEB46FD9 
 1800      DA3DB6
 1801 01b7 B6234BFB 		.ascii	"\266#K\373\214\327)h?\321'D\037\023}D\324F\264\227\364"
 1801      8CD72968 
 1801      3FD12744 
 1801      1F137D44 
 1801      D446B497 
 1802 01cc A911A7D9 		.ascii	"\251\021\247\331e\227\350\213\366\346d\211\016d\245"
 1802      6597E88B 
 1802      F6E66489 
 1802      0E64A5
 1803 01db 5993CBDA 		.ascii	"Y\223\313\332=)\355\241\275|\234\352\211\237gI{\224"
 1803      3D29EDA1 
 1803      BD7C9CEA 
 1803      899F6749 
 1803      7B94
 1804 01ed BB365BBA 		.ascii	"\2736[\272+%\3752K\372\207\222\266\333\322\326\224\364"
 1804      2B25FD32 
 1804      4BFA8792 
 1804      B6DBD2D6 
 1804      94F4
 1805 01ff 5096F418 		.ascii	"P\226\364\030\357\243\223\350 \321\027D\237\221@\213"
 1805      EFA393E8 
 1805      20D11744 
 1805      9F91408B 
 1806 020f 8BF0512F 		.ascii	"\213\360Q/V=\003\367\227\256|\375+G[\244/\276!\0229"
 1806      563D03F7 
 1806      97AE7CFD 
 1806      2B475BA4 
 1806      2FBE2112 
 1807 0224 3AF28723 		.ascii	":\362\207#/\346\334Kh\021\227\301 \031L\006\007\203"
 1807      2FE6DC4B 
 1807      681197C1 
 1807      20194C06 
 1807      0783
 1808 0236 93C1C5E0 		.ascii	"\223\301\305\340\006\270\271[]\036\036yy\224\313\220"
 1808      06B8B95B 
 1808      5D1E1E79 
 1808      7994CB90 
 1809 0246 C7531F8F 		.ascii	"\307S\037\217\362\031\012\030.b\270\230\341\022\206"
 1809      F2190A18 
 1809      2E62B898 
 1809      E11286
 1810 0255 610C9732 		.ascii	"a\014\2272\\\3060\234a\004\303\345\014W0\214d\270\222"
 1810      5CC6309C 
ARM GAS  C:\Users\nello\AppData\Local\Temp\ccuEenz7.s 			page 47


 1810      6104C3E5 
 1810      0C57308C 
 1810      64B892
 1811 0268 6114C355 		.ascii	"a\024\303U\014\243\031\012\031\212\030\256f\030\303"
 1811      0CA3190A 
 1811      198A18AE 
 1811      6618C3
 1812 0277 700DC358 		.ascii	"p\015\303X\206k\031\3061\\\3070\236a\002\303D\206I\014"
 1812      866B19C6 
 1812      315CC730 
 1812      9E6102C3 
 1812      4486490C 
 1813 028b 93198A19 		.ascii	"\223\031\212\031\374\014S\030J\030\002\014S\005\355"
 1813      FC0C5318 
 1813      4A18020C 
 1813      5305ED
 1814 029a A269DC0F 		.ascii	"\242i\334\017\327\013Tl\272@\315f\010Tm\246@\321f\021"
 1814      D70B546C 
 1814      BA40CD66 
 1814      08546DA6 
 1814      40D16611 
 1815 02ae BD4F37F1 		.ascii	"\275O7\361\352l^\275\231W\347\360\352-\002U\235\313"
 1815      EA6C5EBD 
 1815      9957E7F0 
 1815      EA2D0255 
 1815      9DCB
 1816 02c0 92798404 		.ascii	"\222y\204\004\267\361A\314\027(\360\002\201\022/\024"
 1816      B7F141CC 
 1816      1728F002 
 1816      81122F14 
 1817 02d0 28F222A2 		.ascii	"(\362\"\242\367\250\224\323/\341\330{8v)\307.\343|\313"
 1817      F7A894D3 
 1817      2FE1D87B 
 1817      387629C7 
 1817      2EE37CCB 
 1818 02e4 3956880D 		.ascii	"9V\210\015\222\357(\365\031\215iT\032\366\224\304i\252"
 1818      92EF28F5 
 1818      198D6954 
 1818      1AF694C4 
 1818      69AA
 1819 02f6 DFD47866 		.ascii	"\337\324xf\353LK\336d\311Y|\201\270H2\333\327\320\263"
 1819      EB4C4BDE 
 1819      64C9597C 
 1819      81B84832 
 1819      DBD7D0B3 
 1820 030a F53BB224 		.ascii	"\365;\262$%h7\031Z|\002\314lK_6.\235\241\257!\276\365"
 1820      25683719 
 1820      5A7C02CC 
 1820      6C4B5F36 
 1820      2E9DA1AF 
 1821 0321 7BD006B4 		.ascii	"{\320\006\2644\311\226\335\014\212\016'$\0351N'S\351"
 1821      34C996DD 
 1821      0C8A0E27 
 1821      241D314E 
 1821      2753E9
 1822 0334 1CB66E0E 		.ascii	"\034\266n\016\370\224\356`\354,(3\245s\331\272[\300"
 1822      F894EE60 
ARM GAS  C:\Users\nello\AppData\Local\Temp\ccuEenz7.s 			page 48


 1822      EC2C2833 
 1822      A573D9BA 
 1822      5BC0
 1823 0346 EBC7E683 		.ascii	"\353\307\346\203\\\363\327f&\3472\343T\375\032\225r"
 1823      5CF3D766 
 1823      26E732E3 
 1823      54FD1A95 
 1823      72
 1824 0357 C0DE4EC6 		.ascii	"\300\336N\306`\326a\311\251\364\015\211\337h\355o\355"
 1824      60D661C9 
 1824      A9F40D89 
 1824      DF68ED6F 
 1824      ED
 1825 0368 2B31D759 		.ascii	"+1\327Y\324\015\332KS-9\3170\205%K}\333:O\271\321\343"
 1825      D40DDA4B 
 1825      532D39CF 
 1825      3085254B 
 1825      7DDB3A4F 
 1826 037f BD340D05 		.ascii	"\2754\015\0051~z\267\326\222\313|\377uV\367\322\365"
 1826      317E7AB7 
 1826      D692CB7C 
 1826      FF7556F7 
 1826      D2F5
 1827 0391 D8B5719A 		.ascii	"\330\265q\232\211%\276O\356\352\245\351\330\236qn\206"
 1827      8925BE4F 
 1827      EEEAA5E9 
 1827      D89E716E 
 1827      86
 1828 03a2 25EFF1FD 		.ascii	"%\357\361\375\324\031\356%\214\346\030O\355\304\372"
 1828      D419EE25 
 1828      8CE6184F 
 1828      EDC4FA
 1829 03b1 52DF690E 		.ascii	"R\337i\016@I\347\032\2571\261\334\367\324\341\373a\316"
 1829      4049E71A 
 1829      AF31B1DC 
 1829      F7D4E1FB 
 1829      61CE
 1830 03c3 1C602E1E 		.ascii	"\034`.\036\213:\360\272\261\244\323\2223\265'\265\335"
 1830      8B3AF0BA 
 1830      B1A4D392 
 1830      33B527B5 
 1830      DD
 1831 03d4 371ABA50 		.ascii	"7\032\272P\000\027xM\232L\3666\354C\201oSepi\242\243"
 1831      0017784D 
 1831      9A4CF636 
 1831      EC43816F 
 1831      53657069 
 1832 03ea 65968512 		.ascii	"e\226\205\022MD4\027\244\257\361\033\344\232\017J'9"
 1832      4D443417 
 1832      A4AFF11B 
 1832      E49A0F4A 
 1832      2739
 1833 03fc D8B2C292 		.ascii	"\330\262\302\2229\251\324\206\016\352\206\306C\223\260"
 1833      39A9D486 
 1833      0EEA86C6 
 1833      4393B0
 1834 040b 62C72C00 		.ascii	"b\307,\000\245-}\333\002\307^\304\320\017\224\260\202"
ARM GAS  C:\Users\nello\AppData\Local\Temp\ccuEenz7.s 			page 49


 1834      A52D7DDB 
 1834      02C75EC4 
 1834      D00F94B0 
 1834      82
 1835 041c 33CB0547 		.ascii	"3\313\005GGH'\350G@\236>\234|,\331Y\026\202\307\354"
 1835      474827E8 
 1835      47409E3E 
 1835      9C7C2CD9 
 1835      591682C7 
 1836 0431 A3F7CF77 		.ascii	"\243\367\317w}\010\363\276\304+I\252\253\346E\302[\014"
 1836      7D08F3BE 
 1836      C42B49AA 
 1836      ABE645C2 
 1836      5B0C
 1837 0443 D71CFC2C 		.ascii	"\327\034\374,\242\243$\246<\257\246\036:F-\352m\206"
 1837      A2A324A6 
 1837      3CAFA61E 
 1837      3A462DEA 
 1837      6D86
 1838 0455 349B1BFB 		.ascii	"4\233\033\373\261o$\235\257\315p\025\012\220\010\034"
 1838      B16F249D 
 1838      AFCD7015 
 1838      0A90081C 
 1839 0465 13CD8D27 		.ascii	"\023\315\215'p\222\027Y\022\207Q\300\017:\273\256\313"
 1839      70921759 
 1839      128751C0 
 1839      0F3ABBAE 
 1839      CB
 1840 0476 48A63E95 		.ascii	"H\246>\225w\201\334\307un\004)_;O\263\257\213\007s\363"
 1840      7781DCC7 
 1840      756E0429 
 1840      5F3B4FB3 
 1840      AF8B0773 
 1841 048b 0B2228E9 		.ascii	"\013\"(\351f\037\036w\011\252\243\335t\303\3150\204"
 1841      661F1E77 
 1841      09AAA3DD 
 1841      74C3CD30 
 1841      84
 1842 049c 83D36EBA 		.ascii	"\203\323n\272\260|\251%\321\012\303\206\344\346W\235"
 1842      B07CA925 
 1842      D10AC386 
 1842      E4E6579D 
 1843 04ac 1B41BA4A 		.ascii	"\033A\272J\312\315e\203\2719\205\010#\351\206\237?<"
 1843      CACD6583 
 1843      B9398508 
 1843      23E9869F 
 1843      3F3C
 1844 04be E5E60466 		.ascii	"\345\346\004f#\020\016N\273\371\021n.\267$\032q\304"
 1844      23100E4E 
 1844      BBF9116E 
 1844      2EB7241A 
 1844      71C4
 1845 04d0 90DCFCAE 		.ascii	"\220\334\374\256s#H'\354i\271\333\222W\360W\370\260"
 1845      73234827 
 1845      EC69B9DB 
 1845      9257F057 
 1845      F8B0
ARM GAS  C:\Users\nello\AppData\Local\Temp\ccuEenz7.s 			page 50


 1846 04e2 FAA69C6A 		.ascii	"\372\246\234j\177\010s\372Q\177M\242\322\221\336\276"
 1846      7F0873FA 
 1846      517F4DA2 
 1846      D291DEBE 
 1847 04f2 583FD2FE 		.ascii	"X?\322\376\322\206+\023\315\345D\337j\2253\263\311Q"
 1847      D2862B13 
 1847      CDE544DF 
 1847      6A9533B3 
 1847      C951
 1848 0504 F3EE4EEC 		.ascii	"\363\356N\354r\344`\273\354\202\023\231\276K\244]h\357"
 1848      72E460BB 
 1848      EC821399 
 1848      BE4BA45D 
 1848      68EF
 1849 0516 7214C2C1 		.ascii	"r\024\302\301\331\273\274J}\015F\351]v\333\273\314\277"
 1849      D9BBBC4A 
 1849      7D0D46E9 
 1849      5D76DBBB 
 1849      CCBF
 1850 0528 40EE333A 		.ascii	"@\3563:7\202\224=\327\000{\347\330\336\350\301\354\375"
 1850      3782943D 
 1850      D7007BE7 
 1850      D8DEE8C1 
 1850      ECFD
 1851 053a 891466BA 		.ascii	"\211\024f\272\275\302\014{E\010\007g\333\273Z\331+\032"
 1851      BDC20C7B 
 1851      45080767 
 1851      DBBB5AD9 
 1851      2B1A
 1852 054c 92BDBF75 		.ascii	"\222\275\277un\004){\356l{\347\317\375\014{c\006\263"
 1852      6E04297B 
 1852      EE6C7BE7 
 1852      CFFD0C7B 
 1852      6306B3
 1853 055f D78D148E 		.ascii	"\327\215\024\216\364\216\275&\243c\307\"\034\234\335"
 1853      F48EBD26 
 1853      A363C722 
 1853      1C9CDD
 1854 056e B1D75A12 		.ascii	"\261\327Z\022\267\333Xm\257\337\266\347\273@\356\036"
 1854      B7DB586D 
 1854      AFDFB6E7 
 1854      BB40EE1E 
 1855 057e 9D1B41CA 		.ascii	"\235\033A\312^\316\200\352\365\263\275q\203\331;\237"
 1855      5ECE80EA 
 1855      F5B3BD71 
 1855      83D93B9F 
 1856 058e 6DEFBA0C 		.ascii	"m\357\272\014{\343\021\016\316\2667A\331\033?${\377"
 1856      7BE3110E 
 1856      CEB63741 
 1856      D91B3F24 
 1856      7BFF
 1857 05a0 26ED4DD0 		.ascii	"&\355M\320\015yF5$\375\221lY\317\000\277\377\361iO\034"
 1857      0D794635 
 1857      24FD916C 
 1857      59CF00BF 
 1857      FFF1694F 
 1858 05b5 CC6F7F76 		.ascii	"\314o\177v3N\3128\355\311\010\007g\237v\261:\355\311"
ARM GAS  C:\Users\nello\AppData\Local\Temp\ccuEenz7.s 			page 51


 1858      334ECA38 
 1858      EDC90807 
 1858      679F76B1 
 1858      3AEDC9
 1859 05c8 433AED78 		.ascii	"C:\355x\262\031\213\225=\357\000{q\266\347\037\314\336"
 1859      B2198B95 
 1859      3DEF007B 
 1859      71B6E71F 
 1859      CCDE
 1860 05da 6A23AB19 		.ascii	"j#\253\031\247d\330+A88\333^@\331+\031\222\275z#\321"
 1860      A764D82B 
 1860      413838DB 
 1860      5E40D92B 
 1860      1992BD7A 
 1861 05f0 8C01652F 		.ascii	"\214\001e/7\353}\205ws\353[&^\217xS\362\013u\242\276"
 1861      37EB7D85 
 1861      7773EB5B 
 1861      265E8F78 
 1861      53F20B75 
 1862 0606 255E791A 		.ascii	"%^y\032\327P)\337\002\246\256;B\363\322C\243Fd?\376"
 1862      D75029DF 
 1862      02A6AE3B 
 1862      42F3D243 
 1862      A346643F 
 1863 061b D8510BBE 		.ascii	"\330Q\013\276\254\234\275\015'[\361\246\\\202;\035\371"
 1863      AC9CBD0D 
 1863      275BF1A6 
 1863      5C823B1D 
 1863      F9
 1864 062c 1471A6F5 		.ascii	"\024q\246\365F\274Uq\255\322\327\011IO+\256\330\245"
 1864      46BC5571 
 1864      ADD2D709 
 1864      494F2BAE 
 1864      D8A5
 1865 063e B8DA52CC 		.ascii	"\270\332R\314\277h\242eh\224\004\021k\350x\031uX\236"
 1865      BF68A265 
 1865      68940411 
 1865      6BE87819 
 1865      75589E
 1866 0651 BA8D483D 		.ascii	"\272\215H=,?\355ah\212\325s\304\030l\375\354\226\027"
 1866      2C3FED61 
 1866      688AD573 
 1866      C4186CFD 
 1866      EC9617
 1867 0664 2285997F 		.ascii	"\"\205\231\177E\211\277h\315\261g\016x\371\327[\376"
 1867      4589BF68 
 1867      CDB1670E 
 1867      78F9D75B 
 1867      FE
 1868 0675 6C9094FE 		.ascii	"l\220\224\376;\223\020\223\347\335\270b\336\203U+\253"
 1868      3B931093 
 1868      E7DDB862 
 1868      DE83552B 
 1868      AB
 1869 0686 4AC3AB2A 		.ascii	"J\303\253*\252\202+\036\015\206\036\256\253-+\257\274"
 1869      AA822B1E 
 1869      0D861EAE 
ARM GAS  C:\Users\nello\AppData\Local\Temp\ccuEenz7.s 			page 52


 1869      AB2D2BAF 
 1869      BC
 1870 0697 6F555D65 		.ascii	"oU]eh\305\202\312\272\360\252P\345\342\340\003U\345"
 1870      68C582CA 
 1870      BAF0AA50 
 1870      E5E2E003 
 1870      55E5
 1871 06a9 8F4C13B3 		.ascii	"\217L\023\263\213\213\375\370W\316\001\301\272@II\211"
 1871      8B8BFDF8 
 1871      57CE01C1 
 1871      BA404949 
 1871      89
 1872 06ba 3F58E77F 		.ascii	"?X\347\177\260\254\332_\033\014\205\353\374\245Kn\237"
 1872      B0ACDA5F 
 1872      1B0C85EB 
 1872      FCA54B6E 
 1872      9F
 1873 06cb 1AF02F5E 		.ascii	"\032\360/^|\253\177\301\235\213\356x$\300K\367\325\342"
 1873      7CAB7FC1 
 1873      9D8BEE78 
 1873      24C04BF7 
 1873      D5E2
 1874 06dd 7F757545 		.ascii	"\177uuEq\2710Y5<\203+\016\224\317\230>3P6]\2305eu\017"
 1874      71B93059 
 1874      353C832B 
 1874      0E94CF98 
 1874      3E335036 
 1875 06f7 9B35C18A 		.ascii	"\2335\301\212J\271\262*l\226U\207C\216\332U\265\025"
 1875      4AB9B22A 
 1875      6C965587 
 1875      438EDA55 
 1875      B515
 1876 0709 2157B0AE 		.ascii	"!W\260\256\266\262\262\"\344\014\206\037\253\255\014"
 1876      B6B2B222 
 1876      E40C861F 
 1876      ABAD0C
 1877 0718 39581232 		.ascii	"9X\0222j\246\0315\001\243\246\304\315B\016\375\037\267"
 1877      6AA61935 
 1877      01A3A6C4 
 1877      CD420EFD 
 1877      1FB7
 1878 072a C81716   		.ascii	"\310\027\026"
 1879              		.text
 1880              		.section	.gnu.lto__pal_lld_enablepadevent.405.71a462d7,"e",%progbits
 1881 0000 789C6D54 		.ascii	"x\234mTkL\233U\030>\357wz\3476\306m\300\030\3671.mi"
 1881      6B4C9B55 
 1881      183EEF77 
 1881      7AE736C6 
 1881      6DC018F7 
 1882 0018 21B868B2 		.ascii	"!\270h\262?3YL\360\222\314\370\213d\301\302\034\031"
 1882      3F33594C 
 1882      F092CCF8 
 1882      8B64C1C2 
 1882      1C19
 1883 002a 4B495BD0 		.ascii	"KI[\320\177|C\240f\222pYDf\230\211_\032\203\032\004"
 1883      7F7C43A0 
 1883      66927059 
ARM GAS  C:\Users\nello\AppData\Local\Temp\ccuEenz7.s 			page 53


 1883      44669889 
 1883      5F1A831A 
 1884 003f 7FE89843 		.ascii	"\177\350\230C\255\233\033?\014\021g0\231\267-3(h\224"
 1884      AD9B1B3F 
 1884      0C116730 
 1884      99B72D33 
 1884      286894
 1885 0052 891A8961 		.ascii	"\211\032\211a\326\367=\247\355\327v4\355\333\347\274"
 1885      D6F73DA7 
 1885      EDD77634 
 1885      EDDBE7BC 
 1886 0062 E739CF79 		.ascii	"\3479\317y\276\347;\337w\301\302\330%\306\330\010\376"
 1886      BEE73BDF 
 1886      77C1C2D8 
 1886      25C6D808 
 1886      FE
 1887 0073 988DC1C4 		.ascii	"\230\215\301\304\3709\205E\"\221~\203\002\347\021\303"
 1887      F8398545 
 1887      22917E83 
 1887      02E711C3 
 1888 0083 12881157 		.ascii	"\022\210\021W\006\307\323\004\032\032\317\024\377\006"
 1888      06C7D304 
 1888      1A1ACF14 
 1888      FF06
 1889 0091 981CB709 		.ascii	"\230\034\267\011dD\024[eR\202\343/\307WM\215\335\225"
 1889      6444145B 
 1889      655282E3 
 1889      2FC7574D 
 1889      8DDD95
 1890 00a4 C00C1726 		.ascii	"\300\014\027&4\011-\004\313%\333\012g\253b\\`\375\012"
 1890      34092D04 
 1890      CB25DB0A 
 1890      67AB625C 
 1890      60FD0A
 1891 00b7 37184D66 		.ascii	"7\030Mf\213\025\372\341<\257UUu{\350\265\271\353\240"
 1891      8B15FAE1 
 1891      3CAF5555 
 1891      757BE8B5 
 1891      B9EBA0
 1892 00ca CE8421C4 		.ascii	"\316\204!\304\031{\2353\371\231\3460\301C\034\300\020"
 1892      197B9D33 
 1892      F999E630 
 1892      C1431CC0 
 1892      10
 1893 00db 450A9421 		.ascii	"E\012\224!\342^V\023V\325\225[\013\252je!\316\341\022"
 1893      E25E5613 
 1893      56D5955B 
 1893      0BAA6A65 
 1893      21CEE112 
 1894 00ef E01AF800 		.ascii	"\340\032\370\000\340}`\324\010\254[\2117\002\202xoa"
 1894      E07D60D4 
 1894      08AC5B89 
 1894      37028278 
 1894      6F61
 1895 0101 6832730C 		.ascii	"h2s\014\245\015p9\231h\010\374%\210cQ\342\345\241W\005"
 1895      A50D7039 
 1895      996808FC 
ARM GAS  C:\Users\nello\AppData\Local\Temp\ccuEenz7.s 			page 54


 1895      25886351 
 1895      E2E5A157 
 1896 0116 D1085792 		.ascii	"\321\010W\222\211\306\200j\023~\370+@\177\325\304\276"
 1896      89C6806A 
 1896      137EF82B 
 1896      407FD5C4 
 1896      BE
 1897 0127 B286B267 		.ascii	"\262\206\262g-!n\202\217\022\351\214\005\026m\304\275"
 1897      2D216E82 
 1897      8F12E98C 
 1897      05166DC4 
 1897      BD
 1898 0138 18E7AE7C 		.ascii	"\030\347\256|N^\313\210\372I\012u^PC:u1N\3754\205\032"
 1898      4E5ECB88 
 1898      FA490A75 
 1898      5E50433A 
 1898      75314EFD 
 1899 014f 12D4B775 		.ascii	"\022\324\267u\352l\234z-\205:%\250\363:u:N\275\236B"
 1899      EA6C9C7A 
 1899      2D853A25 
 1899      A8F33A75 
 1899      3A4EBD9E 
 1900 0164 1DB19918 		.ascii	"\035\261\231\030\334\000\370\014\340*@\030\340c\210"
 1900      DC00F80C 
 1900      E02A4018 
 1900      E06388
 1901 0173 DE029C37 		.ascii	"\336\002\2347\245\314\314p6w\323\030Vw\"\243\252\372"
 1901      A5CCCC70 
 1901      3677D318 
 1901      567722A3 
 1901      AAFA
 1902 0185 45FD2FD3 		.ascii	"E\375/\323?Y\037\001\206\014\205!\007u\303`\002X\004"
 1902      3F591F01 
 1902      860C8521 
 1902      0775C360 
 1902      025804
 1903 0198 2BC08760 		.ascii	"+\300\207`#\3354\200\005Hg\2706\003\2034gR\311\242\262"
 1903      23DD3480 
 1903      054867B8 
 1903      36038334 
 1903      6752C9A2 
 1904 01ad 874A3616 		.ascii	"\207J6\026\313^,\326\034\032\346R\311\243\222O\275\002"
 1904      CB5E2CD6 
 1904      1C1AE652 
 1904      C9A3924F 
 1904      BD02
 1905 01bf 42FBA814 		.ascii	"B\373\250\024b\261\025\021*&\264\237P\011\241\003\204"
 1905      62B11511 
 1905      2A26B49F 
 1905      5009A103 
 1905      84
 1906 01d0 4AA994D1 		.ascii	"J\251\224\321\260\234P\005\225J\032V\021\252&t\220P"
 1906      B09C5005 
 1906      954A1A56 
 1906      11AA2674 
 1906      9050
 1907 01e2 0DA14384 		.ascii	"\015\241C\204j\251\324\321\260\236P\003!;!\007!'\241"
ARM GAS  C:\Users\nello\AppData\Local\Temp\ccuEenz7.s 			page 55


 1907      6AA9D4D1 
 1907      B09E5003 
 1907      213B2107 
 1907      2127A1
 1908 01f5 46422E42 		.ascii	"FB.Bn*M4l&\304\330(\247s->\245\030\322\030W\364!\260"
 1908      6E2A4D34 
 1908      6C26C4D8 
 1908      28A7732D 
 1908      3EA518D2 
 1909 020e DFE1C57F 		.ascii	"\337\341\305\177\207\377y\247E\3436:\264\026\000\215"
 1909      87FF79A7 
 1909      45E3363A 
 1909      B416008D 
 1910 021e 5B19D178 		.ascii	"[\031\321x2m`'\2704{D\343\031\032O\243U\323\303\177"
 1910      326D6027 
 1910      B8347B44 
 1910      E3191A4F 
 1910      A355D3C3 
 1911 0233 738D6762 		.ascii	"s\215gb\203\326\231\001\237\214\260\230\330\031^6i<"
 1911      83D69901 
 1911      9F8CB098 
 1911      D8195E36 
 1911      693C
 1912 0245 0BE7A4A0 		.ascii	"\013\347\244\240\215\232\223\301\357Q8\035\373\222\235"
 1912      8D9A93C1 
 1912      EF51381D 
 1912      FB929D
 1913 0254 2599B767 		.ascii	"%\231\267g\2335N;J\252\"\251\233\263}\032\337\023\355"
 1913      9B354E3B 
 1913      4AAA22A9 
 1913      9BB37D1A 
 1913      DF13ED
 1914 0267 9AF14661 		.ascii	"\232\361Faw~x\025y\012\366e\323\020u>\373\214\306\263"
 1914      777E7815 
 1914      790AF665 
 1914      D310753E 
 1914      FB8CC6B3 
 1915 027b E56ADC92 		.ascii	"\345j\334\222\004\006\246\202DEs\3314\332\332\336\324"
 1915      0406A682 
 1915      444573D9 
 1915      34DADADE 
 1915      D4
 1916 028c AC1ADF4B 		.ascii	"\254\032\337K\034+\272\034Ti\351\325\225\267\354\032"
 1916      1C2BBA1C 
 1916      5469E9D5 
 1916      95B7EC1A 
 1917 029c CF893EAA 		.ascii	"\317\211>\252Vq\364\336\244k\230\251\016\3614\244\303"
 1917      5671F4DE 
 1917      A46B98A9 
 1917      0EF134A4 
 1917      C3
 1918 02ad 97A2D7F8 		.ascii	"\227\242\327\370\206\252\342C\223\0167\341\"\03537\216"
 1918      86AAE243 
 1918      930E37E1 
 1918      221D3337 
 1918      8E
 1919 02be 67EC219E 		.ascii	"g\354!\236\001_\341\036\342L\012\313\253x\311\271b\323"
ARM GAS  C:\Users\nello\AppData\Local\Temp\ccuEenz7.s 			page 56


 1919      015FE11E 
 1919      E24C0ACB 
 1919      AB78C9B9 
 1919      62D3
 1920 02d0 1C69ECFE 		.ascii	"\034i\354\376>\215\347\211+\026\236\266\326\021\345"
 1920      3E8DE789 
 1920      2B169EB6 
 1920      D611E5
 1921 02df C38A087C 		.ascii	"\303\212\010|\"\270f\326x\201X\221Gf\356\235[\3461\003"
 1921      22B866D6 
 1921      78815891 
 1921      4766EE9D 
 1921      5BE63103 
 1922 02f3 EBE9C240 		.ascii	"\353\351\302@~\252\201U\335\300z.\031\370:j\000\225"
 1922      7EAA8155 
 1922      DDC07A2E 
 1922      19F83A6A 
 1922      0095
 1923 0305 A487C8BB 		.ascii	"\244\207\310\273\2075\216\333\232dB\3006`p\343Z\021"
 1923      87358EDB 
 1923      9A6442C0 
 1923      366070E3 
 1923      5A11
 1924 0317 F66443BE 		.ascii	"\366dC\276\247\306\270!\345\306n-\354L\0305^H,\033\250"
 1924      A7C6B821 
 1924      E5C66E2D 
 1924      EC4C1835 
 1924      5E482C1B 
 1925 032c 2F45135A 		.ascii	"/E\023Z\304\324\212\242\001\331\364\200\320\014\336"
 1925      C4D48AA2 
 1925      01D9F480 
 1925      D00CDE
 1926 033b F442F816 		.ascii	"\364B\370\026Xc9\371\370\016\215\201\310a`\313\242\361"
 1926      586339F9 
 1926      F80E8D81 
 1926      C86160CB 
 1926      A2F1
 1927 034d 62F8267A 		.ascii	"b\370&z\221\350o?\036+T\221\327\010\311\022\305\272"
 1927      91E86F3F 
 1927      1E2B5491 
 1927      D708C912 
 1927      C5BA
 1928 035f C40F5202 		.ascii	"\304\017R\002\371\302\2401\325\340\324}\274\361%RX\370"
 1928      F9C2A031 
 1928      D5E0D47D 
 1928      BCF12552 
 1928      58F8
 1929 0371 3A902C55 		.ascii	":\220,U\242K\335\321\335L\005\327pY)Z\220w\000\323."
 1929      A24BDDD1 
 1929      DD4C05D7 
 1929      7059295A 
 1929      907700D3 
 1930 0386 8B9A9B24 		.ascii	"\213\232\233$s\345\250\203\363\273\232+\323\025\357"
 1930      73E5A883 
 1930      F3BB9A2B 
 1930      D315EF
 1931 0395 C6CC950B 		.ascii	"\306\314\225\013s\246\224\247g2x{\016s\257\210\347\256"
ARM GAS  C:\Users\nello\AppData\Local\Temp\ccuEenz7.s 			page 57


 1931      73A694A7 
 1931      6732787B 
 1931      0E73AF88 
 1931      E7AE
 1932 03a7 C473AF80 		.ascii	"\304s\257\200[\020\315\334\374@\346\377Q\346\225\011"
 1932      5B10CDDC 
 1932      FC40E6FF 
 1932      51E69509 
 1933 03b7 D75495EC 		.ascii	"\327T\225\354\240Rw\260\206\016\024=\341\352\304\204"
 1933      A05277B0 
 1933      860E143D 
 1933      E1EAC484 
 1934 03c7 0F8A84AB 		.ascii	"\017\212\204\253v\275\210j]\342g)\201|a\307\362@\302"
 1934      76BD886A 
 1934      5DE26729 
 1934      817C61C7 
 1934      F240C2
 1935 03da 118CAA26 		.ascii	"\021\214\252&\301\315\241d\251\032]jCw#\023\256ML\270"
 1935      C1CDA164 
 1935      A91A5D6A 
 1935      43772313 
 1935      AE4D4CB8 
 1936 03ee 2E31E17A 		.ascii	".1\341z\324\301\371]\315\325\351\212\277\306\314\325"
 1936      D4C1F95D 
 1936      CDD5E98A 
 1936      BFC6CCD5 
 1937 03fe 0B73D654 		.ascii	"\013s\326Ts\3337~\304\007\253!\301\235=Y\253A\327\372"
 1937      73DB377E 
 1937      C407AB21 
 1937      C19D3D59 
 1937      AB41D7FA 
 1938 0412 0DB5B89E 		.ascii	"\015\265\270\236\225#1+\247\310\312\276\253\035\207"
 1938      9523312B 
 1938      A7C8CABE 
 1938      AB1D87
 1939 0421 2EB12925 		.ascii	".\261)%\220/\243Y\302\315\033\0236w%\257l\324W\376\201"
 1939      902FA359 
 1939      C2CD1B13 
 1939      367725AF 
 1939      6CD457FE 
 1940 0436 2B0DB168 		.ascii	"+\015\261h\2261\032w,\232\031|95%F\203\357=\027\316"
 1940      96311A77 
 1940      2C9A197C 
 1940      39352546 
 1940      83EF3D17 
 1941 044b EFEAA549 		.ascii	"\357\352\245IW\374S*\"\237m\301\300\235\367\236\020"
 1941      57FC532A 
 1941      229F6DC1 
 1941      C09DF79E 
 1941      10
 1942 045c E7699443 		.ascii	"\347i\224C\342+\2351\373\321\207\333\216\236\352z\266"
 1942      E22B9D31 
 1942      FBD187DB 
 1942      8E9EEA7A 
 1942      B6
 1943 046d EB78A0B7 		.ascii	"\353x\240\267\243\313\333\366\274\327w\332\337\323\356"
 1943      A3CBDBF6 
ARM GAS  C:\Users\nello\AppData\Local\Temp\ccuEenz7.s 			page 58


 1943      BCD777DA 
 1943      DFD3EE
 1944 047c E93CD1EB 		.ascii	"\351<\321\353\357\364\265\035\353\364\007z}\235\255"
 1944      EFF4B51D 
 1944      EBF4077A 
 1944      7D9DAD
 1945 048b DEE7BA3C 		.ascii	"\336\347\272<}\315\354\210\303\341\304\257\207\026x"
 1945      7DCDEC88 
 1945      C3E1C4AF 
 1945      871678
 1946 049a FD6E97CB 		.ascii	"\375n\227\313\345\364\372\235\247\332\273\235=^_\300"
 1946      E5F4FA9D 
 1946      A7DABB9D 
 1946      3D5E5FC0 
 1947 04aa EF3CFEF4 		.ascii	"\357<\376\364\343Mngk\353\243\316cO=\366d\237\233\246"
 1947      E34D6E67 
 1947      6BEBA3CE 
 1947      634F3DF6 
 1947      649F9BA6 
 1948 04be 4EF4E0AF 		.ascii	"N\364\340\257\273\273\303\341a\006b\025$\365\034n\317"
 1948      BBBBC3E1 
 1948      61066215 
 1948      24F51C6E 
 1948      CF
 1949 04cf 432D87DD 		.ascii	"C-\207\335\355-\214\367\264w\030\316x;:\315\304\352"
 1949      ED2D8CF7 
 1949      B47718CE 
 1949      783B3ACD 
 1949      C4EA
 1950 04e1 EA78C1E4 		.ascii	"\352x\301\344\361\235i\367\2376z|\336\223'\261b\313"
 1950      F19D69F7 
 1950      9F367A7C 
 1950      DE9327B1 
 1950      62CB
 1951 04f3 8C1CEAFD 		.ascii	"\214\034\352\375\017\230J\027\\"
 1951      0F984A17 
 1951      5C
 1952              		.text
 1953              		.section	.gnu.lto__pal_lld_disablepadevent.406.71a462d7,"e",%progbits
 1954 0000 789C7D55 		.ascii	"x\234}UmL\233U\024\276\347\275o\333\267\200-\337\014"
 1954      6D4C9B55 
 1954      14BEE7BD 
 1954      6FDBB780 
 1954      2DDF0C
 1955 0013 36A06C7C 		.ascii	"6\240l|\314\037\322Q\015.\373\261?3YL0\232l\376#Y\260"
 1955      CC1FD251 
 1955      0D2EFBB1 
 1955      3F33594C 
 1955      309A6CFE 
 1956 002a 8023C394 		.ascii	"\200#\303\224\264e.\376\220w\033P\203&|\216,\006I\366"
 1956      B4652EFE 
 1956      90771B50 
 1956      83267C8E 
 1956      2C0649F6 
 1957 003e A659306E 		.ascii	"\246Y0n\321\304LA*\303M\334\374\312\010\206`\266\351"
 1957      D1C44C41 
 1957      2AC34DDC 
ARM GAS  C:\Users\nello\AppData\Local\Temp\ccuEenz7.s 			page 59


 1957      FCCA0886 
 1957      60B6E9
 1958 0051 16E31C98 		.ascii	"\026\343\034\2301\310\246f\"\246\236s\357K\277\266\331"
 1958      31C8A666 
 1958      22A69E73 
 1958      EF4BBFB6 
 1958      D9
 1959 0062 B4A7F79C 		.ascii	"\264\247\367\234\3679\317y\3569\367\266/k\214M1\306"
 1959      F739CF79 
 1959      EE39F7B6 
 1959      2F6B8C4D 
 1959      31C6
 1960 0074 F6E38759 		.ascii	"\366\343\207Y\031\014\364\367(,\032\215v\250\212r\274"
 1960      190CF4F7 
 1960      282C1A8D 
 1960      76A88A72 
 1960      BC
 1961 0085 FF6D05BE 		.ascii	"\377m\005\276\000\341u\365;\3047\207!D\30072\252\302"
 1961      00E175F5 
 1961      3BC43787 
 1961      2144C037 
 1961      32AAC2
 1962 0098 8918DE02 		.ascii	"\211\030\336\002G\3137\320\300:\024\216\221\016\030"
 1962      47CB37D0 
 1962      C03A148E 
 1962      910E18
 1963 00a7 E44FEABA 		.ascii	"\344O\352\272\376\240\353\335\017.\201>6\015a\316\330"
 1963      FEA0EBDD 
 1963      0F2E813E 
 1963      360D61CE 
 1963      D8
 1964 00b8 2867F235 		.ascii	"(g\3625\302a\200\2079\200j\256\024p\341\212\373X\325"
 1964      C2618087 
 1964      39806AAE 
 1964      1470E18A 
 1964      FB58D5
 1965 00cb B4AECF5E 		.ascii	"\264\256\317^\035\327u;\013s\016\237\002\346\300'\000"
 1965      1DD7753B 
 1965      0B730E9F 
 1965      02E6C027 
 1965      00
 1966 00dc E7805120 		.ascii	"\347\200Q xE#\334; \201k&P\205\211d\240\032\274\246"
 1966      784523DC 
 1966      3B20816B 
 1966      26508589 
 1966      64A01ABC 
 1967 00f1 8932BC0F 		.ascii	"\2112\274\017\350\253\002\321\253gB\275\216\276\243"
 1967      E8AB02D1 
 1967      AB6742BD 
 1967      8EBEA3
 1968 0100 5A985B60 		.ascii	"Z\230[`2\021\316X0*h\207c\330\331\263\304\354\"\350"
 1968      3211CE58 
 1968      302A6887 
 1968      63D8D9B3 
 1968      C4EC22E8 
 1969 0114 E729D0FB 		.ascii	"\347)\320\373\002:\022\207\216\304\240\347S\240\267"
 1969      023A1287 
ARM GAS  C:\Users\nello\AppData\Local\Temp\ccuEenz7.s 			page 60


 1969      8EC4A0E7 
 1969      53A0B7
 1970 0123 356CEC34 		.ascii	"5l\3544\300\024@\004\344\356\201\222\303qMS\241\301"
 1970      C0144004 
 1970      E4EE8192 
 1970      C3714D53 
 1970      A1C1
 1971 0135 0D4D1752 		.ascii	"\015M\027R\262'\354\204=\023/\024\211\025\3722\005z"
 1971      B227EC84 
 1971      3D132F14 
 1971      8915FA32 
 1971      057A
 1972 0147 56403F7E 		.ascii	"V@?~\224\374\257R\240\247\004t\"\016\035\215A/\247@"
 1972      94FCAF52 
 1972      A0A70474 
 1972      220E1D8D 
 1972      412FA740 
 1973 015b 4FD851FE 		.ascii	"O\330Q\376\327\000\227\000f\000.\002\303)\263\340\220"
 1973      D7009700 
 1973      66002E02 
 1973      C329B3E0 
 1973      90
 1974 016c 1D9F6AB1 		.ascii	"\035\237j\261m\215\361$\314\207s\226i}=\332\253\353"
 1974      6D8DF124 
 1974      CC877396 
 1974      697D3DDA 
 1974      ABEB
 1975 017e 377645AF 		.ascii	"7vE\257\237N\253\001\234\206U!\303\321\330T2\0262V2"
 1975      9F4EAB01 
 1975      9C865521 
 1975      C3D1D854 
 1975      32163256 
 1976 0193 36321A19 		.ascii	"62\032\031\032\243\226F\253t2\016\206\364NJ\313$7\213"
 1976      1AA39646 
 1976      AB74320E 
 1976      86F44E4A 
 1976      CB24378B 
 1977 01a7 4C36B939 		.ascii	"L6\2719\264\312\245U\036\255\362\311\024\220\273\211"
 1977      B4CAA555 
 1977      1EADF2C9 
 1977      1490BB89 
 1978 01b7 5685648A 		.ascii	"V\205d\212\310\335L\253-d\212\311-\241U)\255\\h\354"
 1978      C8DD4CAB 
 1978      2D648AC9 
 1978      2DA15529 
 1978      AD5C68EC 
 1979 01cb 650CA56F 		.ascii	"e\014\245o\005\370\014\266\321\204\312\001\306\241\202"
 1979      05F80CB6 
 1979      D184CA01 
 1979      C6A182
 1980 01da A1FE4ADA 		.ascii	"\241\376J\332M\025\303\375lg\270#\306z9\235r\361*E\267"
 1980      4D15C3FD 
 1980      6C67B823 
 1980      C67A399D 
 1980      72F12A45 
 1981 01ef 8F2B7117 		.ascii	"\217+q\027\330]8vo|\341>7\3441\266\202\376V\247\256"
 1981      D85D3876 
ARM GAS  C:\Users\nello\AppData\Local\Temp\ccuEenz7.s 			page 61


 1981      6F7CE13E 
 1981      37E431B6 
 1981      82FE56A7 
 1982 0204 62F84264 		.ascii	"b\370Bd)\303\340\216\221\2158\265\3734\340\215Xt\206"
 1982      29C3E08E 
 1982      918D38B5 
 1982      FB34E08D 
 1982      587486
 1983 0217 791AC2E1 		.ascii	"y\032\302\341;`;N\351:\216>\035\276\207\367\304\325"
 1983      3B603B4E 
 1983      E93A8E3E 
 1983      1DBE87F7 
 1983      C4D5
 1984 0229 20BA1F17 		.ascii	" \272\037\027\220M\201o!\306R\226\222\253$\345^\301"
 1984      904D816F 
 1984      21C65296 
 1984      92AB24E5 
 1984      5EC1
 1985 023b 5C10B9C7 		.ascii	"\\\020\271\307\327\272\027&k\015\276\215Jf\000\030|"
 1985      D7BA1726 
 1985      6B0DBE8D 
 1985      4A660018 
 1985      7C
 1986 024c 2B450742 		.ascii	"+E\007B+\223\273\015\216\254\016\344\242\310ph\006="
 1986      2B93BB0D 
 1986      8EAC0EE4 
 1986      A2C87068 
 1986      063D
 1987 025e 15911866 		.ascii	"\025\221\030fK\320\271t\261\010}J\263\200\274\241}\234"
 1987      4BD0B974 
 1987      B1087D4A 
 1987      B380BCA1 
 1987      7D9C
 1988 0270 A7EC733D 		.ascii	"\247\354s=\264\020\231S\361\007\300\340\026\203\227"
 1988      B4109953 
 1988      F107C0E0 
 1988      168397
 1989 027f 13CF48F7 		.ascii	"\023\317H\367\014\222X1@\2516\2228\235N\017\326\273"
 1989      0C925831 
 1989      40A93692 
 1989      389D4E0F 
 1989      D6BB
 1990 0291 7FC2A80D 		.ascii	"\177\302\250\015\237I)i\262\3522\346V`\\\242\235\022"
 1990      9F492969 
 1990      B2EA32E6 
 1990      56605CA2 
 1990      9D12
 1991 02a3 B912D969 		.ascii	"\271\022\331i\360J\324*\241\212\204F#o\030\\3\2436\340"
 1991      F04AD42A 
 1991      A18A8446 
 1991      236F185C 
 1991      33A336E0 
 1992 02b7 14FDA8FB 		.ascii	"\024\375\250\373\026\022Ta\\\006U\331\376;?\240\036"
 1992      16125461 
 1992      5C0655D9 
 1992      FE3B3FA0 
 1992      1E
ARM GAS  C:\Users\nello\AppData\Local\Temp\ccuEenz7.s 			page 62


 1993 02c8 3B853454 		.ascii	";\2054T`\266\177v\251\304\340if\373\265\204\366\347"
 1993      60B67F76 
 1993      A9C4E069 
 1993      66FBB584 
 1993      F6E7
 1994 02da 87F91308 		.ascii	"\207\371\023\010\207\253\"fv\321\001\327\260\213\012"
 1994      87AB2266 
 1994      76D101D7 
 1994      B08B0A
 1995 02e9 631EF417 		.ascii	"c\036\364\027K\250\255\327\261T\245\234\011\212\\\306"
 1995      4BA8ADD7 
 1995      B154A59C 
 1995      098A5CC6 
 1996 02f9 7DA61BD4 		.ascii	"}\246\033\324\374*\251\217\224l\307\030\314\203\350"
 1996      FC2AA98F 
 1996      946CC718 
 1996      CC83E8
 1997 0308 969A7A2A 		.ascii	"\226\232z*\036\254\017\242,\347\306\034\355\006\317"
 1997      1EAC0FA2 
 1997      2CE7C61C 
 1997      ED06CF
 1998 0317 DCD0A089 		.ascii	"\334\320\240\211):\305\024\313\250\326\317X\234\313"
 1998      293AC514 
 1998      CBA8D6CF 
 1998      589CCB
 1999 0326 F19F0CDD 		.ascii	"\361\237\014\335R\014\236\205\243\021,\213\271\006\317"
 1999      520C9E85 
 1999      A3112C8B 
 1999      B906CF
 2000 0335 961C5814 		.ascii	"\226\034X\024k\346 \017>'\316\325\036Hf\314\2163\336"
 2000      6BE6200F 
 2000      3E27CED5 
 2000      1E4866CC 
 2000      8E33DE
 2001 0348 948C8817 		.ascii	"\224\214\210\0274'\377\305y\347&h\311K\316\314\215g"
 2001      3427FFC5 
 2001      79E72668 
 2001      C94BCECC 
 2001      8D67
 2002 035a FE82996A 		.ascii	"\376\202\231j\242\226\374D-\005\211Z6!\017>\177\244"
 2002      A296FC44 
 2002      2D05895A 
 2002      36210F3E 
 2002      7FA4
 2003 036c 968238E3 		.ascii	"\226\2028\343\257\222\021\361\222\364\306\371#\006/"
 2003      AF9211F1 
 2003      92F4C6F9 
 2003      23062F
 2004 037b 8CB1E201 		.ascii	"\214\261\342\001/\212\261\316\243\316\315\342\240\026"
 2004      2F8AB1CE 
 2004      A3CECDE2 
 2004      A016
 2005 0389 4ADA7925 		.ascii	"J\332y%6\271\014A\\\224t\370\177\223\027\007\223$\367"
 2005      36B90C41 
 2005      5C9474F8 
 2005      7F931707 
 2005      9324F7
ARM GAS  C:\Users\nello\AppData\Local\Temp\ccuEenz7.s 			page 63


 2006 039c 6DE2DE92 		.ascii	"m\342\336\222\310]\234\304\215\207\242\014\001\217\341"
 2006      C85D9CC4 
 2006      8D87A20C 
 2006      018FE1
 2007 03ab 2E4EE25E 		.ascii	".N\342^\224\027\013\223d\017\243\230_j\366p\370\375"
 2007      94170B93 
 2007      640FA398 
 2007      5F6AF670 
 2007      F8FD
 2008 03bd BC94DCD2 		.ascii	"\274\224\334\322\244\334\3371\327B\271B\310PO\3642\336"
 2008      A4DCDF31 
 2008      D742B942 
 2008      C8504FF4 
 2008      32DE
 2009 03cf 0797791C 		.ascii	"\007\227y\034\235\342\350u\202\202\3131n\236M\374U\312"
 2009      9DE2E875 
 2009      8282CB31 
 2009      6E9E4DFC 
 2009      55CA
 2010 03e1 8465803B 		.ascii	"\204e\200;\302\367\310Ff\301]q\213\305_\331\016\031"
 2010      C2F7C846 
 2010      66C15D71 
 2010      8BC55FD9 
 2010      0E19
 2011 03f3 CB861524 		.ascii	"\313\206\025$\2672\326iv\333\016\253(s\025\272\\Lp\346"
 2011      B732D669 
 2011      76DB0EAB 
 2011      287315BA 
 2011      5C4C70E6 
 2012 0407 8C4AD92E 		.ascii	"\214J\331.\252\225\013o\206y\236\330\200\366\230\242"
 2012      AA950B6F 
 2012      86799ED8 
 2012      80F698A2 
 2013 0417 7F3C54F4 		.ascii	"\177<T\364O\263\250Y1\037\376\302\2126\306\2100\037"
 2013      4FB3A859 
 2013      311FFEC2 
 2013      8A36C688 
 2013      301F
 2014 0429 D8FFB2FD 		.ascii	"\330\377\262\375\375\020\333Z2[\001\374\203l\370\357"
 2014      FD10DB5A 
 2014      325B01FC 
 2014      836CF8EF 
 2015 0439 0CD5E2E6 		.ascii	"\014\325\342\346X\022o\316=8v\363\334\234F\1774\364"
 2015      58126FCE 
 2015      3D3876F3 
 2015      DC9C467F 
 2015      34F4
 2016 044b EAE590F8 		.ascii	"\352\345\220\370\343\313\330S{v\325\3579\330\362J\313"
 2016      E3CBD853 
 2016      7B76D5EF 
 2016      39D8F24A 
 2016      CB
 2017 045c BE607B63 		.ascii	"\276`{c\213\257\376u\237\377P\240\255\301\333t\240="
 2017      8BAFFE75 
 2017      9FFF50A0 
 2017      ADC1DB74 
 2017      A03D
ARM GAS  C:\Users\nello\AppData\Local\Temp\ccuEenz7.s 			page 64


 2018 046e D0E4AFDF 		.ascii	"\320\344\257\337\333\024\010\266\373\233\352|\257\266"
 2018      DB1408B6 
 2018      FB9BEA7C 
 2018      AFB6
 2019 047c 780F3FC3 		.ascii	"x\017?\303vWW\273\361\355\245\004_\300SSS\343\366\005"
 2019      765757BB 
 2019      F1EDA504 
 2019      5FC05353 
 2019      53E3F605 
 2020 0490 DC071B5A 		.ascii	"\334\007\033Z\335m>\1770\340\336\267\377\205\247=\356"
 2020      DD6D3E7F 
 2020      30E0DEB7 
 2020      FF85A73D 
 2020      EE
 2021 04a1 BABAE7DC 		.ascii	"\272\272\347\334{_z\376\305\303\036zt\240\015?\255\255"
 2021      7B5F7AFE 
 2021      C5C31E7A 
 2021      74A00D3F 
 2021      ADAD
 2022 04b3 8DD55EA6 		.ascii	"\215\325^\246\022\252 )V\355\361>[\273\323\323P\313"
 2022      12AA2029 
 2022      56EDF13E 
 2022      5BBBD3D3 
 2022      50CB
 2023 04c5 785B43A3 		.ascii	"x[C\243\2459\030\360\327X\374dm\350\277\326\0208d\243"
 2023      A53918F0 
 2023      D758FC64 
 2023      6DE8BFD6 
 2023      103864A3 
 2024 04d9 A496C623 		.ascii	"\244\226\306#V\257\237V\026\257\337\327\334\214\026"
 2024      56AF9F56 
 2024      16AFDFD7 
 2024      DC8C16
 2025 04e8 43FF01B6 		.ascii	"C\377\001\266\022\332\254"
 2025      12DAAC
 2026              		.text
 2027              		.section	.gnu.lto_.symbol_nodes.71a462d7,"e",%progbits
 2028 0000 789C7DD0 		.ascii	"x\234}\320\275\011BA\020\304\361\331\235\367\364\031"
 2028      BD094241 
 2028      10C4F1D9 
 2028      9DF7F419 
 2029 0010 0BA60636 		.ascii	"\013\246\0066`\015Z\212U\030\315]d*~\201\305h\011\366"
 2029      600D5A8A 
 2029      5518CD5D 
 2029      642A7E81 
 2029      C56809F6 
 2030 0024 20826015 		.ascii	" \202`\025\352\301\013N\204\335l\231_\364_\033\000\037"
 2030      EAC10B4E 
 2030      84DD6C99 
 2030      5FF45F1B 
 2030      001F
 2031 0036 0BEFFEA6 		.ascii	"\013\357\376\246\266\275\001\002.)\3479\312\374\005"
 2031      B6BD0102 
 2031      2E29E739 
 2031      CAFC05
 2032 0045 7793C5E2 		.ascii	"w\223\305\342\351\362X\274\\\214\305\236j\376\3045g"
 2032      E9F258BC 
ARM GAS  C:\Users\nello\AppData\Local\Temp\ccuEenz7.s 			page 65


 2032      5C8CC59E 
 2032      6AFEC435 
 2032      67
 2033 0056 EB41BB23 		.ascii	"\353A\273#6\213\"\017T\033I?R\203\020\234\250a\004\354"
 2033      368B220F 
 2033      541B493F 
 2033      5283109C 
 2033      A86104EC 
 2034 006a 4C75BF00 		.ascii	"Lu\277\000H)\225\225V\345Z\322\25343rT\177M\025e\305"
 2034      48299595 
 2034      56E55AD2 
 2034      AB343372 
 2034      547F4D15 
 2035 0080 AE0AF098 		.ascii	"\256\012\360\230\340\003\225\276\242@"
 2035      E00395BE 
 2035      A240
 2036              		.text
 2037              		.section	.gnu.lto_.refs.71a462d7,"e",%progbits
 2038 0000 789C9365 		.ascii	"x\234\223e```fabeb`de\001bV\006f\016&V- K\007\210u\031"
 2038      60606066 
 2038      61626562 
 2038      60646501 
 2038      62560666 
 2039 001e 18000BF0 		.ascii	"\030\000\013\360\000\344"
 2039      00E4
 2040              		.text
 2041              		.section	.gnu.lto_.decls.71a462d7,"e",%progbits
 2042 0000 789CA557 		.ascii	"x\234\245W{TT\327\325\277\373\234yq\035\204F\254\351"
 2042      7B5454D7 
 2042      D5BFFB9C 
 2042      79711D84 
 2042      46ACE9
 2043 0013 4A9BF2A5 		.ascii	"J\233\362\245$\241\355\027\021\222e\262\332\365}\313"
 2043      24A1ED17 
 2043      119265B2 
 2043      DAF57DCB 
 2044 0023 7E828FA5 		.ascii	"~\202\217\245F:\230\246\351J\327\024\231)\320\000Ca"
 2044      463A98A6 
 2044      E94AD714 
 2044      9929D000 
 2044      4361
 2045 0035 F0B3FF74 		.ascii	"\360\263\377t]E\344\241\"\212\211\032\015\242\251Q\203"
 2045      5D45E4A1 
 2045      228A891A 
 2045      0DA2A951 
 2045      83
 2046 0046 51341249 		.ascii	"Q4\022I\010\212\240\311\250h@AT\014\276\210\201\370"
 2046      088AA0C9 
 2046      A8684041 
 2046      540CBE88 
 2046      81F8
 2047 0058 22BEC027 		.ascii	"\"\276\300'\337>\347\276f\346N\372\372\356\232=\347"
 2047      DF3EE7BE 
 2047      66E64EFA 
 2047      FAEE9A3D 
 2047      E7
 2048 0069 3E7E7BEF 		.ascii	">~{\357\337\336g\237}\317}u\214 \0343\011\302\037\250"
ARM GAS  C:\Users\nello\AppData\Local\Temp\ccuEenz7.s 			page 66


 2048      DFDE679F 
 2048      7DCF7D75 
 2048      8C201C33 
 2048      09C21FA8 
 2049 007d 200CE311 		.ascii	" \014\343\021&\010B\273\240\037\354z?\312\021\224/P"
 2049      260842BB 
 2049      A01FEC7A 
 2049      3FCA1194 
 2049      2F50
 2050 008f 4EA274A3 		.ascii	"N\242t\243\\E\031Dy\200\362\010\005P\376\003\204\200"
 2050      5C451944 
 2050      7980F208 
 2050      0550FE03 
 2050      8480
 2051 00a1 A314AFCD 		.ascii	"\243\024\257\3158f\240<\206\022\205\362\024\336\033"
 2051      3866A03C 
 2051      861285F2 
 2051      14DE1B
 2052 00b0 8542D83D 		.ascii	"\205B\330=\034\277\007\262\356~\301x\254\001\331\277"
 2052      1CBF07B2 
 2052      EE7EC178 
 2052      AC01D9BF 
 2053 00c0 BFFE4F40 		.ascii	"\277\376O@\266\361}\305N\014J\213\342\177\264b\367\310"
 2053      B6F17DC5 
 2053      4E0C4A8B 
 2053      E27FB462 
 2053      F7C8
 2054 00d2 77D85B87 		.ascii	"w\330[\207\317-!\354=\215\322\252`\210\022\347\221\020"
 2054      CF2D21EC 
 2054      3D8DD2AA 
 2054      608812E7 
 2054      9110
 2055 00e4 FA3B1067 		.ascii	"\372;\020g\015\241\337\201\34338v\371\3318\251\344%"
 2055      0DA1DF81 
 2055      E3333876 
 2055      F9D938A9 
 2055      E425
 2056 00f6 F8D88DB8 		.ascii	"\370\330\215\270\360 \033\257)v\236E\211F\371\261\022"
 2056      F0201BAF 
 2056      29769E45 
 2056      8946F9B1 
 2056      12
 2057 0107 9FCA4BC4 		.ascii	"\237\312K\3041\035G\234\"\341Gx\376C\224'\224X\273\025"
 2057      311D479C 
 2057      22E14778 
 2057      FE439427 
 2057      9458BB15 
 2058 011b BEA1F2DF 		.ascii	"\276\241\362\337\215\327#\202|\275\202\367.\342x\016"
 2058      8DD72382 
 2058      7CBD82F7 
 2058      2EE2780E 
 2059 012b 651CF389 		.ascii	"e\034\363\211\343\357PR\360\374\347J~\246\341\3702\312"
 2059      E3EF5052 
 2059      F0FCE74A 
 2059      7EA6E1F8 
 2059      32CA
 2060 013d 0C942928 		.ascii	"\014\224)(\277FIV\346\351j\210\230\256\343\203\210\020"
ARM GAS  C:\Users\nello\AppData\Local\Temp\ccuEenz7.s 			page 67


 2060      BF464956 
 2060      E6E96A88 
 2060      98AEE383 
 2060      8810
 2061 014f 7E6EE238 		.ascii	"~n\3428\340\347\207\305\371\006\236\227\243\374\011"
 2061      E0E787C5 
 2061      F9069E97 
 2061      A3FC09
 2062 015e E5F78ACF 		.ascii	"\345\367\212\317%J\235\314\306\261\020e>\310\265\263"
 2062      254A9DCC 
 2062      C6B11065 
 2062      3EC8B5B3 
 2063 016e 48F139A8 		.ascii	"H\3619\250\304\267&(\276\273x\375\370w\370\035\247\370"
 2063      C4B72628 
 2063      BEBB78FD 
 2063      F877F81D 
 2063      A7F8
 2064 0180 7956F1F9 		.ascii	"yV\361\371\023\305\017\363\307x\250\376\203s\376\214"
 2064      13C50FF3 
 2064      C778A8FE 
 2064      8373FE8C 
 2065 0190 92832EBF 		.ascii	"\222\203.\277\274\263\032Ty\315\366\343V\002\306\371"
 2065      BCB31A54 
 2065      79CDF6E3 
 2065      5602C6F9 
 2066 01a0 78A0CC3D 		.ascii	"x\240\314=;\337\000\3069YC\311W\035=\237\213_\311\367"
 2066      3BDF00C6 
 2066      395943C9 
 2066      571D3D9F 
 2066      8B5FC9F7 
 2067 01b4 4D2E0038 		.ascii	"M.\00089\036\377D\341wT\210\222\210D,.JD*R\227\350\203"
 2067      391EFF44 
 2067      E1775488 
 2067      9288442C 
 2067      2E4A442A 
 2068 01cc 27636FD1 		.ascii	"'co\321\0116\022\033!\3326\267@\244h\266\021\322gu\211"
 2068      0936121B 
 2068      21DA36B7 
 2068      40A468B6 
 2068      11D26775 
 2069 01e1 B1F7602B 		.ascii	"\261\367`+\251\266DO\220L\256\305\243\373\254\022\251"
 2069      A9B6444F 
 2069      904CAEC5 
 2069      A3FBAC12 
 2069      A9
 2070 01f2 7839EAF9 		.ascii	"x9\352\371\011\370\337g\365\201\013\265\222M\266H<\353"
 2070      09F8DF67 
 2070      F5810BB5 
 2070      924DB648 
 2070      3CEB
 2071 0204 B38AB768 		.ascii	"\263\212\267h\365\022\213\353\010)y\026| \272\022\242"
 2071      F5128BEB 
 2071      08297916 
 2071      7C20BA12 
 2071      A2
 2072 0215 24499A60 		.ascii	"$I\232`\263=\031\321L\233\351$A\260\331j\267\215\026"
 2072      B33D19D1 
ARM GAS  C:\Users\nello\AppData\Local\Temp\ccuEenz7.s 			page 68


 2072      4C9BE924 
 2072      41B0D96A 
 2072      B78D16
 2073 0228 FBAC1168 		.ascii	"\373\254\021h\"\326\025\035\351\212\216\360\201\331"
 2073      22D6151D 
 2073      E98A8EF0 
 2073      81D9
 2074 0236 E512A362 		.ascii	"\345\022\243b\005$\341JH\230@D\264l\262\371 \201\202"
 2074      0524E14A 
 2074      48984044 
 2074      B46CB2F9 
 2074      208182
 2075 0249 3D413A7F 		.ascii	"=A:\177y\214h\026\303\236\214\216\025\004\2270\211\240"
 2075      798C6816 
 2075      C39E8C8E 
 2075      15049730 
 2075      89A0
 2076 025b 5D3AAC1E 		.ascii	"]:\254\036`E\237.\375\022 V$\011\204N\353\303\265CH"
 2076      60459F2E 
 2076      FD122056 
 2076      2409844E 
 2076      EBC3B543 
 2077 0270 B4204826 		.ascii	"\264 H&\233\335\016\022\016a\316i\256\344\004Q\350\263"
 2077      9BDD0E12 
 2077      0E61CE69 
 2077      AEE40451 
 2077      E8B3
 2078 0282 127C1465 		.ascii	"\022|\024e\002\211\200\256)Zp\332\211\2347^\012\001"
 2078      028980AE 
 2078      295A70DA 
 2078      899C375E 
 2078      0A01
 2079 0294 B964173A 		.ascii	"\271d\027:V\320\237\023P\037\313\270\240\031Pl\361\373"
 2079      56D09F13 
 2079      501FCBB8 
 2079      A019506C 
 2079      F1FB
 2080 02a6 A0D95715 		.ascii	"\240\331W\025t5?\343\020\244\016\354`\377\376\012:G"
 2080      74353FE3 
 2080      10A40EEC 
 2080      60FFFE0A 
 2080      3A47
 2081 02b8 CD3FD168 		.ascii	"\315?\321h\201\016\011\"\316\255\200J\310xP\265l\366"
 2081      810E0922 
 2081      CEAD804A 
 2081      C87850B5 
 2081      6CF6
 2082 02ca 5576179B 		.ascii	"Uv\027\233/a\332\244UQ0\272b\202\000\364\011\201\376"
 2082      2F61DAA4 
 2082      555130BA 
 2082      628200F4 
 2082      0981FE
 2083 02dd 548893F8 		.ascii	"T\210\223\370q!_\200\335\262\205\334\021\313)<\006&"
 2083      71215F80 
 2083      DDB285DC 
 2083      11CB293C 
 2083      0626
ARM GAS  C:\Users\nello\AppData\Local\Temp\ccuEenz7.s 			page 69


 2084 02ef FC8F8268 		.ascii	"\374\217\202h\212e\212\352\027n}\260\211\214\222\261"
 2084      8A658AEA 
 2084      176E7DB0 
 2084      898C92B1 
 2085 02ff 4D32C306 		.ascii	"M2\303\006\200O\001\352\331\005]\306A\225\207J/\213"
 2085      804F01EA 
 2085      D9055DC6 
 2085      4195874A 
 2085      2F8B
 2086 0311 81A0461D 		.ascii	"\201\240F\035\304\254\\-\364\331\354M\2224 U7\233`\017"
 2086      C4AC5C2D 
 2086      F4D9EC4D 
 2086      92342055 
 2086      379B600F 
 2087 0325 C027001F 		.ascii	"\300'\000\0373\362{\201\0036\267\235\331<\322$\360\033"
 2087      33F27B81 
 2087      0336B79D 
 2087      D93CD224 
 2087      F01B
 2088 0337 E0E13C08 		.ascii	"\340\341<\010\347\021\211\017\327\034\2509\0371\006"
 2088      E711890F 
 2088      D71CA839 
 2088      1F3106
 2089 0346 6D5F91A4 		.ascii	"m_\221\244(\310\200f\200}L\267\005\343g\356\236\252"
 2089      28C88066 
 2089      807D4CB7 
 2089      05E367EE 
 2089      9EAA
 2090 0358 A89086EE 		.ascii	"\250\220\206\356\226\035i\211k)*\226\332\020X\001\354"
 2090      961D6989 
 2090      6B292A96 
 2090      DA105801 
 2090      EC
 2091 0369 297CA430 		.ascii	")|\2440\020\360L\200:\200]\220[\026No\203@\313\010s"
 2091      10F04C80 
 2091      3A805D90 
 2091      5B164E6F 
 2091      8340CB08 
 2092 037e FBE59737 		.ascii	"\373\345\22777X\002\211\177\006\360\271\032\335\032"
 2092      37580289 
 2092      7F06F0B9 
 2092      1ADD1A
 2093 038d 0EBABEA3 		.ascii	"\016\272\276\243\256\305\036\010\362\351 \004\014wt"
 2093      AEC51E08 
 2093      F2E92004 
 2093      0C7774
 2094 039c DD033DBA 		.ascii	"\335\003=\272\203zt\207\344\350:\267\035\274k\341\321"
 2094      837A7487 
 2094      E4E83AB7 
 2094      1DBC6BE1 
 2094      D1
 2095 03ad 1DC2E8F0 		.ascii	"\035\302\350\360\306\356\356\215\267I\210\210Z\221\346"
 2095      C6EEEE8D 
 2095      B7498888 
 2095      5A91E6
 2096 03bc 6125A2FA 		.ascii	"a%\242\372\217*\337Yj\2256#j\012>\200\003Z0\007\264"
 2096      8F2ADF59 
ARM GAS  C:\Users\nello\AppData\Local\Temp\ccuEenz7.s 			page 70


 2096      6A953623 
 2096      6A0A3E80 
 2096      035A3007 
 2097 03d1 60AEDBE9 		.ascii	"`\256\333\351I\"\243;V\372~\271Vj\232\217\034M\014~"
 2097      4922A33B 
 2097      56FA7EB9 
 2097      566A9A8F 
 2097      1C4D0C7E 
 2098 03e5 54831FD5 		.ascii	"T\203\037\325\340\035v\272\216\012\230W\013_.V~\306"
 2098      E01D76BA 
 2098      8E0A9857 
 2098      0B5F2E56 
 2098      7EC6
 2099 03f7 C29A4BEB 		.ascii	"\302\232K\353(\017\365Dg\263E\224X$M\013\302\004%\016"
 2099      280FF544 
 2099      67B34594 
 2099      58244D0B 
 2099      C204250E 
 2100 040b 380E88AB 		.ascii	"8\016\210\253\0078\006\320\016\010\273\274gx\016\017"
 2100      073806D0 
 2100      0E08BBBC 
 2100      67780E0F 
 2101 041b A7430E67 		.ascii	"\247C\016g\313\325X5\272N\366\274\354\334\272\277\206"
 2101      CBD55835 
 2101      BA4EF6BC 
 2101      ECDCBABF 
 2101      86
 2102 042c 88AE0B4D 		.ascii	"\210\256\013M\235P\242\253\335\336\230+\207\326\005"
 2102      9D50A2AB 
 2102      DDDE982B 
 2102      87D605
 2103 043b D0A6716D 		.ascii	"\320\246qm\323\270\276g\247\015\234SqC\371a1\204\265"
 2103      D3B8BE67 
 2103      A70D9C53 
 2103      7143F961 
 2103      3184B5
 2104 044e D308F5F0 		.ascii	"\323\010\365\360\3646\264\017\256\267?\265\012\213`"
 2104      F436B40F 
 2104      AEB73FB5 
 2104      0A8B60
 2105 045d 6755690B 		.ascii	"gUi\013\310Y\220L\210\200S\232\345S\232\345\245vZbb"
 2105      C859904C 
 2105      8880539A 
 2105      E5539AE5 
 2105      A5765A62 
 2106 0472 59789667 		.ascii	"Yx\226g!\202\237\011\264\312\304l\335\253\334}\326."
 2106      21829F09 
 2106      B4CAC46C 
 2106      DDABDC7D 
 2106      D62E
 2107 0484 360567E0 		.ascii	"6\005g\340, \0063\320\003\360%\213\360N\325g'D\036\363"
 2107      2C200633 
 2107      D003F025 
 2107      8BF04ED5 
 2107      6727441E 
 2108 0499 394C01DD 		.ascii	"9L\001\335\304u\333z\326\037\2160\352^\010\322\255?"
 2108      C475DB7A 
ARM GAS  C:\Users\nello\AppData\Local\Temp\ccuEenz7.s 			page 71


 2108      D61F8E30 
 2108      EA5E08D2 
 2108      AD3F
 2109 04ab B1A7C5C4 		.ascii	"\261\247\305\304u/\002\234gw\272\213v\224C@\205\011"
 2109      752F029C 
 2109      6777BA8B 
 2109      76944340 
 2109      8509
 2110 04bd F0955A84 		.ascii	"\360\225Z\204\273\270\355\316\223\276\362\210\300\""
 2110      BBB8EDCE 
 2110      93BEF288 
 2110      C022
 2111 04cb BC041A08 		.ascii	"\274\004\032\010\001\307\032\253\216\233\364\"\374Z"
 2111      01C71AAB 
 2111      8E9BF422 
 2111      FC5A
 2112 04d9 2FC23EFC 		.ascii	"/\302>\374\243\373\270\225\376{\037~\033\036\002\004"
 2112      A3FBB895 
 2112      FE7B1F7E 
 2112      1B1E0204 
 2113 04e9 FDC0616C 		.ascii	"\375\300al\261\315\277\275Q\216\354\033\200^\306\356"
 2113      B1CDBFBD 
 2113      518EEC1B 
 2113      805EC6EE 
 2114 04f9 6077D5E5 		.ascii	"`w\325\345P\023p\005\365.\313J=\355\333o\217d3P\373"
 2114      50137005 
 2114      F52ECB4A 
 2114      3DEDDB6F 
 2114      8F643350 
 2115 050e 7161B114 		.ascii	"qa\261\024)\247\377\012\300\031-\375g\264\364\177-\322"
 2115      29A7FF0A 
 2115      C0192DFD 
 2115      67B4F47F 
 2115      2DD2
 2116 0520 5693407B 		.ascii	"V\223@{9\241\246\367\336/\036iL\331\365\240\224\335"
 2116      39A1A6F7 
 2116      DE2F1E69 
 2116      4CD9F5A0 
 2116      94DD
 2117 0532 38DE7996 		.ascii	"8\336y\226pR\003,\3357\270\356\246\206\276\033f\243"
 2117      7052032C 
 2117      DD37B8EE 
 2117      A686BE1B 
 2117      66A3
 2118 0544 EE8D20DD 		.ascii	"\356\215 \335\332w\372\262\271\352M\200oy\365\366V6"
 2118      DA77FAB2 
 2118      B9EA4D80 
 2118      6F79F5F6 
 2118      5636
 2119 0556 1335C25B 		.ascii	"\0235\302[\354N\347\376\272\037\205\010\360\016Z\273"
 2119      EC4EE7FE 
 2119      BA1F8508 
 2119      F00E5ABB 
 2120 0566 ADACE02B 		.ascii	"\255\254\340+\027\366\022\036\340\366\"-\300;\000\327"
 2120      17F6121E 
 2120      E0F6222D 
 2120      C03B00D7 
ARM GAS  C:\Users\nello\AppData\Local\Temp\ccuEenz7.s 			page 72


 2121 0576 B400AF69 		.ascii	"\264\000\257i\001\236\011\243\0178\301\242\212\033O"
 2121      019E09A3 
 2121      0F38C1A2 
 2121      8A1B4F
 2122 0585 A99ED932 		.ascii	"\251\236\3312\3314\370\326\337F\250\216\3572\307E\353"
 2122      D934F8D6 
 2122      DF46A88E 
 2122      EF32C745 
 2122      EB
 2123 0596 4F1FB684 		.ascii	"O\037\266\204\360|\037\215\335\223=\237\353\336\334"
 2123      F07C1F8D 
 2123      DD933D9F 
 2123      EBDEDC
 2124 05a5 67E59E6B 		.ascii	"g\345\236k\2125\317\367\001\2064\317C\232\347\026\033"
 2124      8A35CFF7 
 2124      018634CF 
 2124      439AE716 
 2124      1B
 2125 05b6 7DD3CC94 		.ascii	"}\323\314\224\206\012\013?D%I\032\372\250\262t\221e"
 2125      860A0B3F 
 2125      4425491A 
 2125      FAA8B274 
 2125      9165
 2126 05c8 ADD44CD8 		.ascii	"\255\324L\330:{\250\351<\344\003}\317,\360^+\311\315"
 2126      3A7BA8E9 
 2126      3CE4037D 
 2126      CF2CF05E 
 2126      2BC9CD
 2127 05db 568AE457 		.ascii	"V\212\344W\021\314m\315\316A\320:\001\336T\253\251\220"
 2127      11CC6DCD 
 2127      CE41D03A 
 2127      01DE54AB 
 2127      A990
 2128 05ed 081007F3 		.ascii	"\010\020\007\363\011G\332\350N\356\257\177h\301\345"
 2128      0947DAE8 
 2128      4EEEAF7F 
 2128      68C1E5
 2129 05fc 081E593A 		.ascii	"\010\036Y:\217\364~\357\256\302P\375\255\030\225\027"
 2129      8FF47EEF 
 2129      AEC250FD 
 2129      AD189517 
 2130 060c 121ED782 		.ascii	"\022\036\327\202\362\242\036\213^\212\305D\363PB\030"
 2130      F2A21E8B 
 2130      5E8AC544 
 2130      F3504218 
 2131 061c 4B5AC72D 		.ascii	"KZ\307-\227\016\336\357\037\021\002\006\245D\001r\346"
 2131      970EDEEF 
 2131      1F110206 
 2131      A5440172 
 2131      E6
 2132 062d 4D026D31 		.ascii	"M\002m1\013\3640J;\312\011\246k\351\272\366\355\272"
 2132      0BF4304A 
 2132      3BCA09A6 
 2132      6BE9BAF6 
 2132      EDBA
 2133 063f 11A36262 		.ascii	"\021\243bb\220\307\002\326\026\005XD`\001\341o\260\012"
 2133      90C702D6 
ARM GAS  C:\Users\nello\AppData\Local\Temp\ccuEenz7.s 			page 73


 2133      16055844 
 2133      6001E16F 
 2133      B00A
 2134 0651 A60BCB09 		.ascii	"\246\013\313\011,cor\264?\264\253|i\313H\354\035\013"
 2134      2C636F72 
 2134      B43FB4AB 
 2134      7C69CB48 
 2134      EC1D0B
 2135 0664 ECEC1DB4 		.ascii	"\354\354\035\264\2240\210J)N`\345\305`\265\345\254\300"
 2135      9430884A 
 2135      294E60E5 
 2135      C560B5E5 
 2135      ACC0
 2136 0676 654CB901 		.ascii	"eL\271\001\023\3177j7/\264\363\367E\240\323\306`\247"
 2136      13CF376A 
 2136      372FB4F3 
 2136      F745A0D3 
 2136      C660A7
 2137 0689 6BA86968 		.ascii	"k\250ihmU\265m\224\221 \276\204Vp\354\233\014\210\217"
 2137      6D55B56D 
 2137      949120BE 
 2137      845670EC 
 2137      9B0C888F 
 2138 069d 87EE5CAB 		.ascii	"\207\356\\\253\355\214Y!I\276&\200J\002K\010\003\310"
 2138      ED8C5921 
 2138      49BE2680 
 2138      4A024B08 
 2138      03C8
 2139 06af 683FD765 		.ascii	"h?\327e\367\367\317\2130\272\366\005\230\3433\027)O"
 2139      F7F7CF8B 
 2139      30BAF605 
 2139      98E33317 
 2139      294F
 2140 06c1 38D0120B 		.ascii	"8\320\022\013*\332\232\216\015\177f\305T\371QYE`%3\376"
 2140      2ADA9A8E 
 2140      0D7F66C5 
 2140      54F95159 
 2140      45602533 
 2141 06d6 36D77C87 		.ascii	"6\327|\207\300Z\002k\324d\325\337\250\350\216m)\344"
 2141      C05A026B 
 2141      D464D5DF 
 2141      A8E88E6D 
 2141      29E4
 2142 06e8 74D26135 		.ascii	"t\322a5a(5\021\234\222\234\255\201#\033\313GV\314\243"
 2142      61283511 
 2142      9C929CAD 
 2142      81231BCB 
 2142      4756CCA3 
 2143 06fc 5046A0C8 		.ascii	"PF\240\310\010\212g\241\325\356\335(\361\214\276E`1"
 2143      088A67A1 
 2143      D5EEDD28 
 2143      F18CBE45 
 2143      6031
 2144 070e C7048645 		.ascii	"\307\004\206E\353\031C\262\370\314\236\001\377\320d"
 2144      EB1943B2 
 2144      F8CC9E01 
 2144      FFD064
ARM GAS  C:\Users\nello\AppData\Local\Temp\ccuEenz7.s 			page 74


 2145 071d 7A50458C 		.ascii	"zPE\214\004Y\217\275\272\273\310\366\230\214\256&\260"
 2145      04598FBD 
 2145      BABBC8F6 
 2145      988CAE26 
 2145      B0
 2146 072e 8EC03C82 		.ascii	"\216\300<\202U\216\006\253\011\257a\276\250\217n\273"
 2146      558E06AB 
 2146      09AF61BE 
 2146      A88F6EBB 
 2147 073e 647B5A7E 		.ascii	"d{Z~o\234zi\036{q\"v\230-\022\015\216[\304\334\006\033"
 2147      6F9C7A69 
 2147      1E7B7122 
 2147      76982D12 
 2147      0D8E5BC4 
 2148 0755 820F7DBA 		.ascii	"\202\017}\272x\255]/\304J=\224\015\262\265\366\005\227"
 2148      78AD5D2F 
 2148      C44A3D94 
 2148      0DB2B5F6 
 2148      0597
 2149 0767 7C7EBDF5 		.ascii	"|~\275\365-\035\360\256\014\270Zwh\217\337&\250E\357"
 2149      2D1DF0AE 
 2149      0CB85A77 
 2149      688FDF26 
 2149      A845EF
 2150 077a D07F9301 		.ascii	"\320\177\223\001\327\336\\\265p\244\016h\325\001\033"
 2150      D7DE5CB5 
 2150      70A40E68 
 2150      D5011B
 2151 0789 6540CDA9 		.ascii	"e@\315\251\372\323\242\016\350\322\001\357)\034\266"
 2151      FAD3A20E 
 2151      E8D201EF 
 2151      291CB6
 2152 0798 962E233A 		.ascii	"\226.#:\240Z\347\260\211(\023\037M[,\002\365\361\234"
 2152      A05AE7B0 
 2152      8928131F 
 2152      4D5B2C02 
 2152      F5F19C
 2153 07ab 2E6CFABA 		.ascii	".l\372\272\315&\236\013\356\240\357\023\277\016\312"
 2153      CD269E0B 
 2153      EEA0EF13 
 2153      BF0ECA
 2154 07ba 951EA7ED 		.ascii	"\225\036\247\355\250\324\205r\206+^9\320\337\032nl\275"
 2154      A8D48572 
 2154      862B5E39 
 2154      D0DF1A6E 
 2154      6CBD
 2155 07cc 018AB407 		.ascii	"\001\212\264\007"
 2156 07d0 E1E72CCC 		.ascii	"\341\347,\314\3533\370\242\245|\024\350%n`p\341\346"
 2156      EB33F8A2 
 2156      A57C14E8 
 2156      256E6070 
 2156      E1E6
 2157 07e2 AA11CCC0 		.ascii	"\252\021\314\300\025|Y\233\005\245A@\035A\014\032\330"
 2157      157C599B 
 2157      05A54140 
 2157      1D410C1A 
 2157      D8
ARM GAS  C:\Users\nello\AppData\Local\Temp\ccuEenz7.s 			page 75


 2158 07f3 45E04342 		.ascii	"E\340CB\2573\250\245\243\375\355\323D_\305D\320b\252"
 2158      AF33A8A5 
 2158      A3FDEDD3 
 2158      445FC544 
 2158      D062AA
 2159 0806 E713FF31 		.ascii	"\347\023\3771\006\251\226\345\211\301\246\3351\037\026"
 2159      06A996E5 
 2159      89C1A6DD 
 2159      311F16
 2160 0815 4A9BB12C 		.ascii	"J\233\261,?\"\260\2330\214\332|\344rbk\270\361\342B"
 2160      3F22B09B 
 2160      308CDA7C 
 2160      E472626B 
 2160      B8F1E242 
 2161 0829 ECA47606 		.ascii	"\354\244v\006\331i\2004\263-\255\345@u\233'&\206}\363"
 2161      D9698034 
 2161      B32DADE5 
 2161      40759B27 
 2161      26867DF3 
 2162 083d 0CECB968 		.ascii	"\014\354\271hf\366\020\266\203@c\360\202gI\370\344]"
 2162      66F610B6 
 2162      834063F0 
 2162      826749F8 
 2162      E45D
 2163 084f B9CA6B09 		.ascii	"\271\312k\011l\017\001\341]\224\027\255z\277\2213\377"
 2163      6C0F01E1 
 2163      5D9417AD 
 2163      7ABF9133 
 2163      FF
 2164 0860 94408352 		.ascii	"\224@\203R\257\327\352[\226\216\214\252\376\007@\272"
 2164      AFD7EA5B 
 2164      968E8CAA 
 2164      FE0740BA 
 2165 0870 C38A7D11 		.ascii	"\303\212}\021\345c\224\275(\237\243\034\265\312\023"
 2165      E56394BD 
 2165      289FA31C 
 2165      B5CA13
 2166 087f 1B2B3742 		.ascii	"\033+7BB;\254h\361\373\327\317.\353\212\300\005\035"
 2166      423BAC68 
 2166      F1FBD7CF 
 2166      2EEB8AC0 
 2166      051D
 2167 0891 C356351E 		.ascii	"\303V5\036\3471\356\203J\357\252!\260\205@\253\316s"
 2167      E731EE83 
 2167      4AEFAA21 
 2167      B08540AB 
 2167      CE73
 2168 08a3 B3BC1A19 		.ascii	"\263\274\032\031\246^\307\354\015\300\254T\226\365z"
 2168      A65EC7EC 
 2168      0DC0AC54 
 2168      96F57A
 2169 08b2 24B9F7DD 		.ascii	"$\271\367\335?\263\225\277\207\300\266\000\314V\315"
 2169      3FB395BF 
 2169      87C0B600 
 2169      CC56CD
 2170 08c1 CEC05625 		.ascii	"\316\300V%'h\247%\000\243\364R}%\177F\340\000\323k\345"
 2170      2768A725 
ARM GAS  C:\Users\nello\AppData\Local\Temp\ccuEenz7.s 			page 76


 2170      00A3F452 
 2170      7D257F46 
 2170      E000D36B 
 2171 08d6 B1B61138 		.ascii	"\261\266\0218L\340(\201#\004\216\0218H\340\020\201/"
 2171      4CE02881 
 2171      23048E11 
 2171      3848E010 
 2171      812F
 2172 08e8 F05B9140 		.ascii	"\360[\221@;\313\001\343\270M\347\270/\300\266\332z\030"
 2172      3BCB01E3 
 2172      B84DE7B8 
 2172      2FC0B6DA 
 2172      7A18
 2173 08fa E8031DD4 		.ascii	"\350\003\035\324l\004\311\301\372t\314\007\306@\024"
 2173      6C04C9C1 
 2173      FA74CC07 
 2173      C64014
 2174 0909 43353A68 		.ascii	"C5:h\277!\022\331\316!\035\362\2711\261\212\235\355"
 2174      BF2112D9 
 2174      CE211DF2 
 2174      B931B18A 
 2174      9DED
 2175 091b 3AA8C998 		.ascii	":\250\311\230Y\336\277\027\367n\333k\035\025\234\032"
 2175      59DEBF17 
 2175      F76EDB6B 
 2175      1D159C1A 
 2176 092b B6D3FBE7 		.ascii	"\266\323\373\347\222\203&n\256\376f\275\337>\360\270"
 2176      9283266E 
 2176      AEFE66BD 
 2176      DF3EF0B8 
 2177 093b EEA683BF 		.ascii	"\356\246\203\277.\021\262\266\366\223B\022\002\302v"
 2177      2E11B2B6 
 2177      F6934212 
 2177      02C276
 2178 094a 8132889E 		.ascii	"\2012\210\236\302\302\352A\351E\351W\012\214\262/\275"
 2178      C2C2EA41 
 2178      E945E957 
 2178      0A8CB22F 
 2178      BD
 2179 095b 6FEE6FB7 		.ascii	"o\356o\267\207\332\026t\363m\301i\202\230mow\227\202"
 2179      87DA1674 
 2179      F36DC169 
 2179      82986D6F 
 2179      779782
 2180 096e DE7B7151 		.ascii	"\336{qQ\250\257\2223\204\003\031\207\352\216\222\206"
 2180      A8AF9233 
 2180      84031987 
 2180      EA8E9286 
 2181 097e 113AA8C6 		.ascii	"\021:\250\306\010\242\003\350\373\016\312CV\317\221"
 2181      08A203E8 
 2181      FB0ECA43 
 2181      56CF91
 2182 098d AB1A6ED5 		.ascii	"\253\032n\325\201Z\316\230\316\241\345\033\366\325Y"
 2182      815ACE98 
 2182      CEA1E51B 
 2182      F6D559
 2183 099c B7D44B52 		.ascii	"\267\324KR\351\343L\375$\201^C!\256g\323\327`b\265\372"
ARM GAS  C:\Users\nello\AppData\Local\Temp\ccuEenz7.s 			page 77


 2183      E9E34CFD 
 2183      24815E43 
 2183      21AE67D3 
 2183      D76062B5 
 2184 09b1 2581531C 		.ascii	"%\201S\034\242\372\361+\203\355\015\271\014\202V\316"
 2184      A2FAF12B 
 2184      83ED0DB9 
 2184      0C8256CE 
 2185 09c1 05585167 		.ascii	"\005XQg\317X\253\275|:\372\010\\\"p\201\300y\002_\021"
 2185      CF58ABBD 
 2185      7C3AFA08 
 2185      5C227081 
 2185      C079025F 
 2186 09d6 F89AC045 		.ascii	"\370\232\300E\265D?\320Lv\031\211)\005\361\276\206\351"
 2186      B5443FD0 
 2186      4C761989 
 2186      2905F1BE 
 2186      86E9
 2187 09e8 09C0C4E9 		.ascii	"\011\300\304\351\220m\032\344\204\221\231L~\213\006"
 2187      906D1AE4 
 2187      8491994C 
 2187      7E8B06
 2188 09f7 396BB082 		.ascii	"9k\260\202o\317F\033\337\020\276[:\305XW\375\344\357"
 2188      6FCF461B 
 2188      DF10BE5B 
 2188      3AC55857 
 2188      FDE4EF
 2189 0a0a 07C2F6AC 		.ascii	"\007\302\366\254{:\017Q\275V\276\321\355_V\337(\343"
 2189      7B3A0F51 
 2189      BD56BED1 
 2189      ED5F56DF 
 2189      28E3
 2190 0a1c 68AB4DA0 		.ascii	"h\253M\240\307QN\241\234E\351E\351G\271\211\362\020"
 2190      C7514EA1 
 2190      9C45E945 
 2190      E947B989 
 2190      F210
 2191 0a2e 655E9840 		.ascii	"e^\230@KP\312QV\240\254\016\2235_\222[\026\245Ua\350"
 2191      4B50CA51 
 2191      56A0AC0E 
 2191      93355F92 
 2191      5B16A555 
 2192 0a44 EBC9FD8B 		.ascii	"\353\311\375\213\036\365\333\325~\025\243\267\255\262"
 2192      1EF5DBD5 
 2192      7E15A3B7 
 2192      ADB2
 2193 0a52 A5DAC279 		.ascii	"\245\332\302y@\340\221N\341\212a~\356\023\270\307n>"
 2193      40E0914E 
 2193      E18A617E 
 2193      EE13B8C7 
 2193      6E3E
 2194 0a64 E2619552 		.ascii	"\342a\225RXD\241\220\302|\012\330\212J(,\244\260\200"
 2194      5844A190 
 2194      C27C0AD8 
 2194      8A4A282C 
 2194      A4B080
 2195 0a77 C230BEDC 		.ascii	"\3020\276\334qOB\241\210B1\205\207\352\244=\\\2429\372"
ARM GAS  C:\Users\nello\AppData\Local\Temp\ccuEenz7.s 			page 78


 2195      714F42A1 
 2195      88423185 
 2195      87EAA43D 
 2195      5CA239FA 
 2196 0a8b 36C0915F 		.ascii	"6\300\221_\272\037\351\230\001#F\231\266\273:\350v\000"
 2196      BA1FE998 
 2196      01234699 
 2196      B6BB3AE8 
 2196      7600
 2197 0a9d 68A56E68 		.ascii	"h\245nhH\307\334\011\300\3707\261\353:h\320\010\222"
 2197      48C7DC09 
 2197      C0F837B1 
 2197      EB3A68D0 
 2197      0892
 2198 0aaf DF660F14 		.ascii	"\337f\017\024\014.\264\033\001\030\377Z+\321sx-\000"
 2198      0C2EB41B 
 2198      0118FF5A 
 2198      2BD17378 
 2198      2D00
 2199 0ac1 7440DFAD 		.ascii	"t@\337\255\325\336\327-\3354Z\222i\227\352\206\256\032"
 2199      D5DED72D 
 2199      DD345A92 
 2199      6997EA86 
 2199      AE1A
 2200 0ad3 2743C6DC 		.ascii	"'C\306\334\323Y\3372\206\2570\272\252\203\356\006\200"
 2200      D359DF32 
 2200      86AF30BA 
 2200      AA83EE06 
 2200      80
 2201 0ae4 F4B63AAC 		.ascii	"\364\266:\254C\256\033I\313\230k:f\310`\006]\321\015"
 2201      43AE1B49 
 2201      CB986B3A 
 2201      66C86006 
 2201      5DD10D
 2202 0af7 61FC336A 		.ascii	"a\3743j\357\361\232\260Q\301\205\002\213\351\277Q*\354"
 2202      EFF19AB0 
 2202      51C18502 
 2202      8BE9BF51 
 2202      2AEC
 2203 0b09 1BF260F9 		.ascii	"\033\362`\371\027~\273\301%Ts[N\261um\017S>K\200~\242"
 2203      177EBBC1 
 2203      2554735B 
 2203      4EB1756D 
 2203      0F533E4B 
 2204 0b20 D4FA18D4 		.ascii	"\324\372\030\324\362\255\035,\024Cu\317J\312\272\347"
 2204      F2AD1D2C 
 2204      144375CF 
 2204      4ACABAE7 
 2205 0b30 724A5B18 		.ascii	"rJ[\030Y\313\303\216\3166\253\370\004\000\376\320G\237"
 2205      59CBC38E 
 2205      CE36ABF8 
 2205      0400FED0 
 2205      479F
 2206 0b42 D43C0F01 		.ascii	"\324<\017\001\317\3038\001VPx\023\317\337\242\260\222"
 2206      CFC33801 
 2206      56507813 
 2206      CFDFA2B0 
ARM GAS  C:\Users\nello\AppData\Local\Temp\ccuEenz7.s 			page 79


 2206      92
 2207 0b53 123CC5EF 		.ascii	"\022<\305\357\301\007?\306\021\255\237\334W\266\"\\"
 2207      C1073FC6 
 2207      11AD9FDC 
 2207      57B6225C 
 2208 0b63 69A97FC0 		.ascii	"i\251\177\300[PA\345\211[E\271\007\336v\037\265m\341"
 2208      5B5041E5 
 2208      895B45B9 
 2208      07DE761F 
 2208      B56DE1
 2209 0b76 FBAEBEA6 		.ascii	"\373\256\276\246\3206\331^\244\261\252\306\252\331Y"
 2209      D036D95E 
 2209      A4B1AAC6 
 2209      AAD959
 2210 0b85 6DB4F3F4 		.ascii	"m\264\363\364\012\276e>\354\236W\3354/\032\336\246\260"
 2210      0ABE653E 
 2210      EC9E57DD 
 2210      342F1ADE 
 2210      A6B0
 2211 0b97 8CC22068 		.ascii	"\214\302 h\270\245\024rr}\"\365)\241\377\200\347\302"
 2211      B8A51472 
 2211      727D22F5 
 2211      29A1FF80 
 2211      E7C2
 2212 0ba9 C73E7897 		.ascii	"\307>x\227\357,[\025\036*\003\353x\006\266\262\367\307"
 2212      EF2C5B15 
 2212      1E2A03EB 
 2212      7806B6B2 
 2212      F7C7
 2213 0bbb F08A9D6D 		.ascii	"\360\212\235m\026\3778\252(\274C\331\326\235r\034\213"
 2213      16FF38AA 
 2213      28BC43D9 
 2213      D69D721C 
 2213      8B
 2214 0bcc A3B5EDC2 		.ascii	"\243\265\355\302j\273?\307`\014\3438\320\263\251H\202"
 2214      6ABB3FC7 
 2214      600CE338 
 2214      D0B3A948 
 2214      82
 2215 0bdd 55F8BDBC 		.ascii	"U\370\275\274\236S|\000\032l-\243\270\010[Q\374x!,5"
 2215      9E537C00 
 2215      1A6C2DA3 
 2215      B8085B51 
 2215      FC78212C 
 2216 0bf2 2F7BCE8B 		.ascii	"/{\316\213\356\347\262\0051\315\223\347u\317}.\373\005"
 2216      EEE7B205 
 2216      31CD93E7 
 2216      75CF7D2E 
 2216      FB05
 2217 0c04 213C2DC3 		.ascii	"!<-\303\371\347\002w\201\333\231\231\223\351\375\257"
 2217      F9E70277 
 2217      81DB9999 
 2217      93E9FDAF 
 2218 0c14 B163E3F0 		.ascii	"\261c\343\360\227\226\2219;\323\223\237\020\037\037"
 2218      97969139 
 2218      3BD3939F 
 2218      101F1F
ARM GAS  C:\Users\nello\AppData\Local\Temp\ccuEenz7.s 			page 80


 2219 0c23 1FE7C98F 		.ascii	"\037\347\311\217\313H\315\212\313E\215\374\270\224Y"
 2219      CB48CD8A 
 2219      CB458DFC 
 2219      B89459
 2220 0c32 339E4F88 		.ascii	"3\236O\210\233>=1nr\362\324\231s\022\330#g.JV\226kl"
 2220      9B3E3D31 
 2220      6E72F2D4 
 2220      997312D8 
 2220      23672E4A 
 2221 0c4a 9A6DF2CB 		.ascii	"\232m\362\313\257DO\214\177Q\030\023p{lB\332\213\343"
 2221      AF444F8C 
 2221      7F511813 
 2221      707B6C42 
 2221      DA8BE3
 2222 0c5d 5F4A481D 		.ascii	"_JH\035/\330Tg\242\346\325\373\334\304_\274>\221\371"
 2222      2FD85467 
 2222      A2E6D5FB 
 2222      DCC45FBC 
 2222      3E91F9
 2223 0c70 4BF116B8 		.ascii	"K\361\026\2702=\257\377\257'\357\215\374\334\3244\267"
 2223      323DAFFF 
 2223      AF27EF8D 
 2223      FCDCD434 
 2223      B7
 2224 0c81 B320DF9D 		.ascii	"\263 \337\235\367\372dw\276\267 \317=\335\223\236\231"
 2224      F7FA6477 
 2224      BEB720CF 
 2224      3DDD939E 
 2224      99
 2225 0c92 36E705E1 		.ascii	"6\347\005\341g!\011\346y\3432s\322\262\012\\n|\222\225"
 2225      672109E6 
 2225      79E33273 
 2225      D2B20A5C 
 2225      6E7C9295 
 2226 0ca6 99EFCD1F 		.ascii	"\231\357\315\037\233!D\245e\314\312p\375\232y\2319\373"
 2226      9B2144A5 
 2226      65CCCA70 
 2226      FD9A7999 
 2226      39FB
 2227 0cb8 4FEE34EF 		.ascii	"O\3564\357T\0140\022\035{3\362\334\251\256|\231@D\300"
 2227      540C3012 
 2227      1D7B33F2 
 2227      DCA9AE7C 
 2227      994044C0 
 2228 0ccc 95D3FB9F 		.ascii	"\225\323\373\237\377\330\201\242\201.~\340\311O\315"
 2228      FFD881A2 
 2228      812E7EE0 
 2228      C94FCD
 2229 0cdb 9AC52F83 		.ascii	"\232\305/\203\374\2046\303\022\311T\320\336s9\231\362"
 2229      FC8436C3 
 2229      12C954D0 
 2229      DE733999 
 2229      F2
 2230 0cec 399A19AD 		.ascii	"9\232\031\255\233Its\036\277\312\312\232j\316\316Ow"
 2230      9B497473 
 2230      1EBFCACA 
 2230      9A6ACECE 
ARM GAS  C:\Users\nello\AppData\Local\Temp\ccuEenz7.s 			page 81


 2230      4F77
 2231 0cfe 7AC3D53C 		.ascii	"z\303\325<\362\371\371\357\377\327\374\010\2435c\371"
 2231      F2F9F9EF 
 2231      FFD7FC08 
 2231      A33563F9 
 2232 0d0e 6E6F7A9E 		.ascii	"noz\236\247 7\333\343r\3332=lpz\355\231\036f&;5\377"
 2232      A72037DB 
 2232      E372DB32 
 2232      3D6C707A 
 2232      ED991E66 
 2233 0d26 0DBCC8F7 		.ascii	"\015\274\310\367f?\237\340L\317\315\3648\275\242\374"
 2233      663F9FE0 
 2233      4CCFCDF4 
 2233      38BDA2FC 
 2234 0d36 24D3E5F4 		.ascii	"$\323\345\364\216\321l\270sRgg\271sS]\3569\356\034o"
 2234      8ED16CB8 
 2234      73526767 
 2234      B973535D 
 2234      EE39EE1C 
 2235 0d4b 78A6878F 		.ascii	"x\246\207\217\262\2510THu1\374\343\032\336\225\231\357"
 2235      B2A93054 
 2235      487531FC 
 2235      E31ADE95 
 2235      99EF
 2236 0d5d AF10C9E7 		.ascii	"\257\020\311\347\307/\340\021\034\311\237\345\223\264"
 2236      C72FE011 
 2236      1CC99FE5 
 2236      93B4
 2237 0d6b D9E17895 		.ascii	"\331\341x\225\226\232\2255;5\015\351X\225\254\2339\334"
 2237      969A9535 
 2237      3B350DE9 
 2237      5895AC9B 
 2237      39DC
 2238 0d7d 94E39EEB 		.ascii	"\224\343\236\3535\345\346\271\347\374\023\363\345\341"
 2238      35E5E6B9 
 2238      E7FC13F3 
 2238      E5E1
 2239 0d8b B3C2E68B 		.ascii	"\263\302\346\213\246\346\245\377\374;S\250j(9C\274\210"
 2239      A6E6A5FF 
 2239      FC3B53A8 
 2239      6A283943 
 2239      BC88
 2240 0d9d 03E7E3F4 		.ascii	"\003\347\343\364\232~5\3111\335V\220\231\343\305\244"
 2240      9A7E35C9 
 2240      31DD5690 
 2240      99E3C5A4 
 2241 0dad 78CDD367 		.ascii	"x\315\323gN\234\3460\375O\212\303\001\257\302\024sZ"
 2241      4E9CE630 
 2241      FD4F8AC3 
 2241      01AFC214 
 2241      735A
 2242 0dbf 963B358F 		.ascii	"\226;5\217?\215\037\357\364R\314\356\277\274\222\364"
 2242      3F8D1FEF 
 2242      F452CCEE 
 2242      BFBC92F4 
 2243 0dcf 7433A233 		.ascii	"t3\2423\023\035tj\242\303\234\374Jr\242\303:3%9))\321"
 2243      131D746A 
ARM GAS  C:\Users\nello\AppData\Local\Temp\ccuEenz7.s 			page 82


 2243      A2C39CFC 
 2243      4A72A2C3 
 2243      3A332539 
 2244 0de6 619939EB 		.ascii	"a\2319\353\265\344$\207y\306\314\304$\007#4\305\224"
 2244      B5E42487 
 2244      79C6CCC4 
 2244      24072334 
 2244      C594
 2245 0df8 F26AB2C3 		.ascii	"\362j\262\303<q\322dG\202)eb\212\303\222\364\333YS'"
 2245      3C71D264 
 2245      47822965 
 2245      628AC392 
 2245      F4DB5953 
 2246 0e0d CA77E22D 		.ascii	"\312w\342-3\222f8f$\323\224i\216_\206d\223\346\311\316"
 2246      33926638 
 2246      6624D394 
 2246      698E5F86 
 2246      6493E6C9 
 2247 0e22 F6E4C461 		.ascii	"\366\344\304a*\221\216\314h\362\013s\347\312T\322_x"
 2247      2A918ECC 
 2247      68F20B73 
 2247      E7CA54D2 
 2247      5F78
 2248 0e34 11CF91CB 		.ascii	"\021\317\221\313\310\224\327R\320\236s\326_r\335\211"
 2248      C894D752 
 2248      D09E73D6 
 2248      5F72DD89 
 2249 0e44 EE3F5A52 		.ascii	"\356?ZR^\235\232\344H0O\232\225\202\377\016\366oB?\011"
 2249      5E9D9AE4 
 2249      48304F9A 
 2249      9582FF0E 
 2249      F66F423F 
 2250 0e59 A6A9F817 		.ascii	"\246\251\370\027\346HJIr\374&)Q?\213\247\311H\205+\305"
 2250      E6484A49 
 2250      72FC2629 
 2250      513F8BA7 
 2250      C948852B 
 2251 0e6e 73A578AE 		.ascii	"s\245x\256\024\317\224\342\231\022\003$\330\031q\325"
 2251      14CF94E2 
 2251      99120324 
 2251      D81971D5 
 2252 0e7e 85E874FE 		.ascii	"\205\350t\376\261 '\315\351\034\033oSOMi\031\251y\372"
 2252      B12027CD 
 2252      E91C1B6F 
 2252      534F4D69 
 2252      19A979FA 
 2253 0e92 8371FF07 		.ascii	"\203q\377\007\0168\211\367"
 2253      0E3889F7 
 2254              		.text
 2255              		.section	.gnu.lto_.symtab.71a462d7,"e",%progbits
 2256 0000 5F70616C 		.ascii	"_pal_lld_init\000"
 2256      5F6C6C64 
 2256      5F696E69 
 2256      7400
 2257 000e 00       		.ascii	"\000"
 2258 000f 00       		.ascii	"\000"
 2259 0010 00       		.ascii	"\000"
ARM GAS  C:\Users\nello\AppData\Local\Temp\ccuEenz7.s 			page 83


 2260 0011 00000000 		.ascii	"\000\000\000\000\000\000\000\000"
 2260      00000000 
 2261 0019 DB000000 		.ascii	"\333\000\000\000"
 2262 001d 5F70616C 		.ascii	"_pal_events\000"
 2262      5F657665 
 2262      6E747300 
 2263 0029 00       		.ascii	"\000"
 2264 002a 00       		.ascii	"\000"
 2265 002b 00       		.ascii	"\000"
 2266 002c 00000000 		.ascii	"\000\000\000\000\000\000\000\000"
 2266      00000000 
 2267 0034 21010000 		.ascii	"!\001\000\000"
 2268 0038 5F70616C 		.ascii	"_pal_lld_setgroupmode\000"
 2268      5F6C6C64 
 2268      5F736574 
 2268      67726F75 
 2268      706D6F64 
 2269 004e 00       		.ascii	"\000"
 2270 004f 00       		.ascii	"\000"
 2271 0050 00       		.ascii	"\000"
 2272 0051 00000000 		.ascii	"\000\000\000\000\000\000\000\000"
 2272      00000000 
 2273 0059 ED000000 		.ascii	"\355\000\000\000"
 2274 005d 5F70616C 		.ascii	"_pal_lld_enablepadevent\000"
 2274      5F6C6C64 
 2274      5F656E61 
 2274      626C6570 
 2274      61646576 
 2275 0075 00       		.ascii	"\000"
 2276 0076 00       		.ascii	"\000"
 2277 0077 00       		.ascii	"\000"
 2278 0078 00000000 		.ascii	"\000\000\000\000\000\000\000\000"
 2278      00000000 
 2279 0080 F7000000 		.ascii	"\367\000\000\000"
 2280 0084 5F70616C 		.ascii	"_pal_lld_disablepadevent\000"
 2280      5F6C6C64 
 2280      5F646973 
 2280      61626C65 
 2280      70616465 
 2281 009d 00       		.ascii	"\000"
 2282 009e 00       		.ascii	"\000"
 2283 009f 00       		.ascii	"\000"
 2284 00a0 00000000 		.ascii	"\000\000\000\000\000\000\000\000"
 2284      00000000 
 2285 00a8 FC000000 		.ascii	"\374\000\000\000"
 2286 00ac 63685468 		.ascii	"chThdDequeueAllI\000"
 2286      64446571 
 2286      75657565 
 2286      416C6C49 
 2286      00
 2287 00bd 00       		.ascii	"\000"
 2288 00be 02       		.ascii	"\002"
 2289 00bf 00       		.ascii	"\000"
 2290 00c0 00000000 		.ascii	"\000\000\000\000\000\000\000\000"
 2290      00000000 
 2291 00c8 FE000000 		.ascii	"\376\000\000\000"
 2292              		.text
ARM GAS  C:\Users\nello\AppData\Local\Temp\ccuEenz7.s 			page 84


 2293              		.section	.gnu.lto_.ext_symtab.71a462d7,"e",%progbits
 2294 0000 01       		.ascii	"\001"
 2295 0001 01       		.ascii	"\001"
 2296 0002 00       		.ascii	"\000"
 2297 0003 02       		.ascii	"\002"
 2298 0004 01       		.ascii	"\001"
 2299 0005 01       		.ascii	"\001"
 2300 0006 00       		.ascii	"\000"
 2301 0007 01       		.ascii	"\001"
 2302 0008 00       		.ascii	"\000"
 2303 0009 01       		.ascii	"\001"
 2304 000a 00       		.ascii	"\000"
 2305 000b 01       		.ascii	"\001"
 2306 000c 00       		.ascii	"\000"
 2307              		.text
 2308              		.section	.gnu.lto_.opts,"e",%progbits
 2309 0000 272D666E 		.ascii	"'-fno-openmp' '-fno-openacc' '-fno-pie' '-fcf-prote"
 2309      6F2D6F70 
 2309      656E6D70 
 2309      2720272D 
 2309      666E6F2D 
 2310 0033 6374696F 		.ascii	"ction=none' '-g' '-mcpu=cortex-m4' '-mthumb' '-mflo"
 2310      6E3D6E6F 
 2310      6E652720 
 2310      272D6727 
 2310      20272D6D 
 2311 0066 61742D61 		.ascii	"at-abi=soft' '-mlibarch=armv7e-m' '-march=armv7e-m'"
 2311      62693D73 
 2311      6F667427 
 2311      20272D6D 
 2311      6C696261 
 2312 0099 20272D4F 		.ascii	" '-O0' '-fomit-frame-pointer' '-falign-functions=16"
 2312      30272027 
 2312      2D666F6D 
 2312      69742D66 
 2312      72616D65 
 2313 00cc 2720272D 		.ascii	"' '-ffunction-sections' '-fdata-sections' '-fno-com"
 2313      6666756E 
 2313      6374696F 
 2313      6E2D7365 
 2313      6374696F 
 2314 00ff 6D6F6E27 		.ascii	"mon' '-flto' '-Xassembler' '-alms=./build/lst/hal_p"
 2314      20272D66 
 2314      6C746F27 
 2314      20272D58 
 2314      61737365 
 2315 0132 616C5F6C 		.ascii	"al_lld.lst'\000"
 2315      6C642E6C 
 2315      73742700 
 2316              		.text
 2317              		.comm	__gnu_lto_slim,1,1
 2318              		.ident	"GCC: (GNU Arm Embedded Toolchain 10.3-2021.10) 10.3.1 20210824 (release)"
ARM GAS  C:\Users\nello\AppData\Local\Temp\ccuEenz7.s 			page 85


DEFINED SYMBOLS
                            *ABS*:00000000 hal_pal_lld.c
C:\Users\nello\AppData\Local\Temp\ccuEenz7.s:30     .gnu.debuglto_.debug_info:00000000 hal_pal_lld.c.2c7682a6
                            *COM*:00000001 __gnu_lto_slim

NO UNDEFINED SYMBOLS
