ARM GAS  C:\Users\nello\AppData\Local\Temp\ccMNzq7C.s 			page 1


   1              		.cpu cortex-m4
   2              		.arch armv7e-m
   3              		.fpu softvfp
   4              		.eabi_attribute 20, 1
   5              		.eabi_attribute 21, 1
   6              		.eabi_attribute 23, 3
   7              		.eabi_attribute 24, 1
   8              		.eabi_attribute 25, 1
   9              		.eabi_attribute 26, 1
  10              		.eabi_attribute 30, 6
  11              		.eabi_attribute 34, 1
  12              		.eabi_attribute 18, 4
  13              		.file	"stm32_dma.c"
  14              		.file 1 "c:\\chibistudio\\tools\\gnu tools arm embedded\\10.3 2021.10\\arm-none-eabi\\include\\mac
  15              		.file 2 "c:\\chibistudio\\tools\\gnu tools arm embedded\\10.3 2021.10\\arm-none-eabi\\include\\sys
  16              		.file 3 "../../chibios2111/os/common/ext/ARM/CMSIS/Core/Include/core_cm4.h"
  17              		.file 4 "../../chibios2111/os/common/ext/ST/STM32G4xx/stm32g474xx.h"
  18              		.file 5 "../../chibios2111/os/hal/ports/STM32/LLD/DMAv1/stm32_dma.h"
  19              		.file 6 "../../chibios2111/os/hal/ports/STM32/LLD/DMAv1/stm32_dma.c"
  20              		.file 7 "../../chibios2111/os/hal/osal/rt-nil/osal.h"
  21              		.file 8 "../../chibios2111/os/rt/include/chsys.h"
  22              		.file 9 "../../chibios2111/os/common/ports/ARMv7-M-ALT/chcore.h"
  23              		.file 10 "../../chibios2111/os/common/ext/ARM/CMSIS/Core/Include/cmsis_gcc.h"
  24              		.section	.gnu.debuglto_.debug_info,"e",%progbits
  25              	.Ldebug_info0:
  26              		.hidden	stm32_dma.c.da59a97e
  27              		.weak	stm32_dma.c.da59a97e
  28              	stm32_dma.c.da59a97e:
  29 0000 A7090000 		.4byte	0x9a7
  30 0004 0400     		.2byte	0x4
  31 0006 00000000 		.4byte	.Ldebug_abbrev0
  32 000a 04       		.byte	0x4
  33 000b 01       		.uleb128 0x1
  34 000c 08040000 		.4byte	.LASF125
  35 0010 0C       		.byte	0xc
  36 0011 4E010000 		.4byte	.LASF126
  37 0015 E4040000 		.4byte	.LASF127
  38 0019 00000000 		.4byte	.Ldebug_line0
  39 001d 02       		.uleb128 0x2
  40 001e 04       		.byte	0x4
  41 001f 05       		.byte	0x5
  42 0020 696E7400 		.ascii	"int\000"
  43 0024 03       		.uleb128 0x3
  44 0025 04       		.byte	0x4
  45 0026 07       		.byte	0x7
  46 0027 DD010000 		.4byte	.LASF0
  47 002b 03       		.uleb128 0x3
  48 002c 08       		.byte	0x8
  49 002d 05       		.byte	0x5
  50 002e A8000000 		.4byte	.LASF1
  51 0032 03       		.uleb128 0x3
  52 0033 08       		.byte	0x8
  53 0034 04       		.byte	0x4
  54 0035 87020000 		.4byte	.LASF2
  55 0039 03       		.uleb128 0x3
  56 003a 01       		.byte	0x1
  57 003b 06       		.byte	0x6
ARM GAS  C:\Users\nello\AppData\Local\Temp\ccMNzq7C.s 			page 2


  58 003c B6000000 		.4byte	.LASF3
  59 0040 04       		.uleb128 0x4
  60 0041 30000000 		.4byte	.LASF8
  61 0045 01       		.byte	0x1
  62 0046 2B       		.byte	0x2b
  63 0047 18       		.byte	0x18
  64 0048 4C000000 		.4byte	0x4c
  65 004c 03       		.uleb128 0x3
  66 004d 01       		.byte	0x1
  67 004e 08       		.byte	0x8
  68 004f 34030000 		.4byte	.LASF4
  69 0053 03       		.uleb128 0x3
  70 0054 02       		.byte	0x2
  71 0055 05       		.byte	0x5
  72 0056 61030000 		.4byte	.LASF5
  73 005a 03       		.uleb128 0x3
  74 005b 02       		.byte	0x2
  75 005c 07       		.byte	0x7
  76 005d 19050000 		.4byte	.LASF6
  77 0061 03       		.uleb128 0x3
  78 0062 04       		.byte	0x4
  79 0063 05       		.byte	0x5
  80 0064 0E010000 		.4byte	.LASF7
  81 0068 04       		.uleb128 0x4
  82 0069 A1010000 		.4byte	.LASF9
  83 006d 01       		.byte	0x1
  84 006e 4F       		.byte	0x4f
  85 006f 19       		.byte	0x19
  86 0070 74000000 		.4byte	0x74
  87 0074 03       		.uleb128 0x3
  88 0075 04       		.byte	0x4
  89 0076 07       		.byte	0x7
  90 0077 FE010000 		.4byte	.LASF10
  91 007b 03       		.uleb128 0x3
  92 007c 08       		.byte	0x8
  93 007d 07       		.byte	0x7
  94 007e 4E000000 		.4byte	.LASF11
  95 0082 04       		.uleb128 0x4
  96 0083 8D050000 		.4byte	.LASF12
  97 0087 02       		.byte	0x2
  98 0088 18       		.byte	0x18
  99 0089 13       		.byte	0x13
 100 008a 40000000 		.4byte	0x40
 101 008e 05       		.uleb128 0x5
 102 008f 82000000 		.4byte	0x82
 103 0093 04       		.uleb128 0x4
 104 0094 59050000 		.4byte	.LASF13
 105 0098 02       		.byte	0x2
 106 0099 30       		.byte	0x30
 107 009a 14       		.byte	0x14
 108 009b 68000000 		.4byte	0x68
 109 009f 05       		.uleb128 0x5
 110 00a0 93000000 		.4byte	0x93
 111 00a4 06       		.uleb128 0x6
 112 00a5 9F000000 		.4byte	0x9f
 113 00a9 03       		.uleb128 0x3
 114 00aa 01       		.byte	0x1
ARM GAS  C:\Users\nello\AppData\Local\Temp\ccMNzq7C.s 			page 3


 115 00ab 08       		.byte	0x8
 116 00ac F5030000 		.4byte	.LASF14
 117 00b0 06       		.uleb128 0x6
 118 00b1 A9000000 		.4byte	0xa9
 119 00b5 07       		.uleb128 0x7
 120 00b6 8C       		.byte	0x8c
 121 00b7 03       		.byte	0x3
 122 00b8 B801     		.2byte	0x1b8
 123 00ba 09       		.byte	0x9
 124 00bb E6010000 		.4byte	0x1e6
 125 00bf 08       		.uleb128 0x8
 126 00c0 86000000 		.4byte	.LASF15
 127 00c4 03       		.byte	0x3
 128 00c5 BA01     		.2byte	0x1ba
 129 00c7 12       		.byte	0x12
 130 00c8 A4000000 		.4byte	0xa4
 131 00cc 00       		.byte	0
 132 00cd 08       		.uleb128 0x8
 133 00ce 35020000 		.4byte	.LASF16
 134 00d2 03       		.byte	0x3
 135 00d3 BB01     		.2byte	0x1bb
 136 00d5 12       		.byte	0x12
 137 00d6 9F000000 		.4byte	0x9f
 138 00da 04       		.byte	0x4
 139 00db 08       		.uleb128 0x8
 140 00dc 30020000 		.4byte	.LASF17
 141 00e0 03       		.byte	0x3
 142 00e1 BC01     		.2byte	0x1bc
 143 00e3 12       		.byte	0x12
 144 00e4 9F000000 		.4byte	0x9f
 145 00e8 08       		.byte	0x8
 146 00e9 08       		.uleb128 0x8
 147 00ea 44020000 		.4byte	.LASF18
 148 00ee 03       		.byte	0x3
 149 00ef BD01     		.2byte	0x1bd
 150 00f1 12       		.byte	0x12
 151 00f2 9F000000 		.4byte	0x9f
 152 00f6 0C       		.byte	0xc
 153 00f7 09       		.uleb128 0x9
 154 00f8 53435200 		.ascii	"SCR\000"
 155 00fc 03       		.byte	0x3
 156 00fd BE01     		.2byte	0x1be
 157 00ff 12       		.byte	0x12
 158 0100 9F000000 		.4byte	0x9f
 159 0104 10       		.byte	0x10
 160 0105 09       		.uleb128 0x9
 161 0106 43435200 		.ascii	"CCR\000"
 162 010a 03       		.byte	0x3
 163 010b BF01     		.2byte	0x1bf
 164 010d 12       		.byte	0x12
 165 010e 9F000000 		.4byte	0x9f
 166 0112 14       		.byte	0x14
 167 0113 09       		.uleb128 0x9
 168 0114 53485000 		.ascii	"SHP\000"
 169 0118 03       		.byte	0x3
 170 0119 C001     		.2byte	0x1c0
 171 011b 12       		.byte	0x12
ARM GAS  C:\Users\nello\AppData\Local\Temp\ccMNzq7C.s 			page 4


 172 011c F6010000 		.4byte	0x1f6
 173 0120 18       		.byte	0x18
 174 0121 08       		.uleb128 0x8
 175 0122 55030000 		.4byte	.LASF19
 176 0126 03       		.byte	0x3
 177 0127 C101     		.2byte	0x1c1
 178 0129 12       		.byte	0x12
 179 012a 9F000000 		.4byte	0x9f
 180 012e 24       		.byte	0x24
 181 012f 08       		.uleb128 0x8
 182 0130 93020000 		.4byte	.LASF20
 183 0134 03       		.byte	0x3
 184 0135 C201     		.2byte	0x1c2
 185 0137 12       		.byte	0x12
 186 0138 9F000000 		.4byte	0x9f
 187 013c 28       		.byte	0x28
 188 013d 08       		.uleb128 0x8
 189 013e DB050000 		.4byte	.LASF21
 190 0142 03       		.byte	0x3
 191 0143 C301     		.2byte	0x1c3
 192 0145 12       		.byte	0x12
 193 0146 9F000000 		.4byte	0x9f
 194 014a 2C       		.byte	0x2c
 195 014b 08       		.uleb128 0x8
 196 014c 4A020000 		.4byte	.LASF22
 197 0150 03       		.byte	0x3
 198 0151 C401     		.2byte	0x1c4
 199 0153 12       		.byte	0x12
 200 0154 9F000000 		.4byte	0x9f
 201 0158 30       		.byte	0x30
 202 0159 08       		.uleb128 0x8
 203 015a 4F020000 		.4byte	.LASF23
 204 015e 03       		.byte	0x3
 205 015f C501     		.2byte	0x1c5
 206 0161 12       		.byte	0x12
 207 0162 9F000000 		.4byte	0x9f
 208 0166 34       		.byte	0x34
 209 0167 08       		.uleb128 0x8
 210 0168 97010000 		.4byte	.LASF24
 211 016c 03       		.byte	0x3
 212 016d C601     		.2byte	0x1c6
 213 016f 12       		.byte	0x12
 214 0170 9F000000 		.4byte	0x9f
 215 0174 38       		.byte	0x38
 216 0175 08       		.uleb128 0x8
 217 0176 D9030000 		.4byte	.LASF25
 218 017a 03       		.byte	0x3
 219 017b C701     		.2byte	0x1c7
 220 017d 12       		.byte	0x12
 221 017e 9F000000 		.4byte	0x9f
 222 0182 3C       		.byte	0x3c
 223 0183 09       		.uleb128 0x9
 224 0184 50465200 		.ascii	"PFR\000"
 225 0188 03       		.byte	0x3
 226 0189 C801     		.2byte	0x1c8
 227 018b 12       		.byte	0x12
 228 018c 10020000 		.4byte	0x210
ARM GAS  C:\Users\nello\AppData\Local\Temp\ccMNzq7C.s 			page 5


 229 0190 40       		.byte	0x40
 230 0191 09       		.uleb128 0x9
 231 0192 44465200 		.ascii	"DFR\000"
 232 0196 03       		.byte	0x3
 233 0197 C901     		.2byte	0x1c9
 234 0199 12       		.byte	0x12
 235 019a A4000000 		.4byte	0xa4
 236 019e 48       		.byte	0x48
 237 019f 09       		.uleb128 0x9
 238 01a0 41445200 		.ascii	"ADR\000"
 239 01a4 03       		.byte	0x3
 240 01a5 CA01     		.2byte	0x1ca
 241 01a7 12       		.byte	0x12
 242 01a8 A4000000 		.4byte	0xa4
 243 01ac 4C       		.byte	0x4c
 244 01ad 08       		.uleb128 0x8
 245 01ae 77020000 		.4byte	.LASF26
 246 01b2 03       		.byte	0x3
 247 01b3 CB01     		.2byte	0x1cb
 248 01b5 12       		.byte	0x12
 249 01b6 2A020000 		.4byte	0x22a
 250 01ba 50       		.byte	0x50
 251 01bb 08       		.uleb128 0x8
 252 01bc A3000000 		.4byte	.LASF27
 253 01c0 03       		.byte	0x3
 254 01c1 CC01     		.2byte	0x1cc
 255 01c3 12       		.byte	0x12
 256 01c4 44020000 		.4byte	0x244
 257 01c8 60       		.byte	0x60
 258 01c9 08       		.uleb128 0x8
 259 01ca C1020000 		.4byte	.LASF28
 260 01ce 03       		.byte	0x3
 261 01cf CD01     		.2byte	0x1cd
 262 01d1 12       		.byte	0x12
 263 01d2 49020000 		.4byte	0x249
 264 01d6 74       		.byte	0x74
 265 01d7 08       		.uleb128 0x8
 266 01d8 D5050000 		.4byte	.LASF29
 267 01dc 03       		.byte	0x3
 268 01dd CE01     		.2byte	0x1ce
 269 01df 12       		.byte	0x12
 270 01e0 9F000000 		.4byte	0x9f
 271 01e4 88       		.byte	0x88
 272 01e5 00       		.byte	0
 273 01e6 0A       		.uleb128 0xa
 274 01e7 8E000000 		.4byte	0x8e
 275 01eb F6010000 		.4byte	0x1f6
 276 01ef 0B       		.uleb128 0xb
 277 01f0 24000000 		.4byte	0x24
 278 01f4 0B       		.byte	0xb
 279 01f5 00       		.byte	0
 280 01f6 05       		.uleb128 0x5
 281 01f7 E6010000 		.4byte	0x1e6
 282 01fb 0A       		.uleb128 0xa
 283 01fc A4000000 		.4byte	0xa4
 284 0200 0B020000 		.4byte	0x20b
 285 0204 0B       		.uleb128 0xb
ARM GAS  C:\Users\nello\AppData\Local\Temp\ccMNzq7C.s 			page 6


 286 0205 24000000 		.4byte	0x24
 287 0209 01       		.byte	0x1
 288 020a 00       		.byte	0
 289 020b 06       		.uleb128 0x6
 290 020c FB010000 		.4byte	0x1fb
 291 0210 05       		.uleb128 0x5
 292 0211 0B020000 		.4byte	0x20b
 293 0215 0A       		.uleb128 0xa
 294 0216 A4000000 		.4byte	0xa4
 295 021a 25020000 		.4byte	0x225
 296 021e 0B       		.uleb128 0xb
 297 021f 24000000 		.4byte	0x24
 298 0223 03       		.byte	0x3
 299 0224 00       		.byte	0
 300 0225 06       		.uleb128 0x6
 301 0226 15020000 		.4byte	0x215
 302 022a 05       		.uleb128 0x5
 303 022b 25020000 		.4byte	0x225
 304 022f 0A       		.uleb128 0xa
 305 0230 A4000000 		.4byte	0xa4
 306 0234 3F020000 		.4byte	0x23f
 307 0238 0B       		.uleb128 0xb
 308 0239 24000000 		.4byte	0x24
 309 023d 04       		.byte	0x4
 310 023e 00       		.byte	0
 311 023f 06       		.uleb128 0x6
 312 0240 2F020000 		.4byte	0x22f
 313 0244 05       		.uleb128 0x5
 314 0245 3F020000 		.4byte	0x23f
 315 0249 0A       		.uleb128 0xa
 316 024a 93000000 		.4byte	0x93
 317 024e 59020000 		.4byte	0x259
 318 0252 0B       		.uleb128 0xb
 319 0253 24000000 		.4byte	0x24
 320 0257 04       		.byte	0x4
 321 0258 00       		.byte	0
 322 0259 0C       		.uleb128 0xc
 323 025a BB010000 		.4byte	.LASF30
 324 025e 03       		.byte	0x3
 325 025f CF01     		.2byte	0x1cf
 326 0261 03       		.byte	0x3
 327 0262 B5000000 		.4byte	0xb5
 328 0266 07       		.uleb128 0x7
 329 0267 10       		.byte	0x10
 330 0268 04       		.byte	0x4
 331 0269 8701     		.2byte	0x187
 332 026b 09       		.byte	0x9
 333 026c A9020000 		.4byte	0x2a9
 334 0270 09       		.uleb128 0x9
 335 0271 43435200 		.ascii	"CCR\000"
 336 0275 04       		.byte	0x4
 337 0276 8901     		.2byte	0x189
 338 0278 11       		.byte	0x11
 339 0279 9F000000 		.4byte	0x9f
 340 027d 00       		.byte	0
 341 027e 08       		.uleb128 0x8
 342 027f 82050000 		.4byte	.LASF31
ARM GAS  C:\Users\nello\AppData\Local\Temp\ccMNzq7C.s 			page 7


 343 0283 04       		.byte	0x4
 344 0284 8A01     		.2byte	0x18a
 345 0286 11       		.byte	0x11
 346 0287 9F000000 		.4byte	0x9f
 347 028b 04       		.byte	0x4
 348 028c 08       		.uleb128 0x8
 349 028d EA010000 		.4byte	.LASF32
 350 0291 04       		.byte	0x4
 351 0292 8B01     		.2byte	0x18b
 352 0294 11       		.byte	0x11
 353 0295 9F000000 		.4byte	0x9f
 354 0299 08       		.byte	0x8
 355 029a 08       		.uleb128 0x8
 356 029b 7C020000 		.4byte	.LASF33
 357 029f 04       		.byte	0x4
 358 02a0 8C01     		.2byte	0x18c
 359 02a2 11       		.byte	0x11
 360 02a3 9F000000 		.4byte	0x9f
 361 02a7 0C       		.byte	0xc
 362 02a8 00       		.byte	0
 363 02a9 0C       		.uleb128 0xc
 364 02aa 1C020000 		.4byte	.LASF34
 365 02ae 04       		.byte	0x4
 366 02af 8D01     		.2byte	0x18d
 367 02b1 03       		.byte	0x3
 368 02b2 66020000 		.4byte	0x266
 369 02b6 07       		.uleb128 0x7
 370 02b7 08       		.byte	0x8
 371 02b8 04       		.byte	0x4
 372 02b9 8F01     		.2byte	0x18f
 373 02bb 09       		.byte	0x9
 374 02bc DD020000 		.4byte	0x2dd
 375 02c0 09       		.uleb128 0x9
 376 02c1 49535200 		.ascii	"ISR\000"
 377 02c5 04       		.byte	0x4
 378 02c6 9101     		.2byte	0x191
 379 02c8 11       		.byte	0x11
 380 02c9 9F000000 		.4byte	0x9f
 381 02cd 00       		.byte	0
 382 02ce 08       		.uleb128 0x8
 383 02cf BA050000 		.4byte	.LASF35
 384 02d3 04       		.byte	0x4
 385 02d4 9201     		.2byte	0x192
 386 02d6 11       		.byte	0x11
 387 02d7 9F000000 		.4byte	0x9f
 388 02db 04       		.byte	0x4
 389 02dc 00       		.byte	0
 390 02dd 0C       		.uleb128 0xc
 391 02de D1010000 		.4byte	.LASF36
 392 02e2 04       		.byte	0x4
 393 02e3 9301     		.2byte	0x193
 394 02e5 03       		.byte	0x3
 395 02e6 B6020000 		.4byte	0x2b6
 396 02ea 07       		.uleb128 0x7
 397 02eb 04       		.byte	0x4
 398 02ec 04       		.byte	0x4
 399 02ed 9901     		.2byte	0x199
ARM GAS  C:\Users\nello\AppData\Local\Temp\ccMNzq7C.s 			page 8


 400 02ef 09       		.byte	0x9
 401 02f0 03030000 		.4byte	0x303
 402 02f4 09       		.uleb128 0x9
 403 02f5 43435200 		.ascii	"CCR\000"
 404 02f9 04       		.byte	0x4
 405 02fa 9B01     		.2byte	0x19b
 406 02fc 13       		.byte	0x13
 407 02fd 9F000000 		.4byte	0x9f
 408 0301 00       		.byte	0
 409 0302 00       		.byte	0
 410 0303 0C       		.uleb128 0xc
 411 0304 6B050000 		.4byte	.LASF37
 412 0308 04       		.byte	0x4
 413 0309 9C01     		.2byte	0x19c
 414 030b 02       		.byte	0x2
 415 030c EA020000 		.4byte	0x2ea
 416 0310 07       		.uleb128 0x7
 417 0311 A0       		.byte	0xa0
 418 0312 04       		.byte	0x4
 419 0313 9902     		.2byte	0x299
 420 0315 09       		.byte	0x9
 421 0316 4A050000 		.4byte	0x54a
 422 031a 09       		.uleb128 0x9
 423 031b 435200   		.ascii	"CR\000"
 424 031e 04       		.byte	0x4
 425 031f 9B02     		.2byte	0x29b
 426 0321 11       		.byte	0x11
 427 0322 9F000000 		.4byte	0x9f
 428 0326 00       		.byte	0
 429 0327 08       		.uleb128 0x8
 430 0328 9B050000 		.4byte	.LASF38
 431 032c 04       		.byte	0x4
 432 032d 9C02     		.2byte	0x29c
 433 032f 11       		.byte	0x11
 434 0330 9F000000 		.4byte	0x9f
 435 0334 04       		.byte	0x4
 436 0335 08       		.uleb128 0x8
 437 0336 AB050000 		.4byte	.LASF39
 438 033a 04       		.byte	0x4
 439 033b 9D02     		.2byte	0x29d
 440 033d 11       		.byte	0x11
 441 033e 9F000000 		.4byte	0x9f
 442 0342 08       		.byte	0x8
 443 0343 08       		.uleb128 0x8
 444 0344 8F010000 		.4byte	.LASF40
 445 0348 04       		.byte	0x4
 446 0349 9E02     		.2byte	0x29e
 447 034b 11       		.byte	0x11
 448 034c 9F000000 		.4byte	0x9f
 449 0350 0C       		.byte	0xc
 450 0351 08       		.uleb128 0x8
 451 0352 C1020000 		.4byte	.LASF28
 452 0356 04       		.byte	0x4
 453 0357 9F02     		.2byte	0x29f
 454 0359 11       		.byte	0x11
 455 035a 93000000 		.4byte	0x93
 456 035e 10       		.byte	0x10
ARM GAS  C:\Users\nello\AppData\Local\Temp\ccMNzq7C.s 			page 9


 457 035f 08       		.uleb128 0x8
 458 0360 CB020000 		.4byte	.LASF41
 459 0364 04       		.byte	0x4
 460 0365 A002     		.2byte	0x2a0
 461 0367 11       		.byte	0x11
 462 0368 93000000 		.4byte	0x93
 463 036c 14       		.byte	0x14
 464 036d 08       		.uleb128 0x8
 465 036e 9E000000 		.4byte	.LASF42
 466 0372 04       		.byte	0x4
 467 0373 A102     		.2byte	0x2a1
 468 0375 11       		.byte	0x11
 469 0376 9F000000 		.4byte	0x9f
 470 037a 18       		.byte	0x18
 471 037b 08       		.uleb128 0x8
 472 037c 9C010000 		.4byte	.LASF43
 473 0380 04       		.byte	0x4
 474 0381 A202     		.2byte	0x2a2
 475 0383 11       		.byte	0x11
 476 0384 9F000000 		.4byte	0x9f
 477 0388 1C       		.byte	0x1c
 478 0389 08       		.uleb128 0x8
 479 038a C4010000 		.4byte	.LASF44
 480 038e 04       		.byte	0x4
 481 038f A302     		.2byte	0x2a3
 482 0391 11       		.byte	0x11
 483 0392 9F000000 		.4byte	0x9f
 484 0396 20       		.byte	0x20
 485 0397 08       		.uleb128 0x8
 486 0398 D5020000 		.4byte	.LASF45
 487 039c 04       		.byte	0x4
 488 039d A402     		.2byte	0x2a4
 489 039f 11       		.byte	0x11
 490 03a0 93000000 		.4byte	0x93
 491 03a4 24       		.byte	0x24
 492 03a5 08       		.uleb128 0x8
 493 03a6 C2000000 		.4byte	.LASF46
 494 03aa 04       		.byte	0x4
 495 03ab A502     		.2byte	0x2a5
 496 03ad 11       		.byte	0x11
 497 03ae 9F000000 		.4byte	0x9f
 498 03b2 28       		.byte	0x28
 499 03b3 08       		.uleb128 0x8
 500 03b4 CD040000 		.4byte	.LASF47
 501 03b8 04       		.byte	0x4
 502 03b9 A602     		.2byte	0x2a6
 503 03bb 11       		.byte	0x11
 504 03bc 9F000000 		.4byte	0x9f
 505 03c0 2C       		.byte	0x2c
 506 03c1 08       		.uleb128 0x8
 507 03c2 9A030000 		.4byte	.LASF48
 508 03c6 04       		.byte	0x4
 509 03c7 A702     		.2byte	0x2a7
 510 03c9 11       		.byte	0x11
 511 03ca 9F000000 		.4byte	0x9f
 512 03ce 30       		.byte	0x30
 513 03cf 08       		.uleb128 0x8
ARM GAS  C:\Users\nello\AppData\Local\Temp\ccMNzq7C.s 			page 10


 514 03d0 DF020000 		.4byte	.LASF49
 515 03d4 04       		.byte	0x4
 516 03d5 A802     		.2byte	0x2a8
 517 03d7 11       		.byte	0x11
 518 03d8 93000000 		.4byte	0x93
 519 03dc 34       		.byte	0x34
 520 03dd 08       		.uleb128 0x8
 521 03de 20010000 		.4byte	.LASF50
 522 03e2 04       		.byte	0x4
 523 03e3 A902     		.2byte	0x2a9
 524 03e5 11       		.byte	0x11
 525 03e6 9F000000 		.4byte	0x9f
 526 03ea 38       		.byte	0x38
 527 03eb 08       		.uleb128 0x8
 528 03ec 2A010000 		.4byte	.LASF51
 529 03f0 04       		.byte	0x4
 530 03f1 AA02     		.2byte	0x2aa
 531 03f3 11       		.byte	0x11
 532 03f4 9F000000 		.4byte	0x9f
 533 03f8 3C       		.byte	0x3c
 534 03f9 08       		.uleb128 0x8
 535 03fa 17010000 		.4byte	.LASF52
 536 03fe 04       		.byte	0x4
 537 03ff AB02     		.2byte	0x2ab
 538 0401 11       		.byte	0x11
 539 0402 9F000000 		.4byte	0x9f
 540 0406 40       		.byte	0x40
 541 0407 08       		.uleb128 0x8
 542 0408 E9020000 		.4byte	.LASF53
 543 040c 04       		.byte	0x4
 544 040d AC02     		.2byte	0x2ac
 545 040f 11       		.byte	0x11
 546 0410 93000000 		.4byte	0x93
 547 0414 44       		.byte	0x44
 548 0415 08       		.uleb128 0x8
 549 0416 C9010000 		.4byte	.LASF54
 550 041a 04       		.byte	0x4
 551 041b AD02     		.2byte	0x2ad
 552 041d 11       		.byte	0x11
 553 041e 9F000000 		.4byte	0x9f
 554 0422 48       		.byte	0x48
 555 0423 08       		.uleb128 0x8
 556 0424 11050000 		.4byte	.LASF55
 557 0428 04       		.byte	0x4
 558 0429 AE02     		.2byte	0x2ae
 559 042b 11       		.byte	0x11
 560 042c 9F000000 		.4byte	0x9f
 561 0430 4C       		.byte	0x4c
 562 0431 08       		.uleb128 0x8
 563 0432 AB030000 		.4byte	.LASF56
 564 0436 04       		.byte	0x4
 565 0437 AF02     		.2byte	0x2af
 566 0439 11       		.byte	0x11
 567 043a 9F000000 		.4byte	0x9f
 568 043e 50       		.byte	0x50
 569 043f 08       		.uleb128 0x8
 570 0440 F3020000 		.4byte	.LASF57
ARM GAS  C:\Users\nello\AppData\Local\Temp\ccMNzq7C.s 			page 11


 571 0444 04       		.byte	0x4
 572 0445 B002     		.2byte	0x2b0
 573 0447 11       		.byte	0x11
 574 0448 93000000 		.4byte	0x93
 575 044c 54       		.byte	0x54
 576 044d 08       		.uleb128 0x8
 577 044e A7020000 		.4byte	.LASF58
 578 0452 04       		.byte	0x4
 579 0453 B102     		.2byte	0x2b1
 580 0455 11       		.byte	0x11
 581 0456 9F000000 		.4byte	0x9f
 582 045a 58       		.byte	0x58
 583 045b 08       		.uleb128 0x8
 584 045c B0020000 		.4byte	.LASF59
 585 0460 04       		.byte	0x4
 586 0461 B202     		.2byte	0x2b2
 587 0463 11       		.byte	0x11
 588 0464 9F000000 		.4byte	0x9f
 589 0468 5C       		.byte	0x5c
 590 0469 08       		.uleb128 0x8
 591 046a 92030000 		.4byte	.LASF60
 592 046e 04       		.byte	0x4
 593 046f B302     		.2byte	0x2b3
 594 0471 11       		.byte	0x11
 595 0472 9F000000 		.4byte	0x9f
 596 0476 60       		.byte	0x60
 597 0477 08       		.uleb128 0x8
 598 0478 FD020000 		.4byte	.LASF61
 599 047c 04       		.byte	0x4
 600 047d B402     		.2byte	0x2b4
 601 047f 11       		.byte	0x11
 602 0480 93000000 		.4byte	0x93
 603 0484 64       		.byte	0x64
 604 0485 08       		.uleb128 0x8
 605 0486 CB000000 		.4byte	.LASF62
 606 048a 04       		.byte	0x4
 607 048b B502     		.2byte	0x2b5
 608 048d 11       		.byte	0x11
 609 048e 9F000000 		.4byte	0x9f
 610 0492 68       		.byte	0x68
 611 0493 08       		.uleb128 0x8
 612 0494 B1010000 		.4byte	.LASF63
 613 0498 04       		.byte	0x4
 614 0499 B602     		.2byte	0x2b6
 615 049b 11       		.byte	0x11
 616 049c 9F000000 		.4byte	0x9f
 617 04a0 6C       		.byte	0x6c
 618 04a1 08       		.uleb128 0x8
 619 04a2 3A020000 		.4byte	.LASF64
 620 04a6 04       		.byte	0x4
 621 04a7 B702     		.2byte	0x2b7
 622 04a9 11       		.byte	0x11
 623 04aa 9F000000 		.4byte	0x9f
 624 04ae 70       		.byte	0x70
 625 04af 08       		.uleb128 0x8
 626 04b0 07030000 		.4byte	.LASF65
 627 04b4 04       		.byte	0x4
ARM GAS  C:\Users\nello\AppData\Local\Temp\ccMNzq7C.s 			page 12


 628 04b5 B802     		.2byte	0x2b8
 629 04b7 11       		.byte	0x11
 630 04b8 93000000 		.4byte	0x93
 631 04bc 74       		.byte	0x74
 632 04bd 08       		.uleb128 0x8
 633 04be E0050000 		.4byte	.LASF66
 634 04c2 04       		.byte	0x4
 635 04c3 B902     		.2byte	0x2b9
 636 04c5 11       		.byte	0x11
 637 04c6 9F000000 		.4byte	0x9f
 638 04ca 78       		.byte	0x78
 639 04cb 08       		.uleb128 0x8
 640 04cc EB050000 		.4byte	.LASF67
 641 04d0 04       		.byte	0x4
 642 04d1 BA02     		.2byte	0x2ba
 643 04d3 11       		.byte	0x11
 644 04d4 9F000000 		.4byte	0x9f
 645 04d8 7C       		.byte	0x7c
 646 04d9 08       		.uleb128 0x8
 647 04da D5000000 		.4byte	.LASF68
 648 04de 04       		.byte	0x4
 649 04df BB02     		.2byte	0x2bb
 650 04e1 11       		.byte	0x11
 651 04e2 9F000000 		.4byte	0x9f
 652 04e6 80       		.byte	0x80
 653 04e7 08       		.uleb128 0x8
 654 04e8 11030000 		.4byte	.LASF69
 655 04ec 04       		.byte	0x4
 656 04ed BC02     		.2byte	0x2bc
 657 04ef 11       		.byte	0x11
 658 04f0 93000000 		.4byte	0x93
 659 04f4 84       		.byte	0x84
 660 04f5 08       		.uleb128 0x8
 661 04f6 5B030000 		.4byte	.LASF70
 662 04fa 04       		.byte	0x4
 663 04fb BD02     		.2byte	0x2bd
 664 04fd 11       		.byte	0x11
 665 04fe 9F000000 		.4byte	0x9f
 666 0502 88       		.byte	0x88
 667 0503 08       		.uleb128 0x8
 668 0504 1B030000 		.4byte	.LASF71
 669 0508 04       		.byte	0x4
 670 0509 BE02     		.2byte	0x2be
 671 050b 11       		.byte	0x11
 672 050c 93000000 		.4byte	0x93
 673 0510 8C       		.byte	0x8c
 674 0511 08       		.uleb128 0x8
 675 0512 88050000 		.4byte	.LASF72
 676 0516 04       		.byte	0x4
 677 0517 BF02     		.2byte	0x2bf
 678 0519 11       		.byte	0x11
 679 051a 9F000000 		.4byte	0x9f
 680 051e 90       		.byte	0x90
 681 051f 09       		.uleb128 0x9
 682 0520 43535200 		.ascii	"CSR\000"
 683 0524 04       		.byte	0x4
 684 0525 C002     		.2byte	0x2c0
ARM GAS  C:\Users\nello\AppData\Local\Temp\ccMNzq7C.s 			page 13


 685 0527 11       		.byte	0x11
 686 0528 9F000000 		.4byte	0x9f
 687 052c 94       		.byte	0x94
 688 052d 08       		.uleb128 0x8
 689 052e 6B030000 		.4byte	.LASF73
 690 0532 04       		.byte	0x4
 691 0533 C102     		.2byte	0x2c1
 692 0535 11       		.byte	0x11
 693 0536 9F000000 		.4byte	0x9f
 694 053a 98       		.byte	0x98
 695 053b 08       		.uleb128 0x8
 696 053c 65000000 		.4byte	.LASF74
 697 0540 04       		.byte	0x4
 698 0541 C202     		.2byte	0x2c2
 699 0543 11       		.byte	0x11
 700 0544 9F000000 		.4byte	0x9f
 701 0548 9C       		.byte	0x9c
 702 0549 00       		.byte	0
 703 054a 0C       		.uleb128 0xc
 704 054b 10020000 		.4byte	.LASF75
 705 054f 04       		.byte	0x4
 706 0550 C302     		.2byte	0x2c3
 707 0552 03       		.byte	0x3
 708 0553 10030000 		.4byte	0x310
 709 0557 0D       		.uleb128 0xd
 710 0558 04       		.byte	0x4
 711 0559 03       		.uleb128 0x3
 712 055a 01       		.byte	0x1
 713 055b 02       		.byte	0x2
 714 055c 2E030000 		.4byte	.LASF76
 715 0560 0C       		.uleb128 0xc
 716 0561 EF010000 		.4byte	.LASF77
 717 0565 05       		.byte	0x5
 718 0566 4301     		.2byte	0x143
 719 0568 10       		.byte	0x10
 720 0569 6D050000 		.4byte	0x56d
 721 056d 0E       		.uleb128 0xe
 722 056e 04       		.byte	0x4
 723 056f 73050000 		.4byte	0x573
 724 0573 0F       		.uleb128 0xf
 725 0574 83050000 		.4byte	0x583
 726 0578 10       		.uleb128 0x10
 727 0579 57050000 		.4byte	0x557
 728 057d 10       		.uleb128 0x10
 729 057e 93000000 		.4byte	0x93
 730 0582 00       		.byte	0
 731 0583 07       		.uleb128 0x7
 732 0584 14       		.byte	0x14
 733 0585 05       		.byte	0x5
 734 0586 4801     		.2byte	0x148
 735 0588 09       		.byte	0x9
 736 0589 F0050000 		.4byte	0x5f0
 737 058d 09       		.uleb128 0x9
 738 058e 646D6100 		.ascii	"dma\000"
 739 0592 05       		.byte	0x5
 740 0593 4901     		.2byte	0x149
 741 0595 1A       		.byte	0x1a
ARM GAS  C:\Users\nello\AppData\Local\Temp\ccMNzq7C.s 			page 14


 742 0596 F0050000 		.4byte	0x5f0
 743 059a 00       		.byte	0
 744 059b 08       		.uleb128 0x8
 745 059c A3030000 		.4byte	.LASF78
 746 05a0 05       		.byte	0x5
 747 05a1 4A01     		.2byte	0x14a
 748 05a3 1A       		.byte	0x1a
 749 05a4 F6050000 		.4byte	0x5f6
 750 05a8 04       		.byte	0x4
 751 05a9 08       		.uleb128 0x8
 752 05aa 81020000 		.4byte	.LASF79
 753 05ae 05       		.byte	0x5
 754 05af 4B01     		.2byte	0x14b
 755 05b1 19       		.byte	0x19
 756 05b2 93000000 		.4byte	0x93
 757 05b6 08       		.byte	0x8
 758 05b7 09       		.uleb128 0x9
 759 05b8 6D757800 		.ascii	"mux\000"
 760 05bc 05       		.byte	0x5
 761 05bd 5001     		.2byte	0x150
 762 05bf 1B       		.byte	0x1b
 763 05c0 FC050000 		.4byte	0x5fc
 764 05c4 0C       		.byte	0xc
 765 05c5 08       		.uleb128 0x8
 766 05c6 89010000 		.4byte	.LASF80
 767 05ca 05       		.byte	0x5
 768 05cb 5401     		.2byte	0x154
 769 05cd 19       		.byte	0x19
 770 05ce 82000000 		.4byte	0x82
 771 05d2 10       		.byte	0x10
 772 05d3 08       		.uleb128 0x8
 773 05d4 2C050000 		.4byte	.LASF81
 774 05d8 05       		.byte	0x5
 775 05d9 5601     		.2byte	0x156
 776 05db 19       		.byte	0x19
 777 05dc 82000000 		.4byte	0x82
 778 05e0 11       		.byte	0x11
 779 05e1 08       		.uleb128 0x8
 780 05e2 6C000000 		.4byte	.LASF82
 781 05e6 05       		.byte	0x5
 782 05e7 5701     		.2byte	0x157
 783 05e9 19       		.byte	0x19
 784 05ea 82000000 		.4byte	0x82
 785 05ee 12       		.byte	0x12
 786 05ef 00       		.byte	0
 787 05f0 0E       		.uleb128 0xe
 788 05f1 04       		.byte	0x4
 789 05f2 DD020000 		.4byte	0x2dd
 790 05f6 0E       		.uleb128 0xe
 791 05f7 04       		.byte	0x4
 792 05f8 A9020000 		.4byte	0x2a9
 793 05fc 0E       		.uleb128 0xe
 794 05fd 04       		.byte	0x4
 795 05fe 03030000 		.4byte	0x303
 796 0602 0C       		.uleb128 0xc
 797 0603 42030000 		.4byte	.LASF83
 798 0607 05       		.byte	0x5
ARM GAS  C:\Users\nello\AppData\Local\Temp\ccMNzq7C.s 			page 15


 799 0608 5801     		.2byte	0x158
 800 060a 03       		.byte	0x3
 801 060b 83050000 		.4byte	0x583
 802 060f 06       		.uleb128 0x6
 803 0610 02060000 		.4byte	0x602
 804 0614 0A       		.uleb128 0xa
 805 0615 0F060000 		.4byte	0x60f
 806 0619 24060000 		.4byte	0x624
 807 061d 0B       		.uleb128 0xb
 808 061e 24000000 		.4byte	0x24
 809 0622 0F       		.byte	0xf
 810 0623 00       		.byte	0
 811 0624 06       		.uleb128 0x6
 812 0625 14060000 		.4byte	0x614
 813 0629 11       		.uleb128 0x11
 814 062a 73000000 		.4byte	.LASF128
 815 062e 05       		.byte	0x5
 816 062f 1402     		.2byte	0x214
 817 0631 21       		.byte	0x21
 818 0632 24060000 		.4byte	0x624
 819 0636 0E       		.uleb128 0xe
 820 0637 04       		.byte	0x4
 821 0638 0F060000 		.4byte	0x60f
 822 063c 12       		.uleb128 0x12
 823 063d 29060000 		.4byte	0x629
 824 0641 06       		.byte	0x6
 825 0642 CA       		.byte	0xca
 826 0643 1A       		.byte	0x1a
 827 0644 07       		.uleb128 0x7
 828 0645 08       		.byte	0x8
 829 0646 06       		.byte	0x6
 830 0647 1001     		.2byte	0x110
 831 0649 03       		.byte	0x3
 832 064a 6B060000 		.4byte	0x66b
 833 064e 08       		.uleb128 0x8
 834 064f FA030000 		.4byte	.LASF84
 835 0653 06       		.byte	0x6
 836 0654 1401     		.2byte	0x114
 837 0656 17       		.byte	0x17
 838 0657 60050000 		.4byte	0x560
 839 065b 00       		.byte	0
 840 065c 08       		.uleb128 0x8
 841 065d 98020000 		.4byte	.LASF85
 842 0661 06       		.byte	0x6
 843 0662 1801     		.2byte	0x118
 844 0664 18       		.byte	0x18
 845 0665 57050000 		.4byte	0x557
 846 0669 04       		.byte	0x4
 847 066a 00       		.byte	0
 848 066b 07       		.uleb128 0x7
 849 066c 88       		.byte	0x88
 850 066d 06       		.byte	0x6
 851 066e 0401     		.2byte	0x104
 852 0670 08       		.byte	0x8
 853 0671 A0060000 		.4byte	0x6a0
 854 0675 08       		.uleb128 0x8
 855 0676 12000000 		.4byte	.LASF86
ARM GAS  C:\Users\nello\AppData\Local\Temp\ccMNzq7C.s 			page 16


 856 067a 06       		.byte	0x6
 857 067b 0801     		.2byte	0x108
 858 067d 15       		.byte	0x15
 859 067e 93000000 		.4byte	0x93
 860 0682 00       		.byte	0
 861 0683 08       		.uleb128 0x8
 862 0684 9E020000 		.4byte	.LASF87
 863 0688 06       		.byte	0x6
 864 0689 0C01     		.2byte	0x10c
 865 068b 15       		.byte	0x15
 866 068c 93000000 		.4byte	0x93
 867 0690 04       		.byte	0x4
 868 0691 08       		.uleb128 0x8
 869 0692 00000000 		.4byte	.LASF88
 870 0696 06       		.byte	0x6
 871 0697 1901     		.2byte	0x119
 872 0699 05       		.byte	0x5
 873 069a A0060000 		.4byte	0x6a0
 874 069e 08       		.byte	0x8
 875 069f 00       		.byte	0
 876 06a0 0A       		.uleb128 0xa
 877 06a1 44060000 		.4byte	0x644
 878 06a5 B0060000 		.4byte	0x6b0
 879 06a9 0B       		.uleb128 0xb
 880 06aa 24000000 		.4byte	0x24
 881 06ae 0F       		.byte	0xf
 882 06af 00       		.byte	0
 883 06b0 13       		.uleb128 0x13
 884 06b1 646D6100 		.ascii	"dma\000"
 885 06b5 06       		.byte	0x6
 886 06b6 1A01     		.2byte	0x11a
 887 06b8 03       		.byte	0x3
 888 06b9 6B060000 		.4byte	0x66b
 889 06bd 14       		.uleb128 0x14
 890 06be B3030000 		.4byte	.LASF90
 891 06c2 06       		.byte	0x6
 892 06c3 2603     		.2byte	0x326
 893 06c5 06       		.byte	0x6
 894 06c6 EE060000 		.4byte	0x6ee
 895 06ca 15       		.uleb128 0x15
 896 06cb FD000000 		.4byte	.LASF89
 897 06cf 06       		.byte	0x6
 898 06d0 2603     		.2byte	0x326
 899 06d2 34       		.byte	0x34
 900 06d3 36060000 		.4byte	0x636
 901 06d7 16       		.uleb128 0x16
 902 06d8 70657200 		.ascii	"per\000"
 903 06dc 06       		.byte	0x6
 904 06dd 2603     		.2byte	0x326
 905 06df 45       		.byte	0x45
 906 06e0 93000000 		.4byte	0x93
 907 06e4 17       		.uleb128 0x17
 908 06e5 71030000 		.4byte	.LASF95
 909 06e9 FE060000 		.4byte	0x6fe
 910 06ed 00       		.byte	0
 911 06ee 0A       		.uleb128 0xa
 912 06ef B0000000 		.4byte	0xb0
ARM GAS  C:\Users\nello\AppData\Local\Temp\ccMNzq7C.s 			page 17


 913 06f3 FE060000 		.4byte	0x6fe
 914 06f7 0B       		.uleb128 0xb
 915 06f8 24000000 		.4byte	0x24
 916 06fc 13       		.byte	0x13
 917 06fd 00       		.byte	0
 918 06fe 06       		.uleb128 0x6
 919 06ff EE060000 		.4byte	0x6ee
 920 0703 14       		.uleb128 0x14
 921 0704 8C000000 		.4byte	.LASF91
 922 0708 06       		.byte	0x6
 923 0709 0F03     		.2byte	0x30f
 924 070b 06       		.byte	0x6
 925 070c 38070000 		.4byte	0x738
 926 0710 15       		.uleb128 0x15
 927 0711 FD000000 		.4byte	.LASF89
 928 0715 06       		.byte	0x6
 929 0716 0F03     		.2byte	0x30f
 930 0718 32       		.byte	0x32
 931 0719 36060000 		.4byte	0x636
 932 071d 18       		.uleb128 0x18
 933 071e 95050000 		.4byte	.LASF92
 934 0722 06       		.byte	0x6
 935 0723 1003     		.2byte	0x310
 936 0725 0C       		.byte	0xc
 937 0726 93000000 		.4byte	0x93
 938 072a 18       		.uleb128 0x18
 939 072b 2C050000 		.4byte	.LASF81
 940 072f 06       		.byte	0x6
 941 0730 1103     		.2byte	0x311
 942 0732 0C       		.byte	0xc
 943 0733 93000000 		.4byte	0x93
 944 0737 00       		.byte	0
 945 0738 14       		.uleb128 0x14
 946 0739 42050000 		.4byte	.LASF93
 947 073d 06       		.byte	0x6
 948 073e 0103     		.2byte	0x301
 949 0740 06       		.byte	0x6
 950 0741 53070000 		.4byte	0x753
 951 0745 15       		.uleb128 0x15
 952 0746 FD000000 		.4byte	.LASF89
 953 074a 06       		.byte	0x6
 954 074b 0103     		.2byte	0x301
 955 074d 2E       		.byte	0x2e
 956 074e 36060000 		.4byte	0x636
 957 0752 00       		.byte	0
 958 0753 14       		.uleb128 0x14
 959 0754 68020000 		.4byte	.LASF94
 960 0758 06       		.byte	0x6
 961 0759 CF02     		.2byte	0x2cf
 962 075b 06       		.byte	0x6
 963 075c 84070000 		.4byte	0x784
 964 0760 15       		.uleb128 0x15
 965 0761 FD000000 		.4byte	.LASF89
 966 0765 06       		.byte	0x6
 967 0766 CF02     		.2byte	0x2cf
 968 0768 2F       		.byte	0x2f
 969 0769 36060000 		.4byte	0x636
ARM GAS  C:\Users\nello\AppData\Local\Temp\ccMNzq7C.s 			page 18


 970 076d 18       		.uleb128 0x18
 971 076e 2C050000 		.4byte	.LASF81
 972 0772 06       		.byte	0x6
 973 0773 D002     		.2byte	0x2d0
 974 0775 0C       		.byte	0xc
 975 0776 93000000 		.4byte	0x93
 976 077a 17       		.uleb128 0x17
 977 077b 71030000 		.4byte	.LASF95
 978 077f 94070000 		.4byte	0x794
 979 0783 00       		.byte	0
 980 0784 0A       		.uleb128 0xa
 981 0785 B0000000 		.4byte	0xb0
 982 0789 94070000 		.4byte	0x794
 983 078d 0B       		.uleb128 0xb
 984 078e 24000000 		.4byte	0x24
 985 0792 0E       		.byte	0xe
 986 0793 00       		.byte	0
 987 0794 06       		.uleb128 0x6
 988 0795 84070000 		.4byte	0x784
 989 0799 19       		.uleb128 0x19
 990 079a 21000000 		.4byte	.LASF97
 991 079e 06       		.byte	0x6
 992 079f B802     		.2byte	0x2b8
 993 07a1 1B       		.byte	0x1b
 994 07a2 36060000 		.4byte	0x636
 995 07a6 EB070000 		.4byte	0x7eb
 996 07aa 16       		.uleb128 0x16
 997 07ab 696400   		.ascii	"id\000"
 998 07ae 06       		.byte	0x6
 999 07af B802     		.2byte	0x2b8
 1000 07b1 33       		.byte	0x33
 1001 07b2 93000000 		.4byte	0x93
 1002 07b6 15       		.uleb128 0x15
 1003 07b7 55020000 		.4byte	.LASF96
 1004 07bb 06       		.byte	0x6
 1005 07bc B902     		.2byte	0x2b9
 1006 07be 33       		.byte	0x33
 1007 07bf 93000000 		.4byte	0x93
 1008 07c3 15       		.uleb128 0x15
 1009 07c4 FA030000 		.4byte	.LASF84
 1010 07c8 06       		.byte	0x6
 1011 07c9 BA02     		.2byte	0x2ba
 1012 07cb 39       		.byte	0x39
 1013 07cc 60050000 		.4byte	0x560
 1014 07d0 15       		.uleb128 0x15
 1015 07d1 98020000 		.4byte	.LASF85
 1016 07d5 06       		.byte	0x6
 1017 07d6 BB02     		.2byte	0x2bb
 1018 07d8 30       		.byte	0x30
 1019 07d9 57050000 		.4byte	0x557
 1020 07dd 18       		.uleb128 0x18
 1021 07de FD000000 		.4byte	.LASF89
 1022 07e2 06       		.byte	0x6
 1023 07e3 BC02     		.2byte	0x2bc
 1024 07e5 1D       		.byte	0x1d
 1025 07e6 36060000 		.4byte	0x636
 1026 07ea 00       		.byte	0
ARM GAS  C:\Users\nello\AppData\Local\Temp\ccMNzq7C.s 			page 19


 1027 07eb 19       		.uleb128 0x19
 1028 07ec 3E010000 		.4byte	.LASF98
 1029 07f0 06       		.byte	0x6
 1030 07f1 5202     		.2byte	0x252
 1031 07f3 1B       		.byte	0x1b
 1032 07f4 36060000 		.4byte	0x636
 1033 07f8 7C080000 		.4byte	0x87c
 1034 07fc 16       		.uleb128 0x16
 1035 07fd 696400   		.ascii	"id\000"
 1036 0800 06       		.byte	0x6
 1037 0801 5202     		.2byte	0x252
 1038 0803 34       		.byte	0x34
 1039 0804 93000000 		.4byte	0x93
 1040 0808 15       		.uleb128 0x15
 1041 0809 55020000 		.4byte	.LASF96
 1042 080d 06       		.byte	0x6
 1043 080e 5302     		.2byte	0x253
 1044 0810 34       		.byte	0x34
 1045 0811 93000000 		.4byte	0x93
 1046 0815 15       		.uleb128 0x15
 1047 0816 FA030000 		.4byte	.LASF84
 1048 081a 06       		.byte	0x6
 1049 081b 5402     		.2byte	0x254
 1050 081d 3A       		.byte	0x3a
 1051 081e 60050000 		.4byte	0x560
 1052 0822 15       		.uleb128 0x15
 1053 0823 98020000 		.4byte	.LASF85
 1054 0827 06       		.byte	0x6
 1055 0828 5502     		.2byte	0x255
 1056 082a 31       		.byte	0x31
 1057 082b 57050000 		.4byte	0x557
 1058 082f 13       		.uleb128 0x13
 1059 0830 6900     		.ascii	"i\000"
 1060 0832 06       		.byte	0x6
 1061 0833 5602     		.2byte	0x256
 1062 0835 0C       		.byte	0xc
 1063 0836 93000000 		.4byte	0x93
 1064 083a 18       		.uleb128 0x18
 1065 083b B9020000 		.4byte	.LASF99
 1066 083f 06       		.byte	0x6
 1067 0840 5602     		.2byte	0x256
 1068 0842 0F       		.byte	0xf
 1069 0843 93000000 		.4byte	0x93
 1070 0847 18       		.uleb128 0x18
 1071 0848 EF030000 		.4byte	.LASF100
 1072 084c 06       		.byte	0x6
 1073 084d 5602     		.2byte	0x256
 1074 084f 18       		.byte	0x18
 1075 0850 93000000 		.4byte	0x93
 1076 0854 17       		.uleb128 0x17
 1077 0855 71030000 		.4byte	.LASF95
 1078 0859 8C080000 		.4byte	0x88c
 1079 085d 1A       		.uleb128 0x1a
 1080 085e 18       		.uleb128 0x18
 1081 085f AC010000 		.4byte	.LASF101
 1082 0863 06       		.byte	0x6
 1083 0864 7402     		.2byte	0x274
ARM GAS  C:\Users\nello\AppData\Local\Temp\ccMNzq7C.s 			page 20


 1084 0866 0E       		.byte	0xe
 1085 0867 93000000 		.4byte	0x93
 1086 086b 1A       		.uleb128 0x1a
 1087 086c 18       		.uleb128 0x18
 1088 086d FD000000 		.4byte	.LASF89
 1089 0871 06       		.byte	0x6
 1090 0872 7602     		.2byte	0x276
 1091 0874 21       		.byte	0x21
 1092 0875 36060000 		.4byte	0x636
 1093 0879 00       		.byte	0
 1094 087a 00       		.byte	0
 1095 087b 00       		.byte	0
 1096 087c 0A       		.uleb128 0xa
 1097 087d B0000000 		.4byte	0xb0
 1098 0881 8C080000 		.4byte	0x88c
 1099 0885 0B       		.uleb128 0xb
 1100 0886 24000000 		.4byte	0x24
 1101 088a 0F       		.byte	0xf
 1102 088b 00       		.byte	0
 1103 088c 06       		.uleb128 0x6
 1104 088d 7C080000 		.4byte	0x87c
 1105 0891 14       		.uleb128 0x14
 1106 0892 E7030000 		.4byte	.LASF102
 1107 0896 06       		.byte	0x6
 1108 0897 2D02     		.2byte	0x22d
 1109 0899 06       		.byte	0x6
 1110 089a AA080000 		.4byte	0x8aa
 1111 089e 13       		.uleb128 0x13
 1112 089f 6900     		.ascii	"i\000"
 1113 08a1 06       		.byte	0x6
 1114 08a2 2E02     		.2byte	0x22e
 1115 08a4 07       		.byte	0x7
 1116 08a5 1D000000 		.4byte	0x1d
 1117 08a9 00       		.byte	0
 1118 08aa 1B       		.uleb128 0x1b
 1119 08ab 34010000 		.4byte	.LASF103
 1120 08af 06       		.byte	0x6
 1121 08b0 1A02     		.2byte	0x21a
 1122 08b2 01       		.byte	0x1
 1123 08b3 1B       		.uleb128 0x1b
 1124 08b4 04010000 		.4byte	.LASF104
 1125 08b8 06       		.byte	0x6
 1126 08b9 0A02     		.2byte	0x20a
 1127 08bb 01       		.byte	0x1
 1128 08bc 1B       		.uleb128 0x1b
 1129 08bd 5E020000 		.4byte	.LASF105
 1130 08c1 06       		.byte	0x6
 1131 08c2 FA01     		.2byte	0x1fa
 1132 08c4 01       		.byte	0x1
 1133 08c5 1B       		.uleb128 0x1b
 1134 08c6 3A000000 		.4byte	.LASF106
 1135 08ca 06       		.byte	0x6
 1136 08cb EA01     		.2byte	0x1ea
 1137 08cd 01       		.byte	0x1
 1138 08ce 1B       		.uleb128 0x1b
 1139 08cf 08000000 		.4byte	.LASF107
 1140 08d3 06       		.byte	0x6
ARM GAS  C:\Users\nello\AppData\Local\Temp\ccMNzq7C.s 			page 21


 1141 08d4 DA01     		.2byte	0x1da
 1142 08d6 01       		.byte	0x1
 1143 08d7 1B       		.uleb128 0x1b
 1144 08d8 BF050000 		.4byte	.LASF108
 1145 08dc 06       		.byte	0x6
 1146 08dd CA01     		.2byte	0x1ca
 1147 08df 01       		.byte	0x1
 1148 08e0 1B       		.uleb128 0x1b
 1149 08e1 B0050000 		.4byte	.LASF109
 1150 08e5 06       		.byte	0x6
 1151 08e6 BA01     		.2byte	0x1ba
 1152 08e8 01       		.byte	0x1
 1153 08e9 1B       		.uleb128 0x1b
 1154 08ea A1050000 		.4byte	.LASF110
 1155 08ee 06       		.byte	0x6
 1156 08ef AA01     		.2byte	0x1aa
 1157 08f1 01       		.byte	0x1
 1158 08f2 1B       		.uleb128 0x1b
 1159 08f3 DF000000 		.4byte	.LASF111
 1160 08f7 06       		.byte	0x6
 1161 08f8 9A01     		.2byte	0x19a
 1162 08fa 01       		.byte	0x1
 1163 08fb 1B       		.uleb128 0x1b
 1164 08fc 62050000 		.4byte	.LASF112
 1165 0900 06       		.byte	0x6
 1166 0901 8A01     		.2byte	0x18a
 1167 0903 01       		.byte	0x1
 1168 0904 1B       		.uleb128 0x1b
 1169 0905 50050000 		.4byte	.LASF113
 1170 0909 06       		.byte	0x6
 1171 090a 7A01     		.2byte	0x17a
 1172 090c 01       		.byte	0x1
 1173 090d 1B       		.uleb128 0x1b
 1174 090e FF030000 		.4byte	.LASF114
 1175 0912 06       		.byte	0x6
 1176 0913 6A01     		.2byte	0x16a
 1177 0915 01       		.byte	0x1
 1178 0916 1B       		.uleb128 0x1b
 1179 0917 DE030000 		.4byte	.LASF115
 1180 091b 06       		.byte	0x6
 1181 091c 5A01     		.2byte	0x15a
 1182 091e 01       		.byte	0x1
 1183 091f 1B       		.uleb128 0x1b
 1184 0920 D0030000 		.4byte	.LASF116
 1185 0924 06       		.byte	0x6
 1186 0925 4A01     		.2byte	0x14a
 1187 0927 01       		.byte	0x1
 1188 0928 1B       		.uleb128 0x1b
 1189 0929 C7030000 		.4byte	.LASF117
 1190 092d 06       		.byte	0x6
 1191 092e 3A01     		.2byte	0x13a
 1192 0930 01       		.byte	0x1
 1193 0931 1B       		.uleb128 0x1b
 1194 0932 25030000 		.4byte	.LASF118
 1195 0936 06       		.byte	0x6
 1196 0937 2A01     		.2byte	0x12a
 1197 0939 01       		.byte	0x1
ARM GAS  C:\Users\nello\AppData\Local\Temp\ccMNzq7C.s 			page 22


 1198 093a 1C       		.uleb128 0x1c
 1199 093b 84030000 		.4byte	.LASF119
 1200 093f 07       		.byte	0x7
 1201 0940 4802     		.2byte	0x248
 1202 0942 14       		.byte	0x14
 1203 0943 1C       		.uleb128 0x1c
 1204 0944 36050000 		.4byte	.LASF120
 1205 0948 07       		.byte	0x7
 1206 0949 3D02     		.2byte	0x23d
 1207 094b 14       		.byte	0x14
 1208 094c 1D       		.uleb128 0x1d
 1209 094d C9050000 		.4byte	.LASF129
 1210 0951 08       		.byte	0x8
 1211 0952 A501     		.2byte	0x1a5
 1212 0954 14       		.byte	0x14
 1213 0955 63090000 		.4byte	0x963
 1214 0959 17       		.uleb128 0x17
 1215 095a 71030000 		.4byte	.LASF95
 1216 095e 73090000 		.4byte	0x973
 1217 0962 00       		.byte	0
 1218 0963 0A       		.uleb128 0xa
 1219 0964 B0000000 		.4byte	0xb0
 1220 0968 73090000 		.4byte	0x973
 1221 096c 0B       		.uleb128 0xb
 1222 096d 24000000 		.4byte	0x24
 1223 0971 0B       		.byte	0xb
 1224 0972 00       		.byte	0
 1225 0973 06       		.uleb128 0x6
 1226 0974 63090000 		.4byte	0x963
 1227 0978 1C       		.uleb128 0x1c
 1228 0979 7A030000 		.4byte	.LASF121
 1229 097d 08       		.byte	0x8
 1230 097e 9701     		.2byte	0x197
 1231 0980 14       		.byte	0x14
 1232 0981 1C       		.uleb128 0x1c
 1233 0982 F1000000 		.4byte	.LASF122
 1234 0986 09       		.byte	0x9
 1235 0987 1F03     		.2byte	0x31f
 1236 0989 1B       		.byte	0x1b
 1237 098a 1C       		.uleb128 0x1c
 1238 098b 44000000 		.4byte	.LASF123
 1239 098f 09       		.byte	0x9
 1240 0990 0B03     		.2byte	0x30b
 1241 0992 1B       		.byte	0x1b
 1242 0993 1E       		.uleb128 0x1e
 1243 0994 D6040000 		.4byte	.LASF130
 1244 0998 0A       		.byte	0xa
 1245 0999 EB01     		.2byte	0x1eb
 1246 099b 1B       		.byte	0x1b
 1247 099c 15       		.uleb128 0x15
 1248 099d E9000000 		.4byte	.LASF124
 1249 09a1 0A       		.byte	0xa
 1250 09a2 EB01     		.2byte	0x1eb
 1251 09a4 32       		.byte	0x32
 1252 09a5 93000000 		.4byte	0x93
 1253 09a9 00       		.byte	0
 1254 09aa 00       		.byte	0
ARM GAS  C:\Users\nello\AppData\Local\Temp\ccMNzq7C.s 			page 23


 1255              		.section	.gnu.debuglto_.debug_abbrev,"e",%progbits
 1256              	.Ldebug_abbrev0:
 1257 0000 01       		.uleb128 0x1
 1258 0001 11       		.uleb128 0x11
 1259 0002 01       		.byte	0x1
 1260 0003 25       		.uleb128 0x25
 1261 0004 0E       		.uleb128 0xe
 1262 0005 13       		.uleb128 0x13
 1263 0006 0B       		.uleb128 0xb
 1264 0007 03       		.uleb128 0x3
 1265 0008 0E       		.uleb128 0xe
 1266 0009 1B       		.uleb128 0x1b
 1267 000a 0E       		.uleb128 0xe
 1268 000b 10       		.uleb128 0x10
 1269 000c 17       		.uleb128 0x17
 1270 000d 00       		.byte	0
 1271 000e 00       		.byte	0
 1272 000f 02       		.uleb128 0x2
 1273 0010 24       		.uleb128 0x24
 1274 0011 00       		.byte	0
 1275 0012 0B       		.uleb128 0xb
 1276 0013 0B       		.uleb128 0xb
 1277 0014 3E       		.uleb128 0x3e
 1278 0015 0B       		.uleb128 0xb
 1279 0016 03       		.uleb128 0x3
 1280 0017 08       		.uleb128 0x8
 1281 0018 00       		.byte	0
 1282 0019 00       		.byte	0
 1283 001a 03       		.uleb128 0x3
 1284 001b 24       		.uleb128 0x24
 1285 001c 00       		.byte	0
 1286 001d 0B       		.uleb128 0xb
 1287 001e 0B       		.uleb128 0xb
 1288 001f 3E       		.uleb128 0x3e
 1289 0020 0B       		.uleb128 0xb
 1290 0021 03       		.uleb128 0x3
 1291 0022 0E       		.uleb128 0xe
 1292 0023 00       		.byte	0
 1293 0024 00       		.byte	0
 1294 0025 04       		.uleb128 0x4
 1295 0026 16       		.uleb128 0x16
 1296 0027 00       		.byte	0
 1297 0028 03       		.uleb128 0x3
 1298 0029 0E       		.uleb128 0xe
 1299 002a 3A       		.uleb128 0x3a
 1300 002b 0B       		.uleb128 0xb
 1301 002c 3B       		.uleb128 0x3b
 1302 002d 0B       		.uleb128 0xb
 1303 002e 39       		.uleb128 0x39
 1304 002f 0B       		.uleb128 0xb
 1305 0030 49       		.uleb128 0x49
 1306 0031 13       		.uleb128 0x13
 1307 0032 00       		.byte	0
 1308 0033 00       		.byte	0
 1309 0034 05       		.uleb128 0x5
 1310 0035 35       		.uleb128 0x35
 1311 0036 00       		.byte	0
ARM GAS  C:\Users\nello\AppData\Local\Temp\ccMNzq7C.s 			page 24


 1312 0037 49       		.uleb128 0x49
 1313 0038 13       		.uleb128 0x13
 1314 0039 00       		.byte	0
 1315 003a 00       		.byte	0
 1316 003b 06       		.uleb128 0x6
 1317 003c 26       		.uleb128 0x26
 1318 003d 00       		.byte	0
 1319 003e 49       		.uleb128 0x49
 1320 003f 13       		.uleb128 0x13
 1321 0040 00       		.byte	0
 1322 0041 00       		.byte	0
 1323 0042 07       		.uleb128 0x7
 1324 0043 13       		.uleb128 0x13
 1325 0044 01       		.byte	0x1
 1326 0045 0B       		.uleb128 0xb
 1327 0046 0B       		.uleb128 0xb
 1328 0047 3A       		.uleb128 0x3a
 1329 0048 0B       		.uleb128 0xb
 1330 0049 3B       		.uleb128 0x3b
 1331 004a 05       		.uleb128 0x5
 1332 004b 39       		.uleb128 0x39
 1333 004c 0B       		.uleb128 0xb
 1334 004d 01       		.uleb128 0x1
 1335 004e 13       		.uleb128 0x13
 1336 004f 00       		.byte	0
 1337 0050 00       		.byte	0
 1338 0051 08       		.uleb128 0x8
 1339 0052 0D       		.uleb128 0xd
 1340 0053 00       		.byte	0
 1341 0054 03       		.uleb128 0x3
 1342 0055 0E       		.uleb128 0xe
 1343 0056 3A       		.uleb128 0x3a
 1344 0057 0B       		.uleb128 0xb
 1345 0058 3B       		.uleb128 0x3b
 1346 0059 05       		.uleb128 0x5
 1347 005a 39       		.uleb128 0x39
 1348 005b 0B       		.uleb128 0xb
 1349 005c 49       		.uleb128 0x49
 1350 005d 13       		.uleb128 0x13
 1351 005e 38       		.uleb128 0x38
 1352 005f 0B       		.uleb128 0xb
 1353 0060 00       		.byte	0
 1354 0061 00       		.byte	0
 1355 0062 09       		.uleb128 0x9
 1356 0063 0D       		.uleb128 0xd
 1357 0064 00       		.byte	0
 1358 0065 03       		.uleb128 0x3
 1359 0066 08       		.uleb128 0x8
 1360 0067 3A       		.uleb128 0x3a
 1361 0068 0B       		.uleb128 0xb
 1362 0069 3B       		.uleb128 0x3b
 1363 006a 05       		.uleb128 0x5
 1364 006b 39       		.uleb128 0x39
 1365 006c 0B       		.uleb128 0xb
 1366 006d 49       		.uleb128 0x49
 1367 006e 13       		.uleb128 0x13
 1368 006f 38       		.uleb128 0x38
ARM GAS  C:\Users\nello\AppData\Local\Temp\ccMNzq7C.s 			page 25


 1369 0070 0B       		.uleb128 0xb
 1370 0071 00       		.byte	0
 1371 0072 00       		.byte	0
 1372 0073 0A       		.uleb128 0xa
 1373 0074 01       		.uleb128 0x1
 1374 0075 01       		.byte	0x1
 1375 0076 49       		.uleb128 0x49
 1376 0077 13       		.uleb128 0x13
 1377 0078 01       		.uleb128 0x1
 1378 0079 13       		.uleb128 0x13
 1379 007a 00       		.byte	0
 1380 007b 00       		.byte	0
 1381 007c 0B       		.uleb128 0xb
 1382 007d 21       		.uleb128 0x21
 1383 007e 00       		.byte	0
 1384 007f 49       		.uleb128 0x49
 1385 0080 13       		.uleb128 0x13
 1386 0081 2F       		.uleb128 0x2f
 1387 0082 0B       		.uleb128 0xb
 1388 0083 00       		.byte	0
 1389 0084 00       		.byte	0
 1390 0085 0C       		.uleb128 0xc
 1391 0086 16       		.uleb128 0x16
 1392 0087 00       		.byte	0
 1393 0088 03       		.uleb128 0x3
 1394 0089 0E       		.uleb128 0xe
 1395 008a 3A       		.uleb128 0x3a
 1396 008b 0B       		.uleb128 0xb
 1397 008c 3B       		.uleb128 0x3b
 1398 008d 05       		.uleb128 0x5
 1399 008e 39       		.uleb128 0x39
 1400 008f 0B       		.uleb128 0xb
 1401 0090 49       		.uleb128 0x49
 1402 0091 13       		.uleb128 0x13
 1403 0092 00       		.byte	0
 1404 0093 00       		.byte	0
 1405 0094 0D       		.uleb128 0xd
 1406 0095 0F       		.uleb128 0xf
 1407 0096 00       		.byte	0
 1408 0097 0B       		.uleb128 0xb
 1409 0098 0B       		.uleb128 0xb
 1410 0099 00       		.byte	0
 1411 009a 00       		.byte	0
 1412 009b 0E       		.uleb128 0xe
 1413 009c 0F       		.uleb128 0xf
 1414 009d 00       		.byte	0
 1415 009e 0B       		.uleb128 0xb
 1416 009f 0B       		.uleb128 0xb
 1417 00a0 49       		.uleb128 0x49
 1418 00a1 13       		.uleb128 0x13
 1419 00a2 00       		.byte	0
 1420 00a3 00       		.byte	0
 1421 00a4 0F       		.uleb128 0xf
 1422 00a5 15       		.uleb128 0x15
 1423 00a6 01       		.byte	0x1
 1424 00a7 27       		.uleb128 0x27
 1425 00a8 19       		.uleb128 0x19
ARM GAS  C:\Users\nello\AppData\Local\Temp\ccMNzq7C.s 			page 26


 1426 00a9 01       		.uleb128 0x1
 1427 00aa 13       		.uleb128 0x13
 1428 00ab 00       		.byte	0
 1429 00ac 00       		.byte	0
 1430 00ad 10       		.uleb128 0x10
 1431 00ae 05       		.uleb128 0x5
 1432 00af 00       		.byte	0
 1433 00b0 49       		.uleb128 0x49
 1434 00b1 13       		.uleb128 0x13
 1435 00b2 00       		.byte	0
 1436 00b3 00       		.byte	0
 1437 00b4 11       		.uleb128 0x11
 1438 00b5 34       		.uleb128 0x34
 1439 00b6 00       		.byte	0
 1440 00b7 03       		.uleb128 0x3
 1441 00b8 0E       		.uleb128 0xe
 1442 00b9 3A       		.uleb128 0x3a
 1443 00ba 0B       		.uleb128 0xb
 1444 00bb 3B       		.uleb128 0x3b
 1445 00bc 05       		.uleb128 0x5
 1446 00bd 39       		.uleb128 0x39
 1447 00be 0B       		.uleb128 0xb
 1448 00bf 49       		.uleb128 0x49
 1449 00c0 13       		.uleb128 0x13
 1450 00c1 3F       		.uleb128 0x3f
 1451 00c2 19       		.uleb128 0x19
 1452 00c3 3C       		.uleb128 0x3c
 1453 00c4 19       		.uleb128 0x19
 1454 00c5 00       		.byte	0
 1455 00c6 00       		.byte	0
 1456 00c7 12       		.uleb128 0x12
 1457 00c8 34       		.uleb128 0x34
 1458 00c9 00       		.byte	0
 1459 00ca 47       		.uleb128 0x47
 1460 00cb 13       		.uleb128 0x13
 1461 00cc 3A       		.uleb128 0x3a
 1462 00cd 0B       		.uleb128 0xb
 1463 00ce 3B       		.uleb128 0x3b
 1464 00cf 0B       		.uleb128 0xb
 1465 00d0 39       		.uleb128 0x39
 1466 00d1 0B       		.uleb128 0xb
 1467 00d2 00       		.byte	0
 1468 00d3 00       		.byte	0
 1469 00d4 13       		.uleb128 0x13
 1470 00d5 34       		.uleb128 0x34
 1471 00d6 00       		.byte	0
 1472 00d7 03       		.uleb128 0x3
 1473 00d8 08       		.uleb128 0x8
 1474 00d9 3A       		.uleb128 0x3a
 1475 00da 0B       		.uleb128 0xb
 1476 00db 3B       		.uleb128 0x3b
 1477 00dc 05       		.uleb128 0x5
 1478 00dd 39       		.uleb128 0x39
 1479 00de 0B       		.uleb128 0xb
 1480 00df 49       		.uleb128 0x49
 1481 00e0 13       		.uleb128 0x13
 1482 00e1 00       		.byte	0
ARM GAS  C:\Users\nello\AppData\Local\Temp\ccMNzq7C.s 			page 27


 1483 00e2 00       		.byte	0
 1484 00e3 14       		.uleb128 0x14
 1485 00e4 2E       		.uleb128 0x2e
 1486 00e5 01       		.byte	0x1
 1487 00e6 3F       		.uleb128 0x3f
 1488 00e7 19       		.uleb128 0x19
 1489 00e8 03       		.uleb128 0x3
 1490 00e9 0E       		.uleb128 0xe
 1491 00ea 3A       		.uleb128 0x3a
 1492 00eb 0B       		.uleb128 0xb
 1493 00ec 3B       		.uleb128 0x3b
 1494 00ed 05       		.uleb128 0x5
 1495 00ee 39       		.uleb128 0x39
 1496 00ef 0B       		.uleb128 0xb
 1497 00f0 27       		.uleb128 0x27
 1498 00f1 19       		.uleb128 0x19
 1499 00f2 01       		.uleb128 0x1
 1500 00f3 13       		.uleb128 0x13
 1501 00f4 00       		.byte	0
 1502 00f5 00       		.byte	0
 1503 00f6 15       		.uleb128 0x15
 1504 00f7 05       		.uleb128 0x5
 1505 00f8 00       		.byte	0
 1506 00f9 03       		.uleb128 0x3
 1507 00fa 0E       		.uleb128 0xe
 1508 00fb 3A       		.uleb128 0x3a
 1509 00fc 0B       		.uleb128 0xb
 1510 00fd 3B       		.uleb128 0x3b
 1511 00fe 05       		.uleb128 0x5
 1512 00ff 39       		.uleb128 0x39
 1513 0100 0B       		.uleb128 0xb
 1514 0101 49       		.uleb128 0x49
 1515 0102 13       		.uleb128 0x13
 1516 0103 00       		.byte	0
 1517 0104 00       		.byte	0
 1518 0105 16       		.uleb128 0x16
 1519 0106 05       		.uleb128 0x5
 1520 0107 00       		.byte	0
 1521 0108 03       		.uleb128 0x3
 1522 0109 08       		.uleb128 0x8
 1523 010a 3A       		.uleb128 0x3a
 1524 010b 0B       		.uleb128 0xb
 1525 010c 3B       		.uleb128 0x3b
 1526 010d 05       		.uleb128 0x5
 1527 010e 39       		.uleb128 0x39
 1528 010f 0B       		.uleb128 0xb
 1529 0110 49       		.uleb128 0x49
 1530 0111 13       		.uleb128 0x13
 1531 0112 00       		.byte	0
 1532 0113 00       		.byte	0
 1533 0114 17       		.uleb128 0x17
 1534 0115 34       		.uleb128 0x34
 1535 0116 00       		.byte	0
 1536 0117 03       		.uleb128 0x3
 1537 0118 0E       		.uleb128 0xe
 1538 0119 49       		.uleb128 0x49
 1539 011a 13       		.uleb128 0x13
ARM GAS  C:\Users\nello\AppData\Local\Temp\ccMNzq7C.s 			page 28


 1540 011b 34       		.uleb128 0x34
 1541 011c 19       		.uleb128 0x19
 1542 011d 00       		.byte	0
 1543 011e 00       		.byte	0
 1544 011f 18       		.uleb128 0x18
 1545 0120 34       		.uleb128 0x34
 1546 0121 00       		.byte	0
 1547 0122 03       		.uleb128 0x3
 1548 0123 0E       		.uleb128 0xe
 1549 0124 3A       		.uleb128 0x3a
 1550 0125 0B       		.uleb128 0xb
 1551 0126 3B       		.uleb128 0x3b
 1552 0127 05       		.uleb128 0x5
 1553 0128 39       		.uleb128 0x39
 1554 0129 0B       		.uleb128 0xb
 1555 012a 49       		.uleb128 0x49
 1556 012b 13       		.uleb128 0x13
 1557 012c 00       		.byte	0
 1558 012d 00       		.byte	0
 1559 012e 19       		.uleb128 0x19
 1560 012f 2E       		.uleb128 0x2e
 1561 0130 01       		.byte	0x1
 1562 0131 3F       		.uleb128 0x3f
 1563 0132 19       		.uleb128 0x19
 1564 0133 03       		.uleb128 0x3
 1565 0134 0E       		.uleb128 0xe
 1566 0135 3A       		.uleb128 0x3a
 1567 0136 0B       		.uleb128 0xb
 1568 0137 3B       		.uleb128 0x3b
 1569 0138 05       		.uleb128 0x5
 1570 0139 39       		.uleb128 0x39
 1571 013a 0B       		.uleb128 0xb
 1572 013b 27       		.uleb128 0x27
 1573 013c 19       		.uleb128 0x19
 1574 013d 49       		.uleb128 0x49
 1575 013e 13       		.uleb128 0x13
 1576 013f 01       		.uleb128 0x1
 1577 0140 13       		.uleb128 0x13
 1578 0141 00       		.byte	0
 1579 0142 00       		.byte	0
 1580 0143 1A       		.uleb128 0x1a
 1581 0144 0B       		.uleb128 0xb
 1582 0145 01       		.byte	0x1
 1583 0146 00       		.byte	0
 1584 0147 00       		.byte	0
 1585 0148 1B       		.uleb128 0x1b
 1586 0149 2E       		.uleb128 0x2e
 1587 014a 00       		.byte	0
 1588 014b 3F       		.uleb128 0x3f
 1589 014c 19       		.uleb128 0x19
 1590 014d 03       		.uleb128 0x3
 1591 014e 0E       		.uleb128 0xe
 1592 014f 3A       		.uleb128 0x3a
 1593 0150 0B       		.uleb128 0xb
 1594 0151 3B       		.uleb128 0x3b
 1595 0152 05       		.uleb128 0x5
 1596 0153 39       		.uleb128 0x39
ARM GAS  C:\Users\nello\AppData\Local\Temp\ccMNzq7C.s 			page 29


 1597 0154 0B       		.uleb128 0xb
 1598 0155 27       		.uleb128 0x27
 1599 0156 19       		.uleb128 0x19
 1600 0157 00       		.byte	0
 1601 0158 00       		.byte	0
 1602 0159 1C       		.uleb128 0x1c
 1603 015a 2E       		.uleb128 0x2e
 1604 015b 00       		.byte	0
 1605 015c 03       		.uleb128 0x3
 1606 015d 0E       		.uleb128 0xe
 1607 015e 3A       		.uleb128 0x3a
 1608 015f 0B       		.uleb128 0xb
 1609 0160 3B       		.uleb128 0x3b
 1610 0161 05       		.uleb128 0x5
 1611 0162 39       		.uleb128 0x39
 1612 0163 0B       		.uleb128 0xb
 1613 0164 27       		.uleb128 0x27
 1614 0165 19       		.uleb128 0x19
 1615 0166 00       		.byte	0
 1616 0167 00       		.byte	0
 1617 0168 1D       		.uleb128 0x1d
 1618 0169 2E       		.uleb128 0x2e
 1619 016a 01       		.byte	0x1
 1620 016b 03       		.uleb128 0x3
 1621 016c 0E       		.uleb128 0xe
 1622 016d 3A       		.uleb128 0x3a
 1623 016e 0B       		.uleb128 0xb
 1624 016f 3B       		.uleb128 0x3b
 1625 0170 05       		.uleb128 0x5
 1626 0171 39       		.uleb128 0x39
 1627 0172 0B       		.uleb128 0xb
 1628 0173 27       		.uleb128 0x27
 1629 0174 19       		.uleb128 0x19
 1630 0175 01       		.uleb128 0x1
 1631 0176 13       		.uleb128 0x13
 1632 0177 00       		.byte	0
 1633 0178 00       		.byte	0
 1634 0179 1E       		.uleb128 0x1e
 1635 017a 2E       		.uleb128 0x2e
 1636 017b 01       		.byte	0x1
 1637 017c 03       		.uleb128 0x3
 1638 017d 0E       		.uleb128 0xe
 1639 017e 3A       		.uleb128 0x3a
 1640 017f 0B       		.uleb128 0xb
 1641 0180 3B       		.uleb128 0x3b
 1642 0181 05       		.uleb128 0x5
 1643 0182 39       		.uleb128 0x39
 1644 0183 0B       		.uleb128 0xb
 1645 0184 27       		.uleb128 0x27
 1646 0185 19       		.uleb128 0x19
 1647 0186 00       		.byte	0
 1648 0187 00       		.byte	0
 1649 0188 00       		.byte	0
 1650              		.section	.gnu.debuglto_.debug_line,"e",%progbits
 1651              	.Ldebug_line0:
 1652 0000 58020000 		.4byte	.LELT0-.LSLT0
 1653              	.LSLT0:
ARM GAS  C:\Users\nello\AppData\Local\Temp\ccMNzq7C.s 			page 30


 1654 0004 0400     		.2byte	0x4
 1655 0006 52020000 		.4byte	.LELTP0-.LASLTP0
 1656              	.LASLTP0:
 1657 000a 01       		.byte	0x1
 1658 000b 01       		.byte	0x1
 1659 000c 01       		.byte	0x1
 1660 000d F6       		.byte	0xf6
 1661 000e F2       		.byte	0xf2
 1662 000f 0D       		.byte	0xd
 1663 0010 00       		.byte	0
 1664 0011 01       		.byte	0x1
 1665 0012 01       		.byte	0x1
 1666 0013 01       		.byte	0x1
 1667 0014 01       		.byte	0x1
 1668 0015 00       		.byte	0
 1669 0016 00       		.byte	0
 1670 0017 00       		.byte	0
 1671 0018 01       		.byte	0x1
 1672 0019 00       		.byte	0
 1673 001a 00       		.byte	0
 1674 001b 01       		.byte	0x1
 1675 001c 2E2E2F2E 		.ascii	"../../chibios2111/os/common/ext/ARM/CMSIS/Core/Incl"
 1675      2E2F6368 
 1675      6962696F 
 1675      73323131 
 1675      312F6F73 
 1676 004f 756465   		.ascii	"ude"
 1677 0052 00       		.byte	0
 1678 0053 2E2E2F2E 		.ascii	"../../chibios2111/os/common/ext/ST/STM32G4xx"
 1678      2E2F6368 
 1678      6962696F 
 1678      73323131 
 1678      312F6F73 
 1679 007f 00       		.byte	0
 1680 0080 2E2E2F2E 		.ascii	"../../chibios2111/os/common/ports/ARMv7-M-ALT"
 1680      2E2F6368 
 1680      6962696F 
 1680      73323131 
 1680      312F6F73 
 1681 00ad 00       		.byte	0
 1682 00ae 2E2E2F2E 		.ascii	"../../chibios2111/os/hal/osal/rt-nil"
 1682      2E2F6368 
 1682      6962696F 
 1682      73323131 
 1682      312F6F73 
 1683 00d2 00       		.byte	0
 1684 00d3 2E2E2F2E 		.ascii	"../../chibios2111/os/hal/ports/STM32/LLD/DMAv1"
 1684      2E2F6368 
 1684      6962696F 
 1684      73323131 
 1684      312F6F73 
 1685 0101 00       		.byte	0
 1686 0102 2E2E2F2E 		.ascii	"../../chibios2111/os/rt/include"
 1686      2E2F6368 
 1686      6962696F 
 1686      73323131 
 1686      312F6F73 
ARM GAS  C:\Users\nello\AppData\Local\Temp\ccMNzq7C.s 			page 31


 1687 0121 00       		.byte	0
 1688 0122 633A5C63 		.ascii	"c:\\chibistudio\\tools\\gnu tools arm embedded\\10."
 1688      68696269 
 1688      73747564 
 1688      696F5C74 
 1688      6F6F6C73 
 1689 0151 33203230 		.ascii	"3 2021.10\\arm-none-eabi\\include\\machine"
 1689      32312E31 
 1689      305C6172 
 1689      6D2D6E6F 
 1689      6E652D65 
 1690 0178 00       		.byte	0
 1691 0179 633A5C63 		.ascii	"c:\\chibistudio\\tools\\gnu tools arm embedded\\10."
 1691      68696269 
 1691      73747564 
 1691      696F5C74 
 1691      6F6F6C73 
 1692 01a8 33203230 		.ascii	"3 2021.10\\arm-none-eabi\\include\\sys"
 1692      32312E31 
 1692      305C6172 
 1692      6D2D6E6F 
 1692      6E652D65 
 1693 01cb 00       		.byte	0
 1694 01cc 00       		.byte	0
 1695 01cd 5F646566 		.ascii	"_default_types.h\000"
 1695      61756C74 
 1695      5F747970 
 1695      65732E68 
 1695      00
 1696 01de 07       		.uleb128 0x7
 1697 01df 00       		.uleb128 0
 1698 01e0 00       		.uleb128 0
 1699 01e1 5F737464 		.ascii	"_stdint.h\000"
 1699      696E742E 
 1699      6800
 1700 01eb 08       		.uleb128 0x8
 1701 01ec 00       		.uleb128 0
 1702 01ed 00       		.uleb128 0
 1703 01ee 636F7265 		.ascii	"core_cm4.h\000"
 1703      5F636D34 
 1703      2E6800
 1704 01f9 01       		.uleb128 0x1
 1705 01fa 00       		.uleb128 0
 1706 01fb 00       		.uleb128 0
 1707 01fc 73746D33 		.ascii	"stm32g474xx.h\000"
 1707      32673437 
 1707      3478782E 
 1707      6800
 1708 020a 02       		.uleb128 0x2
 1709 020b 00       		.uleb128 0
 1710 020c 00       		.uleb128 0
 1711 020d 73746D33 		.ascii	"stm32_dma.h\000"
 1711      325F646D 
 1711      612E6800 
 1712 0219 05       		.uleb128 0x5
 1713 021a 00       		.uleb128 0
 1714 021b 00       		.uleb128 0
ARM GAS  C:\Users\nello\AppData\Local\Temp\ccMNzq7C.s 			page 32


 1715 021c 73746D33 		.ascii	"stm32_dma.c\000"
 1715      325F646D 
 1715      612E6300 
 1716 0228 05       		.uleb128 0x5
 1717 0229 00       		.uleb128 0
 1718 022a 00       		.uleb128 0
 1719 022b 6F73616C 		.ascii	"osal.h\000"
 1719      2E6800
 1720 0232 04       		.uleb128 0x4
 1721 0233 00       		.uleb128 0
 1722 0234 00       		.uleb128 0
 1723 0235 63687379 		.ascii	"chsys.h\000"
 1723      732E6800 
 1724 023d 06       		.uleb128 0x6
 1725 023e 00       		.uleb128 0
 1726 023f 00       		.uleb128 0
 1727 0240 6368636F 		.ascii	"chcore.h\000"
 1727      72652E68 
 1727      00
 1728 0249 03       		.uleb128 0x3
 1729 024a 00       		.uleb128 0
 1730 024b 00       		.uleb128 0
 1731 024c 636D7369 		.ascii	"cmsis_gcc.h\000"
 1731      735F6763 
 1731      632E6800 
 1732 0258 01       		.uleb128 0x1
 1733 0259 00       		.uleb128 0
 1734 025a 00       		.uleb128 0
 1735 025b 00       		.byte	0
 1736              	.LELTP0:
 1737              	.LELT0:
 1738              		.section	.gnu.debuglto_.debug_str,"eMS",%progbits,1
 1739              	.LASF88:
 1740 0000 73747265 		.ascii	"streams\000"
 1740      616D7300 
 1741              	.LASF107:
 1742 0008 56656374 		.ascii	"Vector12C\000"
 1742      6F723132 
 1742      4300
 1743              	.LASF86:
 1744 0012 616C6C6F 		.ascii	"allocated_mask\000"
 1744      63617465 
 1744      645F6D61 
 1744      736B00
 1745              	.LASF97:
 1746 0021 646D6153 		.ascii	"dmaStreamAlloc\000"
 1746      74726561 
 1746      6D416C6C 
 1746      6F6300
 1747              	.LASF8:
 1748 0030 5F5F7569 		.ascii	"__uint8_t\000"
 1748      6E74385F 
 1748      7400
 1749              	.LASF106:
 1750 003a 56656374 		.ascii	"Vector130\000"
 1750      6F723133 
 1750      3000
ARM GAS  C:\Users\nello\AppData\Local\Temp\ccMNzq7C.s 			page 33


 1751              	.LASF123:
 1752 0044 706F7274 		.ascii	"port_lock\000"
 1752      5F6C6F63 
 1752      6B00
 1753              	.LASF11:
 1754 004e 6C6F6E67 		.ascii	"long long unsigned int\000"
 1754      206C6F6E 
 1754      6720756E 
 1754      7369676E 
 1754      65642069 
 1755              	.LASF74:
 1756 0065 43434950 		.ascii	"CCIPR2\000"
 1756      523200
 1757              	.LASF82:
 1758 006c 76656374 		.ascii	"vector\000"
 1758      6F7200
 1759              	.LASF128:
 1760 0073 5F73746D 		.ascii	"_stm32_dma_streams\000"
 1760      33325F64 
 1760      6D615F73 
 1760      74726561 
 1760      6D7300
 1761              	.LASF15:
 1762 0086 43505549 		.ascii	"CPUID\000"
 1762      4400
 1763              	.LASF91:
 1764 008c 646D6153 		.ascii	"dmaServeInterrupt\000"
 1764      65727665 
 1764      496E7465 
 1764      72727570 
 1764      7400
 1765              	.LASF42:
 1766 009e 43494552 		.ascii	"CIER\000"
 1766      00
 1767              	.LASF27:
 1768 00a3 49534152 		.ascii	"ISAR\000"
 1768      00
 1769              	.LASF1:
 1770 00a8 6C6F6E67 		.ascii	"long long int\000"
 1770      206C6F6E 
 1770      6720696E 
 1770      7400
 1771              	.LASF3:
 1772 00b6 7369676E 		.ascii	"signed char\000"
 1772      65642063 
 1772      68617200 
 1773              	.LASF46:
 1774 00c2 41484231 		.ascii	"AHB1RSTR\000"
 1774      52535452 
 1774      00
 1775              	.LASF62:
 1776 00cb 41484231 		.ascii	"AHB1SMENR\000"
 1776      534D454E 
 1776      5200
 1777              	.LASF68:
 1778 00d5 41504232 		.ascii	"APB2SMENR\000"
 1778      534D454E 
ARM GAS  C:\Users\nello\AppData\Local\Temp\ccMNzq7C.s 			page 34


 1778      5200
 1779              	.LASF111:
 1780 00df 56656374 		.ascii	"Vector1C0\000"
 1780      6F723143 
 1780      3000
 1781              	.LASF124:
 1782 00e9 62617365 		.ascii	"basePri\000"
 1782      50726900 
 1783              	.LASF122:
 1784 00f1 706F7274 		.ascii	"port_unlock\000"
 1784      5F756E6C 
 1784      6F636B00 
 1785              	.LASF89:
 1786 00fd 646D6173 		.ascii	"dmastp\000"
 1786      747000
 1787              	.LASF104:
 1788 0104 56656374 		.ascii	"Vector1C8\000"
 1788      6F723143 
 1788      3800
 1789              	.LASF7:
 1790 010e 6C6F6E67 		.ascii	"long int\000"
 1790      20696E74 
 1790      00
 1791              	.LASF52:
 1792 0117 41504232 		.ascii	"APB2RSTR\000"
 1792      52535452 
 1792      00
 1793              	.LASF50:
 1794 0120 41504231 		.ascii	"APB1RSTR1\000"
 1794      52535452 
 1794      3100
 1795              	.LASF51:
 1796 012a 41504231 		.ascii	"APB1RSTR2\000"
 1796      52535452 
 1796      3200
 1797              	.LASF103:
 1798 0134 56656374 		.ascii	"Vector1CC\000"
 1798      6F723143 
 1798      4300
 1799              	.LASF98:
 1800 013e 646D6153 		.ascii	"dmaStreamAllocI\000"
 1800      74726561 
 1800      6D416C6C 
 1800      6F634900 
 1801              	.LASF126:
 1802 014e 2E2E2F2E 		.ascii	"../../chibios2111/os/hal/ports/STM32/LLD/DMAv1/stm3"
 1802      2E2F6368 
 1802      6962696F 
 1802      73323131 
 1802      312F6F73 
 1803 0181 325F646D 		.ascii	"2_dma.c\000"
 1803      612E6300 
 1804              	.LASF80:
 1805 0189 73686966 		.ascii	"shift\000"
 1805      7400
 1806              	.LASF40:
 1807 018f 504C4C43 		.ascii	"PLLCFGR\000"
ARM GAS  C:\Users\nello\AppData\Local\Temp\ccMNzq7C.s 			page 35


 1807      46475200 
 1808              	.LASF24:
 1809 0197 42464152 		.ascii	"BFAR\000"
 1809      00
 1810              	.LASF43:
 1811 019c 43494652 		.ascii	"CIFR\000"
 1811      00
 1812              	.LASF9:
 1813 01a1 5F5F7569 		.ascii	"__uint32_t\000"
 1813      6E743332 
 1813      5F7400
 1814              	.LASF101:
 1815 01ac 6D61736B 		.ascii	"mask\000"
 1815      00
 1816              	.LASF63:
 1817 01b1 41484232 		.ascii	"AHB2SMENR\000"
 1817      534D454E 
 1817      5200
 1818              	.LASF30:
 1819 01bb 5343425F 		.ascii	"SCB_Type\000"
 1819      54797065 
 1819      00
 1820              	.LASF44:
 1821 01c4 43494352 		.ascii	"CICR\000"
 1821      00
 1822              	.LASF54:
 1823 01c9 41484231 		.ascii	"AHB1ENR\000"
 1823      454E5200 
 1824              	.LASF36:
 1825 01d1 444D415F 		.ascii	"DMA_TypeDef\000"
 1825      54797065 
 1825      44656600 
 1826              	.LASF0:
 1827 01dd 756E7369 		.ascii	"unsigned int\000"
 1827      676E6564 
 1827      20696E74 
 1827      00
 1828              	.LASF32:
 1829 01ea 43504152 		.ascii	"CPAR\000"
 1829      00
 1830              	.LASF77:
 1831 01ef 73746D33 		.ascii	"stm32_dmaisr_t\000"
 1831      325F646D 
 1831      61697372 
 1831      5F7400
 1832              	.LASF10:
 1833 01fe 6C6F6E67 		.ascii	"long unsigned int\000"
 1833      20756E73 
 1833      69676E65 
 1833      6420696E 
 1833      7400
 1834              	.LASF75:
 1835 0210 5243435F 		.ascii	"RCC_TypeDef\000"
 1835      54797065 
 1835      44656600 
 1836              	.LASF34:
 1837 021c 444D415F 		.ascii	"DMA_Channel_TypeDef\000"
ARM GAS  C:\Users\nello\AppData\Local\Temp\ccMNzq7C.s 			page 36


 1837      4368616E 
 1837      6E656C5F 
 1837      54797065 
 1837      44656600 
 1838              	.LASF17:
 1839 0230 56544F52 		.ascii	"VTOR\000"
 1839      00
 1840              	.LASF16:
 1841 0235 49435352 		.ascii	"ICSR\000"
 1841      00
 1842              	.LASF64:
 1843 023a 41484233 		.ascii	"AHB3SMENR\000"
 1843      534D454E 
 1843      5200
 1844              	.LASF18:
 1845 0244 41495243 		.ascii	"AIRCR\000"
 1845      5200
 1846              	.LASF22:
 1847 024a 44465352 		.ascii	"DFSR\000"
 1847      00
 1848              	.LASF23:
 1849 024f 4D4D4641 		.ascii	"MMFAR\000"
 1849      5200
 1850              	.LASF96:
 1851 0255 7072696F 		.ascii	"priority\000"
 1851      72697479 
 1851      00
 1852              	.LASF105:
 1853 025e 56656374 		.ascii	"Vector1C4\000"
 1853      6F723143 
 1853      3400
 1854              	.LASF94:
 1855 0268 646D6153 		.ascii	"dmaStreamFreeI\000"
 1855      74726561 
 1855      6D467265 
 1855      654900
 1856              	.LASF26:
 1857 0277 4D4D4652 		.ascii	"MMFR\000"
 1857      00
 1858              	.LASF33:
 1859 027c 434D4152 		.ascii	"CMAR\000"
 1859      00
 1860              	.LASF79:
 1861 0281 636D6173 		.ascii	"cmask\000"
 1861      6B00
 1862              	.LASF2:
 1863 0287 6C6F6E67 		.ascii	"long double\000"
 1863      20646F75 
 1863      626C6500 
 1864              	.LASF20:
 1865 0293 43465352 		.ascii	"CFSR\000"
 1865      00
 1866              	.LASF85:
 1867 0298 70617261 		.ascii	"param\000"
 1867      6D00
 1868              	.LASF87:
 1869 029e 6973725F 		.ascii	"isr_mask\000"
ARM GAS  C:\Users\nello\AppData\Local\Temp\ccMNzq7C.s 			page 37


 1869      6D61736B 
 1869      00
 1870              	.LASF58:
 1871 02a7 41504231 		.ascii	"APB1ENR1\000"
 1871      454E5231 
 1871      00
 1872              	.LASF59:
 1873 02b0 41504231 		.ascii	"APB1ENR2\000"
 1873      454E5232 
 1873      00
 1874              	.LASF99:
 1875 02b9 73746172 		.ascii	"startid\000"
 1875      74696400 
 1876              	.LASF28:
 1877 02c1 52455345 		.ascii	"RESERVED0\000"
 1877      52564544 
 1877      3000
 1878              	.LASF41:
 1879 02cb 52455345 		.ascii	"RESERVED1\000"
 1879      52564544 
 1879      3100
 1880              	.LASF45:
 1881 02d5 52455345 		.ascii	"RESERVED2\000"
 1881      52564544 
 1881      3200
 1882              	.LASF49:
 1883 02df 52455345 		.ascii	"RESERVED3\000"
 1883      52564544 
 1883      3300
 1884              	.LASF53:
 1885 02e9 52455345 		.ascii	"RESERVED4\000"
 1885      52564544 
 1885      3400
 1886              	.LASF57:
 1887 02f3 52455345 		.ascii	"RESERVED5\000"
 1887      52564544 
 1887      3500
 1888              	.LASF61:
 1889 02fd 52455345 		.ascii	"RESERVED6\000"
 1889      52564544 
 1889      3600
 1890              	.LASF65:
 1891 0307 52455345 		.ascii	"RESERVED7\000"
 1891      52564544 
 1891      3700
 1892              	.LASF69:
 1893 0311 52455345 		.ascii	"RESERVED8\000"
 1893      52564544 
 1893      3800
 1894              	.LASF71:
 1895 031b 52455345 		.ascii	"RESERVED9\000"
 1895      52564544 
 1895      3900
 1896              	.LASF118:
 1897 0325 56656374 		.ascii	"Vector6C\000"
 1897      6F723643 
 1897      00
ARM GAS  C:\Users\nello\AppData\Local\Temp\ccMNzq7C.s 			page 38


 1898              	.LASF76:
 1899 032e 5F426F6F 		.ascii	"_Bool\000"
 1899      6C00
 1900              	.LASF4:
 1901 0334 756E7369 		.ascii	"unsigned char\000"
 1901      676E6564 
 1901      20636861 
 1901      7200
 1902              	.LASF83:
 1903 0342 73746D33 		.ascii	"stm32_dma_stream_t\000"
 1903      325F646D 
 1903      615F7374 
 1903      7265616D 
 1903      5F7400
 1904              	.LASF19:
 1905 0355 53484353 		.ascii	"SHCSR\000"
 1905      5200
 1906              	.LASF70:
 1907 035b 43434950 		.ascii	"CCIPR\000"
 1907      5200
 1908              	.LASF5:
 1909 0361 73686F72 		.ascii	"short int\000"
 1909      7420696E 
 1909      7400
 1910              	.LASF73:
 1911 036b 43525243 		.ascii	"CRRCR\000"
 1911      5200
 1912              	.LASF95:
 1913 0371 5F5F6675 		.ascii	"__func__\000"
 1913      6E635F5F 
 1913      00
 1914              	.LASF121:
 1915 037a 63685379 		.ascii	"chSysLock\000"
 1915      734C6F63 
 1915      6B00
 1916              	.LASF119:
 1917 0384 6F73616C 		.ascii	"osalSysUnlock\000"
 1917      53797355 
 1917      6E6C6F63 
 1917      6B00
 1918              	.LASF60:
 1919 0392 41504232 		.ascii	"APB2ENR\000"
 1919      454E5200 
 1920              	.LASF48:
 1921 039a 41484233 		.ascii	"AHB3RSTR\000"
 1921      52535452 
 1921      00
 1922              	.LASF78:
 1923 03a3 6368616E 		.ascii	"channel\000"
 1923      6E656C00 
 1924              	.LASF56:
 1925 03ab 41484233 		.ascii	"AHB3ENR\000"
 1925      454E5200 
 1926              	.LASF90:
 1927 03b3 646D6153 		.ascii	"dmaSetRequestSource\000"
 1927      65745265 
 1927      71756573 
ARM GAS  C:\Users\nello\AppData\Local\Temp\ccMNzq7C.s 			page 39


 1927      74536F75 
 1927      72636500 
 1928              	.LASF117:
 1929 03c7 56656374 		.ascii	"Vector70\000"
 1929      6F723730 
 1929      00
 1930              	.LASF116:
 1931 03d0 56656374 		.ascii	"Vector74\000"
 1931      6F723734 
 1931      00
 1932              	.LASF25:
 1933 03d9 41465352 		.ascii	"AFSR\000"
 1933      00
 1934              	.LASF115:
 1935 03de 56656374 		.ascii	"Vector78\000"
 1935      6F723738 
 1935      00
 1936              	.LASF102:
 1937 03e7 646D6149 		.ascii	"dmaInit\000"
 1937      6E697400 
 1938              	.LASF100:
 1939 03ef 656E6469 		.ascii	"endid\000"
 1939      6400
 1940              	.LASF14:
 1941 03f5 63686172 		.ascii	"char\000"
 1941      00
 1942              	.LASF84:
 1943 03fa 66756E63 		.ascii	"func\000"
 1943      00
 1944              	.LASF114:
 1945 03ff 56656374 		.ascii	"Vector7C\000"
 1945      6F723743 
 1945      00
 1946              	.LASF125:
 1947 0408 474E5520 		.ascii	"GNU C17 10.3.1 20210824 (release) -mcpu=cortex-m4 -"
 1947      43313720 
 1947      31302E33 
 1947      2E312032 
 1947      30323130 
 1948 043b 6D746875 		.ascii	"mthumb -mfloat-abi=soft -march=armv7e-m -ggdb -O0 -"
 1948      6D62202D 
 1948      6D666C6F 
 1948      61742D61 
 1948      62693D73 
 1949 046e 666F6D69 		.ascii	"fomit-frame-pointer -falign-functions=16 -ffunction"
 1949      742D6672 
 1949      616D652D 
 1949      706F696E 
 1949      74657220 
 1950 04a1 2D736563 		.ascii	"-sections -fdata-sections -fno-common -flto\000"
 1950      74696F6E 
 1950      73202D66 
 1950      64617461 
 1950      2D736563 
 1951              	.LASF47:
 1952 04cd 41484232 		.ascii	"AHB2RSTR\000"
 1952      52535452 
ARM GAS  C:\Users\nello\AppData\Local\Temp\ccMNzq7C.s 			page 40


 1952      00
 1953              	.LASF130:
 1954 04d6 5F5F7365 		.ascii	"__set_BASEPRI\000"
 1954      745F4241 
 1954      53455052 
 1954      4900
 1955              	.LASF127:
 1956 04e4 433A5C43 		.ascii	"C:\\ChibiStudio\\workspace_user\\GestureLogicv4\000"
 1956      68696269 
 1956      53747564 
 1956      696F5C77 
 1956      6F726B73 
 1957              	.LASF55:
 1958 0511 41484232 		.ascii	"AHB2ENR\000"
 1958      454E5200 
 1959              	.LASF6:
 1960 0519 73686F72 		.ascii	"short unsigned int\000"
 1960      7420756E 
 1960      7369676E 
 1960      65642069 
 1960      6E7400
 1961              	.LASF81:
 1962 052c 73656C66 		.ascii	"selfindex\000"
 1962      696E6465 
 1962      7800
 1963              	.LASF120:
 1964 0536 6F73616C 		.ascii	"osalSysLock\000"
 1964      5379734C 
 1964      6F636B00 
 1965              	.LASF93:
 1966 0542 646D6153 		.ascii	"dmaStreamFree\000"
 1966      74726561 
 1966      6D467265 
 1966      6500
 1967              	.LASF113:
 1968 0550 56656374 		.ascii	"Vector80\000"
 1968      6F723830 
 1968      00
 1969              	.LASF13:
 1970 0559 75696E74 		.ascii	"uint32_t\000"
 1970      33325F74 
 1970      00
 1971              	.LASF112:
 1972 0562 56656374 		.ascii	"Vector84\000"
 1972      6F723834 
 1972      00
 1973              	.LASF37:
 1974 056b 444D414D 		.ascii	"DMAMUX_Channel_TypeDef\000"
 1974      55585F43 
 1974      68616E6E 
 1974      656C5F54 
 1974      79706544 
 1975              	.LASF31:
 1976 0582 434E4454 		.ascii	"CNDTR\000"
 1976      5200
 1977              	.LASF72:
 1978 0588 42444352 		.ascii	"BDCR\000"
ARM GAS  C:\Users\nello\AppData\Local\Temp\ccMNzq7C.s 			page 41


 1978      00
 1979              	.LASF12:
 1980 058d 75696E74 		.ascii	"uint8_t\000"
 1980      385F7400 
 1981              	.LASF92:
 1982 0595 666C6167 		.ascii	"flags\000"
 1982      7300
 1983              	.LASF38:
 1984 059b 49435343 		.ascii	"ICSCR\000"
 1984      5200
 1985              	.LASF110:
 1986 05a1 56656374 		.ascii	"Vector120\000"
 1986      6F723132 
 1986      3000
 1987              	.LASF39:
 1988 05ab 43464752 		.ascii	"CFGR\000"
 1988      00
 1989              	.LASF109:
 1990 05b0 56656374 		.ascii	"Vector124\000"
 1990      6F723132 
 1990      3400
 1991              	.LASF35:
 1992 05ba 49464352 		.ascii	"IFCR\000"
 1992      00
 1993              	.LASF108:
 1994 05bf 56656374 		.ascii	"Vector128\000"
 1994      6F723132 
 1994      3800
 1995              	.LASF129:
 1996 05c9 63685379 		.ascii	"chSysUnlock\000"
 1996      73556E6C 
 1996      6F636B00 
 1997              	.LASF29:
 1998 05d5 43504143 		.ascii	"CPACR\000"
 1998      5200
 1999              	.LASF21:
 2000 05db 48465352 		.ascii	"HFSR\000"
 2000      00
 2001              	.LASF66:
 2002 05e0 41504231 		.ascii	"APB1SMENR1\000"
 2002      534D454E 
 2002      523100
 2003              	.LASF67:
 2004 05eb 41504231 		.ascii	"APB1SMENR2\000"
 2004      534D454E 
 2004      523200
 2005              		.text
 2006              		.section	.gnu.lto_.inline.71a49ca7,"e",%progbits
 2007 0000 789C8DD2 		.ascii	"x\234\215\322\273\015\3020\020\006\340\037\333I\200"
 2007      BB0DC230 
 2007      1006E01F 
 2007      DB4980
 2008 000f 00E1FD96 		.ascii	"\000\341\375\226X\201\232!2\003\005O\211\031\020t\224"
 2008      58819A21 
 2008      3203054F 
 2008      89191074 
 2008      94
ARM GAS  C:\Users\nello\AppData\Local\Temp\ccMNzq7C.s 			page 42


 2009 0020 2E198101 		.ascii	".\031\201\001((\031\001v`\020\316\006GJ\020\3129\315"
 2009      28281901 
 2009      766010CE 
 2009      06474A10 
 2009      CA39CD
 2010 0033 EFD3679F 		.ascii	"\357\323g\237\235d\256\220\214\021\240\0164\344\002"
 2010      9D64AE90 
 2010      8C11A00E 
 2010      34E402
 2011 0042 10495238 		.ascii	"\020IR8R\332\013\010\"\205\\!\276bEQ\230$~\366(\233"
 2011      52DA0B08 
 2011      22855C21 
 2011      BE624551 
 2011      98247EF6 
 2012 0058 6692E914 		.ascii	"f\222\351\024\"*\335\255\033\272\224r\001\236\240\331"
 2012      222ADDAD 
 2012      1BBA9472 
 2012      019EA0D9 
 2013 0068 4B6C899C 		.ascii	"Kl\211\234\013\024\257&\246\214\254\230\243\351X\307"
 2013      0B14AF26 
 2013      A68CAC98 
 2013      A3E958C7 
 2014 0078 458454BE 		.ascii	"E\204T\276\210MN_?2\315\315\012\363|j%\314\210\235l"
 2014      884D4E5F 
 2014      3F32CDCD 
 2014      0AF37C6A 
 2014      25CC889D 
 2015 008d A31DA59B 		.ascii	"\243\035\245\233\334do\037\232\015t\\F`e^\027\347?\263"
 2015      DC646F1F 
 2015      9A0D745C 
 2015      4660655E 
 2015      17E73FB3 
 2016 00a1 1013020F 		.ascii	"\020\023\002\017\273jJI\313uf\225\327p\367\250\300O"
 2016      BB6A4A49 
 2016      CB756695 
 2016      D770F7A8 
 2016      C04F
 2017 00b3 DECB9F2F 		.ascii	"\336\313\237/a\367F\225\013k\\\030qa\235\013\033\\\330"
 2017      61F74695 
 2017      0B6B5C18 
 2017      71619D0B 
 2017      1B5CD8
 2018 00c6 E4C21617 		.ascii	"\344\302\026\027\266\271\260\303\205].\354qa\237\013"
 2018      B6B9B0C3 
 2018      855D2EEC 
 2018      71619F0B 
 2019 00d6 075C38E4 		.ascii	"\007\\8\344\302\021\027\216\341\331\377|I\025\337\245"
 2019      C211178E 
 2019      E1D9FF7C 
 2019      4915DFA5 
 2020 00e6 14C41BCC 		.ascii	"\024\304\033\314h\333\361"
 2020      68DBF1
 2021              		.text
 2022              		.section	.gnu.lto_.jmpfuncs.71a49ca7,"e",%progbits
 2023 0000 789C6362 		.ascii	"x\234cb@\006\000\000*\000\003"
 2023      40060000 
 2023      2A0003
ARM GAS  C:\Users\nello\AppData\Local\Temp\ccMNzq7C.s 			page 43


 2024              		.text
 2025              		.section	.gnu.lto_.lto.71a49ca7,"e",%progbits
 2026 0000 09000400 		.ascii	"\011\000\004\000\001\000\000\000"
 2026      01000000 
 2027              		.text
 2028              		.section	.gnu.lto_chSysLock.191.71a49ca7,"e",%progbits
 2029 0000 789C7D50 		.ascii	"x\234}PMh\023Q\020\236yo\323*E)\210\027/\246\207\242"
 2029      4D681351 
 2029      109E796F 
 2029      D32A4529 
 2029      88172FA6 
 2030 0016 42936DEA 		.ascii	"B\223m\352O\250\267\022\244\024\032\220\306\213\022"
 2030      4FA8B712 
 2030      A4141A90 
 2030      C68B12
 2031 0025 08E96669 		.ascii	"\010\351fi\027\335n\330\335T{\312\032\177\002J\323\232"
 2031      17DD6ED8 
 2031      DD547BCA 
 2031      1A7F024A 
 2031      D39A
 2032 0037 78D22058 		.ascii	"x\322 XR\360d.\3764\365o5\024<U\020\304\203\202\027"
 2032      52F0642E 
 2032      FE34F56F 
 2032      35143C55 
 2032      10C48382 
 2033 004c C183A052 		.ascii	"\301\203\240RA{P\342\274Mbz\020\037\273\274\371\346"
 2033      417B50E2 
 2033      BC4D627A 
 2033      101FBBBC 
 2033      F9E6
 2034 005e FBE69B79 		.ascii	"\373\346\233y\263\206\000;\351\037\005:>\300\342\265"
 2034      B386003B 
 2034      E91F053A 
 2034      3EC0E2B5 
 2035 006e 2B0C1A8D 		.ascii	"+\014\032\215FVbXZ\377\370\374g\017\272\350a\216\327"
 2035      46566258 
 2035      5AFFF8FC 
 2035      670FBAE8 
 2035      618ED7
 2036 0081 D77FE7EE 		.ascii	"\327\177\347\356\026\020k\315\204\204\347\013\3676O"
 2036      16106BCD 
 2036      8484E70B 
 2036      F7364F
 2037 0090 E1FD2644 		.ascii	"\341\375&D\3102.a\026K\374\200\3438\233\227nT\347{\234"
 2037      C8322E61 
 2037      164BFC80 
 2037      E3389B97 
 2037      6E54E77B 
 2038 00a5 3B2E5638 		.ascii	";.V8\300-\016\355\323\325BX\346\350\305\210\017\020"
 2038      C02D0EED 
 2038      D3D54258 
 2038      E6E8C588 
 2038      0F10
 2039 00b7 DA80E1C3 		.ascii	"\332\200\341\303&\020\026\357\217\000\271S\262E\343"
 2039      261016EF 
 2039      8F00B953 
 2039      B245E3
ARM GAS  C:\Users\nello\AppData\Local\Temp\ccMNzq7C.s 			page 44


 2040 00c6 0AB6E822 		.ascii	"\012\266\350\"\257P\235\324\212\030\372)\342'\005\263"
 2040      AF509DD4 
 2040      8A18FA29 
 2040      E22705B3 
 2041 00d6 CFA5C262 		.ascii	"\317\245\302b\376\335\253=e\307\225*\234\343c\024=\036"
 2041      FEDDAB3D 
 2041      65C7952A 
 2041      9CE36314 
 2041      3D1E
 2042 00e8 21AE22E0 		.ascii	"!\256\"\340\023\032\207/cy\027I\373\205\364\307\325"
 2042      131A872F 
 2042      63791749 
 2042      FB85F4C7 
 2042      D5
 2043 00f9 9BB581FA 		.ascii	"\233\265\201\372\005\347\245\363W\014\0351\315\331\032"
 2043      05E7A5F3 
 2043      570C1D31 
 2043      CDD91A
 2044 0108 66E54DB9 		.ascii	"f\345M\271\013\237R\262&\354\304+\360\23179i\220\210"
 2044      0B9F52B2 
 2044      26ECC42B 
 2044      F0993739 
 2044      699088
 2045 011b EA6B9FEB 		.ascii	"\352k\237\353\374j,8n~Gu\276\364\3513\223\030\210\002"
 2045      FC6A2C38 
 2045      6E7E4775 
 2045      BEF4E933 
 2045      93188802 
 2046 012f 58E062A1 		.ascii	"X\340b\241\336\331Kp\221\263\016\344\360\005s\033\275"
 2046      DED94B70 
 2046      91B30EE4 
 2046      F005731B 
 2046      BD
 2047 0140 B0C49978 		.ascii	"\260\304\231x\010\307A\370J\211\345\302\352\207\355"
 2047      08C741F8 
 2047      4A89E5C2 
 2047      EA87ED
 2048 014f B478E1FE 		.ascii	"\264x\341\376],\252\357\"\273\274\255\302\305\203%\261"
 2048      5D2CAAEF 
 2048      22BBBCAD 
 2048      C2C58325 
 2048      B1
 2049 0160 BB170874 		.ascii	"\273\027\010tc\035\227\232\313\351\313{\274\317#\327"
 2049      631D979A 
 2049      CBE9CB7B 
 2049      BCCF23D7 
 2050 0170 C4D8D496 		.ascii	"\304\330\324\226o\355\263\310\245\255p\003s\337n\327"
 2050      6FEDB3C8 
 2050      A5AD7003 
 2050      73DF6ED7 
 2051 0180 DF1EA3FD 		.ascii	"\337\036\243\375BS\215\035\232Q\"\0209\032\217Lk\223"
 2051      42538D1D 
 2051      9A512210 
 2051      391A8F4C 
 2051      6B93
 2052 0192 5ACCCEA4 		.ascii	"Z\314\316\2444#~\3260O[\351\244\242&2\226j\306GU\313"
 2052      34237ED6 
ARM GAS  C:\Users\nello\AppData\Local\Temp\ccMNzq7C.s 			page 45


 2052      304F5BE9 
 2052      A4A22632 
 2052      966AC647 
 2053 01a8 CE98EAB8 		.ascii	"\316\230\352\2701\245)\263\207`\1770(\323\247\210\002"
 2053      31A529B3 
 2053      87607F30 
 2053      28D3A788 
 2053      02
 2054 01b9 C31A0A85 		.ascii	"\303\032\012\205B\262a\311\246-k3\312\231LJ%\306\232"
 2054      42B261C9 
 2054      A62D6B33 
 2054      CA994C4A 
 2054      25C69A
 2055 01cc B382D3D0 		.ascii	"\263\202\323\320=\231\264\324\343\246\026\371g\201b"
 2055      3D99B4D4 
 2055      E3A616F9 
 2055      678162
 2056 01db E8BA3123 		.ascii	"\350\2721#\253\347lyd\"*G\242\261\261\230\0341LU\036"
 2056      ABE76C79 
 2056      64222A47 
 2056      A2B1B198 
 2056      1C314C55 
 2057 01f0 6BFBE896 		.ascii	"k\373\350\226f%\246\024\205\274v[\266~p(\221\322\223"
 2057      6625A614 
 2057      85BC765B 
 2057      B67E7028 
 2057      91D293
 2058 0203 4125984A 		.ascii	"A%\230J\036\036N\016\207U\010\377\3179m\230\266%\274"
 2058      1E1E4E0E 
 2058      875508FF 
 2058      CF396D98 
 2058      B625BC
 2059 0216 67C38168 		.ascii	"g\303\201h`d\374\004\351\024\362'\267\336hl\302/\246"
 2059      6064FC04 
 2059      E914F227 
 2059      B7DE686C 
 2059      C22FA6
 2060 0229 4B9BDA80 		.ascii	"K\233\332\200\277\177\020\230\011\335\272\252\033\346"
 2060      BF7F1098 
 2060      09DDBAAA 
 2060      1BE6
 2061 0237 1CFC01F3 		.ascii	"\034\374\001\363\331\006i"
 2061      D90669
 2062              		.text
 2063              		.section	.gnu.lto_chSysUnlock.192.71a49ca7,"e",%progbits
 2064 0000 789C7D51 		.ascii	"x\234}QMh\023Q\020\236yo\223*E)\210\027/\246\207\242"
 2064      4D681351 
 2064      109E796F 
 2064      932A4529 
 2064      88172FA6 
 2065 0016 429335F5 		.ascii	"B\2235\365'\324[\011\"\205\006\244\021A\014\204t\263"
 2065      27D45B09 
 2065      228506A4 
 2065      11410C84 
 2065      74B3
 2066 0028 B48BDD6E 		.ascii	"\264\213\335n\330\335T{\312Z\177\002\212\251&z\221 "
 2066      D8DD547B 
ARM GAS  C:\Users\nello\AppData\Local\Temp\ccMNzq7C.s 			page 46


 2066      CA5A7F02 
 2066      8AA9267A 
 2066      9120
 2067 003a 5852E84D 		.ascii	"XR\350M\360\267\251\332\306\026\301K*x\320\203H/=W\251"
 2067      F0B7A9DA 
 2067      C616C14B 
 2067      2A78D083 
 2067      482F3D57 
 2068 004f A83D2871 		.ascii	"\250=(q\336&1\025\304\307.;\337|\337|3o\366\003\002"
 2068      DE263115 
 2068      C4C72E3B 
 2068      DF7CDF7C 
 2068      336FF603 
 2069 0064 ECA4F734 		.ascii	"\354\244\3674\320\361\002\346o]cP\253\3252\022\303\002"
 2069      D0F102E6 
 2069      6F5D6350 
 2069      ABD53212 
 2069      C302
 2070 0076 C5F8045D 		.ascii	"\305\370\004]\304\361\366\312\332\253\037\355X\251c"
 2070      C4F1F6CA 
 2070      DAAB1FED 
 2070      58A963
 2071 0085 09EFACFC 		.ascii	"\011\357\254\374Zz\230C,\327\023\036\274\230{\374\376"
 2071      5A7A9843 
 2071      2CD7131E 
 2071      BC987BFC 
 2071      FE
 2072 0096 6C538F90 		.ascii	"lS\217\220a\234\222\031,\360\003\216\343l^\271[\275"
 2072      619C9219 
 2072      2CF0038E 
 2072      E36C5EB9 
 2072      5BBD
 2073 00a8 D1EECC56 		.ascii	"\321\356\314V\260\304\001\356qh\036o\003a\221\243\033"
 2073      B0C401EE 
 2073      71681E6F 
 2073      036191A3 
 2073      1B
 2074 00b9 233E4568 		.ascii	"#>Eh\002\206\317\352\200,\346\276\035\005\262\247d\203"
 2074      0286CFEA 
 2074      802CE6BE 
 2074      1D05B2A7 
 2074      6483
 2075 00cb C6396CD0 		.ascii	"\3069l\320y^\242:\251\0211\364Q\304\317\010f_\205z\347"
 2075      795EA23A 
 2075      A91131F4 
 2075      51C4CF08 
 2075      665F857A 
 2076 00e0 B31FDFEE 		.ascii	"\263\037\337\356):\025\251\3049\276@\321\3439\342<\002"
 2076      293A15A9 
 2076      C439BE40 
 2076      D1E339E2 
 2076      3C02
 2077 00f2 BEA471F8 		.ascii	"\276\244q\370\014\026w\221\264KH\277__,w/_r\3368\177"
 2077      0C167791 
 2077      B44B48BF 
 2077      5F5F2C77 
 2077      2F5F72DE 
ARM GAS  C:\Users\nello\AppData\Local\Temp\ccMNzq7C.s 			page 47


 2078 0108 C4D012D3 		.ascii	"\304\320\022\323\234\215a6\327\212^\\\240dY\330\211"
 2078      9C8D6136 
 2078      D78A5E5C 
 2078      A06459D8 
 2078      89
 2079 0119 5BE0A23B 		.ascii	"[\340\242;9i\330,\325,\340\203w\236\212\363\2636\345"
 2079      3969D82C 
 2079      D52CE083 
 2079      779E8AF3 
 2079      B336E5
 2080 012c 54B23BAA 		.ascii	"T\262;\252\325\302\352:\223\230\310\003Lq\261b\367\354"
 2080      D5C2EA3A 
 2080      9398C803 
 2080      4C71B162 
 2080      F7EC
 2081 013e 75216B41 		.ascii	"u!kA\01679\337\012\327qr\243\003\2469\023W\243V\360"
 2081      0E3739DF 
 2081      0AD77172 
 2081      A303A639 
 2081      1357A356 
 2082 0153 991233B9 		.ascii	"\231\0223\271\371\325\355\364/D\277\257bu\235\227\331"
 2082      F9D5EDF4 
 2082      2F44BFAF 
 2082      62759D97 
 2082      D9
 2083 0164 D56D252E 		.ascii	"\325m%.V \211m.!\320\027\227q\272\276\256\316\254\313"
 2083      5620896D 
 2083      2E21D017 
 2083      9771BABE 
 2083      AECEACCB 
 2084 0178 7B5CF2B5 		.ascii	"{\\\362\265\270\010\265\225\376n\353\331\0127p\362\313"
 2084      B808B595 
 2084      FE6EEBD9 
 2084      0A3770F2 
 2084      CB
 2085 0189 FD479F8E 		.ascii	"\375G\237\216\323\306\241\256\306\026\315(\341\017\037"
 2085      D3C6A1AE 
 2085      C616CD28 
 2085      E10F1F
 2086 0198 8B8547B4 		.ascii	"\213\205G\264!-j\247\223\232\021;o\230\347\254TBQ\343"
 2086      212D6AA7 
 2086      939A113B 
 2086      6F98E7AC 
 2086      544251E3 
 2087 01ac 694B3563 		.ascii	"iK5c'T\313N\233\352\2001\254)\343\207a\177  \323\243"
 2087      2754CB4E 
 2087      9BEA8031 
 2087      AC29E387 
 2087      617F2020 
 2088 01c2 8802C3EA 		.ascii	"\210\002\303\352\011\006\203\262a\311\246-kc\312h:\251"
 2088      090683B2 
 2088      61C9A62D 
 2088      6B63CA68 
 2088      3AA9
 2089 01d4 12634D58 		.ascii	"\022cMX\201\021h\033JX\352IS\013\377\263@1t\335\030"
 2089      8111681B 
 2089      4A58EA49 
ARM GAS  C:\Users\nello\AppData\Local\Temp\ccMNzq7C.s 			page 48


 2089      530BFFB3 
 2089      403174DD 
 2090 01e9 93D50BB6 		.ascii	"\223\325\013\266\3347\030\221\303\221h\177T\016\033"
 2090      DC371891 
 2090      C391687F 
 2090      540E1B
 2091 01f8 A62AF737 		.ascii	"\246*\3677}tK\263\342\303\212B^\273-[?\324\023O\352"
 2091      7D744BB3 
 2091      E2C38A42 
 2091      5EBB2D5B 
 2091      3FD4134F 
 2092 020d 89801248 		.ascii	"\211\200\022H&\216\364&zC*\204\376\347\2342L\333\022"
 2092      268EF426 
 2092      7A432A84 
 2092      FEE79C32 
 2092      4CDB12
 2093 0220 DEE3217F 		.ascii	"\336\343!\177\304\3377p\212t\012\371\223[G$:\350\023"
 2093      C4DF3770 
 2093      8A740AF9 
 2093      935B4724 
 2093      3AE813
 2094 0233 D3A54CAD 		.ascii	"\323\245L\255\333\327u\020\230\011m\272\252\033\346"
 2094      DBD77510 
 2094      98096DBA 
 2094      AA1BE6
 2095 0242 04FC066A 		.ascii	"\004\374\006js\026\211"
 2095      731689
 2096              		.text
 2097              		.section	.gnu.lto_osalSysLock.339.71a49ca7,"e",%progbits
 2098 0000 789C9BC0 		.ascii	"x\234\233\300\300\300\020\003\304\212@\314\300\314\300"
 2098      C0C01003 
 2098      C48A40CC 
 2098      C0CCC0
 2099 000f 38696217 		.ascii	"8ib\027\023\303\377\377\377\353Y\230\030\033U\030\267"
 2099      13C3FFFF 
 2099      FFEB5998 
 2099      181B5518 
 2099      B7
 2100 0020 3282D98C 		.ascii	"2\202\331\214\014\365L\214\365\214\223\2315\033\032"
 2100      0CF54C8C 
 2100      F58C9399 
 2100      351B1A
 2101 002f 1A7EB4CE 		.ascii	"\032~\264\316\372\273\321\240\251\241Ub\0113\003\303"
 2101      FABBD1A0 
 2101      A9A15562 
 2101      093303C3 
 2102 003f 3C660618 		.ascii	"<f\006\030`\203\361\030\201x\375%\326\003\015\177\376"
 2102      6083F118 
 2102      8178FD25 
 2102      D6030D7F 
 2102      FE
 2103 0050 F737347C 		.ascii	"\36774|}\302\330\261\231\005(\321\317\0142\031\014\344"
 2103      7DC2D8B1 
 2103      990528D1 
 2103      CF0C3219 
 2103      0CE4
 2104 0062 814A2630 		.ascii	"\201J&03!\270\214\014\037\030\233\037\374\177,\301\320"
ARM GAS  C:\Users\nello\AppData\Local\Temp\ccMNzq7C.s 			page 49


 2104      3321B88C 
 2104      0C1F189B 
 2104      1FFC7F2C 
 2104      C1D0
 2105 0074 C2C8B484 		.ascii	"\302\310\264\204\231q\0363P\305\022f&\206O\214M\017"
 2105      99711E33 
 2105      50C51266 
 2105      26864F8C 
 2105      4D0F
 2106 0086 263EE300 		.ascii	"&>\343\000[\320\317\314\210l\000\003\203\256\263U\214"
 2106      5BD0CFCC 
 2106      886C0003 
 2106      83AEB355 
 2106      8C
 2107 0097 73466652 		.ascii	"sFfRfpIiJf~Ly~QvqAbrj|iqjQ\214{jqIiQ\252O~zfr\231\011"
 2107      66704969 
 2107      4A667E4C 
 2107      797E5176 
 2107      71416272 
 2108 00c0 838E9E9E 		.ascii	"\203\216\236\236>\020%\2034\344\027\033\031\032\032"
 2108      3E102583 
 2108      34E4171B 
 2108      191A1A
 2109 00cf EAE717EB 		.ascii	"\352\347\027\353g$\346\000) QT\242\233\227\011a\353"
 2109      6724E600 
 2109      29205154 
 2109      A29B9709 
 2109      61EB
 2110 00e1 65300000 		.ascii	"e0\000\000\000Hc\236"
 2110      0048639E 
 2111              		.text
 2112              		.section	.gnu.lto_osalSysUnlock.340.71a49ca7,"e",%progbits
 2113 0000 789C9BC0 		.ascii	"x\234\233\300\300\300\020\003\304\212@\314\300\314\300"
 2113      C0C01003 
 2113      C48A40CC 
 2113      C0CCC0
 2114 000f 38696217 		.ascii	"8ib\027\023\303\377\377\377\353Y\230\030\033U\030\267"
 2114      13C3FFFF 
 2114      FFEB5998 
 2114      181B5518 
 2114      B7
 2115 0020 3282D98C 		.ascii	"2\202\331\214\014\365L\214\365\214\223\2315\033\032"
 2115      0CF54C8C 
 2115      F58C9399 
 2115      351B1A
 2116 002f 1A7EB4CE 		.ascii	"\032~\264\316\232\261\331\240\251\241Ub\0113\003\303"
 2116      9AB1D9A0 
 2116      A9A15562 
 2116      093303C3 
 2117 003f 3C660618 		.ascii	"<f\006\030`\203\361\030\201x\375%\326\003\015\177\376"
 2117      6083F118 
 2117      8178FD25 
 2117      D6030D7F 
 2117      FE
 2118 0050 F737341C 		.ascii	"\36774\034}\3128{3\013P\242\237\031d2\030\310\003\225"
 2118      7DCA387B 
 2118      330B50A2 
ARM GAS  C:\Users\nello\AppData\Local\Temp\ccMNzq7C.s 			page 50


 2118      9F196432 
 2118      18C80395 
 2119 0064 4C606642 		.ascii	"L`fBp\031\031>06?\330\372L\202\241\205\221i\0113\343"
 2119      7019193E 
 2119      30363FD8 
 2119      FA4C82A1 
 2119      85916909 
 2120 007a 3C66A08A 		.ascii	"<f\240\212%\314L\014\237\030\233\036l\177\306\001\266"
 2120      25CC4C0C 
 2120      9F189B1E 
 2120      6C7FC601 
 2120      B6
 2121 008b A09F9911 		.ascii	"\240\237\231\021\331\000\006\006]g\253\030\347\214\314"
 2121      D9000606 
 2121      5D67AB18 
 2121      E78CCC
 2122 009a A4CCE092 		.ascii	"\244\314\340\222\322\224\314\374\230\362\374\242\354"
 2122      D294CCFC 
 2122      98F2FCA2 
 2122      EC
 2123 00a7 E282C4E4 		.ascii	"\342\202\304\344\324\370\322\342\324\242\030\367\324"
 2123      D4F8D2E2 
 2123      D4A218F7 
 2123      D4
 2124 00b4 E292D2A2 		.ascii	"\342\222\322\242T\237\374\364\314\3442\023\006\035="
 2124      549FFCF4 
 2124      CCE43213 
 2124      061D3D
 2125 00c3 3D7D204A 		.ascii	"=} J\006i\310/6244\324\317/\326\317H\314\001R@\242\250"
 2125      0669C82F 
 2125      36323434 
 2125      D4CF2FD6 
 2125      CF48CC01 
 2126 00db 44372F13 		.ascii	"D7/\023\302\326\313`\000\000~\364b\376"
 2126      C2D6CB60 
 2126      00007EF4 
 2126      62FE
 2127              		.text
 2128              		.section	.gnu.lto__stm32_dma_streams.402.71a49ca7,"e",%progbits
 2129 0000 789C75D5 		.ascii	"x\234u\325IS\023Q\024\206\341\376ng@q\300*\027.X\370"
 2129      49531351 
 2129      1486E1FE 
 2129      6E674071 
 2129      C02A172E 
 2130 0016 17D48DA8 		.ascii	"\027\324\215\250?\256\203\250\035E\215\030\0255\321"
 2130      3FAE83A8 
 2130      1D458D18 
 2130      1535D1
 2131 0025 2CB270E1 		.ascii	",\262p\341\"\013P\234\0205\342\034\0341N\310\2408\005"
 2131      220B509C 
 2131      1035E21C 
 2131      1C314EC8 
 2131      A03805
 2132 0038 05E7593B 		.ascii	"\005\347Y;\037\251sr\265.\213\256\223\242\270\317{\201"
 2132      1FA97372 
 2132      B52E8BAE 
 2132      93A2B8CF 
ARM GAS  C:\Users\nello\AppData\Local\Temp\ccMNzq7C.s 			page 51


 2132      7B81
 2133 004a 93CC253D 		.ascii	"\223\314%=\017\336\374W\316G\217_\364=L\351\270T\246"
 2133      0FDEFC57 
 2133      CE478F5F 
 2133      F43D4CE9 
 2133      B854A6
 2134 005d F6C6049C 		.ascii	"\366\306\004\234\316\204A\254\361\312 \010Lc\366\221"
 2134      CE8441AC 
 2134      F1CA2008 
 2134      4C63F691 
 2135 006d 4DEB7762 		.ascii	"M\353wb\010\302\371W\035\235a\320^\364\343\371\350\224"
 2135      08C2F957 
 2135      1D9D61D0 
 2135      5EF4E3F9 
 2135      E894
 2136 007f 93C84727 		.ascii	"\223\310G'\234\210\236\006\003\321\323\307\361\350\031"
 2136      9C889E06 
 2136      03D1D3C7 
 2136      F1E819
 2137 008e C3B1E819 		.ascii	"\303\261\350\031G\177\364L\240\017\215#\022M\374\244"
 2137      477FF44C 
 2137      A00F8D23 
 2137      124DFCA4 
 2138 009e 362D9169 		.ascii	"6-\221i\2054\015\374\323\004i\012\322\256\212\363\254"
 2138      85340DFC 
 2138      D304690A 
 2138      D2AE8AF3 
 2138      AC
 2139 00af 38C78A21 		.ascii	"8\307\212!V\234e\305 +\316h\205\202\023Z\261X\246\345"
 2139      569C65C5 
 2139      202BCE68 
 2139      8582135A 
 2139      B158A6E5 
 2140 00c3 52D16757 		.ascii	"R\321gW\014yRQs\376.\256\262\342\012+.\263\342\022+"
 2140      0C795251 
 2140      73FE2EAE 
 2140      B2E20A2B 
 2140      2EB3E212 
 2141 00d8 86597151 		.ascii	"\206YqQ+\024\334 \323\"\231\332$\242dG\254\224\206\252"
 2141      2B14DC20 
 2141      D32299DA 
 2141      24A26447 
 2141      AC9486AA 
 2142 00ec B3E1361B 		.ascii	"\263\3416\033n\261\341&\033F\330Pa\303\015mPo\275L\255"
 2142      6EB1E126 
 2142      1B46D850 
 2142      61C30D6D 
 2142      506FBD4C 
 2143 0101 221FB5E5 		.ascii	"\"\037\265\3456\221\313N\371\001\345*\345\373\224+\224"
 2143      3691CB4E 
 2143      F901E52A 
 2143      E5FB942B 
 2143      94
 2144 0112 4729DF53 		.ascii	"G)\337S\271U\274u2-\224\251E\032\216\330\015-\322Pr"
 2144      B955BC75 
 2144      322D94A9 
 2144      451A8ED8 
ARM GAS  C:\Users\nello\AppData\Local\Temp\ccMNzq7C.s 			page 52


 2144      0D2DD250 
 2145 0127 364CB061 		.ascii	"6L\260a\234\015O\3310\306\206'lx\254\015\352u\310\264"
 2145      9C0D4FD9 
 2145      30C68627 
 2145      6C78AC0D 
 2145      EA75C8B4 
 2146 013b 40A69834 		.ascii	"@\246\2304\024\355\206\2304\344\234\015\257\330\360"
 2146      14ED8698 
 2146      34E49C0D 
 2146      AFD8F0
 2147 014a 920D2FD8 		.ascii	"\222\015/\3300\315\206\347lx\246\015\352\255\225\311"
 2147      30CD86E7 
 2147      6C78A60D 
 2147      EAAD95C9 
 2148 015a 13B960CB 		.ascii	"\023\271`\313\272\231\241S\236\245\374\216\362[\312"
 2148      BA99A153 
 2148      9EA5FC8E 
 2148      F25BCA
 2149 0169 3394C728 		.ascii	"3\224\307(\327 \312\270\376\357'\005\314\331\240\256"
 2149      D720CAB8 
 2149      FEEF2705 
 2149      CCD9A0AE 
 2150 0179 5D3665BD 		.ascii	"]6e\275\025\004\377\363_\310\177&\377\211\374\307\246"
 2150      1504FFF3 
 2150      5FC87F26 
 2150      FF89FCC7 
 2150      A6
 2151 018a B7820FE4 		.ascii	"\267\202\017\344\337\353\305\223\242/\223)!\035\275"
 2151      DFEBC593 
 2151      A22F9329 
 2151      211DBD
 2152 0199 5647D3E2 		.ascii	"VG\323\342\005)\227\374\233\362/\312?\233\326\377\007"
 2152      052997FC 
 2152      9BF22FCA 
 2152      3F9BD6FF 
 2152      07
 2153 01aa E5EF2A27 		.ascii	"\345\357*'\304\213\213\227\265<\335\261\232\363\242"
 2153      C48B8B97 
 2153      B53CDDB1 
 2153      9AF3A2
 2154 01b9 5DA6CE6D 		.ascii	"]\246\316m4u\256\323\350\236\247L\235\033QN\221\214"
 2154      3475AED3 
 2154      E89EA74C 
 2154      9D1B514E 
 2154      918C
 2155 01cb 85E83A55 		.ascii	"\205\350:U\235H\232HHd\213\321E\236\346\235\372\025"
 2155      9D489A48 
 2155      48648BD1 
 2155      459EE69D 
 2155      FA15
 2156 01dd 89C99D7C 		.ascii	"\211\311\235|\341\272-N7\247\354\344v\222\333An\273"
 2156      E1BA2D4E 
 2156      37A7ECE4 
 2156      7692DB41 
 2156      6EBB
 2157 01ef D1EDEDE6 		.ascii	"\321\355\355\346\235\006\225\363\2053\302\205\026\247"
 2157      9D0695F3 
ARM GAS  C:\Users\nello\AppData\Local\Temp\ccMNzq7C.s 			page 53


 2157      8533C285 
 2157      16A7
 2158 01fd 4B527272 		.ascii	"KRrr{\310e\311\3556\272\250=\344\206\2253\302A\270."
 2158      7BC865C9 
 2158      ED36BAA8 
 2158      3DE48695 
 2158      33C241B8 
 2159 0212 8BD3CDC8 		.ascii	"\213\323\315\3109\271\203\344\016\220\333ot'{\311U\364"
 2159      39B983E4 
 2159      0E90DB6F 
 2159      74277BC9 
 2159      55F4
 2160 0224 E8C03A5A 		.ascii	"\350\300:Zw t\036}\230G\037\342\321y\243K7\303\277\323"
 2160      7720741E 
 2160      7D98471F 
 2160      E2D179A3 
 2160      4B37C3BF 
 2161 0239 287FA280 		.ascii	"(\177\242\200\242\237\304*\024\014V#g\260\317`\257\301"
 2161      A29FC42A 
 2161      140C5623 
 2161      67B0CF60 
 2161      AFC1
 2162 024b 2E838CC1 		.ascii	".\203\214\3016\203\255\006\233\0156\325\267\034\177"
 2162      3683AD06 
 2162      9B0D36D5 
 2162      B71C7F
 2163 025a 806FC057 		.ascii	"\200o\300W`\015\346\2007\300k`\012\230\004\036\001\017"
 2163      600DE680 
 2163      37C06B60 
 2163      0A98041E 
 2163      010F
 2164 026c 81BBC01D 		.ascii	"\201\273\300\035\340:p\015(\003\027\242\317p\340\024"
 2164      E03A700D 
 2164      280317A2 
 2164      CF70E014 
 2165 027c BCBF646A 		.ascii	"\274\277dj\364\271"
 2165      F4B9
 2166              		.text
 2167              		.section	.gnu.lto_Vector6C.404.71a49ca7,"e",%progbits
 2168 0000 789C4D50 		.ascii	"x\234MP=K\303P\024\275'7\255\325\301\321U\004\227\012"
 2168      3D4BC350 
 2168      14BD2737 
 2168      ADD5C1D1 
 2168      5504970A 
 2169 0014 36263AE9 		.ascii	"6&:\351$\012.\355T\307B\251m\320\240\022IR\035\373\324"
 2169      240A2EED 
 2169      54C742A9 
 2169      6DD0A012 
 2169      49521DFB 
 2170 0029 E8E052AD 		.ascii	"\350\340R\255\213\210\012J\220nN\342\007T\304\237\240"
 2170      8B880A4A 
 2170      906E4EE2 
 2170      0754C49F 
 2170      A0
 2171 003a B838B908 		.ascii	"\2708\271\010\272\210\024\007\007\241\276D\212^\336"
 2171      BA881407 
 2171      07A1BE44 
ARM GAS  C:\Users\nello\AppData\Local\Temp\ccMNzq7C.s 			page 54


 2171      8A5EDE
 2172 0049 8373CEBB 		.ascii	"\203s\316\273\367p\317\323A4OD}\362\022\023j;[\012\265"
 2172      F770CFD3 
 2172      41344F44 
 2172      7DF21213 
 2172      6A3B5B0A 
 2173 005e 5AAD8AAA 		.ascii	"Z\255\212\252`\265\037\347\2100\250\242\240\202]N\012"
 2173      60B51FE7 
 2173      8830A8A2 
 2173      A0825D4E 
 2173      0A
 2174 006f 21BE36F6 		.ascii	"!\2766\366\237\222\242~\213\200\211\216\230\332\025"
 2174      9F92A27E 
 2174      8B80898E 
 2174      98DA15
 2175 007e 6F336949 		.ascii	"o3iIg\367\261[\361\335\252\012\361\370\202\267d\014"
 2175      67F7B15B 
 2175      F1DDAA0A 
 2175      F1F882B7 
 2175      640C
 2176 0090 14B0D4AB 		.ascii	"\024\260\324\253\034\232G\325+\3516+\177\024\364\001"
 2176      1C9A47D5 
 2176      2BE9362B 
 2176      7F14F401 
 2177 00a0 FFB9F100 		.ascii	"\377\271\361\000\362\241\004\254\034\205\003\007\214"
 2177      F2A104AC 
 2177      1C850307 
 2177      8C
 2178 00ad 1A072CA1 		.ascii	"\032\007,\241D>\342\022\3269\222O\241\006\254\342\022"
 2178      443EE212 
 2178      D639924F 
 2178      A106ACE2 
 2178      12
 2179 00be B8881E0D 		.ascii	"\270\210\036\015_\210\327\236\200c\270\002\006\344\012"
 2179      5F88D79E 
 2179      8063B802 
 2179      06E40A
 2180 00cd 3E36A522 		.ascii	">6\245\"\267\214\343\0322I\300\035\364\216\265\346\336"
 2180      B78CE31A 
 2180      3249C01D 
 2180      F48EB5E6 
 2180      DE
 2181 00de A77AF2EB 		.ascii	"\247z\362\353\012\210\247u\321-\325\273f\342\240\255"
 2181      0A88A775 
 2181      D12DD5BB 
 2181      66E2A0AD 
 2182 00ee FD9ACBA0 		.ascii	"\375\232\313\240\211\200\023\262\023\015\320\320qD;"
 2182      898013B2 
 2182      130DD0D0 
 2182      71443B
 2183 00fd 7183C330 		.ascii	"q\203\3030c\330\331\025\366\010P\023k\317\017\331\350"
 2183      63D8D915 
 2183      F6085013 
 2183      6BCF0FD9 
 2183      E8
 2184 010e 0BAA8CFF 		.ascii	"\013\252\214\377\361\210\006'Fs\023s\326\214\225\365"
 2184      F1880627 
ARM GAS  C:\Users\nello\AppData\Local\Temp\ccMNzq7C.s 			page 55


 2184      46731373 
 2184      D68C95F5 
 2185 011e CA25CBCE 		.ascii	"\312%\313\316\255\330\316\274\273T(\232\371\262k:\271"
 2185      ADD8CEBC 
 2185      BB54289A 
 2185      F9B26B3A 
 2185      B9
 2186 012f 29D3F5CA 		.ascii	")\323\365\312\216\231\266g\255\342\362\010\215\245R"
 2186      8E99B667 
 2186      ADE2F208 
 2186      8DA552
 2187 013e 9A3CC570 		.ascii	"\232<\305p\300v\015]\3275\333\325\346\012\013\332\222"
 2187      C0760D5D 
 2187      D735DBD5 
 2187      E60A0BDA 
 2187      92
 2188 014f ED78AE96 		.ascii	"\355x\256\226\235\316\014\033Z:=\251Mf\306\227u\315"
 2188      9DCE0C1B 
 2188      5A3A3DA9 
 2188      4D66C697 
 2188      75CD
 2189 0161 F516878D 		.ascii	"\365\026\207\215|i\261\220*\322\017S\303\220\350"
 2189      7C69B190 
 2189      2AD20F53 
 2189      C390E8
 2190              		.text
 2191              		.section	.gnu.lto_Vector70.405.71a49ca7,"e",%progbits
 2192 0000 789C4D50 		.ascii	"x\234MP=K\003A\024|s/\211\321\302\322V\004\033\021\263"
 2192      3D4B0341 
 2192      147C732F 
 2192      89D1C2D2 
 2192      56041B11 
 2193 0015 DE69A595 		.ascii	"\336i\245\225D\260I*\305*\020brhP9\311%\261\314\252"
 2193      44B0492A 
 2193      C52A1062 
 2193      72685039 
 2193      C925B1CC 
 2194 002a A7A04DFC 		.ascii	"\247\240M\374hD4\240\034\222\316J\374\000E\304_\240"
 2194      684434A0 
 2194      1C92CE4A 
 2194      FC0045C4 
 2194      5FA0
 2195 003c D858D908 		.ascii	"\330X\331\010V\"\251D\224s\357$\350c\027ff\337\033\336"
 2195      5622A944 
 2195      9473EF24 
 2195      E8631766 
 2195      66DF1BDE 
 2196 0050 AC0EA259 		.ascii	"\254\016\242Y\"\352R\227\230\260\275\265\241\221\347"
 2196      22EA5297 
 2196      98B0BDB5 
 2196      A191E7
 2197 005f 79959086 		.ascii	"y\225\220\206\245n\234\"\300\240\212\206\012v\270GJ"
 2197      A56E9C22 
 2197      C0A08A86 
 2197      0A76B847 
 2197      4A
 2198 0070 F9B1BAF7 		.ascii	"\371\261\272\367\331#\3537p\231\250\306\324\254H\223"
ARM GAS  C:\Users\nello\AppData\Local\Temp\ccMNzq7C.s 			page 56


 2198      D923EB37 
 2198      7099A8C6 
 2198      D4AC4893 
 2199 0080 294B3AB9 		.ascii	")K:\271\017\337\310/\257*\345\343\013\326{\303 \227"
 2199      0FDFC82F 
 2199      AF2AE5E3 
 2199      0BD67BC3 
 2199      2097
 2200 0092 955E65DF 		.ascii	"\225^e\337<\250NE7Y\373\243\240w8\317\337\017 \007\232"
 2200      3CA84E45 
 2200      3759FBA3 
 2200      A07738CF 
 2200      DF0F2007 
 2201 00a7 CB5ACD1F 		.ascii	"\313Z\315\037\330gl\263\313\012*\344 \242`\235\003\371"
 2201      D8676CB3 
 2201      CB0A2AE4 
 2201      20A2609D 
 2201      03F9
 2202 00b9 18219743 		.ascii	"\030!\227C8\007\316\202G\303\221\362\265\303\3450.\200"
 2202      3807CE82 
 2202      47C391F2 
 2202      B5C3E530 
 2202      2E80
 2203 00cb 5EB58283 		.ascii	"^\265\202\2035\245\250-#\270\204J\342r\013\275a\271"
 2203      35A5A82D 
 2203      23B8844A 
 2203      E2720BBD 
 2203      61B9
 2204 00dd B17B173E 		.ascii	"\261{\027>\372u\005\344\323\212lW\352m#\272\337\324"
 2204      FA7505E4 
 2204      D38A6C57 
 2204      EA6D23BA 
 2204      DFD4
 2205 00ef 7ECD55D0 		.ascii	"~\315U\320\250\313Q\325\211+P\377a@[q\215\003?\243\337"
 2205      A8CB51D5 
 2205      892B50FF 
 2205      61405B71 
 2205      8D033FA3 
 2206 0104 D9E6F748 		.ascii	"\331\346\367HP\003\313\317;\223\301\027T\031\377\343"
 2206      5003CBCF 
 2206      3B93C117 
 2206      5419FFE3 
 2207 0114 11F5C587 		.ascii	"\021\365\305\207R\361\231\374T~\274X\312\345\255\324"
 2207      52F199FC 
 2207      547EBC58 
 2207      CAE5ADD4 
 2208 0124 A25598B5 		.ascii	"\242U\230\265\0272Y3]\262\315Bj\314\264\213\245\202"
 2208      17325933 
 2208      5DB2CD42 
 2208      6ACCB48B 
 2208      A582
 2209 0136 99B0A6F3 		.ascii	"\231\260\246\363\331\362 \015\307bB\235\254?`\331\206"
 2209      D9F2200D 
 2209      C762429D 
 2209      AC3F60D9 
 2209      86
 2210 0147 AEEBC2B2 		.ascii	"\256\353\302\262\305LfN,X\205\242-\306'\222\003\206"
ARM GAS  C:\Users\nello\AppData\Local\Temp\ccMNzq7C.s 			page 57


 2210      C54C664E 
 2210      2C5885A2 
 2210      2DC62792 
 2210      0386
 2211 0159 482446C5 		.ascii	"H$F\305hr\244\254\013\2738?`\244s\363\231X\226~\000"
 2211      6872A4AC 
 2211      0BBB383F 
 2211      60A473F3 
 2211      9958967E 
 2212 016e 0C42907F 		.ascii	"\014B\220\177"
 2213              		.text
 2214              		.section	.gnu.lto_Vector74.406.71a49ca7,"e",%progbits
 2215 0000 789C4D50 		.ascii	"x\234MP\277KBQ\030\375\316\373\324\254\240\2615\202"
 2215      BF4B4251 
 2215      18FDCEFB 
 2215      D4ACA0B1 
 2215      3582
 2216 0012 96887CA9 		.ascii	"\226\210|\251M\325\022\011-:\025M\202\230J\212\311\023"
 2216      4DD51209 
 2216      2D3A154D 
 2216      82984A8A 
 2216      C913
 2217 0024 9FD6E8AD 		.ascii	"\237\326\350\255^\015-\366c\011\261\240x\204MM\321/"
 2217      5E0D2DF6 
 2217      6309B1A0 
 2217      78844D4D 
 2217      D12F
 2218 0036 2AE94FE8 		.ascii	"*\351O\350\327\320\344\0224E85\004v\3373\251\217{\341"
 2218      D7D0E412 
 2218      34453835 
 2218      0476DF33 
 2218      A98F7BE1 
 2219 004a 3BE79EEF 		.ascii	";\347\236\357\360\235;\001\2424\021\365\313KL\330\331"
 2219      F09D3B01 
 2219      A23411F5 
 2219      CB4B4CD8 
 2219      D9
 2220 005b DE54A8D9 		.ascii	"\336T\250\331l\026\035\012V\006p\006\273\007\025\025"
 2220      6C161D0A 
 2220      56067006 
 2220      BB071515 
 2221 006b 14B1CB83 		.ascii	"\024\261\313\203B\210\257\365ryHTk0\231\350\200\251"
 2221      4288AFF5 
 2221      72794854 
 2221      6B3099E8 
 2221      80A9
 2222 007d 5DAE3692 		.ascii	"]\2566\222\226t\372\340\254\211\357fI\210\3477\234\014"
 2222      9674FAE0 
 2222      AC89EF66 
 2222      4988E737 
 2222      9C0C
 2223 008f 3941264B 		.ascii	"9A&K\276\304\226\271]}\022n\261\362\007A\2370\3527/"
 2223      BEC496B9 
 2223      5D7D126E 
 2223      B1F20741 
 2223      9F30EA37 
 2224 00a4 20038AC9 		.ascii	" \003\212\311\312\2015Pa\354\260\311\014\345\267\223"
ARM GAS  C:\Users\nello\AppData\Local\Temp\ccMNzq7C.s 			page 58


 2224      CA813550 
 2224      61ECB0C9 
 2224      0CE5B793 
 2225 00b4 BBC8CE80 		.ascii	"\273\310\316\200K\266U\266\005\307p\230\354\304%pa?"
 2225      4BB655B6 
 2225      05C77098 
 2225      ECC42570 
 2225      613F
 2226 00c6 FA0C21DE 		.ascii	"\372\014!\336{Mv\341\0128\267\2661\260!)\271p\007\256"
 2226      7B4D76E1 
 2226      0A38B7B6 
 2226      31B02129 
 2226      B97007AE 
 2227 00da 214399EC 		.ascii	"!C\231\354\246\017\2546\366\236\234G-[@\274\256\211"
 2227      A60FAC36 
 2227      F69E9C47 
 2227      2D5B40BC 
 2227      AE89
 2228 00ec 1EC9DE37 		.ascii	"\036\311\3367\334\2256\327r\227\231\335&wJ%nA#\2076"
 2228      DC9536D7 
 2228      729799DD 
 2228      26774A25 
 2228      6E412387 
 2229 0101 ECC21DF6 		.ascii	"\354\302\035\366\255\270\226\262\333\322\010P\003\253"
 2229      ADB896B2 
 2229      DBD20850 
 2229      03AB
 2230 010f F5C739FB 		.ascii	"\365\3079\3737J\214\377I\211\206\247\306\302S\311\324"
 2230      374A8CFF 
 2230      498986A7 
 2230      C6C253C9 
 2230      D4
 2231 0120 7C6A265F 		.ascii	"|j&_\210\247\264\360\262\226K\353\331h,\021)\350\211"
 2231      88A7B4F0 
 2231      B2964BEB 
 2231      D9682C11 
 2231      29E889
 2232 0133 5C783AA1 		.ascii	"\\x:\241\347\013\271DP[H\305\226Fi\334\343Q\345\211"
 2232      E70BB944 
 2232      505B48C5 
 2232      964669DC 
 2232      E351E589 
 2233 0147 59039AEE 		.ascii	"Y\003\232\356\363z\275\252\246\253\311\350\242\232\325"
 2233      F37ABDAA 
 2233      A6ABC9E8 
 2233      A29AD5
 2234 0156 72795D9D 		.ascii	"ry]\235\231\015\371}j0\030P\003\241\311%\257\252\347"
 2234      990DF97D 
 2234      6A301850 
 2234      03A1C925 
 2234      AFAAE7
 2235 0169 337E5F24 		.ascii	"3~_$\236\211zb\364\003\3065\222\335"
 2235      9E897A62 
 2235      F403C635 
 2235      92DD
 2236              		.text
 2237              		.section	.gnu.lto_Vector78.407.71a49ca7,"e",%progbits
ARM GAS  C:\Users\nello\AppData\Local\Temp\ccMNzq7C.s 			page 59


 2238 0000 789C4D50 		.ascii	"x\234MP=HBQ\030\375\316\373\324\254\241\2615\202\226"
 2238      3D484251 
 2238      18FDCEFB 
 2238      D4ACA1B1 
 2238      358296
 2239 0013 B07CBD67 		.ascii	"\260|\275gSM\241\320b\223A\213 f\222b\362\304\2475z"
 2239      534DA1D0 
 2239      6293418B 
 2239      20669262 
 2239      F2C4A735 
 2240 0028 B357438B 		.ascii	"\263WC\213\225K\204\011\305#\332\232\242\037(\242\255"
 2240      954B8409 
 2240      C523DA9A 
 2240      A21F28A2 
 2240      AD
 2241 0039 35A8A1C9 		.ascii	"5\250\241\311\241\240)\302\251\241\260\373^H}\334\013"
 2241      A1A029C2 
 2241      A9A1B0FB 
 2241      5E487DDC 
 2241      0B
 2242 004a E79CFB7D 		.ascii	"\347\234\373}\207\357\\\015D9\"\032\222\227\230\260"
 2242      87EF5C0D 
 2242      4439221A 
 2242      929798B0 
 2243 005a BBB3A550 		.ascii	"\273\263\245P\247\323\251x\024\254\015\343\014.\006"
 2243      A7D3A978 
 2243      14AC0DE3 
 2243      0C2E06
 2244 0069 55145450 		.ascii	"U\024TP\347\021!\304\347\306\376U@\234\334\302f\242"
 2244      E71121C4 
 2244      E7C6FE55 
 2244      409CDCC2 
 2244      66A2
 2245 007b 2653B77C 		.ascii	"&S\267|]&-\351\364\301{+\276:5!\036_q\037\360\202l\226"
 2245      5D262DE9 
 2245      F4C17B2B 
 2245      BE3A3521 
 2245      1E5F711F 
 2246 0093 7A8D1D73 		.ascii	"z\215\035s\267\006%\335f\345\217\202>`\265\276\237@"
 2246      B70625DD 
 2246      66E58F82 
 2246      3E60B5BE 
 2246      9F40
 2247 00a5 16149B95 		.ascii	"\026\024\233\225\2463\320`\354\262\315\022Jd\301'\341"
 2247      A633D060 
 2247      ECB2CD12 
 2247      4A64C127 
 2247      E1
 2248 00b6 09BBF231 		.ascii	"\011\273\3621<6{p\001\234\273\217\272%\304\333\200\315"
 2248      3C367B70 
 2248      019CBB8F 
 2248      BA25C4DB 
 2248      80CD
 2249 00c8 5E5C02A3 		.ascii	"^\\\002\243r\005\013\233R\221[\372p\005\231\304\346"
 2249      72050B9B 
 2249      52915BFA 
 2249      700599C4 
ARM GAS  C:\Users\nello\AppData\Local\Temp\ccMNzq7C.s 			page 60


 2249      E6
 2250 00d9 1E7A47B5 		.ascii	"\036zG\265\275\367\342=\372u\005\304\363\272\350\227"
 2250      BDF7E23D 
 2250      FA7505C4 
 2250      F3BAE897 
 2251 00e9 EA5DDBDF 		.ascii	"\352]\333\337\350j\277\3462\250\337f\277\354\3045h\374"
 2251      E86ABFE6 
 2251      32A8DF66 
 2251      BFECC435 
 2251      68FC
 2252 00fb D0A5BDB8 		.ascii	"\320\245\275\270\301\201\223\321\351\354sz\004\250\215"
 2252      C18193D1 
 2252      E9EC737A 
 2252      04A88D
 2253 010a 6AAB3EEF 		.ascii	"j\253>\357~A\215\361?\036\321Xx2\036\316d\027\262\261"
 2253      7E418DF1 
 2253      3F1ED158 
 2253      78321ECE 
 2253      6417B2B1 
 2254 011e 5279316B 		.ascii	"Ry1k\304W\215b\316,$S\351D\331L\027\3433i\263T.\246"
 2254      C4578D62 
 2254      CE2C2453 
 2254      E944D94C 
 2254      17E33369 
 2255 0136 A3C65236 		.ascii	"\243\306R6\2652AS\301\240*O\312\0310L]\3234\3250\325"
 2255      B5324153 
 2255      C1A02A4F 
 2255      CA19304C 
 2255      5DD334D5 
 2256 014c 4C72592D 		.ascii	"LrY-\030\305\222\251\306\346fC\272\032\215F\324\310"
 2256      18C592A9 
 2256      C6E66643 
 2256      BA1A8D46 
 2256      D4C8
 2257 015e ECF48AA6 		.ascii	"\354\364\212\246\232\245|HO,\346\223\301\024\375\000"
 2257      9AA57C48 
 2257      4F2CE693 
 2257      C114FD00 
 2258 016e 235E90A6 		.ascii	"#^\220\246"
 2259              		.text
 2260              		.section	.gnu.lto_Vector7C.408.71a49ca7,"e",%progbits
 2261 0000 789C4D50 		.ascii	"x\234MP\277KBQ\030\375\316\373|f\005\215\255\021\264"
 2261      BF4B4251 
 2261      18FDCEFB 
 2261      7C66058D 
 2261      AD11B4
 2262 0013 84E44B6B 		.ascii	"\204\344Kk\252\226(h\321\311\240E\010S)\251x\342\323"
 2262      AA962868 
 2262      D1C9A045 
 2262      085329A9 
 2262      78E2D3
 2263 0026 1ABDD9AB 		.ascii	"\032\275\331\253\241\305\262%\302\204\342\021mM\321"
 2263      A1C5B225 
 2263      C284E211 
 2263      6D4DD1
 2264 0035 2F2AE94F 		.ascii	"/*\351O(\"pr\011j\211\220\206\206\300\356{&\365q/|\347"
 2264      28227072 
ARM GAS  C:\Users\nello\AppData\Local\Temp\ccMNzq7C.s 			page 61


 2264      096A8990 
 2264      8686C0EE 
 2264      7B26F571 
 2265 004c DCF31DBE 		.ascii	"\334\363\035\276s\307@\264HD\275\362\022\023\212;[\012"
 2265      73C740B4 
 2265      4844BDF2 
 2265      12138A3B 
 2265      5B0A
 2266 005e 351A8D9C 		.ascii	"5\032\215\234K\301Z\037\316\340\364\240\234\202\034"
 2266      4BC15A1F 
 2266      CEE0F4A0 
 2266      9C821C
 2267 006d 76B95F08 		.ascii	"v\271_\010\361\265\261_\365\212\223\012,&*3\265\312"
 2267      F1B5B15F 
 2267      F58A930A 
 2267      2C262A33 
 2267      B5CA
 2268 007f DD42D292 		.ascii	"\335B\322\222N\037\324\212\370n\024\204xz\301\233W\005"
 2268      4E1FD48A 
 2268      F86E1484 
 2268      787AC19B 
 2268      5705
 2269 0091 592CF902 		.ascii	"Y,\371\002\333\346N\365H\270\315\312\037\004}\300\254"
 2269      DBE64EF5 
 2269      48B8CDCA 
 2269      1F047DC0 
 2269      AC
 2270 00a2 DD3C834C 		.ascii	"\335<\203L(\026+e{\240\304(\262\305\014\327o'w\221\235"
 2270      28162B65 
 2270      7BA0C428 
 2270      B2C50CD7 
 2270      6F277791 
 2271 00b7 09B76C4F 		.ascii	"\011\267lO\330\021\034\303e\261\212K\340\302y\014\230"
 2271      D8111CC3 
 2271      65B18A4B 
 2271      E0C2790C 
 2271      98
 2272 00c8 42BC765B 		.ascii	"B\274v[\354\306\025pnocbSRr\3416\\C\206\262\330C\357"
 2272      ECC61570 
 2272      6E6F6362 
 2272      535272E1 
 2272      365C4386 
 2273 00e0 C8D7F73E 		.ascii	"\310\327\367>\325\243\246- \252\353\242K\262\367uO\251"
 2273      D5A3A62D 
 2273      20AAEBA2 
 2273      4BB2F775 
 2273      4FA9
 2274 00f2 C535DD65 		.ascii	"\3055\335ef\217\305\355R\211[\320\340\241\003;p\207"
 2274      668FC5ED 
 2274      52895BD0 
 2274      E0A1033B 
 2274      7087
 2275 0104 033BAEAD 		.ascii	"\003;\256\255\354\2645\002TG\276\3668\343\374F\201\361"
 2275      ECB43502 
 2275      5447BEF6 
 2275      38E3FC46 
 2275      81F1
ARM GAS  C:\Users\nello\AppData\Local\Temp\ccMNzq7C.s 			page 62


 2276 0116 3F29D1C0 		.ascii	"?)\321\300\304Hdb!9\227\014g\262\361\244\036Y\325\323"
 2276      C4486462 
 2276      2139970C 
 2276      67B2F1A4 
 2276      1E59D5D3 
 2277 012a 8B462A1A 		.ascii	"\213F*\032K\314f\215D:2\22502\331t\"\250\317'c+\303"
 2277      4BCC668D 
 2277      443A3295 
 2277      3032D974 
 2277      22A8CF27 
 2278 0141 34EAF369 		.ascii	"4\352\363i\362\304\354\001\335\010\370\375~M7\264\205"
 2278      F2C4EC01 
 2278      DD08F8FD 
 2278      7E4D37B4 
 2278      85
 2279 0152 E89296D2 		.ascii	"\350\222\226\322\323\031C\013O\207\206\002Z08\251M\206"
 2279      D319430B 
 2279      4F878602 
 2279      5A3038A9 
 2279      4D86
 2280 0164 C657FC9A 		.ascii	"\306W\374\232\221Y\036\012\314\306\227\243\276\030\375"
 2280      91591E0A 
 2280      CCC697A3 
 2280      BE18FD
 2281 0173 00A83D93 		.ascii	"\000\250=\223\201"
 2281      81
 2282              		.text
 2283              		.section	.gnu.lto_Vector80.409.71a49ca7,"e",%progbits
 2284 0000 789C4D50 		.ascii	"x\234MP=K\003A\024|s/\211Q\301\322V\004\033\221\344"
 2284      3D4B0341 
 2284      147C732F 
 2284      8951C1D2 
 2284      56041B91 
 2285 0015 4CB4521B 		.ascii	"L\264R\033\211`\023+\255$ \361\0224D9\271\273h\2315"
 2285      8960132B 
 2285      AD2420F1 
 2285      12344439 
 2285      B9BB6899 
 2286 002a 9E8236F1 		.ascii	"\236\2026\361\243\021QA9$\235\225\370\005*\342/\020"
 2286      A3115141 
 2286      39249D95 
 2286      F8052AE2 
 2286      2F10
 2287 003c 44B04A23 		.ascii	"D\260J#X\211\244\022Q\316\275\323\240\217]x3;ox\263"
 2287      5889A412 
 2287      51CEBDD3 
 2287      A08F5D78 
 2287      333B6F78 
 2288 0051 0320CA13 		.ascii	"\003 \312\023Q\273\274\304\204\315\2155\205\\\327-\006"
 2288      51BBBCC4 
 2288      84CD8D35 
 2288      855CD72D 
 2288      06
 2289 0062 142C76E0 		.ascii	"\024,v\340\004~\017**(b\213;\205\020\357\313;\037]\242"
 2289      047E0F2A 
 2289      2A28628B 
 2289      3B8510EF 
ARM GAS  C:\Users\nello\AppData\Local\Temp\ccMNzq7C.s 			page 63


 2289      CB3B1F5D 
 2290 0077 72038789 		.ascii	"r\003\207\211\366\231\352\025\252#iI\307\367\301\033"
 2290      F699EA15 
 2290      AA236949 
 2290      C7F7C11B 
 2291 0087 F1E99685 		.ascii	"\361\351\226\205xx\306j$\010rX\362e\366\314\375j\223"
 2291      7878C66A 
 2291      24087258 
 2291      F265F6CC 
 2291      FD6A93
 2292 009a 709D953F 		.ascii	"p\235\225?\010z\203]\375z\004\331P\034V\366\275\201"
 2292      087A835D 
 2292      FD7A04D9 
 2292      501C56F6 
 2292      BD81
 2293 00ac 5DC6263B 		.ascii	"]\306&;\314\010\376vr\027\331\331\010\311\266\302\276"
 2293      CC08FE76 
 2293      7217D9D9 
 2293      08C9B6C2 
 2293      BE
 2294 00bd E0080187 		.ascii	"\340\010\001\207\2038\007\316\374\307\270-\304K\253"
 2294      833807CE 
 2294      FCC7B82D 
 2294      C44BAB
 2295 00cc C3215C00 		.ascii	"\303!\\\000\247\33666V$%\027n\300%d(\207\303\364\212"
 2295      A7DE3636 
 2295      56242517 
 2295      6EC02564 
 2295      2887C3F4 
 2296 00e1 526DFB2E 		.ascii	"Rm\373.t\370c\013\210\247%\321\"\331\333Zx\267\316\375"
 2296      74F8630B 
 2296      88A725D1 
 2296      22D9DB5A 
 2296      78B7CEFD 
 2297 00f5 B8CBCC61 		.ascii	"\270\313\314a\207\033\245\022W\240\356\003\0376\341"
 2297      871BA512 
 2297      57A0EE03 
 2297      1F36E1
 2298 0104 1A7B5E5C 		.ascii	"\032{^\\O\331\354i\004\250\206Ruk\334\377\2152\343\177"
 2298      4FD9EC69 
 2298      04A88652 
 2298      756BDCFF 
 2298      8D32E37F 
 2299 0118 52A248A2 		.ascii	"R\242H\242/\225\230\316M\346F\255B&\247\247\026t#o\316"
 2299      2F9598CE 
 2299      4DE646AD 
 2299      4226A7A7 
 2299      1674236F 
 2300 012d A5B5EC44 		.ascii	"\245\265\354D\301\314\032\251\341\254i\025\214lR\237"
 2300      C1CC1AA9 
 2300      E1AC6915 
 2300      8C6C529F 
 2301 013d CA69F3BD 		.ascii	"\312i\363\275\324\037\215\252\362h\336\200n\306c\261"
 2301      D41F8DAA 
 2301      F268DE80 
 2301      6EC663B1 
 2302 014d 98AA9BEA 		.ascii	"\230\252\233\352tzF\235\323\015\313TG\307Fz\342j29\244"
ARM GAS  C:\Users\nello\AppData\Local\Temp\ccMNzq7C.s 			page 64


 2302      747A469D 
 2302      D30DCB54 
 2302      47C7467A 
 2302      E26A3239 
 2303 0162 0E8D0CCE 		.ascii	"\016\215\014\316\307T\323\232\355\211Odf\323Q\215\276"
 2303      C754D39A 
 2303      ED894F64 
 2303      66D3518D 
 2303      BE
 2304 0173 01610B93 		.ascii	"\001a\013\223\030"
 2304      18
 2305              		.text
 2306              		.section	.gnu.lto_Vector84.410.71a49ca7,"e",%progbits
 2307 0000 789C4D50 		.ascii	"x\234MP\277KBQ\030\375\316\373\362e\005\215\255\021"
 2307      BF4B4251 
 2307      18FDCEFB 
 2307      F265058D 
 2307      AD11
 2308 0012 B434E84B 		.ascii	"\2644\350Km\252\226Hh\321\311\246\020\304LJL\236\370"
 2308      6DAA9648 
 2308      68D1C9A6 
 2308      10C44C4A 
 2308      4C9EF8
 2309 0025 D4466FF5 		.ascii	"\324Fo\365jh\261l\011\251\240x\204MM\321/\372A\177B"
 2309      6A68B16C 
 2309      09A9A078 
 2309      844D4DD1 
 2309      2FFA417F 
 2310 003a 3F162797 		.ascii	"?\026'\227\240)\302\251!\260\373\236I}\334\013\3379"
 2310      A029C2A9 
 2310      21B0FB9E 
 2310      497DDC0B 
 2310      DF39
 2311 004c F77C87EF 		.ascii	"\367|\207\357\334I\020\245\211hH^bBegK\241V\253U\352"
 2311      DC4910A5 
 2311      8968485E 
 2311      62426567 
 2311      4BA156AB 
 2312 0062 52B03A8C 		.ascii	"R\260:\214s8=\250\244\240\204]\036\021B|mT\253\036Q"
 2312      73383DA8 
 2312      A4A0845D 
 2312      1E11427C 
 2312      6D54AB1E 
 2313 0077 7B80C544 		.ascii	"{\200\305D\207L\235R;HZ\322\331\223\353A|\267\312B\274"
 2313      874C9D52 
 2313      3B485AD2 
 2313      D993EB41 
 2313      7CB7CA42 
 2314 008c BEE1D4E3 		.ascii	"\276\341\324\343\002Y,\3712\333\346N\015J\270\315\312"
 2314      02592CF9 
 2314      32DBE64E 
 2314      0D4AB8CD 
 2314      CA
 2315 009d 1F047DC2 		.ascii	"\037\004}\302l\334\326A&\024\213\225C{`\237Qa\213\031"
 2315      6CDCD641 
 2315      26148B95 
 2315      437B609F 
ARM GAS  C:\Users\nello\AppData\Local\Temp\ccMNzq7C.s 			page 65


 2315      51618B19 
 2316 00b1 EA6F2777 		.ascii	"\352o'w\221\235\011U\2665v\004'\350\262\330\205+\340"
 2316      919D0955 
 2316      B6357604 
 2316      27E8B2D8 
 2316      852BE0
 2317 00c4 D279F49B 		.ascii	"\322y\364\233B\274\017X\254\342\032\270\260\2671\261"
 2317      42BC0F58 
 2317      ACE21AB8 
 2317      B0B731B1 
 2318 00d4 2929B970 		.ascii	"))\271p7n CY\354\246\017\2545\367^\324\343\266- \352"
 2318      376E2043 
 2318      59ECA60F 
 2318      AC35F75E 
 2318      D4E3B62D 
 2319 00ea EBA25FB2 		.ascii	"\353\242_\262\217M\367~\207k\273\313\314n\213{\244\022"
 2319      8F4DF77E 
 2319      876BBBCB 
 2319      CC6E8B7B 
 2319      A412
 2320 00fc 77A0D123 		.ascii	"w\240\321#\007\366\342\036\007v\\[\331gk\004\250\211"
 2320      07F6E21E 
 2320      07765C5B 
 2320      D9676B04 
 2320      A889
 2321 010e B5C6F39C 		.ascii	"\265\306\363\234\363\033e\306\377\244D\236\351\361\350"
 2321      F31B65C6 
 2321      FFA4449E 
 2321      E9F1E8
 2322 011d F4526A3E 		.ascii	"\364Rj>\025\311\027\026RztE\317\245\215l<\221\214\025"
 2322      15C91716 
 2322      527A7445 
 2322      CFA58D6C 
 2322      3C918C15 
 2323 0131 8C642E3A 		.ascii	"\214d.:\2234\362\205\\2\244/\246\022\3051\232\360z5"
 2323      9334F285 
 2323      5C32A42F 
 2323      A612C531 
 2323      9AF07A35 
 2324 0145 7912F680 		.ascii	"y\022\366\200n\370}>\237\246\033\332R|Y\313\352\271"
 2324      6EF87D3E 
 2324      9FA61BDA 
 2324      527C59CB 
 2324      EAB9
 2325 0157 BCA14566 		.ascii	"\274\241Ef\303\001\277\026\012\005\265`x\252\350\323"
 2325      C301BF16 
 2325      0A05B560 
 2325      78AAE8D3 
 2326 0167 8C7C26E0 		.ascii	"\214|&\340\217-d\342\336\004\375\000\330\327\222\356"
 2326      8F2D64E2 
 2326      DE04FD00 
 2326      D8D792EE 
 2327              		.text
 2328              		.section	.gnu.lto_Vector1C0.411.71a49ca7,"e",%progbits
 2329 0000 789C4D50 		.ascii	"x\234MP=HBQ\030\375\316\373\362\247\202\306\326\010"
 2329      3D484251 
 2329      18FDCEFB 
ARM GAS  C:\Users\nello\AppData\Local\Temp\ccMNzq7C.s 			page 66


 2329      F2A782C6 
 2329      D608
 2330 0012 5A1AF4A5 		.ascii	"Z\032\364\2456UK(\264\350d[\202\230=RJ\236\370\324F"
 2330      36554B28 
 2330      B4E8645B 
 2330      82983D52 
 2330      4A9EF8D4 
 2331 0027 6FF56A68 		.ascii	"o\365jh\261t\211\250\240x\204[S\364\007%m\255AKSCAS"
 2331      B17489A8 
 2331      A078845B 
 2331      53F40725 
 2331      6DAD414B 
 2332 003f 84534361 		.ascii	"\204SCa\367=\223\372\270\027\276s\356\371\016\337\271"
 2332      F73D93FA 
 2332      B817BE73 
 2332      EEF90EDF 
 2332      B9
 2333 0050 53205A22 		.ascii	"S Z\"\242ay\211\011\265\235-\205\332\355v\245G\301\352"
 2333      A2617989 
 2333      09B59D2D 
 2333      85DAED76 
 2333      A547C1EA 
 2334 0064 08CEE0F4 		.ascii	"\010\316\340\364\240\212\202\012\352<*\204\370\334\330"
 2334      A08A820A 
 2334      EA3C2A84 
 2334      F8DCD8
 2335 0073 BBF28946 		.ascii	"\273\362\211F\023\026\023\0352u\313\335E\322\222N\037"
 2335      1316131D 
 2335      3275CBDD 
 2335      45D2924E 
 2335      1F
 2336 0084 5C4DF1D5 		.ascii	"\\M\361\325\256\012\361\370\212{\237\013d\261\344\253"
 2336      AE0AF1F8 
 2336      8A7B9F0B 
 2336      64B1E4AB 
 2337 0094 6C9B3B35 		.ascii	"l\233;5$\3416+\177\020\364\001\363\371\373\011dB\261"
 2337      24E1362B 
 2337      7F10F401 
 2337      F3F9FB09 
 2337      6442B1
 2338 00a7 5839B407 		.ascii	"X9\264\007\366\0315\266\230\341\371\355\344.\2623\341"
 2338      F61935B6 
 2338      98E1F9ED 
 2338      E42EB233 
 2338      E1
 2339 00b8 966D831D 		.ascii	"\226m\203\035\301\011z,v\341\022\270p\036\203\246\020"
 2339      C1097A2C 
 2339      76E112B8 
 2339      701E83A6 
 2339      10
 2340 00c9 6F8316BB 		.ascii	"o\203\026\273q\005\234\333\333\230\330\224\224\\\330"
 2340      71059CDB 
 2340      DB98D894 
 2340      945CD8
 2341 00d8 836BC850 		.ascii	"\203k\310P\026{\351\035k\255\335\027\367q\307\026\020"
 2341      167BE91D 
 2341      6BADDD17 
ARM GAS  C:\Users\nello\AppData\Local\Temp\ccMNzq7C.s 			page 67


 2341      F771C716 
 2341      10
 2342 00e9 4FEB6240 		.ascii	"O\353b@\262w-\357~\227\353\270\313\314^\213{\245\022"
 2342      B2772DEF 
 2342      7E97EBB8 
 2342      CBCC5E8B 
 2342      7BA512
 2343 00fc 37A0B123 		.ascii	"7\240\261#\007\366\341\026\007v\\[\331ok\004\250\205"
 2343      07F6E116 
 2343      07765C5B 
 2343      D96F6B04 
 2343      A885
 2344 010e B5E7FA9C 		.ascii	"\265\347\372\234\363\033U\306\377\244D\276\360D\"\234"
 2344      F31B55C6 
 2344      FFA444BE 
 2344      F044229C 
 2345 011e C9CE67E3 		.ascii	"\311\316g\343\305\322BVO\254\350\205%#\237Jk\311\222"
 2345      C5D24256 
 2345      4FACE885 
 2345      25239F4A 
 2345      6BC992
 2346 0131 A1151233 		.ascii	"\241\025\0223\232Q,\025\264\250\276\230M\227\307i\322"
 2346      9A512C15 
 2346      B4A8BE98 
 2346      4D97C769 
 2346      D2
 2347 0142 EF57E549 		.ascii	"\357W\345I\333\003\272\021\014\004\002\252n\250\231"
 2347      DB03BA11 
 2347      0C0402AA 
 2347      6EA899
 2348 0151 D4B29AD7 		.ascii	"\324\262\232\327\013EC\215\317\306BA5\032\215\250\221"
 2348      0B45438D 
 2348      CFC64241 
 2348      351A8DA8 
 2348      91
 2349 0162 D87439A0 		.ascii	"\330t9\240\032\305\\(\230\\\310\245\374i\372\001y\302"
 2349      1AC55C28 
 2349      985CC8A5 
 2349      FC69FA01 
 2349      79C2
 2350 0174 9340     		.ascii	"\223@"
 2351              		.text
 2352              		.section	.gnu.lto_Vector120.412.71a49ca7,"e",%progbits
 2353 0000 789C4D50 		.ascii	"x\234MP\277/CQ\030\375\316\373\332*\022\243U$\026C\373"
 2353      BF2F4351 
 2353      18FDCEFB 
 2353      DA2A12A3 
 2353      55241643 
 2354 0015 F4D58445 		.ascii	"\364\325\204EH,5\325\246ISmCC\363\244\257e\354\305c"
 2354      482C35D5 
 2354      A649536D 
 2354      4343F3A4 
 2354      AF65ECC5 
 2355 002a B0945A44 		.ascii	"\260\224ZDhB^\244\233I\374\012\032\177\002\261\324\322"
 2355      68425EA4 
 2355      9B49FC0A 
 2355      1A7F02B1 
ARM GAS  C:\Users\nello\AppData\Local\Temp\ccMNzq7C.s 			page 68


 2355      D4D2
 2356 003c 45C222D2 		.ascii	"E\302\"\322\030\014\222\347\276G\303\315\275\3119\337"
 2356      180C92E7 
 2356      BE47C3CD 
 2356      BDC939DF 
 2357 004c 3DDFB9DF 		.ascii	"=\337\271\337\271# \232'\242^y\210\011\345\355M\205"
 2357      B923209A 
 2357      27A25E79 
 2357      8809E5ED 
 2357      4D85
 2358 005e 6CDB2E7A 		.ascii	"l\333.z\024\254\364\341\024.\006\025\025\024\261\303"
 2358      14ACF4E1 
 2358      142E0615 
 2358      1514B1C3 
 2359 006e FD4288CF 		.ascii	"\375B\210\317\365\275z@Tk\260\230\250\302\324Z\276\026"
 2359      F5BD7A40 
 2359      546BB098 
 2359      A8C2D45A 
 2359      BE16
 2360 0080 93967472 		.ascii	"\223\226tr\357\255\211/\273$\304\3433^\003^\220\305"
 2360      EFAD892F 
 2360      BB24C4E3 
 2360      335E035E 
 2360      90C5
 2361 0092 B25E62C7 		.ascii	"\262^b\307\334]=\222n\261\362GA\3570\033\327O \023\212"
 2361      DC5D3D92 
 2361      6EB1F247 
 2361      41EF301B 
 2361      D74F2013 
 2362 00a7 C54AC569 		.ascii	"\305J\305i\330g\224\331b\206\377\027\311Y$2\341\223"
 2362      D86794D9 
 2362      6286FF17 
 2362      C9592432 
 2362      E193
 2363 00b9 B0CAAEE0 		.ascii	"\260\312\256\340\030\036\213\275\270\000\316\335K\315"
 2363      181E8BBD 
 2363      B800CEDD 
 2363      4BCD
 2364 00c7 14E2A5DB 		.ascii	"\024\342\245\333b\037.\2013g\032\023\033\262$\007n\303"
 2364      621F2E81 
 2364      33671A13 
 2364      1BB22407 
 2364      6EC3
 2365 00d9 1564288B 		.ascii	"\025d(\213\375\364\206\325\346\356\207\357\350\307\026"
 2365      FDF486D5 
 2365      E6EE87EF 
 2365      E8C716
 2366 00e8 10F535D1 		.ascii	"\020\3655\321%\253w\315\326S\300\217\273\314\354\267"
 2366      25AB77CD 
 2366      D653C08F 
 2366      BBCCECB7 
 2367 00f8 B85D2A71 		.ascii	"\270]*q\003\0328ti\007nq\340\304u\224\235\216F\200\232"
 2367      031A3874 
 2367      69076E71 
 2367      E0C47594 
 2367      9D8E4680 
 2368 010d 586D3C4C 		.ascii	"Xm<L\273\277Qb\374OJ\024\030\033\212\215\315ef2\321"
ARM GAS  C:\Users\nello\AppData\Local\Temp\ccMNzq7C.s 			page 69


 2368      BBBF5162 
 2368      FC4F4A14 
 2368      181B8A8D 
 2368      CD656632 
 2369 0122 7C2195D1 		.ascii	"|!\225\321c\313zn\336XL$\323\361\202\221\316\305&\322"
 2369      63CB7A6E 
 2369      DE584C24 
 2369      D3F18291 
 2369      CEC526D2 
 2370 0136 46BE904B 		.ascii	"F\276\220KG\364\331Lri\220\206\203AU\356\244\323\240"
 2370      47F4D94C 
 2370      72699086 
 2370      834155EE 
 2370      A4D3A0
 2371 0149 1B5A2814 		.ascii	"\033Z(\024RuC\235K,\250\213z.o\250\321\251\311\260\246"
 2371      5275439D 
 2371      4B2CA88B 
 2371      7A2E6FA8 
 2371      D1A9C9B0 
 2372 015e 4622E3EA 		.ascii	"F\"\343\352\370\344\350RH5\362\331\260\026Oe\023\301"
 2372      F8E4E852 
 2372      4835F2D9 
 2372      B0164F65 
 2372      13C1
 2373 0170 247D03BA 		.ascii	"$}\003\272\337\223\222"
 2373      DF9392
 2374              		.text
 2375              		.section	.gnu.lto_Vector124.413.71a49ca7,"e",%progbits
 2376 0000 789C4D50 		.ascii	"x\234MP\277KBQ\030\375\316\373\322\254\240\2615\202"
 2376      BF4B4251 
 2376      18FDCEFB 
 2376      D2ACA0B1 
 2376      3582
 2377 0012 9606BD69 		.ascii	"\226\006\275iM\325\022\011-6\325(\211\231\244\230<\361"
 2377      4DD51209 
 2377      2D36D528 
 2377      8999A498 
 2377      3CF1
 2378 0024 A98DDEEA 		.ascii	"\251\215\336\352\025\324b\345\022aB\361\010\267\246"
 2378      15D462E5 
 2378      126142F1 
 2378      08B7A6
 2379 0033 E8175444 		.ascii	"\350\027TD\177A\320RKK\320\024\341\024Q\330}\317\244"
 2379      7F41D052 
 2379      4B4BD014 
 2379      E11451D8 
 2379      7DCFA4
 2380 0046 3EEE85EF 		.ascii	">\356\205\357\234{\276\303w\356\030\210RD\324\247.1"
 2380      9C7BBEC3 
 2380      77EE1888 
 2380      5244D4A7 
 2380      2E31
 2381 0058 61677B53 		.ascii	"ag{S\243F\243Ql\323\260\334\217\0238=\250\250\241\210"
 2381      A346A351 
 2381      6CD3B0DC 
 2381      8F13383D 
 2381      A8A8A188 
ARM GAS  C:\Users\nello\AppData\Local\Temp\ccMNzq7C.s 			page 70


 2382 006c 320F4829 		.ascii	"2\017H)?\326\366>\275\262v\003\213\211\252L\255r\267"
 2382      3FD6F63E 
 2382      BDB27603 
 2382      8B89AA4C 
 2382      AD72B7
 2383 007f 90B2A4E3 		.ascii	"\220\262\244\343{\327\215\374j\224\244|x\301\206p\201"
 2383      7BD78DFC 
 2383      6A94A47C 
 2383      78C18670 
 2383      81
 2384 0090 2C567C89 		.ascii	",V|\211ms\247z\025\334b\355\017\202\336a>\177?\201L"
 2384      6D73A77A 
 2384      15DC62ED 
 2384      0F82DE61 
 2384      3E7F3F81 
 2385 00a5 68166B55 		.ascii	"h\026kU{\240\302\330a\213\031\035\277\235\332Eu&\334"
 2385      7BA0C2D8 
 2385      618B191D 
 2385      BF9DDA45 
 2385      7526DC
 2386 00b8 AAADB123 		.ascii	"\252\255\261#8B\233\305.\234\003g\316c\300\224\362\265"
 2386      38429BC5 
 2386      2E9C0367 
 2386      CE63C094 
 2386      F2B5
 2387 00ca C762372E 		.ascii	"\307b7.\200S{\033\023\353\212R\013\267\343\022*\224"
 2387      80537B1B 
 2387      13EB8A52 
 2387      0BB7E312 
 2387      2A94
 2388 00dc C51E7AC3 		.ascii	"\305\036z\303J}\367\256\375\260i\013\310\307U\331\255"
 2388      4A7DF7AE 
 2388      FDB0690B 
 2388      C8C755D9 
 2388      AD
 2389 00ed D8DBBAA7 		.ascii	"\330\333\272\247\322\342\232\356*\263\307\342\016\245"
 2389      D2E29AEE 
 2389      2AB3C7E2 
 2389      0EA5
 2390 00fb C41568F0 		.ascii	"\304\025h\360\300\201\235\270\306\276\035\327Vv\331"
 2390      C0819DB8 
 2390      C6BE1DD7 
 2390      5676D9
 2391 010a 1A09AA63 		.ascii	"\032\011\252c\345\271<\353\374F\211\361?)\221wb$<\221"
 2391      E5B93CEB 
 2391      FC4689F1 
 2391      3F299177 
 2391      62243C91 
 2392 011e 48CE25A7 		.ascii	"H\316%\247s\371\371\244\036^\322\263)#\023\215\305#"
 2392      73F9F9A4 
 2392      1E5ED2B3 
 2392      2923138D 
 2392      C523
 2393 0130 79239E0D 		.ascii	"y#\236\015O\306\215\\>\033\017\351\013\311Xa\230F}>"
 2393      4FC68D5C 
 2393      3E1B0FE9 
 2393      0BC95861 
ARM GAS  C:\Users\nello\AppData\Local\Temp\ccMNzq7C.s 			page 71


 2393      98467D3E 
 2394 0144 A14ECC1E 		.ascii	"\241N\314\036\320\215\200\337\357\027\272!\022\321E"
 2394      D08D80DF 
 2394      EF17BA21 
 2394      12D145
 2395 0153 91D1B339 		.ascii	"\221\321\2639CL\317L\015\005D(\024\024\301\251\361\202"
 2395      434CCF4C 
 2395      0D054428 
 2395      1414C1A9 
 2395      F182
 2396 0165 5F18B9F4 		.ascii	"_\030\271\364P 2\237\216\372b\364\003s\255\223)"
 2396      5020329F 
 2396      8EFA62F4 
 2396      0373AD93 
 2396      29
 2397              		.text
 2398              		.section	.gnu.lto_Vector128.414.71a49ca7,"e",%progbits
 2399 0000 789C4D50 		.ascii	"x\234MP=K\003A\024|s\317\304\250`i+\202\215\205Y\223"
 2399      3D4B0341 
 2399      147C73CF 
 2399      C4A86069 
 2399      2B828D85 
 2400 0016 58A98D18 		.ascii	"X\251\215\030\260\211U,\203!\306CC\014'\271D\313\254"
 2400      B089552C 
 2400      8321C643 
 2400      430C27B9 
 2400      44CBAC
 2401 0029 7A5AD844 		.ascii	"zZ\330Dc#!\006\224C\264\262\022\277\360\003\177\202"
 2401      63232106 
 2401      9443B4B2 
 2401      12BFF003 
 2401      7F82
 2402 003b 1F8D85A4 		.ascii	"\037\215\205\244\021\254DRY\010q\3574\350c\027\336\314"
 2402      11AC4452 
 2402      590871EF 
 2402      34E86317 
 2402      DECC
 2403 004d CE1BDEEC 		.ascii	"\316\033\336\354\010\210\322D\324\243.1\241\264\265"
 2403      0888D244 
 2403      D4A32E31 
 2403      A1B4B5
 2404 005c A151A3D1 		.ascii	"\241Q\243\321(\264hX\356\305\011\334\036T\320P\3006"
 2404      28B46858 
 2404      EEC509DC 
 2404      1E54D050 
 2404      C036
 2405 006e F749293F 		.ascii	"\367I)?\327\312e!\017oa3Q\225\251Y\336&R\226t|\357\271"
 2405      D7CA6521 
 2405      0F6F6133 
 2405      5195A959 
 2405      DE265296 
 2406 0086 955F8DA2 		.ascii	"\225_\215\242\224O\2578\022\036\220\315\212/\262c\356"
 2406      944FAF38 
 2406      121E90CD 
 2406      8A2FB263 
 2406      EE
 2407 0097 56B7829B 		.ascii	"V\267\202\233\254\375A\320\007\254\332\325\013\310\202"
ARM GAS  C:\Users\nello\AppData\Local\Temp\ccMNzq7C.s 			page 72


 2407      ACFD41D0 
 2407      07ACDAD5 
 2407      0BC882
 2408 00a6 66B35675 		.ascii	"f\263Vu\006*\214\022\333\314h\377\355\324.\252\263\340"
 2408      062A8C12 
 2408      DBCC68FF 
 2408      EDD42EAA 
 2408      B3E0
 2409 00b8 55ED21BB 		.ascii	"U\355!\273\202\003\264\330\354\3019p\346>\006-)\337"
 2409      8203B4D8 
 2409      ECC13970 
 2409      E63E062D 
 2409      29DF
 2410 00ca BA6CF6E2 		.ascii	"\272l\366\342\0028u\266\261\260\256(\265p+.\241B\331"
 2410      023875B6 
 2410      B1B0AE28 
 2410      B5702B2E 
 2410      A142D9
 2411 00dd ECA377AC 		.ascii	"\354\243w\254\324w\036[\367\177l\001\371\274*;\025{"
 2411      D4771E5B 
 2411      F77F6C01 
 2411      F9BC2A3B 
 2411      157B
 2412 00ef 57F7559A 		.ascii	"W\367U\232\334\217\273\312\354\263\271M)q\015\032\330"
 2412      DC8FBBCA 
 2412      ECB3B94D 
 2412      29710D1A 
 2412      D8
 2413 0100 73613B6E 		.ascii	"sa;n\260\353\304u\224\035\216F\202\352X\251=L\271\277"
 2413      B0EBC475 
 2413      941D8E46 
 2413      82EA58A9 
 2413      3D4CB9BF 
 2414 0114 5164FC4F 		.ascii	"Qd\374OJ\324?6\024\033\233KM\247\242\271\374L\312\210"
 2414      4AD43F36 
 2414      141B9B4B 
 2414      4DA7A2B9 
 2414      FC4CCA88 
 2415 0128 2D19D9B4 		.ascii	"-\031\331\264\271\220H\352\361\274\251gc\343\272\231"
 2415      B99048EA 
 2415      F1BCA967 
 2415      63E3BA99 
 2416 0138 CB67F588 		.ascii	"\313g\365\2101\233J.\016\322\260\337/\324I:\003\206"
 2416      319B4A2E 
 2416      0ED2B0DF 
 2416      2FD4493A 
 2416      0386
 2417 014a 190C0402 		.ascii	"\031\014\004\002\3020\305\\b^,\030\331\234)\242\223"
 2417      C230C55C 
 2417      625E2C18 
 2417      D99C29A2 
 2417      93
 2418 015b 13A1A088 		.ascii	"\023\241\240\210D\302\"<1\272\030\020f.\023\012\306"
 2418      44C2223C 
 2418      31BA1810 
 2418      662E130A 
 2418      C6
ARM GAS  C:\Users\nello\AppData\Local\Temp\ccMNzq7C.s 			page 73


 2419 016c 6732097F 		.ascii	"g2\011\177\222\276\001\353y\222\377"
 2419      92BE01EB 
 2419      7992FF
 2420              		.text
 2421              		.section	.gnu.lto_Vector12C.415.71a49ca7,"e",%progbits
 2422 0000 789C4D50 		.ascii	"x\234MP=,CQ\030\375\316\373\372\207\304h\025\211\305"
 2422      3D2C4351 
 2422      18FDCEFB 
 2422      FA87C468 
 2422      1589C5
 2423 0013 A0D72B13 		.ascii	"\240\327+\023\026!\261\324Tc\223\246\352E\033\344I_"
 2423      1621B1D4 
 2423      546393A6 
 2423      EA451BE4 
 2423      495F
 2424 0025 CBD88BC7 		.ascii	"\313\330\213\307`)\355\"RM\310\213\330L\202JhlV\211"
 2424      6029ED22 
 2424      524DC88B 
 2424      D84C824A 
 2424      686C5689 
 2425 0039 C5200612 		.ascii	"\305 \006\022\223H'\003\251\373\036\015_\356M\276s\356"
 2425      93482703 
 2425      A9FB1E0D 
 2425      5FEE4DBE 
 2425      73EE
 2426 004b F94EBE73 		.ascii	"\371N\276sGA4OD=\352\022\023J;[\0325\233\315\202O\303"
 2426      4741344F 
 2426      443DEA12 
 2426      134A3B5B 
 2426      1A359BCD 
 2427 0062 6A2F4EE1 		.ascii	"j/N\341\365\240\202\206\002\312\334'\245\374\330\330"
 2427      F5A08286 
 2427      02CADC27 
 2427      A5FCD8D8 
 2428 0072 AB09795C 		.ascii	"\253\011y\\\207\303DU\246V\005ZHY\322\311\235\277.?"
 2428      87C34455 
 2428      A656055A 
 2428      4859D2C9 
 2428      9DBF2E3F 
 2429 0086 9B4529EF 		.ascii	"\233E)\357_p+\374 \207\025_d\327\334\253n\005\267Y\373"
 2429      5F702BFC 
 2429      2087155F 
 2429      64D7DCAB 
 2429      6E05B759 
 2430 009b 83A077D8 		.ascii	"\203\240w\330O_\217 \033\232\303Z\325\035\2500J\354"
 2430      4F5F8F20 
 2430      1B9AC35A 
 2430      D51DA830 
 2430      4AEC
 2431 00ad 30A3E3B7 		.ascii	"0\243\343\267S\273\250\316F@\265\307\354\011\216\340"
 2431      53BBA8CE 
 2431      4640B5C7 
 2431      EC098EE0 
 2432 00bd 73D88F0B 		.ascii	"s\330\217\013\340\334{\214\330R\276v9\034@\0158s\267"
 2432      E0DC7B8C 
 2432      D852BE76 
 2432      391C400D 
ARM GAS  C:\Users\nello\AppData\Local\Temp\ccMNzq7C.s 			page 74


 2432      3873B7
 2433 00d0 B1B1A928 		.ascii	"\261\261\251(\265p\020\227P\241\034\016\321\033\326"
 2433      B5701097 
 2433      50A11C0E 
 2433      D11BD6
 2434 00df 1ABBCFC1 		.ascii	"\032\273\317\301\303\037[@>\254\313N\305\3364B\225\026"
 2434      C31F5B40 
 2434      3EACCB4E 
 2434      C5DE3442 
 2434      9516
 2435 00f1 F7E3AE32 		.ascii	"\367\343\2562\207\034nSJ\\\201\006\016<\330\216k\354"
 2435      871C6E53 
 2435      4A5C8106 
 2435      0E3CD88E 
 2435      6BEC
 2436 0103 BB715D65 		.ascii	"\273q]e\207\253\221\240\006\326\236\312\011\3577\212"
 2436      87AB91A0 
 2436      06D69ECA 
 2436      09EF378A 
 2437 0113 8CFF4989 		.ascii	"\214\377I\211\372\307\207\343\343\351\314L&\226\313"
 2437      FAC787E3 
 2437      E3E9CC4C 
 2437      2696CB
 2438 0122 CF66CCF8 		.ascii	"\317f\314\370\212\231\235\267\226\222)#\221\267\214"
 2438      8A999DB7 
 2438      96922923 
 2438      91B78C
 2439 0131 6C7CD2B0 		.ascii	"l|\322\260r\371\254\0215\3472\251\345!\032\011\207\205"
 2439      72F9AC11 
 2439      35E732A9 
 2439      E5211A09 
 2439      8785
 2440 0143 3A2977C0 		.ascii	":)w\300\264\"\272\256\013\323\022\351\344\202X2\263"
 2440      B422BAAE 
 2440      0BD312E9 
 2440      E4825832 
 2440      B3
 2441 0154 394BC4A6 		.ascii	"9K\304\246\247\006#\"\032\235\020\023Sc\313\272\260"
 2441      A7062322 
 2441      1A9D1013 
 2441      5363CBBA 
 2441      B0
 2442 0165 728B8391 		.ascii	"r\213\203\221\304\354b2\234\242o\214d\223Q"
 2442      C4EC6232 
 2442      9CA26F8C 
 2442      649351
 2443              		.text
 2444              		.section	.gnu.lto_Vector130.416.71a49ca7,"e",%progbits
 2445 0000 789C4D50 		.ascii	"x\234MP=K\003A\024|s/\211\361\003K[\021l,\314\232h\245"
 2445      3D4B0341 
 2445      147C732F 
 2445      89F1034B 
 2445      5B116C2C 
 2446 0018 3692804D 		.ascii	"6\222\200M\254\264\014\204\030\203\011QNr\027-\263\352"
 2446      ACB40C84 
 2446      18830951 
 2446      4E72172D 
ARM GAS  C:\Users\nello\AppData\Local\Temp\ccMNzq7C.s 			page 75


 2446      B3EA
 2447 002a 6961133F 		.ascii	"ia\023?\032\221\030P\016\261\263\022\277P\203?A\261"
 2447      1A911850 
 2447      0EB1B312 
 2447      BF50833F 
 2447      41B1
 2448 003c 49631A41 		.ascii	"Ic\032A\033\221`a!\304\275\323\240\217]x3;ox\263\243"
 2448      1B916061 
 2448      21C4BDD3 
 2448      A08F5D78 
 2448      333B6F78 
 2449 0052 20CA1251 		.ascii	" \312\022Q\217\272\304\204\355\255\015\215\032\215F"
 2449      8FBAC484 
 2449      EDAD0D8D 
 2449      1A8D46
 2450 0061 C1A361B9 		.ascii	"\301\243a\271\027\247p{PAC\001;\334'\245\374\\\333\253"
 2450      17A7707B 
 2450      50414301 
 2450      3BDC27A5 
 2450      FC5CDBAB 
 2451 0075 0A795C81 		.ascii	"\012y\\\201\315De\246f\371\232HY\322\311\275\267\"\277"
 2451      CD4465A6 
 2451      66F99A48 
 2451      59D2C9BD 
 2451      B722BF
 2452 0088 1A45291F 		.ascii	"\032E)\037\237\361*\274 \233\025_d\307\334\255n\005"
 2452      9FF12ABC 
 2452      209B155F 
 2452      64C7DCAD 
 2452      6E05
 2453 009a 3759FB83 		.ascii	"7Y\373\203\240wX\265\353'\220\005\315f\255\354\014\224"
 2453      A07758B5 
 2453      EB279005 
 2453      CD66ADEC 
 2453      0C94
 2454 00ac 18DB6C33 		.ascii	"\030\333l3\243\343\267S\273\250\316\202O\265\307\354"
 2454      A3E3B753 
 2454      BBA8CE82 
 2454      4FB5C7EC 
 2455 00bc 0A8EE0B1 		.ascii	"\012\216\340\261\331\213\013\340\334}\014YR\276t\331"
 2455      D98B0BE0 
 2455      DC7D0C59 
 2455      52BE74D9 
 2456 00cc ECC32570 		.ascii	"\354\303%p\346lca]Qj\341\026\\A\205\262\331OoX\251\357"
 2456      E66C6361 
 2456      5D516AE1 
 2456      165C4185 
 2456      B2D94F6F 
 2457 00e3 7EB41CFE 		.ascii	"~\264\034\376\330\002\262\272*;\025{W\367\227\232\334"
 2457      D802B2BA 
 2457      2A3B157B 
 2457      57F7979A 
 2457      DC
 2458 00f4 8FBBCAEC 		.ascii	"\217\273\312\354\267\271U)q\003\0328pa\033n\261\357"
 2458      B7B95529 
 2458      71031A38 
 2458      70611B6E 
ARM GAS  C:\Users\nello\AppData\Local\Temp\ccMNzq7C.s 			page 76


 2458      B1EF
 2459 0106 C47594ED 		.ascii	"\304u\224\355\216F\202\352X\251=\304\335\337(2\376'"
 2459      8E4682EA 
 2459      58A93DC4 
 2459      DDDF2832 
 2459      FE27
 2460 0118 25EA0F0F 		.ascii	"%\352\017\017\307\302\351\314tf\322\314\317d\364\330"
 2460      C7C2E9CC 
 2460      7466D2CC 
 2460      CF64F4D8 
 2461 0128 929ECB1A 		.ascii	"\222\236\313\032\013\211d*\2367R\271\330x\3120\363\271"
 2461      0B89642A 
 2461      9E3752B9 
 2461      D878CA30 
 2461      F3B9
 2462 013a 54549FCD 		.ascii	"TT\237\315$\027\207h$\020\020\352$\235\001\335\010\005"
 2462      24178768 
 2462      241010EA 
 2462      249D01DD 
 2462      0805
 2463 014c 8341A11B 		.ascii	"\203A\241\033\"\235\230\023\013z\3164\304\344\324\304"
 2463      229D9813 
 2463      0B7ACE34 
 2463      C4E4D4C4 
 2464 015c 604844A3 		.ascii	"`HD\243\021\021\231\030[\014\012\303\234\037\014\305"
 2464      11119918 
 2464      5B0C0AC3 
 2464      9C1F0CC5 
 2465 016c 67E61381 		.ascii	"g\346\023\201$}\003\315\201\223\243"
 2465      247D03CD 
 2465      8193A3
 2466              		.text
 2467              		.section	.gnu.lto_Vector1C4.417.71a49ca7,"e",%progbits
 2468 0000 789C4D50 		.ascii	"x\234MP\277KBQ\030\375\316\373\324\254\2501\332\"hi"
 2468      BF4B4251 
 2468      18FDCEFB 
 2468      D4ACA831 
 2468      DA226869 
 2469 0014 C89BD654 		.ascii	"\310\233\326T\020DA\213N6\012b&%%/|Z\2437{\005\265\330"
 2469      1044418B 
 2469      4E360A62 
 2469      2625252F 
 2469      7C5AA337 
 2470 002c 8F25C284 		.ascii	"\217%\302\204\342\021n\321\020\375\202\212\350/\010"
 2470      E2116ED1 
 2470      10FD828A 
 2470      E82F08
 2471 003b 5A5A9220 		.ascii	"ZZ\222 h\212p\212(\354\276WR\037\367\3029\337=\337\341"
 2471      688A708A 
 2471      28ECBE57 
 2471      521FF7C2 
 2471      39DF3DDF 
 2472 0050 3B770844 		.ascii	";w\010D3D\324\251.1ascM\243Z\255\226siX\354\3021\034"
 2472      3344D4A9 
 2472      2E316173 
 2472      634DA35A 
 2472      AD967369 
ARM GAS  C:\Users\nello\AppData\Local\Temp\ccMNzq7C.s 			page 77


 2473 0069 0CCA69C8 		.ascii	"\014\312i\310a\213\273\245\224\357\313;\037B\226\257"
 2473      618BBBA5 
 2473      94EFCB3B 
 2473      1F4296AF 
 2474 0079 61315189 		.ascii	"a1Q\211\251^\236:S\226tx\347\276\226\237\265\202\224"
 2474      A95E9E3A 
 2474      53967478 
 2474      E7BE969F 
 2474      B58294
 2475 008c F7CF583D 		.ascii	"\367\317X=r\271A\026\253\207\002\333\356Nu(\272\316"
 2475      72B94116 
 2475      AB8702DB 
 2475      EE4E7528 
 2475      BACE
 2476 009e DA1F05BD 		.ascii	"\332\037\005\275\301\254|=\202Lh\026k%{\240\310\330"
 2476      C1AC7C3D 
 2476      824C6816 
 2476      6B257BA0 
 2476      C8D8
 2477 00b0 648B192D 		.ascii	"d\213\031-\277H-\243\220\011\217\202ev\004\007pY\354"
 2477      BF482DA3 
 2477      90098F82 
 2477      65760407 
 2477      7059EC
 2478 00c3 C61970EA 		.ascii	"\306\031p\352<\006L)_\332,\366\340\0348\261\3271\261"
 2478      3C064C29 
 2478      5FDA2CF6 
 2478      E01C38B1 
 2478      D731B1
 2479 00d6 A25A6AE3 		.ascii	"\242Zj\343\006\\@\245\262\330K\257\310W\267o\333\367"
 2479      065C40A5 
 2479      B2D84BAF 
 2479      C857B76F 
 2479      DBF7
 2480 00e8 7F6C01F9 		.ascii	"\177l\001\371\260$[U\367\246\352-\326{?\356*\264\327"
 2480      B0245B55 
 2480      F7A6EA2D 
 2480      D67B3FEE 
 2480      2AB4D7
 2481 00fb E246A5C4 		.ascii	"\342F\245\304%\250w\317\241M\270\302\256\235\327V6\333"
 2481      25A877CF 
 2481      A14DB8C2 
 2481      AE9DD756 
 2481      36DB
 2482 010d 1A09AA22 		.ascii	"\032\011\252\"_\331z\362:\377Q`\374\217J\32432\020\031"
 2482      5FD97AF2 
 2482      3AFF5160 
 2482      FC8F4AD4 
 2482      33321019 
 2483 0121 994E4E24 		.ascii	"\231NN$\303\231\354dR\217,\350\351\031c.\026OD\263F"
 2483      C399EC64 
 2483      528F2CE8 
 2483      E919632E 
 2483      164F44B3 
 2484 0136 221D194B 		.ascii	"\"\035\031K\030\231l:\021\324\247\222\361\371~\032\364"
 2484      18996C3A 
 2484      11D4A792 
ARM GAS  C:\Users\nello\AppData\Local\Temp\ccMNzq7C.s 			page 78


 2484      F1F97E1A 
 2484      F4
 2485 0147 F9843A71 		.ascii	"\371\204:q{@7\002~\277_\350\206\230\216\315\2129=\235"
 2485      7B403702 
 2485      7EBF5FE8 
 2485      86988ECD 
 2485      8A393D9D 
 2486 015b 3144783C 		.ascii	"1Dx<\324\027\020\301\340\250\030\015\015\317\373\205"
 2486      D41710C1 
 2486      E0A8180D 
 2486      0DCFFB85 
 2487 016b 9149F505 		.ascii	"\221I\365\005\242\223\251\230/N\337\037'\224X"
 2487      A293A998 
 2487      2F4EDF1F 
 2487      279458
 2488              		.text
 2489              		.section	.gnu.lto_Vector1C8.418.71a49ca7,"e",%progbits
 2490 0000 789C4D50 		.ascii	"x\234MP\277KBQ\030\375\316\373\324\254\3001\332\"hi"
 2490      BF4B4251 
 2490      18FDCEFB 
 2490      D4ACC031 
 2490      DA226869 
 2491 0014 C897DA54 		.ascii	"\310\227\332TC\204A\213N6\012a*)\026O|j\243\267z5\264"
 2491      4384418B 
 2491      4E360A61 
 2491      2A29164F 
 2491      7C6AA3B7 
 2492 002b D88F25A2 		.ascii	"\330\217%\242\202\342\0216\205C\364\213J\372\023\372"
 2492      82E21136 
 2492      8543F48B 
 2492      4AFA13FA 
 2493 003b B1348510 		.ascii	"\2614\205\0204E85\004v\3373\251\217{\341\234\357\236"
 2493      34453835 
 2493      0476DF33 
 2493      A98F7BE1 
 2493      9CEF9E
 2494 004e EFF09D3B 		.ascii	"\357\360\235;\016\242\014\021\365\313KL\330\332\\W\250"
 2494      0EA20C11 
 2494      F5CB4B4C 
 2494      D8DA5C57 
 2494      A8
 2495 005f D96C961C 		.ascii	"\331l\226\034\012\226\006p\006\033\203J\012J\330\346"
 2495      0A960670 
 2495      061B834A 
 2495      0A4AD8E6 
 2496 006f 4121C4D7 		.ascii	"A!\304\327\352\356n\325!*5\230Lt\300\324.W\233IO:}p"
 2496      EAEE6ED5 
 2496      212A3598 
 2496      4C74C0D4 
 2496      2E579B49 
 2497 0087 D6C477B3 		.ascii	"\326\304w\263,\304\363\033N\252\016'\310d\371Pf\313"
 2497      2CC4F31B 
 2497      4EAA0E27 
 2497      C864F950 
 2497      66CB
 2498 0099 DEAE3E49 		.ascii	"\336\256>I7X\371\243\240O\030\2577\365^2\240\230\254"
 2498      3758F9A3 
ARM GAS  C:\Users\nello\AppData\Local\Temp\ccMNzq7C.s 			page 79


 2498      A04F18AF 
 2498      37F55E32 
 2498      A098AC
 2499 00ac 1C58037B 		.ascii	"\034X\003{\214-6\231\341\371Er\033\211\014\270$\254"
 2499      8C2D3699 
 2499      E1F94572 
 2499      1B890CB8 
 2499      24AC
 2500 00be B02D3886 		.ascii	"\260-8\206\303d'.\201\013\373\321o\010\361\336c\262"
 2500      C364272E 
 2500      810BFBD1 
 2500      6F08F1DE 
 2500      63B2
 2501 00d0 0B57C0B9 		.ascii	"\013W\300\271\265\216\2015\331\222\033w\340\0322\226"
 2501      B58E8135 
 2501      D9921B77 
 2501      E01A3296 
 2502 00e0 C96EFAC0 		.ascii	"\311n\372\300rc\347\251\367\250e\013\210\227\025\341"
 2502      7263E7A9 
 2502      F7A8650B 
 2502      889715E1 
 2503 00f0 91DDFB86 		.ascii	"\221\335\373\206{\257\335k\271\313\324n\223;\245\022"
 2503      7BAFDD6B 
 2503      B9CBD46E 
 2503      933BA512 
 2504 0100 B7A0E143 		.ascii	"\267\240\341C\233v\341\016\373V^K\331mi\004\250\201"
 2504      9B76E10E 
 2504      FB565E4B 
 2504      D96D6904 
 2504      A881
 2505 0112 E5D7C7BA 		.ascii	"\345\327\307\272\333\376\2172\343\177T\242\241\340h"
 2505      DBFE8F32 
 2505      E37F54A2 
 2505      A1E068
 2506 0121 34984ACF 		.ascii	"4\230J\317\246#\371B\"\255E\027\265\\F\317\306\342\311"
 2506      A623F942 
 2506      22AD4517 
 2506      B55C46CF 
 2506      C6E2C9
 2507 0134 99829ECC 		.ascii	"\231\202\236\314E\247\222z\276\220K\206\264\271t\274"
 2507      45A7927A 
 2507      BE904B86 
 2507      B4B974BC 
 2508 0144 3842635E 		.ascii	"8Bc^\257*O\334\032\320t\277\317\347S5]M\305\346\325"
 2508      AF2A4FDC 
 2508      1AD074BF 
 2508      CFE75335 
 2508      5D4DC5E6 
 2509 0159 AC96CBEB 		.ascii	"\254\226\313\353jd:\034\360\253\241\320\244:\031\236"
 2509      6A643A1C 
 2509      F0ABA1D0 
 2509      A43A199E 
 2510 0169 28FA543D 		.ascii	"(\372T=\277\020\360\317$\026b\3368\375\000\234\335\224"
 2510      BF10F0CF 
 2510      241662DE 
 2510      38FD009C 
 2510      DD94
ARM GAS  C:\Users\nello\AppData\Local\Temp\ccMNzq7C.s 			page 80


 2511 017b CA       		.ascii	"\312"
 2512              		.text
 2513              		.section	.gnu.lto_Vector1CC.419.71a49ca7,"e",%progbits
 2514 0000 789C4D50 		.ascii	"x\234MP=HBQ\030\375\316\373\236f\005\265E[\004-\015"
 2514      3D484251 
 2514      18FDCEFB 
 2514      9E6605B5 
 2514      455B042D 
 2515 0015 F9529B6A 		.ascii	"\371R\233j\2100h\261\251F!\314$\305\342\211Om\364f\257"
 2515      883068B1 
 2515      A94621CC 
 2515      24C5E289 
 2515      4F6DF466 
 2516 002a 86164B97 		.ascii	"\206\026K\227\010\023\212G\264EC\364\007\025m\255AK"
 2516      08138A47 
 2516      B44543F4 
 2516      07156DAD 
 2516      414B
 2517 003c 53F4034D 		.ascii	"S\364\003M\021N\015\205\335\367L\352\343^8\347\273\347"
 2517      114E0D85 
 2517      DDF74CEA 
 2517      E35E38E7 
 2517      BBE7
 2518 004e 3B7CE78E 		.ascii	";|\347\216\202(ID\275\362\022\023J\233\353\012\325\353"
 2518      82284944 
 2518      BDF21213 
 2518      4A9BEB0A 
 2518      D5EB
 2519 0060 F5BCAA60 		.ascii	"\365\274\252`\271\017\307p0(\257 \2172\367\013!>W\267"
 2519      B90FC770 
 2519      3028AF20 
 2519      8F32F70B 
 2519      213E57B7 
 2520 0074 CF8F5471 		.ascii	"\317\217Tqp\015\213\211\252L\315r7\231\364\244\303;"
 2520      700D8B89 
 2520      AA4CCD72 
 2520      3799F4A4 
 2520      C33B
 2521 0086 D7B5F8AA 		.ascii	"\327\265\370\252\027\205\270\177\305\355\221\352\002"
 2521      1785B87F 
 2521      C5ED91EA 
 2521      02
 2522 0093 592C1F8A 		.ascii	"Y,\037\212l\333;\325#\351\006+\177\024\364\001\363\361"
 2522      6CDB3BD5 
 2522      23E9062B 
 2522      7F14F401 
 2522      F3F1
 2523 00a5 FBA99B4C 		.ascii	"\373\251\233L(\026+U{\240\302(\261\305\214\316_$\267"
 2523      28162B55 
 2523      7BA0C228 
 2523      B1C58CCE 
 2523      5F24B7
 2524 00b8 91C8845B 		.ascii	"\221\310\204[\302\003v\004\373P-v\341\0148u\036\375"
 2524      C2037604 
 2524      FB502D76 
 2524      E10C3875 
 2524      1EFD
ARM GAS  C:\Users\nello\AppData\Local\Temp\ccMNzq7C.s 			page 81


 2525 00ca A6106F5D 		.ascii	"\246\020o]\026\273q\016\234\330\353\230X\223-\271q\013"
 2525      16BB710E 
 2525      9CD8EB98 
 2525      58932DB9 
 2525      710B
 2526 00dc 2E206359 		.ascii	". cY\354\241w\024j[/\335{\015[@<\254\210\016\331\275"
 2526      ECA17714 
 2526      6A5B2FDD 
 2526      7B0D5B40 
 2526      3CAC880E 
 2527 00f2 A9792ACD 		.ascii	"\251y*\315^\303]\246\366X\334*\225\270\004\015\356:"
 2527      5EC35DA6 
 2527      F658DC2A 
 2527      95B8040D 
 2527      EE3A
 2528 0104 B40D57D8 		.ascii	"\264\015W\330\261\363\332\312v[#@5\024\036\313\317\036"
 2528      B1F3DACA 
 2528      765B2340 
 2528      35141ECB 
 2528      CF1E
 2529 0116 E73F8A8C 		.ascii	"\347?\212\214\377Q\211\006\202\303\341`<1\233\230\312"
 2529      FF518906 
 2529      82C3E160 
 2529      3C319B98 
 2529      CA
 2530 0127 64E7127A 		.ascii	"d\347\022zxIO'\215T$\032\233\311\032\261tx\"fd\262\351"
 2530      78494F27 
 2530      8D54241A 
 2530      9BC91AB1 
 2530      74782266 
 2531 013e 58489F4F 		.ascii	"XH\237ODsC4\342\365j\362D\355\001\335\360\373|>M7\264"
 2531      44734334 
 2531      E2F56AF2 
 2531      44ED01DD 
 2531      F0FB7C3E 
 2532 0155 7864414B 		.ascii	"xdAK\351\351\214\241MMO\006\374Z(4\256\215O\216\345"
 2532      E9E98CA1 
 2532      4D4D4F06 
 2532      FC5A2834 
 2532      AE8D4F8E 
 2533 016a 7C9A9159 		.ascii	"|\232\221Y\014\370g\346\026#\336(\375\000>z\225\034"
 2533      0CF867E6 
 2533      1623DE28 
 2533      FD003E7A 
 2533      951C
 2534              		.text
 2535              		.section	.gnu.lto_dmaInit.420.71a49ca7,"e",%progbits
 2536 0000 789C7553 		.ascii	"x\234uSKL\023Q\024}g\356\024\251bkU\"\033\243\033\026"
 2536      4B4C1351 
 2536      147D67EE 
 2536      14A9626B 
 2536      55221BA3 
 2537 0016 FE3AB460 		.ascii	"\376:\264`\014\2722\220\270\201\025.\233\220Z\032i\004"
 2537      0CBA3290 
 2537      B881152E 
 2537      9B905A1A 
 2537      6904
ARM GAS  C:\Users\nello\AppData\Local\Temp\ccMNzq7C.s 			page 82


 2538 0028 4BDA824B 		.ascii	"K\332\202K\206\237!\370\201\242\213\306 \211\315\304"
 2538      869F21F8 
 2538      81A28BC6 
 2538      2089CDC4 
 2539 0038 346E0C0B 		.ascii	"4n\014\013\025\225 \202\004\023?\0135\352\002\215\011"
 2539      15952082 
 2539      04133F0B 
 2539      35EA028D 
 2539      09
 2540 0049 1B8C891A 		.ascii	"\033\214\211\032\"\212\204\244\336\367:H\3613\231y}"
 2540      228A84A4 
 2540      DEF73A48 
 2540      F1339979 
 2540      7D
 2541 005a F773CE3D 		.ascii	"\367s\316=\367\276\327&\022\242K\010\021\342O\024\010"
 2541      F7BED726 
 2541      12A24B08 
 2541      11E24F14 
 2541      08
 2542 006b 0C26FB34 		.ascii	"\014&\3734\221\315f\333u\015\227\223}o.\316\351\270"
 2542      91CD66DB 
 2542      750D9793 
 2542      7D6F2ECE 
 2542      E9B8
 2543 007d 0BE520E9 		.ascii	"\013\345 \351\260\203\272\326\225<\247\255Fz\222.\365"
 2543      B083BAD6 
 2543      953CA7AD 
 2543      467A922E 
 2543      F5
 2544 008e EB40C7EC 		.ascii	"\353@\307\354\370\371\234\017\242]#\366\264k\272X{."
 2544      F8F99C0F 
 2544      A25D23F6 
 2544      B46BBA58 
 2544      7B2E
 2545 00a0 D11ED334 		.ascii	"\321\036\3234\227z\256\274\033)13\023\260\270\3740\375"
 2545      977AAEBC 
 2545      1B293133 
 2545      13B0B8FC 
 2545      30FD
 2546 00b2 0E0F1106 		.ascii	"\016\017\021\006\311\"@\267w\032v\363\216\232d\244\224"
 2546      C92240B7 
 2546      771A76F3 
 2546      8E9A64A4 
 2546      94
 2547 00c3 915FDF8F 		.ascii	"\221_\337\217\014\271\006:\012-\"\334\001#q\033\270"
 2547      0CB9063A 
 2547      0A2D22DC 
 2547      0123711B 
 2547      B8
 2548 00d4 05893D3D 		.ascii	"\005\211==\354a\375\243\260\371\330\007\266n\276pL\230"
 2548      EC61FDA3 
 2548      B0F9D807 
 2548      B66EBE70 
 2548      4C98
 2549 00e6 2BD97ED3 		.ascii	"+\331~\323\374r\001\017\247?\315x\334\020\026\351\032"
 2549      FC72010F 
 2549      A73FCD78 
ARM GAS  C:\Users\nello\AppData\Local\Temp\ccMNzq7C.s 			page 83


 2549      DC1016E9 
 2549      1A
 2550 00f7 2F0E928B 		.ascii	"/\016\222\213.AN\271\270\024\\\364\223\354Q=\273\330"
 2550      2E414EB9 
 2550      B8145CF4 
 2550      93EC513D 
 2550      BBD8
 2551 0109 1C206DCD 		.ascii	"\034 m\315\204\370\214\316\205\321o\251\200-\260\000"
 2551      84F88CCE 
 2551      85D16FA9 
 2551      802DB000 
 2552 0119 525A3734 		.ascii	"RZ74\336fHup]\026\330\200\373\300=\2102\026\235\341"
 2552      DE664875 
 2552      705D16D8 
 2552      80FBC03D 
 2552      8832169D 
 2553 012e BC428CE1 		.ascii	"\274B\214\341\252\0246\250\014\241x\226r<\377B?\370"
 2553      AA1436A8 
 2553      0CA17896 
 2553      723CFF42 
 2553      3FF8
 2554 0140 033DC168 		.ascii	"\003=\301h\331\322\270\255`1U\221&'\366\012)\220\362"
 2554      D9D2B8AD 
 2554      60315591 
 2554      2627F60A 
 2554      2990F2
 2555 0153 041287C7 		.ascii	"\004\022\207\307~.\246\022i\202\255\321ik,\340m\206"
 2555      7E2EA612 
 2555      6982ADD1 
 2555      696B2CE0 
 2555      6D86
 2556 0165 90ABA25B 		.ascii	"\220\253\242[\264\021S\300\244\262\375\335\2469\277"
 2556      B41153C0 
 2556      A4B2FDDD 
 2556      A639BF
 2557 0174 C3A24D78 		.ascii	"\303\242Mx\2044\311\023+cOf\247EE\230\346\322\232\220"
 2557      8434C913 
 2557      2B634F66 
 2557      A7454598 
 2557      E6D29A90 
 2558 0188 8A271732 		.ascii	"\212'\0272\373m\316\"\233F\012,\265h3W\303\014\013\276"
 2558      FB6DCE22 
 2558      9B460A2C 
 2558      B5683357 
 2558      C30C0BBE 
 2559 019c 669A7C38 		.ascii	"f\232|8.<f\020\345\272u\331\335\216~O\305\376\323\355"
 2559      2E3C6610 
 2559      E5BA75D9 
 2559      DD8E7E4F 
 2559      C5FED3ED 
 2560 01b0 13D52DDB 		.ascii	"\023\325-\333\252\341\"\213\334x\312\004\272\312\361"
 2560      AAE1228B 
 2560      DC78CA04 
 2560      BACAF1
 2561 01bf 4BDF768B 		.ascii	"K\337v\213\266\340\331\2526\366\314\027[\344\301s\316"
 2561      B6E0D9AA 
 2561      36F6CC17 
ARM GAS  C:\Users\nello\AppData\Local\Temp\ccMNzq7C.s 			page 84


 2561      5BE4C173 
 2561      CE
 2562 01d0 72E4CA78 		.ascii	"r\344\312xT\231\256\241\263|g\267\245\311\305\251\330"
 2562      5499AEA1 
 2562      B37C67B7 
 2562      A5C9C5A9 
 2562      D8
 2563 01e1 A7C6A3E7 		.ascii	"\247\306\243\347\215\007\037\321=;%\203\022Cp\313\273"
 2563      8D071FD1 
 2563      3D3B2583 
 2563      124370CB 
 2563      BB
 2564 01f2 B20C9D87 		.ascii	"\262\014\235\207\251\335 \206\321\262\223!\216\277\216"
 2564      A9DD2086 
 2564      D1B29321 
 2564      8EBF8E
 2565 0201 FC478A41 		.ascii	"\374G\212A\232\0049\270\351^S\317\315\303m\317\303\261"
 2565      9A0439B8 
 2565      E95E53CF 
 2565      CDC36DCF 
 2565      C3B1
 2566 0213 368F7936 		.ascii	"6\217y6\267r.^\346\315\343\025\013-X\235\207$v+\332"
 2566      B7722E5E 
 2566      E6CDE315 
 2566      0B2D589D 
 2566      8724762B 
 2567 0228 D44A499A 		.ascii	"\324JI\232\310f\355]\307\232\317E\353\270\336\346\270"
 2567      C866ED5D 
 2567      C79ACF45 
 2567      EBB8DEE6 
 2567      B8
 2568 0239 F01A6201 		.ascii	"\360\032b\001\235\037\026\347\012\325\237\247\237\220"
 2568      9D1F16E7 
 2568      0AD59FA7 
 2568      9F90
 2569 0247 7F6F8538 		.ascii	"\177o\2058Pu8P\325\0309\021\251K\2646D\242\2013\321"
 2569      50753850 
 2569      D5183911 
 2569      A94BB436 
 2569      44A28133 
 2570 025c D8A9784B 		.ascii	"\330\251xK0\024\256o\215\207c\201c\341x\2425\026\256"
 2570      3014AE6F 
 2570      8D876381 
 2570      63E178A2 
 2570      3516AE
 2571 026f 899E8C84 		.ascii	"\211\236\214\204\332*\304\021\257\327\3407$\001\321"
 2571      DA2AC411 
 2571      AFD7E037 
 2571      2401D1
 2572 027e B8DFE7F3 		.ascii	"\270\337\347\363\031\321\270\321\030l2Z\242\261D\334"
 2572      19D1B8D1 
 2572      186C325A 
 2572      A2B144DC 
 2573 028e A83B5E5B 		.ascii	"\250;^[\3567jj\252\215\352\332\243m>#\236h.\367\327"
 2573      EE376A6A 
 2573      AA8DEADA 
 2573      A36D3E23 
ARM GAS  C:\Users\nello\AppData\Local\Temp\ccMNzq7C.s 			page 85


 2573      9E682EF7 
 2574 02a3 373407BD 		.ascii	"74\007\275!\201Hq\236\351m\010\036\254\014V\036\012"
 2574      21814871 
 2574      9EE96D08 
 2574      1EAC0C56 
 2574      1E0A
 2575 02b5 8B5F61D4 		.ascii	"\213_a\324b\321"
 2575      62D1
 2576              		.text
 2577              		.section	.gnu.lto_dmaStreamAllocI.421.71a49ca7,"e",%progbits
 2578 0000 789C7D58 		.ascii	"x\234}XyPU\327\031\277\337=oc\177\354\233\"\250\270"
 2578      795055D7 
 2578      19BFDF3D 
 2578      6F637FEC 
 2578      9B22A8B8 
 2579 0014 0B82FB12 		.ascii	"\013\202\373\022\215K\334\202N\30643\231\0113\031\004"
 2579      8D4BDC82 
 2579      4EC63433 
 2579      99093319 
 2579      04
 2580 0025 5A69348F 		.ascii	"Zi4\217\001\264\355_^#\213cZ\005L\030y5h\256o\022\324"
 2580      01B4ED5F 
 2580      5E238B63 
 2580      5A054C18 
 2580      793568AE 
 2581 003c B854CA28 		.ascii	"\270T\312(\202+\215!mm\322E\315t\304\270\325`\305\204"
 2581      822B8D21 
 2581      6D6DD245 
 2581      CD74C4B8 
 2581      D560C584 
 2582 0050 DA368A35 		.ascii	"\3326\2125\322\357;\347\336w\357}\017|\303\234\367\235"
 2582      D2EF3BE7 
 2582      DE77EF7D 
 2582      0F7CC39C 
 2582      F79D
 2583 0062 737FDFEF 		.ascii	"s\177\337\357\373\235\357\273gy$\304H\322EI\222\306"
 2583      FB9DEFBB 
 2583      677924C4 
 2583      48D24549 
 2583      92C6
 2584 0074 C9D88C94 		.ascii	"\311\330\214\224\240\276n\273,\015\014\014l\266\311"
 2584      A0BE6EBB 
 2584      2C0D0C0C 
 2584      6CB6C9
 2585 0083 F2D6BA77 		.ascii	"\362\326\272we\370\024x\257\262.\222\1773\370u\275*"
 2585      65F81478 
 2585      AFB22E92 
 2585      7F33F875 
 2585      BD2A
 2586 0095 866C7255 		.ascii	"\206lrU]\030\267\252\265\207v\343\241C\256\321\036\356"
 2586      5D18B7AA 
 2586      B58776E3 
 2586      A143AED1 
 2586      1EEE
 2587 00a7 AEBD2586 		.ascii	"\256\275%\206\234\306S\227\334X{\\\230^\375q\210\361"
 2587      9CC65397 
 2587      DC587B5C 
ARM GAS  C:\Users\nello\AppData\Local\Temp\ccMNzq7C.s 			page 86


 2587      985EFD71 
 2587      88F1
 2588 00b9 38143EAF 		.ascii	"8\024>\257W\377\325\323R\312{ap\026{\367[\302y/\\\376"
 2588      57FFD5D3 
 2588      52CA7B61 
 2588      70167BF7 
 2588      5BC2792F 
 2589 00cf A0F67806 		.ascii	"\240\366x\006t\011\344\031\335;Bn\242\341?\210\336\001"
 2589      7409E419 
 2589      DD3B426E 
 2589      A2E13F88 
 2589      DE01
 2590 00e1 7D3812F6 		.ascii	"}8\022\366\352\244Q\320\254\233n8P\257f\210iF\313\007"
 2590      EAA451D0 
 2590      AC9B6E38 
 2590      50AF6688 
 2590      6946CB07 
 2591 00f5 4D8E8775 		.ascii	"M\216\207u\307\0308\244\243c\341\023\335\214\203\303"
 2591      C71838A4 
 2591      A363E113 
 2591      DD8C83C3 
 2592 0105 7EC778F9 		.ascii	"~\307x\371\210\311\261MwL\200\243::\021N\352f\022\264"
 2592      88C9B14D 
 2592      774C80A3 
 2592      3A3A114E 
 2592      EA6612B4 
 2593 0119 F91D93E5 		.ascii	"\371\035\223\345S&\307\323\272c\212\334\256\347\244"
 2593      5326C7D3 
 2593      BA638ADC 
 2593      AEE7A4
 2594 0128 431F4B85 		.ascii	"C\037K\205\016\277\33308\255\263\015\347\371io}\354"
 2594      0EBFDB30 
 2594      38ADB30D 
 2594      E7F9696F 
 2594      7DEC
 2595 013a D259D228 		.ascii	"\322Y\322(G\032p\204\274\207\370\265\302u\351\\\351"
 2595      471A7084 
 2595      BC87F8B5 
 2595      C275E95C 
 2595      E9
 2596 014b DCE96CEB 		.ascii	"\334\351l\353:\336\313\200-.\001\007i\263\314lv\207"
 2596      3ADECB80 
 2596      2D2E0107 
 2596      69B3CC6C 
 2596      7687
 2597 015d D315121A 		.ascii	"\323\025\022\032\026\036\021\031\345\216\216\211\215"
 2597      161E1119 
 2597      E58E8E89 
 2597      8D
 2598 016a 8B4F484C 		.ascii	"\213OHLJNI\0356<mDz\006l\226GH\306g\027\333\303\240"
 2598      4A4E491D 
 2598      363C6D44 
 2598      7A066C96 
 2598      4748C667 
 2599 0182 9EF99804 		.ascii	"\236\371\230\0046\315\002H\037\177NQ\036Wy\017\266L"
 2599      36CD0248 
 2599      1F7F4E51 
ARM GAS  C:\Users\nello\AppData\Local\Temp\ccMNzq7C.s 			page 87


 2599      1E57790F 
 2599      B64C
 2600 0194 EADC5AB5 		.ascii	"\352\334Z\265\334\307d\251\011\001\255\000\277\005r"
 2600      DCC764A9 
 2600      0901AD00 
 2600      BF0572
 2601 01a3 42205B2F 		.ascii	"B [/\215E\320\227\275'\025%D\3621\006'\300\204\301\001"
 2601      8D45D097 
 2601      BD271525 
 2601      44F23106 
 2601      27C084C1 
 2602 01b8 CFD328C2 		.ascii	"\317\323(\302U\001\007\036;\324R\272\234`m\201\260m"
 2602      5501071E 
 2602      3BD452BA 
 2602      9C606D81 
 2602      B06D
 2603 01ca 6E82ED10 		.ascii	"n\202\355\020\260\276OZzn\203\022\343c6h\267\"m\236"
 2603      B0BE4F5A 
 2603      7A6E8312 
 2603      E3633668 
 2603      B7226D9E 
 2604 01de F7397297 		.ascii	"\3679r\227\206<\334\342\023H;\234\266\"\355\036\325"
 2604      863CDCE2 
 2604      13483B9C 
 2604      B622ED1E 
 2604      D5
 2605 01ef 2D443602 		.ascii	"-D6\002}e\022\374H\313\215\233\240\324+@\"\316\202e"
 2605      7D6512FC 
 2605      48CB8D9B 
 2605      A0D42B40 
 2605      22CE8265 
 2606 0203 3E9ECF38 		.ascii	">\236\3178\363^?\372\313\2754\255t\202\236\017\200\236"
 2606      F35E3FFA 
 2606      CBBD34AD 
 2606      74829E0F 
 2606      809E
 2607 0215 E2D08F0D 		.ascii	"\342\320\217\015\350\036?\2643\000z\324\355\220\340"
 2607      E81E3FB4 
 2607      33007AD4 
 2607      ED90E0
 2608 0224 77001700 		.ascii	"w\000\027\000\316\001eP\222\200\234\017\030\252z[\036"
 2608      CE016550 
 2608      92809C0F 
 2608      18AA7A5B 
 2608      1E
 2609 0235 DFF0ABBA 		.ascii	"\337\360\253\272\030\340\177\235B!\305g \341\033 y\272"
 2609      18E07F9D 
 2609      4221C567 
 2609      20E11B20 
 2609      79BA
 2610 0247 79E82386 		.ascii	"y\350#\206\367\267-\276[\232\267\014\237\007x\367R\364"
 2610      F7B72DBE 
 2610      5B9AB70C 
 2610      9F0778F7 
 2610      52F4
 2611 0259 DFA36B17 		.ascii	"\337\243k\027\272\336w\343`h\346\271*\245\257\247\245"
 2611      BADE77E3 
ARM GAS  C:\Users\nello\AppData\Local\Temp\ccMNzq7C.s 			page 88


 2611      6068E6B9 
 2611      2AA5AFA7 
 2611      A5
 2612 026a EFC6C22D 		.ascii	"\357\306\302-\302\311ZV\236\262V\2202\317mQ\372\006"
 2612      C2C95A56 
 2612      9EB25690 
 2612      32CF6D51 
 2612      FA06
 2613 027c 5AEEE830 		.ascii	"Z\356\3500\007\\\202``\273\000\036{\267\265o\037t)6"
 2613      075C8260 
 2613      60BB001E 
 2613      7BB7B56F 
 2613      1F742936 
 2614 0290 C27D3108 		.ascii	"\302}1\010\356\274\206\363\232p\177\016\300\371\263"
 2614      EEBC86F3 
 2614      9A707F0E 
 2614      C0F9B3
 2615 029f D4CC68BA 		.ascii	"\324\314h\272(\373\350_\354\347\224\247\003;\025\345"
 2615      28FBE85F 
 2615      ECE794A7 
 2615      033B15E5 
 2616 02af 3B2F6CF9 		.ascii	";/l\371b\377\225\350B\300\322:dj\03056j\354\3248\260"
 2616      62FF95E8 
 2616      42C0D23A 
 2616      646A1835 
 2616      366AECD4 
 2617 02c5 713AC972 		.ascii	"q:\311r\221E\257\243#\224\2540\262\302\311\212 \313"
 2617      9145AFA3 
 2617      2394AC30 
 2617      B2C2C98A 
 2617      20CB
 2618 02d7 0D7012A2 		.ascii	"\015p\022\242\321\222ch,\226\306\342\310\212'+\201\254"
 2618      D1926368 
 2618      2C96C6E2 
 2618      C88A272B 
 2618      81AC
 2619 02e9 44B292C8 		.ascii	"D\262\222\310J&+\205\254T\262\322\311\312 k$Y\243\310"
 2619      4A262B85 
 2619      AC54B2D2 
 2619      C9CA206B 
 2619      2459A3C8 
 2620 02fd 1A4D5626 		.ascii	"\032MV&Yc\310\032K\3268\262\306\2235\201f5Q\302yM\222"
 2620      5963C81A 
 2620      4BD638B2 
 2620      C6933581 
 2620      663551C2 
 2621 0314 70669329 		.ascii	"pf\223)n\026=\315\246\247S\250\311\241&\027\033\327"
 2621      6E163DCD 
 2621      A6A753A8 
 2621      C9A12617 
 2621      1BD7
 2622 0326 54B2A651 		.ascii	"T\262\246Q3\235\232\031\330\204\314$k\026Y\263\311\232"
 2622      339D9A19 
 2622      D884CC24 
 2622      6B1659B3 
 2622      C99A
 2623 0338 43B8B9D8 		.ascii	"C\270\271\330\204\316\243\346\005l\302\346\323\203\005"
ARM GAS  C:\Users\nello\AppData\Local\Temp\ccMNzq7C.s 			page 89


 2623      84CEA3E6 
 2623      056CC2E6 
 2623      D38305
 2624 0347 04594881 		.ascii	"\004YH\201\026Q\240\305d-!\353%\262\226\222\265\214"
 2624      1651A0C5 
 2624      642D21EB 
 2624      25B29692 
 2624      B58C
 2625 0359 ACE564AD 		.ascii	"\254\345d\255 U+I\313\313\224\351<\352\256\242\367d"
 2625      20552B49 
 2625      CBCB94E9 
 2625      3CEAAEA2 
 2625      F764
 2626 036b 354007BC 		.ascii	"5@\007\274\002p\006^#\322\327\251y\203\232|\200S\260"
 2626      0270065E 
 2626      23D2D7A9 
 2626      79839A7C 
 2626      8053B0
 2627 037e 963C2469 		.ascii	"\226<$i'\243}\206\177F`\345j\231ltA\272\007\225\327"
 2627      27A37D86 
 2627      7F4660E5 
 2627      6A996C74 
 2627      41BA0795 
 2628 0393 3AEF5FBA 		.ascii	":\357_\272I\007\215\312\334\264\2270\210\342\005\256"
 2628      49078DCA 
 2628      DCB49730 
 2628      88E205AE 
 2629 03a3 65CC8CFC 		.ascii	"e\314\214\374\026\336\361\366w7\316Q\3312\004\362n\343"
 2629      16DEF1F6 
 2629      7737CE51 
 2629      D93204F2 
 2629      6EE3
 2630 03b5 F564952D 		.ascii	"\365d\225-\247\036\241m\001\274=\235\003\227~\303\374"
 2630      A71EA16D 
 2630      01BC3D9D 
 2630      03977EC3 
 2630      FC
 2631 03c6 A46E8DD4 		.ascii	"\244n\215\324\036@\372\360\344\035\"}I\240$>\364\325"
 2631      1E40FAF0 
 2631      E41D227D 
 2631      49A0243E 
 2631      F4D5
 2632 03d8 1D245E0A 		.ascii	"\035$^\012\177\005\356\341\010\">\372'\023q\264F\354"
 2632      7F05EEE1 
 2632      08223EFA 
 2632      271371B4 
 2632      46EC
 2633 03ea 0C22BE4B 		.ascii	"\014\"\276K\304\213\341\262\350~u\027I\227\010\037'"
 2633      C48BE1B2 
 2633      E87E7517 
 2633      4997081F 
 2633      27
 2634 03fb F7700511 		.ascii	"\367p\005\021\3376\023\307h\304!\201\304\217{\211x\241"
 2634      DF3613C7 
 2634      68C42181 
 2634      C48F7B89 
 2634      78A1
ARM GAS  C:\Users\nello\AppData\Local\Temp\ccMNzq7C.s 			page 90


 2635 040d 40B9F8D0 		.ascii	"@\271\370\320\356\007H\276HW\034\032$\345?\215\263T"
 2635      EE0748BE 
 2635      48571C1A 
 2635      24E53F8D 
 2635      B354
 2636 041f 164D1E32 		.ascii	"\026M\0362\025AV\272l\034\031\026\200l\350\377o\343"
 2636      154156BA 
 2636      6C1C1916 
 2636      806CE8FF 
 2636      6FE3
 2637 0431 3495AD50 		.ascii	"4\225\255P\331DIz\002\0231\333\354\314\211\213\221\230"
 2637      D944497A 
 2637      021331DB 
 2637      ECCC898B 
 2637      9198
 2638 0443 207B759B 		.ascii	" {u\233\003\247\343\274H_\013C\032\332\035O`\022\346"
 2638      03A7E3BC 
 2638      485F0B43 
 2638      1ADA1D4F 
 2638      6012E6
 2639 0456 9F5D3C81 		.ascii	"\237]<\201\003K\355\0154\276\304y\205\276\026\205|\324"
 2639      034BED0D 
 2639      34BEC479 
 2639      85BE1685 
 2639      7CD4
 2640 0468 EE40FA70 		.ascii	"\356@\372p+\375\326'\325\3374u.\303\355Ee/\223\230p"
 2640      2BFDD627 
 2640      D5DF3475 
 2640      2EC3ED45 
 2640      652F9398 
 2641 047d 406B0205 		.ascii	"@k\002\005\356\350\377\236&\005\332\201\022\301w\254"
 2641      EEE8FF9E 
 2641      2605DA81 
 2641      12C177AC 
 2642 048d 4A90D16C 		.ascii	"J\220\321lf\274\363\021-\346H\350\006\270\006\322\024"
 2642      66BCF311 
 2642      2DE648E8 
 2642      06B806D2 
 2642      14
 2643 049e 45515C34 		.ascii	"EQ\\4\375\353\360\001m\222D\336P\363\000\223'#5\362"
 2643      FDEBF001 
 2643      6D9244DE 
 2643      50F30093 
 2643      272335F2 
 2644 04b2 887CAEC5 		.ascii	"\210|\256\305>\345_$2\"`\262\357m\177\324\264\177\015"
 2644      3EE55F24 
 2644      322260B2 
 2644      EF6D7FD4 
 2644      B47F0D
 2645 04c5 9EA12A5B 		.ascii	"\236\241*[\245\305\215\322\342:\320l\306\327\227\307"
 2645      A5C58DD2 
 2645      E23AD06C 
 2645      C6D797C7 
 2646 04d5 C5FDC70D 		.ascii	"\305\375\307\0157\001n\360\207\271\225\212\322<\331"
 2646      37016EF0 
 2646      87B9958A 
 2646      D23CD9
ARM GAS  C:\Users\nello\AppData\Local\Temp\ccMNzq7C.s 			page 91


 2647 04e4 C7A2E116 		.ascii	"\307\242\341\026\027/I\225P\311\325\310p[\274@\336\376"
 2647      172F4995 
 2647      50C9D5C8 
 2647      705BBC40 
 2647      DEFE
 2648 04f6 A78D3F1F 		.ascii	"\247\215?\037B\377?\270~\354\323\024\232#|,\006\356"
 2648      42FF3FB8 
 2648      7EECD314 
 2648      9A237C2C 
 2648      06EE
 2649 0508 E21C80EF 		.ascii	"\342\034\200\357|\2714\026\357c\261\360\215\306M\250"
 2649      7CB93416 
 2649      EF63B1F0 
 2649      8DC64DA8 
 2650 0518 9E043ADB 		.ascii	"\236\004:\333z\020\205\353Ie\253y\210\266\037\206\014"
 2650      7A1085EB 
 2650      4965AB79 
 2650      88B61F86 
 2650      0C
 2651 0529 F1CFE010 		.ascii	"\361\317\340\020\367\007\011\321\033\020\302\016\017"
 2651      F70709D1 
 2651      1B10C20E 
 2651      0F
 2652 0536 10C528C4 		.ascii	"\020\305(\304+\242$?4nR\031\033\"\312w\242\020\374 "
 2652      2BA2243F 
 2652      346E5219 
 2652      1B22CA77 
 2652      A210FC20 
 2653 054a EF33AA50 		.ascii	"\3573\252P_\203\2646^\004F,}\333a\010\202\207&\202\177"
 2653      5F83B436 
 2653      5E04462C 
 2653      7DDB6108 
 2653      82872682 
 2654 055f 0B02F414 		.ascii	"\013\002\364\024\225|\264wk\254\312\354\332k\342\200"
 2654      957CB477 
 2654      6BACCAEC 
 2654      DA6BE280 
 2655 056f 015ED07B 		.ascii	"\001^\320{\235?\305A1\"iE\215\014Z\035\003\215\271*"
 2655      9D3FC541 
 2655      31226945 
 2655      8D0C5A1D 
 2655      038DB92A 
 2656 0583 7310CA09 		.ascii	"s\020\312\011\312\276m\012Q^\350\010Q\231S+\262SS!\336"
 2656      CABE6D0A 
 2656      515EE808 
 2656      5199532B 
 2656      B2535321 
 2657 0598 A13804C3 		.ascii	"\2418\004\303c\024\222\341c\361\320\217Bl\222\330\006"
 2657      631492E1 
 2657      63F1D08F 
 2657      426C92D8 
 2657      06
 2658 05a9 5C2A73C1 		.ascii	"\\*s\301#\360\317\212(Dp\032\273 ff\242q\0314O\005\015"
 2658      23F0CF8A 
 2658      2844701A 
 2658      BB206666 
 2658      A2711934 
ARM GAS  C:\Users\nello\AppData\Local\Temp\ccMNzq7C.s 			page 92


 2659 05c0 FA709151 		.ascii	"\372p\221Q&\221\240Q\207\012j\256,\314J\024j\020=C\""
 2659      2691A051 
 2659      870A6AAE 
 2659      2CCC4A14 
 2659      6A103D43 
 2660 05d5 BBA127DC 		.ascii	"\273\241'\334\254'\002\035\341\177\203k\0117(\024\231"
 2660      AC27021D 
 2660      E17F836B 
 2660      09372814 
 2660      99
 2661 05e6 53209E6B 		.ascii	"S \236kq\233\264\3304\332\030\223\226\327\254D1\234"
 2661      719BB4D8 
 2661      34DA1893 
 2661      96D7AC44 
 2661      319C
 2662 05f8 E843DE8D 		.ascii	"\350C\336\215\207w\004\027'\212\016X\334\0155W\233\251"
 2662      87770417 
 2662      278A0E58 
 2662      DC0D3557 
 2662      9BA9
 2663 060a 6AB1FEAA 		.ascii	"j\261\376\252)\317\230\277l\261\360\275\276\016c\202"
 2663      29CF98BF 
 2663      6CB1F0BD 
 2663      BE0E6382 
 2664 061a 4AF6A917 		.ascii	"J\366\251\027K\026g\022\021o\025\021g\314\246J\266\024"
 2664      4B166712 
 2664      116F1511 
 2664      67CCA64A 
 2664      B614
 2665 062c 28C19C90 		.ascii	"(\301\234\220Dt\024\221\345A\223\222`\320l\223\265\002"
 2665      44741491 
 2665      E5419392 
 2665      60D06C93 
 2665      B502
 2666 063e 257249B1 		.ascii	"%rI\261\203\024(\311\244'\331J\224d\020m\227-\005J1"
 2666      831428C9 
 2666      A427D94A 
 2666      9464106D 
 2666      972D054A 
 2667 0653 EB494547 		.ascii	"\353IEG\250\031\\K\212A\361K\275@\251\\K\334 \005J7"
 2667      A8195C4B 
 2667      8A41F14B 
 2667      BD40A95C 
 2667      4BDC2005 
 2668 0669 6979DD4A 		.ascii	"iy\335J\224n)\320\016S\201\342\003\362\334\321\377G"
 2668      946E29D0 
 2668      0E5381E2 
 2668      03F2DCD1 
 2668      FF47
 2669 067b EF3C9565 		.ascii	"\357<\225e\014\261\036ke\313\316Z'\2135\255\0270\303"
 2669      0CB11E6B 
 2669      65CBCE5A 
 2669      278B35AD 
 2669      1730C3
 2670 068e D8481382 		.ascii	"\330H\023\202\316\227KT\300\221&\221\243\254\"G\032"
 2670      CE974B54 
 2670      C0912691 
ARM GAS  C:\Users\nello\AppData\Local\Temp\ccMNzq7C.s 			page 93


 2670      A3AC2247 
 2670      1A
 2671 069f B3DD652D 		.ascii	"\263\335e-\340hs\3022\321Q\024\3206h\322F\0334\015z"
 2671      E06873C2 
 2671      32D15114 
 2671      D03668D2 
 2671      461B340D 
 2672 06b4 0133B9A4 		.ascii	"\0013\271\244\304A\0128\306\244g\254\225h\214A\264\333"
 2672      C4410A38 
 2672      C6A467AC 
 2672      95688C41 
 2672      B4DB
 2673 06c6 5AC07166 		.ascii	"Z\300qf=\343\321\021\336\037\274\200\343\014\012\257"
 2673      3DE3D111 
 2673      DE1FBC80 
 2673      E30C0AAF 
 2674 06d6 5EC0F15C 		.ascii	"^\300\361\\K\322 \005\3142iy\303J\224e)\340\036S\001"
 2674      4BD22005 
 2674      CC326979 
 2674      C34A9465 
 2674      29E01E53 
 2675 06eb 93032E08 		.ascii	"\223\003.\010\367:\367_\376\020\317\270\325\224#\233"
 2675      F73AF75F 
 2675      FE10CFB8 
 2675      D594239B 
 2676 06fb 7F0B4C09 		.ascii	"\177\013L\011\252\363\337\274kT\226=D\235\367Z\353\274"
 2676      AAF3DFBC 
 2676      6B54963D 
 2676      449DF75A 
 2676      EBBC
 2677 070d 0F033AC4 		.ascii	"\017\003:\304\374;\356a\001\246\230\324E\343\311\010"
 2677      FC3BEE61 
 2677      01A698D4 
 2677      45E3C908 
 2678 071d 7F47B038 		.ascii	"\177G\2608\340\022@E\260S?n\273QJ\016\306A\037q\334"
 2678      E0124045 
 2678      B0533F6E 
 2678      BB514A0E 
 2678      C6411F71 
 2679 0732 9661DF58 		.ascii	"\226a\337X\346\251\201\262\332.{\337\303\244\346\016"
 2679      E6A981B2 
 2679      DA2E7BDF 
 2679      C3A4E60E 
 2680 0742 1D20117C 		.ascii	"\035 \021|\030\300%\324<\255\351F\364Tt\220\372\240"
 2680      18C025D4 
 2680      3CADE946 
 2680      F4547490 
 2680      FAA0
 2681 0754 2A5DE273 		.ascii	"*]\342sIj\242s\214\017\347\373X2\0174,(\320\025o\276"
 2681      496AA273 
 2681      8C0FE7FB 
 2681      58320F34 
 2681      2C28D015 
 2682 076a CAA60D31 		.ascii	"\312\246\0151\377\217e\343\334i\366O^\024|:?\270\246"
 2682      FF8F65E3 
 2682      DC69F64F 
 2682      5E147C3A 
ARM GAS  C:\Users\nello\AppData\Local\Temp\ccMNzq7C.s 			page 94


 2682      3FB8A6
 2683 077d 3DFFE03A 		.ascii	"=\377\340:h\"8$\010\320\223K\031\036$\345\232\027/O"
 2683      68223824 
 2683      08D0934B 
 2683      191E24E5 
 2683      9A172F4F 
 2684 0791 33869E72 		.ascii	"3\206\236r\012\034F\212\020\256\201\277\0353\265S*\305"
 2684      0A1C468A 
 2684      10AE81BF 
 2684      1D33B553 
 2684      2AC5
 2685 07a3 724AE156 		.ascii	"rJ\341V2\003\216\312\332\013w\014]B\265\232\241\313"
 2685      32038ECA 
 2685      DA0B770C 
 2685      5D42B59A 
 2685      A1CB
 2686 07b5 ACE7D11F 		.ascii	"\254\347\321\037\367\323c\311p\212\2631\204Xc}\2503"
 2686      F7D363C9 
 2686      708AB331 
 2686      8458637D 
 2686      A833
 2687 07c7 2AF8DDC6 		.ascii	"*\370\335\306P\263\214P\255"
 2687      50B38C50 
 2687      AD
 2688 07d0 2214FAE9 		.ascii	"\"\024\372\351\321\346<\257~'\020\036\246\327\017\243"
 2688      D1E63CAF 
 2688      7E27101E 
 2688      A6D70FA3 
 2689 07e0 CD45BCB8 		.ascii	"\315E\274\270\371ag\036\305\015\005L\310\\\235\354\205"
 2689      F961671E 
 2689      C50D054C 
 2689      C85C9DEC 
 2689      85
 2690 07f1 A1C986C1 		.ascii	"\241\311\206\301)$\0137\221\315G\012C/\221\015\263$"
 2690      29240B37 
 2690      91CD470A 
 2690      432F910D 
 2690      B324
 2691 0803 6938F241 		.ascii	"i8\362A\207l,\246\323H\020A\342\347\213uq\315\213w\314"
 2691      876C2CA6 
 2691      D3481041 
 2691      E2E78B75 
 2691      71CD8B77 
 2692 0818 05CFCBD6 		.ascii	"\005\317\313\326Y\243\030\017\233\323tds\"O\313\002"
 2692      59A3180F 
 2692      9BD37464 
 2692      73224FCB 
 2692      02
 2693 0829 9E169DFC 		.ascii	"\236\026\235\374\274\310\014\311\210\027\367\276\206"
 2693      BCC80CC9 
 2693      8817F7BE 
 2693      86
 2694 0836 FE6EDA60 		.ascii	"\376n\332`\361\326\271\312t\307N3\275\0232\246bO\365"
 2694      F1D6B9CA 
 2694      74C74E33 
 2694      BD1332A6 
 2694      624FF5
ARM GAS  C:\Users\nello\AppData\Local\Temp\ccMNzq7C.s 			page 95


 2695 0849 D74D9D6B 		.ascii	"\327M\235k\370\017\236<\274\201\211k\274\270\270\217"
 2695      F80F9E3C 
 2695      BC81896B 
 2695      BCB8B88F 
 2696 0859 30EF62FC 		.ascii	"0\357b\374\267\021\346j\202\312&\321\212z\002h\255\010"
 2696      B711E66A 
 2696      82CA26D1 
 2696      8A7A0268 
 2696      AD08
 2697 086b 3B88AB2E 		.ascii	";\210\253./\355`\010\302\323\203\016\322\257\275x{_"
 2697      2FED6008 
 2697      C2D3830E 
 2697      D2AFBD78 
 2697      7B5F
 2698 087d 493322BA 		.ascii	"I3\"\272\014\363\363^\330\362\2424\012'\323\327\325"
 2698      0CF3F35E 
 2698      D8F2A234 
 2698      0A27D3D7 
 2698      D5
 2699 088e 5AA9D8F0 		.ascii	"Z\251\330\360\265N\023\377`\340\237\207\200\027\347"
 2699      B54E13FF 
 2699      60E09F87 
 2699      8017E7
 2700 089d C93CCA64 		.ascii	"\311<\312d\374\245\020\272\343t\365\016\340\032\327"
 2700      FCA510BA 
 2700      E374F50E 
 2700      E01AD7
 2701 08ac 0E3F73B5 		.ascii	"\016?s\265z'\360k\362\312\364gW\253\177E\343\370\273"
 2701      7A27F06B 
 2701      F2CAF467 
 2701      57AB7F45 
 2701      E3F8BB
 2702 08bf 0E0C7662 		.ascii	"\016\014vb\230\274xN\376\342u%kK^\255\330XT\342\311"
 2702      98BC784E 
 2702      FEE27525 
 2702      6B4B5EAD 
 2702      D85854E2 
 2703 08d4 FF99A7EC 		.ascii	"\377\231\247\354\255\362\322\202\302\34277\226\027\227"
 2703      ADF2D282 
 2703      C2E23737 
 2703      961797
 2704 08e3 E52F2B2E 		.ascii	"\345/+.\257\330XV\234\347\371II\341\246i\322\334\254"
 2704      AFD85856 
 2704      9CE7F949 
 2704      49E1A669 
 2704      D2DCAC
 2705 08f6 AC6CFC2B 		.ascii	"\254l\374+$\007OynNNN\266\247<{]\301\372\354ROYEy\366"
 2705      24074F79 
 2705      6E4E4E4E 
 2705      B6A73C7B 
 2705      5DC1FAEC 
 2706 0910 AB3F5A35 		.ascii	"\253?Z557;/oI\366\222U\0137\345d\227Wl\230\232\373f"
 2706      35373B2F 
 2706      6F49F692 
 2706      550B37E5 
 2706      6497576C 
 2707 0928 D18682AC 		.ascii	"\321\206\202\254BI.)\2127\365\263\212\012\246\317.\230"
ARM GAS  C:\Users\nello\AppData\Local\Temp\ccMNzq7C.s 			page 96


 2707      42492E29 
 2707      8A37F5B3 
 2707      8A0AA6CF 
 2707      2E98
 2708 093a 3DB35872 		.ascii	"=\263Xr\225\226\225x\312J*~a\373\361\306\267\013\355"
 2708      95969578 
 2708      CA4A2A7E 
 2708      61FBF1C6 
 2708      B70BED
 2709 094d A5056505 		.ascii	"\245\005e\005\033\354\305o\027\225\0249\313+\012\312"
 2709      1BECC56F 
 2709      17951439 
 2709      CB2B0ACA 
 2710 095d 2A4A8AA0 		.ascii	"*J\212\240\304\266\241\240\374-\007:\226W\224\3327y"
 2710      C4B6A1A0 
 2710      FC2D073A 
 2710      965794DA 
 2710      3779
 2711 096f D6674DE1 		.ascii	"\326gM\341m\016os\377\017\233T\002,"
 2711      6D0E6F73 
 2711      FF0F9B54 
 2711      022C
 2712              		.text
 2713              		.section	.gnu.lto_dmaStreamAlloc.422.71a49ca7,"e",%progbits
 2714 0000 789C5D92 		.ascii	"x\234]\222Mh\023Q\020\307gv61\215\207PA\360\246 E\004"
 2714      4D681351 
 2714      10C76776 
 2714      36318D87 
 2714      5041F0A6 
 2715 0017 CD9AB422 		.ascii	"\315\232\264\"\325KK\213\366\220\236\3521P\326$\332"
 2715      D54B4B8B 
 2715      F6909EEA 
 2715      3150D624 
 2715      DA
 2716 0028 C5C60DBB 		.ascii	"\305\306\015\273I\305S^\332\006!\2021\011\012~\020%"
 2716      49C5535E 
 2716      DA062182 
 2716      31090A7E 
 2716      1025
 2717 003a E4E4251E 		.ascii	"\344\344%\036\214I\375\214\004\217B\360\342E1b\017B"
 2717      8C49FD8C 
 2717      048F42F0 
 2717      E2453162 
 2717      0F42
 2718 004c 2444F150 		.ascii	"$D\361P\265\022\337\333\004\2328\354\262\357\375\337"
 2718      B512DFDB 
 2718      049A38EC 
 2718      B2EFFDDF 
 2719 005c EF3FB333 		.ascii	"\357?\2633\273S\022\300}\0008\306o\220\001\263\231\224"
 2719      BB5312C0 
 2719      7D0038C6 
 2719      6F9001B3 
 2719      9994
 2720 006e 04DD6E37 		.ascii	"\004\335n7.K\230\313\244\336W\353\247\3615Z\002aB\266"
 2720      2E4B98CB 
 2720      A4DE57EB 
 2720      A7F1355A 
ARM GAS  C:\Users\nello\AppData\Local\Temp\ccMNzq7C.s 			page 97


 2720      026142B6 
 2721 0082 16087189 		.ascii	"\026\010q\2110\2169\272G\230\245\"\001\312\375\025\342"
 2721      308E39BA 
 2721      4798A522 
 2721      01CAFD15 
 2721      E2
 2722 0093 81C335C6 		.ascii	"\201\3035\306\266\222w\266\312G\352k\311\271\"I\220"
 2722      B69277B6 
 2722      CA47EA6B 
 2722      C9B92249 
 2722      90
 2723 00a4 E74019F1 		.ascii	"\347@\031\3611\212\032\034\244e8\304\241F\253\312\330"
 2723      318A1A1C 
 2723      A46538C4 
 2723      A146ABCA 
 2723      D8
 2724 00b5 081489B0 		.ascii	"\010\024\211\260\202\003\014\027\364\207.\301%\321\002"
 2724      82030C17 
 2724      F4872EC1 
 2724      25D102
 2725 00c4 1FFD2A47 		.ascii	"\037\375*G\346\004\266\361?\366\304\302\256\367\260"
 2725      E604B6F1 
 2725      3FF6C4C2 
 2725      AEF7B0
 2726 00d3 CEEFF2E6 		.ascii	"\316\357\362\346\027d{\212$\343\263aR\326\353\026\231"
 2726      17647B8A 
 2726      24E3B361 
 2726      52D6EB16 
 2726      99
 2727 00e4 EB937FCA 		.ascii	"\353\223\177\312\017z\244\015_\014\2236\275\341\352"
 2727      0F7AA40D 
 2727      5F0C9336 
 2727      BDE1EA
 2728 00f3 BDE46D14 		.ascii	"\275\344m\024\2171\201o\227\177~F\226e\310\273\301W"
 2728      8F31816F 
 2728      977F7E46 
 2728      9665C8BB 
 2728      C157
 2729 0105 38D48FFE 		.ascii	"8\324\217\376\321e\007\254\241\350\222\007\327\244\261"
 2729      D16507AC 
 2729      A1E89207 
 2729      D7A4B1
 2730 0114 5A927552 		.ascii	"Z\222uR\225\257\315\351D\3173<\001A\227\336\331jl\273"
 2730      95AFCDE9 
 2730      44CF333C 
 2730      014197DE 
 2730      D96A6CBB 
 2731 0128 9B66EC53 		.ascii	"\233f\354S\011\277\277-}\030\335\315gWE\031\361)\332"
 2731      09BFBF2D 
 2731      7D18DDCD 
 2731      67574519 
 2731      F129DA
 2732 013b 109FA31D 		.ascii	"\020\237\243\035\361%:\004\353\004\221\002\322$\276"
 2732      F1253A04 
 2732      EB049102 
 2732      D224BE
 2733 014a 8B15FB79 		.ascii	"\213\025\373y\236\033$\355l\021:\270\326\374\333\332"
ARM GAS  C:\Users\nello\AppData\Local\Temp\ccMNzq7C.s 			page 98


 2733      9E1B24ED 
 2733      6C113AB8 
 2733      D6FCDBDA 
 2734 015a 07EB2815 		.ascii	"\007\353(\025\311\236'\253\231]\\\276\332\354\266\232"
 2734      C99E27AB 
 2734      995D5CBE 
 2734      DAECB69A 
 2735 016a 58208775 		.ascii	"X \207u\342\310\213T\005\242\002\311\005\262\025\310"
 2735      E2C88B54 
 2735      05A202C9 
 2735      05B215C8 
 2736 017a 5EA411CB 		.ascii	"^\244\021\313\234i\357\230\251gn\343\352\255\2157w'"
 2736      9C69EF98 
 2736      A9676EE3 
 2736      EAAD8D37 
 2736      7727
 2737 018c 0AE4E47E 		.ascii	"\012\344\344~\0205i\240&~\303\304\024\034d|@\327*\353"
 2737      103569A0 
 2737      267EC3C4 
 2737      141C647C 
 2737      40D72AEB 
 2738 01a0 4CE65E67 		.ascii	"L\346^g\177\012\"~\340j\363f\2731\312\177\037\236@("
 2738      7F0A227E 
 2738      E06AF366 
 2738      BB31CA7F 
 2738      1F9E4028 
 2739 01b4 69C2C10E 		.ascii	"i\302\301\016\000\216\316\234\364\317,i\347\264\205"
 2739      008ECE9C 
 2739      F4CF2C69 
 2739      E7B485
 2740 01c3 682CA8E9 		.ascii	"h,\250\351\376\313\272q\321\214\250\201\320b\314\014"
 2740      FECBBA71 
 2740      D18CA881 
 2740      D062CC0C 
 2741 01d3 19FE3321 		.ascii	"\031\3763!3\0323B>\375\202\026X\231\200Sn\267\302\257"
 2741      331A3342 
 2741      3EFD8216 
 2741      58998053 
 2741      6EB7C2AF 
 2742 01e7 8030E8A6 		.ascii	"\2000\350\246\327\343\361(\272\251,\251\313JD7\242\246"
 2742      D7E3F128 
 2742      BAA92CA9 
 2742      CB4A4437 
 2742      A2A6
 2743 01f9 B270767E 		.ascii	"\262pv~\334\253\370|\263\312\354\374\364\212G1\243\341"
 2743      DCABF87C 
 2743      B3CAECFC 
 2743      F48A4731 
 2743      A3E1
 2744 020b 71EF6230 		.ascii	"q\357b0\254\272\003 i\301\275\003{wP=>\251N\236\010"
 2744      ACBA0320 
 2744      69C1BD03 
 2744      7B77503D 
 2744      3EA94E9E 
 2745 0220 81236268 		.ascii	"\201#bh\272\241E\257\310\347c\227\002\266\210j\250a"
 2745      BAA145AF 
 2745      C8E76397 
ARM GAS  C:\Users\nello\AppData\Local\Temp\ccMNzq7C.s 			page 99


 2745      02B6886A 
 2745      A861
 2746 0232 3B67CC68 		.ascii	";g\314h\344\037`M\003q"
 2746      E41F604D 
 2746      0371
 2747              		.text
 2748              		.section	.gnu.lto_dmaStreamFreeI.423.71a49ca7,"e",%progbits
 2749 0000 789C7D56 		.ascii	"x\234}VkL\024W\024\276g\356\356\262\017^\"(*\012\210"
 2749      6B4C1457 
 2749      14BE67EE 
 2749      EEB20F5E 
 2749      22282A0A 
 2750 0015 280FD985 		.ascii	"(\017\331\205\345\245mLl \351\037L\232\330\237$\206"
 2750      E5A56D4C 
 2750      6C20E91F 
 2750      4C9AD89F 
 2750      2486
 2751 0027 C2B69262 		.ascii	"\302\266\222b\227\260@\233\376qPt\255\246\012h\251\272"
 2751      97B0409B 
 2751      FE715074 
 2751      ADA60A68 
 2751      A9BA
 2752 0039 AD8FC9A6 		.ascii	"\255\217\311\246\341_M\223\026i\211!\032\373\214\255"
 2752      E15F4D93 
 2752      16698921 
 2752      1AFB8CAD 
 2753 0049 6D4DD346 		.ascii	"mM\323F\021cK\320\266\324-Q\203-e{\316\334\235\235\031"
 2753      11634BD0 
 2753      B6D42D51 
 2753      832D657B 
 2753      CEDC9D9D 
 2754 005e 602570F6 		.ascii	"`%p\366\273\227\363\235\357\334\363\335\031x\354d,\314"
 2754      BB97F39D 
 2754      EFDCF3DD 
 2754      1978EC64 
 2754      2CCC
 2755 0070 18BB843F 		.ascii	"\030\273\204?,\231\301@\377a\211E\243\321\275\026\011"
 2755      2C99C140 
 2755      FF618945 
 2755      A3D1BD16 
 2755      09
 2756 0081 8E2386CF 		.ascii	"\216#\206\317@]q\251\267\337\245\242\003\375\251\352"
 2756      405D71A9 
 2756      B7DFA5A2 
 2756      03FDA9EA 
 2757 0091 A705DE89 		.ascii	"\247\005\336\211\347Z\245\203\375G\342\271\301X\206"
 2757      E75AA583 
 2757      FD47E2B9 
 2757      C15886
 2758 00a0 0DDE8D67 		.ascii	"\015\336\215g$I'\373>\312\3272N\365\335\025\300\016"
 2758      244927FB 
 2758      3ECAD732 
 2758      4EF5DD15 
 2758      C00E
 2759 00b2 A706947C 		.ascii	"\247\006\224|\221\342\220N\033RBZ\212\023B\361\024\027"
 2759      91E2904E 
 2759      1B52425A 
ARM GAS  C:\Users\nello\AppData\Local\Temp\ccMNzq7C.s 			page 100


 2759      8A1342F1 
 2759      1417
 2760 00c4 F46CD012 		.ascii	"\364l\320\022\200\355\225\270\305jK\262;\234.\330\013"
 2760      80ED95B8 
 2760      C56A4BB2 
 2760      3B9C2ED8 
 2760      0B
 2761 00d5 C779B12C 		.ascii	"\307y\261,\313\263\007N\237\035\316\226\207\306 \314"
 2761      CBB3074E 
 2761      9F1DCE96 
 2761      87C620CC 
 2762 00e5 193BC399 		.ascii	"\031;\303\231\370z\217\303\000\017s\000K\014I\220\207"
 2762      F87A8FC3 
 2762      000F7300 
 2762      4B0C4990 
 2762      87
 2763 00f6 88B7B14D 		.ascii	"\210\267\261Mc\262|}\342\242,;X\230s\030\006\344\300"
 2763      63B27C7D 
 2763      E2A22C3B 
 2763      58987318 
 2763      06E4C0
 2764 0109 27001F03 		.ascii	"'\000\037\003\243\215\300\235T\225\315\337\002\372("
 2764      A38DC09D 
 2764      5495CDDF 
 2764      02FA28
 2765 0118 C4ECC8D0 		.ascii	"\304\354\310\320p\344\016\310\0032JX`\304H`,0\235jc"
 2765      70E40EC8 
 2765      03324A58 
 2765      60C44860 
 2765      2C309D6A 
 2766 012d F029C4A4 		.ascii	"\360)\304\244q\317J\354\343\300\012\307z\344\310w\303"
 2766      71CF4AEC 
 2766      E3C00AC7 
 2766      7AE4C877 
 2766      C3
 2767 013e 278E66F6 		.ascii	"'\216f\366\365\330\303\334\012\243f\246\252rJ\344]\270"
 2767      F5D8C3DC 
 2767      0AA366A6 
 2767      AA724AE4 
 2767      5DB8
 2768 0150 391C3907 		.ascii	"9\0349\007_\312\026\312\273\264D\336\331X\336\357\206"
 2768      5FCA16CA 
 2768      BBB444DE 
 2768      D958DEEF 
 2768      86
 2769 0161 BCB10579 		.ascii	"\274\261\005y\330\305\020g\037\376`\035\223\347\242"
 2769      D8C51067 
 2769      1FFE601D 
 2769      93E7A2
 2770 0170 C764393A 		.ascii	"\307d9:\002\177_\033\236XV\017x0\233\023\340\"\270("
 2770      027F5F1B 
 2770      9E58560F 
 2770      78309B13 
 2770      E022B828 
 2771 0184 291997D6 		.ascii	")\031\227\326\024\014I\251\024\322h\231Na\031-3(,\247"
 2771      140C49A9 
 2771      14D26899 
ARM GAS  C:\Users\nello\AppData\Local\Temp\ccMNzq7C.s 			page 101


 2771      4E61192D 
 2771      33282CA7 
 2772 0198 6526852C 		.ascii	"e&\205,\012+(\254\244*\331\204VQXMa\015\006{\016\241"
 2772      0A2B28AC 
 2772      A42AD984 
 2772      5651584D 
 2772      610D067B 
 2773 01ae B584D611 		.ascii	"\265\204\326\021\312%\224G(\237\320zB\005\2046\020*"
 2773      CA259447 
 2773      289FD07A 
 2773      42058436 
 2773      102A
 2774 01c0 A4B09196 		.ascii	"\244\260\221\226\233\010\025\021*&TB\250\224\320fBe"
 2774      9B081511 
 2774      2A265442 
 2774      A894D066 
 2774      4265
 2775 01d2 84DC843C 		.ascii	"\204\334\204<\204\312\011U\020\362\022\252$TE\250\232"
 2775      84CA0955 
 2775      10F212AA 
 2775      245445A8 
 2775      9A
 2776 01e3 500DA15A 		.ascii	"P\015\241ZB[\010m#\264\235B\035\005\306\216q\272N\352"
 2776      425B086D 
 2776      23B49D42 
 2776      1D05C68E 
 2776      71BA4EEA 
 2777 01f7 572ECEAA 		.ascii	"W.\316\252\217K\372\022\330_\260ot\344F\350\002(\034"
 2777      8F4BFA12 
 2777      D85FB06F 
 2777      74E446E8 
 2777      02281C
 2778 020a 62B785AB 		.ascii	"b\267\205\253\346\177\000x\301\320:\207\302\235p\031"
 2778      E67F0078 
 2778      C1D03A87 
 2778      C29D7019 
 2779 021a 5879AFBA 		.ascii	"Xy\257\272t\302\025x_u\033\231s\301I\344\271\220\312"
 2779      74C21578 
 2779      5F751B99 
 2779      73C149E4 
 2779      B990CA
 2780 022d A8305F58 		.ascii	"\2500_X\370\311\255P\243\302\223cu]j\335^\220\020\016"
 2780      F8C9AD50 
 2780      A3C29363 
 2780      755D6ADD 
 2780      5E90100E 
 2781 0241 6922D863 		.ascii	"i\"\330c2|\016p\025\025\030]\261/\260<\250\345\367\377"
 2781      327C0E70 
 2781      1515185D 
 2781      B12FB03C 
 2781      A8E5F7FF 
 2782 0255 73F01157 		.ascii	"s\360\021Wx\012q\223\200\204\250\350\311\3405\334L\305"
 2782      780A7193 
 2782      8084A8E8 
 2782      C9E035DC 
 2782      4CC5
 2783 0267 7D4A190C 		.ascii	"}J\031\014>\222\024\236\206\"\270G\277\216\034\206\004"
ARM GAS  C:\Users\nello\AppData\Local\Temp\ccMNzq7C.s 			page 102


 2783      3E92149E 
 2783      8622B847 
 2783      BF8E1C86 
 2783      04
 2784 0278 225F1B44 		.ascii	"\"_\033D\276\021\"\310\024\003\030\017\275\240\360\364"
 2784      BE1122C8 
 2784      1403180F 
 2784      BDA0F0F4 
 2785 0288 04C46B06 		.ascii	"\004\304k\006\342\267H\224\264\356\256b#\313\340+\275"
 2785      E2B74894 
 2785      B4EEAE62 
 2785      23CBE02B 
 2785      BD
 2786 0299 B371EC25 		.ascii	"\263q\354%\003\367DgWq\265\034\313\342\336\323;\273"
 2786      03F74467 
 2786      5771B51C 
 2786      CBE2DED3 
 2786      3BBB
 2787 02ab 6E10F85E 		.ascii	"n\020\370^\010 SL\360v\250F\341\231\011\210?\012\242"
 2787      0820534C 
 2787      F076A846 
 2787      E1990988 
 2787      3F0AA2
 2788 02be 30CA0237 		.ascii	"0\312\0027\342\315\355\033\275\277N\341Y\211mL\201\237"
 2788      E2CDED1B 
 2788      BDBF4EE1 
 2788      59896D4C 
 2788      819F
 2789 02d0 30998B93 		.ascii	"0\231\213\223\014\006\247\261\325\025\250\203\034v\037"
 2789      0C06A7B1 
 2789      D515A883 
 2789      1C761F
 2790 02df 7AEF5D59 		.ascii	"z\357]Y\215k\232\273U<]h\256e\321\255\231\010\275\251"
 2790      8D6B9ABB 
 2790      553C5D68 
 2790      AE65D1AD 
 2790      9908BDA9 
 2791 02f3 F0954FBB 		.ascii	"\360\225O\273*\277\240\206E\273*e\012\317\306|\026\201"
 2791      2ABFA086 
 2791      45BB2A65 
 2791      0ACFC67C 
 2791      1681
 2792 0305 DE3CA69E 		.ascii	"\336<\246\236&\365\2140!;\214>\220\206u\201\306\314"
 2792      26F58C30 
 2792      213B8C3E 
 2792      90867581 
 2792      C6CC
 2793 0317 C5C9505F 		.ascii	"\305\311P_\242\251\335R\017\217k:\377\020\366\232\016"
 2793      A2A9DD52 
 2793      0F8F6B3A 
 2793      FF10F69A 
 2793      0E
 2794 0328 E3A86755 		.ascii	"\343\250gU\337\031^\332K\013\243=\267U{\230:\245{9a"
 2794      DF195EDA 
 2794      4B0BA33D 
 2794      B7557B98 
 2794      3AA57B39 
ARM GAS  C:\Users\nello\AppData\Local\Temp\ccMNzq7C.s 			page 103


 2795 033d 9E011398 		.ascii	"\236\001\023\230ec\214\216\227\001js3\263O\321\271\273"
 2795      65638C8E 
 2795      97016A73 
 2795      33B34FD1 
 2795      B9BB
 2796 034f 58E7D725 		.ascii	"X\347\327%t~[\240\263\034&1+\011\337Ln1\256)rrU\002"
 2796      747E5BA0 
 2796      B31C2631 
 2796      2B09DF4C 
 2796      6E31AE29 
 2797 0367 9129B393 		.ascii	"\221)\263\223\367\364\207`08\216\327\014\375X%\374\210"
 2797      F7F48760 
 2797      30388ED7 
 2797      0CFD5825 
 2797      FC88
 2798 0379 42DCA1D5 		.ascii	"B\334\241\325\3603\304\334\261-\234\334\354T\310\251"
 2798      F033C4DC 
 2798      B12D9CDC 
 2798      EC54C8A9 
 2799 0389 F035C4B1 		.ascii	"\3605\304\261\203|\356\220l\301\355\313\243hQN\354q"
 2799      837CEE90 
 2799      6CC1EDCB 
 2799      A368514E 
 2799      EC71
 2800 039b B49B1E73 		.ascii	"\264\233\036s\264~\015\374\211-\344\207y\026L\243\276"
 2800      B47E0DFC 
 2800      892DE487 
 2800      79164CA3 
 2800      BE
 2801 03ac 5D183763 		.ascii	"]\0307cW\370Z\370\003D/xH\274X9\242\225y\324\243\007"
 2801      57F85AF8 
 2801      03442F78 
 2801      48BC5839 
 2801      A29579D4 
 2802 03c2 E8B2B8DA 		.ascii	"\350\262\270\332\206Rk\365R\021Q\012yZ\265\\QMm&\317"
 2802      86526BF5 
 2802      5211510A 
 2802      795AB55C 
 2802      514D6D26 
 2803 03d7 CCCBD579 		.ascii	"\314\313\325y3\310s\350-\344\033[X\217Dx\000KJ\347\353"
 2803      33C873E8 
 2803      2DE41B5B 
 2803      588F4478 
 2803      004B4AE7 
 2804 03ec 251E8A12 		.ascii	"%\036\212\022\230\257U)0Ho3\363\012T\336yu\231\005\217"
 2804      98AF5529 
 2804      30486F33 
 2804      F30A54DE 
 2804      79759905 
 2805 0401 63EA34DB 		.ascii	"c\3524\333\244E7\177\232\254\334\220\300\312Y\263\225"
 2805      A445377F 
 2805      9AACDC90 
 2805      C0CA59B3 
 2805      95
 2806 0412 4F165A59 		.ascii	"O\026ZY\210T1?y\236\307\275,\324\275\264/\362r\232\274"
 2806      8854313F 
 2806      799EC7BD 
ARM GAS  C:\Users\nello\AppData\Local\Temp\ccMNzq7C.s 			page 104


 2806      2CD4BDB4 
 2806      2FF2729A 
 2807 0427 DC68E87D 		.ascii	"\334h\350}\223\271\367\215\372\231\347\314\316\025\031"
 2807      93B9F78D 
 2807      FA99E7CC 
 2807      CE1519
 2808 0436 C7568C44 		.ascii	"\307V\214D\241\374_B\347\212\364RQ\315\271b\255Z\211"
 2808      A1FC5F42 
 2808      E78AF452 
 2808      51CDB962 
 2808      AD5A89
 2809 0449 A1855233 		.ascii	"\241\205R3\257D\347\365H&\3476\033[\300\227@)\314/\355"
 2809      AF44E7F5 
 2809      4826E736 
 2809      1B5BC097 
 2809      4029CC2F 
 2810 045e DC66BDC4 		.ascii	"\334f\275\304~)\346\\\231V\305m\220\336n\346\271M\316"
 2810      7E29E65C 
 2810      9956C56D 
 2810      90DE6EE6 
 2810      B94DCE
 2811 0471 1D9074E7 		.ascii	"\035\220t\347\034\213\376 =\014U)\334\223\300\271\240"
 2811      1C8BFE20 
 2811      3D0C5529 
 2811      DC93C0B9 
 2811      A0
 2812 0482 6472EE90 		.ascii	"dr\356\220$\234\323,\362\320\354,\361\027\242s\321\313"
 2812      249CD32C 
 2812      F2D0EC2C 
 2812      F117A273 
 2812      D1CB
 2813 0494 EA11D954 		.ascii	"\352\021\331Tnh\264\302\334h\271~\300#\222\311&\257"
 2813      6E68B4C2 
 2813      DC68B97E 
 2813      C02392C9 
 2813      26AF
 2814 04a6 71469548 		.ascii	"qF\225H\0246\375\233\320&\257^\352\250\024\263\251R"
 2814      1436FD9B 
 2814      D026AF5E 
 2814      EAA814B3 
 2814      A952
 2815 04b8 AB566568 		.ascii	"\253Veh\241\332\314\253\322y}f\233j\214-\324\"\021\336"
 2815      A1DACCAB 
 2815      D2797D66 
 2815      9B6A8C2D 
 2815      D42211DE 
 2816 04cc 969694AE 		.ascii	"\226\226\224\256\321K\014h6\325jU\266\030\244\353\314"
 2816      D14B0C68 
 2816      36D56A55 
 2816      B618A4EB 
 2816      CC
 2817 04dd BC2D269B 		.ascii	"\274-&\233N\030lr\031'9\003\373\356\334|`W\177u\214"
 2817      4E186C72 
 2817      19273903 
 2817      FBEEDC7C 
 2817      60577F75 
 2818 04f2 83F15F17 		.ascii	"\203\361_\027\306\312\352\236i\254\333\335\372R\353"
ARM GAS  C:\Users\nello\AppData\Local\Temp\ccMNzq7C.s 			page 105


 2818      C6CAEA9E 
 2818      69ACDBDD 
 2818      FA52EB
 2819 0501 CECEAE96 		.ascii	"\316\316\256\226V\177\343\353\376\216W\003\355M\315"
 2819      567FE3EB 
 2819      FE8E5703 
 2819      ED4DCD
 2820 0510 BE5D5D01 		.ascii	"\276]]\001_G\343\363\276@gW\207\257\301\377Jksw\025"
 2820      5F47E3F3 
 2820      BE406757 
 2820      87AFC1FF 
 2820      4A6B7377 
 2821 0525 7BD6EDF6 		.ascii	"{\326\355\366\340w3\021\374\001oEE\205\307\037\360\354"
 2821      E0773311 
 2821      FC016F45 
 2821      4585C71F 
 2821      F0EC
 2822 0537 6E6AF3B4 		.ascii	"nj\363\264\373;:\003\236\235/\356\250\364z\032\032\352"
 2822      FB3B3A03 
 2822      9E9D2FEE 
 2822      A8F47A1A 
 2822      1AEA
 2823 0549 3DF53B9E 		.ascii	"=\365;\236\353\256\360\004:\367Tzw\265\354ir73\033~"
 2823      EBAEF004 
 2823      3AF7547A 
 2823      77B5EC69 
 2823      7237331B 
 2824 055e 043ADBB3 		.ascii	"\004:\333\263\014{\356\226\246\352\255M[k}\314\021\360"
 2824      0C7BEE96 
 2824      A6EAAD4D 
 2824      5B6B7DCC 
 2824      11F0
 2825 0570 B5BDDCFA 		.ascii	"\265\275\334\372Z\213\357\015k\267\277\315]\251\306"
 2825      5A8BEF0D 
 2825      6BB7BFCD 
 2825      5DA9C6
 2826 057f 2A3556FF 		.ascii	"*5V\377\017\254;\313K"
 2826      0FAC3BCB 
 2826      4B
 2827              		.text
 2828              		.section	.gnu.lto_dmaStreamFree.424.71a49ca7,"e",%progbits
 2829 0000 789C4D4F 		.ascii	"x\234MO\277K\303P\020\276\313\265Q\0277\241\233\012"
 2829      BF4BC350 
 2829      10BECBB5 
 2829      511737A1 
 2829      9B0A
 2830 0012 82389890 		.ascii	"\2028\230\220V\021u\222\026\\\332\251\216\205\022\333"
 2830      56117592 
 2830      165CDAA9 
 2830      8E8512DB 
 2831 0022 60832D29 		.ascii	"`\203-)yi\035\373\324\012\352`\265\016J\321\016\222"
 2831      79691DFB 
 2831      D40AEA60 
 2831      B50E4AD1 
 2831      0E92
 2832 0034 C1CD496D 		.ascii	"\301\315Im\267.\356\342\037 \235\234\245 8\010\3615"
 2832      B72EEEE2 
ARM GAS  C:\Users\nello\AppData\Local\Temp\ccMNzq7C.s 			page 106


 2832      1F209D9C 
 2832      A5203808 
 2832      F135
 2833 0046 F5478FF7 		.ascii	"\365G\217\367x\337}\367\335w\367\000\001\016\001`Z\\"
 2833      78DF7DF7 
 2833      DD77F700 
 2833      010E0160 
 2833      5A5C
 2834 0058 20C0FAD9 		.ascii	" \300\372\331\261\004\236\347U\002\022\356\316`\033"
 2834      B1049EE7 
 2834      550212EE 
 2834      CE601B
 2835 0067 7D8C5091 		.ascii	"}\214P\221\260\202\3474\3079\377<h\034\265C\374\266"
 2835      B082E734 
 2835      C739FF3C 
 2835      681CB543 
 2835      FCB6
 2836 0079 832E0134 		.ascii	"\203.\0014\011\006qEX'\227\020\003?H\302)\201(\017\263"
 2836      09067145 
 2836      58279710 
 2836      033F48C2 
 2836      2981280F 
 2837 008e 1DCE9F5F 		.ascii	"\035\316\237_[\234\217\201K\204\217(z\360\001\361^\314"
 2837      5B9C8F81 
 2837      4B848F28 
 2837      7AF001F1 
 2837      5ECC
 2838 00a0 16047B1A 		.ascii	"\026\004{\032\007\220\177\235\004\007w/\301\016\377"
 2838      07907F9D 
 2838      0407772F 
 2838      C10EFF
 2839 00af F26A9C7F 		.ascii	"\362j\234\177\274\341I; \013\327\226(\324\250\277\232"
 2839      BCE1493B 
 2839      200BD796 
 2839      28D4A8BF 
 2839      9A
 2840 00c0 1F93223D 		.ascii	"\037\223\"=%\351?Ex\307\375\356E/\004U\224\\\0124\311"
 2840      25E93F45 
 2840      78C7FDEE 
 2840      452F0455 
 2840      945C0A34 
 2841 00d5 770F0ABA 		.ascii	"w\017\012\272\332\275\264\007\254\334$\011\340\206\304"
 2841      DABDB407 
 2841      ACDC2409 
 2841      E086C4
 2842 00e4 7623BEBE 		.ascii	"v#\276\276a\377\311i \357\341^\367\2727\352\177\251"
 2842      61FFC969 
 2842      20EFE15E 
 2842      F7BA37EA 
 2842      7FA9
 2843 00f6 46383C0F 		.ascii	"F8<\017`>\272\222\212\346\314M3\351\224\262\246\225"
 2843      603EBA92 
 2843      8AE6CC4D 
 2843      33E994B2 
 2843      A695
 2844 0108 DAB1EC6D 		.ascii	"\332\261\354mV\3243F\272\304\014;\265n0\247d\033qk\313"
 2844      56D43346 
ARM GAS  C:\Users\nello\AppData\Local\Temp\ccMNzq7C.s 			page 107


 2844      BAC40C3B 
 2844      B56E30A7 
 2844      641B716B 
 2845 011d CC941760 		.ascii	"\314\224\027`UQTq2\375\006\213\2055MS-\246\346\364\274"
 2845      55515471 
 2845      32FD068B 
 2845      85354D53 
 2845      2DA6E6F4 
 2846 0132 5AB46C87 		.ascii	"Z\264l\207\251\311\215D$\254\306\34315\226X+k*s\012"
 2846      A9C98D44 
 2846      24ACC6E3 
 2846      31359658 
 2846      2B6B2A73 
 2847 0147 91703A5B 		.ascii	"\221p:[\320\225\014\310\342aNqb\210S\262\372\342\262"
 2847      D0950CC8 
 2847      E2614E71 
 2847      628853B2 
 2847      FAE2B2
 2848 015a BEBC64C0 		.ascii	"\276\274d\3007K\031\214\252"
 2848      374B198C 
 2848      AA
 2849              		.text
 2850              		.section	.gnu.lto_dmaServeInterrupt.425.71a49ca7,"e",%progbits
 2851 0000 789C7D53 		.ascii	"x\234}S[H\024a\024\376\317\234\231\275\270\356\254\246"
 2851      5B481461 
 2851      14FECF9C 
 2851      99BDB8EE 
 2851      ACA6
 2852 0012 ABD243FA 		.ascii	"\253\322C\372PH\0179^\212\250\236\242\300\027}\322\207"
 2852      50480F39 
 2852      5E8AA89E 
 2852      A2C0177D 
 2852      D287
 2853 0024 0841365D 		.ascii	"\010A6]kI[q\326\212\036r\362\222d\017^\242\210X\013"
 2853      6B495B71 
 2853      D68A1E72 
 2853      F292640F 
 2853      5EA28858 
 2854 0039 8725B497 		.ascii	"\207%\264\227|\351\262ee\027\242\250\260\233Z\320\275"
 2854      7CE9B265 
 2854      6517A2A8 
 2854      B09B5AD0 
 2854      BD
 2855 004a 842C0A09 		.ascii	"\204,\012\011\202\012e;\377\277\333\266\253\350\260"
 2855      820A653B 
 2855      FFBFDBB6 
 2855      ABE8B0
 2856 0059 F3CF9CF3 		.ascii	"\363\317\234\363\237\357\377\276\363\235\331R\205\261"
 2856      9FEFFFBE 
 2856      F39DD952 
 2856      85B1
 2857 0067 938CB16D 		.ascii	"\223\214\261mt3\013\203\276\336.\211E\"\221\026Y\222"
 2857      74330B83 
 2857      BEDE2E89 
 2857      45229116 
 2857      5992
 2858 0079 DA7A8F4A 		.ascii	"\332z\217Jp\015D\324\321\253\212'J\355\275\216\244\214"
ARM GAS  C:\Users\nello\AppData\Local\Temp\ccMNzq7C.s 			page 108


 2858      700D44D4 
 2858      D1AB8A27 
 2858      4AEDBD8E 
 2858      A48C
 2859 008b 0CC7E318 		.ascii	"\014\307\343\030\005\016\255\374\207\000\326\"!eZ\340"
 2859      050EADFC 
 2859      8700D622 
 2859      21655AE0 
 2860 009b 18AE360C 		.ascii	"\030\2566\014\343W\307\2513\341\034cp\024B\310\330i"
 2860      E357C7A9 
 2860      33E11C63 
 2860      701442C8 
 2860      D869
 2861 00ad 64D12B88 		.ascii	"d\321+\210\320\207!\004\220co\022\344\321\033\326\263"
 2861      D0872104 
 2861      90636F12 
 2861      E4D11BD6 
 2861      B3
 2862 00be FC51C378 		.ascii	"\374Q\303x\374\345\262a\330Y\010\021.\001a\340\"\300"
 2862      FCE5B261 
 2862      D8590811 
 2862      2E0161E0 
 2862      22C0
 2863 00d0 05603CA1 		.ascii	"\005`<\241\367\250\002\215G\200?VQ\365\314Px\346\035"
 2863      F7A8028D 
 2863      47803F56 
 2863      51F5CC50 
 2863      78E61D
 2864 00e3 187D0651 		.ascii	"\030}\006Q\310\020N\0040\246\237Sy\365\261x\365\360"
 2864      C8104E04 
 2864      30A69F53 
 2864      79F5B178 
 2864      F5F0
 2865 00f5 60B8F19E 		.ascii	"`\270\361\236!\363\322\253\363J\373U\262b\004\340\012"
 2865      21F3D2AB 
 2865      F34AFB55 
 2865      B26204E0 
 2865      0A
 2866 0106 C484525A 		.ascii	"\304\204RZ\212&\316?UF\215\331H\267aD\356\303\300\330"
 2866      8A26CE3F 
 2866      55468DD9 
 2866      48B76144 
 2866      EEC3C0D8 
 2867 011a D7A9F41C 		.ascii	"\327\251\364\034 9\212D\213\005i\261\312<Th\261Yxh\245"
 2867      20398A44 
 2867      8B0569B1 
 2867      CA3C5468 
 2867      B1597868 
 2868 012f C56EE36F 		.ascii	"\305n\343o\274\017k\012\337u\360\335T\216p\362\234J"
 2868      BC0F6B0A 
 2868      DF75F0DD 
 2868      548E70F2 
 2868      9C4A
 2869 0141 4B8A8B2F 		.ascii	"K\212\213/i\26482\000.C&#27W\301X7r{\305\225Ka\017J"
 2869      69B43832 
 2869      002E4326 
 2869      23323757 
ARM GAS  C:\Users\nello\AppData\Local\Temp\ccMNzq7C.s 			page 109


 2869      C1583772 
 2870 015c FF4360DF 		.ascii	"\377C`\337\241u\344\367\363\3400\230\0101\017Q4y\026"
 2870      A175E4F7 
 2870      F3E03098 
 2870      08310F51 
 2870      347916
 2871 016f C8765B08 		.ascii	"\310v[\010SM\314\200\353\300\012\333E\350\204\033\320"
 2871      534DCC80 
 2871      EBC00ADB 
 2871      45E8841B 
 2871      D0
 2872 0180 2FBA22E4 		.ascii	"/\272\"\344l\347\024\3412\011\032=g<Xi\242\2648X\205"
 2872      6CE714E1 
 2872      32091A3D 
 2872      673C5869 
 2872      A2B43858 
 2873 0195 9B040601 		.ascii	"\233\004\006\001\27652\235m\"\3068\325$N\027\235\002"
 2873      BE35329D 
 2873      6D22C638 
 2873      D5244E17 
 2873      9D02
 2874 01a7 B7093620 		.ascii	"\267\0116 \3024\270C0)\31292\224o\242\274\224\300\273"
 2874      C234B843 
 2874      3029CA39 
 2874      32946FA2 
 2874      BC94C0BB 
 2875 01bb 548CFF04 		.ascii	"T\214\377\004\222>\205\352)h\233=\374\015M\264\020)"
 2875      923E85EA 
 2875      29689B3D 
 2875      FC0D4DB4 
 2875      1029
 2876 01cd E578E244 		.ascii	"\345x\342D\347#\332vS\216K\260\202*\316\017O\004\267"
 2876      E723DA76 
 2876      538E4BB0 
 2876      822ACE0F 
 2876      4F04B7
 2877 01e0 9B685D9C 		.ascii	"\233h]\234!\035\356\023\203\034\353b(\327D[\254\213"
 2877      211DEE13 
 2877      831CEB62 
 2877      28D7445B 
 2877      AC8B
 2878 01f2 F4A42E96 		.ascii	"\364\244.\226\321)\360 \241\213\207\004S\004\214\250"
 2878      D129F020 
 2878      A18B8704 
 2878      53048CA8 
 2879 0202 BF11B55D 		.ascii	"\277\021\265]\260\333\3304\264O\337^NqTG\364\333\356"
 2879      B0DBD834 
 2879      B44FDF5E 
 2879      4E715447 
 2879      F4DBEE
 2880 0215 415C30A8 		.ascii	"A\\0\250\0111\250\224\245\272\037\233\327\275\203\352"
 2880      0931A894 
 2880      A5BA1F9B 
 2880      D7BD83EA 
 2881 0225 0578DA69 		.ascii	"\005x\332ib\352R\263y\022\237M\333\237\303sd\222S\310"
 2881      62EA52B3 
 2881      79129F4D 
ARM GAS  C:\Users\nello\AppData\Local\Temp\ccMNzq7C.s 			page 110


 2881      DB9FC373 
 2881      649253C8 
 2882 0239 73F03667 		.ascii	"s\3606g\272\346\342s\035\314\024\023JM\232\3203\002"
 2882      BAE6E273 
 2882      1DCC1413 
 2882      4A4D9AD0 
 2882      3302
 2883 024b 5B182350 		.ascii	"[\030#P\324\304\311\340A\023\325\230/\031\302\227v\220"
 2883      D4C4C9E0 
 2883      4113D598 
 2883      2F19C297 
 2883      7690
 2884 025d E8751059 		.ascii	"\350u\020Y\324$\372X3a\002`\\l\026\362\203\325\020\272"
 2884      D424FA58 
 2884      33610260 
 2884      5C6C16F2 
 2884      83D510BA 
 2885 0271 61924EB2 		.ascii	"a\222N\262\212\232b\236\313\012a\026\274\340\237\031"
 2885      8A9A629E 
 2885      CB0A6116 
 2885      BCE09F19 
 2886 0281 49E3559F 		.ascii	"I\343U\237sC\230\015/\251\312F\031a\335\016\242\342"
 2886      7343980D 
 2886      2FA9CA46 
 2886      1961DD0E 
 2886      A2E2
 2887 0293 3CD971EB 		.ascii	"<\331q\353\344\005\326M\006\017\230\350ZD\306\253$\031"
 2887      E405D64D 
 2887      060F98E8 
 2887      5A44C6AB 
 2887      2419
 2888 02a5 4E2EE375 		.ascii	"N.\343u\262\0147\227\361&Q\306\012\316\3676&C\030L\226"
 2888      B20C3797 
 2888      F12651C6 
 2888      0ACEF736 
 2888      2643184C 
 2889 02ba A52D42F0 		.ascii	"\245-B\360>\211 \237\023|H&\3208\301\307D\002j\310\001"
 2889      3E89209F 
 2889      137C4826 
 2889      D038C1C7 
 2889      44026AC8 
 2890 02cf 9FA8CA4E 		.ascii	"\237\250\312N\231\031\350\310#w]t\247\321XB\230#\372"
 2890      9919E8C8 
 2890      23775D74 
 2890      A7D15842 
 2890      9823FA
 2891 02e2 5412FBFC 		.ascii	"T\022\373\374\001\255\357~\376\260\011\013\272\021\022"
 2891      01ADEF7E 
 2891      FEB0090B 
 2891      BA1112
 2892 02f1 FFF58CAD 		.ascii	"\377\365\214\255\331\262\261j\313.\337\016_E\240\271"
 2892      D9B2B16A 
 2892      CB2EDF0E 
 2892      5F45A0B9 
 2893 0301 D6E7AFDA 		.ascii	"\326\347\257\332\347o\332\2557zj\274\325\315\272\267"
 2893      E76FDAAD 
 2893      377A6ABC 
ARM GAS  C:\Users\nello\AppData\Local\Temp\ccMNzq7C.s 			page 111


 2893      D5CDBAB7 
 2894 0311 A9AAD4AB 		.ascii	"\251\252\324\253\007\232\233\274e\376\235\276\232\275"
 2894      079A9BBC 
 2894      65FE9DBE 
 2894      9ABD
 2895 031f 6BD9A682 		.ascii	"k\331\246\202\002\215~5\034\340\327\213\213\212\212"
 2895      028D7E35 
 2895      1CE0D78B 
 2895      8B8A8A
 2896 032e 34BFAEED 		.ascii	"4\277\256\355\362\324k\215\376\246\200\256UT\226\227"
 2896      F2D46B8D 
 2896      FEA680AE 
 2896      55549697 
 2897 033e 146B6565 		.ascii	"\024kee[\265\255\345\233\367\026iz\240\241\244\270\272"
 2897      5BB5ADE5 
 2897      9BF71669 
 2897      7AA0A1A4 
 2897      B8BA
 2898 0350 B6C15350 		.ascii	"\266\301SP\303,\364\320\003\215\356\204\\A\255g\335"
 2898      C32CF4D0 
 2898      038DEE84 
 2898      5C41AD67 
 2898      DD
 2899 0361 06CF86F5 		.ascii	"\006\317\206\365^f\327\275\365u\276=\265\336\375J]\275"
 2899      5E66D7BD 
 2899      F575BE3D 
 2899      B5DEFD4A 
 2899      5DBD
 2900 0373 67A7FE17 		.ascii	"g\247\376\027L\304\350\362"
 2900      4CC4E8F2 
 2901              		.text
 2902              		.section	.gnu.lto_dmaSetRequestSource.426.71a49ca7,"e",%progbits
 2903 0000 789C5551 		.ascii	"x\234UQ\317K\033A\030\375\336~k\214\007i/\212\236\364"
 2903      CF4B1B41 
 2903      18FDDE7E 
 2903      6B8C0769 
 2903      2F8A9EF4 
 2904 0014 263D34DB 		.ascii	"&=4\333D\213\250'Q\360\022Oz\014\3106Yj\250\262agc\217"
 2904      448BA827 
 2904      51F0124F 
 2904      7A0CC836 
 2904      596AA8B2 
 2905 002c 99FA0351 		.ascii	"\231\372\003Q\224\264z\363\0274,\022O=\265\232\252m"
 2905      94B47AF3 
 2905      17342C12 
 2905      4F3DB59A 
 2905      AA6D
 2906 003e E8B18752 		.ascii	"\350\261\207R\012\245\327\376\001\255\207\366\322\203"
 2906      0AA5D7FE 
 2906      01AD87F6 
 2906      D283
 2907 004c 10BF5D15 		.ascii	"\020\277]\025\323a\206y\357\343{3\357\315\270 \332 "
 2907      D3618679 
 2907      EFE37B33 
 2907      EFCDB820 
 2907      DA20
 2908 005e A287B2C8 		.ascii	"\242\207\262\310$l\275Z7\250\321h\224L\003\333\202q"
ARM GAS  C:\Users\nello\AppData\Local\Temp\ccMNzq7C.s 			page 112


 2908      246CBD5A 
 2908      37A8D168 
 2908      944C03DB 
 2908      8271
 2909 0070 8A88315E 		.ascii	"\212\2101^\230\021\000\225\014F\011\333\374@k\375oe"
 2909      98110095 
 2909      0C4609DB 
 2909      FC406BFD 
 2909      6F65
 2910 0082 E74BAD4B 		.ascii	"\347K\255KW\353\010\230\350\200\351z\3541\2668`\300"
 2910      57EB0898 
 2910      E880E97A 
 2910      EC31B638 
 2910      60C0
 2911 0094 BC41067A 		.ascii	"\274A\006z\005\361\034\365\325\265\376\372\353D\353"
 2911      05F11CF5 
 2911      D5B5FEFA 
 2911      EB44EB
 2912 00a3 360A9871 		.ascii	"6\012\230q\014\321\340\035\360V|HA}n\017\373\326p\335"
 2912      0CD1E01D 
 2912      F0567C48 
 2912      417D6E0F 
 2912      FBD670DD 
 2913 00b7 B8B9B4AA 		.ascii	"\270\271\264\252\357\233\001\233\250\375\337h\252\037"
 2913      EF9B019B 
 2913      A8FDDF68 
 2913      AA1F
 2914 00c5 ED44B1DB 		.ascii	"\355D\261\333+\245\206*\323\233o-u}\331(k\375\275\373"
 2914      2BA5862A 
 2914      D39B6F2D 
 2914      757DD928 
 2914      6BFDBDFB 
 2915 00d9 C3EE44CC 		.ascii	"\303\356D\314\000N .\336\303\024M\013Q\231\303l\321"
 2915      004E202E 
 2915      DEC3144D 
 2915      0B5199C3 
 2915      6CD1
 2916 00eb E841488D 		.ascii	"\350AH\215;\012z\311\334L/\260xV\373\275\227\252\360"
 2916      3B0A7AC9 
 2916      DC4C2FB0 
 2916      7856FBBD 
 2916      97AAF0
 2917 00fe 6D0A4698 		.ascii	"m\012F\230\354\020\022<\036p\254\"\261\316@\217\226"
 2917      EC10123C 
 2917      1E70AC22 
 2917      B1CE408F 
 2917      96
 2918 010f 23DA8A73 		.ascii	"#\332\212s\354Gn.\360i\347\250\363F\323z\247\251\336"
 2918      EC476E2E 
 2918      F069E7A8 
 2918      F346D37A 
 2918      A7A9DE
 2919 0122 0B382EA7 		.ascii	"\0138.\247\341\243\210^G\2426\324E$V*\314\364\007\213"
 2919      E1A3885E 
 2919      47A236D4 
 2919      4524562A 
 2919      CCF4078B 
ARM GAS  C:\Users\nello\AppData\Local\Temp\ccMNzq7C.s 			page 113


 2920 0136 3F8FFFC6 		.ascii	"?\217\377\306\243\027,3\232\235\312\007\215\015g\306"
 2920      A3172C33 
 2920      9A9DCA07 
 2920      8D0D67C6 
 2921 0146 66F34FF2 		.ascii	"f\363O\362S~1\227w3\317]\357\231*\330Yg\246\250\034"
 2921      537E3197 
 2921      7733CF5D 
 2921      EF992AD8 
 2921      5967A6A8 
 2922 015b 2F33E128 		.ascii	"/3\341(\277\3509i\367i>\2730@#\211\204%3\033\012\\\225"
 2922      BFE83969 
 2922      F7693EBB 
 2922      30402389 
 2922      8425331B 
 2923 0172 4A269396 		.ascii	"J&\223\226\253\254Y{\316*\270\236\257\254\251\351\311"
 2923      ABAC597B 
 2923      CE2AB89E 
 2923      AFACA9E9 
 2923      C9
 2924 0183 FE94954E 		.ascii	"\376\224\225N\217[\343\223\243\013IK\371\363\375\251"
 2924      8F5BE393 
 2924      A30B494B 
 2924      F9F3FDA9 
 2925 0193 99DCBC9D 		.ascii	"\231\334\274\235\310RL6\345\027:\232j\211\234\375x\310"
 2925      C8524C36 
 2925      E5173A9A 
 2925      6A899CFD 
 2925      78C8
 2926 01a5 1E1A7488 		.ascii	"\036\032t\210\013\216w\005\0032\265\300"
 2926      0B8E7705 
 2926      0332B5C0 
 2927              		.text
 2928              		.section	.gnu.lto_.symbol_nodes.71a49ca7,"e",%progbits
 2929 0000 789C7DD3 		.ascii	"x\234}\3239N\003A\020\205\341\352~\036<\036\357\306"
 2929      394E0341 
 2929      1085E1EA 
 2929      7E1E3C1E 
 2929      EFC6
 2930 0012 BB59022E 		.ascii	"\273Y\002.\300\031L\300A\0108\306\033'\220\"\366}3;"
 2930      C0194CC0 
 2930      410838C6 
 2930      1B279022 
 2930      F67D333B 
 2931 0026 12376091 		.ascii	"\0227`\221\310I\340\006\034\004d\311\222\273\204\250"
 2931      C849E006 
 2931      1C0464C9 
 2931      92BB84A8 
 2932 0036 CE7ED557 		.ascii	"\316~\325WY\327r$\"\376\325Q~\306o\336m|\210P\3449\035"
 2932      59D77224 
 2932      22FED551 
 2932      7EC66FDE 
 2932      6D7C8850 
 2933 004d 0C16C5C9 		.ascii	"\014\026\305\311\350\3717Gg\213OOo\213/O\330\342\012"
 2933      E8F93747 
 2933      678B4F4F 
 2933      6F8B2F4F 
 2933      D8E20A
ARM GAS  C:\Users\nello\AppData\Local\Temp\ccMNzq7C.s 			page 114


 2934 0060 CCFC112F 		.ascii	"\314\374\021/\203\201\033\203h\013\262\326\027A\264"
 2934      83811B83 
 2934      680BB2D6 
 2934      1741B4
 2935 006f 09B7DE1F 		.ascii	"\011\267\336\037\255\\\203\221\265\342o\300)\023\334"
 2935      AD5C8391 
 2935      B5E26FC0 
 2935      2913DC
 2936 007e 825913DC 		.ascii	"\202Y\023\334\201\261\011\356\301\234\011\266\301\304"
 2936      81B109EE 
 2936      C19C09B6 
 2936      C1C4
 2937 008c 043B60DE 		.ascii	"\004;`\336\004\273`\301\004{`\321\004\373`\311\004\007"
 2937      04BB60C1 
 2937      047B60D1 
 2937      04FB60C9 
 2937      0407
 2938 009e 60D90487 		.ascii	"`\331\004\207`\305\004G`\325\004\307`\315\004'\340\264"
 2938      60C50447 
 2938      60D504C7 
 2938      60CD0427 
 2938      E0B4
 2939 00b0 094EC1BA 		.ascii	"\011N\301\272\011\316\300\206\011\316\301\246\011.\300"
 2939      09CEC086 
 2939      09CEC1A6 
 2939      092EC0
 2940 00bf 96092EC1 		.ascii	"\226\011.\301\266\011\206`\307\004\017`\327\002\356"
 2940      B6098660 
 2940      C7040F60 
 2940      D702EE
 2941 00ce 11EC6920 		.ascii	"\021\354i \222\246\351h\352\236\300\231\177f\360\301"
 2941      92A6E968 
 2941      EA9EC099 
 2941      7F66F0C1 
 2942 00de 192F002E 		.ascii	"\031/\000.\254\354\354\244\206\253\210}8\214\203\023"
 2942      ACECECA4 
 2942      86AB887D 
 2942      388C8313 
 2943 00ee 58421CDC 		.ascii	"XB\034\334\351\012rs\223\372N\220\250\305$\027.&\341"
 2943      E90A7273 
 2943      93FA4E90 
 2943      A8C52417 
 2943      2E26E1
 2944 0101 6226F8D2 		.ascii	"b&\370\322\357y\024\362\341^QUIUYUEUUUM\325\264\252"
 2944      EF7914F2 
 2944      E15E5155 
 2944      49555955 
 2944      45555555 
 2945 0119 BAAA86AA 		.ascii	"\272\252\206\252\246\252\226\252\266\252\216\252\256"
 2945      A6AA96AA 
 2945      B6AA8EAA 
 2945      AE
 2946 0126 AA5E58F2 		.ascii	"\252^X\362\013e]_\255"
 2946      0B655D5F 
 2946      AD
 2947              		.text
 2948              		.section	.gnu.lto_.refs.71a49ca7,"e",%progbits
ARM GAS  C:\Users\nello\AppData\Local\Temp\ccMNzq7C.s 			page 115


 2949 0000 789C1DCD 		.ascii	"x\234\035\315\271\022\303 \020\003P\201Y|\347\260\001"
 2949      B912C320 
 2949      10035081 
 2949      597CE7B0 
 2949      01
 2950 0011 5F75FE20 		.ascii	"_u\376 E\376\277q\227I\231\317\211\242BO\313\3160\373"
 2950      45FEBF71 
 2950      974999CF 
 2950      89A2424F 
 2950      CBCE30FB 
 2951 0025 05108233 		.ascii	"\005\020\2023\007g\036\210\201\035\321\325\260\031>"
 2951      07671E88 
 2951      811DD1D5 
 2951      B0193E
 2952 0034 16BE1666 		.ascii	"\026\276\026f\005lc\037\354\027s\362\227\275\301\315"
 2952      056C631F 
 2952      EC1773F2 
 2952      97BDC1CD 
 2953 0044 07E85A58 		.ascii	"\007\350ZX\305\261\346\256a\017\354\221\235\230\314"
 2953      C5B1E6AE 
 2953      610FEC91 
 2953      9D98CC
 2954 0053 B9300FE6 		.ascii	"\2710\017\346\211\252\207M\234\022\223\341\006\037y"
 2954      89AA874D 
 2954      9C1293E1 
 2954      061F79
 2955 0062 76941779 		.ascii	"v\224\027y\2257y\227\223\234e\222Y\026\271\310Unr\227"
 2955      95377997 
 2955      939C6592 
 2955      5916B9C8 
 2955      556E7297 
 2956 0076 C75FFC00 		.ascii	"\307_\374\000\034\227\007\265"
 2956      1C9707B5 
 2957              		.text
 2958              		.section	.gnu.lto_.decls.71a49ca7,"e",%progbits
 2959 0000 789CC55A 		.ascii	"x\234\305Z{T\024\331\231\257\257nA7\315K\300I\262'\331"
 2959      7B5414D9 
 2959      99AFAF6E 
 2959      4137CD4B 
 2959      C049B227 
 2960 0015 C4CD3A1B 		.ascii	"\304\315:\033\263\211\203\240\031\235\354?b\373b\243"
 2960      B38983A0 
 2960      199DEC3F 
 2960      62FB62A3 
 2961 0025 B36EE3E4 		.ascii	"\263n\343\344lrr\226%\3203r\"\340\3620\316\037{N\243"
 2961      6C727296 
 2961      25D03372 
 2961      22E0F230 
 2961      CE1F7B4E 
 2962 003a F8404419 		.ascii	"\370@D\031\035\035Ttp\034\037\370\3047\010j\013\276"
 2962      1D1D5474 
 2962      701C1FF8 
 2962      C437086A 
 2962      0BBE
 2963 004c F1818AA3 		.ascii	"\361\201\212\243\340\013D\031\020\037\250\250\010*\373"
 2963      E00B4419 
 2963      101FA8A8 
ARM GAS  C:\Users\nello\AppData\Local\Temp\ccMNzq7C.s 			page 116


 2963      082AFB
 2964 005b DD7BAB6E 		.ascii	"\335{\253nUu\267\314&\361\234\255\343\327u\253\352\367"
 2964      5575B7CC 
 2964      26F19CAD 
 2964      E3D775AB 
 2964      EAF7
 2965 006d FDBEC7BD 		.ascii	"\375\276\307\275\367\273\267J&\374L\222\336\261H\322"
 2965      F7BBB74A 
 2965      26FC4C92 
 2965      DEB148D2 
 2966 007d 894049EA 		.ascii	"\211@I\352\305\343\357%I:/\351\007\275\256D9\210\342"
 2966      C5E3EF25 
 2966      493A2FE9 
 2966      07BDAE44 
 2966      3988E2
 2967 0090 46A94239 		.ascii	"F\251B9\202r\025\345:J\023J3\312\035\224oQ\332P\332"
 2967      827215E5 
 2967      3A4A134A 
 2967      33CA1D94 
 2967      6F51DA50 
 2968 00a5 51EEA33C 		.ascii	"Q\356\243<Dy\204\362\004\345)\312s\224\027(=(\257Pz"
 2968      447984F2 
 2968      04E529CA 
 2968      73941728 
 2968      3D28AF50 
 2969 00ba 51002489 		.ascii	"Q\000$\211\240\370\241\330PBQ\"Pd|\366\317x\216\003"
 2969      A0F8A1D8 
 2969      50425122 
 2969      50647CF6 
 2969      CF788E03 
 2970 00ce C9747C8A 		.ascii	"\311t|\212\327\376x\236\202\022\216\322\037\3454\312"
 2970      D7FE789E 
 2970      82128ED2 
 2970      1FE534CA 
 2971 00de EFF0FE7F 		.ascii	"\357\360\376\177\252X\242\372\374G\274vz\350\323\343"
 2971      AA58A2FA 
 2971      FC47BC76 
 2971      7AE8D3E3 
 2972 00ee 7FFE8F1C 		.ascii	"\177\376\217\034\007U\216)(\364v\272\007W6p\034\345"
 2972      07558E29 
 2972      28F476BA 
 2972      07573670 
 2972      1CE5
 2973 0100 C9C07685 		.ascii	"\311\300v\205z_VsU\351mZ\232\335\207N\225j\323\363\330"
 2973      7A5F5673 
 2973      55E96D5A 
 2973      9ADD874E 
 2973      956AD3F3 
 2974 0115 800FAD78 		.ascii	"\200\017\255x\376\221\032?v\231\224\203\347<\224\177"
 2974      FE911A3F 
 2974      76999483 
 2974      E73C947F 
 2975 0125 07EEBF03 		.ascii	"\007\356\277\003\317\330\215\3228<\217G\231\210\362"
 2975      CFD88DD2 
 2975      383C8F47 
 2975      9988F2
 2976 0134 AF28B128 		.ascii	"\257(\261(\023P>\364\221\007z\234\303\373\201\252?\347"
ARM GAS  C:\Users\nello\AppData\Local\Temp\ccMNzq7C.s 			page 117


 2976      13503EF4 
 2976      91077A9C 
 2976      C3FB81AA 
 2976      3FE7
 2977 0146 B17D01E5 		.ascii	"\261}\001\345\"p>\312]\207\322\210\317j\361\234\245"
 2977      22703ECA 
 2977      5D87D288 
 2977      CF6AF19C 
 2977      A5
 2978 0157 DAA654E5 		.ascii	"\332\246T\345j\037\321>\277\243\336\363\354\253\213"
 2978      6A1FD13E 
 2978      BFA3DEF3 
 2978      ECAB8B
 2979 0166 7F23775B 		.ascii	"\177#w[\037\334\227\361:\310\203\373\367\322_\306\337"
 2979      1FDC97F1 
 2979      3AC883FB 
 2979      F7D25FC6 
 2979      DF
 2980 0177 DE07FFD5 		.ascii	"\336\007\377\325\277\321\367\373}p\337|\013\276?\354"
 2980      BFD1F7FB 
 2980      7D70DF7C 
 2980      0BBE3FEC 
 2981 0187 83BFF92D 		.ascii	"\203\277\371-\360?\352\203\377\333\267\300\377\244\017"
 2981      F03FEA83 
 2981      FFDBB7C0 
 2981      FFA40F
 2982 0196 FEF6B7C0 		.ascii	"\376\366\267\300\377\264\017\376\207o\201\377y\037\374"
 2982      FFB40FFE 
 2982      876F81FF 
 2982      791FFC
 2983 01a5 4FDE02FF 		.ascii	"O\336\002\377\213>\370\237\277\005\376\236>\370{\336"
 2983      8B3EF89F 
 2983      BF05FE9E 
 2983      3EF87BDE 
 2984 01b5 02FFAB3E 		.ascii	"\002\377\253>\370{\337\002\177o\037\374D\376\333\371"
 2984      F87BDF02 
 2984      7F6F1FFC 
 2984      44FEDBF9 
 2985 01c5 E9BAF426 		.ascii	"\351\272\364&~\313[\340'}\360\007\276\005~\277>\370"
 2985      7ECB5BE0 
 2985      277DF007 
 2985      BE057EBF 
 2985      3EF8
 2986 01d7 73F13A42 		.ascii	"s\361:B2\257\177\224_[S.Q>\340k\242\321\3467(\263T{"
 2986      32AF7F94 
 2986      5F5B532E 
 2986      513EE06B 
 2986      A2D1E637 
 2987 01ef FF88F253 		.ascii	"\377\210\362S\352\033b\346\003_{~\216\347\177\002\276"
 2987      EA1B62E6 
 2987      035F7B7E 
 2987      8EE77F02 
 2987      BE
 2988 0200 FED0B571 		.ascii	"\376\320\265q\020\312?\000\267G]\240\373\2067\255\353"
 2988      10CA3F00 
 2988      B7475DA0 
 2988      FB8637AD 
ARM GAS  C:\Users\nello\AppData\Local\Temp\ccMNzq7C.s 			page 118


 2988      EB
 2989 0211 FBF0FA27 		.ascii	"\373\360\372'\006\177\352T\373\224\377\023\211\3077"
 2989      067FEA54 
 2989      FB94FF13 
 2989      89C737
 2990 0220 44E66B60 		.ascii	"D\346k`\216\232\017\352\353\357$\335_\243\257\232\177"
 2990      8E9A0FEA 
 2990      EBEF24DD 
 2990      5FA3AF9A 
 2990      7F
 2991 0231 9132F737 		.ascii	"\2212\3677\012\317\321(CQB\014\261\014\223\271\3774"
 2991      0ACFD128 
 2991      4351420C 
 2991      B10C93B9 
 2991      FF34
 2992 0243 17216A0C 		.ascii	"\027!j\014\232\337\003P\254\370\374\0272\217\213\256"
 2992      9ADF0350 
 2992      ACF8FC17 
 2992      328F8BAE 
 2993 0253 A91F1AE2 		.ascii	"\251\037\032\342\243k\35385>\032\027\335\023\321\375"
 2993      A36BEB38 
 2993      353E1A17 
 2993      DD13D1FD 
 2994 0263 0B5DDF47 		.ascii	"\013]\337G\310\276\343\254\000\276\256\274)NmO\360\001"
 2994      C8BEE3AC 
 2994      00BEAEBC 
 2994      294E6D4F 
 2994      F001
 2995 0275 EA37A87D 		.ascii	"\3527\250}D\017E\342\373-\267j\247J\362>\252Q\367{\036"
 2995      440F45E2 
 2995      FB2DB76A 
 2995      A74AF23E 
 2995      AA51F77B 
 2996 028a FDAAF1D3 		.ascii	"\375\252\361\323\374\321\334\375N\315#\315\021\315\207"
 2996      FCD1DCFD 
 2996      4ECD23CD 
 2996      11CD87
 2997 0299 963B9A9F 		.ascii	"\226;\232\237_\243\204{\364-\365I\313\241M\342{\011"
 2997      5FA3847B 
 2997      F42DF549 
 2997      CBA14DE2 
 2997      7B09
 2998 02ab AD9FB57C 		.ascii	"\255\237\265|\370\312\027\315G\223\244\357\345b\324"
 2998      F8CA17CD 
 2998      4793A4EF 
 2998      E562D4
 2999 02ba 7C188FE3 		.ascii	"|\030\217\343\300\3675\236\376j9\270\240\216q-\376f"
 2999      C0F7359E 
 2999      FE6A39B8 
 2999      A08E712D 
 2999      FE66
 3000 02cc 35FEA637 		.ascii	"5\376\2467\304_\203\370\277{C\374?R\307\013\315\203"
 3000      C45F83F8 
 3000      BF7B43FC 
 3000      3F52C70B 
 3000      CD83
 3001 02de 36D66BD5 		.ascii	"6\326k\325\370\264\\hc!\3130>\264\374\030srN\322sA\373"
ARM GAS  C:\Users\nello\AppData\Local\Temp\ccMNzq7C.s 			page 119


 3001      F8B45C68 
 3001      6321CB30 
 3001      3EB4FC18 
 3001      73724ED2 
 3002 02f5 7FAE3A16 		.ascii	"\177\256:\026\264q\221\353\221\023\032\2666\027=s\360"
 3002      B47191EB 
 3002      91131AB6 
 3002      36173D73 
 3002      F0
 3003 0306 8ECCB97C 		.ascii	"\216\314\271|\371\374\251:\226G!f\206\352\027\315%\335"
 3003      F9FCA93A 
 3003      96472166 
 3003      86EA17CD 
 3003      25DD
 3004 0318 D7FD59E5 		.ascii	"\327\375Y\345\265\251\347\361\262\231w%\221\357\324"
 3004      B5A9E7F1 
 3004      B2997725 
 3004      91EFD4
 3005 0327 DD386EBB 		.ascii	"\3358n\273\303\355)I\000p\345}\374\261I\277'R\177\227"
 3005      C3ED2949 
 3005      0070E57D 
 3005      FCB149BF 
 3005      27527F97 
 3006 033b EC92FD93 		.ascii	"\354\222\375\223\210l#6\222d;\001?\036\324IFZ\345A\241"
 3006      886C2336 
 3006      92643B01 
 3006      3F1ED449 
 3006      465AE541 
 3007 0350 36EBC66A 		.ascii	"6\353\306j\350g\363\263\312r\253%\3116\250\033\266\310"
 3007      E867F3B3 
 3007      CA72AB25 
 3007      C936A81B 
 3007      B6C8
 3008 0362 C5FE0346 		.ascii	"\305\376\003F\272\224\244\005\357\264Z\\r\301\207\375"
 3008      BA94A405 
 3008      EFB45A5C 
 3008      72C187FD 
 3009 0372 878EC4DF 		.ascii	"\207\216\304\337V\313\011HB\255I\212\265\037\266Z-\266"
 3009      56CB0948 
 3009      42AD498A 
 3009      B51FB65A 
 3009      2DB6
 3010 0384 4E529CEF 		.ascii	"NR\234\357\237tF\236\36738\001\266\244\350\376.\227"
 3010      9F74469E 
 3010      F7333801 
 3010      B6A4E8FE 
 3010      2E97
 3011 0396 6BA4D5FA 		.ascii	"k\244\325\372\343\320*RE\306bW[K\267\275ck\265\204\""
 3011      E3D02A52 
 3011      45C66257 
 3011      5B4BB7BD 
 3011      636BB584 
 3012 03ab C5A0A401 		.ascii	"\305\240\244\001\375\222\006\204\236\000\277\244$[\377"
 3012      FD920684 
 3012      9E00BFA4 
 3012      245BFF
 3013 03ba 41123A91 		.ascii	"A\022:\221\024\035=R\266!\263b=\001\321\004\202\242"
ARM GAS  C:\Users\nello\AppData\Local\Temp\ccMNzq7C.s 			page 120


 3013      141D3D52 
 3013      B621B362 
 3013      3D01D104 
 3013      82A2
 3014 03cc 5D4DEDDF 		.ascii	"]M\355\337\267\371\331\002~<`\220$%Ice\344%\275\332"
 3014      B7F9D902 
 3014      7E3C6090 
 3014      24254963 
 3014      65E425BD 
 3015 03e1 0116B499 		.ascii	"\001\026\264\231\244_\002\014\262\311\3212\371M+\326"
 3015      A45F020C 
 3015      B2C9D132 
 3015      F94D2BD6 
 3016 03f1 22591E20 		.ascii	"\"Y\036 I.\305\032\024\004.<\005\304\377&iR\264Mj\305"
 3016      492EC51A 
 3016      14042E3C 
 3016      05C4FF26 
 3016      6952B44D 
 3017 0407 D22DCBFD 		.ascii	"\322-\313\375\025p\311\240k\332\3741\205j\376X:M}D/"
 3017      1570C9A0 
 3017      6BDAFC31 
 3017      856AFE58 
 3017      3A4D7D44 
 3018 041c 74ACA43F 		.ascii	"t\254\244?\227A{\314q\036=\253r\261\373 \3705\005]\315"
 3018      97417BCC 
 3018      711E3DAB 
 3018      72B1FB20 
 3018      F835055D 
 3019 0431 400E1EEA 		.ascii	"@\016\036\352@\017\372kT\320}\024\366e\341\026\350\020"
 3019      400FFA6B 
 3019      54D07D14 
 3019      F665E116 
 3019      E810
 3020 0443 0FC7190B 		.ascii	"\017\307\031\013h\016y\037D\0336\207\227\\\235\353\327"
 3020      680E791F 
 3020      441B3687 
 3020      975C9DEB 
 3020      D7
 3021 0454 82697315 		.ascii	"\202is\025\366\207w\012FJ@~(\221w\245H\027;f\246K\260"
 3021      F687770A 
 3021      464A407E 
 3021      289177A5 
 3021      48173B66 
 3022 046b 8F332407 		.ascii	"\2173$\007.&\020\0162\376\366\207~\250:\267ba\215\355"
 3022      2E26100E 
 3022      32FEF687 
 3022      7EA83AB7 
 3022      62618DED 
 3023 047f FB08BAE7 		.ascii	"\373\010\272\347r\365\207)\260\037\200\256G\200E\017"
 3023      72F58729 
 3023      B01F80AE 
 3023      4780450F 
 3024 048f D270FE14 		.ascii	"\322p\376\024\024\270\272z\217?\270\365\213c\263\347"
 3024      14B8BA7A 
 3024      8F3FB8F5 
 3024      8B63B3E7 
 3025 049f BA6A1157 		.ascii	"\272j\021W\000\364!\354\005(\343\301\354\305\033{\000"
ARM GAS  C:\Users\nello\AppData\Local\Temp\ccMNzq7C.s 			page 121


 3025      00F421EC 
 3025      0528E3C1 
 3025      ECC51B7B 
 3025      00
 3026 04b0 76437257 		.ascii	"vCrW8\3019HUJ\317\344\317u\365\233\351r\271\025\012"
 3026      38C13948 
 3026      554ACFE4 
 3026      CF75F59B 
 3026      E972B915 
 3027 04c5 3E20C007 		.ascii	"> \300\007\004\370t8\271\305\301e\225\213^E\025\271"
 3027      04F87438 
 3027      B9C5C165 
 3027      958B5E45 
 3027      15B9
 3028 04d7 DC027E48 		.ascii	"\334\002~H\300\017\011xu8Y)s\356\302]\3236\242#\343"
 3028      C00F0978 
 3028      75385929 
 3028      73EEC25D 
 3028      D336A223 
 3029 04ec 29F4B080 		.ascii	")\364\260\200\036\026\320\375\341\244D\246i);P\364\204"
 3029      1E16D0FD 
 3029      E1A444A6 
 3029      69293B50 
 3029      F484
 3030 04fe FCB41023 		.ascii	"\374\264\020#\270\260\344\372\216\037p\023.f\242Z\350"
 3030      B8B0E4FA 
 3030      8E1F7013 
 3030      2E66A25A 
 3030      E8
 3031 050f 550BBDCF 		.ascii	"U\013\275\317\302\310}\246\327\326\225\323\036J\253"
 3031      C2C87DA6 
 3031      D7D695D3 
 3031      1E4AAB
 3032 051e 177C0269 		.ascii	"\027|\002i,_\012\313\327\000\374\375\031\033\204\241"
 3032      2C5F0ACB 
 3032      D700FCFD 
 3032      191B84A1 
 3033 052e AC259157 		.ascii	"\254%\221W\014\177\357h\333\351`\233\333\345\352p\271"
 3033      0C7FEF68 
 3033      DBE9609B 
 3033      DBE5EA70 
 3033      B9
 3034 053f 7302241C 		.ascii	"s\002$\034\362\200u\022j\0001e\000\247\000N\002\302"
 3034      F2807512 
 3034      6A003165 
 3034      00A7004E 
 3034      02C2
 3035 0551 0AE6D5BD 		.ascii	"\012\346\325\275\317XO\003\244\341uQ\375\312\003A\252"
 3035      CF584F03 
 3035      A4E17551 
 3035      FDCA0341 
 3035      AA
 3036 0562 993314E0 		.ascii	"\2313\024\340\272\326\265\333\317G_\340\013\037\234"
 3036      BAD6B5DB 
 3036      CF475FE0 
 3036      0B1F9C
 3037 0571 05D6D39B 		.ascii	"\005\326\323\233^\037k\365\013b\246\212\253\024|\242"
ARM GAS  C:\Users\nello\AppData\Local\Temp\ccMNzq7C.s 			page 122


 3037      5E1F6BF5 
 3037      0B62A68A 
 3037      AB147CA2 
 3038 0581 1A93A096 		.ascii	"\032\223\240\226ED\346\020\012\333vk\333R\213\017\030"
 3038      4544E610 
 3038      0ADB766B 
 3038      DB528B0F 
 3038      18
 3039 0592 9C071588 		.ascii	"\234\007\025\210\240\246\345\025\317\003\231\375\013"
 3039      A0A6E515 
 3039      CF0399FD 
 3039      0B
 3040 059f 00C7A803 		.ascii	"\000\307\250\003W_<(\013\326\\\274H\357\254\336R\362"
 3040      575F3C28 
 3040      0BD65CBC 
 3040      48EFACDE 
 3040      52F2
 3041 05b1 DA4FBB53 		.ascii	"\332O\273S\3070\263w,\204\010>\260\334\352\304\370F"
 3041      C730B377 
 3041      2C84083E 
 3041      B0DCEAC4 
 3041      F846
 3042 05c3 CD2659CA 		.ascii	"\315&Y\312\254\237^w\302\237!\334*\002.\203\300\340"
 3042      AC9F5E77 
 3042      C29F21DC 
 3042      2A022E83 
 3042      C0E0
 3043 05d5 F393874A 		.ascii	"\363\223\207J\033@\367\356\212\036D=\2172\257$\377\200"
 3043      1B40F7EE 
 3043      8A1E443D 
 3043      8F32AF24 
 3043      FF80
 3044 05e7 BF48443D 		.ascii	"\277HD=\210L4`\010\2278\246\356E~M\020\355\334\216M"
 3044      884C3460 
 3044      089738A6 
 3044      EE457E4D 
 3044      10EDDC8E 
 3045 05fc BBEE3581 		.ascii	"\273\3565\201k>\302\373!\000\216\212\256=*\272\266="
 3045      6B3EC2FB 
 3045      21008E8A 
 3045      AE3D2ABA 
 3045      B63D
 3046 060e 946C64AE 		.ascii	"\224ld\256\325__\235g\241Z\245]{\330(\032IU\256\011"
 3046      D55F5F9D 
 3046      67A15AA5 
 3046      5D7BD828 
 3046      1A4955AE 
 3047 0623 956B4265 		.ascii	"\225kBey(\331\307TZ\212v\035\346I\251\347\375\266{\346"
 3047      7928D9C7 
 3047      545A8A76 
 3047      1DE649A9 
 3047      E7FDB67B 
 3048 0638 BDC2401F 		.ascii	"\275\302@\037\335\324\210\2727\271s\333\237\365|\304"
 3048      DDD488BA 
 3048      37B973DB 
 3048      9FF57CC4 
 3049 0648 7CFB725F 		.ascii	"|\373r_a\010\2355.\300\307pC\330\271!\354\\\014!\307"
ARM GAS  C:\Users\nello\AppData\Local\Temp\ccMNzq7C.s 			page 123


 3049      61089D35 
 3049      2EC0C770 
 3049      43D8B921 
 3049      EC5C0C21 
 3050 065d 989DE367 		.ascii	"\230\235\343g\253]V\346Zn\271\352\032\252\334\022*\267"
 3050      AB5D56E6 
 3050      5A6EB9EA 
 3050      1AAADC12 
 3050      2AB7
 3051 066f 844A5908 		.ascii	"\204JY\010\251c*\317\316\037\275\007L\345K\203\312m"
 3051      A9632ACF 
 3051      CE1FBD07 
 3051      4CE54B83 
 3051      CA6D
 3052 0681 A1725BA8 		.ascii	"\241r[\250\314\012!-L%?w~=S\351h(QUp:\264\010\225\026"
 3052      CC0A212D 
 3052      4C253F77 
 3052      7E3D53E9 
 3052      68285155 
 3053 069b A1B2239C 		.ascii	"\241\262#\234<d*\227\316\326\267\260iT\332\235\313g"
 3053      3C642A97 
 3053      CED6B7B0 
 3053      6954DA9D 
 3053      CB67
 3054 06ad 359F43AD 		.ascii	"5\237C\255B\251U(m\014']L\251\247\340\334~\036\315\212"
 3054      42A95528 
 3054      6D0C275D 
 3054      4CA9A7E0 
 3054      DC7E1ECD 
 3055 06c2 3CA3D25D 		.ascii	"<\243\322]\241tW(}\031N\262\025\252\324\261\252a\005"
 3055      A1745728 
 3055      7D194EB2 
 3055      15AAD4B1 
 3055      AA6105
 3056 06d5 57DA6F52 		.ascii	"W\332oR\272'\224\356\011\245e\341d>Sz^\263\2656\204"
 3056      BA2794EE 
 3056      09A565E1 
 3056      643E537A 
 3056      5EB3B536 
 3057 06ea 29359894 		.ascii	")5\230\224\036\010\245\007B)?\234,aJ\017\326m\332\306"
 3057      1E08A507 
 3057      42293F9C 
 3057      2C614A0F 
 3057      D66DDAC6 
 3058 06fe 95BA4D4A 		.ascii	"\225\272MJ\035B\251C(\345\204\223\"\246\264\255a\321"
 3058      1D42A943 
 3058      28E58493 
 3058      22A6B4AD 
 3058      61D1
 3059 0710 B2501E53 		.ascii	"\262P\036S\276Q\351\261Pz,\224z\302\310:\246tu\315\202"
 3059      BE51E9B1 
 3059      507A2C94 
 3059      7AC2C83A 
 3059      A67475CD 
 3060 0725 D6201E93 		.ascii	"\326 \036\223I\251S(u\012\245\307ad;S\332x\256q\255"
 3060      49A95328 
 3060      750AA5C7 
ARM GAS  C:\Users\nello\AppData\Local\Temp\ccMNzq7C.s 			page 124


 3060      61643B53 
 3060      DA78AE71 
 3061 073a 1A9349E9 		.ascii	"\032\223I\351\231Pz&\224\332\302H9S\232{\244\374\027"
 3061      99507A26 
 3061      94DAC248 
 3061      39539A7B 
 3061      A4FC17
 3062 074d 3C24934E 		.ascii	"<$\223N\227\320\351\022:\215a\244\232\351\\j\336\261"
 3062      97D0E912 
 3062      3A8D61A4 
 3062      9AE95C6A 
 3062      DEB1
 3063 075f D28F87B4 		.ascii	"\322\217\207\264\310\250\324-\224\272\205\322\3450r"
 3063      C8A8D42D 
 3063      94BA85D2 
 3063      E53072
 3064 076e 8629CD9E 		.ascii	"\206)\315\236\375UO\000\017\311\244\364R(\275\024Jg"
 3064      FD554F00 
 3064      0FC9A4F4 
 3064      5228BD14 
 3064      4A67
 3065 0780 C3C865A6 		.ascii	"\303\310e\246t\247\362I\273?\017\311\244\364Z(\275\026"
 3065      74A7F249 
 3065      BB3F0FC9 
 3065      A4F45A28 
 3065      BD16
 3066 0792 4A47C348 		.ascii	"JG\303H\023S\232\231s3O\3461\231\224p/\240*\271dM\251"
 3066      13539A99 
 3066      73334FE6 
 3066      31999470 
 3066      2FA02AB9 
 3067 07a9 328CB433 		.ascii	"2\214\2643\245\203\265\207k\370\254X\261C\037\3423\205"
 3067      A583B587 
 3067      6BF8AC58 
 3067      B1431FE2 
 3067      3385
 3068 07bb CA4CA1B2 		.ascii	"\312L\241\262+\214<e*\265\327ZNs;\373\015*9B%"
 3068      2B8C3C65 
 3068      2AB5D75A 
 3068      4E733BFB 
 3068      0D2A3942 
 3069 07d0 47A86C0A 		.ascii	"G\250l\012#\275L\305\263\232\317>S\367\332\242\225\211"
 3069      23BD4CC5 
 3069      B39ACF3E 
 3069      53F7DAA2 
 3069      9589
 3070 07e2 B932AD9D 		.ascii	"\2712\255\235\225\275\275V\037u\"\027\311\346\311\254"
 3070      95BDBD56 
 3070      1F752217 
 3070      C9E6C9AC 
 3071 07f2 4E5C387B 		.ascii	"N\\8{o5\033\360\035g\313E\241\310\225a\216\260<GX>\020"
 3071      6F351BF0 
 3071      1D67CB45 
 3071      A1C89561 
 3071      8EB03C47 
 3072 0809 4C96F8F9 		.ascii	"L\226\370\371\262|\252\312\355\016\321n,\240\226\033"
 3072      B27CAACA 
ARM GAS  C:\Users\nello\AppData\Local\Temp\ccMNzq7C.s 			page 125


 3072      ED0ED16E 
 3072      2CA0961B 
 3073 0819 BE71375A 		.ascii	"\276q7Z|X^\210d\371\334r\313\231\316\371\312O\013]\256"
 3073      7C585E88 
 3073      64F9DC72 
 3073      CB99CEF9 
 3073      CA4F0B5D 
 3074 082e AEC2F68E 		.ascii	"\256\302\366\216]\003\016\317*\036\204\217!O\030\316"
 3074      5D030ECF 
 3074      2A1E848F 
 3074      214F18CE 
 3075 083e 63BB1F52 		.ascii	"c\273\037R\357\323dC\376\362\\_\006\026\243\201\317"
 3075      EFD36443 
 3075      FEF25C5F 
 3075      0616A381 
 3075      CF
 3076 084f B881E357 		.ascii	"\270\201\343Wro\310\324@\351\306Ys\335\375d|\006\005"
 3076      726FC8D4 
 3076      40E9C659 
 3076      73DDFD64 
 3076      7C0605
 3077 0862 82BD80B3 		.ascii	"\202\275\200\263\267\373Il}\235\007l\201u[\331\025\377"
 3077      B7FB496C 
 3077      7D9D076C 
 3077      81755BD9 
 3077      15FF
 3078 0874 75F17B2E 		.ascii	"u\361{.+y\250\242B\221\266q\363\316\347`s\251k-\336"
 3078      2B79A8A2 
 3078      4291B671 
 3078      F3CEE760 
 3078      73A96B2D 
 3079 0889 D4968E22 		.ascii	"\324\226\216\"4\035\011+e\362\334\017\327e\246\201\204"
 3079      341D092B 
 3079      65F2DC0F 
 3079      D765A681 
 3079      84
 3080 089a E889FFE1 		.ascii	"\350\211\377\341\374\315\353\203\006\016\214\300\005"
 3080      FCCDEB83 
 3080      060E8CC0 
 3080      05
 3081 08a7 07370265 		.ascii	"\0077\002e\271!\270\021\310\011\302Ew\225\014_\311\202"
 3081      B921B811 
 3081      C809C245 
 3081      77950C5F 
 3081      C982
 3082 08b9 2052A22B 		.ascii	" R\242+\267D\227\245-my!\005\331\204\256\213\253\275"
 3082      B74497A5 
 3082      2D6D7921 
 3082      05D984AE 
 3082      8BABBD
 3083 08cc 3051125A 		.ascii	"0Q\022Z\317\241{\025\011\276\224\341\013\214\204Bp\241"
 3083      CFA17B15 
 3083      09BE94E1 
 3083      0B8C8442 
 3083      70A1
 3084 08de 5F2343B1 		.ascii	"_#C\261\314\227\270\233m\331sC\3029\260\230Q,\227\241"
 3084      CC97B89B 
ARM GAS  C:\Users\nello\AppData\Local\Temp\ccMNzq7C.s 			page 126


 3084      6DD97343 
 3084      C239B098 
 3084      512C97A1 
 3085 08f2 9042D7CA 		.ascii	"\220B\327\312\314W\211\314\364\227H\236?\202\255\273"
 3085      CC5789CC 
 3085      F497489E 
 3085      3F82ADBB 
 3086 0902 F7B85F05 		.ascii	"\367\270_\005\015\214\0308\220\332.*\341\2661\323_\313"
 3086      0D8C1838 
 3086      90DA2E2A 
 3086      E1B631D3 
 3086      5FCB
 3087 0914 B0C1CB3F 		.ascii	"\260\301\313?\335\3702\031\226R\306\015\314x\211\014"
 3087      DDF83219 
 3087      9652C60D 
 3087      CC78890C 
 3088 0924 EB65D848 		.ascii	"\353e\330H\355\323\354\224\227\370\235p\003Z\203\025"
 3088      EDD3EC94 
 3088      97F89D70 
 3088      035A8315 
 3089 0934 8C4533CF 		.ascii	"\214E3\317\334\215bQ\026\352\226\326yY\212\222\336\305"
 3089      DC8D6251 
 3089      16EA96D6 
 3089      79598A92 
 3089      DEC5
 3090 0946 BD56C7FE 		.ascii	"\275V\307\3766e<}\3649\263\241Y\374\\\226\222K\203\311"
 3090      36653C7D 
 3090      F439B3A1 
 3090      59FC5C96 
 3090      924B83C9 
 3091 095a 0A7FDE2F 		.ascii	"\012\177\336/n\276\235t\365gW\375\310Vv\377G\320\013"
 3091      6EBE9D74 
 3091      F56757FD 
 3091      C85676FF 
 3091      47D00B
 3092 096d EC24917D 		.ascii	"\354$\221}\376l[p,\037_2\320r\253\253*\233H0\024\206"
 3092      FE6C5B70 
 3092      2C1F5F32 
 3092      D072ABAB 
 3092      2A9B4830 
 3093 0983 48B05346 		.ascii	"H\260SF\004R\357\220\241T&\2070'G\031\330\3276c\257"
 3093      0452EF90 
 3093      A1542687 
 3093      30274719 
 3093      D8D73663 
 3094 0998 3A7CC849 		.ascii	":|\310I\006\271\374x\363\306@\023\004\366\311\002D\027"
 3094      06B9FC78 
 3094      F3C64013 
 3094      04F6C902 
 3094      4417
 3095 09aa FBCAFB6B 		.ascii	"\373\312\373k\375\365}F\231\036a9\355\200F4\326\362"
 3095      FDF57D46 
 3095      991E6139 
 3095      ED804634 
 3095      D6F2
 3096 09bc 4663959A 		.ascii	"Fc\225\232\261\007\014r\346Y\325\\\233\331\330\001Y"
 3096      B1070C72 
ARM GAS  C:\Users\nello\AppData\Local\Temp\ccMNzq7C.s 			page 127


 3096      E659D55C 
 3096      9BD9D801 
 3096      59
 3097 09cd 8010706B 		.ascii	"\200\020pk\303\203\257\002uc\007uc\207\370\204\360e"
 3097      C383AF02 
 3097      75630775 
 3097      6387F884 
 3097      F065
 3098 09df C4AD1999 		.ascii	"\304\255\031\231i\241\020\367\342\222]\304l\344\260"
 3098      69A110F7 
 3098      E2925DC4 
 3098      6CE4B0
 3099 09ee 2C400838 		.ascii	",@\0108\266\273\242>X7R\245\033\251F#,\375\375Y_\024"
 3099      B6BBA23E 
 3099      583752A5 
 3099      1BA94623 
 3099      2CFDFD59 
 3100 0a04 03594829 		.ascii	"\003YH)\373u^s_\015\035\210\007\016/:\276\272\032\272"
 3100      FB755E73 
 3100      5F0D1D88 
 3100      070E2F3A 
 3100      BEBA1ABA 
 3101 0a18 0B76FDBC 		.ascii	"\013v\375\274z\226\213\216\216j\326\2615\236=\2170\276"
 3101      7A968B8E 
 3101      8E6AD6B1 
 3101      359E3D8F 
 3101      30BE
 3102 0a2a 6AE32C39 		.ascii	"j\343,9$C\205\027D\233&\233\027\006\227\272\010\354"
 3102      24438517 
 3102      449B269B 
 3102      170697BA 
 3102      08EC
 3103 0a3c 926137C3 		.ascii	"\222a7\303\320\036\225`\233>\3046\266/dC\254\\\206="
 3103      D01E9560 
 3103      9B3EC436 
 3103      B62F6443 
 3103      AC5C863D 
 3104 0a50 2616360C 		.ascii	"&\0266\014M\243\371\250\014G\350\315\0326\322\216#T"
 3104      4DA3F9A8 
 3104      0C47E8CD 
 3104      1A36D28E 
 3104      2354
 3105 0a62 8633329C 		.ascii	"\20632\234\222\341\244\014\247e8\313\376\213\0069\267"
 3105      92E1A40C 
 3105      A76538CB 
 3105      FE8B0639 
 3105      B7
 3106 0a73 E956B77B 		.ascii	"\351V\267{Z\035\312|_\251\372\216\003{\277\267U\036"
 3106      5A1DCA7C 
 3106      5FA9FA8E 
 3106      037BBFB7 
 3106      551E
 3107 0a85 DFF69A39 		.ascii	"\337\366\2329\256~\331A\224\345\230'\313~\266=\276\276"
 3107      AE7ED941 
 3107      94E59827 
 3107      CB7EB63D 
 3107      BEBE
ARM GAS  C:\Users\nello\AppData\Local\Temp\ccMNzq7C.s 			page 128


 3108 0a97 F3D679D6 		.ascii	"\363\326y\326\343&\007\351V\266O\027Qs\321\342\316\255"
 3108      E32607E9 
 3108      56B64F17 
 3108      5173D1E2 
 3108      CEAD
 3109 0aa9 01FAE43F 		.ascii	"\001\372\344?'\303V\031\337\311\351&]\235\374\010\332"
 3109      27C35619 
 3109      DFC9E926 
 3109      5D9DFC08 
 3109      DA
 3110 0aba 79E0D61A 		.ascii	"y\340\326\032\231\321\273\377B\372\271/\277\376&P\247"
 3110      99D1BBFF 
 3110      42FAB92F 
 3110      BFFE2650 
 3110      A7
 3111 0acb 3FEF937E 		.ascii	"?\357\223~[\345\366'\226w\213\330\273\317\212\343!\331"
 3111      5BE5F627 
 3111      96778BD8 
 3111      BBCF8AE3 
 3111      21D9
 3112 0add F4D5EA82 		.ascii	"\364\325\352\202\014\233\031\267\206\307\253\324\344"
 3112      0C9B19B7 
 3112      86C7ABD4 
 3112      E4
 3113 0aea CA2084EF 		.ascii	"\312 \204\357y\360\262\324\317WY\255ceu\0109OG\223\377"
 3113      79F0B2D4 
 3113      CF5759AD 
 3113      63657508 
 3113      394F4793 
 3114 0aff ABBA4BB5 		.ascii	"\253\272K\265\026\333\017\001\360\237\307D\276$\303"
 3114      16DB0F01 
 3114      F09FC744 
 3114      BE24C3
 3115 0b0e 37D47F19 		.ascii	"7\324\177\031\256\310\264\211k\365\313\237\340\231n"
 3115      AEC8B489 
 3115      6BF5CB9F 
 3115      E0996E
 3116 0b1d 32D67657 		.ascii	"2\326vW\022\325\341\377\302[b\271\250\227\231\001>p"
 3116      12D5E1FF 
 3116      C25B62B9 
 3116      A8979901 
 3116      3E70
 3117 0b2f FD11B9A1 		.ascii	"\375\021\271\241|^M\200/7\25627\032d\206\264\260!>\002"
 3117      7C5E4D80 
 3117      2F37AE32 
 3117      371A6486 
 3117      B4B0213E 
 3118 0b44 F1179B5B 		.ascii	"\361\027\233[\252B\215\314\327e\270F#\273!3\035\211"
 3118      AA428DCC 
 3118      D765B846 
 3118      23BB2133 
 3118      1D89
 3119 0b56 7C6391C8 		.ascii	"|c\221\310m6\271\362\252\252\213\374\025\272O\227\325"
 3119      6D36B9F2 
 3119      AAAA8BFC 
 3119      15BA4F97 
 3119      D5
ARM GAS  C:\Users\nello\AppData\Local\Temp\ccMNzq7C.s 			page 129


 3120 0b67 F7DABADE 		.ascii	"\367\332\272\336\322\236\3018\025p\301/8\301\026\250"
 3120      D29EC138 
 3120      1570C12F 
 3120      38C116A8 
 3121 0b77 9B7CAA41 		.ascii	"\233|\252A\223\014\267\350\225\266\366.\211 {\255>I"
 3121      930CB7E8 
 3121      95B6F62E 
 3121      89207BAD 
 3121      3E49
 3122 0b89 CA0AD6EF 		.ascii	"\312\012\326\357Xb\341\257\226\207\373\323]C\263\312"
 3122      5862E1AF 
 3122      9687FBD3 
 3122      5D43B3CA 
 3123 0b99 715B863B 		.ascii	"q[\206;2^i\034\363#H\227o\216\322Cl\367N}\240{qU\377"
 3123      325E691C 
 3123      F3234897 
 3123      6F8ED243 
 3123      6CF74E7D 
 3124 0bb2 5B195A65 		.ascii	"[\031Ze\274\322\364\263#\010\276\\\262\004\004\261\004"
 3124      BCD2F4B3 
 3124      2308BE5C 
 3124      B20404B1 
 3124      04
 3125 0bc3 344A6491 		.ascii	"4Jd\221z#\220\276\020]\272x\333g\027>`\271\273O{bA\336"
 3125      7A2390BE 
 3125      105DBA78 
 3125      DB67173E 
 3125      60B9BB4F 
 3126 0bdb F14E3F63 		.ascii	"\361N?c\276\332e\270K\363\365Pf8\352^\361\353\332\222"
 3126      BEDA65B8 
 3126      4BF3F550 
 3126      6638EA5E 
 3126      F1EBDA92 
 3127 0bef 4056A6DD 		.ascii	"@V\246\335\276{\0271\335k\012\367\204\010\236\016o\236"
 3127      BE7B1731 
 3127      DD6B0AF7 
 3127      84089E0E 
 3127      6F9E
 3128 0c01 773FC7FC 		.ascii	"w?\307\374\356\317\273\221\222]\354\316\036\000\217"
 3128      EECFBB91 
 3128      925DECCE 
 3128      1E008F
 3129 0c10 64B827C3 		.ascii	"d\270'\303A\020\2706:\362\352\303\351\356\345Zi\217"
 3129      4110B836 
 3129      3AF2EAC3 
 3129      E9EEE55A 
 3129      698F
 3130 0c22 552F6915 		.ascii	"U/i\025\372\313\340\023\332\177\205\001\324\2479\356"
 3130      FACBE013 
 3130      DA7F8501 
 3130      D4A739EE 
 3131 0c32 6F6BADB6 		.ascii	"ok\255\266\306\357x\303Vj\026\274\314\265F\014d9`\223"
 3131      C6EF78C3 
 3131      566A16BC 
 3131      CCB5460C 
 3131      64396093 
 3132 0c46 4AA37AC6 		.ascii	"J\243z\306\206\375s\366\205\023k`\327\246\035\227\007"
ARM GAS  C:\Users\nello\AppData\Local\Temp\ccMNzq7C.s 			page 130


 3132      86FD73F6 
 3132      85136B60 
 3132      D7A61D97 
 3132      07
 3133 0c57 57F11AF8 		.ascii	"W\361\032\370T\206N\231\002\3145\020\215\276\354\336"
 3133      54864E99 
 3133      02CC3510 
 3133      8DBEECDE 
 3134 0c67 B1DD1AE1 		.ascii	"\261\335\032\341IF\327\030\003\035\342\216\276~\361"
 3134      4946D718 
 3134      031DE28E 
 3134      BE7EF1
 3135 0c76 85E175B6 		.ascii	"\205\341u\266K\247zA#\270\022 \221\353\001|?\342\002"
 3135      4BA77A41 
 3135      23B81220 
 3135      91EB017C 
 3135      3FE202
 3136 0c89 D24C03B2 		.ascii	"\322L\003\2625\227_\277(\323\222<P/0/e^~^3v\254\232"
 3136      35975FBF 
 3136      28D3923C 
 3136      502F302F 
 3136      655E7E5E 
 3137 0ca1 3309609D 		.ascii	"3\011`\235\353U\275\356(\332:\237\025S\364\370\225L"
 3137      EB55BDEE 
 3137      28DA3A9F 
 3137      1553F4F8 
 3137      954C
 3138 0cb3 519EC5B4 		.ascii	"Q\236\305\264\211\326\276|^\373\020\324\355\015\212"
 3138      89D6BE7C 
 3138      5EFB10D4 
 3138      ED0D8A
 3139 0cc2 6298E53A 		.ascii	"b\230\345:\246\323\204\211\024\220\025:\244\307\013"
 3139      A6D38489 
 3139      1490153A 
 3139      A4C70B
 3140 0cd1 7282D5C7 		.ascii	"r\202\325\307\365\217\3674\007Ex\272OWE_\001\320\367"
 3140      F58FF734 
 3140      074578BA 
 3140      4F57455F 
 3140      01D0F7
 3141 0ce4 E6C56DE5 		.ascii	"\346\305m\345\206\025r\026\021\2449\004\363\324\212"
 3141      86157216 
 3141      11A43904 
 3141      F3D48A
 3142 0cf3 79BA4793 		.ascii	"y\272G\223\343\377\360\332\332'\376\270`QGJtGf\023\230"
 3142      E3FFF0DA 
 3142      DA27FEB8 
 3142      6051474A 
 3142      74476613 
 3143 0d08 47BE732B 		.ascii	"G\276s+\206\0204>\227@.\341y+\335\244S\314\361\242\340"
 3143      8610343E 
 3143      97402EE1 
 3143      792BDDA4 
 3143      53CCF1A2 
 3144 0d1d B15C3EB7 		.ascii	"\261\\>\267\371\264\022\341IF\027_3\035B\327<\252(\013"
 3144      F9B412E1 
 3144      4946175F 
ARM GAS  C:\Users\nello\AppData\Local\Temp\ccMNzq7C.s 			page 131


 3144      331D42D7 
 3144      3CAA280B 
 3145 0d31 D5A398AF 		.ascii	"\325\243\230\257\323\345\021\265\222uH\344\021\033\266"
 3145      D3E511B5 
 3145      927548E4 
 3145      111BB6
 3146 0d40 AD2BCF1F 		.ascii	"\255+\317\037\013\3625%\027\022:%\217\323\357)\325\215"
 3146      0BF23525 
 3146      17123A25 
 3146      8FD3EF29 
 3146      D58D
 3147 0d52 738A6D7A 		.ascii	"s\212mz5\3075K[\011\027\021\006\344\2348\331{\030\347"
 3147      35C7354B 
 3147      5B091711 
 3147      06E49C38 
 3147      D97B18E7 
 3148 0d66 8BB5DDED 		.ascii	"\213\265\335\355\204M\005w_\037\233\232_\3369dX$\220"
 3148      844D0577 
 3148      5F1F9B9A 
 3148      5FDE3964 
 3148      582490
 3149 0d79 C3276DAD 		.ascii	"\303'm\255D\\6\336$\250\265\344n\317v\237\016\177\301"
 3149      445C36DE 
 3149      24A8B5E4 
 3149      6ECF769F 
 3149      0E7FC1
 3150 0d8c 1C5E4631 		.ascii	"\034^F1\333V\\\315\005\223\303\332\300-$\014H\275l^"
 3150      DB565CCD 
 3150      0593C3DA 
 3150      C02D240C 
 3150      48BD6C5E 
 3151 0da0 7579B6C5 		.ascii	"uy\266\305d\336\023\304l\236\220\310l\233DrU\027\334"
 3151      64DE13C4 
 3151      6C9E90C8 
 3151      6C9B4472 
 3151      5517DC
 3152 0db3 12C9B7B1 		.ascii	"\022\311\267\261\241RQ\263Q6\331\320\272\367K\302\227"
 3152      A15251B3 
 3152      5136D9D0 
 3152      BAF74BC2 
 3152      97
 3153 0dc4 0CBAE3BA 		.ascii	"\014\272\343\272\320\365\020L6<A\214t\004\371\014M,"
 3153      D0F5104C 
 3153      363C418C 
 3153      7404F90C 
 3153      4D2C
 3154 0dd6 534D0C21 		.ascii	"SM\014!+\361j\215z5\210\254\307\253\315\352\325\000"
 3154      2BF16A8D 
 3154      7A3588AC 
 3154      C7ABCDEA 
 3154      D500
 3155 0de8 52AAB67E 		.ascii	"R\252\266~@\3662?\036\315\335\231m\023un\227^\347\266"
 3155      40F6323F 
 3155      1ECDDD99 
 3155      6D13756E 
 3155      975EE7B6 
 3156 0dfc 11512F17 		.ascii	"\021Q/\027\334h\352\016\245\035\362\306m-}\321;Y\220"
ARM GAS  C:\Users\nello\AppData\Local\Temp\ccMNzq7C.s 			page 132


 3156      DC68EA0E 
 3156      A51DF2C6 
 3156      6D2D7DD1 
 3156      3B5990
 3157 0e0f 132088B6 		.ascii	"\023 \210\266\023/\"\262\037\0359\210r\004\345$\312"
 3157      132F22B2 
 3157      1F1D3988 
 3157      7204E524 
 3157      CA
 3158 0e20 59D59505 		.ascii	"Y\325\225\005\3745\250\321J\352\250K\277\334R\2658\233"
 3158      FC35A8D1 
 3158      4AEAA84B 
 3158      BFDC52B5 
 3158      389B
 3159 0e32 6DE8C411 		.ascii	"m\350\304\021\2415hi\353\334\273\343\346\317\365\322"
 3159      A1356869 
 3159      EBDCBBE3 
 3159      E6CFF5D2 
 3160 0e42 B69BC031 		.ascii	"\266\233\3001\257\001\277\016'E\321v\027\233\024K\010"
 3160      AF01BF0E 
 3160      2745D176 
 3160      179B144B 
 3160      08
 3161 0e53 7CC630DA 		.ascii	"|\3060\332\360( \242\010\344.\022\023g\263\211g\023"
 3161      F02820A2 
 3161      08E42E12 
 3161      1367B389 
 3161      6713
 3162 0e65 E144775C 		.ascii	"\341Dw\\\352w\003\004\241\227+M\240\025D\257J\013t\246"
 3162      EA770304 
 3162      A1972B4D 
 3162      A01544AF 
 3162      4A0B74A6 
 3163 0e79 F526D0D7 		.ascii	"\365&\320\327\334\032%\352\316\027D{\274\274\346\016"
 3163      DC1A25EA 
 3163      CE17447B 
 3163      BCBCE60E 
 3164 0e89 CDD7694A 		.ascii	"\315\327iJL\220\015\272\323y:f\2437F\365\347\225^\022"
 3164      4C900DBA 
 3164      D3793A66 
 3164      A33746F5 
 3164      E7955E12 
 3165 0e9d 769A40C6 		.ascii	"v\232@\306R\272Zg*3\201\226\352\245t\241\216Yk\302\254"
 3165      52BA5A67 
 3165      2A338196 
 3165      EAA574A1 
 3165      8E596BC2 
 3166 0eb2 D13DEA35 		.ascii	"\321=\3525\225[\003f\233\254\247q\271\236\306\"\357"
 3166      955B0366 
 3166      9BACA771 
 3166      B99EC622 
 3166      EF
 3167 0ec3 341A0BDD 		.ascii	"4\032\013\335>\002{\351\275c\2542\035\304\3155\201\343"
 3167      3E027BE9 
 3167      BD63AC32 
 3167      1DC4CD35 
 3167      81E3
ARM GAS  C:\Users\nello\AppData\Local\Temp\ccMNzq7C.s 			page 133


 3168 0ed5 040E1338 		.ascii	"\004\016\0238C\340\010*\022\250 p\210\200\233\300\001"
 3168      43E0082A 
 3168      12A82070 
 3168      88809BC0 
 3168      01
 3169 0ee6 02270954 		.ascii	"\002'\011T\0238K\240\006\373\230@%\276\357\021\330O"
 3169      13384BA0 
 3169      06FB9840 
 3169      25BEEF11 
 3169      D84F
 3170 0ef8 E014812A 		.ascii	"\340\024\201*\255B\276\324=\334\345\235\216(i\015b\346"
 3170      AD42BED4 
 3170      3DDCE59D 
 3170      8E28690D 
 3170      62E6
 3171 0f0a D101831B 		.ascii	"\321\001\203\033\346R\002[\031F\033\301[\364H\363\365"
 3171      E652025B 
 3171      19461BC1 
 3171      5BF448F3 
 3171      F5
 3172 0f1b 6CACF3EE 		.ascii	"l\254\363\356f\276\335/]\245\216\274E\004\362M#o\001"
 3172      66BEDD2F 
 3172      5DA58EBC 
 3172      4504F24D 
 3172      236F01
 3173 0f2e D18767A1 		.ascii	"\321\207g\241\012*&\260\232\201\264\251\275\212[\243"
 3173      0A2A26B0 
 3173      9A81B4A9 
 3173      BD8A5BA3 
 3174 0f3e 98952A66 		.ascii	"\230\225*f9\201\245\014\243\225\230\317u\217^\353\221"
 3174      3981A50C 
 3174      A39598CF 
 3174      758F5EEB 
 3174      91
 3175 0f4f ED205EB9 		.ascii	"\355 ^\271\347\230E\272\327_y\367!:DV\005\262\217 K"
 3175      E79845BA 
 3175      D75F79F7 
 3175      213A4456 
 3175      05B28F20 
 3176 0f64 5FDD9223 		.ascii	"_\335\222#<;\002\316\221\267\325\025\264\340,\233\355"
 3176      3C3B02CE 
 3176      91B7D515 
 3176      B4E02C9B 
 3176      ED
 3177 0f75 367CB8AF 		.ascii	"6|\270\257\325\2359\317\013k\336\321\354\012\303\033"
 3177      D59D39CF 
 3177      0B6BDED1 
 3177      EC0AC31B 
 3178 0f85 60A3BE5D 		.ascii	"`\243\276]\272\300\001E9\335\371\206\227\336\013\372"
 3178      BAC00145 
 3178      39DDF986 
 3178      97DE0BFA 
 3179 0f95 D27D9103 		.ascii	"\322}\221\003\266\3549~\310\246\003"
 3179      B6EC397E 
 3179      C8A603
 3180 0fa0 CEEB803A 		.ascii	"\316\353\200:\016Xu\352\314m\303\3771\030>\014\\\342"
 3180      0E5875EA 
ARM GAS  C:\Users\nello\AppData\Local\Temp\ccMNzq7C.s 			page 134


 3180      CC6DC3FF 
 3180      31183E0C 
 3180      5CE2
 3181 0fb2 80CE95D7 		.ascii	"\200\316\225\327\216\022\006p\373X\310Y\325*\004\262"
 3181      8E120670 
 3181      FB58C859 
 3181      D52A04B2 
 3182 0fc2 3E90370B 		.ascii	">\2207\013\200l\011\224H)\312\036\224C(GQ\316\251\217"
 3182      806C0994 
 3182      4829CA1E 
 3182      94432847 
 3182      51CEA98F 
 3183 0fd6 BB24528F 		.ascii	"\273$R\217\227\267Q\036\242\274Po\267JdV\020.\007(_"
 3183      97B7511E 
 3183      A2BC506F 
 3183      B74A6456 
 3183      102E0728 
 3184 0feb A0AC09E2 		.ascii	"\240\254\011\342\267\257H\244\004/w\242T\240\034E9\203"
 3184      B7AF48A4 
 3184      042F77A2 
 3184      54A01C45 
 3184      3983
 3185 0ffd 7209E5   		.ascii	"r\011\345"
 3186 1000 3ACAB728 		.ascii	":\312\267(\035(\335(9\301\022Y\210\362\005J1J\011\312"
 3186      1D28DD28 
 3186      39C11259 
 3186      88F2054A 
 3186      314A09CA 
 3187 1014 2E943294 		.ascii	".\2242\224\003(U(\247Q\352P\352Qn\006s\023\305\352w"
 3187      03285528 
 3187      A751EA50 
 3187      EA516E06 
 3187      7313C5EA 
 3188 1029 271BB915 		.ascii	"'\033\271\025\214\321:6\354\235\331\022\352\243\332"
 3188      8CD13A36 
 3188      EC9DD912 
 3188      EAA3DA
 3189 1038 FA3EF8F6 		.ascii	"\372>\370\366r\315M\377\2222\227+\367\007tP5\021X\244"
 3189      72CD4DFF 
 3189      9232972B 
 3189      F7077450 
 3189      351158A4 
 3190 104c 8814351A 		.ascii	"\210\0245\032\312P\345\236ij\235v)FL\244\016\251\020"
 3190      CA50E59E 
 3190      696A9D76 
 3190      29464CA4 
 3190      0EA910
 3191 105f 906C2F08 		.ascii	"\220l/\010\037\276\327\005\242\303dH-\034\364e\367\004"
 3191      1FBED705 
 3191      A2C36448 
 3191      2D1CF465 
 3191      F704
 3192 1071 87E032FA 		.ascii	"\207\3402\372\312\004\331f\250v\015\202\346\211\011"
 3192      CA04D966 
 3192      A8760D82 
 3192      E68909
 3193 1080 B3C6E06F 		.ascii	"\263\306\340o\233\300\3343a\356\352\023\256G@n\232 "
ARM GAS  C:\Users\nello\AppData\Local\Temp\ccMNzq7C.s 			page 135


 3193      9BC0DC33 
 3193      61EEEA13 
 3193      AE47406E 
 3193      9A20
 3194 1092 85FA7C9B 		.ascii	"\205\372|\233\267O\2034\230 \365D|Z(=$<\316\367\366"
 3194      B74F8334 
 3194      9820F544 
 3194      7C5A283D 
 3194      243CCEF7 
 3195 10a7 D8580D67 		.ascii	"\330X\015g)0\223\276K!\206\356\323\024\230\243@\261"
 3195      293093BE 
 3195      4B2186EE 
 3195      D31498A3 
 3195      40B1
 3196 10b9 029F29B0 		.ascii	"\002\237)\260P\201\\\034\275\012|\256\300\022\005V*"
 3196      50815C1C 
 3196      BD0A7CAE 
 3196      C0120556 
 3196      2A
 3197 10ca B055818D 		.ascii	"\260U\201\215\012\254V\240P\201u\270uS`\255\002\005"
 3197      0AAC56A0 
 3197      508175B8 
 3197      755360AD 
 3197      0205
 3198 10dc 0ACC53A0 		.ascii	"\012\314S\240H\2015\012,S O\201\305\012\224(\360\225"
 3198      4881350A 
 3198      2C53204F 
 3198      81C50A94 
 3198      28F095
 3199 10ef 029B1558 		.ascii	"\002\233\025X\257\300*\005\276P`\205\002\263\025X\240"
 3199      AFC02A05 
 3199      BE506085 
 3199      02B31558 
 3199      A0
 3200 1100 C0970A2C 		.ascii	"\300\227\012,W`\251\002\233\024\310W\340k\005\266(\374"
 3200      5760A902 
 3200      9B14C857 
 3200      E06B05B6 
 3200      28FC
 3201 1112 CB44E935 		.ascii	"\313D\3515\341\364#\223\323\253\014)<(\362\363\332\204"
 3201      E1F42393 
 3201      D3AB0C29 
 3201      3C28F2F3 
 3201      DA84
 3202 1124 312E3C77 		.ascii	"1.<w\005\246\335;\315*\246F`\272M\230MzW\234\022\220"
 3202      05A6DD3B 
 3202      CD2AA646 
 3202      60BA4D98 
 3202      4D7A579C 
 3203 113a 1E13648B 		.ascii	"\036\023d\213!\317\257\205\313\327L\230\245\262\216"
 3203      21CFAF85 
 3203      CBD74C98 
 3203      A5B28E
 3204 1149 691598FB 		.ascii	"i\025\230\373&\314\347\006\236.\201i6a\026\0300W\004"
 3204      26CCE706 
 3204      9E2E8169 
 3204      36611618 
ARM GAS  C:\Users\nello\AppData\Local\Temp\ccMNzq7C.s 			page 136


 3204      305704
 3205 115c E6A909F3 		.ascii	"\346\251\011\363\265qa\026>_\367\366\207\207\365B@n"
 3205      B5716116 
 3205      3E5FF7F6 
 3205      8787F542 
 3205      406E
 3206 116e 794F2C3E 		.ascii	"yO,>\336O\013K/\274\223\243Z\272!h\036zO\033\025\363"
 3206      DE4F0B4B 
 3206      2FBC93A3 
 3206      5ABA2168 
 3206      1E7A4F1B 
 3207 1184 50606E7B 		.ascii	"P`n{G\305\2759' \317\274\203\342\336\274\024\336\334"
 3207      47C5BD39 
 3207      2720CFBC 
 3207      83E2DEBC 
 3207      14DEDC
 3208 1197 F09E12AA 		.ascii	"\360\236\022\252\245\003\202\246\327{XpK7\005\344\201"
 3208      A50382A6 
 3208      D77B5870 
 3208      4B3705E4 
 3208      81
 3209 11a8 7737704B 		.ascii	"w7pK\367\204\245V\023\244\300\020\323UA\363\330{\220"
 3209      F784A556 
 3209      13A4C010 
 3209      D35541F3 
 3209      D87B90
 3210 11bb AAFB3E31 		.ascii	"\252\373>1A\257\230 \227uH\275`\351\364\256\026\034"
 3210      41AF9820 
 3210      977548BD 
 3210      60E9F4AE 
 3210      161C
 3211 11cd F240405A 		.ascii	"\362@@ZL\220;\006gN\012\314K\357!\312i\316\012\310s"
 3211      4C903B06 
 3211      674E0ACC 
 3211      4BEF21CA 
 3211      69CE0AC8 
 3212 11e2 13C4B89D 		.ascii	"\023\304\270\235k\027\2306\357\270\325M\230\200\\\365"
 3212      6B179836 
 3212      EFB8D54D 
 3212      98805CF5 
 3213 11f2 2E3A1C72 		.ascii	".:\034r_@\276\365vX\335\200\212\314\344(^\231Q\2359"
 3213      5F40BEF5 
 3213      7658DD80 
 3213      8ACCE428 
 3213      5E99519D 
 3214 1207 2368BABC 		.ascii	"#h\272\274\035\216\222H[0{Az\260tK`\204g\035\203m\312"
 3214      1D8E9248 
 3214      5B307B41 
 3214      7AB0744B 
 3214      6084671D 
 3215 121e FF7B25A3 		.ascii	"\377{%\243\177ORx\343\210\341\233\314v=\210R\205\357"
 3215      7F4F5278 
 3215      E388E19B 
 3215      CC763D88 
 3215      5285EF
 3216 1231 005E5ED8 		.ascii	"\000^^\330I\330_<\364\375\022\272p{s\250\347\247$\317"
 3216      49D85F3C 
ARM GAS  C:\Users\nello\AppData\Local\Temp\ccMNzq7C.s 			page 137


 3216      F4FD12BA 
 3216      707B73A8 
 3216      E7A724CF 
 3217 1245 57A3BB9D 		.ascii	"W\243\273\235\305%\206\015\313B}\273\261\213\033\253"
 3217      C525860D 
 3217      CB427DBB 
 3217      B18B1BAB 
 3218 1255 E8296B0A 		.ascii	"\350)k\012\322\267\033\036o\334\344)\313g\373\203\216"
 3218      D2B71B1E 
 3218      6FDCE429 
 3218      CB67FB83 
 3218      8E
 3219 1266 4AD39740 		.ascii	"J\323\227@m3\270W\021\337D\357\177=\373X\260\361\253"
 3219      6D33B857 
 3219      11DF44EF 
 3219      7F3DFB58 
 3219      B0F1AB
 3220 1279 9527867D 		.ascii	"\225'\206}\265\272\260\344\346\256\376\374\263\325>"
 3220      B5BAB0E4 
 3220      E6AEFEFC 
 3220      B3D53E
 3221 1288 857EB6BA 		.ascii	"\205~\266\272\252\277\341\356Q 5\271\216\376\335L\333"
 3221      AABFE1EE 
 3221      512035B9 
 3221      8EFEDD4C 
 3221      DB
 3222 1299 96C6C701 		.ascii	"\226\306\307\001\272\327\015\372>\254\234{\275\346\306"
 3222      BAD70DFA 
 3222      3EAC9C7B 
 3222      BDE6C6
 3223 12a8 C2CD868D 		.ascii	"\302\315\206\215\332b=\254\375\010 \256\020\376E\250"
 3223      DA623DAC 
 3223      FD0820AE 
 3223      10FE45A8 
 3224 12b8 8B6F3A42 		.ascii	"\213o:B\350\1771\234v/\017\365\365\362}P\241/\337\007"
 3224      E87F319C 
 3224      762F0FF5 
 3224      F5F27D50 
 3224      A12FDF07 
 3225 12cc 14C49C68 		.ascii	"\024\304\234hk\254\0114\206Y\211\343\201zvHa8j\371\365"
 3225      6BAC0934 
 3225      865989E3 
 3225      817A7648 
 3225      61386AF9 
 3226 12e1 ABA72D56 		.ascii	"\253\247-Vc\230\236\030\032f\307\246}\247]\375J]Vp\263"
 3226      63989E18 
 3226      1A66C7A6 
 3226      7DA75DFD 
 3226      4A5D5670 
 3227 12f6 209B40C0 		.ascii	" \233@\300*h\220\335\324\243\362S\317\037\312z\346="
 3227      2A6890DD 
 3227      D4A3F253 
 3227      CF1FCA7A 
 3227      E63D
 3228 1308 BF6CE585 		.ascii	"\277l\345\205p\347#\350\337t\240U\213/\347\2172\347"
 3228      70E723E8 
 3228      DF74A055 
ARM GAS  C:\Users\nello\AppData\Local\Temp\ccMNzq7C.s 			page 138


 3228      8B2FE78F 
 3228      32E7
 3229 131a 8F50E7AF 		.ascii	"\217P\347\257\326v?\0161:\257\355\374\217)\014\307\376"
 3229      D6763F0E 
 3229      313AAFED 
 3229      FC8F290C 
 3229      C7FE
 3230 132c 2865FEDE 		.ascii	"(e\376\336'\241F\347=1\324\371\322+\3459.(\304M\323"
 3230      27A146E7 
 3230      3D31D4F9 
 3230      D22BE539 
 3230      2E28C44D 
 3231 1341 71E6FC7C 		.ascii	"q\346\374|\035VM\235\277\215\333\271\250\367\245\200"
 3231      1D564D9D 
 3231      BF8DDBB9 
 3231      A8F7A580 
 3232 1351 84F494E9 		.ascii	"\204\364\224\351\303\235\203S$[bZz\246s\306\340\224"
 3232      C39D8353 
 3232      245B625A 
 3232      7AA673C6 
 3232      E094
 3233 1363 615240E2 		.ascii	"aR@\342\224\270O3&\244%\376\351\327\357\275\027\211"
 3233      94B84F33 
 3233      26A425FE 
 3233      E9D7EFBD 
 3233      1789
 3234 1375 FF12A724 		.ascii	"\377\022\247$\37719-#:***2-#rJ\302\324\310i\210\316"
 3234      FF31392D 
 3234      233A2A2A 
 3234      2A322D23 
 3234      724AC2D4 
 3235 138d 888C9B3C 		.ascii	"\210\214\233<qht\344\204\011\243#GO\214\231\036\025"
 3235      716874E4 
 3235      8409A323 
 3235      474F8C99 
 3235      1E15
 3236 139f 99919932 		.ascii	"\231\221\23124:>)%\341\275D\353\270\017?\032`\217\032"
 3236      343A3E29 
 3236      25E1BD44 
 3236      EBB80F3F 
 3236      1A608F1A 
 3237 13b3 2EBD63B8 		.ascii	".\275c\270\371^R\302\257>H\370`\270S\032l\377\365\037"
 3237      F95E52C2 
 3237      AF3E48F8 
 3237      60B8531A 
 3237      6CFFF51F 
 3238 13c7 EC94362E 		.ascii	"\354\2246.3+)9\355\017\177NK\377S\306\264\204Dg|V\206"
 3238      332B2939 
 3238      ED0F7F4E 
 3238      4BFF53C6 
 3238      B4844467 
 3239 13de 33FD0FE3 		.ascii	"3\375\017\343\234\031\231Y\351\316\011i\237$'N\037&"
 3239      9C199959 
 3239      E9CE0969 
 3239      9F24274E 
 3239      1F26
 3240 13f0 0DF2E947 		.ascii	"\015\362\351Gzfdrj\342\324\254$'>\311\3704\343\275)"
ARM GAS  C:\Users\nello\AppData\Local\Temp\ccMNzq7C.s 			page 139


 3240      7A666472 
 3240      6AE2D4AC 
 3240      24273EC9 
 3240      F834E3BD 
 3241 1405 522073FD 		.ascii	"R s\375\243\324\251\350|`ZF\302T5\220_\2761\020\012"
 3241      A3D4A9E8 
 3241      7C605A46 
 3241      C2543590 
 3241      5FBE3110 
 3242 141a 42A6C1A9 		.ascii	"B\246\301\251\311\274\215$\301\252\"\247\261\240\347"
 3242      C9BC8D24 
 3242      C1AA22A7 
 3242      B1A0E7
 3243 1429 B1A9C999 		.ascii	"\261\251\311\231\377\362\327\347B\012\305S\\f\2723!"
 3243      FFF2D7E7 
 3243      420AC553 
 3243      5C66BA33 
 3243      21
 3244 143a 25662A72 		.ascii	"%f*r\306Z\263\222S3\361if\210@%g\244\307g\206\213\313"
 3244      C65AB392 
 3244      5333F169 
 3244      66884025 
 3244      67A4C767 
 3245 1451 F80C0647 		.ascii	"\370\014\006G\204YU\277\034\233\356t\306\006\233.\303"
 3245      845955BF 
 3245      1C9BEE74 
 3245      C6069B2E 
 3245      C3
 3246 1462 E895337D 		.ascii	"\350\2253}\272365\323\231\236\2365-\323\372[gbfZ\372"
 3246      BA333635 
 3246      D3999E9E 
 3246      352DD3FA 
 3246      5B676266 
 3247 1478 FB76B531 		.ascii	"\373v\2651|\210\326\030\2465Fh\015\0153B\303\214\030"
 3247      7C88D618 
 3247      A6354668 
 3247      0D0D3342 
 3247      C38C18
 3248 148b 16C01B51 		.ascii	"\026\300\033Q\366!Z+Zo\211\247\321#D\313\256\265\206"
 3248      F6215A2B 
 3248      5A6F89A7 
 3248      D12344CB 
 3248      AEB586
 3249 149e 0A9C5D67 		.ascii	"\012\234]g\0218\273=\202\271\232\351p\376w\026vu\\Z"
 3249      1138BB3D 
 3249      82B99AE9 
 3249      70FE7716 
 3249      76755C5A 
 3250 14b2 567AA2B3 		.ascii	"Vz\242\263_\352\364\344\3041\251\011\177\234\352\344"
 3250      5FEAF4E4 
 3250      C431A909 
 3250      7F9CEAE4 
 3251 14c2 B861DF91 		.ascii	"\270a\337\221\362\304\264\224\224\264\324\310\030\307"
 3251      F2C4B494 
 3251      94B4D4C8 
 3251      18C7
 3252 14d0 44FBC419 		.ascii	"D\373\304\031\221T\033{/\214\236G'g\3504\004mYx>3\374"
ARM GAS  C:\Users\nello\AppData\Local\Temp\ccMNzq7C.s 			page 140


 3252      91541B7B 
 3252      2F8C9E47 
 3252      2767E834 
 3252      046D5978 
 3253 14e7 A625A427 		.ascii	"\246%\244'\244(\037g\245&Zi\312S\0222\376\024\222@3"
 3253      A4281F67 
 3253      A5265A69 
 3253      CA531232 
 3253      FE149240 
 3254 14fc 9B90E94C 		.ascii	"\233\220\351Lb\227\341\361\236\275\220\021\220\341\234"
 3254      6297E1F1 
 3254      9EBD9011 
 3254      90E19C
 3255 150b FA71726A 		.ascii	"\372qrj\222s\206\205\366\334\210\370L\277\214)\311\037"
 3255      92738685 
 3255      F6DC88F8 
 3255      4CBF8C29 
 3255      C91F
 3256 151d 679294AC 		.ascii	"g\222\224\254\031\337\303\356\236\370\321\177\304\333"
 3256      19DFC3EE 
 3256      9EF8D17F 
 3256      C4DB
 3257 152b A724A4A6 		.ascii	"\247$\244\246:\247\306O\376t\232s\264\363c\277D\312"
 3257      3AA7C64F 
 3257      FE749A73 
 3257      B4F363BF 
 3257      44CA
 3258 153d 6549E477 		.ascii	"eI\344w#\020\344\211\010\244\367\324\266\377t\346\351"
 3258      2310E489 
 3258      08A4F7D4 
 3258      B6FF74E6 
 3258      E9
 3259 154e 5F3FC6A6 		.ascii	"_?\306\246H\012\232J\017\216\217\317pf\306\217\212\211"
 3259      480A9A4A 
 3259      0F8E8FCF 
 3259      7066C68F 
 3259      8A89
 3260 1560 1B33C911 		.ascii	"\0333\311\021\033\2340\365\317\011\237f\304'\247NMN"
 3260      1B9C30F5 
 3260      CF099F66 
 3260      C427A74E 
 3260      4D4E
 3261 1572 75DA7D92 		.ascii	"u\332}\222\2539t\316\310\244y\214\264O\214\213\215\213"
 3261      AB3974CE 
 3261      C8A4798C 
 3261      B44F8C8B 
 3261      8D8B
 3262 1584 B4A7A53B 		.ascii	"\264\247\245;#c\265\271\225\222\221\234\021\377I\"M"
 3262      2363B5B9 
 3262      9592919C 
 3262      11FF4922 
 3262      4D
 3263 1595 6E00F523 		.ascii	"n\000\365#\236N\213\341}\261qo\221o\372\360\301\023"
 3263      9E4E8BE1 
 3263      7DB1716F 
 3263      916FFAF0 
 3263      C113
ARM GAS  C:\Users\nello\AppData\Local\Temp\ccMNzq7C.s 			page 141


 3264 15a7 07C74C98 		.ascii	"\007\307L\230\2148\254/N:C\031C\026\233Z\266\370x\332"
 3264      8C38AC2F 
 3264      4E3A4319 
 3264      43169B5A 
 3264      B6F878DA 
 3265 15bb 11F1F1EF 		.ascii	"\021\361\361\357\015\265jMb\267;|\247\301\340i\334d"
 3265      0DB56A4D 
 3265      62B73B7C 
 3265      A7C1E069 
 3265      DC64
 3266 15cd 9E8A71C3 		.ascii	"\236\212q\303f\314\340I\370d\330pl\3234\330'\3058\374"
 3266      66CCE049 
 3266      F864D870 
 3266      6CD334D8 
 3266      27C538FC 
 3267 15e1 EC1F8E9E 		.ascii	"\354\037\216\236\354P\354\023c\034$6\316\241\304\216"
 3267      EC50EC13 
 3267      631C2436 
 3267      CEA1C48E 
 3268 15f1 B53B021C 		.ascii	"\265;\002\034c\342\3068~;f\364\020%6.\306\241L\2348"
 3268      63E2C638 
 3268      7E3B66F4 
 3268      1025362E 
 3268      C6A14C9C 
 3269 1606 D6416246 		.ascii	"\326AbF;\310h<O\032\353Pb\306\"r\324X\324\306G\010\030"
 3269      3BC8683C 
 3269      4F1AEB50 
 3269      62C62272 
 3269      D458D4C6 
 3270 161d 4DAFC7D3 		.ascii	"M\257\307\323\037;\376\370\305\215\267\3079H\334\370"
 3270      1F3BFEF8 
 3270      C58DB7C7 
 3270      3948DCF8 
 3271 162d 4924CEEE 		.ascii	"I$\316\356\360\213\211u\330\035\312o'\377\033\222\343"
 3271      F08B8975 
 3271      D81DCA6F 
 3271      27FF1B92 
 3271      E3
 3272 163e 7D3FFBA4 		.ascii	"}?\373\244\217bG\343o\214\3351\352\257\3153^\304'\246"
 3272      8F6247E3 
 3272      6F8CDD31 
 3272      EAAFCD33 
 3272      5EC427A6 
 3273 1652 0CC320AC 		.ascii	"\014\303 \254q\366Qlh\370\331\035h\207\330\251g\243"
 3273      71F6516C 
 3273      68F8D91D 
 3273      6887D8A9 
 3273      67A3
 3274 1664 0D317CE0 		.ascii	"\0151|\340g\267\307N\322\257G\004\304L\032\025\0357"
 3274      67B7C74E 
 3274      D2AF4704 
 3274      C44C1A15 
 3274      1D37
 3275 1676 71CC870E 		.ascii	"q\314\207\016\033\266\242X+ZoF\011\344\360\200\230\361"
 3275      1BB6A258 
 3275      2B5A6F46 
 3275      09E4F080 
ARM GAS  C:\Users\nello\AppData\Local\Temp\ccMNzq7C.s 			page 142


 3275      98F1
 3276 1688 A386B29B 		.ascii	"\243\206\262\233\264\025-Z\034(p\357[(#\336\261R\022"
 3276      B4152D5A 
 3276      1C2870EF 
 3276      5B2823DE 
 3276      B15212
 3277 169b CAA63574 		.ascii	"\312\2465t\256_Y(\027\336\242\347h\365\034ed\031F\225"
 3277      AE5F5928 
 3277      17DEA2E7 
 3277      68F51C65 
 3277      64194695 
 3278 16af A21D7193 		.ascii	"\242\035q\223\035\324\301(\332\210\026-\235h\250\225"
 3278      1DD4C128 
 3278      DA88162D 
 3278      9D68A895 
 3279 16bf 12D17BB4 		.ascii	"\022\321{\264\021\2555\030J\200\242\025{,\346\334\036"
 3279      11AD3518 
 3279      4A80A215 
 3279      7B2CE6DC 
 3279      1E
 3280 16d0 3B96FE8C 		.ascii	";\226\376\214\321\037DY&M\230`\037;\216v\3248\207\037"
 3280      D11F4459 
 3280      264D9860 
 3280      1F3B8E76 
 3280      D438871F 
 3281 16e4 F687DD21 		.ascii	"\366\207\335!\333\035\376,E\321\201\016\273]\233f\372"
 3281      DB1DFE2C 
 3281      45D1810E 
 3281      BB5D9B66 
 3281      FA
 3282 16f5 808BD69B 		.ascii	"\200\213\326\233Qzs\310\377\002\204*\353Z"
 3282      517A73C8 
 3282      FF02842A 
 3282      EB5A
 3283              		.text
 3284              		.section	.gnu.lto_.symtab.71a49ca7,"e",%progbits
 3285 0000 646D6149 		.ascii	"dmaInit\000"
 3285      6E697400 
 3286 0008 00       		.ascii	"\000"
 3287 0009 00       		.ascii	"\000"
 3288 000a 00       		.ascii	"\000"
 3289 000b 00000000 		.ascii	"\000\000\000\000\000\000\000\000"
 3289      00000000 
 3290 0013 C4000000 		.ascii	"\304\000\000\000"
 3291 0017 5F73746D 		.ascii	"_stm32_dma_streams\000"
 3291      33325F64 
 3291      6D615F73 
 3291      74726561 
 3291      6D7300
 3292 002a 00       		.ascii	"\000"
 3293 002b 00       		.ascii	"\000"
 3294 002c 00       		.ascii	"\000"
 3295 002d 00000000 		.ascii	"\000\000\000\000\000\000\000\000"
 3295      00000000 
 3296 0035 53010000 		.ascii	"S\001\000\000"
 3297 0039 646D6153 		.ascii	"dmaStreamAllocI\000"
 3297      74726561 
ARM GAS  C:\Users\nello\AppData\Local\Temp\ccMNzq7C.s 			page 143


 3297      6D416C6C 
 3297      6F634900 
 3298 0049 00       		.ascii	"\000"
 3299 004a 00       		.ascii	"\000"
 3300 004b 00       		.ascii	"\000"
 3301 004c 00000000 		.ascii	"\000\000\000\000\000\000\000\000"
 3301      00000000 
 3302 0054 DB000000 		.ascii	"\333\000\000\000"
 3303 0058 646D6153 		.ascii	"dmaStreamAlloc\000"
 3303      74726561 
 3303      6D416C6C 
 3303      6F6300
 3304 0067 00       		.ascii	"\000"
 3305 0068 00       		.ascii	"\000"
 3306 0069 00       		.ascii	"\000"
 3307 006a 00000000 		.ascii	"\000\000\000\000\000\000\000\000"
 3307      00000000 
 3308 0072 DD000000 		.ascii	"\335\000\000\000"
 3309 0076 646D6153 		.ascii	"dmaStreamFreeI\000"
 3309      74726561 
 3309      6D467265 
 3309      654900
 3310 0085 00       		.ascii	"\000"
 3311 0086 00       		.ascii	"\000"
 3312 0087 00       		.ascii	"\000"
 3313 0088 00000000 		.ascii	"\000\000\000\000\000\000\000\000"
 3313      00000000 
 3314 0090 E1000000 		.ascii	"\341\000\000\000"
 3315 0094 646D6153 		.ascii	"dmaStreamFree\000"
 3315      74726561 
 3315      6D467265 
 3315      6500
 3316 00a2 00       		.ascii	"\000"
 3317 00a3 00       		.ascii	"\000"
 3318 00a4 00       		.ascii	"\000"
 3319 00a5 00000000 		.ascii	"\000\000\000\000\000\000\000\000"
 3319      00000000 
 3320 00ad E3000000 		.ascii	"\343\000\000\000"
 3321 00b1 646D6153 		.ascii	"dmaServeInterrupt\000"
 3321      65727665 
 3321      496E7465 
 3321      72727570 
 3321      7400
 3322 00c3 00       		.ascii	"\000"
 3323 00c4 00       		.ascii	"\000"
 3324 00c5 00       		.ascii	"\000"
 3325 00c6 00000000 		.ascii	"\000\000\000\000\000\000\000\000"
 3325      00000000 
 3326 00ce E5000000 		.ascii	"\345\000\000\000"
 3327 00d2 56656374 		.ascii	"Vector6C\000"
 3327      6F723643 
 3327      00
 3328 00db 00       		.ascii	"\000"
 3329 00dc 00       		.ascii	"\000"
 3330 00dd 00       		.ascii	"\000"
 3331 00de 00000000 		.ascii	"\000\000\000\000\000\000\000\000"
 3331      00000000 
ARM GAS  C:\Users\nello\AppData\Local\Temp\ccMNzq7C.s 			page 144


 3332 00e6 E7000000 		.ascii	"\347\000\000\000"
 3333 00ea 56656374 		.ascii	"Vector70\000"
 3333      6F723730 
 3333      00
 3334 00f3 00       		.ascii	"\000"
 3335 00f4 00       		.ascii	"\000"
 3336 00f5 00       		.ascii	"\000"
 3337 00f6 00000000 		.ascii	"\000\000\000\000\000\000\000\000"
 3337      00000000 
 3338 00fe E9000000 		.ascii	"\351\000\000\000"
 3339 0102 56656374 		.ascii	"Vector74\000"
 3339      6F723734 
 3339      00
 3340 010b 00       		.ascii	"\000"
 3341 010c 00       		.ascii	"\000"
 3342 010d 00       		.ascii	"\000"
 3343 010e 00000000 		.ascii	"\000\000\000\000\000\000\000\000"
 3343      00000000 
 3344 0116 EB000000 		.ascii	"\353\000\000\000"
 3345 011a 56656374 		.ascii	"Vector78\000"
 3345      6F723738 
 3345      00
 3346 0123 00       		.ascii	"\000"
 3347 0124 00       		.ascii	"\000"
 3348 0125 00       		.ascii	"\000"
 3349 0126 00000000 		.ascii	"\000\000\000\000\000\000\000\000"
 3349      00000000 
 3350 012e ED000000 		.ascii	"\355\000\000\000"
 3351 0132 56656374 		.ascii	"Vector7C\000"
 3351      6F723743 
 3351      00
 3352 013b 00       		.ascii	"\000"
 3353 013c 00       		.ascii	"\000"
 3354 013d 00       		.ascii	"\000"
 3355 013e 00000000 		.ascii	"\000\000\000\000\000\000\000\000"
 3355      00000000 
 3356 0146 EF000000 		.ascii	"\357\000\000\000"
 3357 014a 56656374 		.ascii	"Vector80\000"
 3357      6F723830 
 3357      00
 3358 0153 00       		.ascii	"\000"
 3359 0154 00       		.ascii	"\000"
 3360 0155 00       		.ascii	"\000"
 3361 0156 00000000 		.ascii	"\000\000\000\000\000\000\000\000"
 3361      00000000 
 3362 015e F1000000 		.ascii	"\361\000\000\000"
 3363 0162 56656374 		.ascii	"Vector84\000"
 3363      6F723834 
 3363      00
 3364 016b 00       		.ascii	"\000"
 3365 016c 00       		.ascii	"\000"
 3366 016d 00       		.ascii	"\000"
 3367 016e 00000000 		.ascii	"\000\000\000\000\000\000\000\000"
 3367      00000000 
 3368 0176 F3000000 		.ascii	"\363\000\000\000"
 3369 017a 56656374 		.ascii	"Vector1C0\000"
 3369      6F723143 
ARM GAS  C:\Users\nello\AppData\Local\Temp\ccMNzq7C.s 			page 145


 3369      3000
 3370 0184 00       		.ascii	"\000"
 3371 0185 00       		.ascii	"\000"
 3372 0186 00       		.ascii	"\000"
 3373 0187 00000000 		.ascii	"\000\000\000\000\000\000\000\000"
 3373      00000000 
 3374 018f F5000000 		.ascii	"\365\000\000\000"
 3375 0193 56656374 		.ascii	"Vector120\000"
 3375      6F723132 
 3375      3000
 3376 019d 00       		.ascii	"\000"
 3377 019e 00       		.ascii	"\000"
 3378 019f 00       		.ascii	"\000"
 3379 01a0 00000000 		.ascii	"\000\000\000\000\000\000\000\000"
 3379      00000000 
 3380 01a8 F7000000 		.ascii	"\367\000\000\000"
 3381 01ac 56656374 		.ascii	"Vector124\000"
 3381      6F723132 
 3381      3400
 3382 01b6 00       		.ascii	"\000"
 3383 01b7 00       		.ascii	"\000"
 3384 01b8 00       		.ascii	"\000"
 3385 01b9 00000000 		.ascii	"\000\000\000\000\000\000\000\000"
 3385      00000000 
 3386 01c1 F9000000 		.ascii	"\371\000\000\000"
 3387 01c5 56656374 		.ascii	"Vector128\000"
 3387      6F723132 
 3387      3800
 3388 01cf 00       		.ascii	"\000"
 3389 01d0 00       		.ascii	"\000"
 3390 01d1 00       		.ascii	"\000"
 3391 01d2 00000000 		.ascii	"\000\000\000\000\000\000\000\000"
 3391      00000000 
 3392 01da FB000000 		.ascii	"\373\000\000\000"
 3393 01de 56656374 		.ascii	"Vector12C\000"
 3393      6F723132 
 3393      4300
 3394 01e8 00       		.ascii	"\000"
 3395 01e9 00       		.ascii	"\000"
 3396 01ea 00       		.ascii	"\000"
 3397 01eb 00000000 		.ascii	"\000\000\000\000\000\000\000\000"
 3397      00000000 
 3398 01f3 FD000000 		.ascii	"\375\000\000\000"
 3399 01f7 56656374 		.ascii	"Vector130\000"
 3399      6F723133 
 3399      3000
 3400 0201 00       		.ascii	"\000"
 3401 0202 00       		.ascii	"\000"
 3402 0203 00       		.ascii	"\000"
 3403 0204 00000000 		.ascii	"\000\000\000\000\000\000\000\000"
 3403      00000000 
 3404 020c FF000000 		.ascii	"\377\000\000\000"
 3405 0210 56656374 		.ascii	"Vector1C4\000"
 3405      6F723143 
 3405      3400
 3406 021a 00       		.ascii	"\000"
 3407 021b 00       		.ascii	"\000"
ARM GAS  C:\Users\nello\AppData\Local\Temp\ccMNzq7C.s 			page 146


 3408 021c 00       		.ascii	"\000"
 3409 021d 00000000 		.ascii	"\000\000\000\000\000\000\000\000"
 3409      00000000 
 3410 0225 01010000 		.ascii	"\001\001\000\000"
 3411 0229 56656374 		.ascii	"Vector1C8\000"
 3411      6F723143 
 3411      3800
 3412 0233 00       		.ascii	"\000"
 3413 0234 00       		.ascii	"\000"
 3414 0235 00       		.ascii	"\000"
 3415 0236 00000000 		.ascii	"\000\000\000\000\000\000\000\000"
 3415      00000000 
 3416 023e 03010000 		.ascii	"\003\001\000\000"
 3417 0242 56656374 		.ascii	"Vector1CC\000"
 3417      6F723143 
 3417      4300
 3418 024c 00       		.ascii	"\000"
 3419 024d 00       		.ascii	"\000"
 3420 024e 00       		.ascii	"\000"
 3421 024f 00000000 		.ascii	"\000\000\000\000\000\000\000\000"
 3421      00000000 
 3422 0257 05010000 		.ascii	"\005\001\000\000"
 3423 025b 646D6153 		.ascii	"dmaSetRequestSource\000"
 3423      65745265 
 3423      71756573 
 3423      74536F75 
 3423      72636500 
 3424 026f 00       		.ascii	"\000"
 3425 0270 00       		.ascii	"\000"
 3426 0271 00       		.ascii	"\000"
 3427 0272 00000000 		.ascii	"\000\000\000\000\000\000\000\000"
 3427      00000000 
 3428 027a 0A010000 		.ascii	"\012\001\000\000"
 3429 027e 6E766963 		.ascii	"nvicEnableVector\000"
 3429      456E6162 
 3429      6C655665 
 3429      63746F72 
 3429      00
 3430 028f 00       		.ascii	"\000"
 3431 0290 02       		.ascii	"\002"
 3432 0291 00       		.ascii	"\000"
 3433 0292 00000000 		.ascii	"\000\000\000\000\000\000\000\000"
 3433      00000000 
 3434 029a 0F010000 		.ascii	"\017\001\000\000"
 3435 029e 6E766963 		.ascii	"nvicDisableVector\000"
 3435      44697361 
 3435      626C6556 
 3435      6563746F 
 3435      7200
 3436 02b0 00       		.ascii	"\000"
 3437 02b1 02       		.ascii	"\002"
 3438 02b2 00       		.ascii	"\000"
 3439 02b3 00000000 		.ascii	"\000\000\000\000\000\000\000\000"
 3439      00000000 
 3440 02bb 13010000 		.ascii	"\023\001\000\000"
 3441              		.text
 3442              		.section	.gnu.lto_.ext_symtab.71a49ca7,"e",%progbits
ARM GAS  C:\Users\nello\AppData\Local\Temp\ccMNzq7C.s 			page 147


 3443 0000 01       		.ascii	"\001"
 3444 0001 01       		.ascii	"\001"
 3445 0002 00       		.ascii	"\000"
 3446 0003 02       		.ascii	"\002"
 3447 0004 00       		.ascii	"\000"
 3448 0005 01       		.ascii	"\001"
 3449 0006 00       		.ascii	"\000"
 3450 0007 01       		.ascii	"\001"
 3451 0008 00       		.ascii	"\000"
 3452 0009 01       		.ascii	"\001"
 3453 000a 00       		.ascii	"\000"
 3454 000b 01       		.ascii	"\001"
 3455 000c 00       		.ascii	"\000"
 3456 000d 01       		.ascii	"\001"
 3457 000e 00       		.ascii	"\000"
 3458 000f 01       		.ascii	"\001"
 3459 0010 00       		.ascii	"\000"
 3460 0011 01       		.ascii	"\001"
 3461 0012 00       		.ascii	"\000"
 3462 0013 01       		.ascii	"\001"
 3463 0014 00       		.ascii	"\000"
 3464 0015 01       		.ascii	"\001"
 3465 0016 00       		.ascii	"\000"
 3466 0017 01       		.ascii	"\001"
 3467 0018 00       		.ascii	"\000"
 3468 0019 01       		.ascii	"\001"
 3469 001a 00       		.ascii	"\000"
 3470 001b 01       		.ascii	"\001"
 3471 001c 00       		.ascii	"\000"
 3472 001d 01       		.ascii	"\001"
 3473 001e 00       		.ascii	"\000"
 3474 001f 01       		.ascii	"\001"
 3475 0020 00       		.ascii	"\000"
 3476 0021 01       		.ascii	"\001"
 3477 0022 00       		.ascii	"\000"
 3478 0023 01       		.ascii	"\001"
 3479 0024 00       		.ascii	"\000"
 3480 0025 01       		.ascii	"\001"
 3481 0026 00       		.ascii	"\000"
 3482 0027 01       		.ascii	"\001"
 3483 0028 00       		.ascii	"\000"
 3484 0029 01       		.ascii	"\001"
 3485 002a 00       		.ascii	"\000"
 3486 002b 01       		.ascii	"\001"
 3487 002c 00       		.ascii	"\000"
 3488 002d 01       		.ascii	"\001"
 3489 002e 00       		.ascii	"\000"
 3490 002f 01       		.ascii	"\001"
 3491 0030 00       		.ascii	"\000"
 3492 0031 01       		.ascii	"\001"
 3493 0032 00       		.ascii	"\000"
 3494 0033 01       		.ascii	"\001"
 3495 0034 00       		.ascii	"\000"
 3496              		.text
 3497              		.section	.gnu.lto_.opts,"e",%progbits
 3498 0000 272D666E 		.ascii	"'-fno-openmp' '-fno-openacc' '-fno-pie' '-fcf-prote"
 3498      6F2D6F70 
ARM GAS  C:\Users\nello\AppData\Local\Temp\ccMNzq7C.s 			page 148


 3498      656E6D70 
 3498      2720272D 
 3498      666E6F2D 
 3499 0033 6374696F 		.ascii	"ction=none' '-g' '-mcpu=cortex-m4' '-mthumb' '-mflo"
 3499      6E3D6E6F 
 3499      6E652720 
 3499      272D6727 
 3499      20272D6D 
 3500 0066 61742D61 		.ascii	"at-abi=soft' '-mlibarch=armv7e-m' '-march=armv7e-m'"
 3500      62693D73 
 3500      6F667427 
 3500      20272D6D 
 3500      6C696261 
 3501 0099 20272D4F 		.ascii	" '-O0' '-fomit-frame-pointer' '-falign-functions=16"
 3501      30272027 
 3501      2D666F6D 
 3501      69742D66 
 3501      72616D65 
 3502 00cc 2720272D 		.ascii	"' '-ffunction-sections' '-fdata-sections' '-fno-com"
 3502      6666756E 
 3502      6374696F 
 3502      6E2D7365 
 3502      6374696F 
 3503 00ff 6D6F6E27 		.ascii	"mon' '-flto' '-Xassembler' '-alms=./build/lst/stm32"
 3503      20272D66 
 3503      6C746F27 
 3503      20272D58 
 3503      61737365 
 3504 0132 5F646D61 		.ascii	"_dma.lst'\000"
 3504      2E6C7374 
 3504      2700
 3505              		.text
 3506              		.comm	__gnu_lto_slim,1,1
 3507              		.ident	"GCC: (GNU Arm Embedded Toolchain 10.3-2021.10) 10.3.1 20210824 (release)"
ARM GAS  C:\Users\nello\AppData\Local\Temp\ccMNzq7C.s 			page 149


DEFINED SYMBOLS
                            *ABS*:00000000 stm32_dma.c
C:\Users\nello\AppData\Local\Temp\ccMNzq7C.s:28     .gnu.debuglto_.debug_info:00000000 stm32_dma.c.da59a97e
                            *COM*:00000001 __gnu_lto_slim

NO UNDEFINED SYMBOLS
