:020000040800F2
:1000000000040020B9020008BB020008BB0200087F
:10001000BB020008BB020008BB020008BB020008CC
:10002000BB020008BB020008BB020008C1020008B6
:10003000BB020008BB020008DF020008BB02000888
:10004000BB020008BB020008BB020008BB0200089C
:10005000BB020008BB02000871200008F120000864
:1000600071210008F121000871220008D12D00083B
:10007000F12D0008112E0008312E0008512E000825
:10008000712E0008912E0008BB020008BB02000878
:10009000BB020008BB020008BB020008F1220008F6
:1000A000BB020008BB020008BB020008BB0200083C
:1000B00031270008BB02000871270008D139000869
:1000C000113A0008BB020008BB020008BB0200088E
:1000D000BB020008BB02000891260008BB02000812
:1000E00041240008BB020008BB020008BB02000854
:1000F000BB020008BB020008BB020008BB020008EC
:10010000BB020008BB020008BB020008BB020008DB
:10011000BB020008BB020008BB020008BB020008CB
:10012000D12E0008F12E0008112F0008312F0008F1
:10013000512F0008BB020008BB020008BB020008E8
:10014000BB020008BB020008BB020008BB0200089B
:10015000BB020008BB020008BB020008BB0200088B
:10016000BB020008BB020008BB020008BB0200087B
:10017000BB020008BB020008BB020008BB0200086B
:10018000BB020008BB020008BB020008BB0200085B
:10019000BB020008BB020008BB020008BB0200084B
:1001A000BB020008BB020008BB020008F1260008E1
:1001B000BB020008BB020008BB020008BB0200082B
:1001C000B12E0008712F0008912F0008B12F0008F0
:1001D000BB020008BB020008BB020008BB0200080B
:1001E00072B6264880F30888254880F30988254898
:1001F00025490860022080F31488BFF36F8F00F058
:100200004FFD04F0CDFC4FF0553020491B4A914280
:100210003CBF41F8040BFAE71D49194A91423CBF23
:1002200041F8040BFAE71B491B4A1C4B9A423EBF9C
:1002300051F8040B42F8040BF8E700201849194A5A
:1002400091423CBF41F8040BFAE700F041FD00F099
:100250002FFD154C154DAC4203DA54F8041B8847AA
:10026000F9E708F01DFF124C124DAC4203DA54F8C6
:10027000041B8847F9E700F023BD000000040020BC
:10028000000800200000000808ED00E00000002049
:1002900000040020D0FC0108000800207C08002099
:1002A0008008002010280020E0010008E00100087C
:1002B000E0010008E001000892E700F000F8FEE726
:1002C000EFF309820C31EFF31183A1E8FC4F0C30FE
:1002D000B0E8FC4F82F3098883F311887047EFF38D
:1002E000118308B506F03CF9002808BF08BDBDE839
:1002F00008400C31EFF30982A1E8FC4F0C30B0E864
:10030000FC4F82F3098883F311887047002383F33D
:1003100011882846A047002005F002FDFEE70000F6
:10032000844641EA000313F003036DD1403A41D300
:1003300051F8043B40F8043B51F8043B40F8043BBF
:1003400051F8043B40F8043B51F8043B40F8043BAF
:1003500051F8043B40F8043B51F8043B40F8043B9F
:1003600051F8043B40F8043B51F8043B40F8043B8F
:1003700051F8043B40F8043B51F8043B40F8043B7F
:1003800051F8043B40F8043B51F8043B40F8043B6F
:1003900051F8043B40F8043B51F8043B40F8043B5F
:1003A00051F8043B40F8043B51F8043B40F8043B4F
:1003B000403ABDD2303211D351F8043B40F8043BEF
:1003C00051F8043B40F8043B51F8043B40F8043B2F
:1003D00051F8043B40F8043B103AEDD20C3205D3FF
:1003E00051F8043B40F8043B043AF9D2043208D0F7
:1003F000D2071CBF11F8013B00F8013B01D30B8869
:1004000003806046704700BF082A13D38B078DD046
:1004100010F003038AD0C3F10403D21ADB071CBF18
:1004200011F8013B00F8013B80D331F8023B20F882
:10043000023B7BE7043AD9D3013A11F8013B00F8BB
:10044000013BF9D20B7803704B7843708B78837043
:100450006046704780F0004002E000BF81F000413C
:1004600042001FBF5FEA410392EA030F7FEA226C5A
:100470007FEA236C6AD04FEA1262D2EB1363C1BFEA
:10048000D218414048404140B8BF5B42192B88BF59
:10049000704710F0004F40F4000020F07F4018BF7C
:1004A000404211F0004F41F4000121F07F4118BF9C
:1004B000494292EA030F3FD0A2F1010241FA03FC44
:1004C00010EB0C00C3F1200301FA03F100F000432C
:1004D00002D5494260EB4000B0F5000F13D3B0F1F4
:1004E000807F06D340084FEA310102F10102FE2A63
:1004F00051D2B1F1004F40EBC25008BF20F00100D3
:1005000040EA03007047490040EB0000013A28BF71
:10051000B0F5000FEDD2B0FA80FCACF1080CB2EBF4
:100520000C0200FA0CF0AABF00EBC2505242184372
:10053000BCBFD0401843704792F0000F81F4000117
:1005400006BF80F400000132013BB5E74FEA4103EA
:100550007FEA226C18BF7FEA236C21D092EA030F56
:1005600004D092F0000F08BF0846704790EA010FD0
:100570001CBF0020704712F07F4F04D1400028BFFD
:1005800040F00040704712F100723CBF00F50000DF
:10059000704700F0004343F0FE4040F40000704715
:1005A0007FEA226216BF08467FEA236301464202C1
:1005B00006BF5FEA412390EA010F40F480007047D4
:1005C0004FF0000304E000BF10F0004348BF40427A
:1005D0005FEA000C08BF704743F0964301464FF0B6
:1005E00000001CE050EA010208BF70474FF0000312
:1005F0000AE000BF50EA010208BF704711F0004353
:1006000002D5404261EB41015FEA010C02BF844622
:100610000146002043F0B64308BFA3F18053A3F581
:100620000003BCFA8CF2083AA3EBC25310DB01FAC8
:1006300002FC634400FA02FCC2F12002BCF1004F4C
:1006400020FA02F243EB020008BF20F001007047DD
:1006500002F1200201FA02FCC2F1200250EA4C0031
:1006600021FA02F243EB020008BF20EADC70704777
:100670004FF0FF0C1CEAD0521EBF1CEAD15392EA85
:100680000C0F93EA0C0F6FD01A4480EA010C400261
:1006900018BF5FEA41211ED04FF0006343EA5010BB
:1006A00043EA5111A0FB01310CF00040B1F5000FFD
:1006B0003EBF490041EAD3715B0040EA010062F1AC
:1006C0007F02FD2A1DD8B3F1004F40EBC25008BF96
:1006D00020F00100704790F0000F0CF0004C08BFB4
:1006E00049024CEA502040EA51207F3AC2BFD2F181
:1006F000FF0340EAC250704740F400004FF000038F
:10070000013A5DDC12F1190FDCBF00F000407047C8
:10071000C2F10002410021FA02F1C2F1200200FA06
:1007200002FC5FEA310040F1000053EA4C0308BFCD
:1007300020EADC70704792F0000F00F0004C02BF1E
:10074000400010F4000F013AF9D040EA0C0093F099
:10075000000F01F0004C02BF490011F4000F013BF3
:10076000F9D041EA0C018FE70CEAD15392EA0C0F61
:1007700018BF93EA0C0F0AD030F0004C18BF31F0CC
:10078000004CD8D180EA010000F00040704790F0A2
:10079000000F17BF90F0004F084691F0000F91F046
:1007A000004F14D092EA0C0F01D142020FD193EA0C
:1007B0000C0F03D14B0218BF084608D180EA010094
:1007C00000F0004040F0FE4040F40000704740F070
:1007D000FE4040F4400070474FF0FF0C1CEAD0523E
:1007E0001EBF1CEAD15392EA0C0F93EA0C0F69D09A
:1007F000A2EB030280EA010C49024FEA402037D005
:100800004FF0805343EA111143EA10130CF00040FB
:100810008B4238BF5B0042F17D024FF4000C8B42EB
:1008200024BF5B1A40EA0C00B3EB510F24BFA3EBCB
:10083000510340EA5C00B3EB910F24BFA3EB91039B
:1008400040EA9C00B3EBD10F24BFA3EBD10340EAF5
:10085000DC001B0118BF5FEA1C1CE0D1FD2A3FF63B
:1008600050AF8B4240EBC25008BF20F001007047F0
:100870000CF0004C4CEA50207F32C2BFD2F1FF0393
:1008800040EAC250704740F400004FF00003013AC4
:1008900037E792F0000F00F0004C02BF400010F468
:1008A000000F013AF9D040EA0C0093F0000F01F07C
:1008B000004C02BF490011F4000F013BF9D041EA9E
:1008C0000C0195E70CEAD15392EA0C0F08D14202D1
:1008D0007FF47DAF93EA0C0F7FF470AF084676E7A4
:1008E00093EA0C0F04D14B023FF44CAF08466EE77D
:1008F00030F0004C18BF31F0004CCAD130F000424B
:100900007FF45CAF31F000437FF43CAF5FE700BFA2
:100910004FEA4002B2F1FE4F0FD34FF09E03B3EB0C
:1009200012620DD94FEA002343F0004310F0004F4C
:1009300023FA02F018BF404270474FF000007047A2
:1009400012F1610F01D1420205D110F0004008BF41
:100950006FF0004070474FF00000704742000ED229
:10096000B2F1FE4F0BD34FF09E03B3EB126209D4EA
:100970004FEA002343F0004323FA02F070474FF0A0
:100980000000704712F1610F01D1420202D14FF015
:10099000FF3070474FF00000704700BF53B94AB9AD
:1009A000002908BF00281CBF4FF0FF314FF0FF3077
:1009B00000F074B9ADF1080C6DE904CE00F006F852
:1009C000DDF804E0DDE9022304B070472DE9F047CB
:1009D000089E0D4604468846002B4DD18A42944617
:1009E00068D9B2FA82F252B101FA02F3C2F12001DF
:1009F00020FA01F10CFA02FC41EA030894404FEAA4
:100A00001C45210CB8FBF5FE1FFA8CF705FB1E8375
:100A100041EA03430EFB07F199420BD91CEB030398
:100A20000EF1FF3080F01E81994240F21B81AEF141
:100A3000020E63445B1AA4B2B3FBF5F005FB10335E
:100A400044EA034400FB07F7A7420AD91CEB04045D
:100A500000F1FF3380F00881A74240F20581644431
:100A60000238E41B40EA0E4000211EB1D4400023AE
:100A7000C6E90043BDE8F0878B4208D9002E00F09C
:100A8000EE800021C6E900050846BDE8F087B3FA0C
:100A900083F100294AD1AB4202D3824200F2F980AD
:100AA000841A65EB030301209846002EE2D0C6E9C4
:100AB0000048DFE702B9FFDEB2FA82F2002A40F016
:100AC0009180A1EB0C054FEA1C471FFA8CFE012117
:100AD000B5FBF7F307FB1350250C45EA00450EFB69
:100AE00003F0A84208D91CEB050503F1FF3802D238
:100AF000A84200F2CB8043462D1AA4B2B5FBF7F012
:100B000007FB105544EA05440EFB00FEA64508D934
:100B10001CEB040400F1FF3502D2A64500F2BB80B5
:100B20002846A4EB0E0440EA03409EE7C1F12007EB
:100B30008B4022FA07FC4CEA030C20FA07F405FA72
:100B400001F31C43FD404FEA1C4900FA01F3B5FBD9
:100B5000F9F8200C1FFA8CFE09FB185540EA0545F0
:100B600008FB0EF0A84202FA01F20BD91CEB0505B6
:100B700008F1FF3A80F08880A84240F28580A8F111
:100B8000020865442D1AA4B2B5FBF9F009FB105513
:100B900044EA054500FB0EFEAE4508D91CEB0505F1
:100BA00000F1FF346CD2AE456AD90238654440EAA0
:100BB0000840A0FB0294A5EB0E05A542C846A64638
:100BC00056D353D05EB1B3EB080265EB0E0505FAC0
:100BD00007F722FA01F3CD401F43C6E90075002153
:100BE000BDE8F087C2F1200320FA03F10CFA02FC01
:100BF00025FA03F395400D434FEA1C471FFA8CFE7C
:100C0000B3FBF7F107FB11302B0C43EA004301FB68
:100C10000EF0984204FA02F408D91CEB030301F128
:100C2000FF382FD298422DD9023963441B1AADB236
:100C3000B3FBF7F007FB103345EA034500FB0EF367
:100C4000AB4208D91CEB050500F1FF3816D2AB42C8
:100C500014D902386544ED1A40EA014138E73146BB
:100C6000304607E78646E5E61846FAE64B45A9D240
:100C7000B9EB020864EB0C0E0138A3E74046EAE743
:100C8000204694E74146D1E7D0467BE7023B6544E6
:100C900032E7084609E76444023842E7704700BF7C
:100CA00000BF7047000000000000000000000000CE
:100CB00000BF7047000000000000000000000000BE
:100CC000FEE700BF00000000000000000000000080
:100CD00084B0174B0393039B1B680293039B5B68D1
:100CE000019309E0029B1A68019B1A60019B04337F
:100CF0000193029B04330293039B9B68019A9A42DF
:100D0000F0D305E0019B00221A60019B043301939C
:100D1000039BDB68019A9A42F4D3039B103303933D
:100D2000039B044A9342D6D300BF00BF04B0704770
:100D30005C9F0008DC9F000800000000000000002D
:100D400000BF70470000000000000000000000002D
:100D500008B5FFF7F5FF01F093FF02F0B9FA00F0D4
:100D6000D7FB00F075FC00F033FE01F029F803F02A
:100D70001FFF00F03DF800BF08BD00BF00000000ED
:100D80004FF080435B6A1846704700BF00000000C8
:100D900082B001904FF08042019B53634FF080433B
:100DA00000221A614FF080430222DA6000BF02B0D5
:100DB000704700BF000000000000000000000000BD
:100DC0004FF080430022DA6000BF7047000000004F
:100DD00082B001904FF08042019B536300BF02B08C
:100DE000704700BF0000000000000000000000008D
:100DF00008B502F0CDFF00BF08BD00BF0000000035
:100E000008B5FFF7BDFF0346184608BD0000000007
:100E100000B583B001900198FFF7BAFF00BF03B09F
:100E20005DF804FB0000000000000000000000006E
:100E300008B5FFF7C5FF00BF08BD00BF00000000F8
:100E400000B583B001900198FFF7C2FF00BF03B067
:100E50005DF804FB0000000000000000000000003E
:100E600082B00190019B019A1A60019B019A5A601D
:100E700000BF02B0704700BF00000000000000008B
:100E800082B030230193019B83F3118800BF00BF20
:100E900000BF02B0704700BF00000000000000006B
:100EA00082B000230193019B83F3118800BF00BF30
:100EB00000BF02B0704700BF00000000000000004B
:100EC00000B583B00190019B1846FFF7C9FF00BF32
:100ED00003B05DF804FB00BF00000000000000004C
:100EE00008B5FFF7CDFF00BF08BD00BF0000000040
:100EF00008B5FFF7D5FF00BF08BD00BF0000000028
:100F000000B583B001900198FFF7DAFF00BF03B08E
:100F10005DF804FB0000000000000000000000007D
:100F200000B583B0019000910099019804F098FFFA
:100F30000346184603B05DF804FB00BF0000000044
:100F400000B583B0019000910099019804F0A8FFCA
:100F500000BF03B05DF804FB0000000000000000CB
:100F600000B587B0039002910192039B9B68019AA0
:100F70009A4202D9039B9B680193039B1A69039BC6
:100F80009B69D31A0593019A059B9A420DD2039B44
:100F90009B69019A19460298FFF7C2F9039B9A6967
:100FA000019B1A44039B9A612BE0019A059B9A428C
:100FB0001CD9039B9B69059A19460298FFF7B0F963
:100FC000029A059B13440293019A059BD31A04933A
:100FD000039BDB68049A19460298FFF7A1F9039B6B
:100FE000DA68049B1A44039B9A610AE0039B9B699D
:100FF000019A19460298FFF793F9039BDA68039B5D
:101000009A61039B9A68019BD21A039B9A60019B89
:10101000184607B05DF804FB000000000000000067
:1010200000B587B0039002910192039B9B68019ADF
:101030009A4202D9039B9B680193039B1A69039B05
:101040005B69D31A0593019A059B9A420DD2039BC3
:101050005B69019A02991846FFF762F9039B5A6986
:10106000019B1A44039B5A612BE0019A059B9A420B
:101070001CD9039B5B69059A02991846FFF750F942
:10108000029A059B13440293019A059BD31A049379
:10109000039BDB68049A02991846FFF741F9039B0A
:1010A000DA68049B1A44039B5A610AE0039B5B695C
:1010B000019A02991846FFF733F9039BDA68039BFC
:1010C0005A61039B9A68019BD21A039B9A60019B09
:1010D000184607B05DF804FB0000000000000000A7
:1010E00000B585B00390029101920093039B1846CE
:1010F000FFF706FF039B00229A60039B029ADA60C7
:10110000039B029A9A61039B029A5A61029A019B7D
:101110001A44039B1A61039B009ADA61039B069AA7
:101120001A6200BF05B05DF804FB00BF00000000BC
:1011300000B583B001900B468DF80330019B5A69CE
:10114000019B9B699A4205D1019B9B68002B01D0B2
:10115000012300E0002303F00103DBB283F001036D
:10116000DBB2002B1DD0019B9B685A1C019B9A602F
:10117000019B5B69591C019A51619DF803201A700B
:10118000019B5A69019B1B699A4203D3019BDA6850
:10119000019B5A61019B00211846FFF7D1FE0023F5
:1011A00001E04FF0FF33184603B05DF804FB00BFC9
:1011B00000B585B001900091FFF792FE0CE0019B15
:1011C00000991846FFF7ACFE0290029B002B03DA51
:1011D000FFF78EFE029B26E0019B9B68002BEED062
:1011E000019B9B685A1E019B9A60019B9B69591C3D
:1011F000019A91611B788DF80F30019B9A69019BD0
:101200001B699A4203D3019BDA68019B9A61019B97
:10121000DB69002B03D0019BDB6901989847FFF73E
:1012200067FE9DF80F30184605B05DF804FB00BF5F
:1012300000B589B00390029101920093039BDB6992
:101240000793019B0693FFF74BFE24E0019A029956
:101250000398FFF785FE0590059B002B09D1039BA2
:1012600000991846FFF75CFE0490049B002B12D0F7
:1012700014E0079B002B02D0079B03989847FFF7C9
:1012800037FE019A059BD31A0193029A059B1344DA
:101290000293FFF725FE019B002BD7D1FFF728FE15
:1012A000069A019BD31A184609B05DF804FB00BFEB
:1012B00000B585B00390029101920093039B1846FC
:1012C000FFF71EFE039B019A9A60039B029ADA6065
:1012D000039B029A9A61039B029A5A61029A019BAC
:1012E0001A44039B1A61039B009ADA61039B069AD6
:1012F0001A6200BF05B05DF804FB00BF00000000EB
:1013000000B587B003900B4601928DF80B30FFF7C4
:10131000E7FD0CE0039B01991846FFF701FE0590DD
:10132000059B002B03DAFFF7E3FD059B25E0039BFC
:101330009B68002BEED0039B9B685A1E039B9A6010
:10134000039B5B69591C039A51619DF80B201A702D
:10135000039B5A69039B1B699A4203D3039BDA6878
:10136000039B5A61039BDB69002B03D0039BDB6962
:1013700003989847FFF7BCFD0023184607B05DF8B7
:1013800004FB00BF0000000000000000000000009F
:1013900000B585B00190019B5A69019B9B699A42F7
:1013A00005D1019B9B68002B01D0012300E00023A5
:1013B00003F00103DBB283F00103DBB2002B1ED08C
:1013C000019B9B685A1C019B9A60019B9B69591C5D
:1013D000019A91611B788DF80F30019B9A69019BEE
:1013E0001B699A4203D3019BDA68019B9A61019BB6
:1013F00000211846FFF7A4FD9DF80F3001E04FF0E3
:10140000FF33184605B05DF804FB00BF0000000084
:1014100000B589B00390029101920093039BDB69B0
:101420000793019B0693FFF75BFD24E0019A029965
:101430000398FFF7F5FD0590059B002B09D1039B51
:1014400000991846FFF76CFD0490049B002B12D006
:1014500014E0079B002B02D0079B03989847FFF7E7
:1014600047FD019A059BD31A0193029A059B1344E9
:101470000293FFF735FD019B002BD7D1FFF738FD15
:10148000069A019BD31A184609B05DF804FB00BF09
:1014900082B030230193019B83F3118800BF00BF0A
:1014A00000BF02B0704700BF000000000000000055
:1014B00082B000230193019B83F3118800BF00BF1A
:1014C00000BF02B0704700BF000000000000000035
:1014D00008B5FFF7DDFF00BF08BD00BF000000003A
:1014E00008B5FFF7E5FF00BF08BD00BF0000000022
:1014F00000B583B00190019804F092FD00BF03B0E5
:101500005DF804FB00000000000000000000000087
:1015100008B502F09DFA00BF08BD00BF0000000042
:1015200000B583B00190019B01221A70019B00223B
:101530005A60019B0C331846FFF7DAFF00BF03B077
:101540005DF804FB00000000000000000000000047
:1015500000B585B001900091FFF7BAFF019B009A9A
:101560005A60019802F08CFA00230393039B002B2E
:1015700003D1019B02221A7002E0019B01221A7022
:10158000FFF7AEFF039B184605B05DF804FB00BFF4
:1015900000B58BB00790059204930B46ADF81A3056
:1015A000FFF796FF079B00229A60079B03221A70A1
:1015B000BDF81A100E9B02930D9B01930C9B009398
:1015C000049B059A079802F0F3FA0990099BB3F17E
:1015D000FF3F03D1079B05221A7002E0079B0222FE
:1015E0001A70FFF77DFF099B18460BB05DF804FBEE
:1015F00082B030230193019B83F3118800BF00BFA9
:1016000000BF02B0704700BF0000000000000000F3
:1016100082B000230193019B83F3118800BF00BFB8
:1016200000BF02B0704700BF0000000000000000D3
:1016300008B5FFF7DDFF00BF08BD00BF00000000D8
:1016400008B5FFF7E5FF00BF08BD00BF00000000C0
:1016500008B502F00DFC00BF08BD00BF000000008F
:1016600082B00190019B01221A70019B00225A60F6
:10167000019B0022DA60019B00221A7400BF02B0B5
:10168000704700BF000000000000000000000000E4
:1016900000B585B001900091FFF7CAFF019B009A49
:1016A0005A60009B5A68019B9A60019B0022DA6095
:1016B000019802F0F5FB00230393039B002B03D159
:1016C000019B02221A7002E0019B01221A70FFF7AF
:1016D000B7FF039B184605B05DF804FB000000004F
:1016E00000B583B001900091FFF7A2FF019B009A23
:1016F0009A60019BDB69009A013ADA62FFF7A0FF6A
:1017000000BF03B05DF804FB000000000000000013
:1017100000B585B003900B4601928DF80B30FFF7B2
:1017200087FF039BDA689DF80B30012101FA03F370
:101730001A43039BDA609DF80B30019A194603980F
:1017400002F0E6FCFFF77CFF00BF05B05DF804FB8C
:1017500000B583B001900B468DF80330FFF768FFAA
:10176000019BDA689DF80330012101FA03F3DB43A2
:101770001A40019BDA609DF803301946019802F087
:10178000E7FCFFF75DFF00BF03B05DF804FB00BF9F
:1017900082B030230193019B83F3118800BF00BF07
:1017A00000BF02B0704700BF000000000000000052
:1017B00082B000230193019B83F3118800BF00BF17
:1017C00000BF02B0704700BF000000000000000032
:1017D00082B00190019B019A1A6000BF02B070476D
:1017E00008B5FFF7D5FF00BF08BD00BF000000002F
:1017F00008B5FFF7DDFF00BF08BD00BF0000000017
:1018000000B583B001900198FFF7E2FF00BF03B07D
:101810005DF804FB00000000000000000000000074
:1018200000B583B0019000910099019804F0B0FCDC
:1018300000BF03B05DF804FB0000000000000000E2
:1018400000B585B0039002910192039B03F1300033
:101850004FF0FF33019A0299FFF7DAFD034618466D
:1018600005B05DF804FB00BF0000000000000000B0
:1018700000B585B0039002910192039B03F10C0027
:101880004FF0FF33019A0299FFF7D2FC0346184646
:1018900005B05DF804FB00BF000000000000000080
:1018A00000B583B001900B468DF80330019B3033B7
:1018B0009DF803104FF0FF321846FFF721FD034655
:1018C000184603B05DF804FB0000000000000000B3
:1018D00000B583B00190019B0C334FF0FF311846E7
:1018E000FFF766FC0346184603B05DF804FB00BF33
:1018F00000B585B003900B4601928DF80B30039B29
:1019000030339DF80B10019A1846FFF7F9FC034697
:10191000184605B05DF804FB000000000000000060
:1019200000B583B001900091019B0C3300991846DB
:10193000FFF73EFC0346184603B05DF804FB00BF0A
:1019400000B585B00390029101920093039B03F1CF
:101950003000009B019A0299FFF75AFD0346184692
:1019600005B05DF804FB00BF0000000000000000AF
:1019700000B585B00390029101920093039B03F19F
:101980000C00009B019A0299FFF752FC034618468F
:1019900005B05DF804FB00BF00000000000000007F
:1019A00086B0039002910192039B0593029B002B4A
:1019B00003D0029B012B03D105E06FF0130303E07A
:1019C0006FF0130300E00023184606B0704700BF15
:1019D00008B502F045FD00BF08BD00BF00000000D3
:1019E00000B583B00190019B064A1A60019B043345
:1019F0001846FFF705FF019B01221A7200BF03B0D2
:101A00005DF804FBDC9F00080000000000000000FF
:101A100000B585B001900091FFF7E2FE00990198B2
:101A200002F04EFD00230393039B002B03D1019B87
:101A300002221A7202E0019B01221A72FFF7D8FEFD
:101A4000039B184605B05DF804FB00BF00000000D2
:101A500000B583B001900B468DF80330019B5B69A4
:101A6000002B05D1019B043304211846FFF7D8FE53
:101A7000019B0C339DF8032011461846FFF758FBD5
:101A80000346002B06DA019B04334FF4006118462D
:101A9000FFF7C6FE00BF03B05DF804FB00000000C6
:101AA00082B030230193019B83F3118800BF00BFF4
:101AB00000BF02B0704700BF00000000000000003F
:101AC00082B000230193019B83F3118800BF00BF04
:101AD00000BF02B0704700BF00000000000000001F
:101AE00008B5FFF7DDFF00BF08BD00BF0000000024
:101AF00008B5FFF7E5FF00BF08BD00BF000000000C
:101B000000B583B0019000910099019804F068F944
:101B10000346184603B05DF804FB00BF0000000058
:101B200000B589B00390029101920093039B069344
:101B30000023079318E00099069800F0D1F905906A
:101B4000059B002B15D1019A079BD31A1A460299BF
:101B5000069800F07DF90490079A049B13440793BC
:101B6000029A049B13440293079A019B9A42E2D380
:101B700000E000BF079B184609B05DF804FB00BFFA
:101B800000B589B00390029101920093039B0693E4
:101B90000023079318E00099069800F071F905906A
:101BA000059B002B15D1019A079BD31A1A4602995F
:101BB000069800F035F90490079A049B13440793A4
:101BC000029A049B13440293079A019B9A42E2D320
:101BD00000E000BF079B184609B05DF804FB00BF9A
:101BE00000B585B00390029101924FF0FF33019A46
:101BF00002990398FFF794FF0346184605B05DF875
:101C000004FB00BF00000000000000000000000016
:101C100000B585B00390029101924FF0FF33019A15
:101C200002990398FFF7ACFF0346184605B05DF82C
:101C300004FB00BF000000000000000000000000E6
:101C400000B585B001900B468DF80330019B0393DE
:101C50004FF0FF31039800F043F90290029B002BF4
:101C600001D0029B06E09DF803301946039802F06C
:101C700047FE0023184605B05DF804FB0000000095
:101C800000B585B00190019B03934FF0FF3103989D
:101C900000F0F6F80290029B002B01D0029B03E0BB
:101CA000039802F015FE0346184605B05DF804FBE4
:101CB00000B587B003900B4601928DF80B30039B63
:101CC00005930199059800F00BF90490049B002BF3
:101CD00001D0049B06E09DF80B301946059802F0F0
:101CE0000FFE0023184607B05DF804FB000000005B
:101CF00000B585B001900091019B03930099039872
:101D000000F0BEF80290029B002B01D0029B03E082
:101D1000039802F0DDFD0346184605B05DF804FBAC
:101D200000B585B00390029101920093009B019A47
:101D300002990398FFF7F4FE0346184605B05DF8D4
:101D400004FB00BF000000000000000000000000D5
:101D500000B585B00390029101920093009B019A17
:101D600002990398FFF70CFF0346184605B05DF88B
:101D700004FB00BF000000000000000000000000A5
:101D800000B587B0039002910192039B0593029BDB
:101D9000002B03D0029B012B03D109E06FF013034A
:101DA00007E0019A0299059802F0CAFD034600E097
:101DB0000023184607B05DF804FB00BF00000000D8
:101DC00008B502F0E5FC00BF08BD00BF0000000040
:101DD00082B00190019B104A1A60019B01221A7186
:101DE000019B00229A60019B0022DA60019B002285
:101DF0001A61019B00225A61019B00229A61019B9A
:101E00000022DA61019B00221A62019B00225A62C1
:101E100000BF02B0704700BF04A00008000000002F
:101E200000B585B0039002910192FFF759FE019A27
:101E30000299039802F0F4FC0190FFF759FE019B10
:101E4000184605B05DF804FB00000000000000002B
:101E500000B585B0039002910192FFF741FE019A0F
:101E60000299039802F004FD0190FFF741FE019BE7
:101E7000184605B05DF804FB0000000000000000FB
:101E800000B585B001900091FFF72AFE019B9B6A87
:101E9000DA6940F20F131340002B03D0FFF728FE3E
:101EA000012318E00023039309E0019B18330099F4
:101EB0001846FFF725FE0390039B002B07D1019BDB
:101EC0009B6ADB6903F02003002BEED000E000BF2B
:101ED000FFF70EFE039B184605B05DF804FB00BF3C
:101EE00000B585B001900091FFF7FAFD0023039340
:101EF00009E0019B203300991846FFF701FE03908B
:101F0000039B002B07D1019B9B6ADB6903F08003D5
:101F1000002BEED000E000BFFFF7EAFD039B184660
:101F200005B05DF804FB00BF0000000000000000E9
:101F300082B04FF0E0235B6800930023019310E030
:101F40000C4A019B20334FF0FF3142F82310094A1D
:101F5000019B60334FF0FF3142F82310019B0133A6
:101F60000193019A009B9A42EAD900BF00BF02B0D8
:101F7000704700BF00E100E000000000000000002A
:101F800082B001900091009BDBB2114A1B01D9B2D3
:101F9000019B134403F540730A461A70019B03F03A
:101FA0001F020B49019B5B09012000FA02F260331A
:101FB00041F82320019B03F01F020549019B5B09A7
:101FC000012000FA02F241F8232000BF02B070475E
:101FD00000E100E000000000000000000000000040
:101FE00082B030230193019B83F3118800BF00BFAF
:101FF00000BF00BF02B070470000000000000000FA
:1020000082B000230193019B83F3118800BF00BFBE
:1020100000BF00BF02B070470000000000000000D9
:1020200008B5FFF7DDFF00BF08BD00BF00000000DE
:1020300008B5FFF7E5FF00BF08BD00BF00000000C6
:1020400000B583B0019000910099019803F040FF22
:1020500000BF03B05DF804FB0000000000000000BA
:1020600008B506210620FFF78BFF00BF08BD00BFA3
:1020700000B583B0144B5B6903F001030193019B2E
:102080000093114A019B5361009B03F00103002B55
:1020900011D00E4B9B68002B05D00C4B9B680B4A54
:1020A000D26810469847FFF7BBFF00210748FFF7AB
:1020B000C7FFFFF7BDFF064B4FF080525A6000BFCD
:1020C00003B05DF804FB00BF0004014008090020D4
:1020D00000ED00E000000000000000000000000033
:1020E00008B506210720FFF74BFF00BF08BD00BF62
:1020F00000B583B0144B5B6903F002030193019BAD
:102100000093114A019B5361009B03F00203002BD3
:1021100011D00E4B9B69002B05D00C4B9B690B4AD1
:10212000D26910469847FFF77BFF00210848FFF768
:1021300087FFFFF77DFF074B4FF080525A6000BFCB
:1021400003B05DF804FB00BF000401400809002053
:102150001809002000ED00E0000000000000000071
:1021600008B506210820FFF70BFF00BF08BD00BF20
:1021700000B583B0144B5B6903F004030193019B2A
:102180000093114A019B5361009B03F00403002B51
:1021900011D00E4B9B6A002B05D00C4B9B6A0B4A4F
:1021A000D26A10469847FFF73BFF00210848FFF727
:1021B00047FFFFF73DFF074B4FF080525A6000BFCB
:1021C00003B05DF804FB00BF0004014008090020D3
:1021D0002809002000ED00E00000000000000000E1
:1021E00008B506210920FFF7CBFE00BF08BD00BFE0
:1021F00000B583B0144B5B6903F008030193019BA6
:102200000093114A019B5361009B03F00803002BCC
:1022100011D00E4B9B6B002B05D00C4B9B6B0B4ACC
:10222000D26B10469847FFF7FBFE00210848FFF7E6
:1022300007FFFFF7FDFE074B4FF080525A6000BFCB
:1022400003B05DF804FB00BF000401400809002052
:102250003809002000ED00E0000000000000000050
:1022600008B506210A20FFF78BFE00BF08BD00BF9E
:1022700000B583B0144B5B6903F010030193019B1D
:102280000093114A019B5361009B03F01003002B44
:1022900011D00E4B9B6C002B05D00C4B9B6C0B4A4A
:1022A000D26C10469847FFF7BBFE00210848FFF7A5
:1022B000C7FEFFF7BDFE074B4FF080525A6000BFCC
:1022C00003B05DF804FB00BF0004014008090020D2
:1022D0004809002000ED00E00000000000000000C0
:1022E00008B506211720FFF74BFE00BF08BD00BF51
:1022F00000B583B0454B5B6903F478730193019B90
:102300000093424A019B5361009B03F02003002B82
:1023100011D03F4B9B6D002B05D03D4B9B6D3C4A34
:10232000D26D10469847FFF77BFE00213948FFF732
:1023300087FEFFF77DFE009B03F04003002B11D0CA
:10234000334B9B6E002B05D0314B9B6E304AD26EC7
:1023500010469847FFF764FE00212F48FFF770FEF4
:10236000FFF766FE009B03F08003002B11D0284B83
:102370009B6F002B05D0264B9B6F254AD26F1046D2
:102380009847FFF74DFE00212448FFF759FEFFF75D
:102390004FFE009B03F48073002B14D01C4BD3F82A
:1023A0008830002B07D01A4BD3F88830184AD2F85F
:1023B0008C2010469847FFF733FE00211848FFF79E
:1023C0003FFEFFF735FE009B03F40073002B14D093
:1023D0000F4BD3F89830002B07D00D4BD3F8983023
:1023E0000B4AD2F89C2010469847FFF719FE0021AF
:1023F0000C48FFF725FEFFF71BFE0B4B4FF08052FA
:102400005A6000BF03B05DF804FB00BF0004014048
:1024100008090020580900206809002078090020D8
:10242000880900209809002000ED00E0000000006D
:1024300008B506212820FFF7A3FD00BF08BD00BF97
:1024400000B583B0564B5B6903F47C430193019B59
:102450000093534A019B5361009B03F48063002B5C
:1024600014D0504BD3F8A830002B07D04D4BD3F8E5
:10247000A8304C4AD2F8AC2010469847FFF7D0FD60
:1024800000214948FFF7DCFDFFF7D2FD009B03F474
:102490000063002B14D0434BD3F8B830002B07D087
:1024A000404BD3F8B8303F4AD2F8BC20104698478A
:1024B000FFF7B6FD00213D48FFF7C2FDFFF7B8FD6D
:1024C000009B03F48053002B14D0364BD3F8C83054
:1024D000002B07D0334BD3F8C830324AD2F8CC2087
:1024E00010469847FFF79CFD00213148FFF7A8FDF3
:1024F000FFF79EFD009B03F40053002B14D0294BE3
:10250000D3F8D830002B07D0264BD3F8D830254A43
:10251000D2F8DC2010469847FFF782FD00212548BD
:10252000FFF78EFDFFF784FD009B03F48043002B33
:1025300014D01C4BD3F8E830002B07D0194BD3F83C
:10254000E830184AD2F8EC2010469847FFF768FDAB
:1025500000211948FFF774FDFFF76AFD009B03F4A3
:102560000043002B14D00F4BD3F8F830002B07D0CA
:102570000C4BD3F8F8300B4AD2F8FC2010469847A1
:10258000FFF74EFD00210D48FFF75AFDFFF750FD04
:102590000B4B4FF080525A6000BF03B05DF804FB54
:1025A0000004014008090020A8090020B809002003
:1025B000C8090020D8090020E8090020F8090020F7
:1025C00000ED00E00000000000000000000000003E
:1025D00000BF704700000000000000000000000085
:1025E00000BF704700000000000000000000000075
:1025F00000BF704700000000000000000000000065
:1026000000BF704700000000000000000000000054
:1026100000BF704700000000000000000000000044
:1026200000BF704700000000000000000000000034
:1026300000BF704700000000000000000000000024
:1026400000BF704700000000000000000000000014
:1026500000BF704700000000000000000000000004
:1026600000BF7047000000000000000000000000F4
:1026700000BF7047000000000000000000000000E4
:1026800008B50C212620FFF77BFC00BF08BD00BF6A
:1026900008B5044801F044FF034B4FF080525A60E4
:1026A00000BF08BD5C0A002000ED00E00000000053
:1026B00000BF7047000000000000000000000000A4
:1026C00000BF704700000000000000000000000094
:1026D00000BF704700000000000000000000000084
:1026E00008B50C215B20FFF74BFC00BF08BD00BF05
:1026F00008B5044802F02CF9034B4FF080525A60A1
:1027000000BF08BDDC0A002000ED00E00000000072
:1027100000BF704700000000000000000000000043
:1027200008B507211C20FFF72BFC00BF08BD00BF28
:1027300008B501F075FB034B4FF080525A6000BFA3
:1027400008BD00BF00ED00E0000000000000000038
:1027500000BF704700000000000000000000000003
:1027600008B507211E20FFF70BFC00BF08BD00BF06
:1027700008B5044801F01CFD034B4FF080525A602D
:1027800000BF08BD3C0A002000ED00E00000000092
:1027900000BF7047000000000000000000000000C3
:1027A00000BF7047000000000000000000000000B3
:1027B00000BF7047000000000000000000000000A3
:1027C00000BF704700000000000000000000000093
:1027D00000BF704700000000000000000000000083
:1027E00008B5FFF73DFCFFF77BFCFFF7B9FCFFF7EF
:1027F000F7FCFFF735FDFFF773FDFFF719FEFFF755
:10280000E7FEFFF7EDFEFFF7F3FEFFF7F9FEFFF738
:10281000FFFEFFF705FFFFF70BFFFFF711FFFFF7C5
:1028200017FFFFF71DFFFFF773FFFFF779FFFFF7B4
:102830008FFFFFF795FFFFF7ABFFFFF7B1FFFFF744
:10284000B7FFFFF7BDFFFFF7C3FFFFF711FFFFF76C
:1028500017FFFFF72DFFFFF733FFFFF739FFFFF7F4
:102860003FFF00BF08BD00BF0000000000000000E7
:1028700000B583B00190019802F01AFA00BF03B0CE
:102880005DF804FB000000000000000000000000F4
:10289000094BD3F89030084A43F01903C2F890303E
:1028A00000BF054BD3F8903003F00203022BF8D1A0
:1028B00000BF00BF704700BF0010024000000000D2
:1028C00000BF704700000000000000000000000092
:1028D000074B1B68064A43F48073136000BF044B28
:1028E0001B6803F48063002BF9D000BF00BF704762
:1028F0000010024000000000000000000000000086
:10290000034B1B68024A23F48073136000BF7047B7
:102910000010024000000000000000000000000065
:1029200008B5FFF7D5FF064B01229A6000BF044BA4
:102930009B6803F00C03042BF9D100BF00BF08BD56
:102940000010024000000000000000000000000035
:10295000094BD3F89830084A43F00103C2F8983085
:1029600000BF054BD3F8983003F00203002BF8D0DA
:1029700000BF00BF704700BF001002400000000011
:10298000074B1B68064A43F48033136000BF044BB7
:102990001B6803F40033002BF9D000BF00BF704761
:1029A00000100240000000000000000000000000D5
:1029B000054B1B6803F00073002B0CBF01230023A1
:1029C000DBB21846704700BF001002400000000054
:1029D00082B0094BD3F890300193019B23F003237D
:1029E0000193019B43F480730193034A019BC2F856
:1029F000903000BF02B0704700100240000000009D
:102A0000094BD3F8903003F44073B3F5807F08D0BE
:102A1000054B4FF48032C3F89020034B0022C3F8DB
:102A2000902000BF704700BF00100240000000006F
:102A300082B00190074A019B136000BF054B1A68E2
:102A4000019B534003F00F03002BF7D100BF00BFE1
:102A500002B07047002002400000000000000000AB
:102A6000204B9B6D1F4A43F0805393651D4B9B6F1A
:102A70001C4A23F0805393671A4B9B6F1A4B4FF4F9
:102A800000429A60184B0022DA60174B00221A624B
:102A9000154B00225A62144B00229A62124B0022FC
:102AA000DA62114B00221A630F4B00225A630E4B5D
:102AB00000229A630C4B0022DA630B4B00221A644B
:102AC000094B00225A64084B00229A64064B0022EC
:102AD000DA64054B00221A65034B00225A6500BFD9
:102AE000704700BF0010024000700040000000006E
:102AF000064B4FF480629A60044B054AC3F8882065
:102B0000024B0022C3F89C2000BF70470010024017
:102B1000550100500000000000000000000000000F
:102B200000B583B00190524B4FF400721A6000BFA1
:102B30004F4B5B6903F4C063002BF9D14D4B9B688D
:102B400003F00C03042B17D0FFF7EAFE4A48FFF707
:102B50006FFF484B0022C3F89820464B63221A604F
:102B600000BF444B1B6803F40033002BF9D1404BEA
:102B70004FF48072C3F88020019BDB6803F480333C
:102B8000002B01D0FFF7FCFE019BDB6903F0010382
:102B9000002B01D0FFF7DCFE364A019B5B69D36056
:102BA000019BDB68334A43F480731360019BDB684D
:102BB00003F08073002B05D0FFF7FAFE0346002BCD
:102BC00000D0F3E700BF2B4B9B6803F00302019B8F
:102BD0001B6923F00303274913438B60019B9B6907
:102BE0001846FFF725FF224A019B1B681360204A05
:102BF000019B5B6853601E4A019B9B68C2F8803052
:102C0000019B1B6803F48043002B07D100BF184BC6
:102C10005B6903F40073002BF9D106E000BF144B8D
:102C20005B6903F40073002BF9D0124B9B6823F00F
:102C30000302019B1B6903F003030E4913438B60DE
:102C400000BF0C4B9A68019B1B699B00534003F02B
:102C50000C03002BF5D1019BDB6803F48073002B80
:102C600001D1FFF74DFE0023184603B05DF804FBC9
:102C70000070004000100240000604000000000048
:102C800008B500F0A5F9FFF753F9FFF7A9FD00BF5C
:102C900008BD00BF000000000000000000000000B0
:102CA00008B53E4B9B6A3D4B4FF0FF329A623B4B5F
:102CB0009B6A3A4B00229A62384B9B6A374BDB6A1D
:102CC000364A63F07F03D362344BDB6A334A03F046
:102CD0007F03D362314BDB6A304B1B6B2F4B4FF0C2
:102CE000FF321A632D4B1B6B2C4B00221A632B4BAC
:102CF0001B6B2A4B9B6B294B4FF0FF329A63274B80
:102D00009B6B264B00229A63244B9B6B234BDB6B04
:102D1000224B4FF0FF32DA63204BDB6B1F4B00225C
:102D2000DA631E4BDB6B1D4B1B6C1C4B4FF0FF32F1
:102D30001A641A4B1B6C194B00221A64174B1B6C3C
:102D4000164B1B6E154A43F001031366134BD3F861
:102D50008030124A23F00103C2F880300F4BD3F8C1
:102D60008030FFF77DFE0E4B1B680D4A43F48073E5
:102D70001360FFF745FEFFF78BFDFFF7A1FDFFF79F
:102D8000B7FE0848FFF7CCFE0346002B02D00648EA
:102D9000FFF76EFDFFF71CFE00BF08BD00100240EC
:102DA000007000402CA000084CA0000800000000AB
:102DB00082B00190034A019B52F82330184602B0BA
:102DC000704700BF00080020000000000000000065
:102DD00008B5044800F0FCF9034B4FF080525A60EC
:102DE00000BF08BD54A0000800ED00E00000000096
:102DF00008B5044800F0ECF9034B4FF080525A60DC
:102E000000BF08BD68A0000800ED00E00000000061
:102E100008B5044800F0DCF9034B4FF080525A60CB
:102E200000BF08BD7CA0000800ED00E0000000002D
:102E300008B5044800F0CCF9034B4FF080525A60BB
:102E400000BF08BD90A0000800ED00E000000000F9
:102E500008B5044800F0BCF9034B4FF080525A60AB
:102E600000BF08BDA4A0000800ED00E000000000C5
:102E700008B5044800F0ACF9034B4FF080525A609B
:102E800000BF08BDB8A0000800ED00E00000000091
:102E900008B5044800F09CF9034B4FF080525A608B
:102EA00000BF08BDCCA0000800ED00E0000000005D
:102EB00008B5044800F08CF9034B4FF080525A607B
:102EC00000BF08BDE0A0000800ED00E00000000029
:102ED00008B5044800F07CF9034B4FF080525A606B
:102EE00000BF08BDF4A0000800ED00E000000000F5
:102EF00008B5044800F06CF9034B4FF080525A605B
:102F000000BF08BD08A1000800ED00E000000000BF
:102F100008B5044800F05CF9034B4FF080525A604A
:102F200000BF08BD1CA1000800ED00E0000000008B
:102F300008B5044800F04CF9034B4FF080525A603A
:102F400000BF08BD30A1000800ED00E00000000057
:102F500008B5044800F03CF9034B4FF080525A602A
:102F600000BF08BD44A1000800ED00E00000000023
:102F700008B5044800F02CF9034B4FF080525A601A
:102F800000BF08BD58A1000800ED00E000000000EF
:102F900008B5044800F01CF9034B4FF080525A600A
:102FA00000BF08BD6CA1000800ED00E000000000BB
:102FB00008B5044800F00CF9034B4FF080525A60FA
:102FC00000BF08BD80A1000800ED00E00000000087
:102FD00082B0154B00221A60134B00225A60002366
:102FE000019313E01149019A13469B0013449B007F
:102FF0000B4404331B6800221A600B4A019B013307
:10300000002142F83310019B01330193019B0F2BE8
:10301000E8DD074B4FF0FF325A60064B4FF0FF32AE
:103020005A6000BF02B070478008002054A000081A
:103030000000024000040240000000000000000008
:1030400000B58BB00390029101920093039B0F2B6C
:1030500004D8039B0893039B079319E0039B102B51
:1030600004D1002308930F23079311E0039B112B36
:1030700004D1002308930723079309E0039B122B35
:1030800004D1082308930F23079301E0002395E060
:10309000089B09938CE00122099B02FA03F3069333
:1030A000484B1A68069B1340002B7ED1099A1346A1
:1030B0009B0013449B00444A134405934149099BD8
:1030C0000133019A41F833203E4A099B0133DB006A
:1030D0001344009A5A603B4B1A68069B1343394AC3
:1030E0001360069BDBB2002B0DD0384B9B6C374A2C
:1030F00043F001039364354B9B6E344A43F0010364
:103100009366324B9B6E069B03F47F43002B0DD0DE
:103110002E4B9B6C2D4A43F0020393642B4B9B6E0A
:103120002A4A43F002039366284B9B6E254B1B688B
:10313000002B0DD0254B9B6C244A43F00403936471
:10314000224B9B6E214A43F0040393661F4B9B6EF8
:10315000019B002B12D01B4B5A68059B9B681340A8
:10316000002B05D1059B9B7C02991846FEF708FFB2
:10317000144B5A68069B1343124A5360059B5B68C5
:103180001A68059B5B6822F00F021A60059B1B7C86
:103190001A460E2303FA02F2059B1B685A60059B30
:1031A0005B6800221A60059B08E0099B01330993C4
:1031B000099A079B9A427FF66EAF002318460BB020
:1031C0005DF804FB8008002054A0000800100240B5
:1031D00000B585B00190019B5B7C0393019B1B684C
:1031E0001B68019A127CD34003F00E030293019BEB
:1031F0005B681A68029B1340002B1CD0019B1B7C50
:103200001946019B1B68029A8A405A600C4A039B2C
:10321000013352F83330002B0DD0094A039B0133A0
:1032200052F833200649039B0133DB000B445B68F3
:1032300002991846904700BF05B05DF804FB00BF37
:1032400080080020000000000000000000000000D6
:1032500082B001900091019BDB68009A1A6000BF68
:1032600002B07047000000000000000000000000F5
:1032700082B00190019B019A1A60019B019A5A60E9
:1032800000BF02B0704700BF000000000000000057
:1032900000B583B00190019B1846FFF7E9FF00BF1E
:1032A00003B05DF804FB00BF000000000000000058
:1032B00000B583B001900198FFF7EAFF00BF03B0AB
:1032C0005DF804FB000000000000000000000000AA
:1032D00000B583B00023019317E0019B1B010F4A47
:1032E00013441846FFF7E4FF0C4A019B1B011344EB
:1032F000083300221A60094A019B1B0113440C3356
:1033000000221A60019B01330193019B0F2BE4D92A
:1033100000BF00BF03B05DF804FB00BF0809002038
:103320008EB0039002910192019B03F003030D9371
:10333000019B9B0803F001030C93019BDB0803F046
:1033400003030B93019B5B0903F003030A93019BA7
:10335000DB0903F00F03089300230993029B03F09A
:103360000103002B79D0099B03F007039B00089A07
:1033700002FA03F307930122099B02FA03F306936F
:10338000099B5B00032202FA03F30593099B03F0F8
:1033900007039B000F2202FA03F30493039B5A686E
:1033A000069BDB431A400C9B1A43039B5A60039B0A
:1033B0009A68059BDB431A400B9B1A43039B9A6058
:1033C000039BDA68059BDB431A400A9B1A43039B65
:1033D000DA60019B03F00303022B1FD1099B072B2B
:1033E00009D8039B1A6A049BDB431A40079B1A43C4
:1033F000039B1A6208E0039B5A6A049BDB431A4052
:10340000079B1A43039B5A62039B1A68059BDB4385
:103410001A400D9B1A43039B1A601EE0039B1A6817
:10342000059BDB431A400D9B1A43039B1A60099BC3
:10343000072B09D8039B1A6A049BDB431A40079B9E
:103440001A43039B1A6208E0039B5A6A049BDB43FE
:103450001A40079B1A43039B5A62029B5B08029324
:10346000029B002B0FD00C9B5B000C930B9B9B00D3
:103470000B930A9B9B000A930D9B9B000D93099B4A
:10348000013309936AE700BF0EB0704700000000E7
:1034900082B001900091019A009B1344184602B03B
:1034A000704700BF000000000000000000000000A6
:1034B00084B0039002910192039A029BD21A01995F
:1034C000029BCB1A9A4234BF01230023DBB2184679
:1034D00004B0704700000000000000000000000081
:1034E00008B5FDF78DFC0346184608BD0000000036
:1034F00082B030230193019B83F3118800BF00BF8A
:1035000000BF02B0704700BF0000000000000000D4
:1035100082B000230193019B83F3118800BF00BF99
:1035200000BF02B0704700BF0000000000000000B4
:1035300082B030230193019B83F3118800BF00BF49
:1035400000BF00BF02B07047000000000000000094
:1035500082B000230193019B83F3118800BF00BF59
:1035600000BF00BF02B07047000000000000000074
:1035700008B5FFF7B5FF0346184608BD0000000078
:1035800008B5FFF7B5FF00BF08BD00BF0000000091
:1035900008B5FFF7BDFF00BF08BD00BF0000000079
:1035A00008B5FFF7C5FF00BF08BD00BF0000000061
:1035B00008B5FFF7CDFF00BF08BD00BF0000000049
:1035C00008B5FFF7D5FF0346184608BD0000000008
:1035D00000B583B00190009100990198FFF758FF62
:1035E0000346184603B05DF804FB00BF000000006E
:1035F00000B585B0039002910192019A0299039857
:10360000FFF756FF0346184605B05DF804FB00BF00
:1036100000B583B0019000910099019802F0E0FBA1
:103620000346184603B05DF804FB00BF000000002D
:1036300000B583B0019000910099019802F0F8FB69
:1036400000BF03B05DF804FB0000000000000000B4
:1036500084B001900B46ADF80230019B1B6B0393C5
:10366000019B5B689B6803F40063002B05D1BDF8E8
:1036700002305A00039B5A6003E0BDF80220039B0E
:103680005A6000BF04B07047000000000000000056
:1036900086B00190019B1B6B0393019B9B6A5B6847
:1036A0005B680493049BFF2B05D9FF2304934FF021
:1036B0008073059301E000230593039B5B6823F06F
:1036C000FF7323F48033019A526892681A43049B73
:1036D0001B041A43059B134343F48062039B5A6007
:1036E00000BF06B0704700BF0000000000000000EF
:1036F00086B00190019B1B6B0393019BDB6A5B68A7
:103700005B680493049BFF2B05D9FF2304934FF0C0
:103710008073059301E000230593039B5B6823F00E
:10372000FF7323F48033019A526892681A43049B12
:103730001B041A43059B1A43039B5A6000BF06B043
:10374000704700BF00000000000000000000000003
:1037500000B585B001900091019B1B6B0393009B0A
:1037600003F01003002B47D0019BDB6A5B681A68EB
:10377000019BDB6A5B6822F00F021A60019BDB6A27
:103780001B7C1A460E2303FA02F2019BDB6A1B68BC
:103790005A60019B9B6A5B681A68019B9B6A5B6825
:1037A00022F00F021A60019B9B6A1B7C1A460E23B3
:1037B00003FA02F2019B9B6A1B685A60019B9B689B
:1037C00043F00402019B9A60039B5B6843F48042D0
:1037D000039B5A60039B1B6823F04602039B1A60FD
:1037E000FFF7DEFE019B1C336FF001011846FFF767
:1037F0001FFFFFF7DDFE76E0009B03F08003002B48
:103800000BD0019B1B78032B03D10198FFF770FFAE
:1038100069E00198FFF73CFF65E0009B03F040037F
:10382000002B60D0019B1B78032B31D1019BDB6AFD
:103830005B681A68019BDB6A5B6822F00F021A6002
:10384000019BDB6A1B7C1A460E2303FA02F2019BE2
:10385000DB6A1B685A60019B9B6A5B685B68002B94
:103860002BD00198FFF714FF019B9B6A5B681A68D5
:10387000019B9B6A5B6842F001021A60039B5B68D4
:1038800043F40052039B5A60019B04221A702AE001
:10389000019B9B6A5B681A68019B9B6A5B6822F0CC
:1038A0000F021A60019B9B6A1B7C1A460E2303FAC7
:1038B00002F2019B9B6A1B685A60039B5B6843F49E
:1038C0008042039B5A60039B1B6823F04002039BCA
:1038D0001A60FFF765FE019B1C3300211846FFF7B5
:1038E000A7FEFFF765FE05B05DF804FB00000000D1
:1038F00000B583B001900091019BDB6A5B681A6898
:10390000019BDB6A5B6822F00F021A60019BDB6A95
:103910001B7C1A460E2303FA02F2019BDB6A1B682A
:103920005A60019B9B6A5B681A68019B9B6A5B6893
:1039300022F00F021A60019B9B6A1B7C1A460E2321
:1039400003FA02F2019B9B6A1B685A60009B03F416
:103950008073002B05D0019B9B6843F00102019B03
:103960009A60009B03F40073002B05D0019B9B68B9
:1039700043F00202019B9A60009B03F48063002BDA
:1039800005D0019B9B6843F00802019B9A60009B55
:1039900003F48053002B05D0019B9B6843F0200269
:1039A000019B9A60019B9B68002B0AD0FFF7F8FDF2
:1039B000019B1C336FF001011846FFF739FEFFF73A
:1039C000F7FD00BF03B05DF804FB00BF000000007E
:1039D00000B583B00A4B1B6B9B690193084B1B6BB3
:1039E000019A02F0FE02DA6101990548FFF7B0FE84
:1039F000044B4FF080525A6000BF03B05DF804FBE7
:103A0000080A002000ED00E00000000000000000B7
:103A100000B583B00A4B1B6B9B690193084B1B6B72
:103A2000019A02F47C52DA6101990548FFF760FFC0
:103A3000044B4FF080525A6000BF03B05DF804FBA6
:103A4000080A002000ED00E0000000000000000077
:103A500008B50848FDF764FD064B0022DA61054B06
:103A6000054A1A63034B00229A62024B0022DA6273
:103A700000BF08BD080A00200054004000000000FC
:103A800000B585B00190019B1B6B0393039B1B68E2
:103A900023F00102039B1A60019B1B78012B57D175
:103AA000019B9A225A62019B8A221A62019B3B4A1D
:103AB00093424DD13A4B9B6B394A43F400139363C5
:103AC000374B9B6B364A23F400139363344B9B6B49
:103AD000334B9B6D324A43F400139365304B9B6F1D
:103AE0002F4A43F4001393672D4B9B6F019B0022D9
:103AF00005211020FFF7A4FA0246019B9A62019B60
:103B0000002205211020FFF79BFA0246019BDA6292
:103B1000019B1B6A43F44052019B1A62019B5B6A42
:103B200043F44052019B5A62019B9B6A1021184644
:103B3000FFF78EFB019BDB6A11211846FFF788FB1C
:103B400005211F20FEF71CFA05212020FEF718FA98
:103B5000039B03F12402019B9B6A5B689A60039BB1
:103B600003F12802019BDB6A5B689A60019B5B683A
:103B70005B6843F4404343F09003039A1360019B56
:103B80005B681A68039B1A61039B1B6843F0010280
:103B9000039B1A6000BF05B05DF804FB080A002013
:103BA00000100240000000000000000000000000C3
:103BB00000B589B00390019200930B46ADF80A302E
:103BC000039B1B6B0793039B00229A60FFF7E0FCAB
:103BD000039BDB6A5B68039A526A1A60039BDB6A89
:103BE0005B68019ADA60039BDB6A5B68009A5A6043
:103BF000039B9B6A5B68039A126A1A60039B9B6A29
:103C00005B680A9ADA60039B9B6A5B680B9A5A604E
:103C1000FFF7D6FC06904FF4FA710698FFF7D8FC30
:103C20000590FFF7ADFC079B9B6903F40043002B55
:103C300013D0FFF7C5FC0346059A06991846FFF70F
:103C4000D7FC034683F00103DBB2002B02D04FF018
:103C5000FF335EE0FFF79CFCE3E700BFBDF80A30EE
:103C600019460398FFF7F4FC0398FFF741FD039B07
:103C7000DB6A5B681A68039BDB6A5B6842F00102DF
:103C80001A60079B1B6843F04002079B1A60079B62
:103C90005B6843F40052079B5A60039B1C330C99EA
:103CA0001846FFF7B5FC0490049BB3F1FF3F2FD1FA
:103CB000079B5B6843F48042079B5A60039B9B6AA7
:103CC0005B681A68039B9B6A5B6822F00F021A60AC
:103CD000039B9B6A1B7C1A460E2303FA02F2039B8A
:103CE0009B6A1B685A60039BDB6A5B681A68039BCC
:103CF000DB6A5B6822F00F021A60039BDB6A1B7CA5
:103D00001A460E2303FA02F2039BDB6A1B685A6011
:103D1000049B184609B05DF804FB00BF00000000DA
:103D200082B030230193019B83F3118800BF00BF51
:103D300000BF00BF02B0704700000000000000009C
:103D400082B000230193019B83F3118800BF00BF61
:103D500000BF00BF02B0704700000000000000007C
:103D600008B5FFF7DDFF00BF08BD00BF0000000081
:103D700008B5FFF7E5FF00BF08BD00BF0000000069
:103D800008B500F0ADFF00BF08BD00BF0000000097
:103D900008B51F4B9B6D1E4A43F0010393651C4BF6
:103DA0009B6F1B4A43F001039367194B9B6F194BA1
:103DB0009B68184A43F0010393600620FEF7F8FF62
:103DC0000346154AA2FB03235B0B4FF08042013BE5
:103DD00093624FF080434FF0FF32DA624FF080433E
:103DE00000229A614FF0804300225A634FF08043D3
:103DF0000022DA604FF0804300225A604FF0804387
:103E000001225A614FF0804301221A6000BF08BDB1
:103E100000100240002004E05917B7D10000000054
:103E200000B583B04FF080430193019B1B69009361
:103E3000019BDB68DBB2009A13400093009BDA43DE
:103E4000019B1A61009B03F00203002B05D0FFF7D2
:103E500087FFFFF795FFFFF78BFF00BF03B05DF80B
:103E600004FB00BF00000000000000000000000094
:103E700008B50748FDF7F4FB054B04221A74044B00
:103E8000044ADA61024B00221A7600BF08BD00BF67
:103E90003C0A002000080040000000000000000074
:103EA00000B585B00190019B1B78012B34D1019B9B
:103EB000944A934221D1944B9B6D934A43F004035F
:103EC0009365914B9B6F904A43F0040393678E4B2D
:103ED0009B6F8D4B9B6B8C4A43F0040393638A4B1F
:103EE0009B6B894A23F004039363874B9B6B0620EB
:103EF000FEF75EFF0246019B5A61019BDB6946F6B5
:103F000068029A61019BDB6946F66802DA61019BEF
:103F1000DB697E4A1A6523E0019BDB6900221A6097
:103F2000019BDB6900225A63019BDB6900229A63D3
:103F3000019BDB690022DA63019BDB6900221A64C2
:103F4000019B1B7C042B07D9019BDB6900229A642F
:103F5000019BDB690022DA64019BDB6900225A6263
:103F6000019B5A69019B5B681B68B2FBF3F3013B41
:103F70000293019BDB69029A9A62019B9A68019BFA
:103F8000DB69013ADA62019B5A68019BDB69D26BFB
:103F90005A6000230393019B5B68DB6803F00F0307
:103FA000012B05D0022B07D1039B43F0020303939F
:103FB000039B43F001030393019B5B685B6903F080
:103FC0000F03012B05D0022B07D1039B43F02003E5
:103FD0000393039B43F010030393019B5B68DB692E
:103FE00003F00F03012B05D0022B07D1039B43F4F1
:103FF00000730393039B43F480730393019B5B68FB
:104000005B6A03F00F03012B05D0022B07D1039B42
:1040100043F400530393039B43F480530393019BA6
:104020001B7E002B44D0019B5B68DB6803F0F00330
:10403000102B05D0202B07D1039B43F008030393DB
:10404000039B43F004030393019B5B685B6903F0EC
:10405000F003102B05D0202B07D1039B43F08003E6
:104060000393039B43F040030393019B5B68DB696D
:1040700003F0F003102B05D0202B07D1039B43F452
:1040800000630393039B43F480630393019B5B688A
:104090005B6A03F0F003102B05D0202B09D1039BA2
:1040A00043F400430393039B43F48043039300E0F2
:1040B00000BF019BDB69039A1A62019BDB69012245
:1040C0005A61019BDB6900221A61019B5B685A6C93
:1040D000019BDB6922F0FF02DA60019B1B7E002B53
:1040E00007D0019B5B681A6C019BDB6942F40042BC
:1040F0005A64019BDB6985221A6000BF05B05DF838
:1041000004FB00BF3C0A0020001002406868010167
:1041100084B003900B4601928DF80B309DF80B3064
:10412000032B09D8039BDA699DF80B300C339B00F5
:104130001344019A5A6008E0039BDB699DF80B2049
:10414000043A1232019943F8221000BF04B07047BC
:1041500082B001900B468DF803309DF80330032B9D
:1041600017D8019BDA699DF803300C339B00134488
:1041700000225A60019BDB69DA689DF80330022156
:1041800001FA03F3DB431946019BDB690A40DA605D
:1041900008E0019BDB699DF80320043A12320021FC
:1041A00043F8221000BF02B0704700BF00000000BB
:1041B00000B585B00190019BDB691B690393019BEE
:1041C000DB69DB68DBB2039A13400393019BDB6975
:1041D000039AD2431A61039B03F00203002B09D018
:1041E000019B5B681B69002B04D0019B5B681B690A
:1041F00001989847039B03F00403002B09D0019B0F
:104200005B689B69002B04D0019B5B689B690198EC
:104210009847039B03F00803002B09D0019B5B68C0
:104220001B6A002B04D0019B5B681B6A01989847AE
:10423000039B03F01003002B09D0019B5B689B6A72
:10424000002B04D0019B5B689B6A01989847039BF5
:1042500003F00103002B09D0019B5B689B68002BD6
:1042600004D0019B5B689B680198984700BF05B02C
:104270005DF804FB000000000000000000000000EA
:1042800082B030230193019B83F3118800BF00BFEC
:1042900000BF00BF02B07047000000000000000037
:1042A00082B000230193019B83F3118800BF00BFFC
:1042B00000BF00BF02B07047000000000000000017
:1042C00008B5FFF7DDFF00BF08BD00BF000000001C
:1042D00008B5FFF7E5FF00BF08BD00BF0000000004
:1042E00000B583B0019000910099019801F050FF52
:1042F00000BF03B05DF804FB0000000000000000F8
:1043000086B001900091019B5B6D0493019B9B6DB6
:104310000393009B1B685A08039B1A44009B1B686D
:10432000B2FBF3F30593009B5B6803F40043002B9F
:1043300008D0059B23F007035A00059B03F00703F1
:1043400013430593049B059ADA60009B9B6843F036
:104350004002049B5A60009BDB6843F00102049B0F
:104360009A60009B5B6843F4967343F00103049AE0
:104370001360049B4FF0FF321A62009B5B6803F4EA
:104380008063002B18D0009B5B6803F01023002B88
:1043900003D0B3F1805F05D009E0019B7F2283F851
:1043A0005C200EE0019B3F2283F85C2009E0019B2A
:1043B000FF2283F85C2004E0019BFF2283F85C204D
:1043C000FFE700BF06B070470000000000000000DB
:1043D00000B585B00190009100230393009B03F08A
:1043E0000803002B03D0039B43F480730393009BCB
:1043F00003F00103002B03D0039B43F0200303933E
:10440000009B03F00203002B03D0039B43F0400307
:104410000393009B03F00403002B03D0039B43F0A2
:1044200080030393FFF74CFF019B04330399184665
:10443000FFF756FFFFF74CFF00BF05B05DF804FB28
:1044400082B00190044B1B68034A43F0C003136021
:1044500000BF02B0704700BF0044004000000000F1
:1044600000B583B00F48FDF7BBFA0E4B0093002355
:1044700010220D490D48FCF733FE0A4B00930C4BFC
:1044800010220C490C48FCF713FF064B0B4A5A65E7
:104490000020FEF78DFC0346024A936500BF03B07F
:1044A0005DF804FB5C0A0020BC0A0020680A0020BA
:1044B00041440008CC0A00208C0A0020004400403F
:1044C00000B583B001900091009B002B01D1104BEF
:1044D0000093019B1B7A012B11D1019B0D4A934242
:1044E0000DD10D4B9B6D0C4A43F4003393650A4B81
:1044F0009B6F094A43F400339367074B9B6F009906
:104500000198FFF7FDFE00BF03B05DF804FB00BF9C
:1045100094A100085C0A0020001002400000000086
:1045200000B587B00190019B5B6D0493049B1B68F1
:104530000393049BDB690593049B059A1A62059B10
:1045400003F00F03002B03D005990198FFF740FFFC
:10455000059B03F48073002B1ED0FFF7B1FE019B77
:1045600004334FF480611846FFF7BAFEFFF7B0FE40
:1045700012E0FFF7A5FE049B5B6ADAB2019B93F899
:104580005C301340DBB219460198FDF761FAFFF782
:104590009FFE049BDB690593059B03F02003002B22
:1045A000E7D1039B03F08003002B26D020E0FFF728
:1045B00087FE019B30331846FCF7EAFE0290029B0F
:1045C000002B0DDA019B043308211846FFF788FE03
:1045D000039B23F08002049B1A60FFF779FE0CE036
:1045E000029A049B9A62FFF773FE049BDB690593B2
:1045F000059B03F08003002BD9D1039B03F04003FC
:10460000002B25D0059B03F04003002B20D0FFF7A3
:1046100057FE019B5A6C019B9B6C9A4205D1019BF2
:104620009B6B002B01D0012300E0002303F001036A
:10463000DBB2002B0AD0019B043310211846FFF790
:104640004FFE039B23F04002049B1A60FFF740FEDD
:1046500000BF07B05DF804FB000000000000000090
:1046600082B030230193019B83F3118800BF00BF08
:1046700000BF00BF02B07047000000000000000053
:1046800082B000230193019B83F3118800BF00BF18
:1046900000BF00BF02B07047000000000000000033
:1046A00008B5FFF7DDFF00BF08BD00BF0000000038
:1046B00008B5FFF7E5FF00BF08BD00BF0000000020
:1046C00000B583B0019000910099019801F0B0FB12
:1046D00000BF03B05DF804FB000000000000000014
:1046E00082B00190019BDB6803F00403002B07D02C
:1046F000019B9B6A9A68019B9B6A42F080529A6078
:10470000019BDB6803F40073002B07D0019B9B6ABD
:104710001A68019B9B6A42F010021A6000BF02B047
:10472000704700BF00000000000000000000000013
:1047300082B00190019BDB6803F00803002B07D0D7
:10474000019B9B6A9A68019B9B6A42F400029A60F3
:1047500000BF02B0704700BF000000000000000072
:1047600082B00190019BDB6803F01003002B07D09F
:10477000019B9B6A1A68019B9B6A42F040021A6087
:1047800000BF02B0704700BF000000000000000042
:1047900008B50748FDF71CFB054B064A9A62052041
:1047A000FEF706FB0346024AD36200BF08BD00BF06
:1047B000DC0A002000800040000000000000000033
:1047C00084B00190019B9B6ADB69C3F308030393E8
:1047D000039B5B099B0003F00402039BDB09DB00E6
:1047E00003F008031A43039B9B091B0103F010030A
:1047F0001A43039B5B0103F478731A43039B1B0A60
:104800009B0203F4806313430293029B184604B097
:10481000704700BF00000000000000000000000022
:1048200000B587B003900291019200230593039B8A
:104830009B6ADB6903F02003002B03D10398FFF789
:104840004FFF10E0059A019B9A420BD2039B9B6A93
:10485000596A029B5A1C0292CAB21A70059B013314
:104860000593E4E700BF059B184607B05DF804FB1D
:1048700000B587B003900291019200230593039B3A
:104880009B6ADB6903F08003002B03D10398FFF7D9
:104890004FFF0FE0059A019B9A420AD2029B5A1CD5
:1048A00002921A78039B9B6A9A62059B01330593D7
:1048B000E5E700BF0398FFF753FF059B184607B0D5
:1048C0005DF804FB00000000000000000000000094
:1048D00000B585B00190019B9B6A5B6A0393019BC5
:1048E0009B6ADB6903F02003002B02D10198FFF7DC
:1048F000F7FE039B184605B05DF804FB00000000BE
:1049000000B583B001900091019B9B6A009A9A6266
:10491000019B9B6ADB6903F08003002B02D10198A5
:10492000FFF706FF0198FFF71BFF00BF03B05DF81C
:1049300004FB00BF000000000000000000000000B9
:1049400084B00390029101920023184604B070478E
:1049500000B587B00190019B9B6A0393039B1B6882
:104960000593039B9B6804930198FFF729FF024678
:10497000019BDB6813400293029B002B00F08680B2
:10498000029B03F4BC63002B23D0039B10221A620A
:10499000049B23F0805323F001030493059B23F42D
:1049A00088730593039B5B6823F04002039B5A6066
:1049B000FFF776FE019B183301211846FFF780FEB2
:1049C000019B1C3301211846FFF77AFEFFF770FEAA
:1049D00028E0029B03F40073002B0DD0059B23F00D
:1049E00010030593FFF75CFE019B1C330021184662
:1049F000FFF766FEFFF75CFE029B03F00403002B4B
:104A000010D0039B10221A62049B23F0805304935E
:104A1000FFF746FE019B183300211846FFF750FEB2
:104A2000FFF746FE029B03F00803002B0DD0049B0A
:104A300023F400030493FFF733FE019B203300218E
:104A40001846FFF73DFEFFF733FE029B03F010030D
:104A5000002B0DD0059B23F040030593FFF720FEAC
:104A6000019B243300211846FFF72AFEFFF720FEA2
:104A7000039B059A1A60039B049A9A60019B1B6929
:104A8000002B03D0019B1B690198984700BF07B01A
:104A90005DF804FB000000000000000000000000C2
:104AA00082B001900091009B5A68019B5A60009B64
:104AB0009A68019B9A60009BDA68019BDA60009B10
:104AC0001A69019B5A61009B5A69019B1A62009BFB
:104AD0009A69019B5A62009B1A68019B1A6000BF89
:104AE00002B070470000000000000000000000005D
:104AF00008B51D4BDB6A1C4A43F07F03D3621A4B97
:104B0000DB6A194A23F07F03D362174BDB6A164B2B
:104B1000DB6C154A43F07F03D364134BDB6E124A00
:104B200043F07F03D366104BDB6E10494FF090408B
:104B3000FFF7B6FF0E490F48FFF7B2FF0E490F48C7
:104B4000FFF7AEFF0E490F48FFF7AAFF0E490F48C7
:104B5000FFF7A6FF0E490F48FFF7A2FF0E490F48C7
:104B6000FFF79EFF00BF08BD00100240A4A100088F
:104B7000C0A1000800040048DCA1000800080048AB
:104B8000F8A10008000C004814A20008001000481A
:104B900030A20008001400484CA200080018004889
:104BA00008B5FFF7A5FFFEF77BF800BF08BD00BF03
:104BB00000BF70470000000000000000000000007F
:104BC00000B58BB00190019B00221A6002AB184621
:104BD00001F0CEF90423099302AB184601F0E8F97D
:104BE00002AB184601F0F4F9099B013B0993099BBC
:104BF000002BF1D1029A019B1A6000BF0BB05DF847
:104C000004FB00BF000000000000000000000000E6
:104C100082B000230193019B83F3118800BF00BF82
:104C200000BF02B0704700BF00000000000000009D
:104C300008B501F045FB01F093FB01F0E9FB00BF73
:104C400008BD00BF000000000000000000000000E0
:104C500000B583B0114B01221A700023019308E0C4
:104C60000E4A019B9B00134400225A60019B0133B2
:104C70000193019B002BF3D00948FFF7A1FFFFF739
:104C8000D7FF0849084800F03BFE044B02221A7087
:104C9000FFF7BEFF00BF03B05DF804FB0C0B002064
:104CA000140B00206CA20008180B0020000000006C
:104CB00082B0019072B600BF00BF044A019BC2F8E7
:104CC000AC30034B03221A70FEE700BF180B002024
:104CD0000C0B00200000000000000000000000009D
:104CE00008B500F095FA00BF08BD00BF0000000045
:104CF00082B00190044B5A6B019B1343024A5363E9
:104D000000BF02B0704700BF180B00200000000079
:104D100082B001900091019A009B1344184602B0A2
:104D2000704700BF0000000000000000000000000D
:104D300082B001900091009A019BD31A184602B0EC
:104D4000704700BF000000000000000000000000ED
:104D500082B00190019B1B68019A9A420CBF01230B
:104D60000023DBB2184602B0704700BF000000000D
:104D700082B001900091019B1B68009A9A420CBF7F
:104D800001230023DBB2184602B070470000000088
:104D900084B0039002910192029B019A9A60029B57
:104DA000039A5A60029B5B681A68029B1A60029B16
:104DB0001B68029A5A60039B029A1A6000BF04B0F3
:104DC000704700BF0000000000000000000000006D
:104DD00084B0039002910192029B019A9A60029B17
:104DE000039A1A60029B1B685A68029B5A60029BD6
:104DF0005B68029A1A60039B029A5A6000BF04B073
:104E0000704700BF0000000000000000000000002C
:104E100000B587B0039002910192039B1B68059334
:104E200007E0059B9B68019AD31A0193059B1B68B9
:104E30000593059B9B68019A9A428CBF012300232E
:104E4000DBB2002BEDD1019A02990598FFF7C0FF64
:104E5000059B9A68019BD21A059B9A60039B4FF0B1
:104E6000FF329A6000BF07B05DF804FB000000004D
:104E700084B00190019B1B680393039B1A68019BFC
:104E80001A60019B1B68019A5A60039B184604B084
:104E9000704700BF0000000000000000000000009C
:104EA00082B00190019B5B68019A12681A60019BB5
:104EB0001B68019A52685A60019B184602B07047FD
:104EC00000B583B001900198FBF7A2FF00BF03B0CB
:104ED0005DF804FB0000000000000000000000007E
:104EE00008B5FBF7A5FF00BF08BD00BF000000002C
:104EF00000B583B001900198FBF7A2FF00BF03B09B
:104F00005DF804FB0000000000000000000000004D
:104F100008B5FBF775FF0346184608BD0000000002
:104F200082B030230193019B83F3118800BF00BF3F
:104F300000BF00BF02B0704700000000000000008A
:104F400082B000230193019B83F3118800BF00BF4F
:104F500000BF00BF02B0704700000000000000006A
:104F600008B5FFF7D5FF0346184608BD000000004E
:104F700000B587B00190009102230593009A059B2C
:104F80009A4201D2059B009300990198FFF7C0FE59
:104F900003461846FFF7ACFFFFF7E2FF04900499C1
:104FA0000198FFF7C5FE0390039A009B9A4234BF15
:104FB00001230023DBB2002B07D1059B01330593AE
:104FC000049B0193059B0093DEE700BF059B022B2A
:104FD00002D90120FFF78CFE00BF07B05DF804FB8B
:104FE00000B587B00390029101920093039B019A50
:104FF000DA60039B0299009A1846FFF7C9FE022364
:105000000593009A059B9A4201D2059B0093039B4E
:10501000DB6800991846FFF77BFE03461846FFF74A
:105020004FFFFFF79DFF049004990198FFF780FE62
:105030000246009B93428CBF01230023DBB2002B6E
:105040000FD1059B0133059305990198FFF760FE89
:1050500003461846FFF74CFF049B0193059B009302
:10506000DFE700BF059B022B02D90120FFF740FEBE
:1050700000BF07B05DF804FB000000000000000066
:1050800000B589B0039002910192FFF769FF069085
:10509000039B1846FFF75CFE0346002B06D0019BDE
:1050A000069A02990398FFF79BFF20E0039BDB68B9
:1050B00006991846FFF73CFE0590059A019B13449C
:1050C0000793079A059B9A4201D2019B0793039B82
:1050D0001B689B68079A9A4203D201990698FFF7CA
:1050E00047FF039B0299079A1846FFF791FE09B004
:1050F0005DF804FB0000000000000000000000005C
:1051000000B587B00390029101920093094B05937B
:10511000039B009A1A61039B019ADA60039B0022A9
:105120005A61029A03990598FFF7AAFF00BF07B0DA
:105130005DF804FB280B00200000000000000000C8
:1051400000B587B001902E4B0593059B019A11463F
:105150001846FFF70DFE034683F00103DBB2002B78
:1051600014D0019B1846FFF79BFE019B1B689968B2
:10517000019B9A68019B1B680A449A60019B00226C
:105180001A60059B4FF0FF329A6035E0059B184688
:10519000FFF76EFE019B00221A60059B1846FFF781
:1051A000D7FD0346002B02D0FFF79AFE24E0059BB3
:1051B0001B689968019B9A68059B1B680A449A6062
:1051C000FFF7CEFE0490059BDB6804991846FFF7B5
:1051D000AFFD0390059B1B689B68039A9A420AD215
:1051E000059B1B689A68039BD31A02930299049843
:1051F000FFF7BEFE00E000BF07B05DF804FB00BF94
:10520000280B00200000000000000000000000004B
:1052100000B589B04C4B0593059B1B680493FFF7C1
:105220009FFE0390059BDB6803991846FFF780FDFE
:105230000290049B9B68029A9A4266D3059BDA68A7
:10524000049B9B6819461046FFF762FD0190059B81
:10525000019ADA60049B1846FFF722FE049B0022A5
:105260001A60059B1846FFF773FD0346002B01D01B
:10527000FFF736FEFFF764FE049BDB68049A1269B1
:10528000114604989847FFF74BFE049B5B69002B7F
:1052900014BF01230023DBB2002BBDD0FFF760FE5B
:1052A000039003990198FFF743FD0290049B5B690B
:1052B000029A9A4205D90220FFF71AFD00230693AD
:1052C00004E0049B5A69029BD31A0693059B184677
:1052D000FFF73EFD0346002B06D0069B039A049978
:1052E0000598FFF77DFE2CE0029A069B1344079376
:1052F000079A029B9A4201D2069B0793059B049949
:10530000079A1846FFF784FD86E700BF059B1846FD
:10531000FFF71EFD0346002B12D1059BDA68029BA6
:105320001A44059BDA60049B9A68029BD21A049B7C
:105330009A60049B9B6819460398FFF719FE00E0EA
:1053400000BF09B05DF804FB280B0020000000003E
:1053500082B00190019B5B68019A12681A60019B00
:105360001B68019A52685A60019B184602B0704748
:1053700084B00190019B1B680393039B1A68019BF7
:105380001A60019B1B68019A5A60039B184604B07F
:10539000704700BF00000000000000000000000097
:1053A00082B001900091019B1B680193019B9A6858
:1053B000009B9B689A422CBF01230023DBB2002B89
:1053C000F1D1009B019A1A60019B5A68009B5A60B8
:1053D000009B5B68009A1A60019B009A5A60009BD0
:1053E000184602B0704700BF000000000000000037
:1053F00082B001900091019B1B680193019B9A6808
:10540000009B9B689A428CBF01230023DBB2002BD8
:10541000F1D1009B019A1A60019B5A68009B5A6067
:10542000009B5B68009A1A60019B009A5A60009B7F
:10543000184602B0704700BF0000000000000000E6
:1054400082B030230193019B83F3118800BF00BF1A
:1054500000BF00BF02B07047000000000000000065
:1054600082B000230193019B83F3118800BF00BF2A
:1054700000BF00BF02B07047000000000000000045
:1054800082B00190019B1B68002B14BF01230023F5
:10549000DBB2184602B070470000000000000000B8
:1054A00082B00190019B9B685A1C019B9A6000BFCF
:1054B00002B0704700000000000000000000000083
:1054C00000B583B00190019B002283F84C20019B22
:1054D0001B6C1A46019B19461046FFF761FF0346F5
:1054E000184603B05DF804FB000000000000000057
:1054F00000B583B00190019B002283F84C20019BF2
:105500001B6C1A46019B19461046FFF771FF0346B4
:10551000184603B05DF804FB000000000000000026
:1055200000B585B00D4B0393039BDB680293039B8F
:105530001846FFF71DFF0190019B012283F84C20C4
:10554000039B019ADA600298FFF7D2FF029001985C
:10555000029900DF00BF05B05DF804FB180B0020C6
:1055600000B585B001900091009B0393FFF768FFA1
:10557000039B93F84C300C2B2ED801A252F823F049
:10558000B5550008D9550008D9550008BB55000885
:10559000CF550008C5550008D9550008CF5500085B
:1055A000D9550008D9550008D9550008D955000823
:1055B000CF550008FFF754FF19E0039B1B6D002235
:1055C0001A600AE0039B1B6D1846FFF769FF039BF7
:1055D0001846FFF7BDFE00E000BF039B4FF0FF320F
:1055E0001A650398FFF76CFFFFF73AFF00BF05B09D
:1055F0005DF804FB00000000000000000000000057
:1056000000B583B001900198FFF75AFF0346184692
:1056100003B05DF804FB00BF0000000000000000C4
:1056200000B587B003468DF807300E4B0493049BFA
:10563000DB680393039B9DF8072083F84C20049BB1
:105640001846FFF795FE0590059B012283F84C2034
:10565000049B059ADA600598039900DF00BF07B044
:105660005DF804FB180B00200000000000000000A3
:1056700000B58BB0034600918DF80730154BDB6801
:105680000993009BB3F1FF3F16D003A8099B124A70
:105690000099FFF735FD9DF807301846FFF7C0FF6A
:1056A00003AB1846FFF7ECFE0346002B09D003AB13
:1056B0001846FFF745FD04E09DF807301846FFF750
:1056C000AFFF099B1B6D00BF00BF18460BB05DF814
:1056D00004FB00BF180B002061550008000000000B
:1056E00000B585B001900091144B0293029BDB68DA
:1056F0000393019B009A1A65019B9A68039B9B6820
:105700009A4294BF01230023DBB2002B03D00198FF
:10571000FFF7D6FE0DE00398FFF7EAFE0390019B2A
:10572000012283F84C20029B019ADA6001980399C8
:1057300000DF00BF05B05DF804FB00BF180B0020C0
:1057400000B583B00B4B0193019BDB680093019B79
:105750001B689A68009B9B689A428CBF01230023B8
:10576000DBB2002B01D0FFF7DBFE00BF03B05DF81A
:1057700004FB00BF180B0020000000000000000028
:1057800084B00B4B0393039BDB680293039B1B6862
:105790009B680193029B9B680093019A009B9A422D
:1057A0008CBF01230023DBB2184604B0704700BF52
:1057B000180B0020000000000000000000000000A6
:1057C00000B585B00C4B0393039BDB680293039BEE
:1057D0001846FFF7CDFD0190019B012283F84C2074
:1057E000039B019ADA600298FFF782FE019B18463C
:1057F00005B05DF804FB00BF180B0020000000009E
:1058000082B00190019B00221A6000BF02B0704775
:1058100082B00190019B00221A6000BF02B0704765
:1058200082B00190019B019A1A60019B019A5A6013
:1058300000BF02B0704700BF000000000000000081
:1058400082B00190019B019A1A60019B019A5A60F3
:10585000019B00229A6000BF02B070470000000068
:1058600082B00190019B019A1A60019B019A5A60D3
:10587000019B4FF0FF329A6000BF02B0704700BF3B
:1058800008B5FBF7BDFA0346184608BD0000000046
:1058900008B5FFF7F5FF0346184608BD00000000F5
:1058A00030B583B00190019B1846FFF7D9FF019BEB
:1058B0000022DA60FFF7ECFF034600221C46154683
:1058C000019BC3E9044500BF03B030BD00000000E8
:1058D00000B583B00190019B1846FFF7A1FF00BF00
:1058E00003B05DF804FB00BF0000000000000000F2
:1058F00082B0019000BFFDE7000000000000000042
:1059000000B58BB00190009100230993284A099BB0
:105910009B001344019A5A60019B099A1A63019BE8
:10592000009A9A63019800F04BFE019B1846FFF71E
:1059300087FF019B28331846FFF7CAFF019B3433CA
:105940001846FFF75DFF019B10331846FFF7A8FFCD
:10595000019BAC331846FFF75BFF019B03F13C0151
:105960008023144A019800F003F90246019BDA6093
:10597000019BDB68009A52689A64019BDB680122F4
:1059800083F84C200C4B0393009BDB680493009B33
:105990001B69059301230693084B07930023089383
:1059A00003AB184600F064F900BF0BB05DF804FBD0
:1059B0000C0B002090A2000880A20008F1580008FB
:1059C00082B00190019B019A1A6000BF02B070473B
:1059D00082B00190019B1B68019A9A4214BF012377
:1059E0000023DBB2184602B0704700BF0000000081
:1059F00084B00190019B1B680393039B1A68019B71
:105A00001A60039B184604B0704700BF00000000F6
:105A100082B00190019B019A1A60019B019A5A6021
:105A200000BF02B0704700BF00000000000000008F
:105A300082B00190019B1B68019A9A4214BF012316
:105A40000023DBB2184602B0704700BF0000000020
:105A500082B001900091009B019A1A60019B5A68E4
:105A6000009B5A60009B5B68009A1A60019B009A39
:105A70005A6000BF02B07047000000000000000044
:105A800084B00190019B1B680393039B1A68019BE0
:105A90001A60019B1B68019A5A60039B184604B068
:105AA000704700BF00000000000000000000000080
:105AB00082B00190019B5B68019A12681A60019B99
:105AC0001B68019A52685A60019B184602B07047E1
:105AD00082B030230193019B83F3118800BF00BF84
:105AE00000BF02B0704700BF0000000000000000CF
:105AF00082B000230193019B83F3118800BF00BF94
:105B000000BF02B0704700BF0000000000000000AE
:105B1000014BDB6818467047180B0020000000009E
:105B200000B583B0019001990820FFF7A1FD00BFE7
:105B300003B05DF804FB00BF00000000000000009F
:105B400000B585B001900091019B1846FFF798FFC2
:105B50000390039B009A1A650398FFF751FD00BF5D
:105B600005B05DF804FB00BF00000000000000006D
:105B700000B585B00390029101920093029B009AB8
:105B80009A60029B022283F84C20029B002283F839
:105B90004D20029B039A1A64029B009A9A66029B0C
:105BA00000225A66029B00221A66029B012283F899
:105BB0004E20029B019A5A64039B03F12802029B28
:105BC000383319461046FFF743FF029B54331846FB
:105BD000FFF7F6FE029B58331846FFF719FF029BAA
:105BE000184605B05DF804FB00000000000000004E
:105BF00000B585B00190019B9B68703B0393019BAE
:105C00005A68039B9A64039BA3F12002039BDA600A
:105C1000039B30221A61019B1B691A46039B5A6140
:105C2000019B5B691A46039B9A61039B6FF002021A
:105C30005A63039BDB680A4A9A61039BDB684FF057
:105C40008072DA61019B1A68019BDB680399054841
:105C5000FFF78EFF034600BF184605B05DF804FB52
:105C60000D030008180B00200000000000000000D9
:105C700000B583B001900198FFF7BAFF03461846BC
:105C8000FFF7BEFC0346184603B05DF804FB00BFF7
:105C900000B587B00390029101920093FFF718FFBF
:105CA000029B703B039A13440593059B039A9A64E5
:105CB000059BA3F12002059BDA60059B30221A6147
:105CC000009A059B5A61089A059B9A61059B6FF0A3
:105CD00002025A63059BDB680D4A9A61059BDB68EB
:105CE0004FF08072DA61019B0A4A05990A48FFF772
:105CF0003FFF059000210598FFF7F2FCFFF7F8FE43
:105D0000059B00BF00BF184607B05DF804FB00BF4D
:105D10000D03000888A20008180B002000000000F6
:105D200000B583B00190FFF7D3FE019800F008F8AA
:105D300000BF03B05DF804FB00000000000000009D
:105D400000B585B00190FFF7E3FE0390039B019A35
:105D50001A6508E0039B54331846FFF749FE0346D3
:105D60001846FFF74DFC039B54331846FFF730FEEF
:105D70000346002BEED1039B93F84E30002B0CBF53
:105D800001230023DBB2002B10D0039B93F84D308E
:105D900003F00303002B0CBF01230023DBB2002B15
:105DA00004D0039B38331846FFF782FE0F20FFF71D
:105DB00037FC00BF05B05DF804FB00BF0000000029
:105DC00000B583B00190FFF783FE0198FFF7A8FEAE
:105DD000FFF78EFE00BF03B05DF804FB000000007B
:105DE00000B585B001900091FFF792FE0390009BF3
:105DF000002B0CBF01230023DBB2002B02D04FF09D
:105E0000FF330AE0019B039A1A60039B019A1A650B
:105E100000990320FFF72CFC0346184605B05DF8F7
:105E200004FB00BF000000000000000000000000B4
:105E300000B585B001900091019B1B68002B0BD031
:105E4000019B1B680393019B00221A60039B009A2D
:105E50001A650398FFF7D4FB00BF05B05DF804FB9B
:105E600000B585B001900091FFF752FE0390009BB2
:105E7000002B0CBF01230023DBB2002B02D04FF01C
:105E8000FF3309E0019B03991846FFF7E1FD0099F4
:105E90000420FFF7EDFB0346184605B05DF804FB50
:105EA00000B583B001900091019B1846FFF7C0FD3B
:105EB0000346002B03D000990198FFF741FE00BF75
:105EC00003B05DF804FB00BF00000000000000000C
:105ED00000B583B00190009103E000990198FFF7AD
:105EE0002FFE019B1846FFF7A3FD0346002BF4D1BC
:105EF00000BF00BF03B05DF804FB00BF000000005E
:105F0000F0B484B0039002910192039BDB685A1CA9
:105F1000039BDA60039B9B68029AD21A019BD21AF8
:105F2000039B9A60039BD3E90423039989680020AB
:105F30000C460546161943EB0507039BC3E90467A6
:105F4000039B9A68039B5B689A4203D9039B9A68F8
:105F5000039B5A60039B9A68039B1B689A4203D277
:105F6000039B9A68039B1A6000BF04B0F0BC7047A3
:105F700082B00190019B4FF0FF321A60019B00221A
:105F80005A60019B00229A60019B0022DA6001990D
:105F90004FF000024FF00003C1E9042300BF02B03C
:105FA000704700BF0000000000000000000000007B
:105FB00082B00190034B5A68019B9A6000BF02B007
:105FC000704700BF001000E000000000000000006B
:105FD00000B583B00190064B5B68064A926819468B
:105FE0000198FFF78DFF00BF03B05DF804FB00BF11
:105FF000001000E00C0B002000000000000000007A
:1060000082B00190019B019A1A60019B019A5A602B
:1060100000BF02B0704700BF000000000000000099
:1060200000B583B00190019B1846FFF7E9FF019B83
:1060300000229A6000BF03B05DF804FB000000007E
:1060400082B030230193019B83F3118800BF00BF0E
:1060500000BF02B0704700BF000000000000000059
:1060600082B000230193019B83F3118800BF00BF1E
:1060700000BF02B0704700BF000000000000000039
:10608000014BDB6818467047180B00200000000029
:1060900000B587B00390029101920093FFF7F0FFE3
:1060A0000590039B1A68029B1A60039B029A1A6070
:1060B000029B059A5A60029B019A9A60029B0022F9
:1060C000DA60029B009A1A6100BF07B05DF804FB1A
:1060D00000B585B00390029101920093FFF7B0FFE5
:1060E000009B019A02990398FFF7D2FFFFF7B8FFD0
:1060F00000BF05B05DF804FB0000000000000000D8
:1061000000B585B00190FFF79BFF019BDB6803930F
:10611000019B0022DA60FFF7A3FF019B1A69039B32
:106120001340184605B05DF804FB00BF00000000F6
:1061300000B583B001900091019B1A6E009B1A4339
:10614000019B1A66019B93F84C300A2B06D1019BE8
:106150001A6E019B1B6D1340002B0DD1019B93F810
:106160004C300B2B0ED1019B1A6E019B1B6D1A40FC
:10617000019B1B6D9A4205D1019B00221A65019873
:10618000FFF73EFA00BF03B05DF804FB000000001B
:1061900000B585B001900091019B1B68039319E045
:1061A000039BDA68009B1A43039BDA60009B002B79
:1061B00005D0039B1A69009B1340002B07D0039B5B
:1061C0005A68039B9B6819461046FFF7B1FF039B73
:1061D0001B680393039A019B9A42E1D100BF00BF61
:1061E00005B05DF804FB00BF0000000000000000E7
:1061F00000B583B001900091FFF722FF009901984C
:10620000FFF7C6FFFFF79CFAFFF72AFF00BF03B0B6
:106210005DF804FB0000000000000000000000002A
:1062200000B585B00190FFF72BFF0290FFF708FF44
:10623000029B1B6E019A13400393039B002B0AD110
:10624000029B019A1A650A20FFF7EAF9029B1B6E6E
:10625000019A13400393029B1A6E039BDB431A407F
:10626000029B1A66FFF7FCFE039B184605B05DF81B
:1062700004FB00BF00000000000000000000000060
:1062800082B030230193019B83F3118800BF00BFCC
:1062900000BF02B0704700BF000000000000000017
:1062A00082B000230193019B83F3118800BF00BFDC
:1062B00000BF02B0704700BF0000000000000000F7
:1062C000034B044A1A60024B034A5A6000BF7047EE
:1062D000980C002010280020000002200000000080
:1062E00086B0039002910192104B5A68039B5B4267
:1062F00013441A46029B5B4213400593019B5B4289
:10630000059A13440493094B1B68049A9A4204D3D8
:10631000064B5B68049A9A4201D9002303E0034AC2
:10632000049B5360059B184606B07047980C0020EC
:1063300000B587B0039002910192FFF7A1FF019A87
:1063400002990398FFF7CCFF0590FFF7A9FF059B83
:10635000184607B05DF804FB0000000000000000D4
:1063600008B5074B074A1A60054B00225A60044BD8
:1063700000229A600448FFF753FE00BF08BD00BF2B
:10638000A00C002031630008AC0C002000000000CD
:1063900084B00390029101920093039B00221A6043
:1063A000039B029A5A60039B019A9A60039B009A8E
:1063B000DA6000BF04B07047000000000000000079
:1063C00000B583B001900091002200990198FFF779
:1063D00087FF0346184603B05DF804FB0000000089
:1063E00000B585B0039002910192019B04220299AD
:1063F0000398FFF7CDFF00BF05B05DF804FB00BFB9
:1064000082B00190019B019A1A6000BF02B07047F0
:1064100008B51048FFF704FE0F48FFF7F1FF0F4AD9
:1064200014210F48FFF7DCFF0E48FFF7E9FF0E4885
:10643000FFF7E6FF094A1C210C48FFF7D1FF0C4883
:10644000FFF7DEFF0B48FFF7DBFF0B48FFF7D8FF36
:1064500000BF08BDBC0C0020CC0C0020C1630008AC
:10646000D00C0020E00C0020E40C0020E80C002000
:10647000F80C0020FC0C0020000D002000000000A3
:1064800084B00190019B03F0070303930B4BDB687F
:106490000293029A4FF6FF0313400293039B1A02E2
:1064A000029B134343F0BF6343F400330293034A58
:1064B000029BD36000BF04B0704700BF00ED00E056
:1064C00082B0034600918DF807309DF90730002B0C
:1064D0000ADB009BDAB20C499DF907301201D2B2F7
:1064E0000B4483F800230BE0009BDAB207499DF8C8
:1064F000073003F00F03043B1201D2B20B441A76AB
:1065000000BF02B0704700BF00E100E000ED00E016
:1065100082B030230193019B83F3118800BF00BF39
:1065200000BF02B0704700BF000000000000000084
:1065300082B000230193019B83F3118800BF00BF49
:1065400000BF02B0704700BF000000000000000064
:10655000014BDB6818467047180B00200000000054
:106560002DE9F04383B0FFF7D3FFFFF709F90346A6
:10657000002B18D0FFF7ECFF0190FFF721F90090F6
:10658000019B0022984691464FF000024FF0000315
:1065900043460022009900200E46074642EA0604C0
:1065A00043EA070505E0FFF7C3FF4FF000044FF093
:1065B000000522462B461046194603B0BDE8F0837D
:1065C00000B585B0019030230393039B83F31188BA
:1065D00000BF62B600BF00BF0320FFF751FF0D4BA5
:1065E000DB680C4A43F08073D3600B4B1B680A4A8C
:1065F00043F00103136002216FF00400FFF760FF16
:106600000F216FF00100FFF75BFF00BF05B05DF8E1
:1066100004FB00BFF0ED00E0001000E0000000000F
:1066200000B585B00190084611461A4603468DF81C
:1066300003300B468DF802301346ADF800300023CE
:106640008DF80F3000238DF80E300198019B03F276
:106650000C529DF80330BDF8001002F071F90346AA
:106660001A469DF80F3013438DF80F30019B0A2115
:10667000184602F0D5F903461A469DF80F30134329
:106680008DF80F309DF80E30C72B06D99DF80F30CE
:1066900043F001038DF80F3022E09DF80330032B07
:1066A0000BD9019B93F80E357E2B06D99DF80F3040
:1066B00043F042038DF80F3012E09DF80E300133A5
:1066C0008DF80E309DF80230019A134493F80C2592
:1066D0009DF818301340DBB29DF81C209A42B4D1CB
:1066E0009DF80F30184605B05DF804FB000000006F
:1066F00000B585B0019000238DF80F300023ADF870
:106700000C30019B0DF10B020621184601F0E8FF49
:1067100003461A469DF80F3013438DF80F309DF84D
:106720000B305BB2002B15DA019B0DF10A02072139
:10673000184601F0D5FF03461A469DF80F30134363
:106740008DF80F309DF80A209DF80F3013438DF817
:106750000F3016E0019B0121184602F061F9BDF8E7
:106760000C300133ADF80C309DF80B3003F0010311
:10677000002B05D1BDF80C30B3F5FA7FC1D300E092
:1067800000BF9DF80F3000BF184605B05DF804FB50
:1067900000B5EBB06AABA3F5CE7318600A466AABDE
:1067A000A3F29D131A7000238DF8A3316AABA3F5F1
:1067B000C873C84A92E8030083E803006AABA3F5F4
:1067C000CC73C54A92E8030083E803006AABA3F5E3
:1067D000CE731B6803F20C506AABA3F5CE731B6833
:1067E0001C334FF4F4721946F9F79AFD6AABA3F221
:1067F0009D131B78102B40F00A816AABA3F5CE7372
:106800001B6803F21C526AABA3F5C87303CB10607C
:1068100051606AABA3F5CE731B6803F20C534FF4BF
:10682000F471184602F0C4F86AABA3F5CE731B6886
:1068300003F5A96128AB4FF480721846F9F770FD93
:106840006AABA3F5CE731B6803F24C6108AB8022E0
:106850001846F9F765FD00238DF8A631A2E0002364
:106860008DF8A73192E09DF9A7219DF9A631DB00B3
:1068700013445A006AABA3F5847353F822209DF9A0
:10688000A7119DF9A631DB000B445B00591C6AABD4
:10689000A3F5847353F821301A449DF9A7119DF98B
:1068A000A631DB000B44043359006AABA3F58473B3
:1068B00053F821301A449DF9A7119DF9A631DB0048
:1068C0000B445B0003F109016AABA3F5847353F831
:1068D000213013449DF9A7119DF9A62192000A4485
:1068E00099086AABA3F5847343F822109DF9A72198
:1068F0009DF9A631DB0013445A006AABA3F5C473BB
:1069000033F9123019469DF9A7219DF9A631DB0014
:1069100013445B005A1C6AABA3F5C47333F91230FD
:106920000B449DF9A7119DF9A621D2000A44043217
:1069300051006AAAA2F5C47232F9112013449DF9DC
:10694000A7119DF9A621D2000A44520002F10901C3
:106950006AAAA2F5C47232F911201344002B00DA9E
:1069600003339B1019469DF9A7219DF9A6319B0081
:106970001A4409B26AABA3F5C47323F812109DF947
:10698000A731DBB20133DBB28DF8A7319DF9A73116
:10699000032B7FF768AF9DF9A631DBB20133DBB281
:1069A0008DF8A6319DF9A631032B7FF758AF08ABC0
:1069B000203360220021184603F01EFA28AB403332
:1069C000C0220021184603F017FA6AABA3F5CE7374
:1069D0001B6803F5A96328A94FF480721846F9F7DC
:1069E0009FFC6AABA3F5CE731B6803F24C6308A946
:1069F00080221846F9F794FC6AABA3F5CE731B68A6
:106A000003F20C534FF4F471184601F0D1FF002348
:106A1000ADF8A43119E0BDF8A43103F10802BDF8C6
:106A2000A4316AA9A1F5CE7109680A4492F80C153F
:106A30006AAAA2F5CE72126813440A4683F80C259E
:106A4000BDF8A4310133ADF8A431BDF8A431B3F5DC
:106A5000F27FE0D36AABA3F5CE731B6803F2EC625E
:106A60006AABA3F5CC7303CB106051606AABA3F59E
:106A7000CE7318686AABA3F5CE731B6803F20C5291
:106A80004FF4F47342F6186101F0A2FE03461A4671
:106A90009DF8A33113438DF8A3316AABA3F5CE70F3
:106AA00003230193FF2300934FF430530122042169
:106AB0000068FFF7B5FD03461A469DF8A33113435E
:106AC0008DF8A3319DF8A33100BF18466BB05DF877
:106AD00004FB00BF9C9E0008A49E0008000000006C
:106AE00000B5CBB04AABA3F58E7318600A464AAB2B
:106AF000A3F21D131A7000238DF825318B4A47AB82
:106B000092E8030083E80300894A45AB92E803005A
:106B100083E80300874B44934AABA3F58E731B684D
:106B200003F20C504AABA3F58E731B6803F5017397
:106B30004FF442721946F9F7F3FB4AABA3F21D1367
:106B40001B78102B40F0BF804AABA3F58E731B68F7
:106B500003F214531A4647AB03CB106051604AABA3
:106B6000A3F58E731B6803F22C531A4645AB03CB77
:106B7000106051604AABA3F58E731B6803F20C538F
:106B80004FF44271184601F013FF4AABA3F58E7320
:106B90001B6803F5A86104AB4FF480721846F9F73F
:106BA000BFFB00238DF8263158E000238DF82731F4
:106BB00049E09DF927219DF92631DB0013445A0055
:106BC0004AABA3F58C7353F822209DF927119DF948
:106BD0002631DB000B445B00591C4AABA3F58C73D8
:106BE00053F821301A449DF927119DF92631DB0015
:106BF0000B44043359004AABA3F58C7353F821308E
:106C00001A449DF927119DF92631DB000B445B00E6
:106C100003F109014AABA3F58C7353F821301344F7
:106C20009DF927119DF9262192000A4499084AAB43
:106C3000A3F58C7343F822109DF92731DBB20133A1
:106C4000DBB28DF827319DF92731032BB1DD9DF99A
:106C50002631DBB20133DBB28DF826319DF92631C6
:106C6000032BA2DD04AB4033C0220021184603F001
:106C7000C3F84AABA3F58E731B6803F5A86304A998
:106C80004FF480721846F9F74BFB4AABA3F58E73AD
:106C90001B6803F20C534FF44271184601F088FE52
:106CA0004AABA3F58E731B6803F5C863449A1A6058
:106CB0004AABA3F58E731B6803F2845304220021B0
:106CC000184603F099F84AABA3F58E7318684AABDF
:106CD000A3F58E731B6803F20C524FF4427342F615
:106CE000F84101F075FD03461A469DF8253113431E
:106CF0008DF825314AABA3F58E7003230193FF2352
:106D000000934FF43053012204210068FFF788FC00
:106D100003461A469DF8253113438DF825319DF819
:106D2000253100BF18464BB05DF804FBB8F90108E7
:106D3000AC9E0008A0FC0100000000000000000064
:106D400000B585B00190009100238DF80F30019BB4
:106D5000002247F6FF71184601F0FAFC03461A4676
:106D60009DF80F3013438DF80F30019B0DF10E028B
:106D70000021184601F0B4FC03461A469DF80F3076
:106D800013438DF80F30019B0DF10D0201211846C0
:106D900001F0A6FC03461A469DF80F3013438DF808
:106DA0000F30019B022247F6FF71184601F0D0FC1C
:106DB00003461A469DF80F3013438DF80F309DF8A7
:106DC0000E30F02B07D19DF80D30022B03D1009B24
:106DD00001221A7002E0009B00221A709DF80F3009
:106DE00000BF184605B05DF804FB00BF00000000BE
:106DF00000B58BB0059000238DF827304FF00113BC
:106E0000089301230793059B964A9A61059B964A2E
:106E10005A61059B002283F8B82A059B002247F699
:106E2000FF71184601F094FC03461A469DF827307E
:106E300013438DF82730059B04220921184601F0E1
:106E400087FC03461A469DF8273013438DF82730F8
:106E5000059B40220F21184601F07AFC03461A4692
:106E60009DF8273013438DF82730059B03220A2114
:106E7000184601F06DFC03461A469DF8273013436F
:106E80008DF82730059B0DF1260247F6FF71184655
:106E900001F026FC03461A469DF8273013438DF86F
:106EA0002730059B01220C21184601F051FC0346B6
:106EB0001A469DF8273013438DF82730059B002292
:106EC00040F20111184601F043FC03461A469DF8B2
:106ED000273013438DF82730059B00224FF4817132
:106EE000184601F035FC03461A469DF82730134337
:106EF0008DF82730059B01224FF48571184601F06B
:106F000027FC03461A469DF8273013438DF8273097
:106F1000059B012244F20201184601F019FC0346C8
:106F20001A469DF8273013438DF82730059B002221
:106F300044F20201184601F00BFC03461A469DF884
:106F4000273013438DF82730059B03224FF48571BA
:106F5000184601F0FDFB03461A469DF827301343FF
:106F60008DF82730059B012240F20311184601F0ED
:106F7000EFFB03461A469DF8273013438DF8273060
:106F8000059B00220C21184601F0E2FB03461A463D
:106F90009DF8273013438DF82730059B43220F219E
:106FA000184601F0D5FB03461A469DF827301343D7
:106FB0008DF82730059B0121184601F031FD03466D
:106FC0001A469DF8273013438DF82730059B402241
:106FD0000F21184601F0BCFB03461A469DF82730E6
:106FE00013438DF82730059B01220A21184601F032
:106FF000AFFB03461A469DF8273013438DF8273020
:10700000059B6421184601F00BFD03461A469DF8C6
:10701000273013438DF82730059B002247F6FF7178
:10702000184601F095FB03461A469DF82730134396
:107030008DF8273001230193FF23009306230022BC
:1070400001210598FFF7ECFA03461A469DF8273010
:1070500013438DF827309DF82730002B40F0D7835D
:1070600004E000BF88F60108BCF20108059B01227C
:107070000E21184601F06CFB03461A469DF8273096
:1070800013438DF82730059B022247F6FF711846FF
:1070900001F05EFB03461A469DF8273013438DF836
:1070A0002730059B0D220321184601F051FB0346B2
:1070B0001A469DF8273013438DF82730059B01228F
:1070C00047F6FF71184601F043FB03461A469DF848
:1070D000273013438DF8273010230193102300939A
:1070E0002123002201210598FFF79AFA03461A4648
:1070F0009DF8273013438DF82730059B002247F673
:10710000FF71184601F024FB03461A469DF827300C
:1071100013438DF82730059B0DF1260247F6FF71CA
:10712000184601F0DDFA03461A469DF8273013434E
:107130008DF82730059B01220C21184601F008FB31
:1071400003461A469DF8273013438DF82730059BD8
:10715000002247F6FF71184601F0FAFA03461A4674
:107160009DF8273013438DF82730059B002240F20D
:107170000111184601F0ECFA03461A469DF8273033
:1071800013438DF82730059B00224FF48171184678
:1071900001F0DEFA03461A469DF8273013438DF8B6
:1071A0002730059B01224FF48571184601F0D0FA73
:1071B00003461A469DF8273013438DF82730059B68
:1071C000012244F20201184601F0C2FA03461A46AF
:1071D0009DF8273013438DF82730059B002244F299
:1071E0000201184601F0B4FA03461A469DF827300A
:1071F00013438DF82730059B03224FF48571184601
:1072000001F0A6FA03461A469DF8273013438DF87D
:107210002730059B012240F20311184601F098FA2D
:1072200003461A469DF8273013438DF82730059BF7
:10723000002244F20F01184601F08AFA03461A466A
:107240009DF8273013438DF82730059B432240F2E9
:107250001A21184601F07CFA03461A469DF8273099
:1072600013438DF82730059B032240F21A2118465C
:1072700001F06EFA03461A469DF8273013438DF845
:107280002730059B012240F21A21184601F060FACE
:1072900003461A469DF8273013438DF82730059B87
:1072A000002240F21A21184601F052FA03461A460B
:1072B0009DF8273013438DF82730059B002240F2BC
:1072C0001921184601F044FA03461A469DF8273062
:1072D00013438DF82730059B002240F21B211846EE
:1072E00001F036FA03461A469DF8273013438DF80D
:1072F0002730059B002247F6FF71184601F028FA57
:1073000003461A469DF8273013438DF82730059B16
:107310000DF1260247F6FF71184601F0E1F9034628
:107320001A469DF8273013438DF82730059B00221D
:107330000C21184601F00CFA03461A469DF8273036
:1073400013438DF82730059B012247F6FF7118463D
:1073500001F0FEF903461A469DF8273013438DF8D5
:107360002730059B07222021184601F0F1F903463A
:107370001A469DF8273013438DF82730059B0622C7
:107380002021184601F0E4F903461A469DF82730FB
:1073900013438DF82730059B092247F6FF711846E5
:1073A00001F0D6F903461A469DF8273013438DF8AD
:1073B000273005984FF40043E54A002101F008FA10
:1073C00003461A469DF8273013438DF82730059B56
:1073D0000A2247F6FF71184601F0BAF903461A4629
:1073E0009DF8273013438DF8273005984FF400435C
:1073F000D84A002101F0ECF903461A469DF82730DF
:1074000013438DF82730059B0B2247F6FF71184672
:1074100001F09EF903461A469DF8273013438DF874
:10742000273005984FF4A043CB4A002101F0D0F952
:1074300003461A469DF8273013438DF82730059BE5
:10744000012247F6FF71184601F082F903461A46F9
:107450009DF8273013438DF82730059B022247F60D
:10746000FF71184601F074F903461A469DF827305B
:1074700013438DF82730059B0D220321184601F098
:1074800067F903461A469DF8273013438DF82730D5
:10749000059B012247F6FF71184601F059F9034692
:1074A0001A469DF8273013438DF827301023019397
:1074B000102300932123002201210598FFF7B0F843
:1074C00003461A469DF8273013438DF827309DF860
:1074D0002730002B40F09D81059B002247F6FF716D
:1074E000184601F035F903461A469DF82730134334
:1074F0008DF82730059B0DF1260247F6FF711846DF
:1075000001F0EEF803461A469DF8273013438DF834
:107510002730059B01220C21184601F019F903467A
:107520001A469DF8273013438DF82730059B00221B
:1075300047F6FF71184601F00BF903461A469DF80D
:10754000273013438DF82730059B00224FF48A71B2
:10755000184601F0FDF803461A469DF827301343FC
:107560008DF82730059B002240F21511184601F0D6
:10757000EFF803461A469DF8273013438DF827305D
:10758000059B42224FF48B71184601F0E1F8034647
:107590001A469DF8273013438DF82730059B0022AB
:1075A00040F21711184601F0D3F803461A469DF829
:1075B000273013438DF82730059B00220B211846F6
:1075C00001F0C6F803461A469DF8273013438DF89C
:1075D0002730059B0DF1260247F6FF71184601F092
:1075E0007FF803461A469DF8273013438DF827305D
:1075F000059B00220C21184601F0AAF803461A4602
:107600009DF8273013438DF82730059B01220B216D
:10761000184601F09DF803461A469DF8273013439B
:107620008DF827300598FFF763F803461A469DF852
:10763000273013438DF827309DF82730002B40F07A
:10764000EA80059B022247F6FF71184601F080F898
:1076500003461A469DF8273013438DF827300598C6
:1076600028233E4A42F6D87101F0B2F803461A4682
:107670009DF8273013438DF8273002230193FF2311
:1076800000934FF43053002204210598FEF7C8FF01
:1076900003461A469DF8273013438DF82730059886
:1076A000059B03F20C524FF4F67342F6044101F0CD
:1076B00047F903461A469DF8273013438DF82730C3
:1076C000059B03F11C00059B03F20C534FF4F4726D
:1076D0001946F8F725FE10210598FFF759F80346DB
:1076E0001A469DF8273013438DF82730059B03F584
:1076F00001731B4A184611464FF442731A46F8F7B5
:107700000FFE10210598FFF7EBF903461A469DF886
:10771000273013438DF827300598059B5A694FF49D
:10772000737342F6344101F053F803461A469DF84C
:10773000273013438DF8273003230193FF23009351
:107740004FF43053012204210598FEF769FF09E048
:10775000BCA20008BC220108BCA2010890F90108E3
:1077600088F6010803461A469DF8273013438DF822
:10777000273008A904234DF68032059800F048FD13
:1077800003461A469DF8273013438DF8273007A982
:1077900004234DF66412059800F03AFD03461A469C
:1077A0009DF8273013438DF8273001238DF82630BC
:1077B000059B03F20C5126230293012301930DF143
:1077C0002603009328234EF20812059800F0E0FDEE
:1077D00003461A469DF8273013438DF82730059B42
:1077E00003F20C5125230293012301930DF126038B
:1077F000009328234EF20812059800F0C9FD0346B5
:107800001A469DF8273013438DF8273004E000BF57
:1078100002E000BF00E000BF9DF8273000BF18461F
:107820000BB05DF804FB00BF00000000000000008A
:1078300030B59DB0039000238DF86F300023169370
:10784000002317934FF4407315930DF1630319460A
:10785000039800F0F5FB03461A469DF86F3013437A
:107860008DF86F30039B00221A61039BFF221A736D
:10787000A64B11AC0FCB84E80F00A54B05AC1D4601
:107880000FCD0FC40FCD0FC495E80F0084E80F0093
:10789000119B08331193119B10331193119B2033CB
:1078A0001193119B40331193119B80331193119BC2
:1078B00003F580731193119B03F500731193119BD2
:1078C00003F580631193119B03F50063119300236B
:1078D0001A9372E01A9B9B0070336B4453F85C3C24
:1078E000002B66D01A9B5B099B0070336B4453F8E6
:1078F0002C2C1A9B03F01F0322FA03F303F001035D
:10790000002B56D005AA1A9B9B0013441993199B70
:107910001B7803F00F03DBB2002B3AD0199B1B78C6
:10792000C3F30303DBB20C2B33D8199B5B8845F2FE
:10793000CF42934210D9199B5B8845F68F02934240
:107940000AD89DF86330C3F30B0399B2199A1388D0
:1079500061F30F13138009E09DF86330C3F30B0349
:1079600099B2199A138861F30F131380039B1B6953
:10797000199A1278C2F30302D2B21146199A1288E8
:10798000C2F30B1292B201FB02F21A44039B1A617A
:1079900009E0039B1B69199A1288C2F30B1292B279
:1079A0001A44039B1A61039B1B691A1D039B1A61EE
:1079B00000E000BF1A9B01331A931A9B0B2B89D945
:1079C000039B1B6903F11802039B1A6105A930236D
:1079D0004DF68012039800F01BFC03461A469DF8F2
:1079E0006F3013438DF86F30039B1B6916931A9BFE
:1079F0000133179316A908234DF66812039800F077
:107A000007FC03461A469DF86F3013438DF86F301C
:107A100011A910234DF67012039800F0F9FB0346EC
:107A20001A469DF86F3013438DF86F30039B002288
:107A300047F6FF71184600F08BFE03461A469DF884
:107A40006F3013438DF86F30039B052209211846D0
:107A500000F07EFE03461A469DF86F3013438DF802
:107A60006F30039B022247F6FF71184600F070FE4C
:107A700003461A469DF86F3013438DF86F30039814
:107A800015AA042342F6FC7100F0A2FE03461A4632
:107A90009DF86F3013438DF86F3003230193FF235C
:107AA00000934FF43053012204210398FEF7B8FDF0
:107AB00003461A469DF86F3013438DF86F30039BD1
:107AC00003F20C510C2345F24042039800F008FBEE
:107AD00003461A469DF86F3013438DF86F30039BB1
:107AE00003F214531B889BB2ADF86030BDF86030D0
:107AF0001A46039B1B699A4202D0FF238DF86F3010
:107B00009DF86F3000BF18461DB030BDB49E000810
:107B1000C49E0008000000000000000000000000FB
:107B200000B585B00190009100238DF80F300198C9
:107B3000019B03F20C520423002100F001FF0346D5
:107B40001A469DF80F3013438DF80F30019B93F8C0
:107B50000C25019B1B7B9A4220D0019B93F80C358E
:107B6000FF2B1BD0019B93F80D35052B16D1019BE4
:107B700093F80E3503F00503052B0FD1019B93F805
:107B80000F3503F01003002B08D0009B01221A7060
:107B9000019B93F80C25019B1A7310E0019B93F84D
:107BA0000F355BB2002B07DA019B93F80E259DF889
:107BB0000F3013438DF80F30009B00221A709DF890
:107BC0000F30184605B05DF804FB00BF0000000050
:107BD00000B589B00190009100238DF81F30019805
:107BE000019B03F20C52019B1B69002100F0A8FECF
:107BF00003461A469DF81F3013438DF81F30019B32
:107C000093F80C25019B1A73019B03F20C52019B04
:107C10001B699BB21946104600F0CAFE102306935A
:107C200018E1069B03F5A163019A13440433029300
:107C3000029B1B78C3F30303DBB2012B15D9029B14
:107C40001B78C3F30303DBB20C2B0ED8029B1B780B
:107C5000C3F30303DBB21A46029B1B88C3F30B1367
:107C60009BB202FB03F3049305E0029B1B88C3F362
:107C70000B139BB20493029B5B884EF284029342E7
:107C800000F0C2804EF28402934200F3DB804EF299
:107C90004402934200F0A9804EF24402934200F362
:107CA000D1804DF64472934200F090804DF64472BC
:107CB000934200F3C7804DF6C462934277D04DF6ED
:107CC000C462934200F3BE804DF6C43293425FD04B
:107CD0004DF6C432934200F3B5804DF684329342A0
:107CE00047D04DF68432934200F3AC804DF65802F3
:107CF000934200F098804DF65802934200F3A28020
:107D000045F2D052934225D045F2D052934200F32F
:107D1000998045F2B442934204D045F2D042934256
:107D20000AD08FE0069B0C33019A134493F80C356C
:107D30005AB2009B1A7086E0009B181D069B043304
:107D400003F5A163019A13440433049A1946F8F722
:107D5000E7FA78E0009B03F5A270069B043303F575
:107D6000A163019A13440433049A1946F8F7D8FA28
:107D700069E0009B03F58270069B043303F5A16361
:107D8000019A13440433049A1946F8F7C9FA5AE0E1
:107D9000009B03F51170069B043303F5A163019A60
:107DA00013440433049A1946F8F7BAFA4BE0009BDF
:107DB00003F55170069B043303F5A163019A134444
:107DC0000433049A1946F8F7ABFA3CE0009B03F53C
:107DD0007170069B043303F5A163019A13440433C5
:107DE000049A1946F8F79CFA2DE0009B03F24440F0
:107DF000069B043303F5A163019A13440433049AE8
:107E00001946F8F78DFA1EE0009B03F28440069BAA
:107E1000043303F5A163019A13440433049A194609
:107E2000F8F77EFA0FE0009B03F2C440069B043390
:107E300003F5A163019A13440433049A1946F8F731
:107E40006FFA00E000BF069A049B13440693069B5A
:107E500004330693019B1B69069A9A42FFF4E1AE34
:107E6000002306930DE0009A069B9B0013445B6879
:107E7000DA0A0099069B9B000B445A60069B01336B
:107E80000693069B3F2BEED90023069356E0009AFB
:107E9000069B03F5F0735B001344B3F90430002B29
:107EA00000DA03339B1019B2009A069B03F5F073B6
:107EB0005B0013440A469A80009A069B03F5F07310
:107EC0005B001344B3F90430002B07DA009A069BD9
:107ED00003F5F0735B00134400229A80009A069B1E
:107EE000134403F244431B785B08D9B2009A069B03
:107EF000134403F244430A461A70009A069B03F5A2
:107F0000D0735B0013449B88DB0999B2009A069BEF
:107F100003F5D0735B0013440A469A80009A069BCF
:107F200090339B0013445B68DA0A0099069B9033F8
:107F30009B000B445A60069B01330693069B3F2B24
:107F4000A5D9002306931BE0009A069B134403F572
:107F500082731B78002B10D1002305930AE0069A48
:107F6000059B1344009A1344FF2283F88424059B45
:107F700001330593059B002BF1D0069B013306933B
:107F8000069B3F2BE0D90023069314E0009A069B42
:107F900003F599739B0013449B68254AA2FB0323B6
:107FA000DA0B0099069B03F599739B000B449A60CA
:107FB000069B01330693069B1F2BE7D9019B93F881
:107FC00014359BB21B02ADF80E30019B93F81535AA
:107FD0009AB2BDF80E301343ADF80E30019B1B6909
:107FE000043B019A134493F80C359BB21B02ADF885
:107FF0000C30019B1B69033B019A134493F80C3529
:108000009AB2BDF80C301343ADF80C30BDF80E2019
:10801000BDF80C309A4205D09DF81F3043F00203A2
:108020008DF81F309DF81F30184609B05DF804FB2D
:10803000018000800000000000000000000000003F
:1080400000B585B00190009100238DF80F30019BA1
:1080500003F20C51082345F25042019800F040F819
:1080600003461A469DF80F3013438DF80F30019BDD
:1080700093F80C25019B93F80D3512FB03F3DAB24C
:10808000009B1A709DF80F30184605B05DF804FB90
:1080900000B589B005900B468DF8133000238DF89C
:1080A0001F30059B03F20C5101230293012301931E
:1080B0000DF113030093042345F25842059800F094
:1080C00067F903461A469DF81F3013438DF81F3099
:1080D0009DF81F3000BF00BF184609B05DF804FBD3
:1080E00000B58DB0059004910392ADF80A300023DD
:1080F0008DF82D30BDF80A300C330A93414A07AB96
:1081000007CA83E80700BDF80A30B3F5B46F03D996
:10811000FF238DF82D306DE0039B1B0ADBB28DF839
:108120001C30039BDBB28DF81D30BDF80A301B11EB
:10813000DBB28DF81E30BDF80A30DBB21B01DBB2BA
:108140008DF81F30059807AA0C2342F6F47100F051
:108150003FFB03461A469DF82D3013438DF82D3012
:1081600003230193FF2300934FF430530122042192
:108170000598FEF755FA03461A469DF82D3013432D
:108180008DF82D300598059B03F20C520A9B42F6A0
:10819000044100F0D5FB03461A469DF82D301343E9
:1081A0008DF82D30059B03F20C52BDF80A300C33CC
:1081B0009BB21946104600F0FBFB0023ADF82E30B1
:1081C00012E0BDF92E301A1DBDF92E3004990B4472
:1081D00005990A4492F80C251A70BDF92E309BB20D
:1081E00001339BB2ADF82E30BDF90A30BDF92E2017
:1081F0009A42E6DB9DF82D3000BF18460DB05DF8C1
:1082000004FB00BFF49E0008000000000000000016
:1082100000B58DB0059004910392ADF80A300023AB
:108220008DF82F300023099300238DF81C30002394
:108230008DF81D3000238DF81E300F238DF81F3070
:1082400005238DF8203001238DF82130BDF80A3048
:1082500008331B12DBB28DF82230BDF80A30DBB2D6
:108260000833DBB28DF82330BDF80A30C3F53F5335
:108270003433ADF82A30BDF80A30B3F5B46F03D902
:10828000FF238DF82F3076E0039B1B0ADBB28DF8BD
:108290002430039BDBB28DF82530BDF80A301B116A
:1082A000DBB28DF82630BDF80A30DBB21B01DBB241
:1082B0008DF82730BDF80A301946049800F078FB95
:1082C000BDF80A30013B9BB2ADF82C3013E0BDF98C
:1082D0002C30049A1A44BDF92C3004331178059AD5
:1082E00013440A4683F80C25BDF92C309BB2013BA0
:1082F0009BB2ADF82C30BDF92C30002BE7DA059B92
:1083000003F20C53099A1A60BDF80A30043303F5DE
:10831000A163059A134404331A4607AB03CB1060DC
:1083200051600598059B03F20C52BDF80A300C33DE
:10833000BDF82A1000F04CFA03461A469DF82F307B
:1083400013438DF82F3003230193FF2300934FF441
:108350003053012204210598FEF762F903461A46BC
:108360009DF82F3013438DF82F30BDF80A30194691
:10837000049800F01DFB9DF82F3000BF18460DB08B
:108380005DF804FB00000000000000000000000099
:1083900000B587B0039002910192ADF8023000233E
:1083A0008DF81730BDF80230019A02990398FFF753
:1083B00097FE03461A469DF8173013438DF8173081
:1083C000BDF82830029A1344BDF8242008991846B5
:1083D000F7F7A6FFBDF80230019A02990398FFF75C
:1083E00017FF03461A469DF8173013438DF81730D0
:1083F0009DF81730184607B05DF804FB0000000038
:1084000000B587B00390029113468DF80730002322
:108410008DF817309C220021029801F0EDFC029BA0
:1084200043F241521A60029B4FF430125A60029B91
:1084300000229A60029B0022DA60029B06221A74D4
:10844000029B02225A74029B04229A74029B092204
:10845000DA74029B10221A75029B10225A75029B35
:1084600001229A75029B0822DA75029B00221A7675
:10847000029B00225A76029B00229A76029B0022DF
:10848000DA769DF807301A460299039800F0A8F8AA
:1084900003461A469DF8173013438DF817309DF8A0
:1084A0001730184607B05DF804FB00BF000000005D
:1084B00010B586B00390029111461A460B46ADF8EE
:1084C00006301346ADF8043000238DF81730BDF8A0
:1084D0000420BDF80630D31A40F2DC52934209DC86
:1084E000BDF80630B3F5C87F04D3BDF80430B3F54A
:1084F0007A6F06D99DF8173043F07F038DF8173057
:1085000058E0BDF806301846F8F75AF803462C49EB
:108510001846F8F761F903464FF081411846F7F71E
:108520009DFF034627491846F8F7A2F8034604932F
:108530000498F8F7EDF90246029B1A60BDF8043082
:108540001846F8F73DF80446BDF806301846F8F727
:1085500037F8034619462046F7F780FF03461A49C5
:108560001846F8F739F9034618491846F7F778FF1F
:10857000034617491846F8F72FF903464FF07C5188
:108580001846F7F76DFF034604930498F8F7E6F9E9
:108590000346DAB2029BDA749C234BF6AC72029962
:1085A0000398FFF735FE03461A469DF8173013432C
:1085B0008DF817309DF81730184606B010BD00BF73
:1085C000A323164200080045000020410439F04171
:1085D00004397041000000000000000000000000AD
:1085E00000B587B00390029113468DF80730002341
:1085F0008DF816309DF80730102B02D0402B1FD07D
:108600004EE000238DF817300CE09DF817309DF9EF
:108610001710029A13440A461A779DF8173001334F
:108620008DF817309DF817300F2BEED9029B1C33B5
:10863000103330224FF0FF31184601F0DDFB33E0FC
:1086400000238DF8173026E09DF917305A4203F0C9
:10865000070302F0070258BF53425BB2DA0F13441C
:108660005B105BB2DAB29DF91730002B00DA0F33E2
:108670001B115BB2DBB29B00DBB21344DAB29DF894
:10868000173051B2029A13440A461A779DF81730F0
:1086900001338DF817309DF817303F2BD4D903E004
:1086A000FF238DF8163000BF9DF81630002B0DD13A
:1086B0009C234BF6AC7202990398FFF7A9FD034681
:1086C0001A469DF8163013438DF816309DF8163073
:1086D000184607B05DF804FB000000000000000031
:1086E00000B58BB007900B460592ADF81A30002309
:1086F0008DF82730BDF81A301B0A9BB2DBB28DF81B
:108700002430BDF81A30DBB28DF82530079B5A684B
:10871000079B9B6819461046F8F71AFF079B586895
:10872000079B198809AA4FF0FF3302930123019395
:10873000059B00930223F8F72BFF03468DF82730A3
:108740009DF8273000BF18460BB05DF804FB00BF52
:1087500000B589B005900B46ADF8123013468DF880
:10876000113000238DF81F30BDF812301B0A9BB268
:10877000DBB28DF81C30BDF81230DBB28DF81D3045
:108780009DF811308DF81E30059B5A68059B9B683B
:1087900019461046F8F7DCFE059B5868059B1988BA
:1087A00007AA4FF0FF3302930023019300230093A5
:1087B0000323F8F7EDFE03468DF81F309DF81F30B8
:1087C00000BF184609B05DF804FB00BF00000000C0
:1087D00000B589B00390019200930B46ADF80A30C2
:1087E00001238DF81F300023069322E0009A069B98
:1087F000D31A0593059BB3F5807F02D94FF480739C
:108800000593069B9AB2BDF80A30134499B2019AB7
:10881000069B1A44059B039800F01AF803461A4673
:108820009DF81F3013408DF81F30069A059B1344A6
:108830000693069A009B9A42D8D39DF81F3018469B
:1088400009B05DF804FB00BF00000000000000005C
:1088500010B5CAB04AACA4F58674206008464AA98F
:10886000A1F58A710A604AAAA2F58C7213604AAB1C
:10887000A3F5877302461A8000238DF823314AAB93
:10888000A3F587731B881B0A9BB2DAB24AABA3F528
:1088900084731A704AABA3F587731B88DAB24AABAC
:1088A000A3F584735A70002349930FE04AABA3F5F4
:1088B0008A731A68499B1A44499B023311784AAA61
:1088C000A2F58472D154499B013349934AABA3F575
:1088D0008C73499A1B689A42E8D34AABA3F5867316
:1088E0001B685A684AABA3F586731B689B681946D8
:1088F0001046F8F72DFE4AABA3F586731B6858683F
:108900004AABA3F586731B6819884AABA3F58C7331
:108910001B68023308AA4FF0FF340294002401942C
:1089200000240094F8F734FE03468DF823319DF8B7
:10893000233100BF18464AB010BD00BF0000000040
:1089400000B58BB00790059204930B46ADF81A3032
:1089500000238DF82730BDF81A301B0A9BB2DBB21A
:108960008DF82430BDF81A30DBB28DF82530079B26
:108970005A68079B9B6819461046F8F7E9FD079B64
:108980005868079B198809AA4FF0FF330293049B8C
:108990000193059B00930223F8F7FAFD03468DF837
:1089A00027309DF8273000BF18460BB05DF804FB58
:1089B00084B001900B46ADF802300023039321E010
:1089C000019A039B13441B781A06039B01330199F8
:1089D0000B441B781B041A43039B023301990B447D
:1089E0001B781B021343039A033201990A4412783D
:1089F00013430293019A039B1344029A1A60039B48
:108A000004330393BDF80230039A9A42D8D300BFCF
:108A100000BF04B0704700BF00000000000000006D
:108A20002DE9F04F85B003900291029900200E4687
:108A30000746304639464FF0000A4FF0000B4FEA28
:108A4000810B4BEA907B4FEA800A504659468419C5
:108A500041EB07054FF000004FF00001E90041EA4B
:108A60005471E00004460D46A21B65EB07034FF06E
:108A700000004FF00001190141EA12711001024695
:108A80000B4612EB060843EB07094FF000024FF0CC
:108A900000034FEA091343EA18734FEA081290469D
:108AA000994642464B4640F2E7315118009143F156
:108AB000000301934FF47A724FF00003DDE90001E7
:108AC000F7F76CFF02460B4613461846FDF778F998
:108AD0000023184605B0BDE8F08F00BF000000007D
:108AE00088B00390029101920093029B0593009B32
:108AF000002B02D1029B049301E0009B0493039B93
:108B00000B330693059B019AB3FBF2F2019901FB2B
:108B100002F29B1A0793079B30330793079B392B6D
:108B200002DD079B07330793069B013B0693079BD8
:108B3000DAB2069B1A70059A019BB2FBF3F3059318
:108B4000049A019BB2FBF3F30493049B002BD9D14D
:108B5000039B03F10B02069BD31A0793069A531C3F
:108B60000693039B591C039112781A70079B013BD3
:108B70000793079B002BF1D1039B184608B0704761
:108B800000B585B00390029101920023019A0299E9
:108B90000398FFF7A5FF0346184605B05DF804FBF0
:108BA00000B591B003900291019200230993029BBA
:108BB0005A1C02921B788DF837309DF83730002B05
:108BC00001D1099B4DE29DF83730252B0BD0039B3B
:108BD0001B68DB689DF83720114603989847099B6E
:108BE000013309933CE204AB0F9304AB0E930023D3
:108BF0008DF82230029B1B782D2B05D1029B01336F
:108C0000029301238DF8223000238DF82130029B3E
:108C10001B782B2B05D1029B0133029301238DF886
:108C2000213020238DF83630029B1B78302B05D164
:108C3000029B0133029330238DF83630029B1B7860
:108C40002A2B0ED1019B1A1D01921B680A93029BCD
:108C500001330293029B5A1C02921B788DF8373025
:108C600025E000230A93029B5A1C02921B788DF880
:108C700037309DF83730002B01D1099BF1E19DF889
:108C800037302F2B13D99DF83730392B0FD89DF85B
:108C90003730303B8DF837300A9A13469B00134427
:108CA0005B001A469DF8373013440A93DBE7002334
:108CB0000B939DF837302E2B3ED1029B5A1C02920B
:108CC0001B788DF837309DF83730002B01D1099B88
:108CD000C7E19DF837302A2B26D1019B1A1D01923E
:108CE0001B680B93029B5A1C02921B788DF837303D
:108CF00022E09DF83730303B8DF837300B9A134621
:108D00009B0013445B001A469DF8373013440B93C5
:108D1000029B5A1C02921B788DF837309DF8373031
:108D2000002B01D1099B9CE19DF837302F2B03D9F3
:108D30009DF83730392BDCD99DF837306C2B03D0B8
:108D40009DF837304C2B0ED101238DF82330029B38
:108D50005A1C02921B788DF837309DF83730002B63
:108D600015D1099B7DE19DF83730402B05D99DF841
:108D700037305A2B01D8012300E000238DF823302F
:108D80009DF8233003F001038DF8233000E000BF8D
:108D90009DF83730443B342B00F2ED8001A252F8AD
:108DA00023F000BFDB8E0008778F0008778F000864
:108DB000778F0008778F0008DB8E0008778F000818
:108DC000778F0008778F0008778F0008778F00086B
:108DD000418F0008318F0008778F0008778F0008D7
:108DE000778F0008778F0008398F0008778F000889
:108DF000778F0008318F0008778F0008778F000881
:108E0000778F0008778F0008778F0008778F00082A
:108E1000778F0008778F0008778F0008778F00081A
:108E2000798E0008DB8E0008778F0008778F0008A6
:108E3000778F0008778F0008DB8E0008778F000897
:108E4000778F0008778F0008778F0008778F0008EA
:108E5000418F0008318F0008778F0008778F000856
:108E6000938E0008778F0008398F0008778F0008ED
:108E7000778F0008318F000820238DF83630019B52
:108E80001A1D019219680F9B5A1C0F92CAB21A70D0
:108E900079E020238DF83630019B1A1D01921B6862
:108EA0000E930E9B002B01D1704B0E930B9B002B4E
:108EB00002D147F6FF730B930E9B0F9302E00F9BBB
:108EC00001330F930F9B1B78002B5BD00B9B013B57
:108ED0000B930B9B002BF2DA54E09DF82330002B10
:108EE00005D0019B1A1D01921B68079304E0019BAA
:108EF0001A1D01921B680793079B002B08DA0F9B32
:108F00005A1C0F922D221A70079B5B42079308E0B0
:108F10009DF82130002B04D00F9B5A1C0F922B225E
:108F20001A700A2207990F98FFF72AFE0F902AE07D
:108F300010238DF8373006E00A238DF8373002E031
:108F400008238DF837309DF82330002B05D0019B86
:108F50001A1D01921B68079304E0019B1A1D0192E0
:108F60001B6807939DF837301A4607990F98FFF74B
:108F700007FE0F9007E00F9B5A1C0F929DF83720B9
:108F80001A7000E000BF0F9A0E9BD31A0C930A9A36
:108F90000C9BD31A0A930A9B002B01DA00230A9335
:108FA0009DF8223083F00103DBB2002B02D00A9B34
:108FB0005B420A930A9B002B3ADA0E9B1B782D2BFF
:108FC00003D00E9B1B782B2B13D19DF83630302B02
:108FD0000FD1039B1B68DA680E9B591C0E911B78FE
:108FE000194603989047099B013309930C9B013B59
:108FF0000C93039B1B68DB689DF836201146039891
:109000009847099B013309930A9B01330A930A9BF2
:10901000002BEED10CE0039B1B68DA680E9B591CF9
:109020000E911B78194603989047099B01330993C9
:109030000C9B013B0C930C9B002BECDA0DE0039B8B
:109040001B68DB689DF83620114603989847099BFA
:10905000013309930A9B013B0A930A9B002BEED133
:10906000A5E5184611B05DF804FB00BFC4F901087E
:109070000EB400B584B0019006AB0293029A059934
:109080000198FFF78DFD0390039B00BF184604B0C5
:109090005DF804EB03B07047000000000000000022
:1090A00008B5F7F755FEFBF7D3FD40F282320421F5
:1090B0004FF09040FAF734F940F2823208214FF035
:1090C0009040FAF72DF900210948F8F7A1FC094B67
:1090D0001B68184600F0D4FB00F01AFD054B1B6816
:1090E000184600F0FDFD41F28830FCF769FEFAE712
:1090F0005C0A00202808002000000000000000009A
:1091000082B00190034BDB68019A5A6400BF02B041
:10911000704700BF180B0020000000000000000096
:109120002DE9F04FAFB01F901E914FF000024FF0AD
:109130000003CDE92C234FF000024FF00003CDE9EE
:109140002A234FF000024FF00003CDE928234FF00F
:1091500000024FF00003CDE9262300238DF897305D
:10916000EEE09DF897309A001F9B13441B68002285
:1091700002930392DDE90234CDE922349DF8973061
:1091800003F003038DF88730DDE92601DDE92223B2
:109190008418049441EB03030593DDE90434CDE91D
:1091A00026349DF88730002B24D1DDE92245224664
:1091B0002B464FF000004FF00001990041EA9271F8
:1091C000900002460B46161943EB0507B3190693A8
:1091D00047EB07030793DDE9066730463946DDE9CB
:1091E0002C23141808944B410993DDE90834CDE988
:1091F0002C34A0E09DF88730012B36D1DDE9220127
:1092000002460B4694180A945B410B93DDE90A234E
:1092100012EB000843EB010918EB08030C9349EB30
:1092200009030D93DDE90C8940464946DDE92C230D
:1092300014180E944B410F93DDE90E34CDE92C3414
:10924000DDE922234FF000004FF00001990041EAD0
:1092500092719000DDE92A23141810944B41119368
:10926000DDE91034CDE92A3465E09DF88730022B22
:1092700036D1DDE922234FF000004FF000019900C4
:1092800041EA92719000DDE92A23141812944B41AF
:109290001393DDE91234CDE92A34DDE922010246D7
:1092A0000B46941814945B411593DDE9142312EBDB
:1092B000000A43EB010B1AEB0A0316934BEB0B036B
:1092C0001793DDE916AB50465946DDE928231418FB
:1092D00018944B411993DDE91834CDE928342AE07C
:1092E000DDE9224522462B464FF000004FF00001F9
:1092F000990041EA9271900002460B4611190091C3
:109300006B410193DDE900120B46DB181A931346FB
:1093100042EB03031B93DDE91A34CDE90034184610
:109320002146DDE9282314181C944B411D93DDE9E7
:109330001C34CDE928349DF8973001338DF89730EF
:109340009DF897300F2B7FF60CAFDDE92C014FF025
:109350000A024FF00003F7F721FB02460B461E9B63
:109360001A60DDE92A014FF00A024FF00003F7F717
:1093700015FB02460B461E9B5A60DDE928014FF0A3
:109380000A024FF00003F7F709FB02460B461E9B4B
:109390009A60269A1E9BDA6000BF2FB0BDE8F08F5E
:1093A00000B583B00190404B1B78002B11D03F4B90
:1093B0001B68013B3D4A13603C4B1B68002B08DCDB
:1093C000394B00221A703A4B1B683A491846FFF78E
:1093D0004FFE354B1B78032B56D801A252F823F0D1
:1093E000F19300081B940008399400085D9400086C
:1093F000019BDB6841F28832934249D92A4B012212
:109400001A702A4B3C221A60294B1868019BDB68B2
:109410001A462949FFF72CFE3AE0019BDB68B3F5B9
:10942000C87F37D2204B02221A70214B1B68234978
:109430001846FFF71DFE2DE0019BDB6841F28832E4
:10944000934229D9184B03221A70194B1868019BB3
:10945000DB681A461A49FFF70BFE1DE0019BDB682B
:10946000B3F5C87F1AD2104B00221A70154B012297
:109470001A70154B03221A70144B19221A6001211D
:109480001348FCF7B5FE09E0074B00221A7006E00E
:1094900000BF04E000BF02E000BF00E000BF00BF6B
:1094A00003B05DF804FB00BFB01D0020B41D002018
:1094B000040D0020E4F9010804FA010834FA010857
:1094C00054FA0108C01D0020B11D0020BC1D002061
:1094D0002C08002000000000000000000000000038
:1094E00000B583B00190484B1B78032B0CD1474B40
:1094F0001B68013B454A1360444B1B68002B78DC1A
:10950000414B00221A7074E03F4B1B78002B0BD0AC
:109510003F4B1B68013B3E4A13603D4B1B68002BD1
:1095200002DC394B00221A70374B1B78022B4AD0D1
:10953000022B5ADC002B02D0012B32D055E0019BCC
:109540001B6840F6C412934212D9019B1A68019B12
:109550005B689A420CD9019B1A68019B9B689A42EE
:1095600006D9294B01221A70294B1E221A6042E0AB
:10957000019B9B6840F6C41293423CD9019B9A68B8
:10958000019B5B689A4236D9019B9A68019B1B68D4
:109590009A4230D91C4B02221A701D4B1E221A60AF
:1095A00029E0019B1B68632B27D8174B03221A70F5
:1095B000164B19221A6002211648FCF719FE164BA9
:1095C00000221A7019E0019B9B68632B17D80E4B81
:1095D00003221A700D4B19221A6004210D48FCF762
:1095E00007FE0D4B00221A7009E0074B00221A708B
:1095F00006E000BF04E000BF02E000BF00E000BFE3
:1096000003B05DF804FB00BFB11D0020BC1D0020AD
:10961000B81D00202C080020C01D00200000000004
:1096200000B587B0019002AB19460198FFF778FDAD
:10963000074B1B78002B04D102AB1846FFF7B0FE96
:1096400003E002AB1846FFF74BFF07B05DF804FBE1
:10965000C01D00200000000000000000000000000D
:1096600000B583B064214948FFF7DAF90DF106032C
:1096700019464648FDF764FB03468DF807309DF810
:109680000730002B03D19DF80630002B07D1404B4B
:109690001B6840491846FFF7EBFC002372E03B488B
:1096A000FDF7A6FB03468DF807309DF80730002B29
:1096B00007D0374B1B6838491846FFF7D9FC002301
:1096C00060E0334B1B68354A35491846FFF7D0FC3C
:1096D000102234492D48FEF793FE03468DF80730DB
:1096E0009DF80730002B09D0294B1B689DF80720F7
:1096F0002D491846FFF7BCFC002343E04FF47A7372
:109700004FF4C87227492148FEF7D2FE03468DF870
:1097100007309DF80730002B09D01D4B1B689DF8C2
:10972000072022491846FFF7A3FC00232AE00F2157
:109730001648FEF7ADFC03468DF807309DF807305C
:10974000002B09D0124B1B689DF8072018491846BA
:10975000FFF78EFC002315E00C48FEF769F803467E
:109760008DF807309DF80730002B09D0084B1B6897
:109770009DF807200F491846FFF77AFC002301E007
:10978000012300BF184603B05DF804FB080D00205C
:10979000040D002084FA0108B4FA0108D4FA010883
:1097A000E4FA0108141D00200CFB01083CFB010831
:1097B0007CFB0108B4FB0108000000000000000071
:1097C00000B595B001902748FFF79AFC264B274A31
:1097D00007CA83E80700FFF743FF034683F001034E
:1097E000DBB2002B04D042F21070FCF7E9FAFAE782
:1097F00000238DF84E300DF14E0319461A48FEF73E
:109800008FF99DF84E30002B27D019491648FEF7E6
:10981000DFF900238DF84F3017E09DF84F30154ADF
:10982000134493F91C309DF84F10114A03F59973B6
:109830009B0013449A688B0050336B4443F8442CCC
:109840009DF84F3001338DF84F309DF84F300F2B7E
:10985000E3D903AB1846FFF7E3FE14210248FFF7F4
:10986000DFF8C5E7E0FB0108080D0020D8F9010882
:10987000C4170020141D002000000000000000009C
:1098800000B585B003900F4A039B136040F23E225F
:109890004FF480710C48F9F743FD40F23E224FF43B
:1098A00000710948F9F73CFD00230093074B802223
:1098B0004FF492610648FCF7EBF900BF05B05DF884
:1098C00004FB00BF040D002000040048C1970008FD
:1098D000C81D002000000000000000000000000083
:1098E00082B00190034BDB68019A5A6400BF02B05A
:1098F000704700BF180B00200000000000000000AF
:1099000000B585B00390029101924FF0FF33019AA8
:1099100002990398FCF7DCFB00BF05B05DF804FB7F
:1099200000B585B00346ADF80630BDF806300C4AE8
:10993000B2FBF3F30393039B012B01D802230393A0
:1099400003990848F7F7CCFE039B5B081A460021F1
:109950000448F7F7DDFE00BF05B05DF804FB00BF6B
:1099600040420F003C0A0020000000000000000000
:1099700008B500210248F7F7EBFE00BF08BD00BFA5
:109980003C0A002000000000000000000000000071
:109990002DE9F04F85B0039063E0039B1B88002BFB
:1099A00005D0039B1B881846FFF7BAFF01E0FFF7BD
:1099B000DFFF039B5B889BB200229846914642469C
:1099C0004B464FF000004FF00001990041EA9271C0
:1099D000900002460B4612EB080443EB09054FF0DA
:1099E00000024FF00003EB0043EA5473E200144618
:1099F0001D46B4EB080665EB09074FF000024FF077
:109A000000033B0143EA1673320116461F4616EB6C
:109A1000080A47EB090B4FF000024FF000034FEA32
:109A20000B1343EA1A734FEA0A1292469B465246B8
:109A30005B4640F2E7315118009143F10003019376
:109A40004FF47A724FF00003DDE90001F6F7A6FF4C
:109A500002460B4613461846FCF7B2F9039B043343
:109A60000393039B5B88002B97D1FFF781FF4FF493
:109A7000E160FCF7A5F900BF05B0BDE8F08F00BFBD
:109A800000B58BB001901C48FFF72AFF03AB012201
:109A900019461A48FFF734FF1948FFF779FF0120EC
:109AA000FCF7BEFB099003AB1846FCF729FB0890B6
:109AB000089B03F00103002B02D01148FFF768FF59
:109AC000089B03F00203002B02D00E48FFF760FF53
:109AD000089B03F00403002B02D00B48FFF758FF4C
:109AE000089B03F00803002B02D00848FFF750FF43
:109AF0001420FCF765F9D2E718FC0108780800206B
:109B0000E8FB010800FC010808FC010810FC010842
:109B100000B583B04FF4817240210A48F9F700FC88
:109B200009490A48F7F7B4FD00230093084B802247
:109B30004FF424710748FCF7ABF800BF03B05DF8A1
:109B400004FB00BF00040048300800203C0A00204D
:109B5000819A000858220020000000000000000048
:109B600000B585B003468DF807309DF80730032B0C
:109B700016D801A252F823F0899B00088F9B000899
:109B8000959B00089B9B0008012303930BE0022395
:109B9000039308E00423039305E00823039302E002
:109BA0000023039300BF039B002B03D003990348BA
:109BB000FCF71EFB00BF05B05DF804FB7808002031
:109BC00082B00190034BDB68019A5A6400BF02B077
:109BD000704700BF180B00200000000000000000CC
:109BE00000B585B00390029101924FF0FF33019AC6
:109BF00002990398FCF76CFA00BF05B05DF804FB0E
:109C000000B583B001900A48FFF7DAFF4FF09043A8
:109C100020225A8341F28830FCF7D2F84FF090436B
:109C200020221A8341F28830FCF7CAF8EEE700BF21
:109C300020FC0108000000000000000000000000FF
:109C400000B58BB001901E48FFF7BAFF03AB0122AD
:109C500019461C48FFF7C4FF0120FCF7E1FA099000
:109C600003AB1846FCF74CFA0890089B03F001037D
:109C7000002B08D00120FFF773FF134B1B6813491B
:109C80001846FFF7F5F9089B03F00203002B08D0F4
:109C90000220FFF765FF0C4B1B680D491846FFF7C4
:109CA000E7F9089B03F00403002BD5D00320FFF74E
:109CB00057FF054B1B6807491846FFF7D9F9CBE753
:109CC00028FC01082C080020E824002034FC0108AE
:109CD00058FC010890FC0108000000000000000092
:109CE00000B585B003903D4A039B1360012201211A
:109CF0003B48F9F715FB012201214FF09040F9F79D
:109D00000FFB012220214FF09040F9F709FB0122BF
:109D10004FF480714FF09040F9F702FB01224FF4AD
:109D200000714FF09040F9F7FBFA012201212D4814
:109D3000F9F7F6FA01224FF480612A48F9F7F0FAB0
:109D4000012210212748F9F7EBFA012220212548AA
:109D5000F9F7E6FA012208212248F9F7E1FA204B47
:109D600001221A834FF0904301221A834FF090434F
:109D700020225A834FF090434FF480725A834FF061
:109D800090434FF400725A83164B01221A83154BED
:109D90004FF480621A83134B10221A83114B202236
:109DA0001A83104B08221A830E4B08225A83002371
:109DB00000930D4B81224FF4C8710C48FBF768FFEC
:109DC000002300930A4B80224FF4C8710948FBF727
:109DD0005FFF00BF05B05DF804FB00BFE824002072
:109DE0000008004800040048019C0008F0240020FE
:109DF000419C000880260020830730B548D0541EBF
:109E0000002A3FD0CAB2034601E0013C3AD303F82E
:109E1000012B9D07F9D1032C2DD9CDB245EA05259B
:109E20000F2C45EA054536D9A4F1100222F00F0C9B
:109E300003F1200EE6444FEA121C03F1100242E93E
:109E4000045542E9025510327245F8D10CF1010275
:109E500014F00C0F03EB021204F00F0C13D0ACF152
:109E6000040323F003030433134442F8045B9342D6
:109E7000FBD10CF003042CB1CAB21C4403F8012B33
:109E80009C42FBD130BD64461346002CF4D1F9E767
:0C9E900003461446BFE71A46A446E0E76C
:109E9C000F040400081010070000000F030101E478
:109EAC000078000800000008070000000000000017
:109EBC0000000000000000C00D000000C000B45401
:109ECC004000C0540401D0540404D055010484DB78
:109EDC000404C4DB0204C4DE020444DF010444E0D5
:109EEC00010484E0C00858D8000000000000000FF6
:109EFC0000020008FFFF010000000000000000004D
:109F0C00000000C00D00000040000054C000D89FAD
:109F1C004001E49F4000F89F0404FC9F0001FCA05A
:109F2C0000010CA1C0001CA1020928A1400048A2FC
:109F3C0081004CA2810054A281005CA2810064A229
:109F4C0084006CA282008CA20000000F00010304AC
:109F5C004CFD01081028002010280020102800209B
:109F6C004CFD010800000020000000200000002033
:109F7C004CFD010800000020000000200000002023
:109F8C004CFD010800400120004001200040012050
:109F9C004CFD010800800120008001200080012080
:109FAC004CFD010800000010000000100000001023
:109FBC004CFD010800000000000000000000000043
:109FCC004CFD010800000000000000000000000033
:109FDC00000000004118000871180008A1180008C2
:109FEC00D1180008F11800082119000841190008BF
:109FFC0071190008A119000800000000E11B0008FD
:10A00C00111C0008411C0008811C0008B11C000830
:10A01C00F11C0008211D0008511D0008811D0008BD
:10A02C00000300000000000000010000000301011B
:10A03C0003040000535561010407040001000000F3
:10A04C00636C6B73776300000000024008000240F1
:10A05C00010000000008024000000B00000002405C
:10A06C001C000240020000000408024004010C0025
:10A07C0000000240300002400400000008080240CA
:10A08C0008020D00000002404400024008000000DD
:10A09C000C0802400C030E00000002405800024065
:10A0AC00100000001008024010040F0000000240D5
:10A0BC006C0002402000000014080240140510003F
:10A0CC0000000240800002404000000018080240DE
:10A0DC0018061100000002409400024080000000AD
:10A0EC001C0802401C0760000004024008040240E7
:10A0FC000001000020080240000838000004024063
:10A10C001C0402400002000024080240040939002B
:10A11C000004024030040240000400002808024001
:10A12C00080A3A00000402404404024000080000FF
:10A13C002C0802400C0B3B00000402405804024067
:10A14C000010000030080240100C3C0000040240DB
:10A15C006C0402400020000034080240140D610021
:10A16C000004024080040240004000003808024015
:10A17C00180E6200000402409404024000800000AB
:10A18C003C0802401C0F6300009600000000000019
:10A19C000000000000000000AFF7FFEB0000000023
:10A1AC00000C003C000000240000000000CC00006B
:10A1BC0000000000BFFFFFFF00000000C000000017
:10A1CC000000000000000000000000000000000083
:10A1DC00FFFFFFF300000000000000000000000083
:10A1EC00000000000000000000000000FFFFFFFF67
:10A1FC000000000000000000000000000000000053
:10A20C000000000000000000FFFFFFFF0000000046
:10A21C000000000000000000000000000000000032
:10A22C0000000000FFFFFFFF000000000000000026
:10A23C000000000000000000000000000000000012
:10A24C00FFFFFFFF00000000000000000000000006
:10A25C00000000000000000000000000633000005F
:10A26C0068A200080000000000000000C80B0020DD
:10A27C00980C002069646C65000000006E6F6E61C4
:10A28C006D6500006D61696E002C04380404700863
:10A29C000C383C44484C4D4E000000000000280493
:10A2AC000100040000000000000C001028303400F5
:10A2BC00E0000308E0000AC8E0000508E064084874
:10A2CC00E0000A88E0000A88E0000A88E0000A88BA
:10A2DC00E0642E28E06431E8E0643548E0643B88B3
:10A2EC00E0680468E0681768E0681B48E0681EC80E
:10A2FC00E0682528E0682848E00009E8E00009C883
:10A30C00E00009A8E0000988E0000968E0000948BD
:10A31C00F8020006C1C381011E06A10B1A068100BA
:10A32C009923E10097B397E3062C97730634E2C0A8
:10A33C00062CFC80C183E340E2C0061CFC9806346A
:10A34C00FC9C0634E340061C6938C183C143E80019
:10A35C00C1C38105E100000CFA045E65EC100CF041
:10A36C00F41C5E60BC6E8861FF8407FC9A14D804F0
:10A37C00E4300460FC124C06E0D04C4AC1C3821598
:10A38C00C1C3C1C3F804170C81938183E2C00C2CA8
:10A39C001C8CD167E36BE404E56B8E058064038849
:10A3AC0004D8E76BE96B8064EB6B8AC580640608A4
:10A3BC000A58ED6BF16B8064806407280878F36BA6
:10A3CC00F56B8064F76B8AC5F96B8C05FB6B8C4560
:10A3DC000C0A8A458A65E4B4E4B80C0A0A78844508
:10A3EC004006E064404AFC1280D5E0D0C1C3C1C332
:10A3FC001F0CC1C30FFCF004BCF4F784C153FD6403
:10A40C00E080000CE080000CE080000CE080000C90
:10A41C00E080000CE080000CE080000CE080000C80
:10A42C00E080000CE080000CE080000CE080000C70
:10A43C00C1C3C143C1C3C153FAFC040C600006DAAA
:10A44C000A20A10B183064000E24E400020A3780A5
:10A45C000C068000083420000A70B7805842A4040F
:10A46C0081613298212BAA45060A8CBB0C10000086
:10A47C000400E400181A6400A825E0000804A11DDB
:10A48C000E1457801006D780044040000854C404B2
:10A49C004C72768010C4D2A0144076800E64A480D6
:10A4AC001224F680A16B76803C0154808C8B40008A
:10A4BC0004800890DC004870849B28A3EC040EA058
:10A4CC009EE5A07D964B217B0E8A86450E9AE50073
:10A4DC000006448016A0800008542C84C000289CE0
:10A4EC0020010E4A0054400000C4A8ACC000289DB6
:10A4FC000F9C14544002885B80CB99A86184008423
:10A50C00E1840894128401CB324FE0FCE4041C700B
:10A51C004B0A01A158DA841094BB64006D84401A74
:10A52C001C70C61F00C424080E54A084085421FCBF
:10A53C004002A084A1EB399C3C005800BC004A406E
:10A54C001D5A08C50EE0E0040DCBEC04E1FC00A4A0
:10A55C004B0A42B758FA840808C4641810A4E0FCEB
:10A56C00400A608420BFED8C005490AB148461844D
:10A57C00280F9C809194482213B04A624C50C3C758
:10A58C00805B1C0027F04ED89C004440960B211D8C
:10A59C00578004A4D78002B440000606C4040420EB
:10A5AC00528C42124010946B4C205C00801BDC00DF
:10A5BC000C0C8C0BDD93F2FC8C1B7FC5806B7FA588
:10A5CC00967B73E5FA3C040C81C1210B0000020A56
:10A5DC00A085986B76800A140824A12B060A768035
:10A5EC000C048000988B7680061A1EC51834E00087
:10A5FC00A11B7680A4800E403C014EC00860C000B8
:10A60C0048500480A873DC00EC040A709AC5A05D65
:10A61C0090CB215B0A8A86450A9AE500080644809D
:10A62C00107080000A4A2C84C00020002895083441
:10A63C000C24400008248F94182428A0C0002894CF
:10A64C0019984842883B982B61840814E0FC0C1440
:10A65C00618418042CCF893BE41046DA0430450A97
:10A66C00E40412506D84401A125081C10C24240849
:10A67C000834A1FC0A2420844842A084A19B399868
:10A68C003C004640BC004450135A186B88C5E0048B
:10A69C00EC040E9046FA033B450AE4040A24040039
:10A6AC001034E184C26760FC60841CC4ED8C400AE9
:10A6BC006184083410C4B05F9CCB61FC5002306FD5
:10A6CC0044129188883B138C1C00422040808A2BBA
:10A6DC0018E41C004FD89C80180BA7EC0C0C8C1B9E
:10A6EC00DD93F23C826B00CB75F5FF95C1C3905B9B
:10A6FC00FAFC040C808B210B0000020A046B829B79
:10A70C0080E5867B060AA12B400A800080E5E59C4B
:10A71C00841B81210C0C840BDD93F2FC68004188B6
:10A72C0000BB841B02AB900B41188E1B007BE80016
:10A73C0040D8920B8C1B680044B2813142A2F08C41
:10A74C008623F29C42127D85C1C3F280E6864A0EB6
:10A75C00E706580E6606460EE1C008546786440E9E
:10A76C00E0C000C402C460578A03E1C0F2904212F8
:10A77C005D938603F2884212E50004CAC17C021480
:10A78C00DC004010848004CACC800420C90800146A
:10A79C00C17C02148000045AAD8806142001060600
:10A7AC000004C0000214898840028908DD93998C4A
:10A7BC00E50004CAC0000206C0000006848004CA7A
:10A7CC00CC800420C9880014C00002068000045A02
:10A7DC00AD880614200106060004C0000214898806
:10A7EC0040028988DD93998C8141610B06148A257E
:10A7FC00E11B768076800404088581410630A43301
:10A80C0004046C04A03DE184A13B86E5C88C0214D1
:10A81C0064041830E408431A24081830A084021485
:10A82C000AC021CB195AEC048245E004C247401DF2
:10A83C001C8008449184400227FC4A985D93C317FE
:10A84C007FE5880B7D55804BC1C3883BFA00040C17
:10A85C008111006BE8045048E1A04086001580048B
:10A86C00A11BE03CDC384208680457C8C1C38C0B00
:10A87C00FA04047C74A9464E490EC010C01074A989
:10A88C008825893DCD14CD04050ACD244A00E080ED
:10A89C008425F00CE4000A3A600100980420800042
:10A8AC00C116EC04F80C004A0420FE65E92DEC10EE
:10A8BC00FE85C11EE00404CA8000454845C8C11687
:10A8CC00FBF587FCE198414661914306801EC00070
:10A8DC0081119B0181318121E8044A888C45A10BAF
:10A8EC0074A906CE484EC010C01074A98A45893D83
:10A8FC00CD14CD04050ACD244A00E0808625F00C49
:10A90C00F00C4C10E4184A5AE4000A3AA000012852
:10A91C00600100A8C5508000EC040420004AC15618
:10A92C00FE45F80C0420C554E92DEC10FE65C15E03
:10A93C00E00404CA80004588C156C55087FC458890
:10A94C004786FB6508F0E1908C4EE430E1A40C46A0
:10A95C00E1A40E4682458F6D023AD9140068E400DA
:10A96C0080006001FC3842088161FF650046E16BA4
:10A97C004C08E1A48B04DC38FE248914E86C65686F
:10A98C00E1A40C46E1A40E4682458F6D023AD9141F
:10A99C000068E40080006001FC3842087578FF65AF
:10A9AC000C7CEFFCDD93F2048055A11B0A00831193
:10A9BC004006E550404AFC12D7F4E0D0C1C382B542
:10A9CC00C1C3C1C3F4040B3FF4040B2FF4040B1FDD
:10A9DC00F4040B0F0A508135405AEC404406E0BC9D
:10A9EC00446ABC22404AA090C0002089ED88401ADD
:10A9FC00200101980AFFC000C1C3F404C1C3C1C344
:10AA0C00F4040BF5F4040BE5F4040BD5F4040BC5BA
:10AA1C00F4040BB5F4040BA5F4040B95F4040B85AA
:10AA2C000AFF81550A50F404D7E4EC80D7B4D7D48C
:10AA3C00D794D7A4D774D784820B9464FA005C089B
:10AA4C00F83C044CE440048A212B80A58215803B01
:10AA5C00461281F5064AF98082B5F80C0420803B39
:10AA6C00044AEC04C548E4004588CD460C4C87FCF0
:10AA7C00DD93F03C6C400A204927E1C104208ACFC9
:10AA8C0006C06C04044AE440481264000033F08CA5
:10AA9C000275806B0285F0100295F80C02A5F8087F
:10AAAC004C75F8044C85F0104C95F80C4CA5F80836
:10AABC004408F804445287F8E92DF1B00A20869531
:10AACC00C5276C1061880E54EC040C2064041870BB
:10AADC00E4000C4A047444C74242E088867B70B0A0
:10AAEC00DD8ED18487FC4D8871884452A12B98331C
:10AAFC00F7E5ECF5881B212BF7A5EC75E100000CB4
:10AB0C00F804040C780C000A8225803B94A5A12B38
:10AB1C0004204D16064AEC04FE25F80C9095E92D00
:10AB2C007A800814E440048AE0A00A440854A85F20
:10AB3C0006F5E0C00C24AA4F0A20619061C1EC40DC
:10AB4C00EC040C600C4A0ACF4E32E400862B70B039
:10AB5C00E4400670F0104445F80C4445F8084445B0
:10AB6C00F804444587FC4C08F1B044528695E92D15
:10AB7C00F9C107514A52A4530453FAB0EC10042003
:10AB8C000E2408514557E188E40418706C040C50ED
:10AB9C00E0880A7464000C4ADD4E867B87FC4DC845
:10ABAC00AA2344C7A12B983304208205044AEC0441
:10ABBC00CD16E40087FC45C8F0040C0CC1C3DD9332
:10ABCC00FE7C040C044A007B4072E0101EF0798875
:10ABDC00000CED20001A6200110EF80C1B0E828B7B
:10ABEC00200100265E05C00040002035233EEF8D7D
:10ABFC005E17A40B9D2EE0FC2388A10E0024C00040
:10AC0C00C41B6188C03B7D417A104212FA10463257
:10AC1C008413003382113E1E82317C3E0020191EAB
:10AC2C00973EEC040084FE0EAF8B6184540A158EA3
:10AC3C002EA5E68A00808EA3108A6C04400AE4A438
:10AC4C005672E68A40707080A2B5DC0000840FBE9C
:10AC5C0023B4E18CE68A4C0A60840064F09850724C
:10AC6C008E030D0E8E0B0B0E5608901B138EFC389C
:10AC7C000B84809B901B900BFC385608829DFF1117
:10AC8C00A00D82850E0B84D5A324901BFC384408A0
:10AC9C008E0B210D81C582858275A10D901B0E0B2B
:10ACAC004408A324210DFC3880458E0B930E900B89
:10ACBC0050A22C0B2364F198F09856A2900B0B0E1B
:10ACCC004C08941B009BFC3809BE940B4C08961B3B
:10ACDC00FF11FC3882A5829D84D5A00D900B0964D0
:10ACEC008C1BA324FC38440801D5A10D9C0050609A
:10ACFC008255A10D900B09A4941BA324FC38440885
:10AD0C008055A10D8FB490AB8D148B949693A36446
:10AD1C00718440B28D0E921BFC384C08920B008B48
:10AD2C004C08961BFF11FC3882C5828DA00D158432
:10AD3C000D648615A324961B44088C0BA10DFC38BE
:10AD4C004CB001E515849C008275A10D961B0D6419
:10AD5C008C0BA324FC3844088095A10D8CBB0135C9
:10AD6C00930492BB941B23644C08930E009BFC38F9
:10AD7C00961B940BFC384C08829DFF11A00D82850C
:10AD8C0013A484D5A324961B4408940BA10DFC3862
:10AD9C0081D582A58275A10D961B13648C0BA324FF
:10ADAC00FC3844085660A10D96AB9C00002A9B040D
:10ADBC000118E00080004001E0FC1E0717148435E8
:10ADCC00024A8E0B8024E400C13EA8344308E92ECD
:10ADDC00830587FCA8149C04A80E9C1E191481B52D
:10ADEC00024A8E0B8028E400C136A8384308E926B5
:10ADFC001D1487FCEC040080500A81614072668649
:10AE0C001B0EF0840E8380AB90BB809B8CD5D6AD93
:10AE1C008E1B140B4408A324A00DFC38A10B8AF53F
:10AE2C009D049205A10B8DB5C0401E05012888D547
:10AE3C0080004001E0FC1E0717248455961B900BE4
:10AE4C00E400044A80448434C13EC54E87FC450866
:10AE5C00AC048315AC1EA01481C5A00E960B19244E
:10AE6C00044A901B8038E400C14684484508C53626
:10AE7C00210487FC80838361D6AD80B3160B94F5D7
:10AE8C00A3248E1BFC384408F2C5A10D4001039885
:10AE9C001E0780008E35E0FC960B1724044A941B89
:10AEAC008434E400C54E80444508C13E878587FC48
:10AEBC00400101281E0780008455E0FC940B1724E8
:10AECC00044A921B8434E400C54E80444508C13EBC
:10AEDC00831587FCA814A404A80EA41E192481C5EC
:10AEEC00941B920BE400044A84488038C536C14652
:10AEFC0087FC450883611D0471958093A80480A389
:10AF0C00A81EAC1481C5AC0E940B1924044A961BD4
:10AF1C008038E400C14684484508C5361D0487FCCA
:10AF2C00210483616F3580A31D1480B39504A16B3C
:10AF3C00E686400A00000E88F0805872719C42929E
:10AF4C00F1A440A2922B011D44A00E3B46909C0004
:10AF5C0048229C00A14BF18C1E078A2542A260FC62
:10AF6C008455F190FD3145474422C82B8E3B7A0C19
:10AF7C0082218823E400044A84548C44C54ECD5E5F
:10AF8C0087FC450808308335FD516C04822124432D
:10AF9C00FA14484226238823044A8E3B8C48E4004A
:10AFAC00CD5684584508C5461D2487FCF1A042C2E5
:10AFBC00F1AC52824492A413A12BFB841E078C4546
:10AFCC0084B5E0FC61880224423BFD41F18844C217
:10AFDC00FA10463202308233024AE404A834E40008
:10AFEC00E94E88444308C93E83B587FC06B07E14FD
:10AFFC003033EC04901382214212B813FD317A8C59
:10B00C00FA0C4612F1844232E400024A46C2285835
:10B01C000E48F188EC0404208E56E94687FC420861
:10B02C00986B1D148245C20DEFF87E088E0B001B29
:10B03C00A3349D24EFFC5C68C29D9D147D58A8052B
:10B04C00920B6FF8F1A44E62808B1D24F98840722C
:10B05C00000A11045E07F80C1B0EE0FCC000002671
:10B06C0040345E051E08EF8D408A9FFC840DE68AF5
:10B07C000E03A0C5F08850720024190E441BE18801
:10B08C00403BFD21FA08421244321D348023FA0859
:10B09C00E40416200C108613CE8DE404909B8AC514
:10B0AC0092AB2194941B2324920B9493FC38440868
:10B0BC008875A30DA10B9B041E0782E58435E0FC6B
:10B0CC006400164A961B920B8034A824C12EE93ECC
:10B0DC0087FC4308A8048305A81EA41481B5A40EFC
:10B0EC0064000C4A8C1B920B8038A828C126E936C8
:10B0FC0087FC4308F4B5CE9D19049D04C18D808353
:10B10C0087D5F2B5820D1BB48E2599CEFC84BE6416
:10B11C00828182618AC5CEBD2194969B232492ABF9
:10B12C009493941B4408920BA30DFC38011888755A
:10B13C0080004001E0FC1E07104A8435920B64002D
:10B14C00A824901BE93E80344308C12E830587FC5C
:10B15C00A414A804A40EA81E0C4A81B5920B64007A
:10B16C00A8288C1BE93680384308C126CE9D87FC65
:10B17C009D04F4B580B31904F2B5C1BDE5201EF0F1
:10B18C00F67C0C0CC1C3DD9304FC805B4006E2C072
:10B19C00D56EFC12D58ED57E405AD59E4206E0BCAB
:10B1AC00D5AEBC22D5DED5BE426AD5EE404AA090C3
:10B1BC00C0002089ED88401A20010178C1C3C0006D
:10B1CC00C1C3C1C3F0044B85F0044B95F0044BA5EF
:10B1DC00F0044BB5F0044BC5F0044BD5F0044BE533
:10B1EC00F0044BF5C21F81A5D51ED51ED51ED51E4C
:10B1FC00D51ED51ED51ED51EE0D0404A82B5D52E03
:10B20C00C1C3C1C34B0FC1C34B1FF0044B2FF00480
:10B21C004B3FF0048165F004D51EC21FD51ED51E10
:10B22C0094FED51EDD938101E0041986A3CDC1C324
:10B23C00184A82A54346E0000215E19842058000B9
:10B24C0041FE8000BFFF1FFD4346DD938414E1984F
:10B25C0041FE84CEFFFF7FFDC1C3DD93FE7C040C59
:10B26C006C401EF07C0E826BE1A0408602058014BF
:10B27C00A10BE14802109AE5C0016521BE14BE1E67
:10B28C00808BFE1EA30DA204401B92551400FD21C1
:10B29C004E1264044407FA0810039473E4000E6A17
:10B2AC00E6101600A16B140B140000E51615EC0447
:10B2BC008D1BE08022148AF5EC080000F88016251E
:10B2CC00500583AB020600045615C000A12B588014
:10B2DC00101588258331618800342294801FE88002
:10B2EC008265A11BE18C10152C14801F8205A11BFB
:10B2FC004408820B8175FC38FC384408FC048145F9
:10B30C00FC384408819BA204FE048835910B800410
:10B31C004E6886B53FFF47E5EC1016B0A10B8101D6
:10B32C00A2048625A10B2004A10B82B5FE748465B2
:10B33C00900B1C0E680140089C84C000E875A18B22
:10B34C007E8E8195E6D5A10BBE048155A10B8004A0
:10B35C00A0F1E4F5F67C0C0CC1C3DD93E100000C0C
:10B36C00FA00004C8301001BEFFC76088105C143F9
:10B37C00FA8002140006E11B00069422DD93D462CD
:10B38C00F800040C6C501EF0E47C034A826B3C5EAB
:10B39C00FC1EBE5E42668E050C4AF0020634647CCE
:10B3AC005E15FA804A0E00045E259FFC061A000802
:10B3BC001E25E400442280045E2598141E2580007E
:10B3CC001E5580004A5080084422907C5E2599943A
:10B3DC001E2580044220800418149C0040003CB5BB
:10B3EC00BC341814024400D5E11BFA80DC3C18C4B0
:10B3FC00E2320066420E28F1C01060010C0C8C2B5E
:10B40C008775F000017E28F10C0CFFF8DD93F0003D
:10B41C006C401EF0E47C014ABE2EBC2E8685FC2EB0
:10B42C00E47C000A440684453E2EF002FC1EC12139
:10B43C00841FBE14BC14BC1EBE29FC24BE1EA41F3B
:10B44C000006BE148155E206F87E4006F0FE0006AA
:10B45C005D9381017FE5A0F1FFF801AEE2C0041C11
:10B46C00041FC111F07C4400021CA41FDD93E340B7
:10B47C00E47C040A408804240000060E0830801086
:10B48C00481204105802D08802067190FFFC60002C
:10B49C0000C483C7020FF080700142C0610BDFFC57
:10B4AC0073FD40C04807C00300A5D0175D93A20FE1
:10B4BC00FFF8018E60010286A20FF8004006900E84
:10B4CC00A10DFC12400682C5A10DFC1A4006821586
:10B4DC000206FC0AC02060018075830DF3720046E1
:10B4EC0081015D93FA7C040CEC301EF0864B088BCA
:10B4FC0081713E2E405A006B7C7EE506425A8131AA
:10B50C00882B6586EFF84F6867D1000044864001B0
:10B51C004212E03C8131729CEFF84568000017A4A0
:10B52C00C0046401729C42121974D707E0D416143B
:10B53C00FF0120BF001401BB57FEE1ACA10B1FFCA7
:10B54C0060381409DFFC57FE81111B940AF01C248F
:10B55C001504E420BE44A10B8008001B06148004D3
:10B56C00901B7B00E80043C8FC04BC0EE0180E499D
:10B57C006834AA245082A01B8E0B7B9068384A68D2
:10B58C003E0E8C4B850581A10E29D90A42BAE01CCE
:10B59C0048BAE502062065828301E41C0203A70F6A
:10B5AC004242811190217284EFF850487FFD45FE94
:10B5BC0082A1403F41FEC50D003F1FFD41FEA11B76
:10B5CC00C03F1FFD91ADE50EBE04F8151E05A10B85
:10B5DC0098F10000F27C0C0CC1C3DD935896211B32
:10B5EC000214E008180640AC442AC000A14B4106E6
:10B5FC000000020680085896FF1182650244023D45
:10B60C006037E10491800214421A86132023E092E1
:10B61C008223980BDD93942EFA04044C8111026B57
:10B62C006000450666D88C0B81716FF8660000606F
:10B63C00E4C00260912101A50420067E4073EC0455
:10B64C004275F820C17CF008FCF5A12B7FF4410E6B
:10B65C00E038030660280506FFD4470E486281F5E2
:10B66C0000007180927EEC204862107E107EF08883
:10B67C00F084486282111076870B882141F6FC35E4
:10B68C008111600C6F404C01674400606398C003EB
:10B69C008F216FF86561006002604008C00367612C
:10B6AC0005060195067EE008EC040420F0084275BE
:10B6BC00A12BC17C0C4CFE35DD93F2046FD100192B
:10B6CC00A11BC00500098245C006602DF3F04000A7
:10B6DC00000CA90BDD93E20081015D93F080441214
:10B6EC00EC7004298405A12BE03C0229E682402A57
:10B6FC0002098013C0056B71EC140000E40800CA49
:10B70C00E200000C5D93DD93C1C38101F804040CCD
:10B71C00603C0239677002100A04C0030420608C7C
:10B72C000455E64058227C14463AF09481716682A6
:10B73C000834B264C2376088FC10024548628853F2
:10B74C008613729C0804324E305EE08802138443E8
:10B75C0040016C01083580238233E200E200483559
:10B76C00EC000409440182010C0CEC00DD93F004A4
:10B77C00FE04040C4822086B214BF98C08658A7B6B
:10B78C00E008489661840824E0FC0A340A342A4F05
:10B79C008803E1846FF47188F2844252641C434A3A
:10B7AC00421A8141416AE01C420AE418421AE580BF
:10B7BC00420AE1880904ED80DC004C00DC004E10EC
:10B7CC00806E827E0C0C880BDD93F604F800044C22
:10B7DC0067FD00258151400186448434E01802C580
:10B7EC006FC90021843340056050026BF2944842CB
:10B7FC006FCD00010255C00584C3601C8261064EEA
:10B80C0042C5843E80536018E01C4255E0504263B0
:10B81C00F0000C4CC1C3DD93603C0239C84481C1BB
:10B82C00463ACA54C437E682063582338643E7DC8F
:10B83C0072B04652CA3E80130201C84E0435EA70FB
:10B84C008033E020E0204435E054043BEB700201EF
:10B85C00E0240415443382318013E054E024441571
:10B86C00C1C3DD93E03C0239E058044BE682403A18
:10B87C00E01404358013C407E7DC0205E01004155E
:10B88C008101001372804032440582414415E0145A
:10B89C004443E010DD93E058605800290A39845B7A
:10B8AC000A49EF400239EF44400160514A21C72D4B
:10B8BC00C82D4F406F484A21E4A008004F444A214C
:10B8CC000035C23786136020603002C367600A50AF
:10B8DC000213C003980BE0C0E0002468FA3C040C8F
:10B8EC00846B027B60500E2B0EAB81810E9BE0545F
:10B8FC00188EE0589A8EA12B4C23D88E4CA3E018AE
:10B90C004C93E01C84C5E02006241C049E14E184A6
:10B91C00813106036FF46588F2A0421267FD008A3C
:10B92C0041FEC7FF00011FFD41FEA11BC0011FFD11
:10B93C00140A980E04A4680084C5FB8006245C04D9
:10B94C00DE14E184813106036FF463E8F2A0421245
:10B95C0067FD008A41FEC7FF00011FFD41FEA11BD0
:10B96C00C0011FFD120A9A0E049468008605FB8024
:10B97C0060100E05E1840624E0140E1581310603D7
:10B98C006FF46228F2A0421267FD008A41FEC7FFE5
:10B99C0000011FFD41FEA11BC0011FFD0C0CD80EA8
:10B9AC00DD93F23CF804040C843B010146018A0649
:10B9BC008E06F008020B8C06A10BE05002C58845E0
:10B9CC00060460187F51E184866BA64B4C408ACDEF
:10B9DC0018639C00FFF8180EE0824E6AE01C0265AA
:10B9EC004A720A6D4640FA300A521C000856E9FCAD
:10B9FC00403A8C334002E0820002FA308A06E9FCBD
:10BA0C00E054020B8845A10B602002C5E1840604BA
:10BA1C00A64B7F518ACD866B9C004C40602402C59E
:10BA2C004C6A9863020E60828ACDFFF81C00464077
:10BA3C00FA044C620A621833403AE9FCC856E082B8
:10BA4C00FA044002E9FC00020C0CCA06DD93F00477
:10BA5C00F81C040C8904847A0489861AD658E010E0
:10BA6C00807C8898C8C88A780429CA68021CE014AB
:10BA7C00E1840284601040510A249813C217618437
:10BA8C0002100C534011EC04C257601C6C040250A1
:10BA9C004011C287C22760206028402166400440C4
:10BAAC000619C00381316038E0144091E0184071F0
:10BABC00E024408149488195EC040A30EC040210E2
:10BACC004640C95DA11B9C004031FCF58101602CF6
:10BADC00F01C0C0CC1C3DD93F0804622EC700639CF
:10BAEC0086A5A13BE03C0439E682403AF080462230
:10BAFC006B7106390630C005E23DEC14C2078415A3
:10BB0C0004038023C00263B986128422411A850D76
:10BB1C00400AE004000CE184DD93E20081015D93B6
:10BB2C00FA7C040CEC701EF081611D04888B7C5E29
:10BB3C00901B7E1E00063E0E8B6EE004E03804B9AE
:10BB4C008145896E0000456EA10BEC047C04FE95CA
:10BB5C001220874140036571E640143066410E3077
:10BB6C00806EC003C26E824E0006406EBE14E008AA
:10BB7C00864E840EC46EC66E9C2885E586A5A12BC8
:10BB8C000009FE04C12DE0103E148245E008004679
:10BB9C008701040EA408860EC60EC46E06F02A1485
:10BBAC002804E4407FFD49FE3C3ECFFF5E18813106
:10BBBC0081516FFC8195890483017C24880E871147
:10BBCC00A4188A1ECA1EC86E16B0610E0291EC042F
:10BBDC00827190A1F455A1BBB8F17C04A10B800437
:10BBEC00C0084C960C0C8C0BDD93F27CFA7C040C8C
:10BBFC00EC301EF0886B0A9B80BB067B64D10090F6
:10BC0C00848B4001089002AB3C0EE49064910A9046
:10BC1C000E2BC00178588C3BA10BEFFC98F180A542
:10BC2C00F27C0C0C0490DD93960B64306FFC6588F1
:10BC3C007C8E8C1BE48010908C1B160B6FFC6B485D
:10BC4C003C9E902B7C24960B0E3B941B70188C4BBB
:10BC5C00905B6FFC0C0C98F1DD93F27CFA1C044C9D
:10BC6C00829B048B867B086B6F481019676004807D
:10BC7C001209C0038C3B6010E8045968E0100E05F3
:10BC8C00E0340E1BEF481029E0101239E08C0E49FD
:10BC9C008101180E4C21D81C4C31E0184C41E01C91
:10BCAC000C4CE020DD93F21CFA7C044C81B113A403
:10BCBC006E4002221174888B285E866B0FBE8191B8
:10BCCC008155812182214134FA245232FE75C32DD3
:10BCDC0041FEA09D803F1FFD8000540506F090059D
:10BCEC00920B6470902B0A1BE8345E488E15A10BE6
:10BCFC00901B120B68346148A10B8E2B8F848C35F2
:10BD0C0054B5A18B409600008A458008981A9C0473
:10BD1C00C7079A2A8095C30D8101440D40128825CE
:10BD2C000406708842B2FF40813172ACEFF44E28A9
:10BD3C0060FC0414240FC3070131C3174438902B43
:10BD4C000404EFF4FF3160A0D0177107A20F072B8A
:10BD5C001FFC45FE45FEA10BA82EDFFC0C4C8101FF
:10BD6C00DD93F27CF81C040C84030413618A400AF2
:10BD7C00421A82110420618A1804EC040C046088B5
:10BD8C0008C5E08C4E527C300A65F098850D7C1805
:10BD9C00CAC79E8412C4A6C38CC3617CF2A04C9209
:10BDAC000C041E6E1CCEE0840CCB8A63000669006A
:10BDBC0000008000830BC4044CC382C1F6D5E9009B
:10BDCC00F01C0C0CC1C3DD93F81C040C61FC182492
:10BDDC0004C3A20303C786030BC481814C0AB803B6
:10BDEC000034618E0904E088F0804E420C13948E6E
:10BDFC00421AC4678863618EB08E808EC41702238A
:10BE0C00618E462AF08444424242C4370670708CDC
:10BE1C00827BEC101494D9841093C66DDC004C40DA
:10BE2C00DD84949EC67D30944E401093309EDC0091
:10BE3C00FC35856BC9C480549853C62D4440005EB4
:10BE4C00832BDC000C0CFE35DD93F01CFE7C040C0B
:10BE5C00EC401EF04C4208134C6AF0808211619247
:10BE6C006192421AE0881844D6077E3EC4671934A2
:10BE7C004FFE4417C0017FFD52520AC33E3EF08470
:10BE8C00F098545206C00C7E7C5EEC10FCA8160494
:10BE9C0081C1014181110181E96483F5C6AD7E0444
:10BEAC001EA5CA674E624008217DF1800C068E6B80
:10BEBC00A02D40009C004C70617C0E64406A8C4349
:10BECC005872642E4C6AF2B08083E4AE7284426283
:10BEDC00640016B093ABC00818CAF835181AE00005
:10BEEC00082AE000420AE000421AE580420AE18892
:10BEFC000845ED808008409661840044E0FC04C451
:10BF0C0004C4240F1003E1844212983B882B7288DE
:10BF1C00EFF06948E000034A021A3E14006AE000A0
:10BF2C00420AE000421AE580420AE1880006ED80F0
:10BF3C00040EC000A0F18101F67C0C0CC1C3DD9392
:10BF4C00F87C040C4C520D040C23F080F0944E122F
:10BF5C006196582AEC041050C487027118338F2450
:10BF6C00463AC4C7420261964C6AF0B0829B619615
:10BF7C0061964E7AC4378151708C5802F0A04602FB
:10BF8C00E5A481659453C69DDC005200FE55999B37
:10BF9C00A34D4467C477046380000C9552920265EC
:10BFAC00FF9190946024491A0C958A9B5292A000A0
:10BFBC00189EB1940483847383D5FF91C5B4F1A406
:10BFCC004AA28AA30CA5F1AC02458000909454A21D
:10BFDC006024491A0CA58AAB54A2A00018AEB194E7
:10BFEC00E40C591A3C015800431A40004200E40C7E
:10BFFC00C0003C0164101460551A846B4CA0E42002
:10C00C004C1ABC003DB8E01CC3FF3FFD0C0C810179
:10C01C00DD93F07CFA7C040CEC301EF0CA37008BFC
:10C02C00E1FC148400A490A38033E10460A2403AA4
:10C03C00E17C0654617C180456C2AA034602F38CB8
:10C04C001734F9AC41FEA13B00011FFD80084E9650
:10C05C000A449005A443617C617C18244A52FF2158
:10C06C00817173B04472045D3E1EF180124480CB2A
:10C07C00E05761C01C005820F3AC4272E0477C3E94
:10C08C00608406B4E1FC0C04608404045610B25FB6
:10C09C0040C21C0042B2F090AC3F7294EFF05CE8EE
:10C0AC0002A495B4D6B77C00A2833E14A38B7C3437
:10C0BC0004010000D617800402048203961FE17C61
:10C0CC00401A80130002E1AE0002E000C7FF6BFDD6
:10C0DC008E0B0C0E0C0C98F1DD93F27CFA7C040C9C
:10C0EC00EC501EF0A4131B74A403093E8A9B1F641E
:10C0FC0046721D84563AF088882B619E7C4E99A41A
:10C10C0016138E4B7E1E960321B4A0133C6E931D0A
:10C11C00C404121070A442020210943B905B6C0495
:10C12C00EFFC69688615A10B943B7E148E4B3CBECC
:10C13C00905B7C24E40400106FFC68A8A10BB20394
:10C14C0018048275400AD677980EE11E400AAC049A
:10C15C002C0EE11E98248101C22DAC1440004C150C
:10C16C00DC004220C0005625C0000C354430093498
:10C17C00A8F1DC004C35C62D1615C000C71DC0003B
:10C18C00C0005635F27C0C0C000CDD93C000610134
:10C19C00FA7C040CECF01EF0849B111E934E955E01
:10C1AC00973E8F0EB3148C08191EA10B9D1E811186
:10C1BC0084459B1EE004000285B381138BF3990424
:10C1CC00E5800000F8604015F83040154015C11EA0
:10C1DC004015E02C9704E05CA10B820831B4A22539
:10C1EC00AF8481711324ADA4E08400747C000443FB
:10C1FC00F0804222E09002238245844D067419049B
:10C20C008033E0880255861B8404F030190485F5D0
:10C21C00E08806744442092E0D7EFA080033822110
:10C22C00061BA823E6400C30F030025502C58404EE
:10C23C000513E060EC0404408B4E8533E800313C80
:10C24C0070884EA282718221E1AA4E7A1045C47781
:10C25C008803FC1CE444840E8C5E8853FC1C16453D
:10C26C0098CE88C38B448D7420518924E0880C743B
:10C27C0008444B570C5EFB801E55CA0D40024030E3
:10C28C000674D19482214088FA8018A4D094463246
:10C29C0040604605F190462206340F040009FB006D
:10C2AC001904E0308063A10BE6400060C00000255B
:10C2BC00800004060000402580000406A60491447A
:10C2CC0050588414E4D008F008F07C4EBE4EE4E0E4
:10C2DC009544BCCEE80062088271210B80341E1597
:10C2EC0080C04C1586189714DED5837D020B801BFD
:10C2FC000C0CF8F1DD93F27CFA7C040CEDF01EF0E2
:10C30C001E05A90E972EE0ACE0B41E251E059D0E51
:10C31C00195EE0A0E64018209951151E1E05A30ECB
:10C32C001E15E09C1E65E0B0130EE0A81EB5810141
:10C33C001E75E0A4BD0EE098B90EBB0EB50EB70E7F
:10C34C00B10EB30E8145AF0E0A50710CA15BEC041B
:10C35C002954FE95E640142012101B7E256EE4C075
:10C36C00E5800C40650118500A504002C00466017B
:10C37C00101021CE1F5EE640E00844968171273EE6
:10C38C009395ABBE020AA414C7FF63FDA10B8A05EB
:10C39C0025B486D5AD2E963BF8C00C0378300C1323
:10C3AC00A324964B6B58A954A10BE8000C0382B53F
:10C3BC00812178C078300C13AB34964B6A98A15419
:10C3CC00A10BE800A7348445AD24ABB4E2A4040A65
:10C3DC000FFC43F680084496800054138891027138
:10C3EC00846104A184810D8581212BB4F8C00C03D8
:10C3FC00F8300C13963B1D4468B89F542734E80062
:10C40C00AD24A10B2002F895E5A004F006F018125B
:10C41C003E2EE5D0E5B00AF09603113EE1AE400A9F
:10C42C00BC3E9BB42B34AD0EA144962BEFFC4CE8D8
:10C43C0000F018123E0EE5C0E5E00AF0962B110450
:10C44C00A944AB342D04BC0E4BF886BB9704EFFC0F
:10C45C00E03000098405A10B657000F0E58004F064
:10C46C000AF018123E0EE590BC2E963B9B24AD04B0
:10C47C004AB89F44BD04EFFC99249514BB04AD0E3F
:10C48C00B534B3B4841A910E8B2E8DAEAF049324B5
:10C49C00892EB1C4FCBEFE0EBECEABB4B944BC3EBC
:10C4AC009B04B7549134AD24E81875688101002BB6
:10C4BC00F1D5A734837D8E181EF0D8D50C0CE5F081
:10C4CC00DD93F27CFA7C040CEC501EF0828B3E2E39
:10C4DC000050009B1911E760818581217860402311
:10C4EC00EC040210F8304023A11BC12C0C50FE159B
:10C4FC000E4067607C3EE4C0BEB481A19C0485D52F
:10C50C0063FD000A88A5C7FF78300E15A024960B92
:10C51C00E042A43A4298E458090EE8009C14960BA9
:10C52C00A43AA024E458E042E8004208960B7E0EA0
:10C53C00E0300E15A43AA024E458E042E80041682B
:10C54C00FC34FE14F8604C13980C8914F8304C131E
:10C55C00846102A18E088871F45581ADA8F10101A6
:10C56C00F27C0C0CC1C3DD93180E2413441AF0009A
:10C57C00401AE4820224E40282CFE17C810100C3F0
:10C58C00F2844222640104C04212C0801814F2806A
:10C59C00E1C7E17C42129823E1277280A22FE017B9
:10C5AC00080E0823422AFF00442AE48E0614E40EE7
:10C5BC00864FE17C421288230420F28CC00864016F
:10C5CC00F2804212E17C06148623E9377280421213
:10C5DC00E817D927020E222F4222F8000212FA0481
:10C5EC00C07F6BFD4010A11DA05D1C0040105D9331
:10C5FC00C1C39C00FA3C04CC886B008B602C1009E6
:10C60C0001A183412034C827214F867B0FAE820BBA
:10C61C000DAE841B5298882B58AEE8301AAE809B16
:10C62C00E47004F0921B0E0BE83057A88435A10B74
:10C63C0006F00F042214E460580E922B53988E0BC4
:10C64C00A10BE83080181E0500044C058000000684
:10C65C00F23C0CCCC1C3DD93FA7C040CEC301EF024
:10C66C00889B007B602C0E090E29846B83516030F3
:10C67C0060100E4B215F81B11C3486AB7CBE820BEB
:10C68C00E8880454881B3EBEE8304F080090008BAD
:10C69C000195E4C041BE9911EC040210F83440B588
:10C6AC00E02C40B5FE15A11B658014A005C5E091DA
:10C6BC00A10B8101280488D5E42004F068305308CC
:10C6CC00A10B901B7C0486D5E41006F0A40E902BD5
:10C6DC009E14A804E8304EE88475A10B06F03E04C5
:10C6EC00902BE410F8305205E06014054E189E149F
:10C6FC00A10BE83080041E050030520580000006B6
:10C70C0088A102B19A188891F49583BD0C0C98F10C
:10C71C00DD93F27CFA7C044C847B1124889B15A459
:10C72C00FF8113B441F6A12B4C960FFC8A058008AF
:10C73C00442A2B3F463AE68A8161668E423A8F1E26
:10C74C00463AE502002465828203E1847298423203
:10C75C00739881310F24EFEC41FE910BA11B1FFC50
:10C76C005FFC41FE0294A19B81814184509C42124A
:10C77C00501A847380734026408A8E83AC8EF00AE4
:10C78C008C0B280EF27C0C4CC1C3DD93E682401A54
:10C79C0064010000DF07C0406FFD00025D93C03FE5
:10C7AC00FB800004FE7C040CEC601EF0827B049B7E
:10C7BC008161005B8111120B81B101A1030A81C55A
:10C7CC008275E23CF0080025F8040045564284A32B
:10C7DC00821172ACFC958F1D6000174AE18400A495
:10C7EC006000161AE0FC02B46000146A7E0EA20F00
:10C7FC00E580420A6188421AE18400B4422A7C0E28
:10C80C003E3EED80E43010305E27895E89A5E05C09
:10C81C00601C4CCA440A8101400AE1808EE5E99C07
:10C82C008101262404CAA414041AE000022AE000A0
:10C83C00420AE000421AE5801E27E188420AE05CC9
:10C84C008AA5ED80647C0B0A0050823B46206C80EC
:10C85C0044529C0002067B800022C0002023EC7C0A
:10C86C00EF8008146C000A047E04A13F4852A11FFB
:10C87C0004227890A83FEC0482037C14942B253F6F
:10C88C007284423269F8963B0954EFEC67FD008ADA
:10C89C0041F6C0FFA11B0FFCCFFC41F68261610C7D
:10C8AC000C0A9091ECB5E240B0F13E04E0184071F6
:10C8BC00E01C4051F67C0C0CC1C3DD93F800044C19
:10C8CC0002100A280814EC04E03161FC83410813BF
:10C8DC00831703A57830065BEC040420826080C0CB
:10C8EC0046C38AC3CD5AF8600AC40A631864FB00B5
:10C8FC004A427B004663F1949853602CFB144A1215
:10C90C00E05C4653F8F5A12B0C4C8101DD93F00053
:10C91C00F804040C60880C3401458A7BF09858525A
:10C92C00D97DDD2E0613FED5440A86038211618E55
:10C93C00618E461AF09840420C34C42742426088FB
:10C94C004652F088444270888195F098C11DC564A8
:10C95C004240CD6ED93D1C009C004650FCF5851B19
:10C96C000C0C8101DD93F004FA7C040CEC701EF0CD
:10C97C000034008B0603E1FC1F1482BB0D3E8307C1
:10C98C001D348A6B2374845B21A4A02B3E1E829BD6
:10C99C000B4E900B7E2E8141093EAA233C3E961BEA
:10C9AC007C5E8A3B6CD88C5BA10BEFF80904867516
:10C9BC003EAE81417E24961B3C0E8C5B8D34900BDD
:10C9CC00EFF86C0882D5A10B81410D24961B7E04D7
:10C9DC008C5B3E7E0904FC343C0E80236B18900B60
:10C9EC00161BEFF80B64968D090E8CBB0A55944BF5
:10C9FC002594920BFA204212B0138211A7148313C0
:10CA0C0083B38D1EE80031EC70A046B2463A801B11
:10CA1C00828161AE00A5C437880B7C0C7C0C085558
:10CA2C00F08C4492FC0C0EC5719848A20A438CA35E
:10CA3C003843B453084E98530D14804B8233820BF9
:10CA4C0009048C5E0C0CB8F1DD93F27CFA7C040CBE
:10CA5C00ECD01EF080BB2904828B2F7443FE134E46
:10CA6C00C0017FFD8A6B0F2EB144B32481017E0E71
:10CA7C009C0E913E970E990E41F6150E8B4EE00CC6
:10CA8C008D2E900CAD94881E91A4AB544062897E7F
:10CA9C00420AF0ACC417E19AFC040A2584A5A12B28
:10CAAC0084E5A12DFC0412158E95A11D400A82016E
:10CABC00C407E19AFC000A158C95A11D7C00120597
:10CACC00820DFF1181A58AF5FC0412058A45A10B84
:10CADC007C041205820DFF11030188A5E4B002F05D
:10CAEC008A7B1C0E0AF00B04142BE4C000BC8C3B9C
:10CAFC00E4A000F0960B3E0E8F14BC1E5658FE445C
:10CB0C000D04EFF89924961B3E0E97349544940B24
:10CB1C009354BC6EEFF868088E5B0974E2A4000AAB
:10CB2C008101807582B19C0E808591BDA10B9C0406
:10CB3C000101EAE50C0CE8F1DD93F27CFA7C044C83
:10CB4C00827B006B60140C19E00040C69475F41DD8
:10CB5C00E0180C2992F5F02DE686502AE500110A12
:10CB6C001921925576D88E0B8C1B6FEC64300070AB
:10CB7C00E0040206819101550210419CA11BEC04BA
:10CB8C000060FE9581B1649081110195E500028AE7
:10CB9C00412480E556228211D11DFAAC00B4FE1559
:10CBAC00D8B761D098710F0E81A14861810103D56E
:10CBBC0040961824A12BE0080F148485E1840024EE
:10CBCC00813116036FEC5008F2A4421267FD008A03
:10CBDC0041F6C0FFA11B0FFCCFFC41F681011C0CE0
:10CBEC00847102A1D1AD8861150A80C58075E4FC01
:10CBFC00F6E5A10BF27C0C4CC1C3DD93FA7C040C62
:10CC0C00ECF01EF0866B04886010021900A981916B
:10CC1C00060E6010C00072C088BB1D9E42967E1E20
:10CC2C00C00167B98B1E8004110E8D1E6321415605
:10CC3C00150EC0016EA100061B0EC0018F1E840BC9
:10CC4C00191E931E973E8C1BE80048C86C0400A06C
:10CC5C00E00842C6741C010A090E8101808800A4F8
:10CC6C00045002F0E010101A1C00020580000206AD
:10CC7C0000105E050904B18BED80420AC00842C663
:10CC8C0042C6A10BE5AD00088A95FC1EA10BFC0465
:10CC9C007E148A350E0B907B4998962B18B1E800C0
:10CCAC0004068111960B6008EFEC72C8E69E4E7A72
:10CCBC0000068375E7AD610084159D0E00F01834F5
:10CCCC001A44E4E0E1EC0B76901B3E0EFE24890442
:10CCDC00920B3C0EE80040C86D0C9D04937B829136
:10CCEC007C04FA350C0CF8F1DD93F27CF87C040C26
:10CCFC0061064E0AE08812246006500A0F4488CB65
:10CD0C004E9A866B8111669EE6A2509A8E630D3404
:10CD1C00402A10C3101EE68AF0A44E62650E443AF7
:10CD2C00F0A450C2E58E463A8FAD81C546AA56AAEC
:10CD3C00C41014A0D0A456B242127E3588C1D0AC17
:10CD4C0052CA91CD546046B2FC15DC00E184180443
:10CD5C00425A02C340CAE6960C0CE0028135F07CC4
:10CD6C00C1C38B45FA00040C480A086B400AE5065F
:10CD7C000A2465860244E184E84761B018346807E8
:10CD8C00201FE184E0FC00344042A05F41B8F094E5
:10CD9C0042126FEC0406F2B0404060018403FF3194
:10CDAC008131070B728C42129FFC41FE41FEA11B8C
:10CDBC00400ADFFC0204F00A8413E184E002401A0A
:10CDCC008101180EF2000C0CC1C3DD9360144401F8
:10CDDC00083C81310A3CAF41FC0006146018440148
:10CDEC00E41C0030601C4401EC0400306020440161
:10CDFC004441C21783016010E0244411E02844111F
:10CE0C00E02C4401C1C3DD93042E0038A13BFFFC90
:10CE1C008208844582E5A10B71804822262390016B
:10CE2C0040009031400173C173C146300623C001EC
:10CE3C0081358803FFFC002E860E842EC1C3DD9342
:10CE4C00FA7C040CEC501EF0867B090E61840014F5
:10CE5C00E0AC0674886B202384138623E10E401A01
:10CE6C00E10E422AE1AC0404611E562AE1AC041422
:10CE7C00E11E502AE40404B0611E542AE08004062A
:10CE8C00068422230623E0ACF184420204B47C2EF7
:10CE9C007E1EE0AC3E0EA40385B5909B8235919B23
:10CEAC00E02C521AA0101E05A00C1E15A000016843
:10CEBC00E020521AA0000088521A090400F8E02C55
:10CECC00C000200180101E0580081E15179B80C510
:10CEDC0080B58101BE148904E8004B086088029477
:10CEEC000C2582918C137C04E11E529A842E802393
:10CEFC00F4B5959BA8F10101F27C0C0CC1C3DD9338
:10CF0C00FA1C044C847B028B866B009B00061C1461
:10CF1C00E024E0804338A434A044E8009E14980E2A
:10CF2C00880B602442B8A4349A0EE800F21C0C4C16
:10CF3C00C1C3DD93FA3C040C828B047B60240E1974
:10CF4C0010498321866B602460280E591C04809B39
:10CF5C002234A32FE0900244682C4888E8941424CF
:10CF6C009C24A4142234980E040BCF1747D8942B6E
:10CF7C001A0EE82C0C0C8101DD93F23CFA0C040C1B
:10CF8C00403A006B027BE50AE58A423A00000181D7
:10CF9C00C00167D172A04212E03C44866FE8714830
:10CFAC007F218131850B81311FFC41FE41FEA11B8C
:10CFBC00427ADFFC447AE502006465828203E09CDD
:10CFCC0072A04222E0A00464EFE86FE87FFD45FE0A
:10CFDC00C50DC03F1FFD41FEA11B003F1FFD41FEC3
:10CFEC000C0CC03FDD93F20CA11B005B600840965B
:10CFFC00640018500006C080070A400040C6E64096
:10D00C00190A4000C0FF67FCC00040C65C08A10BB9
:10D01C001814DA00A15D61FCE05702C3D63703C7D0
:10D02C00D18018C442CA8AC38413E086E00002127D
:10D03C00E10E421ADD93901E6506440A420A8131C4
:10D04C000020E586C0046401F28C42125C08EE1DDF
:10D05C0041FE5A00C03F1FFCD7076A17A20F5D9311
:10D06C00FA7C040CEC701EF081617E3E88BB092EAC
:10D07C00E03404098D6EFC1EE80D3E0E602402A9FE
:10D08C00E00040C6150A981596B5E6408904FC14D4
:10D09C007518FE3404106FFCA10BE4307C049495DD
:10D0AC008914963B72D8FE2400B0EFFC81116420E9
:10D0BC00551D81751625812182114004020AC12E4D
:10D0CC00FE15E24089117E04B001017578104065AF
:10D0DC00EC040210A11BC16E0974FE557E8490B144
:10D0EC00BCBE8101C0717C94B08105B58A75A10B61
:10D0FC00906B0B6E8984FE14F8100E25A004861418
:10D10C0073D8A4342224EFFC1C0480BBE46008F028
:10D11C00601012157698943B8C8B6FFC8295A10B4A
:10D12C00781050B58D24943B8904A02E0014BC4477
:10D13C006878960B0B64EFFC88818871BE14826151
:10D14C00F4B5C36D0C0CB8F1DD93F27CFA7C040CD5
:10D15C00EC301EF0806B064A04C9840A4C45E0C0D2
:10D16C000249EDAC4C05E020C40AEDA8EE244C4578
:10D17C00E0CC0449EDB04C05E0C80409E0C40479E6
:10D18C00EDC04C45E0D00441EDBC4C05E02C040551
:10D19C00EDB44CC5EDB84C75E0D404C1E0D80471C5
:10D1AC00EDC44C45E0E00449EE284C05E0DC0401FC
:10D1BC00EDC84CC5EDCC4C75EDD44C45E0F00449B4
:10D1CC00E0E404C9E0EC0479EDD04C05E0E8040996
:10D1DC00EDE44C45EDD84CC5EDE04C758AC4884463
:10D1EC00CA84C874E0F80491E0FC04A16DDC4C0521
:10D1FC004CC581014C75EDF04C85EDF44C95EDF87A
:10D20C004CA5EE484C05EE4C4C45EDE80645EDECD6
:10D21C0004C5E0340475E0104C45E0140645EE50AE
:10D22C000485E0380495E01804A5E01C4CC5E0200A
:10D23C004C75EE704C95EE744CA5EE7C83A16E8013
:10D24C00EE544C45EE784C8504C58C44A194E024F6
:10D25C00EE844C45A4888E444C459B74CC44EE889B
:10D26C004C45A7B4CE44EE8CEE904C45E0100645F0
:10D27C00EE944C45E0140645EE984C45E0180645F6
:10D28C00EE9C4C45E01C0645EEA04C45E0200645C6
:10D29C00EEA44C45E0240645EEA84C45E028064596
:10D2AC00EEAC4C45E02C0645EEB04C45E030063576
:10D2BC00EEB84CC54C3599C49734EEB46D884CC55A
:10D2CC007FFC59E69F44C020ED844C354C85C83416
:10D2DC009D84ED806D8C4C4567FC0430582DC0FF4F
:10D2EC00E0081806017C18342344FF2181C018C4BF
:10D2FC006D944C7590B04632183425344C85814071
:10D30C000E606D90C00D6600EE344C55EE044C254D
:10D31C009534FC3E6DA44CC5FFF459CE6D9C4C4528
:10D32C00FFF8088E0C85994B5082CD9C084051908B
:10D33C0050A1CC04FCF5C0006E3C4C0567000060AD
:10D34C004C05C00600606D98C00265006E204C351F
:10D35C00E080068A6601066050C640044C65E00019
:10D36C004C05EDA04C35EE2C4C25EE308875EE14AA
:10D37C00EDF80C35EE280C4586B5874DEDB40C2533
:10D38C00E4080020E17C18049803FDC76108180428
:10D39C005802A101A9CDF1B0BEBE82D5EDC40CC519
:10D3AC00EDC80CB580F596CDEE7C0CC5EE800CB5B9
:10D3BC0080C596CD98F1100BF27C0C0C0CC5DD934E
:10D3CC00AACDEDCC2041FE15A6439833FC75A94D92
:10D3DC00EDD00C35FAF5AC3DE4040620E1FC083444
:10D3EC00460206438347F1B0F8B5893DEDB80C45CC
:10D3FC00EE240CC598438643F6B5854D6DD80C4587
:10D40C0051F69131A24DE00C3EB482F50906A14BC8
:10D41C00188600008605800049F6234B11C1E00CEC
:10D42C00846589213EB4838549F6A54B59F6000CD9
:10D43C008245800C82F5A74B600C49F6E00C59F63E
:10D44C0045F601458921E00CEE584C45EE5C4CC587
:10D45C00EE604C25EDE00C458235A24D84C5A14B08
:10D46C0041F6234B0465E00C8375892141F6A54BED
:10D47C0047F6000C8245800C82F5A74B600C41F6F8
:10D48C00E00C47F645F601458921E00CEE644C05AD
:10D49C00EE684C35EE6C4C254C55C60A4002EE3409
:10D4AC004C05FA148E0B6E34E80C5448680C46E8A4
:10D4BC0053B88E0B8E0B6804680872280C058E0B03
:10D4CC000C15EE384CA5EE204C05EE18BE0D6E3C3E
:10D4DC006E1C4CA5908440020E3C4C05000082034F
:10D4EC0081116C04EE404C056E444C05BE1E81014E
:10D4FC00BE048F55E31C010AA1ABD6D50C0584D50F
:10D50C00A70BEE1CA50B8225A30B82654AF882950E
:10D51C008E0B68006C1881858E0B68005518814540
:10D52C008E0B6800EE180CA580F5A3AB8E0B7C144B
:10D53C00FC384208EE180CA58A35A5AB6E080C1504
:10D54C000C0587218411EE404C15830D40104E4084
:10D55C000C15DC00010A6E280116E0404C05800019
:10D56C000C058E40820D6E20840402108E404C15EA
:10D57C00E68A400AEE3C0C15EC3800004C05801D88
:10D58C008E0B4E3CFC385608EE180CA58815A7AB34
:10D59C006E400C050C158721010AEE080116E040BF
:10D5AC00841100000E404C050C05830D4C15EE202B
:10D5BC000C15CE40400AEE3C0000E68A801DEC18AB
:10D5CC004E3C4C0550388E0B0CA5E8083E04EE186A
:10D5DC008201AFAB000CBE0EA10BE2000C05E265A4
:10D5EC0081116E0426068201FA8000040C258395B5
:10D5FC0000006D9C0C45EC040223EE2004338411D6
:10D60C000453E030583AE060465AE19244C3E19248
:10D61C00468AE0304632E8304433D090A10BE060CB
:10D62C005995F8F5C1C38181FA3C040CECA01EF0AD
:10D63C00548E2D84C010641113AEAF9463D1144E6C
:10D64C0091AEC0108D8E8F9EA1C4ABA4A974A5649D
:10D65C00A384A794897E8BAEFC6EFE9EBCCEBE8E40
:10D66C00EFFC57680C0CD0F1DD93F23CFA1C044C27
:10D67C000C05806BA10DE0880C1580B5830DE0BC0A
:10D68C008F0180A5E0984C050C158BC50C25E1404D
:10D69C000C75E0A84622E018870BF0840C358255F7
:10D6AC00A13BE07C0C3580D5460AE0749295E08075
:10D6BC00E1D00C19E088420A0321822563388C1BC7
:10D6CC000C25E8084C05E0A80C15E088875160C4CF
:10D6DC00E0340C35E0A00C45E0BC4C15484A8233D4
:10D6EC004A326696095DF1884C55855148426098DE
:10D6FC004C5590880640609C48328C04C42B718831
:10D70C00182444470E55E08898737C10E0AC0C4507
:10D71C000825C4570A34FC148E53E0880000823D5F
:10D72C004C05840882A580C0063057C4C4C7EC04DD
:10D73C00FC3008C5FC7584CD60BC4C35FDC5982B00
:10D74C00F21C0C4C0C25DD93061460840C45E0880F
:10D75C0086736078823B01514C2582218243608420
:10D76C000EC58345DD84F810E0200C95C487C4C732
:10D77C00FC3012C5FC201285F1B058824AC20ACD89
:10D78C004610FA1482115C00FA85881D0C55981409
:10D79C000C45E03C0210E01C032DEC040443C227B2
:10D7AC00483386534853E030DA85E0608201031138
:10D7BC00E0984C15E09C4C15E0BC4C05C1C3F92518
:10D7CC00FAFC040C0C15806BA11DE08C0C05823549
:10D7DC00801DE0880C0580A5830DE0BC8F0180E5E1
:10D7EC00E0984C05F2FC0C0C0C55DD930C25E14437
:10D7FC000CC5E0A80C35E0180C4BE0B44452604862
:10D80C000C2BF188851B6050E0C80C85E0CC0C75A6
:10D81C000C958275A19BE0800C9580F5520AE07402
:10D82C000FB8E0800C55C000548660705202E03C8A
:10D83C00AAA3F1849645949D60940C55955BFDA12B
:10D84C000C5594A51450E03416A4E40496A3E1FC02
:10D85C008AA383A79245959D708452020291C63784
:10D86C001494A031CB3761FCF9A114930CA5C29789
:10D87C00949F6010189592C3B2C4F80C14A5C49769
:10D88C00C4C77C24641016A0C7B786A3669248BA96
:10D89C007FFC578E0840C3FFC947E50060200CB5DC
:10D8AC0088A3964FF00A48AAFC241695FC3016C59E
:10D8BC00E68A444A0420A69398936600849DD12757
:10D8CC000C2584A59834E084E01C0C454C25822161
:10D8DC0006306084072DEC040443C227F194460201
:10D8EC00E0304833E06048030C05DE65FF9161349D
:10D8FC0060944C9573588C2B0C35E8080C25E08CF7
:10D90C004832E088861B7180613C4C454240854D15
:10D91C00AB0D1C00E13C4C150C0982D5400AE1D042
:10D92C000026E0904C05C0004C05C0980030409C8F
:10D93C009435CC1060340C05F188483286E5880D9E
:10D94C00E40402000614A8130C35E1FC8613608471
:10D95C000C158317A223601C8403023160844C35A0
:10D96C004C25C23786136088603042234C058F21CA
:10D97C004203E08C4C25E060E755E09860380C05DC
:10D98C00F1884A12E0A40C45895D804330238A4516
:10D99C00F09C403260884C254C058C1B68B8E08CA0
:10D9AC000C15E8080C25E0840C35E01C4C05E088CF
:10D9BC008211608C60844C150223C21744038F11B2
:10D9CC008C0B6060E0304433E0984C15F2FC0C0C8E
:10D9DC00E00810A860BC4C054C15FD11E135E09435
:10D9EC0060A00C050C3587210C45E044400AE0484A
:10D9FC004C25E68A461260980000F18CA8136C182E
:10DA0C0060BC4C354C25803D4C95E09C4C15E0940D
:10DA1C004C05E0C0DD75C0BC60780C05445281310A
:10DA2C000054718000C3E08883558A0B1875F34449
:10DA3C000C85F80CC447E0201045C4771075FC1019
:10DA4C004872FC1C064DF190FA0C46425C004050AA
:10DA5C00EC040A50FA65855DE0840C250C4598347D
:10DA6C000C55E03C8221601C60844C25EC04063093
:10DA7C00C227072D460204534A33F1904A03E03083
:10DA8C002AE8E06085019FFCE0984C05609C4C0501
:10DA9C00EC040010C1C3F505FAFC040C8781006B83
:10DAAC00E0900C05E0180C15E0840C7560984C8522
:10DABC00ACD5A10DE08C0C25AC45850D60200C552A
:10DACC00E08804047C080225F0884612F81006450C
:10DADC00F80806C5781806350A25C427C4477C08FB
:10DAEC007C100A450AC5C4C7C4377C30FC0C0A3507
:10DAFC00A6C3A823906584CDE0340C25062484218C
:10DB0C00FD37E17C852786234C05A4030404609033
:10DB1C000245E08846127C088E34F088C4479A246B
:10DB2C000435C4370445FC0C4832FC108931719023
:10DB3C000A00854518046C0402C5E08812547C3038
:10DB4C000295E088C4C7FC247C3004C50495C497B6
:10DB5C00B2C3FC2482F5A3CDE4081240E17C1494FA
:10DB6C009493FDA793CD859700904C559C00405005
:10DB7C009C0048C0EC040630F695A13B8C1B03219D
:10DB8C00E8047D28613C0C450C35FFC11260603403
:10DB9C000C15E6200C25E0944A42E0884052F18CAA
:10DBAC00991B7B00FA004422E0904C250C15B045E3
:10DBBC00981DE0840C05AE051414601C0CC5E084A3
:10DBCC0080A3E0A4E0301453F1B056520F38972DD7
:10DBDC00021180004C158433081460840803E0841F
:10DBEC000CA591114C15E0508C1B6050E03040237B
:10DBFC0060604033FB000034E80855E80C159824AD
:10DC0C000C35E0844CA5E01C04206050051DEC0490
:10DC1C00E084041446038433A0A5E0600C25A535EC
:10DC2C00FF11609486B5832B613C0C250C05827129
:10DC3C000A7460349844E084E01C0C35608C0C054C
:10DC4C004C25A023084060900A33EC044C25897DB8
:10DC5C004C75E0944623E0844603E0309865E06020
:10DC6C00E0880C05E0A40C35E0904C25F1804822AE
:10DC7C008E25864D60340C35EC04042060BC4C259C
:10DC8C004C4585414C45E0988033609C60944C1524
:10DC9C00EC0C063060C04C359215862D603C0C1592
:10DCAC000C2582710674601C4C75E0848013E08432
:10DCBC00608C4C15440386234413E0300C09E0605F
:10DCCC00400AE1D08AE5E0847B0000144F388C1BBD
:10DCDC000C15E8080C25E084C217E01C44038223D1
:10DCEC008515E06086F5A17D601C0C15E08404743C
:10DCFC00E0400C3504238223463AE030A023E0A216
:10DD0C0082A5862D02098E138201E1E0E1E0420139
:10DD1C00E0880C05E01C0C15E0840C758E13C277A2
:10DD2C00E03042034C058F010C0CE098DD93F2FCC3
:10DD3C00E0A40C05E0840C15F1804052812D0211F9
:10DD4C00E0844C1598449425E01C0C35E08C0C05B3
:10DD5C00EC0418401814191D86C3E084E0305853A5
:10DD6C00E06058030C09F8050C55E1D0400AE03C82
:10DD7C0002A5E084F0884052680849E80C158C1B19
:10DD8C000C25E0840C35E0909844E01C084002110E
:10DD9C000A14EC04891D608460844C1546038A3394
:10DDAC00870160606030462380000076E0984C0567
:10DDBC008BA5EEA5606014A348A286C3A443FB10F8
:10DDCC008E05984D8211184460844C15084084339C
:10DDDC00091DEC04E0840814402388034033E03030
:10DDEC00E825E0600C3587F50814601C0C05E08410
:10DDFC008833E08CE0304623E0604603E1D00C2908
:10DE0C00E084440A000482E58C1B7B00E80845484A
:10DE1C00E0840C15E01C0C25E084061444038623D6
:10DE2C009804E060E0984C85EC040000DE65811DF0
:10DE3C000C3583B5A4536040E0A2463A82A5865DBA
:10DE4C00001982038211E1E0E1E04011E0900C2521
:10DE5C00E01C0C05E0840C15E084061440238603BA
:10DE6C004C85E030A404E098E0A40C35E0900C253F
:10DE7C00862D80330C3586C58033E03490A5872DF4
:10DE8C00601C0C25E4040810603C0C35E084024452
:10DE9C00E0844C4544038223423260304413F080CA
:10DEAC000C09E060400AE1D030F8E084E7B5DFFC13
:10DEBC0086F5A11D601C0C25E0840614E0400C4581
:10DECC0006338433484AE030A033E0A28285883D93
:10DEDC00040982238201E1E0E1E044010C25A40461
:10DEEC000C15E01C0614E0848623E084E030440327
:10DEFC008F01027160984C0531888F1B8C0BDFFCF5
:10DF0C00F2FC0C0CE0042708E0FC0C05E1000C15FD
:10DF1C00E0944C2560984C85F180402260BC4C0507
:10DF2C004C25A223E125E0C0F81C040C81610224DD
:10DF3C0060200015004581718834E0A0C8C48A5463
:10DF4C000035CA248653601858529853825B7088E7
:10DF5C00044055CE81D5EC10827102847C1810855A
:10DF6C00F098528260101295B0C38861D5CE92C3DE
:10DF7C00FC75857D60881844EC04084070B04A122A
:10DF8C000A50983318C06C3081F5EC4082214D74E6
:10DF9C0002858264C477FC307C300C950C6588C19A
:10DFAC00B283FC1CD58E8C83FC35892DF01C0C0C9B
:10DFBC00C1C3DD93F87C040CED801EF060BC0075D1
:10DFCC000035FF61811160C060180025401581810A
:10DFDC004065E07C0015E08800C5E0B44065E0A831
:10DFEC00253EE140E088067460D800350045862364
:10DFFC001620606C4ACAEC40812166864686213E1A
:10E00C002833E03C1B3EA051E440061008100B37AF
:10E01C007C3EE410E4080610CB5702118537074705
:10E02C008317195E81513E4E8141093E0015951EA4
:10E03C00931EE0DCE0E000150015FE1E8D1EE028AE
:10E04C00E02C00150015911E8FCEE0241D1EA37E22
:10E05C00E08402C481110B1E8EC32B1E81113CCE99
:10E06C001A38971E0AA0E0000B0AE4041A48E720AD
:10E07C001615C000A24D60105E45AD6E5E25C05CED
:10E08C0098F5C04CC41727BE60AC003519748CBB16
:10E09C0006C58E6BAB34FC0404CDAEC32B3E88336B
:10E0AC009C0058204E600E05298E9C00AF4E988B1C
:10E0BC00E0B000358BC48F44FC0406156084061454
:10E0CC0088338E13E032463A463A9DC490CB66B202
:10E0DC00E5000630463ACF370D34E692421A8613E5
:10E0EC00421AF00A0210E68ED117E6001E4582CDC8
:10E0FC005820005C1E859C001E75805082658044F3
:10E10C00966B2F44E0884095A14BA984811180C562
:10E11C0081E5AB1E966B01E583413C14E1404095D3
:10E12C009413A5247B084412A52E8111A374AB1E55
:10E13C00AB249B14822DA7B4C00013F81278A34D06
:10E14C004C80400027CEDC0016158321AF2EE0104A
:10E15C0060201625E0880814E0200035E01000153A
:10E16C00C42721C4FC100665FC0806257C1002455A
:10E17C00100599AD93C48C239E6599AD83ADFE14A7
:10E18C00EE34AA85FCC482140215C43742C2FC0CBE
:10E19C001814FA044C22E08CC267F1B01E95906DF5
:10E1AC004C8000580FB89C00298E8000E4100E4063
:10E1BC00C77740C4B3111F1EE686442A18259D1448
:10E1CC0010207C0C1F34E4084E7AC58782CB6686FF
:10E1DC00AD110883483A10714977E686E09802241D
:10E1EC0006060E830283E0041043831113E58F812E
:10E1FC001F5E83711615805B1665F8301675F82056
:10E20C00298EF8102C84C41706C5C467C4777C0407
:10E21C00FC1806657C1C06750635C4872904FC2091
:10E22C008E639863866315347A184632E0840C2426
:10E23C00806DA6631D849245E4100E40C7770A0BCF
:10E24C00844342C466A24E7A9F54C4477C0418157A
:10E25C0045778471087390CB027391814872901149
:10E26C000414708C0606E1908911600887710BF517
:10E27C00F8101675C477ACC47C1C06650635C4C78B
:10E28C0089C4FC3046C28C334C22FA0CC267F18C28
:10E29C009EE5906D1840298E0215E410C7C77C1CB2
:10E2AC0084431D740243918144CA88118643669E3F
:10E2BC008ECB4447060604214527E00804438571AC
:10E2CC00E18C0414851107358A0B006BA374AD9493
:10E2DC00A7C4AF448D559F54C477AC74FC1C061571
:10E2EC004232BE340614FA044C22E084C267F18C2C
:10E2FC0092E5906D1840298E0035E410C7C7601464
:10E30C0084431D847C1C063558CA877110C1E6A253
:10E31C0049C786131843843110CBC4170434824385
:10E32C008F81618860040606442A89118223E6B233
:10E33C001124EF2F424A8443421AF00A8613E68ACC
:10E34C00826DF11F80501E6580581E9580441E758D
:10E35C00AF4488C5E088409523749714A7C4A34B99
:10E36C00971E8211001584958EA360F060A0002585
:10E37C0085418731442A94130610668E853DE4103E
:10E38C0040485E154015831181B5E07C8195AD94B4
:10E39C00906B2D94A7C4AF448135A374A7C4AF442C
:10E3AC0088B10C8B926B182B8AAB2514F0A8527287
:10E3BC0025A8829DA16D9FFC97248215E0F0001585
:10E3CC00832D8221C08840651EF001114015E58027
:10E3DC000C0CE098DD93F07CF87C040CED801EF0C6
:10E3EC00FF31012160804025E03C4A86606C0025AD
:10E3FC00001581B1816160B4608C403540358191EC
:10E40C00A453614460C00035E440041060A800C50A
:10E41C0000458B27A93EE0BCE01800A50410092E8E
:10E42C000727E410E68646CA44427E2E4427F1B004
:10E43C0050A2A031041070880211E4080527CB37D4
:10E44C001F3E8317E088064486A3215E81310F2E80
:10E45C0000159B1EA51EE0E4E0E800150015991EB2
:10E46C008D1EE0ECE02800150015931E971EE02C85
:10E47C00E0240015231E95CEE08402C4B81B111EA7
:10E48C00FF117C1E81110B1E81C11D1E0D0AB1A531
:10E49C0018B8E31CA2CDC0005C004E30DC0046C0B6
:10E4AC002DAE965520248CAB0015886B98B360ACC0
:10E4BC00C4279F44FC080215F1904E120C05867D72
:10E4CC009C004E308E9B2F9EE0B00055917495149D
:10E4DC00FC080A2560840A2482538823E01E4A5AC9
:10E4EC004A5AA374927B669EE5000A504A5ACF574B
:10E4FC009314E686442A8A23442AF00A0420E686EA
:10E50C00D127E6001E95847D4E30005C82059C0070
:10E51C00A1CB0C4BE08C404501E580A501D581B128
:10E52C007C248C4B404581B183C161448823A91460
:10E53C00FA044222AF94A91E946B211482BDADA49F
:10E54C00C0001348833123CD5C0046C0DC004A90E8
:10E55C00C00011B8ADBEAB7EF8101425E0200055FC
:10E56C00F82014C5C4272514FC080AB56010002532
:10E57C000A75C4C7836D7C30FC3004C58EB30E6540
:10E58C00836D99148D149C25836DA8740214A68533
:10E59C008924C477FC1C0215FA044422E08C022462
:10E5AC00F1844AB2925DC25780000FA812C02F9E10
:10E5BC00278EE410C014C797B3113E1EE68650BADE
:10E5CC003EB4A314C58784816686529A16B5988387
:10E5DC00ADC17C1C582A10914997E6B2E0040E0696
:10E5EC0004B412830483E09810C3839113458F8184
:10E5FC00A78E83211475A8241485E0102F9EE0208B
:10E60C001495C427C47760307C080A150A75C48732
:10E61C000A85FC1CC4977C20FC240A5582731B14AD
:10E62C0090732F940AB40A734E12E084AE53FA1C02
:10E63C0090E5925D10C023944214E41096C3C787F2
:10E64C0066A6508A0215C4C78481FC089883C587C6
:10E65C0090110283709C5882E19016149181121BC8
:10E66C000E060B95A78EE0081415A884C487E0103D
:10E67C007C200A750A15C4178F54FC044E528E1355
:10E68C004AB2FA04C257F19C8665925D85912F9E21
:10E69C007C200415E41004C0C727238402C396C34E
:10E6AC00442A88118EC366A2161444C70421E18C37
:10E6BC004527901B04C39181E0080E06852105D5E2
:10E6CC00925B0D05C4777E24FC1C0A15FA044422C7
:10E6DC00E0840224F1844AB2925DC257AF9E980541
:10E6EC0010C0278E0015E410C787601496C32394BE
:10E6FC007C1C0215E0040E06E6A6508A82231081CB
:10E70C0084114987C42710C361881614121B84C353
:10E71C0007218F8142BA89919213E686E51F17244F
:10E72C0042CA82C3421AF00A8E13E68A825DF11F36
:10E73C00805C1E55404588C5A33B608C882B1D14FE
:10E74C0048202784ADB4DC0082112B7486959D1E65
:10E75C0060F40015984B84CB718446220230FF2163
:10E76C002924EC409514841D5C0044301E25833D07
:10E77C0083114050608040158B4E85318145A92E08
:10E78C00ADB4A78406CBAB740840826110806C04D6
:10E79C0014A0EC108A9B6C108E3B0145925B7F356C
:10E7AC00834DA9149FFC2758A13D8B349D248215C1
:10E7BC00E0F40015832D8221C08C40351EF0011130
:10E7CC004015E5800C0CE098DD93F07CF87C040C93
:10E7DC00ECA01EF060BC00854015FF110015E09008
:10E7EC00911EE0C0E0300015E01800B500158D1E3C
:10E7FC008B1EE024E064001589BEFE8E81110F1E75
:10E80C008111131E81113E1EADB5FC1EE31C050AC1
:10E81C00C00016E860200075E08806A47C0C168504
:10E82C008F1482210E95C487A11B7C2096C5932E34
:10E83C00B413FE149645B01D60B4001506559633FE
:10E84C000625FA10C457E0207C140E450EC5C427CB
:10E85C0004107C088727E410FA10442260100095FD
:10E86C00082492C34CC2E0841285F190A36D7C20E5
:10E87C00A4B5BC8E601400458B94C2677C1408450B
:10E88C00E4100A8098834757E6A64A5A6408164053
:10E89C0045B7882356BA9051C95766A6C4270A8330
:10E8AC00848308B1C7B70D44448A9683442AF00A7E
:10E8BC000420E692CF27E5001EB5846D9AE5801002
:10E8CC00846DFC24C09040A589B4BE24C0085E654C
:10E8DC0098B5A12BE0F8002544A291444822F18878
:10E8EC0083217A10BE2E914E00658BA542B260B486
:10E8FC000245F08C00B5FA100660E0144447E410B1
:10E90C000E25873716C5FC104A32FC2004947A0871
:10E91C000654E0844622E084A33DF18CC0101EB561
:10E92C001645A25550C27C103CCEF0A4E40816C08B
:10E93C00C5B70BC4844108838A83454766B256BA6F
:10E94C00484AC487C23766B288B10D54C7B708416C
:10E95C009643C747484A9043484AF00A0840E6960F
:10E96C00CF47E5001EB5883D1EC580109865800018
:10E97C0089B4FC4440A5883D5E35C090BE34C008C7
:10E98C00A13BBCC4003596159144E0F8F18C46A22D
:10E99C007A104832914E833189D5BE3E10A00C348A
:10E9AC000484EC04A01160887C08166502248B1783
:10E9BC000E45C437C467FC0CFC180425FA08461233
:10E9CC00E0880234A2A5891DE08C0234F18442C295
:10E9DC00A0F5A31DB3414024669248CA8BC4C2174C
:10E9EC007C1804253C6484410A60C5478C43641040
:10E9FC00AD614757E6B24A5A66B2582A1051CC2735
:10EA0C00E69A463A82C14957C3C70A4386430D3436
:10EA1C0098438443F00A444AE68E442AE5000420D5
:10EA2C00841DCF27FC2496C540A5841D5E15C0907F
:10EA3C0089B5C00810A002440454EC04E088068494
:10EA4C007C0C16358B67A0610234C4570835E088FE
:10EA5C000E45FC044C62FC140664FA0C893DE088FB
:10EA6C00066490054622E08CA33DF18C40248E5523
:10EA7C00E40808C0C5470B74C4C739517C0404159D
:10EA8C00484A9B21C237669EE68A449A4A6A0841E4
:10EA9C0004C3E696E69E441ACC174747822108C366
:10EAAC00C3270AC30D2482C342CA84C3421AF00A84
:10EABC000210E68ACF17E5008465823D823DFC1486
:10EACC00C09040A5C0085E35A11BBE140015825530
:10EADC001114E0F842A2A2A3111EFA04BE1E831167
:10EAEC0090AB111483AD93249FFC2928D0F1011114
:10EAFC00E0984015F07C0C0CC1C3DD9360AC0015A4
:10EB0C0000258141815160A08185843406CDC5C426
:10EB1C00FB3046321C004850855D82514045FE1545
:10EB2C00DD93E0B8F87C040C601802658E35A32BDD
:10EB3C00E04C02559465815D080406C40C25E08800
:10EB4C0088637C106C040E00804B8381E088062463
:10EB5C00FC0C183586AB03F5F8040C951895C49786
:10EB6C00959DFC24879D82A502A5826516A4E0B420
:10EB7C00F7B7E17C8EBB16A3949D8BA7A38B8095D6
:10EB8C0088BB82750C6002810E70EC1092AB6C0429
:10EB9C008A8D964B9854F8451855C45781C5FC146A
:10EBAC00040406340C25E0880824FC080655E0888B
:10EBBC00804B7C1002C58A3BC4276020E3400219BD
:10EBCC00FC081825E686463AE686425A8653042106
:10EBDC00822385274800855D880BDC00F07C0C0CBB
:10EBEC00C1C3DD93F87C040CEC801EF0E0840015AE
:10EBFC00B0F5A11D601C0025E084121412738493DF
:10EC0C00A17DE0300045AED5875160A0E0601233A5
:10EC1C00E696504AACA5913DAC75A13DAC25917DD5
:10EC2C000C70092E0045E40C00A5E0B4A041E0D422
:10EC3C00617C0A44FA8004A4F7570F2E04A40A43FB
:10EC4C000B47E1A00D4EE1A7E08808646018005561
:10EC5C00FA801624FE2EFCAE54520B5E0151F0903D
:10EC6C0081C5814182616924E02000C51825C42733
:10EC7C008421FC0848228527866DFA100FC4FC8578
:10EC8C001223A01D8EC3C02CF0AC4EC25B1C4E22B6
:10EC9C009CF5A3CD892D8D2404B09C85FA2DEC0414
:10ECAC00917D9C150D249AC5E18406B40CC00BA46F
:10ECBC003E1EE404E0880264A8230F1E82A34427AE
:10ECCC008191262360AE462AE08804448C8B01B1E6
:10ECDC000315A6CB6924A4C3821482810215C42710
:10ECEC00C417FC08A6C3181360000412E800021233
:10ECFC00A29304B3FC058E8D18900B840F14E408BA
:10ED0C00E40806B00325899461148283C0248261CF
:10ED1C000415C4170025FC04442AE0248A136686D3
:10ED2C00E50004204A12CF278E6DF088FE14FAE518
:10ED3C00F420028A0C3488D585C76108F1B046628C
:10ED4C0086E5A03D60D000057C248CC342CA8AC3F2
:10ED5C00D107F00AFA800004E692400AE68A421AC9
:10ED6C0005078401E600021091170603820D3E048C
:10ED7C00D0A44002C1E00019C4040210C1E040114B
:10ED8C000C0CC0F1DD93F07CF87C040CEC401EF014
:10ED9C0060A80015007581410025E0AC00A5E0B02D
:10EDAC00A31D60A0884E9C4E831384358DF3833352
:10EDBC009CC48254FC100A559C5E985388C4C05461
:10EDCC007C100A55985388410254885EF18448A2FD
:10EDDC001870234D4C70E4100855DC00DC005050CA
:10EDEC00608806447C3E8E6BE0881614FE0C0C95F5
:10EDFC0082A17EAEA2A309138AAB3EAE8973833384
:10EE0C007C2C14A5CD84943B1493B093F19E86ABCB
:10EE1C00BEC4FC840254FEA4C4C78A830EA08EC355
:10EE2C00489AEC0400D8E01C0E10A0008F13EC04E0
:10EE3C0087738333E174D934AE33D594F13E923376
:10EE4C00182040548875E41060880E440C85846B3F
:10EE5C0006A07E1C0913E404F1844832061407331F
:10EE6C0030ACE0888A9B68007C0C1295E9B492ABBC
:10EE7C001283B683F18E949B46524054C447F09C47
:10EE8C00200100A8582240008305F0908A3B046BB7
:10EE9C00A00000D8EC04001083338113D9048773CD
:10EEAC00D524CD148403A203A0F1F10EF07C0C0C3C
:10EEBC00C1C3DD93F81C040C60A002350225874108
:10EECC00463AE0504822E6920630F080874DEC043A
:10EEDC0002358AA50804601883C1E088FC10065529
:10EEEC00C4578644FC1408550C0083F50E046404C6
:10EEFC000675E08810647C1C0685E088C477FC20CD
:10EF0C007C1C08950875C487937DFC208B7D82053D
:10EF1C00028580C5CA7760B48095907D806B23CBC9
:10EF2C0002C180B584CD8C0B0C0CF825DD93F01C44
:10EF3C0060A00055004581310254E01804546088EB
:10EF4C0081C5E08C4A4208CB713EF084943E8443E8
:10EF5C008231103E60A000558B3D984BDD93FC95A3
:10EF6C00F87C040CECA01EF081312D0D0455AC3551
:10EF7C000445E10404A5E108135EE10CF19456127A
:10EF8C004A12114E0495F190401261100485F1A8BB
:10EF9C00585261140445F9AC4CC261180F1EF9802B
:10EFAC00F1A44E1258120D7E2C7FF1A0F190481254
:10EFBC00B87F0BCEA17DA87F7C4EA275E08802B4F1
:10EFCC00C45709AEFE8EBE9EE0180495E11C048564
:10EFDC00E0B404A5FC141275FC041215E0200455D1
:10EFEC00C417C477FC040A45FC1C0A15E1200475FF
:10EFFC00E6A2504AF1904812669E4E4A907DB48328
:10F00C00044598E50C0461241235E0889304FC183F
:10F01C000A35C4374232FC0C421AF184924B669288
:10F02C008C258E1DC4B78DB4FC2C08050A65C4074D
:10F03C000405FC004662E128463AF18C9104E68214
:10F04C008825823DC4A78BA4FC2808050A95C40713
:10F05C000405FC004292E12C421AF1988904E682E4
:10F06C008425861D0435FC04C407E130FC0008052A
:10F07C000A05C407B203FC00E68E400A820D7E042A
:10F08C0080041E058875A90DE0740415E094420AED
:10F09C008FC486C5AFCDA0C3C4C78655181588C309
:10F0AC001825F818F034F8080A15C417C4277C047E
:10F0BC007C080A250A35C437A413FC0C841DA6232E
:10F0CC008C1000000C0CD0F1DD93F07C060B803B17
:10F0DC000C0CD0F1DD93F07CFA7C040CEC901EF05F
:10F0EC00827B0B2E0240090E0008E4C0E7000440AE
:10F0FC0066400A4001F599C14265816118C07830BB
:10F10C00C56EEC044265D56C4A63E02CC966E02CF4
:10F11C00E02C4461FC55A1CB608802047C0EC20734
:10F12C00E700004000403E0E7E1EE640E4C0123078
:10F13C0064C01440E6400C308181110E12058D45DF
:10F14C009921783043389C1A1C1AE81C7FFD57FE15
:10F15C004002CFFF99217BACF83054054278E5048E
:10F16C00690EE81C8F9E9921E02C120541F89C1A1F
:10F17C00593AE81CFBAC400299211E1A54058DAE7D
:10F18C00860B602CE81C4148992111B40C03ED0C42
:10F19C009E1AE05CE81C42A8602C0C031E1A80AB83
:10F1AC00423899210C03E81C809B608C99211E1A13
:10F1BC00E81C41C88934FC244222FE44B42371A4C7
:10F1CC0092230013402A8E38441AE0921144E092A4
:10F1DC000202A13B920B600060000622EBFC0412C1
:10F1EC0002323E340006EBFCA19D40009C00409096
:10F1FC00603048030C269033461182818F94E030A6
:10F20C0091BE8DA482088B04E655818DC8F1010155
:10F21C00F27C0C0CC1C3DD93E08400447C000A0337
:10F22C00F0805852E09018C3FD0120C380CD3C04FF
:10F23C00978018C4440418C08615A31DE68A44CAD6
:10F24C00E50E582A658E442A18C08131C10064012C
:10F25C00728C4422DE27E3C702CDA4CF80F5931134
:10F26C000A298853E22DE1E08B1180554011880367
:10F27C00DD93E3901824425A9833E088E030063549
:10F28C00C35DC65780000A06D1944A128215CB3D45
:10F29C00E010000B8203C6075C08C03D04439A00D3
:10F2AC0048018501DD93E390FA7C040CED301EF0EF
:10F2BC001E259B2EB7C4E08899411D4E1E25952E08
:10F2CC000CC06084B5B4E7901E25972E992EE08073
:10F2DC00A32EBF24912EBD24932EBB240F2EB92414
:10F2EC008145812108405926A14BEC041F1EFE9537
:10F2FC00E5800A5060004F06E00811068191213E1E
:10F30C00161587D5020AFC1CC7FF63FD48C28C6525
:10F31C008D1170A4E3904811A11B801A942480E5F0
:10F32C000286C32D4811C000821AC3908265A11BAE
:10F33C00709C44C20425CE17C22DE030C0000236AA
:10F34C00C3904811C01AA55E8205A11BFC20182B86
:10F35C000236C22D4811C0002314C390163B922BC9
:10F36C00006B984B787898AB2134EFFC255494CBF8
:10F37C0002918C0B087188518E188481F055839DF5
:10F38C0002299F14040AE0348485E3FC985B15245D
:10F39C000D2E9D448B2E8921892E9724FE2E8F2491
:10F3AC00FC2E9924BE2E9124BC2E932440989B2491
:10F3BC000101E800E5301EF0F27C0C0CC1C3DD93BA
:10F3CC00FE7C040CED001EF0848B7C0E955EBB0461
:10F3DC00110EFE4EB704A30BB304BE0EB1048B0E7C
:10F3EC008E28890E8675972E817103658E03950480
:10F3FC00E390000982D5AD0B8E4B7C048B348924B1
:10F40C00E0200013FE549504BE04BC0EEFFC7068A3
:10F41C0082719724FA758F2BE0003998E03002093D
:10F42C00B5B49514A10B1F0E021015011D0EE7901B
:10F43C00C0000046C0385E059B0EBD0481A5B90412
:10F44C0004200438AD3BEC0480381E3500004231FA
:10F45C00A12B82110994FCD5E200002A81A10B7426
:10F46C0060080D06400A8131962B66A640090C06F1
:10F47C00420AC000400AE51E0210E59EC008640165
:10F48C0072A84002E807D9178111220FEFD8532830
:10F49C0066A6446A640000004212C100E30772A829
:10F4AC00651E462A442ADE174C02659E0630F984F6
:10F4BC004008640140228111D93772A8962B680745
:10F4CC008131260FEFD8516800001734C100640158
:10F4DC0042121B445E17F2A80434E307A20F6088A3
:10F4EC00A61B08236401064004204009C0096401DE
:10F4FC006008488611B48151852581C1A9BB15A42A
:10F50C00FC10147314958C7E4695FC1452A260C0AA
:10F51C0012A9F1B046A5E3908295E180887E8C73A8
:10F52C000E7595744475FC141279E0C04475E39023
:10F53C0018C0E18084416C0488310821991B8851E2
:10F54C001F24F6D51B44815191B481C160880624D7
:10F55C00193EA41B0F3E8833E5E00480658106301C
:10F56C0008404009C00A678108628515F094524230
:10F57C005265A9BB1075F9805275FC144E8278C087
:10F58C000EA9F1B0A4AEE240006382B5F094523201
:10F59C001065A46E5265FC140E69E0C05265E24021
:10F5AC0018C0E18084216C04991B88511104F6F574
:10F5BC001754FF819F148141004A1B34000CE00C4E
:10F5CC000454E20000146880420AE8808135E68A1F
:10F5DC0082414D8EFEB5834D0E041B148141E08893
:10F5EC0065810610933EC0091BC48595E0880A44CA
:10F5FC00829B13648AC39FA466010AC018C0400A88
:10F60C00C009640194B4836582E5A1BBE1800CB5AB
:10F61C008265A1BB9834B0B416B4A6B3170AF080B7
:10F62C00C0036081800052B56C0414A0886188917D
:10F63C00FA55A1AB824117548B4B8E139114F4F5F0
:10F64C000A48A91B0368C000C00040016696420A24
:10F65C009B34814105B5C4171B548613F094464264
:10F66C00C4371364829B1FA40A308A33400A660194
:10F67C00640118308365C009A13B94340C3582E5D4
:10F68C00A13BE180B0348265B63398B4F080163477
:10F69C006081170A52B5C00314A0800088916C04D5
:10F6AC00A1AB88611754FA558E138241F4D58B4B5C
:10F6BC001B1487459934814106108613C009658156
:10F6CC008595933E0A441BC41364E0889FA4829BD7
:10F6DC000AC08AC3400A6601640118C08365C00968
:10F6EC00A1BB94B40CB582E5A1BBE180B0B482653A
:10F6FC00A6B39834F08016B46081170A52B5C003D3
:10F70C0014A0800088916C04A1AB88611754FA5541
:10F71C008E138241F4F58B4B420A9F349944E69642
:10F72C0086131B340613C4170630883340096581D1
:10F73C00933E81411BC48595136488531FA4C45701
:10F74C008AC3829B66010AC018C0400AC0096401C2
:10F75C0094B4836582E5A1BBE1800CB58265A1BB45
:10F76C009834B0B416B4A6B3170AF080C003608105
:10F77C00800052B56C0414A088618891FA55A1AB35
:10F78C00824117548B4B8E131B94F4F58D058141DC
:10F79C006682424A7FFC55FE139EDFFF0D1E923B94
:10F7AC0059FEFF515FFF7FFD0385FF618C14819132
:10F7BC008405911B4A60951D58A05C000275DC0005
:10F7CC00DC004C9092BB191D1C005650FB3058129B
:10F7DC00941B965B88310291819D82AB1394FA3510
:10F7EC008C85915BF1A842C2E1DC030A58A0085554
:10F7FC001B94DC00E088024460880664E0881654A0
:10F80C0012901213C00A6481FC0C1235E9C0021567
:10F81C00FC2C1295F18C4612063432131394F080A2
:10F82C00F08002144A60871D58A01C008A6B9C0053
:10F83C008131121B458E8135813D82318D14FEB58F
:10F84C0082631B148263C467024198CE854D8E93EC
:10F85C001B34E8158D35819143FE139EDFFF7FFD30
:10F86C00FF4106BB7FFD4BFEFFC15FFF819103850E
:10F87C0091ABACA483AD84055C0048C0DC004A109D
:10F88C00589002750BADDC004C40926B4AA21C00E8
:10F89C008C4BFB14029182AB941B8EB3FA35859D75
:10F8AC00914B13944C528E450D0AF1840855E1DCB2
:10F8BC00DC004A100C941BA412C4E0881644608827
:10F8CC001463E088670114A01495C0090C65FC242E
:10F8DC0014A5EA205262FC2C3463F1A4F08012943B
:10F8EC00F0800C64936D13941C0048C09C004A106B
:10F8FC00011188CB856D816150844832C4040C6041
:10F90C0040004885D09C421242CAFCF59B44E682DA
:10F91C00C4179213845E881388310291E6B5819DD9
:10F92C00022A91140C28E010C0004001FF311B6426
:10F93C0081C17F41136E8B757FB18C5B0345FF6179
:10F94C008A9B8111FE1C12A519A491ABDC0046A068
:10F95C00DC005610FC280A554850915B4C105C009A
:10F96C000211DC00851D925B91BB80A5916BFA6541
:10F97C0091BBFA25916B8C8542328C450214F19027
:10F98C00030AF0808695E1DC02C41B940AB4E0887B
:10F99C00146460881213E088670112901255C00934
:10F9AC000215FC141295EA204A12FC283213F19429
:10F9BC00F0800A54F08002148095835D893D818526
:10F9CC009F1480C5E6824A6A98130155668242BA32
:10F9DC001B54985BC4178A13848E8A1382C11364D8
:10F9EC009F5488618BCB9714420AE8F58151668647
:10F9FC00C4179B2454220B85192EF084141B84BB32
:10FA0C007FC1FF2181E58161919BED9446904594E6
:10FA1C004460DC00919BDC005C005860DC0048908A
:10FA2C00816D8261912B80A591CBFC05912BFAC540
:10FA3C0091CB8CC542328C850214F190030AF08074
:10FA4C0086D5E1DC02541B9414BBE088E0880C24BE
:10FA5C00E08814C412901213C00A6481FC18126559
:10FA6C00E9C002157C2812954C1296AB3213F19812
:10FA7C00F0800C64F08002144CCA015546CAE004B4
:10FA8C001714E010DC00582002069B248A13C000D7
:10FA9C00E682421AC4179813848E84138251192457
:10FAAC008E238EA3835B97149724EA359BB49F1403
:10FABC00E68A400A00138F341D94C4074CB2C41755
:10FACC0080B370848111091582AB1504862B0F3E0F
:10FADC008C4B163B82031B1467900000816581518F
:10FAEC0088410251882108319FC488118845995D4D
:10FAFC0093CB80C884C4FCD5841591CB5FFD3F2883
:10FB0C0088C4C3FF80F591CB91CB8CC490C48095F5
:10FB1C00F8E591CB801689117C0481D58924944B0E
:10FB2C0000138B349504E020BC0EFE547758BE04B1
:10FB3C001B04EFF80F34941B172482110E038E63F1
:10FB4C001B0E8EB3851B8E331EF0F0150C0CE500CE
:10FB5C00DD93F67CFE7C040CEC601EF0829B00AB0B
:10FB6C0060940034E18402A4820325C4602A400A14
:10FB7C002984A1714202816140C27BB0A273FA80D8
:10FB8C00F398426240128073CB777298E0EC0204D7
:10FB9C000E042E1F0B1EE194FA90402244422E1F9D
:10FBAC00211BFB88EFFC43F6A403201C73984262D4
:10FBBC0080084C968000101848AA9F24897EE6AADB
:10FBCC00064406233E5EE1840623CA27442A823B70
:10FBDC0084C3E012F29844624E22A0C1CBC7729843
:10FBEC0060EC167438BFCB777FFD45FE56CAC03F1C
:10FBFC00802B6408E0000E1AE180420A1FFD57FEBC
:10FC0C000E06403F5758C0000404EFD4D01761E0F3
:10FC1C0045FE241FC03F7FFDFFA1500742CA7C9EBA
:10FC2C007E8EE408E008421A406A0B940984E028AE
:10FC3C00E580420AE188421A6D80420A41FE922B0D
:10FC4C0043FE5FFCC03F1FFC6FD44BE8122B903B74
:10FC5C004B98903B023BEFD423A4802BE028446AC2
:10FC6C0006CA21841D94E5FCE1FC061A6580420A53
:10FC7C00421A960B8E1B6188ED80420A5FFC45FE92
:10FC8C00C00447F6EFD4536847FE3E24C03F7FFDC7
:10FC9C0089B4A774446284937E84F298442290932E
:10FCAC007C94F298442292A354CA7298041AE40CDD
:10FCBC00420AE0000406E18055FE4000C03F1FFCF4
:10FCCC0061E006A450A7D0271403A62F4212FFA16F
:10FCDC0045FE7288DFFF7FFC640842CA421A8471B9
:10FCEC00C7776008E028406AE580420AE188421A3A
:10FCFC00ED80420A1FFD43FE41FE5FFFA11BDFFCAE
:10FD0C000B24824545F8963B0131EFD44F188E2BCE
:10FD1C008195EFD48E2B0131EFD44EC8963B0B243A
:10FD2C00EFD4452843FEA11D5FFF1FFDDFFC41FE04
:10FD3C0082E5A11B963B0B24EFD4446860F80414B5
:10FD4C00240FC5070131C5174D388E2B81E5EFD433
:10FD5C008E2B0131EFD44CE8963B0B24EFD4434867
:10FD6C0060F80414240FC507211DC5177FFD45FE3F
:10FD7C000414C7FFFF3101880188000480F80214C5
:10FD8C0019844602465AA12B409A6028400AE5265F
:10FD9C0047FEE18404065FFC0033C000E5A6409AF0
:10FDAC004022953B47FE7280A10B9FFCDFFC47FE77
:10FDBC00F00A403A0C0BA00C0C0CB0F1DD93F67C65
:10FDCC00814101B582414954985DC5C480000A0641
:10FDDC00D1B04A52814DCD5E5D93FCD5C1C381013A
:10FDEC00F87C04CC67900A30E6A0183081610F4E85
:10FDFC004806088B03A5E0242066809B18A3A51B4E
:10FE0C00160E40001478D0000001160606A59000CE
:10FE1C00F27D0000484A80B554A2E49C65AE90ACDB
:10FE2C000831826104C182518AA88281F8D5956D0E
:10FE3C0088D5E5AD82418F44885B033181C103B520
:10FE4C0078040A699478A51BE08810647C200085EE
:10FE5C00E0881274FC240095938D809581758095B3
:10FE6C0080A5928D78044A71946683C182310AA868
:10FE7C000CA482518D3DFA80A3CDF8958101F6C575
:10FE8C00F07C0CCCC1C3DD93FA7C040CED901EF01D
:10FE9C00E0841E75A74E9D5EAF2EA13E9E14A91E3A
:10FEAC00E0200E05E08C1E85E0881E65E0801EA516
:10FEBC00820B250E47F8AD1E1F0EE8140E0583C1EC
:10FECC004C05E0180E09EB54DC34E0580060310EA0
:10FEDC00C00B65419E48AB0EE0200E1B5C589C2865
:10FEEC004C35A9CF4C21EB50C0026D6904C41E04E3
:10FEFC004C13E894C00166B16D6D4C414C51C0027D
:10FF0C00C0026D71E8144B2860180E050E29809BF9
:10FF1C0090BB604CF0145605E0480E0914199BAECA
:10FF2C0081A16034E0900E39E0940E4978185601A6
:10FF3C00E7F4030A781056310010810102700404B2
:10FF4C005641E460904B780CF8145621E01C0E35A9
:10FF5C005001A31E9901604850A1AC0650A1E05479
:10FF6C00AB04E058B124AD14EFE074688D51210B53
:10FF7C002FC490A5B11480AB6401006004704009DB
:10FF8C000165E4A04944823BEC040630A13BC14E20
:10FF9C001E05FE75A1AB60909D0E96D5E0A41809C8
:10FFAC0012C5A10B8460128064601280E48002C0D0
:10FFBC0064E004C0E5F006C064010060086040091C
:10FFCC00C002650166010A6018604004C006670142
:10FFDC008DBE8F9E895E8BCEFC6EFE4EB104BE0E26
:10FFEC00A554A744A904BC0EEFE8720880AB3114E9
:04FFFC00A1AB2FC4C2
:020000040801F1
:1000000005E588A5AFC49551E0701809EE45A10B30
:10001000E074180996F5A30BA114A30400349D24E1
:10002000E44000C0A0114654FC2EFE6E3C1EBE0EE5
:100030002904921B9F24989B65B8B144210BEFD8EB
:1000400090858F5192CB00AB00C0F3D5962B66F014
:100050006FE443C880AB923B8265A1AB9D0497518E
:100060001EF000AE025EE5900C0C940BDD93F27C6A
:10007000028027040460E67040096401924B963BBD
:10008000E02C0059FE1EAF043114A71EFC6EA00127
:10009000992EBE2E8E1B3C1EA324970EEFE048081F
:1000A00080AB1D04995121AB239EF69564D10E803F
:1000B0002B04C0022D14962BA7348E4BEFE06D4815
:1000C000A1AB80AB79C58AA512099D5192CB607016
:1000D000D605A10B60580E09650004600660C002D9
:1000E00040046601670108605B78C0068C1B6810DD
:1000F0009151210BAFC4D0B51809B114A10BE07018
:10010000020BD045E4A00470640106608C1B40091A
:10011000EFFC65E880AB311493512FC42D7EE915B7
:1001200066310480A574C001FC2E999400702B2EBA
:100130003E9EE440E17C0204962B77178203233431
:100140000A042F04155EE11431048E4BE70002000F
:10015000A904BC0EE8044808A1AB80AB0AF66035E0
:100160002F04C000AD24963B0009A1148F2EE30498
:10017000B0112B248D2EA3448B6EB124FE2E899EAC
:100180009F6495243E7EFC2EBC0E8C5B9724A904B4
:10019000EFE04BA8A1AB80AB0B4658752F04C00015
:1001A00021748C2BAB64963B00002D940270E710F9
:1001B0008C4BE4406FE058E800AB925B21AB8E2B98
:1001C00052D5927BC0000BC608802F04C0036491F7
:1001D00064700220162B849B254E8E3BE720000086
:1001E000EFF47828A1AB80AB0BD64E75120BC00094
:1001F0002534961B4CB88E2B80ABE8044C15A1AB74
:10020000C0000BE61215AF74122BE010A994E03C6D
:100210000E0BB1440E39E188919EE3208D2E8F4E56
:100220009F148B1E0070090EA344E7309B14FE1E22
:10023000A534FC3E041027543E3EE440BC6E963B81
:10024000EFF843A8A1AB80AB5FFC30B8C0000BF661
:1002500063800E1964500880120BC004A534962BDD
:10026000EFFC5C684A0600ABDFA5E000FA7C040CFA
:10027000EC301EF082AB1914849B1574866B3E5EC5
:1002800088BB7C1E6040128947F8941B8E3B680037
:10029000E044120982E5A60D8665A90B8C25AD0BFD
:1002A000AF0B7CB4100B9A1561F88E1BA30DEFD821
:1002B0008D158C258E45A50BA70B7CB402609695F9
:1002C000900B64206FDC4108A30D8E2B8B358225AB
:1002D0008E1B100BEFD860A8A30D7CB43E649295E2
:1002E0008E1B900B6FD861A8100B8C2B69B88E1BDE
:1002F0008C2B6FD8921B140B6FD86D6887B58C2B25
:10030000642002607EF8900B8E2B6FD8A30D7CB416
:100310003E648C558E1B900B6FD86008100B8C2B95
:100320006A788E1B8C2B6FD80E098565C0056FD13E
:1003300084E5A10B67FD0E159704C0016FC90E2956
:100340000E39C005C0056FCD60090E4BC21EC0033B
:10035000E0105615E0585621E05C5631E030564327
:100360006FD85B487CB48E0B80B5A30D8E0B3E140A
:10037000EFD8634898F1010140162C0E2E0EE000D4
:100380000C0C8101DD93F27CFA7C044C846B028BB3
:10039000867B6028A008A218E810626860581019CF
:1003A000A204802B6678E034C8176810E0440C196A
:1003B0009C55A51B4E05E014C00167DDE0180C0B31
:1003C00098349A2467E14E150C19C0014E03E038A9
:1003D000C0026FE1E0540C0967E94E254E35C001BB
:1003E000C00167ED6FC94E11A10B4005603C0C19AF
:1003F0000C2981010C39E0404E11E048C0056FCD59
:100400006FD14E014E21C005C0056FD56FD94E3159
:10041000B0A5C00560510C0902604001C0036491A1
:10042000E08804047C080235F08848124E35846365
:10043000400167F9E084060460600845065B82338A
:100440008013612068014E458341400160094E538D
:100450000C25C003063BE1BC4E41E150C0056FD105
:1004600067FD4E254E33C001C003600DE300020955
:1004700060214E010209C0064E01E330C00660252E
:10048000E360020960294E010209C0064E01E390B3
:10049000C006602D0C29914506706040E014E470A0
:1004A000E0104E0508241A044E15E08886436014B7
:1004B000603C0E59E08410248C0B100E7015001552
:1004C0008683400260540CC9445A84334815E68A36
:1004D000001BE100C0047811781900495013C008CE
:1004E000425264004641FBB058726A000049F088ED
:1004F000C0087815EC004611EB0046417811004920
:100500004641C00808246D000059E084400878097D
:100510000E43C427047084734007677167710840F5
:100520004651C01106C06E00C01367708151076547
:100530007C1400C9649010600EC4C0031095E0885C
:1005400054827C1C8C73F09C7801449512C4400248
:1005500014A5E08490936060612012BB44A5988349
:1005600048B3E400C0027801E1BC0E75E150129B73
:100570004E32497E519CF09410C982519CC6E300D2
:10058000E33010C9E4004EC1E36010C9E8004EC179
:10059000E39010C9EC004EC1F275835DF27C0C4C07
:1005A000C1C3DD93FA7C040CEC901EF084BB0B1EDF
:1005B00080AB2B1481813C5E866B3E4E8D1EAE045B
:1005C000AF74A514FE1EA7944FB88F8E1639E8108D
:1005D000981AE094A53B9A2AE0105213E014522393
:1005E000090E8A557401000EBE7EC0078301260ED7
:1005F00085017C0E2D64A18CFA800204940B297471
:100600008D34FE24E8004D2860941619122B940BAB
:1006100049988C3B0B64E8001629940B8E4B609034
:10062000E094161968004E888D148C3B8904BE74C2
:100630008F05FC941619A334CC28E0908295C51D33
:10064000C51DCE2800141E658000122600181E1538
:10065000800050C6090E96E5F084403260200019F3
:10066000E47004F0E120000960805E11E48002F093
:1006700060845E0159788C0BA10BE800008B80E54B
:100680008B64879189048D140F048955E47004F0FC
:10069000608402040C13C407021B80630C05E2484B
:1006A0005213E02402F06028A60EE48057B8BE641E
:1006B0008C0B68008B11210B88F5FC1E04F00F04D5
:1006C000FE14E4700215C4078C036010E0240005DA
:1006D00002F00203E60EE4805658BC648C0B6800FE
:1006E0008475A10B8C1B0F0404F02164C207E47015
:1006F00002F00203000BE4805203E0188C0B603C14
:10070000E80055288465A10B808B0B648B910D1438
:10071000021B89044418E1A84C03EFE0900B601819
:10072000C8F11C8E0C0C9E9EDD93F27CBE7E8F0465
:100730008063C207E0180C0BE0385203E0941609FE
:10074000C1C3EBB5FA04044C843B066B4406027B40
:100750000C0BE00057B8861BA67DEFD0A97B822545
:10076000AD7B80A5AF7B822501858695A57B810128
:10077000A77B8285810184D54C03DA0E02066028AE
:100780004C13E10081D5E038DA0E8101E0284C03FA
:1007900060304C03E1000006E0384C03E03C4C03C1
:1007A000F2040C4CC1C3DD93FA0C040C847B066B81
:1007B0004446028B0C0BE00C54988E1BAD8BEFD093
:1007C000E00C101AED80420A8000000680704C0197
:1007D000A58B82E5012182B5E480006060704C2128
:1007E000E4B002700C0C99211318F20C0C0CFFD021
:1007F000DD93F20CF83C044C8C35A51B6FD1060937
:100800000619C005C0056FD96FC906290659C0056C
:1008100040056FCD4811A10B4821E0344851E0203C
:100820004801E0249AC5E03067F90605061BC001BF
:10083000C0036009602D06294805C0064813E01072
:100840000605E0E0C0016801600D061B4821C003F9
:100850004805E2804813E0408B45E110603C0659B2
:10086000F08840326E700019E68018408171016195
:10087000E0344811EA700019E0204811EB700019CB
:10088000E0244811E68A425AEC700009608404149E
:10089000E0880A141002862300106C30C0166770BE
:1008A000677102200450400FC00B677160304881AF
:1008B000E5000A40029B853550327C181085F0888F
:1008C00040047801F09854C278605493F098521222
:1008D00078304A850685846188217C08E400129B73
:1008E0005032558E5493F09C52C278301089F09C4F
:1008F00082717C000889A4861084E030917DFA80A2
:100900000C4CF675DD93F03CF88C040C6038461105
:10091000462181510430603CC00164706018465328
:10092000647018300C30C00240026671E00C43F66F
:100930008171032579004455F09C5062F15CC95ED9
:1009400063005071A0568271E1005051E200505195
:10095000E4005011E1000E0A0430FAD54016677128
:10096000E010180649568145EC0418C0FE95A1CB4D
:1009700067F14655040640014655EFF0C00167EDAA
:1009800067E946554611C00140056FD94623881BCB
:10099000C0026FE9602D46510C0CC0062438F08C63
:1009A000C1C3FFD4F81C040CE0180079E02800391A
:1009B000E02000C9087006684A3AEC040049E69253
:1009C0000089E0145252601C0059F0B0810160248B
:1009D000D26D041840C6080E8E55E000EC0412409B
:1009E000E6A6525AD21D9093D96D8C75D11D8C35C7
:1009F000A13B8AF5A15B8AA552C28A65128AF9A039
:100A000088D5F0008895F07D8855F44DEC081240AB
:100A1000F4F4130AE57D86B54E328675A27FF9940B
:100A20000E8AAC7F8495F0004E1AB013A17BE116BC
:100A3000B86382F5E10E586A8255A1CBE00E406A98
:100A4000E016421AE692400A080E82030C0C81015D
:100A5000DD93F01CFA7C040CED501EF080AB3D04DD
:100A60008191255E848B154E1630130E3B04E520D4
:100A7000E0080D068171211EA30EA99E270EB90460
:100A8000650100A01B0EC002660100A0190EC00483
:100A9000670100A0170EC006640100A01F0EC00968
:100AA000650100A01D0EC00B8D8581019855A10B1D
:100AB00078901603AC12945BA734A52472F8A34473
:100AC000A10BEFDCA13494F516039D44AC12F89011
:100AD000E03016238B4E8C38A7549F449744894EA0
:100AE0009944FE4E9B44FC4EBCAEBE4E7438A544A9
:100AF000A10BEFDC93448EF51603A1342C12F89071
:100B0000F0A44A42603016238E388C43E0510F5EC9
:100B1000094E8B5EE54008F09D44FE4EA754915E61
:100B20009F44FC4EBCAEBE4E79789544A10BEFDCE1
:100B3000A904883511048FC40034A30BC00000063B
:100B4000C0005835C0605835A14484B516039324BD
:100B50005058F890E58008C00423AC12894EFC1868
:100B6000FECEA744BE4EFCAE3C4E95446BD88341AE
:100B70000271EFD804B18891A2188461E4F5837DF5
:100B8000E5501EF0F27C0C0CC1C3DD93FE7C040C1E
:100B9000EC601EF084AB06B860100023021499418B
:100BA000000B81513E0EE014E76000304156814554
:100BB000EC040840FE95A14B6C0400107FFC49EE4C
:100BC0003E04CFFFE410414AE00404DAED80420A1B
:100BD000EC0400006FF9015A40C6400F420AE000E1
:100BE000175AED80420AE4300006ED80BC0EC000CA
:100BF000800013C8600A402EE7601230E6A0103073
:100C0000E502441AE582481A0224092E7E4EE18448
:100C1000E0FC0044C347201F8B4EFC1E2012A5356C
:100C2000A8348101401AA01D423AC686403AE582A6
:100C30000414E5020620F680050A6C80005BE47C63
:100C4000FB8C48226C7C06429C004A10688C18542D
:100C50004A0081510C341C000E54EC00A6436F8CEA
:100C6000789C4C62EC040842ACCF0B64689008C4DA
:100C7000483BA75F4D4ACACB4C1AE40C8C3B600C36
:100C8000420A7C644D6AE580421AE430420AE188F7
:100C90004052ED804E20509808F5DC00D28C424244
:100CA0000865A12B80000E066C040E200F0A803B05
:100CB0004610E47C02201C004472EC8400067B8415
:100CC0000222C0000804EC7C0A146F842223EC008A
:100CD000233FA30FF8904852A83F0B146C04042242
:100CE000A53F8C03F2844232FE348924EFCC47289E
:100CF0000070002B0870E42C010A6C540331E47C72
:100D0000FB90480200000606E48000CA6200000C66
:100D1000EC7C0A426F941804EC000C54AB3F2A435D
:100D200078B05862EC040842AB0F383F44AA293F20
:100D3000471DE400E00C41F6E00C421AE580420A4F
:100D4000E188421AED80420AA11B9EC5BE448EF581
:100D5000F6800024F6800244028A80139075E480B5
:100D600064740F0A9C158341BD113E04402AAE13E2
:100D7000044466820270E88404206408A32FEC0413
:100D8000F808460298D5853B6C800610E47C030A7F
:100D9000461201210416FB8C02CA4000080CE480B4
:100DA000023262000A44EC7C18146F842233EC0097
:100DB0004AC2A32FA34F789406322A2F272FEC0480
:100DC0008111880342220755040BF284BE2481312D
:100DD000EFCC496864080670070A812101E5E47CCC
:100DE000C000041664080670E512402A6592422A83
:100DF000E47C070A040683210870800006CA6C7828
:100E00000A0CE480483262000642FB901854EC7CE5
:100E10000C346F8C2643EC005862A72FA75F78B084
:100E20000842382F292FEC0442128A034C78F288AA
:100E300004706FCC008AE40C41F6E7FCA11B000CA7
:100E4000C00C41F616B0A40682916C04848108A1FE
:100E50000244819586716884EF0F820300027F450A
:100E6000A1BBEFFCDFFC2DD8B0F13C04F67C0C0CF0
:100E7000C1C3DD93F804040C80CB061D7A0C4C1220
:100E8000FB0442321C005820F18446621C004400DE
:100E9000670FFF01E17C0CC4698C0EC4F898400216
:100EA0008403AE0F79084C02F9304E02A16D8E6FAB
:100EB000040484F5BF6170804662632F4229F18C7F
:100EC0000424A7CF06C476800420FC7C4222EC04D4
:100ED0002263F1846D3FA30F0335841BA31D86039A
:100EE00041FC04241FFC41FE0275DFFFD088400254
:100EF00060010606C30760000210062FA40FEC0471
:100F0000941E900EF0040C0CC1C3DD93FA7C040C0B
:100F1000EC701EF0889B1D34826B00CB5022062D96
:100F20005890FA0C52001C0021049C00FB08463229
:100F3000718C54829C004C504A107ECE0D0E9C0049
:100F40001F048C1B095E942B0B0E868B4378980B29
:100F5000007BEFCC7F0182BB7CAEFF1142F8942B6B
:100F600009A4EFCCE17C046478884002F88842123E
:100F7000B61F2E0F56023E6E4E12F0A44072F2A81B
:100F800042727928820FF9189835A10DE17C02741C
:100F9000F08440B272844472441FC20F40F8902B18
:100FA000211BEFCC0014BFC1811156809C0440006E
:100FB0009680000484800000EC040C0044627C8471
:100FC0000020F1A0050A6C804822E47C42B07B80BE
:100FD00000429C0056706C7C06149C000A046F80D2
:100FE0004652EC00A1BF788C4EB27EB447F6F98C25
:100FF000B0C3600071A04A320B0AA0435852647C0F
:101000001EB5FBB0965B00046C041042EC7C08C279
:1010100040000A06EC0014446F9012541014B17F83
:1010200040A2688002B4F8A4A8C3689000C2201F40
:10103000211FEC04E89000547C7C0214F1884432B7
:10104000EFC87BE803D59003F29C4212FF01238D89
:10105000020682F560006001E0FC0074C37743B7CC
:10106000B60F02AF79A84272EC040C807FA781A56D
:101070007FFD43FE0121DFFF42229403906B7284C7
:10108000880E8B240D048A1E806EB8F1F27C0C0C45
:10109000C1C3DD93FA7C044C887B0A6B76801424F0
:1010A000E00048C6B4431951090A34534A42E47C6B
:1010B00081C17B946C7C08529C00580000000006A3
:1010C000E4B012106F9002C4EC001644788442B26F
:1010D0002853A90F0252A20F86A36C04688402044D
:1010E000E89000C46FC85B0881818131FF2134938F
:1010F000849D1E1E82859C0E128A189E8A55E0FCD5
:101100006FC87428ECF8049051E60525322BE000F6
:10111000050A803B4610E47CC1111C004222B21338
:101120000412FB840834EC7C813168881C00460082
:10113000EC000A246F8800344052A413204FF8803A
:10114000EC04001268800244E88800349E1E9C0E65
:101150000C4C988EDD93F27CF87C040C887B52C496
:10116000F0140E65E682521A6090580A041683C184
:10117000A16B400044C20DB412249188423AA32BC3
:101180008FA4E6860824118419C49B8080880844B3
:1011900010904E72E08808140A70147E2C5EE410E1
:1011A00017649071F0904A721490285E0A94E40CCF
:1011B00012A460887D97E17CF0945672F97112A3B5
:1011C000708452B2209E8EAF103494B312046088A3
:1011D00054B2E08850B270A018AEF0A4303E903304
:1011E000E0E0440A020613349524C000C00046150E
:1011F00086018295E17C18049803FDC780838E0FD9
:101200008A83104390130C4E0C0C881EDD93F07CE7
:10121000FA7C044C88AB027B617C10741003866BF3
:10122000527284BB509FF2A0100BC08F6C78921B3F
:10123000A11BEFC8D68000149C04400096800004D7
:10124000848000006080010AEC8402008255A81EA0
:1012500041FE7F77DFFF7FFD81010073A80E987E3E
:10126000561B85158203902B6C800200E47C010ADA
:101270007B844002C00004066C7C02029C005090FB
:101280006F840424EC00061444322203238FF88870
:10129000EC040002A17D248FE8800084D18000044A
:1012A0000C4C980EDD93F27CFA7C044C827B0A6B2A
:1012B000617C0264E17C067481A10243586211B42E
:1012C0000603F284F90450C2728C4A725842C60F67
:1012D000C65F7904E5B2420AE532465AE5B2485A99
:1012E000428A02334842E502528A72A80613E58216
:1012F000E522465A72A44842E5A24A5A708C5042EE
:10130000E532400AF2A84852F99046828E85A13B08
:1013100006440F2E4A82E17C5842F08C07CBF28CB7
:1013200006C4C6CF90CB5680990C4A52968006547C
:1013300084800630EC040A30E47C0B0A1C00584020
:10134000EC8408307B904A52C0001006EC7C0852B6
:101350006F901284EC00144452A229CF2853F8A4B1
:101360001216B2CF0A5260042693EC04E89414C417
:10137000922B298FEFC86248B41F0F2481A1300F30
:1013800001E584B3A11DB2B356B2026504B39088DF
:10139000E0FC0614C317430716B0260F21BDEC046A
:1013A000E00004B21FFD43FE41FE5FFF048ADFFC44
:1013B000FF8160FC603880F504206FC845E6ECF8DA
:1013C0004E6FE000F18048A2906D135440401544E8
:1013D00046A29C004230F384961E9C00902E940EF0
:1013E000F27C0C4CC1C3DD93FA04044C807B026B8D
:1013F000811158046BC804F6581881310404EFC8F1
:10140000C21761FC7C7C00048403A22F7C7C020454
:101410000013FF077001000E411DCFFFE1C0001453
:101420000000581E803F0FFD45F65C144022C3FCAF
:10143000009AD180C03F634D200100F8DD174000C5
:101440006D8D0000401AC03E871166826686400A94
:10145000E0144306009A8FA5C03F61C9200100E84F
:101460000000C000C03C6F2D6682401A400A871100
:10147000028666868D95E03061BD009A00E8C03E28
:10148000C00020016D750000401AC03887116682C7
:101490006686400AE0800386009A8B85C03C6071B6
:1014A000200100E80000C000C0306DF56682401ADF
:1014B000400A8711038666868975E12861C9009A0A
:1014C00000E8C037C00020016F290000401AC02486
:1014D000871166826686400AE2540306009A876591
:1014E000C02F6149200100E80000C000C0166FC98C
:1014F0006682401A400A8711020666868555E41006
:1015000063F9009A00E8C022C00020016D59000074
:10151000401AC00A871166826686400AE62842069B
:101520000721834562D9009A421AC012400AE68A0E
:1015300040002687295943060000C00080022DB9CB
:101540002686400AA8240206E086400AD1800004CC
:10155000F2040C4CC1C3DD93FA04044CE0300229C0
:10156000E090440AC0000006C0004205842480F5D3
:101570000416A12B40228000442A9180E4500C10D4
:101580008171230BC427811190884C626FC86C084D
:10159000987E8C0BF2040C4CC1C3DD93FE7C040CD2
:1015A0006C611EF0133EC0010E09807B8121604CEE
:1015B00060BC5E255E25886B81A160B40AF01D0EBB
:1015C000C00164515E25DC345E25E0AC5E25E09C04
:1015D000A13B608C06343F2E5E25C1545E25E1049C
:1015E0005E25E1005E25E0FC5E25E0F85E25E0F486
:1015F0005E25E0F05E25E0EC5E25E0E85E25E0E4B7
:101600005E25E0E05E25E0DC5E25E0D85E25E0D4E6
:101610005E25E0D05E25E0CC5E25E0C85E25E0C416
:101620005E25E0C05E25E0B85E25E0B05E25E0A85E
:101630005E25E0A45E25E0985E25E0945E25E088C6
:10164000BD2EE084443ABB2E8731468E800C0E2599
:10165000E0500E090424971EA32D8138C40004060F
:101660008121192E9314982E60204231042E81314D
:10167000E7C002F004F00D1E0B2EE7D0E7E002F009
:1016800004F0091E7E2EE7F0640102F07C1EC0010A
:10169000641104F03E2EC001643102F03C1EC00112
:1016A000910E832197449D14EFFC5588E1141E058B
:1016B000AB0B8004E008001AED80420AC0003C58E1
:1016C000E10C1E05A10B8004800000B680004C05D3
:1016D00080003BB8676000F064400AF00D0EC00166
:1016E000E77000F000F00B0E090EE780E79000F0C5
:1016F00000F07E0E7C0EE7A0E7B000F000F03E0E9A
:10170000C001642181213C0E8131110497449D1454
:10171000EFFC5248E1101E05AB0B8004E008001AF4
:10172000ED80420AC1141E05C0000005C000342827
:1017300061081E05E58008F0610C1E15E5700AF0D1
:101740008004813181110424EFFC4A6806F03314CF
:10175000B104E5307C3EAF24E54006F0804B3E3ED0
:10176000825B3C2EEFFC5A2881611B7E2FB891547E
:101770000E09E00081116040E09C5E15E0885E1576
:1017800040003D1E1E05F3F8AD0B60F4E0985E15B9
:10179000E0945E15E08C5E15E0845E15BB1EBF1EF6
:1017A00088F5956E60F01E35E7100CF018F00044D7
:1017B000AB14E6C07C6E8C30E17C0A44A904BECE3A
:1017C000BC3EA724EFFC572860B41E15E70006F0C6
:1017D00060B01E051E258C4B51B8E0C41E25EFFCE1
:1017E0001E35E0DC1E05E0D81E15E0C08195E0C482
:1017F000E0F01E15E0DC1E25E0D81E3584108004C4
:1018000008F008240C30E5C0E5B00AF0EFF87348A2
:10181000819101810E09A9D54000E040AD0BF3F89C
:101820001E358A750CF060F81E05E71018F060FC94
:10183000AB14E6C0FC240631FC200045BECEFC6E95
:101840000A442904A724E17C52F8BC3E1E15EFFC93
:1018500006F060B41E05E7008C4B60B0E0C41E25A6
:10186000EFFC4D88E0E41E25E0E01E35E0C01E05DB
:10187000E0C41E151E0581D51E15E0FC1E25E0F8EE
:101880001E35E0E40005E0E00211FC200425FC2404
:1018900008F07C200631E7500AF07C246EB8E7405F
:1018A0001E25EFF8A32DE0D4DC04809582C5A10BA2
:1018B00060D01E1508F0840B0AF067501924E74029
:1018C0006D989D311E25EFF81E35E0D408F060D0EC
:1018D0000AF0E6A0830166906FF87DE80E09811199
:1018E0004000E040AD0BF3F81E358AF50CF06100C6
:1018F0001E05E71018F06104B314E6C0FC2406319D
:10190000FC200045BECEFC6E0A443104AF24E17CCD
:101910004CB8BC3E1E15EFFC06F060B41E05E70097
:101920008C4B60B0E0C41E25EFFC4748E0EC1E1570
:10193000E0E81E25E0C01E05FC200245E0C41E159F
:10194000FC2404311E0583151E35E1041E15E0E854
:101950001E25E0EC0005E1000245FC200411FC20FE
:101960000631FC24282BFC24E73008F06FF8684887
:10197000E7200AF0A58EA39EA10BDC041714842592
:1019800053388E0B1E05EFFC802B60CC60C81E15F3
:10199000E73008F067200AF066D89D311E65EFF841
:1019A00012F060CC1E35E7400EF060C8FC9EE6E009
:1019B0000A643E7E1E15E17C8C4B60ACE0A81E05DF
:1019C000E0A41E25BC3E9F3E46F8A15E1EB5EFFC7E
:1019D0001E85E0BC1EA5E0B8961BE0D06D38900BCC
:1019E000942B6FC4E00002CAE000021A670500EA07
:1019F000420AC927421AE580420AE18882A5ED80A1
:101A0000727D10068101400260B85E855E0581A18D
:101A100081B160BCE0D05E05609C1E15E65006F00A
:101A200006F07C3E3E3EE6601E05904B965B60985D
:101A3000E0941E2566B8BCAE1F34EFF8FC9E8C4BBC
:101A40001E15BE7E1E05E0BC1E25E0B8BC3EE0D0E3
:101A500042B8A1541E35EFFC18F060D07CCEE610E1
:101A6000E62018F01E15BECE1E05E08C1E25E0886F
:101A70001E55E0841E45E0BCBC3EE0B8EFF864882B
:101A800060A41E35E5D018F018F07CCEBECEE5E09F
:101A9000BD04BF141E55BB241E45E0ACBC3EE0A8EF
:101AA000EFF86368A584A39482919B749D04888158
:101AB0002B28930B3944DFFCE5D00CF00EF03734C3
:101AC000FC6EE5E00A443E7EBF14E17CBB24BD040D
:101AD0007EB8BC3E7C6EEFF83E7E81313F14834180
:101AE000BD048151BC3EBB24EFF86128815139040B
:101AF000BB94B7143D44BF34E9840404F6800C243D
:101B0000376EBE61F18442626C800410E47C030A8B
:101B10007B8850129C004A006C7C0E82817C000401
:101B20006F9C0254EC00047454220C9D1604F8843B
:101B3000AE83689C82A5A55E719844926238880B3A
:101B4000861B6FC4823B004B8C9B3D4EBB6EBF3EE1
:101B5000B4BF379D148202F50490EC04880B6C2806
:101B60006FC46128004B861B3D4E9591BF3E823B62
:101B70002524BB9EF98C404202B4210B0235E8A813
:101B8000E89C00248341012183213F2E81313D2E99
:101B90006FC445A83F1E882B1E15B2630EF0609CD3
:101BA0001E35E6601E25E0983B6EE094E6500CF092
:101BB000860B3D0E864B7C6E825B3E7E7758BC2E3C
:101BC000BB34EFF8BE7EFC6EE09C1E15E0981E054F
:101BD000E0941E25BD44BF547678BC3E1E35EFF818
:101BE00081716098E09C1E55E08C1E1560941E3536
:101BF000F18C487273944A72E61018F018F07CCE9B
:101C0000BECEE620E0881E05E0841E2557F8BC3EC7
:101C10001E65EFF8FF01608CE0841E851E95806DC7
:101C20000C0640885E7580008C1B008C00885E75F9
:101C30001206902B5A788000920B6FC4E00002CA03
:101C4000E000021A640100EA420AC100421AE5807B
:101C5000420AE1888225ED80608C5E755E05FF0199
:101C600081A16088FF010305E044108A048082F5A9
:101C7000920B6C406FC4588881A18C1BE08C5E1560
:101C8000E0885E0591549B74210185553003E11174
:101C90004402B013010A7B84121BE47CEC7C00221A
:101CA000400002069C0052606F800614EC0008049D
:101CB000A19F202346421154269FF88CEC04042255
:101CC00000141B74259FE8805E0581A15E95E08865
:101CD0009564E08C1E2593341E45E104026460F88F
:101CE0001E35E088861361008261460E1E159DC474
:101CF00000C4E0FC983360888013002361045E25F3
:101D00001E2598435E35E0F41E35E1005E15E0F0D7
:101D1000882160FCE0EC1E1560F45E251E258231F2
:101D20005E45E0E4801360F8E0E81E4560DC1E05D7
:101D30005E3580231E35E0F0984360E060EC5E1570
:101D40001E1588015E25E0D8983360E460E85E45A2
:101D50005E35A121821160E0E0845E25E0DC5E0555
:101D6000E0D85E1510688B6B1304DFFC01B58111A0
:101D700041249801EC040A50454A9E34040CE40CBA
:101D80008413E200FCD5A15BE0580E091E059334D4
:101D9000811D6114E200040C8EAE8C2E461180046D
:101DA00089116024A50B9324C0000266E020441131
:101DB000A50B173493148645A31B8414CE1480E519
:101DC000E094424A00300E250E198430AD1BE040ED
:101DD000400C0615C4300030AB0B8AF5800C0605AC
:101DE0009C940004800C4605E1101E05A51B801480
:101DF0000E1982750410E040A11B6C18E40804DA87
:101E0000ED80420ACE1488F5E0440E29F0C042105D
:101E10004410292BCE2EFC04800480F54210A50B23
:101E200046159C0CCE14800CE094420A00308205CA
:101E30008921643091218125801EA41FE0500E0964
:101E4000420193141EF0E028C0016461F67C0C0C82
:101E5000A31BDD939314FA35A31B8414FD45F4A54D
:101E6000FA7C040CEDF01EF0829B233EE0981E35B8
:101E7000A50EAB4E0619A73E1EB5E0900089E0A85E
:101E80008013E04860700261AC1E8111E0105615AD
:101E9000E04C0019A91EE624605000A9E080440A25
:101EA000975ECE78241482E5E084441A020CA11BCC
:101EB000A41EE200A0000078921B0101EFF874E874
:101EC000440AE6240016E088429040007458DC0082
:101ED00000F0CFF80AF065600D0EE5D0E59000F057
:101EE00000F00B0E090EE570E5A000F000F07E0E8C
:101EF0007C0EE580E5B000F000F03E0E3C0EE5C043
:101F0000291483210C3B940B5278924B6604EFF812
:101F1000E1318111E08C400AC0741E05C0004015FB
:101F20001205A7440819C00C860FE0942554E60E4C
:101F3000FC1044101FE8AB2B159EC0001C08A16DBF
:101F4000BB04C000A50B800480001F5860A01E05C4
:101F50001470C8770025E4409404E010FF010023CA
:101F60000024802D520AC1AC8215C12AD707A40BC8
:101F7000400AA00B1200E1AA0A09EC04400AE0643E
:101F80004420E094400713FDC0C0069440281E255D
:101F9000D9884632400844350A19AB1B08258068A9
:101FA000AB34E018529223140C2490848418E1205E
:101FB000A71B521806298215851BE02C06298415BB
:101FC0008175E028E02406298235851BE02006295A
:101FD000821102214C2A9F1E8135E69A9F1E831191
:101FE0008825A16B02641F24832DE0840815868553
:101FF000400A60209D6EE088E6A2461A84D59B3E8A
:10200000403A9F24813166A2600A442EE17C02049A
:102010007758932E0414EFC0A12BE1940C248E2545
:1020200087E5F680AC0E89011F04B155E1940234B6
:1020300076800214E00044068EBB1F747680000494
:10204000E5E00AF000102023192EEC183344802D0F
:102050009188420208840034841402105180422284
:10206000C000045600342D34400AC9044222669E42
:10207000BD1ED1848C309024E09A400AEFF46FC8E2
:10208000AD14BD04407E8406930EE01E04048DA5AD
:1020900006146194A62FE0ECF6800C240460C06165
:1020A000804B6C14647C050A48108EBB02601C00D7
:1020B0001D74EC94FB844222EC7C0612688C0A446A
:1020C0004800814118341C000044EC00447A6F8CB5
:1020D00040C2E6AAA61378800012205F0254EC04E6
:1020E00000446880442AE88C8131669EEFC06728EE
:1020F000802B2704AB2EC0084E62A31E840B718078
:102100006FC075E81D648E2B0014A11B0004D680DF
:1021100000009680AE038480E080010AC0541E0552
:10212000421682952B04E000F1804412A314A12EE4
:10213000EFC07468A273A1140AF03344AD14E5E053
:102140009024BD7E8E1B0430EFF4696846061F2480
:10215000BD04E0000424AD14A433F680993E840647
:10216000609C1E0525549EB1A74481C1406AAB0EF8
:10217000926B669A93B5910EF0844492040CD52D1F
:102180000A29E200A40F6064FBFC000A444A80852F
:102190008665E090E17C06640663963F956D943B0E
:1021A00040000606E08C440A40541E350464A663D1
:1021B0004422E0880420D08CC0090401909044227D
:1021C00084A004208473882482110261F4B5838B77
:1021D000FBFC000A0A0980C5404AE06498A5E0902B
:1021E00000741B141934E094E0880AC4A203B744B5
:1021F000F0800404E1940224F6800214EC1802102A
:102200004212823D0424918C0210088442328414CC
:10221000065651840424C000423249041F34D1843C
:102220009D04A10D442ABD1EB134E68EE082402AF1
:102230007C14082506318A43215EFC30D1800004DD
:102240000AF023CE6178E5E0A3C4EFF4BD14B10435
:1022500080169803A744A554E0640A09E084404A24
:1022600093048885B544A124E69E400A847B2F34DC
:10227000F6800204A41D115480000206CC0802104E
:10228000A30F3D1E7C1C0825400A8E430AF06016F1
:102290000631E5E05EF8FC30A3C4EFF4BD14AF04F2
:1022A00080169803A744A554909302C181CBA9043A
:1022B00040000E06C0000206000662559714C000DA
:1022C0000A49B9348408E0548C248618E682401AFE
:1022D000E4040220E692480A891B8C1E3B0480D548
:1022E000801E851183659534A12D1534A10B84754D
:1022F0000A2984250424E040040AFC008255F018D1
:10230000E182401A1E05A10B0256007440158000A0
:102310000A098000400AE0648285E0808014BB04E2
:102320000615A51B4210800C46159C108311000C4D
:102330001EF0801E0C0CE5F0DD93F27CFA9C040C80
:10234000605000190029826B81C1604C0A1090CE48
:102350000E14640C0059E08852506064C00173F0A0
:102360006686502A48C592731280E010C487640CB8
:1023700073F15290907341FF60844A0A1006927381
:10238000404000014C859071529240044E7290A0E2
:10239000100610A44CC58000127400044A0AE1889B
:1023A000B28F60800E741A8E10848084A8711CC451
:1023B00000044C85DCC0108440044C8560440E8AC7
:1023C00008A5C01880000066E040007986D5EE7D43
:1023D000E00C1036E49C504A00898635F38DE048C5
:1023E000007604C506898000FC8DE02C068982B544
:1023F000FC8DE02406898235FC8DE028063980B505
:10240000FF3DE02001358215930191010C0C900EE7
:10241000DD93F29C6044000918CEE0274C25A22FE2
:102420002B0BE010FEAC01F68101580E00000106F6
:102430005A0EAD7BDC940004400C4C05E0804A4A07
:1024400040000006DC004260CFF848888C1B030186
:10245000F29C0C0CFFF80828FA3C040CEC201EF04F
:10246000829B006B0E603E2E088BEC043C9E86AB7C
:10247000012181010141893156988E1B8C5B6FCC03
:1024800082B5A10B81013EAE81213C9E814111317B
:102490008C5B0E1BEFCC55C880A5A10B0C0C90F1EA
:1024A000DD93F23C81013E8E81213C9E81412131B0
:1024B0008C5B0E1BEFCC54C80C0C90F1DD93F23CFE
:1024C0008605A11B880DFF41C1AC0804C106484A1E
:1024D000D19048121780080473FC40000844C007DC
:1024E0000840812C424A84048816E18681010C0E42
:1024F0005D93DD93E0084096FE7C040CECE01EF05A
:10250000886B00BB60181689067B844B04F082AB95
:1025100006F064D0094EE4A07D38880B901B6FFC58
:1025200064C004F0E49006F0901B140BEFFC7CA850
:1025300064B004F0E48006F08E0B0B7E6FFC7C2808
:102540001E09901B98B160D060C01E39E0840484DD
:1025500060B01E5942079623EC080420708042B2F6
:102560000010C2374EB26C08570DF08C4257849B56
:102570009C0052006C080070F09446B2845B570DCA
:102580001C004A00EC08003084CB570D580015049D
:10259000FC0E9C000B048904130481ABE000541A68
:1025A000ED84400A9104BE0E81013C0E9195FE0E11
:1025B0008AAB0F8E8E5B048AA40A8D9E8994FC746C
:1025C000400AB0030F2A669EC0086400521A8B743A
:1025D0000E00601CC0046400400D4126D777400007
:1025E000400D5E058C9B400020000188A0000C0679
:1025F000B00A8C6AAC03BC446692400A6400091AB3
:102600004926C008C000200D200D5E450000400096
:10261000C00464018063D70706258E8380000E0600
:10262000824B147ABE14A80A400AAE03031A6686C7
:10263000C0086400200D43265E15C0004000200D38
:10264000640100005707C0048073881B7B8000640E
:10265000FB800C847A804C62E40800107B8002745A
:10266000E408411A7A984212591C926B4200961B58
:1026700000503C00411AE408967B64084E000D446B
:102680000030BC00963B64086408411A4600969BE3
:1026900000403C000F84E408E408411A3C0052006A
:1026A000E40800A06408411A4A00965B00C03C00A0
:1026B000411AE40896CB64083C005800EC041080F2
:1026C000E000101A3FFD37687E04C3FF0C0CF0F1E8
:1026D000DD93F67C71884412E1F582338401C207F0
:1026E00000045D93C1C3FA80FA00004CE506440A79
:1026F0006586400A04208111C20064017284400290
:10270000E1CC082460B802040624DA07A04F61C8AF
:1027100079844432FC7C0044601002067598813153
:10272000084CEFBCDD93F200FA04044C802B046BE0
:102730004E96212B82C5E00860C80014E18406246F
:10274000DD170603813101716FBC7448F29C42129F
:102750008E0B980EF2040C4CC1C3DD93E506440ABF
:102760006586400A04208111C2006401728440021F
:10277000DC07E527A40F5D93FA00004C822B42078B
:10278000811104017A8000047B9881310404EFBC3C
:10279000A22FE1A041FEA12B0004DFFC084CFA802F
:1027A000DD93F200FA00040C6FFC7A080264846B7B
:1027B0008203E184E01A400AF2000C0CC1C3DD93ED
:1027C00069294386441AC001401AE50281116582D5
:1027D000640104204002C200E52772845D93DC0797
:1027E000C1C3A40F04348331A33F6888422A8221E5
:1027F0008013E68E00145D93C1C3FB80FA04044C81
:10280000847B066BEFFC77288461C267FA800264E0
:10281000E69E421AE502441A6582401A042081119C
:10282000C008640172844002E807D9270C4CA40F49
:10283000DD93F2048111210B00008465040E6C0409
:102840004602FFF0A13BF80841840004C4040210D2
:102850000214FE3500047B80D017FA805D93A01F20
:10286000FB8000147A800204A11FD10700105D9341
:10287000C1C3E404FA00004CE502482AE5824A2A72
:102880006506403A423A882B8A3B6586EFBC7388DE
:10289000600104068131420042128403F907728C00
:1028A00060900414240FF917850BFF211FFC41FED3
:1028B00041FEA11B084CDFFCDD93F200FA04044C3E
:1028C000866B211B81710A4588E5A12B7E81060E4E
:1028D000481A40004A0AE50A400AE50E461AE58E03
:1028E0001854658A5607E1D4E1840244003420CFAD
:1028F0005657E0FC0434A01F401261844222F09439
:10290000882B72B0EFBC6668850BFF211FFC41FE6F
:102910000165A11BDFFC41FE4E960101180EE00887
:102920000C4C8E0BDD93F2047FFD47FE860DC03FFD
:1029300000000602083EA11B80000206409C0634EF
:10294000C184081450904632423A810140964006B4
:10295000881E8008C1C3DD93FA00040C8A25A12BD0
:102960000A0206130614E000030A7A800830F47C99
:1029700081116C807B9046320032814148506C7CE2
:102980000A069C00184400000C04EF80A0336C0081
:1029900078B05862214FA15FE18400240632385F8D
:1029A000275FEC044252880381317284EFBC6128B6
:1029B000F2000C0CC1C3DD93FA00004CA12B003BCC
:1029C000E506403AE586423A0620826583416C047A
:1029D0008131274F6F38880342126FBCFF21F28C80
:1029E00041FE850BA11B1FFCDFFC41FEF200084CE1
:1029F000C1C3DD93FE00044CA32D003BE406403A26
:102A0000E486423A0820867583316C046890083465
:102A1000211D81C1E17C0A4471904CC2E8880434D4
:102A2000739458C2DC0048605C004AC0425288037C
:102A3000062472845078E17C034AEFBC021AE0005D
:102A400000EAE000420AE000421AE580420AE1881A
:102A500080F5ED807FFD41FE0C4CDFFFDD93F6003D
:102A600006067F21E0006001E008434AE008421AC0
:102A7000E40C416AE580420AE188421AED80420A8C
:102A8000000100060C4CE000DD93F600FA7C044CDB
:102A9000866B044B70900809082981511210788CBC
:102AA0000839E600141078841806E4C0FFF857CE01
:102AB0004E461A265856E000DA36818189A58F4E97
:102AC000F0A04042E04000198AA5A11BE060001977
:102AD0008A25A11BA11BA41A081988C544627C2061
:102AE0004411F0A00019E0104411E0200019E0307A
:102AF0004411E0400009E0504401E060A42AE07085
:102B0000AA14A804E1840624813106036FBC562868
:102B1000F294421242620F44040EF09C120B815157
:102B200081F5F820F0A04062E0104051E0304051C3
:102B3000E050405160704051F09C40628101005E65
:102B400071AC4262040C8281EC0816B08871049169
:102B5000B18B90A18101ECD5F27C0C4CC1C3DD930B
:102B6000F87C040C060006286001E600E610081058
:102B700065100A1059C6F81181616000027983F569
:102B8000A17BF820847884A58445A17B80849474FB
:102B900006AB8294107AF8200CBA8E83F298529287
:102BA000008E829E46A38EA382B1782002C18CBC87
:102BB00004418431085190010EC08211857DECF0F2
:102BC0000C0CF6F5DD93F07CFA3C040C846B0628C3
:102BD00083814438807B46089111258F6FFC5CE827
:102BE000E88C128414041C141E34E090020B902B09
:102BF0006418941B1C14EFFC980E922B020B9E344D
:102C00006398941B9C24EFFC0E1B9A0E1E34E0105C
:102C10006318840B922B6FFC0C0CD80EDD93F23CE6
:102C2000FA1C044C887B44488101009B846B0A8B0E
:102C3000860B0B0E902B0E1B68004348AB9B883B0A
:102C4000A59B84050C6002E5A79B8410A99B824587
:102C500040800225A39B9C000861867581258E0B10
:102C60000D149061E45006F0629898240B14EFFC68
:102C7000E000001A619C4E0A0F2481012001020627
:102C80000206C000881EC000F21C0C4C40C6DD933A
:102C90004E0A60084E1AE99C8111619CC1C3FDF582
:102CA0008403A72F5C08C30D00061A005D93800003
:102CB000F1804012FA7C040CEC501EF064610000BC
:102CC00081414003FC1EBE0E06088BF501B181A1B7
:102CD000814D81717E4E92650209881381A160B099
:102CE00060F00239024981B18161609060D00229AF
:102CF000420A9D118033668681713E5488230813F1
:102D0000C417094E8141025318858325C0017831CB
:102D100010A3F1944842818192B3F2A072A04C6258
:102D200082118271FC55851DF05102011E15870D1F
:102D300058504010FCF5DC0084D5E57D61841074AA
:102D400040828191813170A872A4424244188E2B36
:102D500000ABEFBCF0AC408272A442624398813178
:102D60008E2B6FBCFC1480BB0044FE4406106088B0
:102D70000444E510860360848241043340B580AE8C
:102D80004673E0208408E080E815814D0C0CA8F122
:102D9000DD93F27CFA7C040CEC701EF081C13001F2
:102DA000827B7C0E0C700DCE0BCEE4F089CE81A11F
:102DB000FC94FECE1E0889558DCE811101ADFECE4C
:102DC00089CE81018C058BCE70A85662F0A85092F6
:102DD00078E01609E43004F078A01619E4600AF0EF
:102DE000F8201039E02010499B213C2EE8004308D0
:102DF00078C01609E45004F078801619E4400AF00F
:102E0000FC281239E040104993213C2EE80042088A
:102E100081C17E048085A10BA11B8B147ECE80B561
:102E20000BCE81110D248101F0A8486282A10934E2
:102E3000F8204801F8604821F84048319C08901675
:102E4000EE5581AD0C0CB8F1DD93F27C58120033D5
:102E5000143EF080F09040320000190D001BEC048D
:102E600002C081513C148C04FB0444228235843D11
:102E7000885B040DC0000016D18C4002D0884A0245
:102E8000DD93845EFA3C040CEC201EF0828B0A6B0E
:102E9000847B11948C1B080B6FFC69880101902BBB
:102EA000856591A18835A10B60801215124581318D
:102EB000902B6040E0601255BE9E9C088C1B3C1E0F
:102EC000EFFC6B088435A10B60801215E480049040
:102ED00060401245125581319E08E060902B3E2ED5
:102EE0008C1B3C1EEFFC69E86C0414A0A1AB88911C
:102EF00090F1F655F23C0C0CC1C3DD93FA3C040C86
:102F0000EC201EF0827B1584846B17948E2B1304A7
:102F10006FFC65C80101901BE00814C6A10B857504
:102F200012158855813168C06460124512558E2B88
:102F30009808E6903C1EBE9E6738901BA10BEFFCE4
:102F400012158455049068C0C00264C064601245C4
:102F5000125581319A08E6908E2B3E2E901B3C1E16
:102F6000EFFC66086C0414A0A1AB889190F1F635D3
:102F7000F23C0C0CC1C3DD93FA3C040CEC401EF097
:102F8000809B1584847B0A6B008082AB0880645030
:102F90003C0EE410E4400A80EFFC77688415A10B36
:102FA00067A00280E760008004807E1E7C2EE79090
:102FB0003E0E941B7A388E2BA10BEFFCA0F180A55E
:102FC000F23C0C0C1744DD930E1B920B103B8C2B28
:102FD0000C0CA0F18115F23CFA0C040C868B086BEA
:102FE000847B020B6FFC6D88100B8C1B66388C1B6E
:102FF0001009EFFC0000E358E20DEC0C1C004070DF
:103000009C0042608FFC5AE80C0C8101DD93F20CAD
:10301000F83C044C6201025B81C140010CC48595FF
:103020000E64FB808263608460010C8982734002BD
:10303000E8000E7B06A5C487C4777C20FC1C0095A5
:103040005082D3AD5095D08C0489C000A18BE03064
:103050000C6082C54008640198688073C4679C74E2
:103060007C1808858863CF77988E8E83588A82C1B2
:10307000F4D5EC140C4C8101DD93F03CF87C04CCCD
:1030800081C10F4E81610D3E640900398745C00240
:1030900060340299FA800EC4603002B90485C477A6
:1030A000A1BBFC1CE5A6548A6526508AF09C5222DE
:1030B000D187F0A756820F848E83F9A88DA4A0BE75
:1030C0008EA302C5C65AA864E516486AE5964A6A00
:1030D000EE57D347F9944C42A0BE8CB3807324447E
:1030E0004E4582C1A844E904E9444E454E65A044DA
:1030F0004E45E9C4588AE984F275F40C0CCC810180
:10310000DD93F07CF800044C81411931185483950B
:103110004C12608402C3F094185B82410CC9E80031
:10312000C0026001E0880C547C18006504C5C4C767
:10313000D96DFC30D0804A520C014A3102CBC00418
:1031400040016201FB800A44F855D95D0C4C8101B5
:10315000DD93F000FA7C040CEF101EF0848B026B00
:1031600064090C09807B4002651002F0E61004F04F
:10317000813101650000493EC53EEC04FE75A10B9E
:10318000661012F0E51014F08C1B0E0B923B102B06
:103190006FFC740816F0944B8C0B6410922B101B70
:1031A000964B143BEFFC76C88C1B0E0B6FFC7AC859
:1031B0000101962BE7101EF0F27C0C0CC1C3DD93CD
:1031C000FF010024832D8414000000065D93822DEE
:1031D000C0000016FA7C040CEC901EF0829B7E2E40
:1031E00002063E0E0921E01068F1064E4EF8C010AE
:1031F000920B6FBC811101018101090E8381111EA7
:1032000081A10F1E81317C0E0D3E91A5E0880074D6
:1032100012058B1E4C78FC000C74E800010A6084D7
:10322000C00164004C039263000468001E15808492
:103230004002800400B3908400010C01C00C4126C0
:10324000C0085E0547FC57F6FBFC100A7EA486C545
:10325000E48004F0647006F01419960B47B8E02877
:103260001409E800808B602CA10B2802400E8245D7
:103270004206602E400AE0F8AA12E086FA044002F4
:103280008111090E81A10905008A8B0414A0F43C68
:1032900002F604040CE580008000100689148F04F7
:1032A000F18040B2F080000482C5830D04F07E04FA
:1032B00006F0E4800019E470960B6028E8004428CA
:1032C000818102A10B0483F5E48004F006F07EA462
:1032D0008201E470E0281419960B0B0EE80043C835
:1032E000602C14092802808B8245A10B602E400EB1
:1032F000E0F84206E086400A4002AA12090EFA04EB
:103300008B1481A192730D344E118F04C0026001A1
:103310006C004CA34C038231C00164096201120BA2
:103320000E344001C17DFB800010DC355201E40405
:10333000C0026409C8F17C04F27C0C0CC1C3DD93AB
:103340000A448844AA43E90481010043C34F084E5C
:10335000DD938C4EA30F0C0E8101080EC1C3DD93CB
:10336000603C0209A10B803B40960665483A800804
:10337000403AE0020844E1028243FA80EC700849D6
:103380008101490D861382A56B710219F41DC005D8
:10339000460680F5464AE0648311648481118045C5
:1033A000DD93881600045D93C1C3FA80FA7C040C97
:1033B000EC301EF082BB007B677110701270401100
:1033C000C003677181A13EBE8101016100A4852512
:1033D00004F07B807C58E4208E1B6FFCA11B9118AD
:1033E0001FFD43FE56159FFF82E5800045FE201A13
:1033F000CFFF7FFDFB800C64E0178261AC1EB41F21
:10340000C41DA414C00040C688B102A188910481E3
:103410006001140AF695C00198F13E1462014263FE
:103420000C0CC001DD93F27C81015D9360380019C2
:10343000A11B81210000021680084096CC2A862517
:10344000E02806097CC00824484AE2270210668664
:10345000010AEC0440C66440442AE00008066012F9
:103460000006F000422A80004242E686CE2CF1841B
:10347000E0104613C1C3DD93FA3C040C808B066B4D
:1034800060380C09210B847B869581018E1B100B03
:10349000EFFC78E8409600AB140AE0088445E2A40B
:1034A000677112808E1B40038C2B120BEFFC694856
:1034B0004126008BA18BE00C9C0050A0E3C8100AB1
:1034C0000C0C8095DD93F23C8E1B120B6FFC644854
:1034D000A10B8C2BDC0050000C0C900BDD93F23C0C
:1034E000FA00004CE1001E06619C0046663883111C
:1034F000C1C3EFB8FA0C040C806B027B603C41F650
:1035000073D8811181816FBC6000427662988C0B08
:103510007ED8E8248C0B680CE13C0086801880047F
:10352000F1FC421000C600168004E14401860086CA
:103530008004E144404600868004E1444046008621
:103540000C2BEFDCC0156E0973F54220444A40FF96
:103550004C13E098C0156E09F8700039F3EC443054
:10356000F87040214C818445402B6C2173F9421046
:103570004C13C0FFC0156E09F8204081F8100019E7
:10358000F3F84210F8104011421080188016F3F83A
:10359000421080188016F3F4F83000194011C81951
:1035A0004081F8300009E030400AF83082E5E088D8
:1035B00043F61C04FFC06FFD020E020F4000F00036
:1035C000C3007C019C049C0E9C0E820F6E0D0C09A6
:1035D000A30BC0360C098415C038631141C6A30B78
:1035E000002012FD000102064C81BFC1803803118A
:1035F0008000401568005FA842868C0B8C0B600031
:10360000E8245B08EFFC76E8FA00040C8B11006BF1
:10361000E8285688612400C6E00042064C11800468
:10362000402B6C1D00168111E13C0086801880043F
:10363000F1FC4210400600168008EFDCE080400AF2
:103640000E090C0B4000C015C0FF137D0E094C0382
:103650008C0B4015E8005CA8E8005C08614440461B
:1036600080048511018600168004E14400C600161E
:103670008004E1440C098016C02B6C21EC0402008C
:103680008495E71DEC2C020084B5E71DEC100200C8
:1036900084D5E51D8625AD0B8665B30B86B5B50BC8
:1036A0000C0C8C0B2058F2008C0BE058F2000C0C28
:1036B000E04035480C0C8C0B0838F2008C0BE054C1
:1036C000F2000C0CE04C10C80C0C8C0B85B5F20011
:1036D0000C0C8C0B8575F2000C0C8101DD93F20053
:1036E000FA00040C8111010168207DA80346816164
:1036F0008331614C08368424E11444C690368844F2
:10370000086688248414872183110426F2000C0C97
:10371000E0203C68611440C680048311C183801698
:10372000DD93C713FA3C040C0C09806BC02B6C2191
:103730004096B30B4C018000802B0C1D4066822507
:103740004C01E000402B6C1D41788C0B40F8E85098
:103750008C0B681861D10C09807B40156C790C19B1
:10376000400AC02C8201E68667F9008A41D6C00370
:103770000E66003C00048004A17B5A8066314C0335
:103780008245C0166C1D0C298C0B402B680C7048B0
:10379000A10B8E1B47B898758C0B68446C210C09E3
:1037A000807B402B8855B30B92D5A17B683C72C8B7
:1037B000007B8C0BE1344106029600044C11E004BE
:1037C000C02B6C1D000E00160C19FFF8C02C6CFDF0
:1037D000E3F0020AC40400106CFD4C018C0B402C79
:1037E000E8044BE88C15A17B217B8785E0004066CF
:1037F0006C1D4C018A15C02B614C554666E010606B
:103800002804C0A3676112600260C09F405465C174
:10381000654104600660C054405466D15ED8904B48
:10382000925B6FC0A17B807B280482F566310260C9
:103830000860C0AD40A164716178902B923B6FC06D
:10384000A17B807B0C2982E5402B6C1D6A388C0B98
:103850008E1B680C8055A10B8E0B8171F23C0C0CF9
:103860002804DD93648104600660C09940A265214C
:1038700050D8901B7395EFF8C1C3807B6451008AC8
:1038800080F5C0036118014680048711DD9380161E
:103890006439008A80F5C0026118014680048511F0
:1038A000DD938016611803466418014A8414C00130
:1038B000E200000CDD9384066661028A0306C00301
:1038C000046601040215800086C580006499028A9E
:1038D0000306C0030456010402158000848580009D
:1038E00066C9028A0306C00204460104021580006C
:1038F000824580006495030A030640020414E10433
:103900000426872104268000E10403068418841419
:1039100065794011DD93C02B030AC417C00F66817F
:10392000028A86F5C00F64F5010402C68000040611
:1039300080000215028A8485C00C66CD010402C68F
:103940008000041680000215030A8245400A64A123
:10395000E10402C6852104148000043602C68426D0
:103960008414E10440118418C02B6575C1C3DD9334
:10397000E1180586882888240015A12B00090E0D62
:10398000C1180546C000042581B002144000042976
:1039900084040210C4040420C00A421A6E014013B9
:1039A000DD93C015E124014684288014F3F84420F7
:1039B000430604268414E114042484288426FC94F9
:1039C00084288014F3F44420800484264210801854
:1039D0008016F3CCC1C3DD93E12401468018800436
:1039E0008016C219C1C3DD93FAFC040C0026006BDB
:1039F0004C01E00C402B6C1D651881018111682081
:103A00006FA90C15251BC00BE124034682458424B5
:103A1000424A881880C5E0800C0C831123F8F2FC20
:103A20003E0EE02088188C0BF3F842100286081630
:103A30007578E00C81216850614410C6E1485386D6
:103A4000FFA12004E1245746C7078008F0044E0078
:103A500080C5A17B6FA90C05A50BC00BA40482D562
:103A6000940D80000C298405402B6C1DE00C0296FF
:103A7000680C592881958C0B8008A0040155C70754
:103A8000F0044E00EFFC52E88004AC04F835A10BC2
:103A900083113E04F2FC0C0CE0202028FAFC040CFC
:103AA0000036007B4E01E00C402B6C1D5F788101DD
:103AB000811168203E0E8181E12401C65546000433
:103AC0008086E1248064A8048E0B0014E82074A88A
:103AD00043A603910321E00C70388E0B4186E85019
:103AE0008014E1140346048C8414E124C42984283E
:103AF000434604260414E11884B8832102C60486D0
:103B00008414E124028604968004E00C8E0B009C51
:103B1000E8506E88612401C68004A9118E0B0096BE
:103B2000E8207208600C02866DB881218E0B685007
:103B3000E14400C6800880045200C707120AF0045E
:103B400080C5FBFC6FA90E05A30BC00B01C686B593
:103B50008004E124414600868004E11800C600B6D6
:103B60008004E124014600868004E124421080188C
:103B70000016F3F4E00C02A66C1D0E298E0B402BF0
:103B8000E80C50A800C681858004E144C70780087E
:103B9000F00452008004A804F445816B8E0B2B11B5
:103BA000E8206E080014A8046DB88E0B01C6E8204A
:103BB0008004E124414600868004E11800C600B676
:103BC0008004E124014600868004E124421080182C
:103BD0000016F3F4BE048311F2FC0C0CE02016086E
:103BE0007001000602064020FFC06001DD93801EC8
:103BF000FA0C040C808B027B8101046B6820550851
:103C00004386811149C661480424E14870010206D7
:103C10000434C0208858A18B084890246001040611
:103C20000CC9FFC0402B6C19A65F843F60C7D0470A
:103C30004652A85F0C49F9B0C02C0CFDC0E0084406
:103C4000442200B5A17BD09049FE80C5C03F7FFDD6
:103C5000A43F883F8311043EF20C0C0CE0201208B4
:103C6000FAFC040C5006006B0C09E1A0402D67CD56
:103C7000209E8191E14C05C6E080400AC0000016FC
:103C80000CF54C014006402C8004E14C8804807403
:103C9000E1E01674E0E014B4FCC002A40074001E5D
:103CA0000814E1C0FCC404A4F010000A9405842E9A
:103CB000F008000A000A9885AA65F00CF004000AD2
:103CC00040001368C14C17C6025604AB6ED8E01012
:103CD0008C0B682061980546FB80007472FD49C614
:103CE00002064020C0207301401220432014F180BE
:103CF000E14C17C68555882A6C080A40775D807BA1
:103D0000E1900A3473FD4A500816400F484A80007B
:103D1000E13766964A30843341FF73F10600C547A8
:103D20008253641088CB016518C05D84D58EEC0485
:103D3000FE75A1CBE0880A4470944802F0944032AA
:103D400048309034BF4BF03C1F15F6150256942BAB
:103D50008C0B608068206AA80C0B847B40156E0970
:103D6000E14C17C64000AC14C0FF72F16E094C0361
:103D70008C0B4015EFF87C088E2B1BA502563E2EAF
:103D80006938E0208C0B68207B80007472FC43C68D
:103D90004012C02002467180C02072C0041000345E
:103DA0000991E40017C68811083EE14CE1980546E8
:103DB00008CA85A5EC080A400A34775D4A50E190AC
:103DC000400F73FD800008166696484A2074E1375C
:103DD00046C086C341FF73F1E1880A448ACB0801DB
:103DE000827B0E334DA48155EC0418C0A1CBDDAE0F
:103DF0000034FE75FB80189488C3445712C00A1320
:103E0000C53EE410F03C4830F495BF4B91F5BE241C
:103E10006040025664988C0B4C91E820403864C591
:103E20004A588C0B45D8E8000C0BEFFC40156E0986
:103E3000FFFC03EEE8000E0A4200820F40007C0403
:103E40004C13FD0440156E09E19803864C03849ED3
:103E500040156E09FB80007462E54CB117C6401531
:103E60008E05E14C72FD49C6054640200206E198E8
:103E7000402073012014A043F18040128555882A08
:103E80006C080A40775D807BE1900A3473FD4A50EC
:103E90000816400F484A8000E13766964A3084335E
:103EA00041FF73F10600C5478253641088CB01655A
:103EB00018C05D94D59EEC04FE75A1CBE0880A4441
:103EC00070944802F094403248309034BF4BF03C3C
:103ED0000C19F61540156265E14C004688198004FE
:103EE00044208028A22FF3EC0C098026C02B64C547
:103EF0006C214C018C0B402BE8004588006020446D
:103F0000C05465017B8004041911810172C1064609
:103F10004F58C0202C14E800002E9F217C514EA049
:103F2000847EC300EFF86DE8A9910E2B60010206B4
:103F300000947FC02C24FB80A01F841F7C014010B4
:103F4000880EC30067CD0C09400AC02D80E5E080D3
:103F50006C110C09400AC02B8095E098F2FC0C0C07
:103F60008C0BDD93F2FC0C0CC1C39FA5FA00040C72
:103F70004186006B8014E148442084288426F3BCE9
:103F800084288014F37C4420800484264210801806
:103F90008016F1FCEFF87A68831101010C0C8C2B70
:103FA0002278F200C1C3FFFCF81C040C6141001927
:103FB00008004015C0D96601614500290A00401576
:103FC000C0D965C16211003991C14015817101618B
:103FD000E686442A621D00194021C0154015630978
:103FE00040318121C015630D061007C50C4AE4401D
:103FF0000C1AE000400AF87C0A50E1840E06041016
:1040000094848000500A51848225E49C6C34128090
:1040100012DAA18B420AE4088095ED808261027178
:10402000BF8B8505A16B882500958245C00D696D04
:1040300012C0936B4093842080160BE1F03C5280B9
:1040400002A5B99B9B8018C4A19B498773FD508032
:1040500018C4400F508AFB8090C3C6A688C17D0556
:10406000E5FC0D0A4023F0A5400A6895FB8008C4D2
:10407000688940138833400A6FF1068A0A34402B5E
:104080000049FB80002D07CD40138811400A688D40
:10409000EC040230689140330606400AC0207001EB
:1040A000688540130214400A4840FB80A61F1C206C
:1040B00007CD40410045802DC00D696964F9401568
:1040C0004015C00BC00B64FD8941095B0E09002B34
:1040D0004043C015C00A688112FD44204023C0FF40
:1040E00040150E09E140044600860824881EE14080
:1040F000801E8004F01C0C0CC1C3DD93F804040C7A
:1041000061980B46E0900C144E0014CA0C64F03C0D
:10411000A10B7B8000162E6F58228000401A71B0D0
:1041200004C4E68202C460C0246FFB80496E862B03
:10413000945AC507020002534A50E404C1FF73F1C8
:104140008A43016500005154C95EEC04FE75A10B61
:104150004032C4170C0CF084DD93F004FA7C040C9C
:10416000EC501EF00C09806BC0366E014060A30B52
:104170004F789C0041068800029661340004E004F8
:10418000E1A050066C1D4C118171402B0016A07EE1
:104190000C0B8111C0156E0973FD40004C03C0FD6E
:1041A00040156E0967B881017E0EE81CE148418622
:1041B00041C60014FC1EE148800484180C298008C4
:1041C000C02D67CD68890C0B0604400A0229E0A0C7
:1041D0003E3EA61F241FF0274C15C507400268016C
:1041E000643106608311C0284675C11D0210580451
:1041F0007E75C404C4100630618D0C0B0860401C31
:10420000C0D9660165C10A6081B140D9BC0E81A1E7
:10421000F8044605090EA004E19801468101009AC0
:10422000144A8B85141AE000400AF87C0A50E18495
:104230001606041094148000420A511490E5E4AC70
:104240008425A1AB696D0C2585ABC00D08910C0BC5
:104250004000800A80FF13F19098400206000EA5EE
:1042600080280401EC34041080B5E42DBF1B4D1EE2
:1042700087258AD58A65A11B703C5810E1C00414BB
:10428000B9CB0C1E848B0171491782454E10A1CB0E
:10429000400F73FD4E7A808BC577C6B29223091406
:1042A00073F14020883141FF0203862B81A58E1BCC
:1042B0000210218B00C5EC0488010000000044C5F9
:1042C000A11B88214477FCD58E33900B82A102B1CB
:1042D000E5FC150A9D01E8E59F010C0EBC048E0E5D
:1042E000FC04CC0E0C198008C01562EDF017BE243A
:1042F000A20FA40F68014C058C0B4002E8104AC8BD
:10430000E148418680188004E090420A8018826566
:10431000421080284420F080A22FF37CF8804220B5
:104320007E0480165BB883110186E81C8004E19846
:104330000C0BA30B80150E099CA400040E094C0362
:1043400080858015680049C803018C0B45188111D0
:104350008C2B6FFC0C0CA8F11C38F27CC1C3FFF84D
:10436000F87C040C630900198121401500C99115DE
:1043700040366E09FA800824630D00694602401534
:104380000659F090C0156F41586AA1CB0C30669267
:10439000C0DB66106E1146518645C0367A800EC469
:1043A00012848181CB9DFA80549284055602F09C40
:1043B00016B9F0A8C01A6E417C85B9BB8404108080
:1043C00094CB32538145985681710B9B0A8A80A504
:1043D000837174081876807518C48E5B0C007A801F
:1043E000C058664060880EC4E08812447C1C0C856E
:1043F000661014001493C0DB0A0A8C7382217BFCC4
:10440000E0405285E8000E8562405285E08410C489
:1044100064000E7518638C83D08058C26140527559
:10442000E08412446801107B94934001527388A386
:10443000107BE680C0016C01E780527360010C794B
:104440005471C004C001610164010C495441C004AD
:10445000C001620168010C495441C004400163017C
:1044600018498141C01A0E4162114641448AC03840
:10447000DED5F404F07C0C0CC1C3DD93FA84040C8B
:104480008101006B681C50C80C1B8111400A6891A7
:104490000060807B40286401700104068811C02000
:1044A000C517016502104134C93EEC04FE75A11B1D
:1044B0006148418680048C2BE01980188301001626
:1044C0006FF8798850D881117D18EFF88C0B680C43
:1044D000618D0C0B8311401C4C038201401C618DCB
:1044E0000C0C8E0B0DB8F284C1C3E01CFA00040C56
:1044F0004386026B0414E148E0980604F10046305C
:1045000044208428262FF2FCE19807860C0E84268E
:104510000C1B820940156E094210D007C0FE73FDC6
:104520004C13A01FC0156E09EFF84DC88111010191
:104530000C0C8C2B35D8F200C1C3FFF8E1000186CA
:104540008008800482095D93C713C183000CDD934A
:10455000C0006101FA0C040C8101006B828B047BAA
:1045600065394C010460402CC0B165418C0B0311CE
:10457000E80042888C0B0311E8004E2880D5A10B7F
:1045800068485988A10B8C0B0C0C8085DD93F20CCC
:10459000457601110931E0005D588C0BA38BE8488A
:1045A000A10BFCB50C0BFC7552388E1BA10BE8005F
:1045B0000111FAB58C0B8121F20C0C0CC1C3B14571
:1045C000F87C040CECC01EF0600446864031A51B4C
:1045D000402B6C1DE0040E06A1810EA5AA35A31B7D
:1045E000600C41E6E00C59E601A6170E110EE0043E
:1045F000E004012601860F0E150EE004E00400061B
:10460000A1010B0E0006090E7E0EE0047C0EA10136
:10461000E004018601860D0E3E0EE004E00401A6D2
:1046200049F63C0E4BA6E00C03A6600C0706E00C16
:10463000110660040DA6E00413A660040FA6E00CAA
:1046400055A6600C13CEE00CE00C41E657F605953C
:104650000006E00C891160089101130E4006170E48
:104660000D0EE000150E85010B0E8301090E810170
:104670007E0EA1017C0E83010F0E8101110E8501BA
:104680003E0E8101E000400681313C0E81910161C6
:10469000140601510101E0041606814181C1E008C0
:1046A0008BC488C689C48AC6FEC4C8C6FCC4CAC630
:1046B000E0184481E0144431E01044C1E01C44316E
:1046C000E0204431443195348F34E024E0284431F3
:1046D00044318D349134E02CE03044314431BE34E7
:1046E000BC34E034E03C4461E0404461E0384431B3
:1046F000E0484491E04C4471E0444411E0504411DE
:10470000E05844A1E0544451E05C4451E06044511D
:10471000E0684401440193049704E06CE07844B1FC
:10472000E0744441E0644401E0704401E07C4441B1
:10473000E0F10101F07C0C0CC1C3DD93FA04040C20
:10474000EC901EF0806B251B810104259295A31B24
:10475000654102608C0B40B1E84862E89095A10B7E
:104760004C018301C02C6539428687E5040660044C
:104770004C11E004402B6C1D601102063E1EC4006B
:10478000091C83111516A111E000420685711F1640
:10479000891125163116AB16AF2691110406352660
:1047A0009706E0089B769906A1769D06A706A306C4
:1047B000AD06A906B706B306BB16B90660805E1142
:1047C000E41002F0BF26BD06E0845E01608C5E014D
:1047D0005E218C0B5EF8E088A10BE8484C7180B537
:1047E000C02C6539C8F18101F2040C0CC1C3DD9302
:1047F000FE7C04CC806B027B649002F0E48004F0C9
:10480000E810496860901E89E0040E2AE0801E7955
:10481000400101880460C00040B165C10155993173
:1048200049168111EC040630FE95A13B65F1046048
:104830009D3140B1491C8145EC040630FE95A13BF9
:1048400015C601910785EAF0A10B81B140628E1572
:10485000047470A8009CFA80E0900084799C420265
:10486000F0AC40626EF1401143F6402B8000400DE9
:10487000603140914011C02C802C42B143F1401175
:1048800002B4002C4091FA80002C41714F588C0BDF
:104890001E89E800008060900204E40482B17A80FE
:1048A000048084A1434AE424020CE408500062001E
:1048B0000273DC00170A8101F205E53CF67C0CCCA2
:1048C000C1C3DD93FA7C040CEE501EF0A11B006BFB
:1048D00065390C09848B402C42668A25A50B60043F
:1048E0006C1D4C118191402B81B102C58C0B0511BF
:1048F000EFFC7268A1BB80BBC0000BA868045448E1
:1049000080BB8C0BE440108AA1BBA2750C29A23598
:10491000402B6C1DE00042B6680463E856B68C0B71
:10492000230BE0009ED58181230B9525E00440A652
:104930006C1D4C018205C02B8C0B0311EFFC700821
:10494000A1BB80BB00C6A49502F060080155E4201D
:1049500045B681B1EC040000FE95A10B1060010189
:10496000C0B0657181013E0E15063C0E8955E0040C
:10497000788110099511400161901204429A9E09B4
:104980008203E686E630010A034680F58414E134AA
:10499000B71B84140C2982F5402B6C1DE0080336EC
:1049A00068045FA80F368C0B230BE008E00800C6F4
:1049B000A1BB88054EB006D52018DC00E42004F029
:1049C0006140140A8816802300045E9580000E065C
:1049D00080005E953E0482C5000481714092FA8099
:1049E000BE0EFB800004BC044092FA80BC0EFA802C
:1049F0006C0414A08EBB8281EE75A1AB8CF5A1BBBB
:104A00000004BC04C407FA800E003E041204E41043
:104A10008C0B7A80680054A803D5C497A1BB80BBD7
:104A200040F688D5400061A181B581116080420ABD
:104A30001029902B06F05C000233E4208C268211B2
:104A4000E230020A0C0BFC954B58901B00BBE804AB
:104A5000E0004F768275A1BB7A800294FA800474DC
:104A6000642006F049988C0B80BBE8481EF0160BBA
:104A70000C0CE650DD93F27CFA7C040CEC301EF05A
:104A8000828B009B0C907C2EC0AF6471F0A05462AE
:104A9000E2801419E8004C88807B428767C000A040
:104AA0003C6E9063654512903E0EC0B101A181B18C
:104AB00005558181FC248161F8041209440AA41877
:104AC000D007E08048004D080E0FA20FFB80026463
:104AD0008245830B1084031114A4FA80B71F7B80D6
:104AE000828122AF3FBB806B1E0582B1849100049E
:104AF0008000408180001E05800040A3E040160A2F
:104B00000101F6750C0C98F1DD93F27CE57C030A4B
:104B1000041482B58E19618C00098403C02C65C110
:104B2000E484404AE200000C5D93DD93C1C381013F
:104B3000FA00004C64710000041440AF000BE084E4
:104B400080137C08E5000219684C6828D0078211A0
:104B5000F200084CC1C3DD93FA7C044C6C59001977
:104B6000829B402B887B0A6B84AB068B8111231BB5
:104B7000A19B8825A1AB80A5A18B8065002982958A
:104B8000402B6C1DE008429668045068E008569679
:104B90008445A30BE022407AE122427AE02A400ACF
:104BA000E026421AE6A2400AE026400A02028203F8
:104BB0001816EFFC960B81B1F27C0C4CC1C3DD934F
:104BC000FA7C044C6C59001982AB402B887B0A6B31
:104BD000849B068B8111231BA1AB86E5A19B80A53D
:104BE000A18B806500298295402B6C1DE0084296C0
:104BF00068044D28E00856968405A30BE022407A0D
:104C0000E122427AE126400AE12A421AE6AA400A53
:104C1000020282031816EFFC960B81B1F27C0C4C59
:104C2000C1C3DD9361900414442AA9310614668E31
:104C30008E39E1848121040381310603000001E5FE
:104C4000C09C678170140049E080420AC19008440A
:104C5000254F9E49A83F8821E040040A5D93FC95BA
:104C6000FB8000349F210111813103956884082461
:104C7000FB800634E34F804F618C0A44E184184482
:104C800084C902591844385F4647E084385F88C9B0
:104C9000A85F90498811235F020AAA3FF8F5E04017
:104CA00000345D93C1C3FB80FA7C040CEC701EF0F1
:104CB0009D8100AB81911E0B9D1101550210419CFD
:104CC000A11BEC0400A0FE9540B165F181459D114A
:104CD0000210419CA11BEC0485C5FE9570A44CA25A
:104CE000FA800E946EF10CB9940B402B6FFC710896
:104CF000000A8E1B86B5F0046CE914090C19C02C4F
:104D0000C02C62B1FA800004FA8002148435830B4F
:104D100073C040B047079E1B022B9EB983317C00B5
:104D20008013373FA62F940B8E1B042CE8004248BB
:104D3000120A8291F475E140648D00E69E1B4020CA
:104D40009D2101650420453AC13CEC04FE75A12B70
:104D5000648D40A69E1B4020452A8155EC0410809E
:104D6000A18BC12C7758FE75940B68440C0CB8F1DC
:104D7000DD93F27C833100136EF102190414C02B11
:104D80009E19618CA33F3C29002B8403C01662F955
:104D90004033A43FC01662F9C1C3DD93FA7C040C12
:104DA000ECD01EF002F0009B5C18E4C004F0680C2C
:104DB0001239E4B0C02B6C496C4112091219C02B96
:104DC000C02B6C456C4D12891229C02BC02B6C393D
:104DD000403A8D3E1239E682C02B6C3D6686548A7D
:104DE000E188020452019101402664810F2EC5A77B
:104DF0005221920BC02664915231893EC02664B183
:104E000012B98B1EC02B6C516C5512695211C02BFC
:104E1000402664D1E4A002F064F152A167D8C02614
:104E2000807BE80CA655A17B066445B77CBEE18873
:104E30008065A1BB82F5A13B6C1D12294296402BD7
:104E4000120BE0087A78866B4E966800230BE00818
:104E5000A0858C3BC5870D044BF67C14488AE00C7A
:104E600081B1600E440AC5078F04E006BE2E8B1484
:104E70000203BC4EE68A424A00000924FE0EEC04FE
:104E800000A084A381A16C0452118D0EC02C653D3D
:104E90004C928BE50C09F0ACC02B6EF162B14C5119
:104EA0004C51C02CC02C63F1F03C420092D5C51D82
:104EB000C81D8D447E149275C20DC9078F1490F5DC
:104EC0009095C30D618C00B4F01C44B083413E0941
:104ED000044412030019E888402C65C108A4868B9D
:104EE0000AF07A807C14E490F988581204340B3468
:104EF00040C1FA80402C65C10214920B62D8FA803E
:104F000006346FFC807BFA808A15A17B0AF03E0490
:104F10001E49E4801E39E0903C04E0A0FA800204BF
:104F200063F14C410404C02C920B7A80EFFC64A81E
:104F3000A17B807B1E09847582A160804BF6103BAB
:104F40004C01E00CC02C62B182B18924E53C170A07
:104F50004098E825920B68000E0B807B0C0CE8F162
:104F6000DD93F27CFA1C040CEC301EF08181006BA6
:104F70006C590C09A30BC02B02F08A858C0B6420A2
:104F8000E80C5D8888D5A10B6FDC40068008819114
:104F9000E080404A04F100600060C0AD80AD04F9DB
:104FA0000315800AFB800E047A800284E41008F066
:104FB0008C0B0121680042887C0A8E3BFB80129496
:104FC00080938281C18DFC044C93FC15C0166299BC
:104FD00098F18101F21C0C0CC1C3DD9382F5FC1D1C
:104FE000021483318211FA80F438030A08148215FE
:104FF0000834FA80804FE890FC85A14B81010816A7
:10500000C1C3DD93FA7C040CF80010FCECF01EF038
:10501000805B029B63FC120AFC2E8101900CBE4E49
:1050200080000B9810504937C0B066B10E503C3E1E
:10503000C0B0643181A101B181617E5E0E098585B8
:10504000930BE3C0FC04883580F5A30B6CE90A09D7
:10505000A018C02C8615830B7A8002B455788A0B71
:10506000000AEFFC1E55F00482D5C00C02A41C08F7
:1050700004F0E08882A1645082237E54806370AD86
:10508000804588BE02B1819582718281E53C170A14
:10509000A1ABF4E50A8B9EE5C0156A7DC987BC14F7
:1050A000FB8000146A810A0BD10D40159C00501042
:1050B000FB800284C01DC907DC005000EC18510AB7
:1050C0003E148465E090006400F0040C0195E45007
:1050D00041249F11EC0414A044118A23C02C617157
:1050E000FE15A1AB81318B750034850502F0608817
:1050F0000215E4500014FC008A03E0846E39002B92
:10510000810140158285A12B444A81014420E08021
:1051100040FF13F9C404000004247E350A13C1843F
:1051200042018231C02C6171F815953B947B2106B8
:105130008323A1434E8AABE38A25EC20645012F00E
:1051400082B1FFB18845D5BD00502464C0AF647101
:10515000E44004F060840264000B80630C19FC04DA
:1051600073D8E5002108EFFC0C198891830BE5004A
:10517000050102600E7440014201DB800E704000A8
:105180007E54C404EC204E8AC1C3F6B5C8773E04F1
:105190000101807C18FCF8F10C0CF000DD93F27C2E
:1051A000FA00040C0246026B0414E12884348321C3
:1051B000657500190045C01BC0066D496579000979
:1051C0008231401BA111232F880B212FEFE8754856
:1051D0008101180EF2000C0CC1C3DD93FA7C040CA3
:1051E000EC501EF0887B008B650D1009826B402B04
:1051F00060880274101384AB230B81214225869BA7
:10520000C00B61A5A70B8225100B8C7540156A7920
:10521000910C81B13E5E8505669100107C0EC0B197
:1052200042B8900B8E1B680002F049073C1EE44018
:10523000FB80160464300AF00C1B900B123B942B7D
:1052400043B8964B7E14E800FC24A10B8435881EDD
:10525000BE54910AFB8006040416973B4080400030
:105260004270DC0048505C006CD8DC008101CFFC4F
:105270000C0CA8F1DD93F27CFA1C044C807B026BD1
:1052800081810191407283250009F0A4C02C63F153
:10529000E3FC000A8D0B8225029480F58E0B7A8048
:1052A000EFFC448882918083E140120A900BFAB5AA
:1052B000F21C0C4CC1C3DD93FA7C040CEC501EF0C4
:1052C0004006006B0004E118191482BB088B8A7B2E
:1052D0000008869B7E1E84AB64F89111002BEFE8DA
:1052E000E44000F00A843E0E3C7EE09064E10660FB
:1052F000160BC0AD4DF8941B924B6FB4A17B807B15
:105300000C298265402B6C1D54588C0B8E1B680039
:105310008101230B090480E5C90781716FFD00023B
:105320007E14C0FF040CA8F10C0C8E0BDD93F27CF4
:10533000FA3C040C0E00026BC0B065716471100081
:10534000810140AF6004130683759DA178810E1919
:105350004410C001C917703CE6AA442A8D2B822351
:1053600080000E198000100B084867288404021082
:105370006C04129084818271FA35A19B0C0CD007C9
:10538000DD93F23CFA00040C0206006B5DF8E2804B
:1053900043F6E8480586600C7B98E0108C0B6FA8FC
:1053A000457601110C0BE0000C0C8C3B3E38F200F2
:1053B000C1C3E040FA9C040C4096006B4C01E00431
:1053C000402B6C1D0206827B8C0B6280E8485C08D7
:1053D000E4400E8A0C2982D5402B6C1DE00042B6B9
:1053E00068004DA850B68C0B230BE0008C858171B2
:1053F000618800740609919104948311A11F69804A
:105400004022C82781117984441281A5044AF91CDD
:105410004462F80C82115084C0004401E040020A4A
:105420000111FCB50C0B9F2167B88C3B808BE840C9
:105430008455A18B6AA90C09A30BC02B006084358D
:10544000408B66B1E0100206411E8145EC041290CB
:10545000FE95A19B900B8181F29C0C0C0C0BDD93B3
:105460000C0C8C1B1C78F29CC1C3E03CFA00040CB1
:1054700061004C46E004453640219814C02B6C1D59
:10548000442084288426F3EC84289814F3F84420DC
:10549000434604266258E01C83216844801898041F
:1054A000F3F442100C0C8016DD93F200FA80000C2D
:1054B0004186003B0004E148E00409466C1D46417A
:1054C0008048C02BFC9C084441C600468004E1484B
:1054D000830100166C2546218111402B6FF078A8BE
:1054E000080C862B0FD8F280C1C3FFF0FA3C040CE5
:1054F0008101006B68144D488181811168286FC853
:105500001286807BA404E13C421080188016F3BC14
:10551000E83072C8951103A18C0B0321E8445E2882
:10552000E11041468486801480A680048018A4047B
:105530000016E01979B88C0B00C6EFFC8004E12C52
:10554000421080180016F3F8E11841060086800426
:10555000E114410680188004F2FC42104146001616
:105560000004E11400868311E1144186008C80045C
:10557000E118000600868004E118004600868004D9
:10558000E11800C6008680040C0C8E0B0878F23CF3
:10559000C1C3E014FA3C040C816102AB807B21ABF7
:1055A000419C0CA4E00401166C1D4E01849B402B11
:1055B00050044C6047388101811168144256008BB9
:1055C0005CF8E0008E0B68140106216B4E01E004CC
:1055D000C02B6C1D012688A5941B60046C1D4E0118
:1055E0008E0B402B6FFC764841C6922B402072FDFB
:1055F000600102068004FFC00206020FC02072C1D3
:10560000FCC4000401C6040E8004E1988475A30B59
:1056100072C102068E0B4020EFEC76E8013681F570
:10562000941B60046C1D4E018E0B402B6FFC7408A4
:105630008195922B6800416842968E0B8E0B60001C
:10564000E81459086000426658B88E0B0311E8143C
:105650004258900B8C0BE814F23C0C0CC1C3DD9348
:10566000FA84040C0C0B806BC0156E0972F94000B3
:105670004C03C0FF40156E094C018101C02B64D55D
:10568000E8007D688C0B007BE8185E4868007C8829
:1056900047F88C0BA17BE80C49F886258C0B680039
:1056A0006800418801C68C0B42466FDC421EE00454
:1056B00002168311E01C4346F8084015EFF06928F4
:1056C0000C0C8C0B0A78F2840C0CE00CDD93F28449
:1056D000634900190656402DC00160016401403540
:1056E00083314005681540338121400A65454031CA
:1056F000070640224031E008401B656D4031E0194B
:105700004022654D4031A141402864894011AF31AC
:10571000402D6349601102264031C0C04028649189
:10572000E00C47F6632940159111400B67C94031E1
:105730000606402D4033E00840136985E08C0606DC
:10574000681140134011C00A40276315E01003861A
:1057500069914013438640134033E000401369953C
:10576000E00046866331401189114027633540319E
:10577000003BC027C00A69316C614011851140228D
:105780006C6540119D1140226FB1401102344022DE
:105790004021FCA8C02C6E51680940234023C00A58
:1057A000C00A680D611D40259521400A656540418C
:1057B0004043C01BC0146241648D40214043C02857
:1057C000C0136981631140414021C027C0226FB5D9
:1057D00069314013DD93C00AF87C040C600C148618
:1057E00063C0040E40A3C0BB40156DB5EFFC55F679
:1057F0006DC140A355F6401540A1E00C402C6CFD56
:10580000E07C0706636940A155F6402DC02072FD7B
:10581000645940250506400540A5E008400B64E1B9
:10582000E00457C664E540A5BDA1400B6E254021AC
:10583000832140296E8140B1B7B1402C63A940A1BA
:105840001456402DC02070016AE140331206401505
:105850004033E008401C626DE000468660240D86FF
:10586000E05C11C66E8940B1ABB1402C622540337B
:1058700046C6401C4021E000402B65114021A35149
:10588000402B65D1E0400E06668140218111402BFE
:105890006685402191C1402B6B8D40218541402B75
:1058A0006B9140214021C02BC02C6D616E5D402169
:1058B0004021C02CC02C6E616E9140214021C02C33
:1058C000C02C6E996331402140A5C02DC00B64ED02
:1058D00064F140A58DA1400B681D40214021C02DE1
:1058E000C02D69D969DD40214021C02DC02D6A7DC0
:1058F00064D54021A92140386B1D40630C0640153A
:105900004083F90040156DB1E0CC10D66E9540B1E2
:1059100016C6402C40A1E00C402D63D172BD55F657
:105920004023C020401C6211E01044C6622940336D
:105930000706401C4091E018C0296E216E29409155
:105940004091C029402C6E9D4051B591402B65C9B6
:10595000EFF04B866D9540650C0E400A4083FFC00A
:1059600040156DB9E0005066634940B11786402D7F
:105970004023E060401C62154033A121401C622D91
:10598000E0F84606632940914091C02DC02D63394F
:1059900063D940914091C02D402D640960011206E9
:1059A00040A5C020C00B64F964FD40A51466400BFF
:1059B000C02068016B194053995140156D9940659D
:1059C0008961400A6D9D40758B71400A6B954081DD
:1059D0008F81402B69A940B387B1401662314033B3
:1059E0004646401C4095E0F8C00B650565094095AA
:1059F000B991400B651140A540A5C00B400B651542
:105A0000402393A1C01C6221624140234023C01C5B
:105A1000401C6245E0180406620540114041C01573
:105A2000C02B653165CD40C14051C02BC02B6641B4
:105A30006AA140714061C02BC02B6AA56B8940618F
:105A40004081C02BC02C6D516E5940814061C02CEB
:105A5000C02C6E656E69406140C1C02CC02C6E8543
:105A60006E8D404140C1C02CC02C6EA56325407195
:105A70004071C02DC02D6335634140414071C02D40
:105A8000C02D6345635940B14071C02DC02D635D89
:105A9000636140614071C02DC02D6365636D40112D
:105AA00040B1C02DC02D637163A140714071C02D04
:105AB000C02D63A563D540714081C02DC02D640108
:105AC0006405407140C1C02DC02D64316435407102
:105AD0004091C02DC02D6439646140A14071C02D3A
:105AE000C02D6465646940914081C02DC02D653131
:105AF000653540814061C02DC02D68116A3140413B
:105B000040C1C02DC02D6A356A3940B14061C02DF9
:105B1000C02D6A7164D140114013C038C01C621995
:105B2000621D40534033C01CC01C623562394013B3
:105B30004013C01CC01C623D624940234023C01C6E
:105B4000C01C624D625140234013C01CC01C6255F2
:105B5000F07C0C0CC1C3DD93F83C044C614C444612
:105B6000E4500A0091C10A140C864834C0006195C3
:105B70004E860844C0006195E686443A619006442A
:105B8000E4100800558A8355EC0418C0C987D192E7
:105B900066A2502AE1F41494508A86A99493600E68
:105BA000FB001294508A8597D99EE686A1CBDD8EA4
:105BB0000012FA75619904860202C000619906C656
:105BC000881EC0000C4C8C0EDD93F03C04C6000215
:105BD000C0006199840D88245A005C08C00000064A
:105BE000619504868834C0004486870DC000019505
:105BF000C000042504358EB5870DE01C01990446CC
:105C0000042580008C858000833101A5FA8008344A
:105C10000845C447804DFC08823180B5F418070A56
:105C20000630FCC50A34EC040850FA80C4576404FA
:105C30007C080A350825C447A623FC080605A12BC5
:105C40008000040661955886460240000A55F18C92
:105C50000845FC30AA43FC30E17C18449843F5C762
:105C6000463A8D47443AE692CC27E08A04148A23C8
:105C7000619906868C34C000FA004032E682400A00
:105C8000E082402AE40042CAE200000CC1C3DD9376
:105C9000FA7C040CEC501EF0828B7C2E866B621812
:105CA00075B8BE1E6008EFFC81A19181E100000A79
:105CB000104609157C14C000000496038013FA8076
:105CC000EC0002198885C3AD400ABE149403E68631
:105CD000FA800E0460840074E08802747C040C1561
:105CE00000038C03C0016C01619C0414E43002F0D9
:105CF000C5077E2E00F0110C7698E440A10BEFFC56
:105D000050984E72C00000E60C014E018291C00412
:105D1000FA800094F415D10D8211BC14FA8000149D
:105D2000560AD10D120646A25E15C000FC35C00011
:105D3000BE0482A17C7581ABC00002060C0CA8F1E8
:105D4000DD93F27CF87C04CCE45DC2584008989561
:105D50008F5E81416100000A0B959101C0000046F1
:105D6000107498734E12FA800E99F0A0D34DEC0087
:105D7000508A8E858883E696FA801084F0A054229B
:105D80006C0114B9BDBBC004214B8C1564010E70AD
:105D90008A15C00388D5A59B64041280640014A0F2
:105DA0005622C013068470A416B9E08440046C0126
:105DB0008483C487169428B61420E084400E6401BE
:105DC000145BC49786A37C2C0455A85C205EFC243D
:105DD00064010A200A8BC00C86537C2C8F54948C4F
:105DE00006909C989C36EC040E648261C17DFA801A
:105DF0008D34EE1518348231C1CDFA80468258CAEE
:105E0000C0000C06C0185E358241FC357C958B4B7A
:105E1000C0000606F07C0CCCC1C3DD93E114424601
:105E2000841884146BF14011DD93C02BE14C000603
:105E300080088004E000004AE200000CC1C3DD934A
:105E4000614C000680048111DD9380166148418613
:105E5000E19805C683310004C2198018883E801677
:105E6000C1C3DD9361484186E19805C681310004D4
:105E7000421080188016F3F8DD93883EE148418691
:105E80008000800441C6A10D0005814800198000F2
:105E90004210800040119C04DD938000E14841865F
:105EA0008000800441C6A10D0005814800198000D2
:105EB0004210800040119C08DD938000E14841863B
:105EC0008000800441C6A10D0005814800198000B2
:105ED00042108000401193F4DD938000E148418638
:105EE0008000800441C6A10D000581480019800092
:105EF0004210800040119C10DD938000E1484186F3
:105F00008000800441C6A10D000581480019800071
:105F100042108000401193ECDD938000FAFC040CE9
:105F20008101006B680C7BC88181811161345686C8
:105F30002C04807BE14C1306832103A1A4048086FA
:105F4000A4048086A40480A60C158086C00B69F981
:105F50004086A11B00158FDC8C0B0000E8404DC86B
:105F600083112C04404600A68004E134A40480A6DA
:105F7000A4048086A40480A68C0B0086E81067A881
:105F80008E0B0311E80C78C867CD0C09A409C02D4D
:105F90008275A50B6C210C09A70BC02B8C0B80D52F
:105FA000F2FC0C0CE02C1228F2FC0C0CC1C3DD93AB
:105FB000FA7C040CED501EF09711006BE8104D2890
:105FC000EFDC4246400084088406F3F862650C0961
:105FD000404AC0152258E08C0C098000C02D6B850A
:105FE00021F8A10B0660800040B667A1E00400061E
:105FF000645004F08145811100004916A10BEC04A6
:106000001921FE953E3E81511B488101000AE000A6
:106010001B48F000525AC0008693E68AE02012A97D
:106020001249A1AB15F8802812B98000B1AB602CE1
:10603000E0281249E18400B440407C0E890EF0FC57
:10604000AC05FE4E1E05B3AB40028010004990988F
:1060500080150F4180000BA88EE5B5AB1E05B7ABD0
:10606000400280100041909880150E410C09AAC58D
:106070004015621189C4B9ABE68240CA9A80000417
:10608000909840020E410049A6E5801AA425BBABBA
:106090008A45BDAB81413FAB140AA6050C45E040E3
:1060A000800D0859140AA2850C45E044800D085D56
:1060B000140AA0C50C49E04880360185140AA0C521
:1060C0008685E04CE050140A890488158C03C407C7
:1060D00068E500458F35C00DC2078904004B8C036D
:1060E000C00A6DA189048F2500418C03C0156E4143
:1060F0006D4100010D35C0158904A0438C03C40710
:10610000686500458BB5C00D080409243C5EFA8023
:106110008C2389016F410439812140150E24854566
:106120008873FA800E708C73C06B6641110A988B6D
:106130000635F41CC40404207010000AE40418801E
:106140001C58FCD5FA80108410898C83C02E67C13E
:10615000FA800A54FA801084FA35915B93C1040BDB
:1061600089217BF5F40C448A18067675000AC00074
:1061700004047010A215FA80E080561AA000085896
:1061800006F07C040944E450BC548321E080400ABA
:106190005C100629F09040324420BE348026D004A2
:1061A000890495058C03C40764D100458175C00539
:1061B000C407890400458C03C00565D16001000651
:1061C000814BFC00800008F8E02412098445AB0BE9
:1061D0008465A30B8865A50B8885A70B8A85A90B09
:1061E000A015A10B814DA404A60490358265804DB5
:1061F000A40487D5814B0395814DA404A604809502
:106200008C85804D04F07C048944E4506080400A11
:10621000040983010735DC10D004400001E5A40423
:10622000A604804D09C4804DE45000F00029FC34E0
:106230008265FC30A404831509C4814BE45000F04E
:106240000029FC348205FC30464A7E440406E08086
:10625000018580007E44843BE080460A46208331ED
:106260009803D004BE3480367C0481D5E45004F019
:10627000404A894481016080DC10040988237E44FF
:1062800007158806BC549921564A845582E5E0805A
:1062900006F07C0409C4E450FE448121E080404AB9
:1062A0005C300629F0B04032FBE58026010A3E341E
:1062B00084F5F40C8685AFAB8A85A5AB8C25A7AB9E
:1062C0008CC5A9AB8E85ABAB9025ADAB8235A3ABAE
:1062D000C227882304438C23400C6D21EF5599215C
:1062E000FE44992172004040094582510823CF079E
:1062F000664100600624C05880236084640104293C
:10630000860340046C010043BE34C0010705C82762
:10631000882384438C23C427689104458585C00560
:10632000C427882304458C23C006609188238515E3
:106330008C23C2276921044B9921400C8823E965ED
:1063400004498C23401A6A41E7F59921006008232B
:10635000C0586641608406240429802340046001FB
:1063600000438603C0016C01C827BE346575A44391
:106370000B0A992124C8E4FC4C159FFC400B69EDE5
:106380004C158101400B69E985A58121645006F017
:10639000EC8008107C040639FB904A12647C030AE6
:1063A000EC7C08526C00104406CBA85318068211EE
:1063B0000EC4800081C168909C0058306F9006C464
:1063C0004682A9CFB80F788C0652267F4C05EC0484
:1063D000400B69E9AE2FA77F69ED4C25020AC00B7F
:1063E000F4B5E100A10BA40F0C098805C03864C501
:1063F00064C10C19430DC03864C5006086F5C0E166
:10640000EFDC42468818822B8816C2196E0D0C19D3
:10641000A31BC0368000021603114C1181F5803891
:10642000C209840883258406EFDC40468408801B6B
:10643000F3F8400000600406C0E164C5020A801859
:106440000210E3FC4011C4041EF0C0000C0CE55027
:10645000DD93F27CEFDC4046802880180419C217D7
:10646000F3F444208026A22FC1C3DD93EFDC028623
:10647000E0700229E084440A9A005C0864D500298F
:10648000A72BC02B800002299C20442080004221A1
:10649000FFFC1468FA00040C6C5100190029C02B91
:1064A000C0156141E08406146686422AFA800434ED
:1064B0006C494031060A402B421AF0004011E00AB4
:1064C000C02B6C41810180A5F2000C0C0029DD93EA
:1064D000402B6C1DE00842966FF845E8E0084C96AA
:1064E0000C06A30B8C0BC000F2000C0CC1C3DD9397
:1064F000FA00040C6C5500190029C02BC015614529
:10650000E08406146686422AFA8004346C4D4031D9
:10651000060A402B421AF0004011E00AC02B6C45DD
:10652000810180A5F2000C0C0029DD93402B6C1D2D
:10653000E00842966FF84308E0084C960C06A30B5F
:106540008C0BC000F2000C0CC1C3DD93FA04044CA8
:106550000C09806BC0156145EC040200F41C030AB1
:106560000C1982D5C0156141EC040410F424050A0D
:10657000400A80D5008AE6868435E5446C1D0C29E6
:106580000FF6402B03F6E0088C0B6008EFF840484C
:106590000D78A30B0C198000C015614161510C09E5
:1065A00004144015440AFA80050AE68A8295E4A09C
:1065B00061450C290C39C015C0156155E68A443A6D
:1065C000E484048A0C298495402B6C1DE0084E76E7
:1065D000600842767DF88C0BA30BEFF480000B284B
:1065E00061410C190C09C015C01561517A80021463
:1065F000FA80040461490C39422AC0158613E686E4
:10660000E4A0030A0C198415C015614561550C29D5
:106610000C39C015C015614DE686422A028A8613E0
:106620008415E4846C1D0C294E76402B4276E008DC
:106630008C0B6008EFF47B08A065A30B61510C097B
:10664000000AC01586D5F01061550C09A90BC015BC
:106650000C098635C0156141E080404A0C0980E58F
:10666000C0156145E080400A0C2982A5402B6C1DB5
:10667000E0084E066008420678D88C0BA30BEFF4B6
:106680000C099805C0156149F80C004A0C0984658D
:10669000C015614DF80C004A0C0982A5C015615166
:1066A000F80C004A0C0980E5C0156155F80C000A89
:1066B0000C2982A5402B6C1DE0084E16600842167E
:1066C00076988C0BA30BEFF40C098E85C0156141F5
:1066D00088B5A30B61450C09A30BC0150C098815DF
:1066E000C0156151EC100000F430010A0C0982550C
:1066F0004015615500008171008AEC108835F43432
:106700006C1D0C294E36402B4236E0088C0B60087D
:10671000EFF474280355A30BC0000E0661510C0959
:10672000B10BC015A90B82050C098415C015615564
:10673000A90B016561550C09B10BC015817100D51C
:106740000C4C8E0BDD93F2046C1D0C294E26402B55
:106750004226E0088C0B6008EFF471E80E06A30BEC
:106760008E0BC000F2040C4CC1C3DD93FA0004CCC4
:106770008101006B66350C1B9906C016424A9106D2
:10678000420660804C11E004C02B6C1D80000C5848
:106790006FFC6DE8A10B8C0BC0000BF861410C097C
:1067A00004F040150C19E420C01561456682401ABA
:1067B000E43002F063094C018C0B4015E8004B8873
:1067C00061490C099918C015614D0C291138C01583
:1067D0000C09C507401561414C118013402B6C39E1
:1067E000E188082461510C198643401561550C2934
:1067F000A30B401561450C394C41C015C02B6C3DB5
:106800006C514C114C21C02BC02B6C55060A809545
:106810009C45F004F40C070A4C218455402B6C4D28
:106820004C31EA0DC02B6C4563588C258C0B6FFCEA
:106830009C55A10B6C410C0985E5C02BF010060A94
:10684000680D86154C218931C02B6C4D6C454C313F
:106850008685C02B6FFC6208A10B8C0B0C0996B5CA
:10686000C02B6C418615AB0B6FFC6448FD158C0B7F
:106870006FFC6408A10B8C0B0C0992F5C0156141EB
:10688000F495E80D6C510C194C11C02BC02B6C49C0
:106890006C414C010C19C02B402B6C45FA80000454
:1068A0006C4D0C39401AC02B0C19E682C02B6C556C
:1068B0006C510C09000A402B0416E0404C2180006A
:1068C000802C0C816C490C294C11C02B002B0C6DB9
:1068D000FA8002140C694C01443A802B401AE68A73
:1068E000402AE6824C01E002402C6C79FA800204D6
:1068F00066314C134498C0168C0B68008295A10B2E
:106900006FF064E8A10B8C0B73B880F58C0B6824D6
:1069100068304F0821118C0B4C118321C01B65611D
:1069200065414C210CCCC022DD93F2006811004976
:106930000039C02740276815088A81010844E540CE
:1069400000408188068A0C500406E5000634810167
:106950000034818800009A8088068C40A13B8438EE
:10696000C4080630C1880634C0004231C0000409A2
:10697000FBFC000ADA800004C4080000C18800049F
:1069800040004401DD938101FA00040C680040C816
:10699000A10B806B0C0C8085DD93F2000C0C8C0B32
:1069A0008B55F200FA04044C0C19806BC02B6C510F
:1069B0006C550C09441AC02BA12BE5020C39860535
:1069C000C02B6C4D6C490C490C59C02BC02B6C452D
:1069D0006C410CC9464AC02B48CAE50E464AE5162A
:1069E000443AE50E0365E00AEFFC04226C1D0C2915
:1069F0004E56402B4256E0088C0B6008EFF45CC802
:106A00008805A30B6C510C198121402B6C550C0986
:106A10000424C02BC2077A80042201714C01ED00CE
:106A2000401B63054C11C217401B6301E0040006C4
:106A300063094C014C21C01BC01B630D63114C71D9
:106A40008E0BC01BF2040C4CC1C3DD93FA7C040C0A
:106A5000EC301EF08101006B630D0C7902F0401BDD
:106A60000C99E420C02B6C516C550CA9FC0EC02B6A
:106A70003C06890645188C0BA10BE800C0001006E7
:106A800000081E859095A10B641002F074F89E2BEF
:106A90008C0B6FFC8E65A18B6C3D0C390290402BEA
:106AA0003C48EC04EC0404A06C390C5981C1402B27
:106AB000A8338908608C083464200660A053C06D38
:106AC000C6570545124402C151CDFA80F0945412C4
:106AD000790046A1F0A4562282258CB66C510C99FF
:106AE0000A54402BC297FA80925301D56C550C4939
:106AF00081C1402B6C390C59C247C02B92432053A3
:106B00000E70C65782316C04F6B5A17B98F18101F5
:106B1000F27C0C0CC1C3DD936C510039824B402BCD
:106B20006C4900290019C02BC02B6C41C1C38725BB
:106B3000FA04040CEC301EF08101007B826B7C0EA9
:106B400002F03E0E7E98E4208E0B6FFC8415A10BA4
:106B5000641002F041188E0BA10BE800FC04823592
:106B6000401ABE140002E682180EEFFC98F1810173
:106B7000F2040C0CC1C3DD936C550039824B402BE1
:106B80006C4D00290019C02BC02B6C45C1C3812559
:106B9000FA00040C8285A13BE50A401AE00E400A87
:106BA000EFFC00028101100EF2000C0C0029DD93B5
:106BB000402B6C1DE00842566FF44EE8E0084C563E
:106BC0000C06A30B8C0BC000F2000C0CC1C3DD93B0
:106BD000FA045E65EC100CF0741C5E60BC6E88619B
:106BE000FE8003FCF804170CEC301EF081938183C7
:106BF00041C6C183432661488004E00C41860016EB
:106C00008004E148021480188016FC9CEFE456A82A
:106C10006F9C6248C1C38101FA00004C614841C6C3
:106C2000E00C433600168004601100060004C0200A
:106C3000E148438680188404FC9C02145518801691
:106C400060B8EFE481016F9CFA00004C614841C6D6
:106C5000E00C434600168004601100060004C020CA
:106C6000E148438680188404FC9C021453988016E3
:106C70005F38EFE481016F9CFA00004C614841C627
:106C8000E00C437600168004601100060004C0206A
:106C9000E148438680188404FC9C02145218801634
:106CA0005DB8EFE481016F9CFA00004C614841C679
:106CB000E00C439600168004601100060004C0201A
:106CC000E148438680188404FC9C02145098801686
:106CD0005C38EFE481016F9CFA00004C614841C6CA
:106CE000E00C43A600168004601100060004C020DA
:106CF000E148438680188404FC9C02144F188016D7
:106D00005AB8EFE481016F9CFA00004C614841C61B
:106D1000E00C43E600168004601100060004C02069
:106D2000E148438680188404FC9C02144D98801628
:106D30005938EFE481016F9CFA00004CE2C0002C4E
:106D4000614841C6E00C43F600168004E1484186E4
:106D500080188004FC9C02144C38801657D8EFE44D
:106D600081016F9CFE1C04CC6FF84628807B806BF1
:106D7000E0000E2A400105F8050180004C018191D8
:106D8000402B6C1DE19400061060009EC0AF641D96
:106D9000EFE87D688265A10BA0068701EFF8452822
:106DA000EFF84568EFE449E8EFE87D084586011112
:106DB0006AD8EE108C0B6F9C6FDC00866A788111AC
:106DC00044C66F9C0086E0004286600C4C15E03C97
:106DD000400E60D9600102064C05C07DC00E60CD3A
:106DE00060D14C054C05C00E400E60D54C058B01A2
:106DF000400E60DD4C158301400A6D49E05003E60A
:106E00006E914C010006402C4C13E400401667398B
:106E1000E0004216673D4C0300764016C020600932
:106E20006E014C13871140154C118096C03864C117
:106E30000006830510606194C0AF641C231B80149E
:106E40004C118311402B6C1DC0000206C000401580
:106E5000EFE45AA8646018F060188C0B8D04E810F9
:106E60008255A10BA19B8F94014680E58004E134FB
:106E7000A30B80045ED888958C0B680C10B6202874
:106E800002B6E0088C0B6008EFF0786868384AC8F2
:106E900051F88C0B8C0B68047D38A18B50006FF47B
:106EA0007D589C0041D8EFF40101EFE46A1883118A
:106EB0008C2B6FE40CCC900BDD93F61C680C7A489D
:106EC000008B8C0BA18B8C0B48788085FBF5EFF445
:106ED000E81464E8A18B808B7A18F6558C0B6FF45C
:106EE000E8004588400104488C0B0000EFF4476837
:106EF0006FF07F0801C68C0B42466FDC421EE00437
:106F000002168311E01C4346F8084015EFE466A81A
:106F10006800482800C68C0B9711614CA39B0004A5
:106F200081810191004600160004E14C80169D11FC
:106F3000745880B58C0B680C020E808B4010600179
:106F4000E5400006022B8185EC0400000233C934C1
:106F5000C69F841BFE15A10B72FD41C6009EC0207A
:106F600044188C0BA18BE8388135E4B5E83843C868
:106F70008E1B0C0B6FE86F08808B8E2BE255A18B5C
:106F80009F2101118C0B0331E8344DE8808B713562
:106F9000612000C680048111010600168004E120F2
:106FA000014600168004E120018600168004E120DD
:106FB00001C600168004E120400600168004E1208E
:106FC000404600168004E120408600168004E1203F
:106FD00040C600168004E120410600168004E1202E
:106FE000414600168004E120418600168004E1201D
:106FF00041C600168004E120000600168004E1244A
:10700000004600168004E124008600168004E12476
:10701000DD93801662650009024640150414E14CB8
:107020008809813144208428202FF3ECE134408604
:107030008311042600168004E134404600168004C3
:10704000E14C0106883680248816802400368004AE
:10705000E134400600168004E14C0086430600043B
:107060008016E000C1C3DD936805001B002BC00A39
:10707000C00A68016815003B004BC00A400A680955
:10708000002BE017400A680D005BA41F400A68113E
:10709000801EE037282FE027822EAA3FDD93C03ED6
:1070A000FA045E65EC100CF0741C5E60BC6E8861C6
:1070B000FE8407FCF804170CEC501EF081938183CA
:1070C0000161C183E03C41F66FA055A80106811122
:1070D0004F066198001AE14CE138440688449C341C
:1070E000001CC2194601A101402B6C1D1016831112
:1070F0008804831141F600665418E03C7BD8EFA069
:107100001C04E8144D188111A8F1E808F0041F0CC4
:10711000F6840FFCFD64BCF4C1C3C153FA045E6580
:10712000EC100CF0741C5E60BC6E8861FE8003FC89
:10713000F804170CEC301EF0819381830106C183A3
:1071400045066198001AE14CE13846868C54884423
:10715000001CC4194801A301402B6C1D1416831197
:107160008C0481118804801667CD0019C819C02DC0
:1071700067CD40118311402DE80849881F0C98F114
:107180000BFCF004BCF4F680C153FD64FA045E65A8
:10719000EC100CF0741C5E60BC6E8861FE8407FC11
:1071A000F804170CEC501EF08193818341F6C183E3
:1071B0008111603CEFA04E48614C4D069804A5112A
:1071C0006C1D40118511402BE8084708E1384F46F7
:1071D00080189C04E080420A0106864545066198B5
:1071E000801AE138C81988348C08801C8C06C209C2
:1071F00080188804F3F8421098048016E834756803
:10720000022618044518E0109C04E808400A80088B
:1072100084C5E08461980106E13845068834801A07
:10722000801CD019C4098C0888048C064210801870
:107230000016F3F4E02002264378980441F6E808AB
:107240008311603CEFA049C81F0CA8F10FFCF004AB
:10725000BCF4F684C153FD64FA045E65EC100CF0D6
:10726000741C5E60BC6E8861FE8407FCF804170C19
:10727000EC501EF08193818341F6C1838111603C03
:10728000EFA047E8614C4D069804A7116C1D401112
:107290008711402BE80840A8E13C0E4680189C046A
:1072A000E080420A010684E504066198801AE13C08
:1072B000E01988348C08801C8C06C2098018880468
:1072C000F3F84210023600169804E010E8047EE855
:1072D00080189C04E084420A010686050406619831
:1072E000801AE13C02148834801CFC94C4098C0888
:1072F00088048C06421080180016F3F4E020023651
:107300007D3898049C04E804400A80088A05E088D7
:1073100061980106E13C04068834801AFC98021446
:107320008C08801C8C06C80980188804F3EC421075
:1073300041C600168004E138421080188016F3EC34
:10734000001B9804C0156E09FC9802146E094013C6
:10735000023640157A98E0404C38E80441F6EFE0F8
:107360008311603CEFA040C81F0CA8F10FFCF00493
:10737000BCF4F684C153FD64FA045E65EC100CF0B5
:10738000741C5E60BC6E8861FE8407FCF804170CF8
:10739000EC501EF08193818341F6C1838111603CE2
:1073A000EF9C7EE8614C4D069804A9116C1D4011BC
:1073B0008911402BE80477A8E13C0F0680189C0453
:1073C000E080420A010686A504C66198801AE13C65
:1073D00002148834801CFC9CC2098C0888048C062A
:1073E000421080180016F3F8E010024675D8980491
:1073F0001804E804E00C4296E8044C6880189C04E9
:10740000E084420A010686A504C66198801AE13C20
:1074100002148834801CFCA0C4098C0888048C06E3
:10742000421080180016F3F4E00C42A64AB8980403
:107430001804E804E0200246E804738880189C04DD
:10744000E088420A010686A504C66198801AE13CDC
:1074500002148834801CFCA4C8098C0888048C069B
:10746000421080180016F3ECE00C42B648B89804BD
:107470001804E804E0400246E804718880189C047F
:10748000E08C420A010686A504C66198801AE13C98
:1074900002148834801CFCA8D0098C0888048C064F
:1074A000421080180016F3DCE08002466FD8980482
:1074B0001804E804E00C42C6E804466880189C04FE
:1074C000E090420A010686A504C66198801AE13C54
:1074D00002148834801CFCACE0098C0888048C06FB
:1074E000421080180016F3BCE10002466DD89804E3
:1074F0001804E804E00C42D6E804446880189C04B0
:10750000E094420A010686C504C66198801AE13CEF
:1075100002148834801CFCB000048C088C06FC9497
:1075200080188804F37C4210024600169804E2009A
:10753000E8046BC842E618044258E00C9C04E804D6
:10754000420A801886C5E09861980106E13C04C6AD
:107550008834801AFCB402148C08801CFC98000447
:1075600088048C06421080180016F2FCE4000246E3
:1075700069B898041804E804E00C42F6E8044048AE
:1075800000009C04820DFF1100C686B58014E13C0A
:10759000042484288426FC9C80188004F1FC42107A
:1075A00003060016842AE19804249804042CFCB8ED
:1075B000E8000246E80467A8430618047F98E00C38
:1075C00041F6E8008311603CEF9C6DA81F0CA8F108
:1075D0000FFCF004BCF4F684C153FD64FA045E654C
:1075E000EC100CF0741C5E60BC6E8861FE8407FCBD
:1075F000F804170CEC501EF0819381830161C18364
:10760000E03C41F66F9C6BC84F0681110306614C4C
:107610001C04E198E13C4646AB41042A40418C54AD
:10762000C02B6C1D7CBC0024040C832194268B1180
:1076300080668C0463989C049C04E804EFE0712845
:10764000603C41F669B88311A8F1EF9CF0041F0C6F
:10765000F6840FFCFD64BCF4C1C3C153FA045E653B
:10766000EC100CF0741C5E60BC6E8861FE8C07FC34
:10767000F804170CEC401EF0819381830161C183F3
:10768000E03C41F66F9C67C84F068111AD01614C2B
:1076900083811C146C1D42018301402BEFE472882E
:1076A000E13C41C60486801480048D119C048066F0
:1076B000E8045FC8603C41F666188311A0F1EF9CB6
:1076C000F0041F0CF68C0FFCFD64BCF4C1C3C15365
:1076D000FA045E65EC100CF0741C5E60BC6E886190
:1076E000FE8407FCF804170CEC501EF08193818394
:1076F00041F6C1838111603C6F9C64284F06816113
:10770000AF01614C42019C14402B6C1D6EF881014D
:107710001C04EFE45C988F110086E8048018EFDC0D
:10772000F8C0020A801880E5F0C04210E080020A2A
:107730009C1482B56C150219420AC02B0019E08412
:107740008018C070F3DC42109C0480166C15001980
:10775000420AC02B8445E08468045A88E01002760F
:1077600068D89C049C04EFE46E09001B4210C0150D
:10777000C0FD73FD6E0940130146C01583116140C1
:107780000016800400668311E03C41F6EF9C5F88A0
:107790001F0CA8F10FFCF004BCF4F684C153FD6487
:1077A000FA045E65EC100CF0741C5E60BC6E8861BF
:1077B000FE8003FCF804170CEC301EF081938183EB
:1077C000001CC1834000E2C002067F00840EE19CE1
:1077D000E340001C614C4106E14042C6B131000467
:1077E000834104246C1D40310846C02B8414812140
:1077F00091110426E80455A81F0C98F10BFCF00425
:10780000BCF4F680C153FD64FA045E65EC100CF024
:10781000741C5E60BC6E8861FE8407FCF804170C63
:10782000EC501EF081938183001CC1834000E2C0B4
:1078300002067F00840EE19CE340001C614C4F0671
:10784000E13442C6B3211C044DC604144021E19822
:10785000C02B6C1D18168418527893119808E804F0
:1078600082E5A70B84A5A30B8665A50B8855A10B04
:1078700002961C045198E010C183E8048385C1136B
:1078800002961C045118E080C183E8048305C713E5
:1078900002961C045098E020C183E8048185C3133C
:1078A00002961C045018E040C183E8048101C5130E
:1078B0000046980683116144812100048016A8F1D6
:1078C0001F0C80260FFCF004BCF4F684C153FD6449
:1078D000FA04044C68005EE8A10B806BC0001D48F0
:1078E00063290C39404E402DC0106CDD63210C190A
:1078F0000C29C02DC02D6325618408345478823949
:1079000082496F9C1BF8A10B0C39C000402D6339D4
:107910006CE5400E0C19C010C02D633163350C2985
:107920000834C02D823961846F9C5328A10B824991
:10793000C0001AA863490C39010E402DC0106CED2F
:1079400063410C190C29C02DC02D63456184083496
:1079500051D8823982496F9C1958A10B0C3BC00049
:10796000401669A96CF901CE0C19C010C02D6359DD
:10797000635D0C290834C02D823961846F9C508866
:10798000A10B8249C000180863710C3941CE402D0B
:10799000C0106D0963610C190C29C02DC02D6365E1
:1079A000618408344F38823982496F9C16B8A10B24
:1079B0000C39C000402D63A96D31400E0C19C01068
:1079C000C02D63A163A50C290834C02D82396184C0
:1079D0006F9C4DE8A10B8249C000156863D90C3932
:1079E000400E402DC0106D3963D10C190C29C02DEB
:1079F000C02D63D5618408344C98823982496F9CCC
:107A00001418A10B0C39C000402D64096D41014EC2
:107A10000C19C010C02D640164050C290834C02D58
:107A2000823961846F9C4B48A10B8249C00012C807
:107A300064390C39404E402DC0106D4D64310C1925
:107A40000C29C02DC02D64354A188239864B6F9C95
:107A50001198A10B0C39C000402D64696D5500CE02
:107A60000C19C010C02D646164650C290834C02D48
:107A7000823961846F9C48C8A10B8249C0001048BC
:107A80006F9C4F4841F681018311603CEF9C478811
:107A900063290C0903C6402D8414E1388209C70705
:107AA000424604060C09E138C02D6339C707841427
:107AB00004068209E13840C60C298014C02D6349B0
:107AC000C927843846308229A43FF3F880048436DD
:107AD00063490C198028C02D8419C917F3F4442078
:107AE0000026A22FE13841C60C2B8014C01669A9CC
:107AF000CB27843846308229A43FF3F8801484369B
:107B000069A90C2B8438C0168429CB27F3F446309E
:107B10008436A43F0C1B8004C01669A9CB178028AB
:107B200044208819A22FF3EC008600260C19E13CB2
:107B3000C02D636900168004E13C014664E10C1528
:107B40008004C00B0186001E0C15E13CC00B64E5EF
:107B5000001E8004E13C03C663A90C098414C02DF7
:107B60008209C507420604060C09E13CC02D63A941
:107B7000C707841404068209E13C40C664ED0C1575
:107B80008004C00B4106001E0C15E13CC00B64F1E3
:107B9000001E8004E13C434663D90C098414C02DC7
:107BA0008209C507438604060C09E13CC02D63D950
:107BB000C707841404068209E140004664F90C15E5
:107BC0008004C00B0086001E0C15E140C00B64FD54
:107BD000001E8004E14002C664090C098414C02D13
:107BE0008209C507030604060C09E140C02D64099B
:107BF000C707841404068209E14001C665050C1517
:107C00008004C00B4006001E0C15E140C00B650946
:107C1000001E8004E140424664390C098414C02DE2
:107C20008209C507428604060C09E140C02D64396B
:107C3000C707841404068209E140414665110C150A
:107C40008004C00B4186001E0C15E140C00B651579
:107C5000001E8004E14043C664690C098414C02DF1
:107C60008209C507020604060C09E144C02D6469B7
:107C7000C707841404068209E134014680048004A5
:107C80008455BF0B6C1D0C290EA6402B02A6E008E4
:107C90008C0B6008EFEC48080E06A30B8E0BC0009F
:107CA000F2040C4C8101DD93F2040C4CC1C3DD9352
:107CB000FA00040C0C09806BC02D632163250C199C
:107CC0007AD8C02DA10BEF980C099435C02D6331E3
:107CD00063350C197A38C02DA10BEF980C0990F57B
:107CE000C02D634163450C197998C02DA10BEF9805
:107CF0000C098EB5C02D6359635D0C1978F8C02D41
:107D0000A10BEF980C098C75C02D636163650C198C
:107D10007858C02DA10BEF980C098A35C02D63A1AE
:107D200063A50C1977B8C02DA10BEF980C0986F547
:107D3000C02D63D163D50C197718C02DA10BEF9816
:107D40000C0984B5C02D640164050C197678C02D2A
:107D5000A10BEF980C098275C02D643164350C19A4
:107D600075D8C02DA10BEF980C0C8085DD93F20027
:107D700064610C090C19C02DC02D6465F2000C0C57
:107D8000FF9834E8FA80000C6C1D00294038C02BA5
:107D9000A30BEFEC41F682558111603CEF986F0820
:107DA000F280080CFFD839E8F280080CC1C3DD93DB
:107DB000FA0C040C0C0B806BC0156E09E080400AB5
:107DC0000C298235402B6C1D0C0C8C0B3E38F20CB0
:107DD0004E46FFE80E09EFDCC209F810F8104E011C
:107DE0006C210C09A70BC02B42368CF58C0B600064
:107DF000E8005B8860044246573883218C0B68306A
:107E000081811C08F3F840009C089C06F3F44000B4
:107E10004E819C060C0BE030C0156E0973FD4000CE
:107E20004C03C0FD40156E0940F88C0B75F8E82036
:107E30008C0B6FE8614400C6E00042460086800477
:107E4000E14401860086800458B88C0B0C0CE800D5
:107E50003478F20C4256FFD88C0B6000E8005828AA
:107E60006E090C0B02064015FFC06001FC9800046F
:107E70006E094C0341C64015C02072FD020F8004FC
:107E800072C102060004C020040EFCC472C10206C6
:107E90008C0BC020F20C0C0CFFD832E8FA00040C5A
:107EA0008225A11B6F9866C8400683110C0CFA024C
:107EB000DD93F2007A024C06E03C41F66F986608CA
:107EC0008C0B8111F2000C0CC1C3DD93FA7C044CC5
:107ED0001206006B14C6E008574661141086E110C4
:107EE0008101613C817109956C1D4C918C0B402B7B
:107EF000E80044881415A10B0219C0008E75C0005B
:107F0000680048C828148C0B8418A10B420A8C9571
:107F10008C25E0848E1B0C0BE8004D08E0C8000A9D
:107F200062388AB52C04E81C832181119511001652
:107F300068304D882C048C0B801683118008A804AF
:107F4000E084404A40001605C0000206C00040110F
:107F50008018A004F3DC4210A004801642108018A0
:107F60000016F3BCE11000C6801880040016C21988
:107F7000E0004126E87D82710C4CEE05DD93F27C39
:107F8000FA0C040C6FEC7AC80E16806B42C66008BF
:107F90004C71E010402B6C1D4A3881218C0B6830ED
:107FA000614400C6E1245086A014800484388028EF
:107FB000E080464A444A8465FE25E08CEFEC7A086E
:107FC0006C1D0C290216402B6E58E0088C0B6FE8D4
:107FD0008095A30BE8304F484F188195A004E830F6
:107FE000400A800880D5E0848E0B8171F20C0C0C65
:107FF0007858DD930C29EFEC402B6C1DE0080E2621
:10800000600802266C788C0BA30BEFE8C0000E060C
:108010000C0C8E0BDD93F20CFA0C040C6FEC760852
:108020000026806B428660084C01E03C402B6C1DB2
:10803000457881218C0B6830614400C6E1245046AC
:10804000A014800484388028E080464A444A84A5ED
:10805000FE25E08CEFEC75486C1D0C290E46402B7C
:108060000246E0088C0B6008EFE869688095A30B76
:10807000E8304A684A388375A004E830400A80082E
:1080800082E5E084EFEC73C86C1D0C290E56402B82
:108090000256E0088C0B6008EFE867E88045A30B08
:1080A000008681718004E13CD01980188E0B001687
:1080B000F20C0C0CC1C3DD93FA1C044C806B027BE8
:1080C000EFEC70E860080036E00442266C1D4C01BD
:1080D0008121402B6830406800C68C0B52C6614439
:1080E0008004E1248028A414464A843884A5E080D2
:1080F000E08C444A7038FE250C29EFEC402B6C1DB7
:10810000E00810666008026664588C0BA30BEFE869
:108110004558809581E5E830E83045288008A4047A
:10812000E084400A100600E5697D8000E0005126E9
:10813000900B80A5F21C0C4C6E18DD930C29EFEC13
:10814000402B6C1DE0080E766008027662388C0BBE
:10815000A30BEFE8C0000E060C4C8E0BDD93F21C57
:108160006FA50025A12BC00B9A005C08E06C020AE9
:1081700004CD00259AA580050025A51B800B0A0DBE
:10818000840404200A0D402598C5800B0025A71BF8
:10819000800B0A15840404200A1540259685800B5F
:1081A0000025A91B800B0A11840404200A11402514
:1081B0009445800B0025AB1B800B0A198404042016
:1081C0000A1940259205800B0025AD1B800B0A1D66
:1081D000840404200A1D40258EC5800B0025AF1B9A
:1081E000800B0A21840404200A2140258C85800B01
:1081F0000025B11B800B0A25840404200A25402594
:108200008A45800B0025B31B800B0A2984040420B7
:108210000A2940258805800B86C5B51B0025B71B9C
:10822000800B0A2D840404200A2D40258485800BB0
:108230000025A31B800B0A09840404200A09402599
:108240008245800BFC044410E074040A832180B54D
:108250006A3140250025C00B400B6A01640106000D
:10826000C627C0BA448604334615E0004206E0340F
:108270004615FC060015E038C00B6A01441A82114D
:108280004015E10AC00B6A010015A12B000B0A057D
:10829000800004060A0140250210800B401584046A
:1082A000800B0A05C1C3DD936FA50025A12BC00B70
:1082B0009A005C086B7500250600400BC0BB65D1B9
:1082C000E0004A868623C6274606C81E0045FC06EF
:1082D000C00B6B7598214A3E4A4A82414045E116DF
:1082E000C00B6B750035A15B000B0B798000080695
:1082F0000B7540450630800B40358404000B0B792C
:10830000F024020A020A98A588C5F004F008020ABF
:10831000020A9A658A85F00CF010020A020A9C256E
:108320009E45F014F018020A020A8AE58E05F01C38
:10833000F020020A020A90255C08F0000015DA001D
:10834000C00B6CBD821188246CBD40154025C00B4C
:10835000C00B6CE50015DD93C00B6CC1401582119C
:10836000C00B6CC140158814C00B6CE90015DD937F
:10837000C00B6CC940158211C00B6CC94015881424
:10838000C00B6CF10015DD93C00B6CD582118824F5
:108390006CD540154025C00BC00B6CFD0015DD935E
:1083A000C00B6CD940158211C00B6CD940158814D4
:1083B000C00B6D010015DD93C00B6CDD82118824AC
:1083C0006CDD40154025C00BC00B6D050015DD931D
:1083D000C00B6CE140158211C00B6CE14015881494
:1083E000C00B6D090015DD93C00B6CC5821188248C
:1083F0006CC540154025C00BC00B6CED0015DD931E
:10840000C00B6CCD821188246CCD40154025C00B6B
:10841000C00B6CF50035DD93400B6CD16015020A82
:108420008231C0086CD140358834C00B6CF94035BE
:108430008445C00B6015020A5C08C0040015DA0010
:10844000C00B6D0D821188246D0D40154025C00BA9
:10845000C00B6D150015DD93C00B6D114015821119
:10846000C00B6D1140158814C00B6D19C1C3DD938D
:108470006FA50025A12BC00B9A005C086D1D00356F
:108480000800400BC0BD64716D250025C637C00BC8
:10849000864302216D254025A921400B4206D21EAC
:1084A0004815FC060015E010C00B6D1D441A821122
:1084B0004015E10AC00B6D1D0015A12B000B0D210D
:1084C000800004060D1D40250210800B4015840419
:1084D000800B0D21C1C3DD93FA04044C0C05806BA5
:1084E000C00B6FA58AA5A10B6DE90C05A921400B56
:1084F000668A440AE0880604F08C4E6200208C23D1
:1085000040BD67C16A38A9214006EF904E05FC06C0
:10851000C00B6DC96DE90C058201C00B6DE94C05FE
:10852000004A400B0C05F81C400B0DEDC000020684
:108530000DE94C150000C00B4C05C404C00B0DED3B
:10854000F2040C4CC1C3DD936FA50025A12BC00B19
:108550009A005C086EB10025863AC00BF008024B09
:108560001824065A041AE08C00C3C42758538023E9
:10857000C0176D7D6D7958135833C017C0176D75CE
:108580006D7158434206C0174415FC06C00B6E912E
:108590006EB100158211C00B6EB14015024A400B3E
:1085A0000015F81C400B0EB5C00004060EB14025A6
:1085B0000210C00B4015C404C00B0EB5C1C3DD933F
:1085C0006FA50025A12BC00B9A005C086F19002530
:1085D000C634C00B609008240043C427483580236C
:1085E000C00B6F2D4835C434C00B6F294835863415
:1085F000C00B6F2548158414C00B6F21FC06420682
:108600006EF944150015C00BC00B6F19401582118F
:10861000400B6F19F81C024A0F1D00150406400B91
:108620004025C000C00B0F19C40402100F1D4015D7
:10863000DD93C00BFA0C040C614C4D06E198034627
:10864000812118046E104786E1000AC60386040CD7
:10865000042EE198E19803C60286042E4025E1A489
:10866000400B6FA9E10000460486001E083EE100B1
:1086700066A108100210C0BF40B967F1E10005060D
:10868000944E980476F8881E1804EFF04071B57186
:10869000C02B6C1DEFF44EA842C61804840EE1985E
:1086A000E82C49A845861814880EE198682C49885A
:1086B0004286820B040EE198E03C41F66F94660816
:1086C000001C81115006E2C0C00061990046200ED6
:1086D0005618E19CA004EF94E340001C603C41F676
:1086E00064D8831183816F9443861804C480601515
:1086F00069FD40150396400BD98463096C1D4071D8
:108700004015C02BC00B6FA16FA540854058C00B12
:108710009804E800C1C3FFD5FA0C040C41F6007BB5
:1087200062D8E03C81116F94090181614E01B7115B
:10873000402B6C194E118E0B402B6C1D5118831160
:108740000E0BEFFCC0156E09E098404A0E1982E549
:10875000C02B64C58AF5A71BEFDC0286420A841889
:108760008A25E080E080400A051188C54F988E0B6D
:108770005F78EFFCA10BE8085F9880B58E0B680866
:108780000E0B806B40156E0940008311C0FF72FD17
:108790006E094E0341F640155F18E03CA16BEF9463
:1087A0000711A4D54DD88E0B72F8EFFC8E0B6FD449
:1087B000806B11E58E0B0911EFFC4D4864D50E0955
:1087C000A70BC02B108692D5A008EFDCF8C0000ADA
:1087D000A00880E5F0C04000E080000A0E0B905534
:1087E000C0156E09E080400A0E098E05C02B6C2171
:1087F0008C75A70B404AA0088AE5E08C8E0B1B11F4
:10880000EFFC4B086FD854C81D118E0B4A988E0B85
:108810007C18EFFC8E0B681864CD0E05E214C005C1
:1088200086E5C20DC809A0088E0B2006E8187F282F
:108830006E090E0B83114015FC9800046E094E035F
:1088400041F6401559B8E03C0B11EF9448988E0B57
:108850004138EFFC8155E80C8E0B1F11EFFC4828C6
:10886000603C41F658B883110E09EF94C02B6C118F
:10887000E098404A11118A8547388E0B0E05EFFCAF
:10888000C00E60F5400685054E05FC06400E60FDF5
:108890006F588E0B56B8E8088E0B6808FC06400629
:1088A00060F90E250E15C00EC00E60F561014E0573
:1088B0008221C00E60F94E250010400E4E05EC04DA
:1088C000C00E60F5F815A10BC313C183603C41F6DF
:1088D000555883110064EF940C0CFA80DD93F20C70
:1088E0006C194011DD93C02B6E0D0019A31BC0360F
:1088F000DA005C0863110019A31BC038002B82F555
:1089000040156E09E14C03C644208414C0FF72F187
:108910006E0940231EF8C015DD93FFD4FA84040CC1
:108920004106006B0004E11483218371C41980188F
:10893000410600160004E12800768511E128400672
:10894000007680047CD88C0B4046E828BD11612855
:10895000832100048C0B0076F2840C0CE0283C2868
:10896000FA7C044C4186008B0004E1280311827BD1
:108970005672866B154670888016E13440868D25C8
:10898000831161288121000441C600768004E1281A
:10899000020600167A58E010900B6828614400C661
:1089A000E12C0246841480048038A824A14B84481A
:1089B000884480858475A54BE08C460A8834808580
:1089C000FC95A53B6C1D102902C6402B5E38E008C3
:1089D000900B6FE4E00812C68CD5A10B612C0086C9
:1089E000000481118004812141C6180E8004E12811
:1089F000020600167758E010900B6828614400C604
:108A0000E12C0246841480048038A824A34B8448B7
:108A1000884480858475A74BE08C460A883480851D
:108A2000FC95A73B6C1D102902C6402B5B38E00863
:108A3000900B6FE4E00812C680D5A10B827108612B
:108A4000E6C5D67D920B8191F27C0C4CC1C3DD93BF
:108A5000FA00040C612842460414816104668321F3
:108A600073F883114006E8288004E1284106006677
:108A70008004E114421080188016F3F4F2000C0C0C
:108A8000C1C3DD93E0180015E05000256127E01711
:108A9000700142104025C300C0096E09E050002556
:108AA000FB8004240406241FC3C060016E0D401522
:108AB0000015C009ED17E054F3F042106841401171
:108AC0000015C027DD17E054F3F04210684540114F
:108AD0000015C0274011E058C0386315E058001554
:108AE0000406041FC30060018121051B80000226CB
:108AF00003154011020000388395E5708821043485
:108B0000C63BF137621142318434C027C63BE1379E
:108B1000621542318434C027C63BD13762194231D5
:108B2000C534C0274231C63BC027620D6061048A4C
:108B3000F8B5C00165D1020081214001463B837533
:108B400042318821C0266D71E13784344231C63B01
:108B5000C0266D75D13784344231C63BC0266D794D
:108B6000C63BC5346D6D42310434C026E040048AF2
:108B7000F13778F5680140310015C027E117E1842D
:108B8000680540110015C027F117E18868114011F0
:108B90000015C027E117E188681540110015C027AE
:108BA000FF17E18C67F140110015C027F117E18C28
:108BB000F0FC421067E140110015C0270025E18C50
:108BC000E917E18C9E194727A41FA02967ED4011E2
:108BD0000015C0270025E18CE117E18C9E1945277F
:108BE000A41FA02967E940110015C0270025E18CCA
:108BF000D117E18C44203E19241FF080E0040406C4
:108C000067E540110015C0274015E190C00A6EE9E4
:108C1000E1FC00154013E117C0136C29E1FC0015BD
:108C20006C2D40130015C013D117E2006865401188
:108C30000015C0274011E200C0276869E204001552
:108C40004011F117C027686DE20400154011E117CB
:108C5000C0276871E20400154011D117C02768755C
:108C6000E2040015687940110015C027F117E208E9
:108C7000687D401102004027C0026431453481758F
:108C8000EC0404206C294235A12BC0090200FE35FA
:108C90004003643181B58121842104344233E137BA
:108CA000C01368594233C534C0136855E500048ABF
:108CB0000200FC9540036731817589210420453409
:108CC0004235EC04C00A6B1DFE35A12B6771000014
:108CD0009311400341248175EC040210603D40254E
:108CE000A11BC0055D93FE35C1C38101FA00040CD0
:108CF000EF4C022980B5A12BEF3C02299625A12B30
:108D0000F931012181510741585283854C52780C29
:108D100082C3F890FC1818C991C1582F440A81B534
:108D2000C227609C73F9442018C040014420EC0421
:108D3000A1CBD8748251FCB5E1400A0A0706F8F5C8
:108D4000040A61380C34FBFC9FF8059EFA80042469
:108D500002398C2E872BEF4C074680F58C34E1349A
:108D6000AF3B8C34021986F5832BEF3C034680F52C
:108D70008414E134AF1B8414024684B50CE661947C
:108D80008638E0086C1D00298466C02BF3F046305D
:108D90000636C439E00802E6EFE07FE88255A10B11
:108DA000005681858018E194F3F042108016C219B4
:108DB0008C0B8161F2000C0CC1C3DD93FA00040C32
:108DC0000206006B4C38E2805A98E82C8C0B6FFC42
:108DD00045F601110C0BE00C5C388C3BA10BEFFC51
:108DE000637882D58C0B6FFC8C1B0C0BEFFC780826
:108DF00080B5A10B6FFC648881018C0BF2000C0C18
:108E0000C1C3DD93FA0C040CB911006B682C4A083D
:108E1000E4100E60812129118E3B0C0BEFFC5A28C7
:108E2000A17B807B615880C58C0B6FFCE0001E0825
:108E3000642010600921851159388C0B903B6FFC20
:108E40008C0B007BEFFC60681D18A17B2014C00018
:108E5000E1080E0604149C04D11761C07A80061440
:108E6000FA800424A1391F2968005C681C04891158
:108E7000E114034684148008830B8418C0001AE8A8
:108E8000E1340146800480041A78A90B5A1480004A
:108E9000E1444F0604149C04F11761C07A80062453
:108EA000F87C4410788046305A588B111C04E80036
:108EB000E14842C684148008830B8418C00018E877
:108EC0004F465A149C04E14461A00414FA80021431
:108ED0007A800424F88046108B113F29E80058C896
:108EE00043061C048008E148841884141758830B37
:108EF0000C45C000028660108404E148E1E00444AF
:108F000044200038C43DFBFCE14780D5FA8004448E
:108F10008065C53D84048026038600088414E148EA
:108F2000830B8418C00015A8E0100C05E0B8400AB7
:108F300002468485D507614886090424040488060E
:108F4000E14803C684148008CB178418830B861964
:108F5000C0001448E0100C05E0B4400A0206848505
:108F6000D10761488609042404048806E14803C641
:108F700084148008C7178418830B8619C00012E870
:108F8000E0100C05E0B0400A43C684458E096144F8
:108F90008806842403C604048008E14884188414E5
:108FA000830B8E19C00011A8E0100C05E094400A54
:108FB00042068405C707610886090424040488065C
:108FC000E114038684148008830B8418C0001068A1
:108FD000E0140C05E0F8400A02C68445F107614838
:108FE0009E09042404048806E1484206841480088B
:108FF000830B8418C0000F28E0140C05E0F4400A2D
:1090000003068445E90761489E0904240404880690
:10901000E148424684148008830B8418C0000DE8A0
:10902000E0140C05E0F0400A03468445E10761487E
:109030009E09042404048806E148428684148008BA
:10904000830B8418C0000CA8E0140C05E0B4400A9F
:1090500043868625C9076100840904244630883880
:10906000A03FF3F404048836E11403C68414800896
:109070008418C307C01FCD17E080424A0C05AAC55B
:10908000400AE0148605E0B0610043860424C90765
:1090900088388209F3F846308836A03F03C60404B6
:1090A0008008E11484188414C01FCB17E080424A62
:1090B0000C05A485400AE0148625E0AC6100434617
:1090C0000424C50788388409F3F446308836A03F65
:1090D00003C604048008E114C3078414C717841866
:1090E000424AC01F9E25E080E0140C05E0A8400A1B
:1090F00043468605C5076100820904244630883846
:10910000A03FF3F804048836E11403C684148008F1
:10911000C5178418424AC01F96E5E080E0140C058C
:10912000E0A4400A430684C5840961008838842489
:10913000F3F446308836A03F03C604048008E114E7
:1091400084188414424AC01F90E5E084E0140C05A2
:10915000E0A0400A4306848582096100883884249F
:10916000F3F846308836A03F03C604048008E114B3
:1091700084188414420AC01F8AF5E080E0180C05A8
:10918000E0F4400A02468605EB07610487310414C7
:10919000788C460284288609F3F044200426A62F02
:1091A000E1144206841884148619CB1784B5811BF8
:1091B000E0180C05E0071A147001400081714300AB
:1091C00061C00414FB8002146E094C25A20F4009F3
:1091D0006E0D4C0581B5C0096C1D0C294E66402BE7
:1091E0004266E00C8C0B600CEFE05D680C0C8E0BA3
:1091F000DD93F20C69840824E9840A341844004899
:10920000B85FE0840425A75BE98402448625A35B5C
:1092100086A5A55B5C08A15BC44DDA00A11B806537
:10922000A11B84858185863582E5A11B5C08A31B73
:10923000C44DDA00C74D82559A005C08DD93803634
:109240008205C44D80D5A11BDD9380268016811137
:10925000C74DDD93A31B8065DD93FC45FA1C044CD0
:10926000986B008BEFF875C867C10E80434640AE1F
:109270000121E00C7758900B8E3B6FF8A10B819188
:109280001C1482357FFD45FE434AC03F120CE408A2
:10929000980EE2000C4C9A9EDD93F21CFA84040CAA
:1092A00061984F061C6E806BE1000206E828650895
:1092B0008C0B1C14E80040888C0B1C14F2840C0CE2
:1092C000C1C38765FA84040C807B026B600840266A
:1092D000655002704E01C089402B6C1D6411006006
:1092E0000921C0116A9881310060E8184011642199
:1092F000650102702921C08969F881310060E81890
:1093000040116471656102702121C0896958813101
:109310000060E818401164B165A102704506C0897B
:1093200089316018F2840C0CE0182888FA7C040C4F
:10933000ECF01EF082BB006B6E050C09A30BC0366F
:1093400016099675C00464A1E3FC000A0C0994A5F3
:1093500040386321E19C4E0A001A81810B38E000FD
:10936000C0002001600C00564C01967B402B6C1D08
:1093700066B112601460C0BF40C06521641100B0C6
:1093800002B0C01140146461662116600460C0AE72
:1093900040AE65A165E1187009BEC01F64C10660DA
:1093A0007ECEC0AD652108607C2EC0AD65410A60EF
:1093B0003E1EC0543C0E941B5538920B8E2B6FC42E
:1093C00063210C094E0A4038001AE19C07B8E000FE
:1093D000C0002001600C0066656006604C01C0D8CA
:1093E000402B6C1D141B920B4D988E2B964B6FC00F
:1093F0004E0A0DA54046E19C434660084C01E14CF5
:10940000402B6C1D641104B01860C01140AE65A102
:10941000640110B00E60C010409F67616611086063
:1094200014B0C0AD401365B1679112B017BEC01043
:10943000662116600404C0AE66D102600FBEC0543F
:109440006451066019BEC09E0D9E8EBB66710A6097
:109450008B8EC0A2FECE89AE186013CEC0A364A1CD
:1094600008607C4EC06C6701964B3E4EBCCE9B8E16
:109470009D2E951EEFB84988A18B808B405688752C
:109480000A606008C0A164706C1D4C014146402B0D
:109490001734E14C9924964B0230800440146461E7
:1094A00065E10E30892EC01FFC1EFE7E9B249D149C
:1094B000861B3E1E923B3CAEEFB44EE8A18B808BE8
:1094C000A18B8A456E890C051056400A0C15C00CFC
:1094D000C00A6E8D6E910C250C35C00AC00A6E95BF
:1094E000693D4C034060400A4C13DC00400A69416E
:1094F000C00C025669454C234C33C00AC00A694966
:109500000C1D0C294478C02B100BCFE00C0CF8F18B
:10951000DD93F27C60084266E14C41466C1D4C11C3
:109520000260402BC0B667010A601924C0A366E13F
:109530009B3480048E2B7C2E9514BE1EBC1E93443F
:1095400069589D1417B4EFB4A18B808B9FFC301821
:109550004E0A77A5C1C3E99CFA7C044C4106008BF6
:10956000008EE198E100020668284F280191900BD7
:10957000E6D45406836117B1817109C56E19101BB9
:1095800000644015801FE8A49005A11BE1344386C8
:109590008428841480A5A12B801F84188CC5A11B4E
:1095A000F0A44C8268810C09000AC01B410663FCD0
:1095B0008014E198049480E5900B7A80E8004328B9
:1095C00068188145900B6FFC68810C090606401BEA
:1095D0000C14E138EC0404B0000A83611005E3FCCC
:1095E0001009DC28002707E55005A17BC00A6E6939
:1095F0008255842CE1984106900B0014EFFC698899
:10960000613806068C04807B029180BC84B188A1FD
:10961000E040120A8E0BEC95F27C0C4CC1C3DD933A
:10962000FA0C040C808B027B600840365001846B7E
:10963000402B6C1D641100700280C011406D65717B
:109640004FB889218131681864210070028040116F
:10965000C06D652181312921E8184F0860880064B8
:10966000658002800225C06D82037C0089310C1365
:10967000611D4E250025C0014E25E04040016121BD
:10968000E0184506E080000561254E050209C0018D
:109690004E01E300C00464A163400209E0184306E0
:1096A000E686426A64A54E018283400464B100707C
:1096B00002804011C06E6501F20C0C0CE0180BE842
:1096C000FA3C040C15C6006B1060E1A0405466D152
:1096D00065411260286EC05467610E60100BC0AE09
:1096E0000C2B921B6A388E3BA10BEFCC282484559F
:1096F000121B900B6C188E3BA10BEFCC00001425B5
:109700009C0040801C0042909C0046708FCC68E812
:109710006E890C15A10B400A6E8D0C250E06400AB1
:109720000C358000C00A6E916E950C454C13C00A32
:10973000C00A693D69414C234C33C00AC00A6945DF
:1097400069494C438265C00A6C1D0C290E56402B9A
:109750000256E00C8C0B600CEFDC71E80C0C8E0BED
:10976000DD93F23CF87C040CEC601EF061410019C2
:1097700015C640150029E01040156145422A81B107
:109780000029E686C0156211FA80021404000B2E2F
:10979000C066664904007E2EC058665104007C2EC7
:1097A000C06B664597C5BE2EF08C44026F410479AC
:1097B000E57DC0158B2482D5E68A483AF0904402B4
:1097C0006E410429F02DC01A544A80D58075E48872
:1097D00082B1157569910029A52BC02B40880444DE
:1097E000C0000A16D08044220891049586B5C005B1
:1097F00060840444802383516D2104630454C00CAD
:10980000CF2DFA80808808449080484208910895BE
:1098100088058005825108238023C2276D210423F7
:109820008D2DC00CFB55FAA5FA8004540844CF2DA9
:1098300048428084086B9080800C0D21082382654B
:10984000C427825104258023C0056891FAA5D22D32
:109850000B24F905FCC4D5974A2A899EFE24E68E7E
:1098600060840654E088085498433EC4046404337A
:10987000FB27FB00985306291064846383617B00F7
:10988000858709C5F02D9428544A80959025E48851
:1098900018248C2286C9E1F4042498238527FB0030
:1098A0005822102412C0F1A0130AEDB0C004647550
:1098B000D52702E56D4018C0E004524660A658CA9C
:1098C00089948221EC0818C0E00A449A099483D54F
:1098D000190A8221C0026045600A449AC00013E65A
:1098E000402658CAC0041306589202F59F91D1B081
:1098F00066A658CAE00452466EC118C058CAC004D1
:1099000018C0E0A6D82DEC14C00004D6C0004A212F
:109910008431026182510841ECB5CF6D06B4EBA5EC
:10992000C33DFA800101D0550C0CB0F1DD93F07C01
:10993000F81C040C63150019A51BC03800199415F8
:10994000C03864D19275A11B614100198131401565
:109950006145002989414015E686442A62110019B3
:109960000795C015FA80042470B04A02E68658CAEA
:1099700067410A508161405798838585F0A04E0267
:109980006E410E99AB9BC01AC28786F51083808307
:10999000C00C6D21E1F4128400938699401C626D25
:1099A000108492838587FB0082D5928D6A410E894F
:1099B0000099C01AC03864D5D28DC38706410E7095
:1099C0004E41806B8261800010641478CF8DFA80E4
:1099D0008231F4B5FA801834F0F5C5CD0C0C810154
:1099E000DD93F01CF804040C61410019FB314015B3
:1099F0006145002981414015E686422A621100290D
:109A000009F5C015FA800214668A4A7A66400C008D
:109A10005862C05818C9F094C0046C0118062BCBCA
:109A20008675E0800E798073C0156F4184A5A17B97
:109A3000E084185481C118636C010C63876DC00108
:109A40000CC480C58CC3E1FC83C701F5600D0D0A11
:109A500059F6402082C5E07CE17C0CC48CC3F967D8
:109A600018C089C70053E5C84AC18241C01A624183
:109A7000186483850D0A61F4C003607C8CC386C9B9
:109A8000FB0018C485C776E5617D0D0AF8B5C009ED
:109A9000E17C0CC48CC3FB677D6587C7E53018C0CB
:109AA000FA800E44EC35C37D0C0C8101DD93F0048B
:109AB000FA9C040C5106006B206EE198670112605D
:109AC0000315C0940C0B8171C01666356080404A46
:109AD000E01000065C004060DC004270CFDC42A871
:109AE0008271650EE2300E0A2014FAF50C0C8C0B14
:109AF0008115F29CFA04040CEC301EF00006006B99
:109B00004C01E00C402B6C1DE14C414664810E6021
:109B100018604099C08B646104603E7EC0AE66A14F
:109B200006600004C09F6761652108600A6040A26A
:109B3000C0A366E16218BCCEA10BEFC80E0602A559
:109B40000C298000402B6C1DE00C0E56600C025658
:109B500052188C0B0E0BEFDC0C0C98F1DD93F20419
:109B6000E10400068008800482095D93FA7C040CFD
:109B7000EC301EF08101008B6FF05928817181114A
:109B8000600447C61005806B40096E0D6561048056
:109B90001015C0ADC00A6D496C1D50315C58C02B0A
:109BA000809BEFC482C5A19B6C1D1029900B402B9C
:109BB0006FDC4F280311921B57188C0B1575EFF0B3
:109BC0007C6E927BE10401466D5910158004C00A39
:109BD0001005801EC00A6D596E0D10155BF8C00986
:109BE0000000EFC4C0806401E1C012046FCC64883F
:109BF000100B920B6BD8921B100BEFCC65D8921BFD
:109C0000100BEFCC6898921B0146EFCC02866118CE
:109C10008004E1188424800804048806E104038693
:109C2000102B8008C016673950018414402B657DC5
:109C3000E10401C68321042C673D101B8004C0167B
:109C400041C6001C8004E100C219801800460016BD
:109C50008004E104D0198018900B001660CD101517
:109C600063F8C00E1009E82040386315E1041406BB
:109C7000A50B83210E9110194106402C0005C1103F
:109C80004011C000891140000016A8041015900B67
:109C9000C00E60D1E82062688F61280400668321CD
:109CA0001015900BC00E60D5E82061C81676280408
:109CB00000B6E0044C58900B5075E800400E60ED83
:109CC0005075A10BC00E60E960F150758885C00E1B
:109CD0000346FC640186E11883A1611880A6800414
:109CE00080088404409A82015003E002C0156E018E
:109CF000EFE04D68E11800C680A68004E820660801
:109D0000EFCC4F088C0B0311EFF04CA898F10E0B21
:109D1000F27C0C0C1015DD93C00E60E560DD1005C3
:109D20008211C00E60E55015A10B400E5015831135
:109D3000C00E60ED60F150159685C00E83913E9E79
:109D4000A8048905421080188016F3EC8018A80436
:109D5000F2FC4210A8048016421080188016F3F41A
:109D60008018A804F3F84210A80480168321002666
:109D700060D11015900B400EE8205B488321280429
:109D8000900B006660D510155AB8C00EA804E820E4
:109D9000900B00B6E80045689015A10B60E5100532
:109DA0008291400E60ED10158201C00E60E55005F5
:109DB0008211400E60DD10055015C00EC00E60ED22
:109DC00089210201EED5C19D6C1D10290236402B60
:109DD0007E18E008900B6FD8E0080E36831100ABB8
:109DE00045D8FC0421ABEFF03E94806B80000E065A
:109DF0001029EF15402B6C1DE00802366FD87CC887
:109E00000E36900B00ABE008FC048311EFF04488A1
:109E1000806B21AB0E066BF510058000400E6105CE
:109E2000E118034660E150955095C00EC00E60E900
:109E3000D30D7C6401055095BE94C00EC1C3E9D515
:109E4000FA00040C60D900158121400E682054A846
:109E500000C68161038661448004E1008028841487
:109E6000464A843800C5E09080000C16E08C444AD5
:109E70008C0BFCE5F2000C0CC1C3DD93FA1C044C06
:109E80008101006B6FF040C8818181110186007BE8
:109E90000004E118E00443D66C1D4C111286402BDF
:109EA0008086E13C6E0D0C05A414C0098201D9071F
:109EB0006E014C038408C015F37C400000060406C4
:109EC0008014E104442084288426F3EC8428801440
:109ED000F2FC442080148426442084288426F3F451
:109EE00080188004F3F8421041C600168004E10097
:109EF000421080180016F3F8E10400468018800430
:109F0000F3DC42107DB88016A404EFDC0214801844
:109F10008016FC94EFC87E688E0B0311EFEC7C0872
:109F2000E11800C680868004F21C0C4CC1C3DD938E
:109F3000FA04044C4326006B0C01E004C02B65B509
:109F40006C1D4C11400AC02B0C09E084C02B05A9E4
:109F500043068C958418EFDC80B5A31B66E90C09D9
:109F600085B5C026F700008A0C1980D5C02666ED9D
:109F7000FCA5A11BE098404A0C1980C5C02C6CFDC3
:109F80008265A11B820DFF110C198215C02666ED9A
:109F90000465A11B80004046E094400A05A90C0915
:109FA0000260002B80AD05B1044102608418C09EA0
:109FB00008450C098203C027E10042868406841408
:109FC000A10B8408840880A5E504008A404680959A
:109FD0008406E00061004E469C04832142108018F4
:109FE0008016F3DC80189C040016C219479887116C
:109FF0008C0B682083211C04C41980189911001649
:10A00000682047089C048C0BC81980180C4C8016DB
:10A01000DD93F204E10441C6801880048016C21961
:10A02000C1C3DD93FA04044C4246007B4598E0042A
:10A030008121682000C68161038661448004E100BB
:10A0400080288414464A84388425E098E08C444A69
:10A050000E29FE25402B6C1DE0080C866008028648
:10A0600069988E0BA30BEFD8C0000C06E8204A8835
:10A070000C4C8C0BDD93F204FA00040C41F60161E8
:10A0800057D8E03C81116F88E14441C68066800466
:10A09000EFDC6EA8EFDC7148EFDC7328603C41F622
:10A0A00056D883110C0CEF883358F200C1C3FFC897
:10A0B000FA00040C40C6006B4C01E008C02B6C1D7C
:10A0C0006D490C054C05C006C00B668566850C0500
:10A0D0007778C00B0004EFC04C05FB80C00B66898D
:10A0E00065390C094C01C02BC02D6A35653D0C0942
:10A0F0004C01C02BC02D6A39F2000C0CC1C3DD939A
:10A10000FA00040C40D6006B4C01E008402B6C1D9B
:10A110000C059111C008695966794C050C09C00BF2
:10A12000C02B65CDEFC072A86A054C010C05C02D8F
:10A13000C00B637D667D4C050C0CC00BDD93F200FB
:10A14000FA0C040CC417006B600840E64C018C1339
:10A15000402B6C1D0205847BC0066D6166794C0541
:10A160000C09C00BC02C6E316D0D0C09A30B402CDB
:10A17000404A84150060E08C00AD054D05A10260E9
:10A18000006080B340AD05490591026081C5C0B350
:10A19000608C404A65C002600060C0B380AD054578
:10A1A000054100608008C0AD91110484EFC06E6865
:10A1B0006A054C01A37B402D03890C854C85800BDF
:10A1C000C00B667DF20C0C0CC1C3DD93600848F631
:10A1D00040418231C02B6C1D66710045A14BC00B04
:10A1E00006710045463AC00B4035C012C00B666987
:10A1F000666900350045C00BC00B666DE192463ABA
:10A20000666940354021C00BC02D69D169D5401128
:10A21000DD93C02D6008430640118921C02B6C1DC1
:10A220006A7140210019C02DC02B65514015D61709
:10A23000C00B66916D5100154015C006C00B6695A8
:10A2400069D10019A51BC02D031184D540118121AE
:10A25000C02D6A7565F500154015C00BC00B6699D9
:10A2600065F900154015C00BC00B66A166B140250D
:10A27000DD93C00B681500198121402D6A754011CE
:10A280000015C02DC00B65FD669940150200400BFE
:10A29000C0B666C168150039872DC02D9A005C08CC
:10A2A00078A80235024582210055F898C00B6669EE
:10A2B000E692485A424586430235F810C237F810F4
:10A2C000F8104235F810023569D50049C247C02D53
:10A2D000084B8043C0146669E012463AF8104235D4
:10A2E000F81002354235C3370235F8100245F888B8
:10A2F0000055F878C00B6669E692485A844E86434A
:10A30000C23784348434843E69D50049C247C02DA5
:10A31000084B8043C0146551E092463A8434843E31
:10A32000C53E8337C1C3F785667D00154015C00B58
:10A33000C00869456A0500194011C02DC022654951
:10A34000C1C3DD93667D00154015C00BC0066D4D81
:10A350006A0500194011C02DC01B6569C1C3DD939A
:10A36000E0280225E02C0215695D402545F64008ED
:10A370004015E02CC008696162C94023DD93C0111B
:10A38000FA9C040C808B046B608800645282827B90
:10A39000433670805011E008402B6C1D66810090A0
:10A3A0000270C06D892164A06810648800908131BA
:10A3B000406D6781E4B0027081310921E81063E8E3
:10A3C00060184106E4C002706682406AE024040618
:10A3D00080838531650100800C0CC06E22D8F29C10
:10A3E000C1C3E010FA0C040C826B007B6CFD0E39CB
:10A3F00043F6402C6EB8E00C85216FFC6FFC70C8F2
:10A4000067F88E0B8E0B6FFC600840A665E002704B
:10A410004E01C0B6402B6C1DE14C41460470000457
:10A42000C0B6664164A0086062188C3B008BEF9454
:10A43000E00841266C1D4E010070402BC08965A1CB
:10A4400064C00260E024040668105F88900B8531C8
:10A45000F20C0C0CC1C3DD93FA1C044C866B008B10
:10A46000708852821219827B401B688110398321C7
:10A47000C02C6CFDEFFC6AC86FFC6CE81219900BE5
:10A48000401B688165D8900B8C2B6FFC600840B630
:10A4900065E002805001C0B6402B6C1DE14C414686
:10A4A00004800004C0B6664164A008705DF88E3B6D
:10A4B0001229EF94401B6881100B806B76188E1B5D
:10A4C0008C0BEFFCF21C0C4CC1C3DD93613000C659
:10A4D000E1300306054600040786E13009C6613015
:10A4E0004A06E130584661308004E1308414841417
:10A4F00000138824E13040868C3488248C34841303
:10A500008613904494549044945488138A13B0C48E
:10A510008004B0C48004981382035D93FA00040C95
:10A520000146006B0004E124E12445466E090C1548
:10A530008008C009C5078824440008344DB8F00CD1
:10A540008C0B68206CFD0C198121402C64B54C05E6
:10A550004C21C005C01562E162E94C214C11C015C7
:10A56000C01562EDF2000C0CC1C3DD93E118420688
:10A5700084188414655D4011DD93C022E118420601
:10A5800084188414657D4011DD93C01BFA00040C0F
:10A590000046006B0004E128E118420684148004A0
:10A5A0004C058201C008694591110408EFC04E684E
:10A5B00065494C010C0CC022DD93F200FA00040C3A
:10A5C0000046006B0004E128E11842068414800470
:10A5D0004C058201C0066D4D91110408EFC04CE896
:10A5E0006D010C194C01C02CC01B6569655D4C11D7
:10A5F0000C0CC01BDD93F200FA00040C01C6006BCA
:10A600000004E13480048B3165490C290C19C02207
:10A61000C0226559695D4C0559F8C0084C05EFC06A
:10A6200040086961E00C43F665914C110C0CC022A6
:10A63000DD93F200FA0C040C68206DC84278806B40
:10A640008C0B6800668100600206406DC02063418B
:10A65000600404064F1881310E60E810406D678178
:10A6600081F5A18178400E050C298B31C01B6569ED
:10A6700065790C195718C01B5D0EEFC0EC041080F3
:10A68000FC35A18BF20C0C0CC1C3DD93FA9C040CBD
:10A690000206006B45B8E0040E60E820406E64815D
:10A6A0000195A1815D188C9B5E788C0B650EEFD4B3
:10A6B000EC041080FE15A18B658100600406406DDE
:10A6C0000131E0040C0C8C1B0B78F29CC1C3E01030
:10A6D00065A1000002064089C020631D60240406B5
:10A6E0000AB88731C1C3E010650100000206406E60
:10A6F000C02061016240040609F88731C1C3E0103F
:10A70000FA7C040C6D911EF0006BC004E1304146F0
:10A710006C6D0C2942C640220C39E13040226FBDDD
:10A720004C41854140226C69000481714C21822199
:10A7300040226C6D4C31823140226FBD64D104F0F7
:10A740000414C002E41006F095511D41818101C13D
:10A7500012C4836582C17A80E112529A6696549A35
:10A76000120CBB9B10A3E20014A49283C4A7FA802E
:10A77000FC2800B502A5C9BECDAEFC28E230180AFF
:10A780000060FA354090658164D102F04506C00250
:10A7900081316020E81045286641006002F0409257
:10A7A0004506E41081316020E8104488613000C61D
:10A7B000E130024604C600040414E1386631066044
:10A7C0000824C08B83658141700C4A401854824133
:10A7D000A75B608462000A0C18C48EC38A737A80F7
:10A7E000C4C708CEFC300065F8204665FC3002C5C1
:10A7F000B14BCDCE1EF0FA55C0046591F27C0C0C25
:10A80000C1C3DD93E1184206841884146CAD401175
:10A81000DD93C022E1184206841884146FFD4011B4
:10A82000DD93C022638500154015C00BC0086B2165
:10A83000C1C3DD93638500154015C00BC0086BF5DF
:10A84000C1C3DD93FA1C044C8101008B6FE8728850
:10A85000816181110006007B0004E110E0044316D1
:10A860006C1D50118391402B004600968004E10836
:10A87000C2198018008600168004E108C2198018E9
:10A880007C9880167CF8EFF8900B6FF882E5A10BAE
:10A890006C1D10290C86402B0286E008900B600886
:10A8A000EFD467A80B45A30BC0000C06EFD86E8849
:10A8B0006FF874084558900B900B680061144106BE
:10A8C000E0044566801880040016C219E104408641
:10A8D000435600040096E004E1180046501180043D
:10A8E000C02B6C1D00C600968004E118010600967E
:10A8F0001019E10CC02C6E5D50218004C02B6C1D22
:10A9000000C600161019E10CC02C6E6500168004FC
:10A91000E10840866E6110198004C02C4046001684
:10A920001019E108C02C6E6900168004E1444186CC
:10A930006E5910198004C02C417600165001E004B5
:10A94000402B6C1DEFFC41F6680049080311811192
:10A950006A588E0B8C0BEFE8F21C0C4CC1C3DD93D4
:10A960006E8100290346402C8414E11003860426DE
:10A970000029E110C02C6E8504268414E11042C623
:10A980006E8900298414C02C420604260029E11097
:10A99000C02C6E5104268414E11005C66BAD00195D
:10A9A0008824C02BF0FC421043C608160029E11091
:10A9B000C02C6EA18426841463150019A51BC03811
:10A9C0000EA500290246402C0215C1140416C00031
:10A9D000430680000215811004268000E11402065F
:10A9E0006E5500298414C02C028604260029E11427
:10A9F000C02C6E8D842684146EA90019211BC02CD6
:10AA0000E11043868425842408168111E11045460F
:10AA10008816882463150029A52BC038030684E511
:10AA2000832161108375841408168311E110454653
:10AA30008816882463150029A52BC0384110030609
:10AA4000C0000406C0000215050680D58824E11464
:10AA50008125881600098426402C6E9DE11002464F
:10AA600084068414C1C3DD93E11C04C6081688243F
:10AA7000E11C050608168824E11C054608168824F2
:10AA8000E11C058608168824E11C05C608168824E2
:10AA9000E11C440608168824E11C44460816882454
:10AAA000E11C448608168824E11C44C60816882444
:10AAB000E11C450608168824E11C45460816882432
:10AAC000E11C458608168824E11C45C60816882422
:10AAD000E120040608168824E1200446081688248C
:10AAE000E120048608168824E1144386840C84142B
:10AAF000C1C3DD93612401C680048111DD938016FA
:10AB0000FA0C040C0046006B0014E118E00804C6BF
:10AB10006C1D4C218121402B11C603710426E124B8
:10AB2000E12C43060426841480048511A004807659
:10AB30008C0B0026E8185248027620044C11E008DD
:10AB4000C02B6C1D0C0C8076DD93F20CFA0C040CFF
:10AB5000827B043B861B012168186C4800068161DA
:10AB6000434661280004E12CE14404C68131041409
:10AB700080C8882484488458500A88880405E08C5A
:10AB800080080D56C75745C7C44702C9A6CF045908
:10AB9000AACF084946C2A8CF877BF81C70F8FA757F
:10ABA0008C0BE818F20C0C0CC1C3DD930286022B4F
:10ABB0004011E008402B6C1DF9958F11FA84040CAC
:10ABC0000046007B4E01E008402B6C1D7998826B9B
:10ABD0008E0B6FFC600800864E018F11402B6C1DA0
:10ABE0008C2B8E0BF2840C0CC1C3F725FA7C044C21
:10ABF000613811462004806B700102560E86F7AB57
:10AC00001246613C0321E114801E8BA180189C0434
:10AC1000F3F44210891100160016A40466188B1173
:10AC20008C0B6818E11416C68008AC046080400ADA
:10AC3000A60599016FA90C15A31BC00B01C6A4653D
:10AC40008004E100404A80089B016084A51BA26546
:10AC50000B11A225645883218C0B6818E110404623
:10AC6000800880046090404A9E859F016FA90C1562
:10AC7000A71BC00B24049CE583218B118C0B00A621
:10AC8000E81863088008AC046080404A9A45A10136
:10AC90006FA90C15A91BC00B01C698A58004E10083
:10ACA000400A8008A30160842B1B96A5E10015C60D
:10ACB0000B119625615883218C0B6818E1104046D2
:10ACC000800880046090404A9285A5016FA90C1508
:10ACD000AF1BC00B240490E5832185118B11001656
:10ACE00068186008AC048C0B404A8008A70160809B
:10ACF0000C158E25400B6FA9E11044468C45B11B05
:10AD00008008A8046084400A8A85A9018A45B31B8B
:10AD1000610041068004851188048016404A80083D
:10AD20009D0160900C1586E5C00B6FA98645AD1B93
:10AD300081B1240483210B11E1105446410600B671
:10AD40008004E1108C0B00B6E8185CC88008A804E9
:10AD50006090404A80C597016FA90C15B51BC00BC8
:10AD600020148295700104760604F7AB80BB7A80CC
:10AD70004C35842EC00B6FA961104106000483116D
:10AD800000168321E1004106811100049111001693
:10AD90000016A4045A588D118C0B68180266200402
:10ADA000F7AB70019C04801EC41980189C14801697
:10ADB0004400840800B47C408426FA80F27C0C4C69
:10ADC000C1C3DD93FA7C040CEC501EF061385306CD
:10ADD0002404806BE00402066C1D4C1154C6402B09
:10ADE0005106E1388018E1348016C2198018A40495
:10ADF000F3F84210A8048016421080180016F3F8E9
:10AE0000E00402164C11A004C02B6C1D8C0B001624
:10AE1000E8187B686D150C09807B402CE084404A63
:10AE2000400A824582E5E0886D210C19420AC02C57
:10AE30008225E08861380046800489110C0980165B
:10AE4000C02C6D15F81C004A01758095E99C4E0ACE
:10AE50006D110C19A11BC02CE0000E1A2001025824
:10AE6000400AC000400AE99C86C5E99CE094404A3B
:10AE70000C098865C02D631186D5A10B022620041C
:10AE80004C11E004402B6C1DE1101646A311001676
:10AE90000016AC0464788C0B0C09E800402C6E9D05
:10AEA000AC14807BA17B8406000680E587116138A5
:10AEB000801C800440469B958014E1004420842837
:10AEC0000426F3ECE13C028684288414FC9C0424D0
:10AED00080048426C81980180C098016C02C6D15B2
:10AEE000E080400A0C0980C5C02D63119AA5A10B12
:10AEF00061380006800487110C09801CC02C6D1578
:10AF0000E084400A0C0980E5C02C6D21E084400AF1
:10AF10000C098E75C02C6D1128C5A10B80000E0682
:10AF2000026620044C11E004402B6C1DA121A1B14C
:10AF300000600016C06E648102F001754138E410B3
:10AF4000EC040420A12BC5366538FE758C0B681CFB
:10AF50008C1B0C0BE80443280060007BC06E6481EE
:10AF600002F001754528E410EC0416B0A1BBC1261F
:10AF70000C09FE75C02D67C99CD5A50B68007448E7
:10AF80000F258C0B2004807BE00402466C1D4C11C5
:10AF90000016C02BE1380046851100048C0B00160A
:10AFA00068007B28807B8C1B8C05A17B61380006A8
:10AFB000801489210336042C0004E0084C118B21F5
:10AFC000C02B6C1D8B05802C023620044C11E00434
:10AFD000C02B6C1D004600160004E13800168311DA
:10AFE00044588C0B0C09E81C402D67C9A10B807BD1
:10AFF000709880B58C0B68000006807BA17B61385F
:10B00000871100048C15801C6B18EF958C0B6FF862
:10B0100063110C09400AC02D8275E0806FF875A895
:10B020006B588C0B8C0B6FF86FF86E8881858C0BCE
:10B030006FF857C80C0B8C0B59388C1B1606EFF8A1
:10B0400089116138001CAC04E00801366C1D4C010C
:10B050008C0B402BEFF05248807B2C048B11217B12
:10B0600011E8801C280480008018A17B8016C2197A
:10B070008018A4048016C2198018A404F3F84210A2
:10B0800092C58016A17B2404C2198018A4048016DE
:10B09000421080188016F3F88018A804F3F84210C4
:10B0A0008A9580166FF863C820048C0BE00402B602
:10B0B0006C1D4C118016C02BEFFC51E8613C1086D2
:10B0C0002004839180188321F3BC421000C600162F
:10B0D0008004E110421080180016F3F84018951112
:10B0E0008C0B6818611041468014812180048426ED
:10B0F000A0048096E01980180006801642E66138A8
:10B100000004E000001CA8F1E13C008680188004E7
:10B11000F1FC42108E0B0016F27C0C0C0C09DD9336
:10B12000C02C6D15E088400A0C198C25C02C6D21AF
:10B13000E088420A20048A65E00402766C1D4C1106
:10B140000016C02BE1380046871100048C0B001656
:10B15000E8007BA867C90C098171402D80B5A70B59
:10B1600068006528807B8C0B63110C09404AC02D58
:10B1700080E5E0806FFC4C6877F88C0B8C0B6814D2
:10B18000E035A17B6D150C09400AC02C8645E08C8A
:10B19000028620044C11E004C02B6C1D8C0B0016A1
:10B1A000E80079C867C90C09807B402D80B5A90BE0
:10B1B000680062A8807B8C0BD8B5A17B6D150C094B
:10B1C000400AC02C8425E0906FD46F4820048C0B7B
:10B1D000E00402966C1D4C110016C02B7BF88C0B02
:10B1E0000C09EFC4C02C6D156088400AD2658171CE
:10B1F0006D210C09400AC02CD0A5E08802A62004CD
:10B200004C11E004C02B6C1D0C098016C02D63117D
:10B21000E080404A70F884258C0B6FF86FF8704816
:10B220006F188C0B8C0B6FF86FF86F6879188C0B9C
:10B230008C0B68004DD883358C0B681C6FF86288C6
:10B2400001958C0B013181010C1B8C0B50588E2BFE
:10B250008271EFF8E0400E0A210BFCF53138807B5B
:10B260007C38DFFC8C0B680066350C0B8171401656
:10B27000E080404A9FFC30886FF858280C098C0BFE
:10B28000C02D6311E080400A62F88EB58C0B6FF818
:10B290006FF859685CF88C0B8C0B6FF80C0987659C
:10B2A000C02D67C98215A30B68005AE8807B8C0B00
:10B2B0002DA8A17B2004DFFCE00402566C1D4C117C
:10B2C0008016C02B6C810C090200C02CE51DEC041B
:10B2D00040C682C58311610400168004E10C01861A
:10B2E00002060004801EE800FFFC215840C6A10BA6
:10B2F00002060104000580004011800020A88000A3
:10B300004218FFFC8C0B6FF843B620044C11E00888
:10B31000C02B6C1D8311001668007B4857358C0BC1
:10B32000C1C3807BFA7C040CEC301EF00486006BF9
:10B330000C09E13CC03863150C19A50B402C0E9983
:10B34000C1140106C000000580000206811001063C
:10B3500080000005410600168004E114E019801801
:10B3600088048016421080188016F3DC8018880448
:10B37000F3BC421000C600168004E110C219801808
:10B380008C0B0016EFE45A4881013E0E50863C0EAD
:10B390000391E124E1244E46612454C6A185810134
:10B3A00000067C0E4C01E008C02B6C1DEFD45988C0
:10B3B00060080016E01042C66C1D4C018121402B34
:10B3C0006814690800C68C0B8004E144816580B86C
:10B3D000EFD4596863294C91A004C038400A800812
:10B3E00080C5E08063290C09A10BC038560A82454C
:10B3F000FAE5E08C63290C09A10BC038FD45FA552C
:10B40000E8146DE88008A004E084404A0C0980C577
:10B41000C038632980C5A10BEFD4572863294C910C
:10B4200055F8C03855B8EFC00026EFD44286600802
:10B430004C01E03C402B6C1D653881218C0B68145D
:10B44000E14400C680B88004559881654C91EFD4E2
:10B45000C038632980089C04E080404A560A82452F
:10B46000FC85E08C63290C09A10BC038FD95FAF529
:10B47000E8146A6880089C04E084404A0C0980C58E
:10B48000C03863298285A10BEFD453A8E13C008624
:10B49000801880048016D01963294C910086C0382A
:10B4A0008004E13CD019801851B880160C09EFC017
:10B4B000C02C6EA90106A30B0005811040918000ED
:10B4C0009E258000E11400C680088004E084400AC4
:10B4D00050589AA50036EFD4422660084C01E0048B
:10B4E000402B6C1D5FD881218C0B6814E14400C691
:10B4F00080B88004503881654C91EFD4C0386329FE
:10B500008008A804E080404A560A8245FC85E08C09
:10B5100063290C09A10BC038FD95FAF5E8146508FC
:10B520008008A804E084404A0C0980C5C03863291B
:10B530009225A10BE90DFC044D38902500C6EFC003
:10B54000574661100004E11080188321F3F842107F
:10B55000811100160016AC045C3895118C0B681430
:10B5600043462C040486E1100096E13CE11400C639
:10B5700080088004E084404A40000205C0000206C2
:10B58000C000401180188804F3DC42108804801643
:10B59000421080180016F3BCE11000C68018800429
:10B5A0000016C219E00C41F6FC04BE0EE80D820143
:10B5B0009FFC2F88BC0EBE044A1881854C91EFD4A5
:10B5C000C0386329EFC048E863150C094F064038BE
:10B5D000A50BE11470B882158C0B6FF84C01BC0EF2
:10B5E000C0386329E13C0086801880048016E01989
:10B5F00080189C04F3BC42103C0480160C0C98F19B
:10B60000DD93F27CFA7C040CEC301EF00809804BD0
:10B61000C02D67CDE08C400A080B96D540166BE133
:10B62000668112401440C0B540B56541BC4E817181
:10B6300073F140008803C0FF6401100000404028FF
:10B64000C0B366B100407C0EC09C674187B5BE0E9A
:10B650007C04A80A73F14C0028BAC0FF816B886390
:10B660006D9880F5880B6810A10B3C44BE048C15C6
:10B6700080F5816B68106B283C44880B88F5A10B22
:10B68000A10BA40A240A86A5A41AE0B7210B9E09DF
:10B6900073C1441020BFC0FF0016C917A4BF00002B
:10B6A000E686400A4507E1BE0165902B5934801BB0
:10B6B000EC040210A11BC93EC407FE7504918083EF
:10B6C000827184A1E49C0F0A8101F0850C0C98F131
:10B6D000DD93F27C6C1D08294000402B4801F3F4F7
:10B6E000402D67CDE00C0E36600C02367538880BA5
:10B6F000230BEFCC0E0698F18E0BC000F27C0C0CE5
:10B70000C1C3DD93FA0C040C827B006B6D210C0924
:10B710008181402CE084400A40C68AE5853161047D
:10B72000834100048C0B0086637D0C157978C00B77
:10B73000822B681463110C09404AC02D82C5E08039
:10B740006FF85E0848188C0B8C0B68147941020660
:10B750008C0B5DCDEFF862C80C0B815564388E1BE5
:10B76000008BEFF446388C0B0C09E814C02C6D01EB
:10B77000653D4C01900BC022F20C0C0CC1C3DD9353
:10B780006C8100090200C02CE51DEC0440C682A5B6
:10B790008311610400168004E10C01860206000496
:10B7A000801EE800A10BDD93DA005C08610440C64E
:10B7B00080048111DD938016FA7C044C826B007B3F
:10B7C0006D390E098181402CE080400A0E099CE50C
:10B7D000C02D63116D414E81404AC02C4070E08005
:10B7E0005E38DC001406C80091B161380E098BF593
:10B7F000C02D6311E080400A120604750206C000E5
:10B800005DCD79415DB88E0B01D5EFF80331808BAA
:10B810000C1B8E0B6218922B008BEFF4120A829194
:10B82000FCD5E0406D410E09A10BC02C00001405B1
:10B8300080000266800040130D410E09000A802C32
:10B840001405F00440B38000A18B000001118AF5BB
:10B8500051788E0B0E09E800402C6D41A10B808BB6
:10B860000000140580000276800040130D410E098F
:10B87000000A802C1405F00402960000401380009A
:10B88000A18B00000E1B8295401666350E298E0B8B
:10B89000C02C6D096FC84188808B82196D410E09DB
:10B8A0008201C02C6D414E010E09C02CC02C6D418F
:10B8B0006D110E19C30DC02C900BE675F27C0C4C6B
:10B8C000C1C3DD93638100158531400B638500257D
:10B8D0008141400BE0142C48FA00040C0C09806BE9
:10B8E000C02C6D516080400A8285810168005688B5
:10B8F0000C198C0BC02D67C94060AB1B68389C00CD
:10B900000C198FFCC02C6D51E084420A625882856C
:10B910008C0B6FEC67C90C19B11BC02D9C004060EB
:10B920008FFC67286D510C19420AC02C82A5E08853
:10B93000680056280C198C0BC02D67C980B5B31B45
:10B940000C0C8C0BCBF5F200F2000C0CC1C3DD9398
:10B95000FA84040C0C09806BC02D6531E080404AEC
:10B960000C0980E5C02D6535E080400A0D118C85FD
:10B97000794104064EB8DDCD8C0B6FF88085A10BA4
:10B98000F2840C0C6BD8DD938C0B6FF46AAD0C0950
:10B990000C79C02BC02C6CFD1E79A30B9C00406061
:10B9A00008106BA89A8002746D510C09400AC02CD3
:10B9B0008425E08C61344106E00845A60274000449
:10B9C0004C21FA80C02B6C1D8C0B0026E8004D68C2
:10B9D000F4F5A10B04060F11DDCD79410C0C8C0B95
:10B9E0000B58F284C1C3FFF8FA04044C8101006BC8
:10B9F0006FE06568007B8111E14841868008800422
:10BA0000E090400A0C098CC5C02D67CDE084400A47
:10BA10000C098C05C02C6D15E090404A0C0980C5BE
:10BA2000C02C6CFD88B5A10B603C41F64A788311AF
:10BA30004206EF7C8C0B6000EFE07948613801062C
:10BA4000E00C43F60C298004C02D67CDE088444A01
:10BA5000C00040154216FE358C0B6000EFE07828E0
:10BA600067CD0C094000C02D4C01F3ECC02D67CD13
:10BA70008E0B0311EFE061480C4C8101DD93F20461
:10BA8000FE7C040CEC601EF0806B3E1E650D0C0904
:10BA90008111402B81A10B1E002A911C81016004A1
:10BAA0000098FE0EC0004001645002F077988C0BA5
:10BAB00080ABEFC86048020664988C0B0060E81405
:10BAC00040096401610112067C0EC020E6E4100604
:10BAD000817109156E190C0B400AC0158C65E49C28
:10BAE000F09C4062688100B9160AC01B8A65E3FCBD
:10BAF00040010178BE04C0000406A10B0616002414
:10BB00004060800042901C0042629C00450650A0AC
:10BB10000646C0184060400068F8DC000B34E804BA
:10BB2000E4400AF08C1B0C0B964B7C24EFC8758804
:10BB3000A1AB80AB7E1484B5910A81A1FB80021475
:10BB4000FE0E820312900271C002650166C1108070
:10BB5000FE7DC001FE04F00562994C03140BC01673
:10BB60000C0CB0F1DD93F67CE11000C68018800467
:10BB7000F3F84210DD938016FA84040C807B026B8C
:10BB8000EFEC798882B5A10B66350E1B420AC01610
:10BB900080E5E0808C1B0E0BF2840C0CE01016E8A4
:10BBA000F2840C0CC1C3DD93638900158531400B11
:10BBB000041083411538EC28C1C3E014FA00040CCA
:10BBC0000C09806BC02D67C98235AD0B6FFC51C865
:10BBD000A10B8C0B0C0982B5C02D67C9701C000A23
:10BBE00080D581010C0C8C0B10D8F2000C0CFFFCE2
:10BBF000DD93F200FA84040C8171006B6D150C0961
:10BC0000400AC02C8CC5E0906FEC55C85AB88C0B1C
:10BC10008C0B6FEC6FEC68E80C098C0B403864B54A
:10BC2000A10B807B04210060026000E180540701C9
:10BC30000741046006600054805806418FD042A836
:10BC400064B90C09A10BC038070100600260005400
:10BC5000805407410FD04788064004600C09805883
:10BC6000C038632180C5A10B0C0C8C0B2BB8F2845F
:10BC70008E0BFFECF2840C0CC1C3DD93FA0C040CA8
:10BC80000A86006B0C09EFDCC02C6D0D6D150C19CC
:10BC90000C2BC02CC01666316CED0C79404A402C40
:10BCA0000C89E080C02C6C716CF10C494210402C66
:10BCB0000214DC20400A1C0C0660E090C0B3053181
:10BCC000053506608C3880B36D114C314610402C20
:10BCD0004C31FC10C02C6D154A0A94580424E084A1
:10BCE0000424C084854BFA80DC1002341C504210BE
:10BCF000E08C404A6D154C114010402C4C0193F0E3
:10BD0000802C0D15547880858C0B680463110C0908
:10BD1000400AC02D0C09E080C02C0D15D3F840005E
:10BD20000D154C01100A402C8465FFFC7A800084BC
:10BD3000FA8002740C09811B002C0D15800002068C
:10BD40000D114C114000802C4C0193E0802C0D15FE
:10BD50000C0C8101DD93F20CFA00040C680043081E
:10BD60004898806B8C0B680C6C110C09400AC02B36
:10BD70008465E094EFDC4006400A800882B5E080EC
:10BD80006C210C09A70BC02B4FB882B58C0B6FFC34
:10BD900068046B0881458C0B6FD44EA8A10B8C0BEB
:10BDA000575882558C0B680080B5A10B680044E899
:10BDB00081018C0BF2000C0CC1C3DD936C210019C6
:10BDC00045C6402B4021E008C02B6C1D4226A31B1A
:10BDD00040118000802B0C1DA71B8A45A51B8205E6
:10BDE000800042360C1D40118515802BE000424634
:10BDF0006C1D40110286402B8428EFDCF0C04420EB
:10BE0000E040040A842880E5F0C04420E080040A71
:10BE1000842880B5F3DC442000298426C02B6C11D3
:10BE2000E094440AC0000416C0A042216E09001B21
:10BE3000C419C0156E094013008640158018EFDC48
:10BE4000F3F84210DD938016FA9C040C8101007B0C
:10BE50006FE04268818181116C210E09806B402B5B
:10BE6000E00843D66C1D4E11A50BC02BA70B8845CF
:10BE70000E0BA275C0156E09737540000004C0FF5B
:10BE80004E03FC9440156E0960988E0B4838EFBC49
:10BE90008E0B680064D50E09A70BC02BA50B860579
:10BEA000008608C5A30B8FDC03D588F5EFDC008680
:10BEB0006E090E0B4000C015C0FF7371FC940004A6
:10BEC0006E094E030C0CC015DD93F29CEFDC00866E
:10BED000424A801880E5E08C6C150E19420AC02B8E
:10BEE00080A5E08401558008FC080004C80980088A
:10BEF000EFDC02864F9884068E0B6FE4EFDC12862F
:10BF0000400AA40882B5E080400AA40882F5E088CF
:10BF10008E0B3D11EFE052686800496887258E0B53
:10BF20008E0B3F11F29C0C0CFFE011C86E090E0540
:10BF300002064009C0FA6001E002401A64CD0E1505
:10BF40000404C005D017E184C20D8413C00000466C
:10BF50000002401AE14C0386040E84140E0B951166
:10BF6000C0156E09FC9800046E094E038E0B401537
:10BF7000EFE04F88603C41F66018831147D8EF78B6
:10BF80005281EFF00311E0A00C0C8C0B3878F29C7E
:10BF9000C1C3FFDCFA00040C0146006B0004E1247D
:10BFA000E00843E66C1D4C114546402B0C15E1247E
:10BFB000C0096E09882480080834C507F00C4400C5
:10BFC000681079A802868C0B48866FDC860EE03CF0
:10BFD000C424860468B10C3B480AC00A000E66926D
:10BFE000C3D06400600E400A8823C9474002C50DD3
:10BFF000020991884000C0004201DC0400064000B4
:10C000004C05C000C00564CDF2000C0CC1C3DD932B
:10C010006E09001504064009C0FA600164CD0005F0
:10C02000422AC005D007E006E1840414C01D840341
:10C03000C00000460006400AE14C0386840E8414CA
:10C04000C1C3DD93FA00040C41F6006B4C01E0081B
:10C05000402B6C1D4858B7118C0B6FE064CD0C154C
:10C06000028AC00580F5E5948C0B0121F2000C0CCE
:10C07000E01006C88C0B3B11EFE0474860044246D5
:10C080008C0B8121F2000C0CE0100608FA7C044CA9
:10C090000006006B0004E13800BC83B1E194004667
:10C0A000A1AB80A80C298265402B6C1D67388C0BD6
:10C0B000941B6FC80E08A10B0E60C00040B3645102
:10C0C00060B88C0B8E1B6FE067CD0C090204C02D8D
:10C0D000420AE1908219608006314C13400A4016F2
:10C0E0008625E0846C110C19424AC02B8465E094CB
:10C0F00061380306E00C45F6404A84144225E08886
:10C100000C09C000C02D07CD4000FE354C01F3ECFA
:10C11000C02D67CD64D10060106040B3C0AF641122
:10C1200081A10F0E819113A5FBFC160A1311A60520
:10C1300041788C0B120AEFE041067BFC4C01E000D9
:10C14000C02B6C1D41269CA54C01E000402B6C1DB2
:10C150005DD88C0B0F14E80063388C0B1911EFE0DD
:10C160007FF88C0B4166EFDC4C01E000402B6C1D2E
:10C170006F388C0B80ABE80098F5A1ABE00041363E
:10C180006C1D4C018C0B402BE8105968A1AB80ABA7
:10C19000414696954C01E000402B6C1D4A788C0B73
:10C1A00080ABE8149435A1AB6D090C090C1BC02CB5
:10C1B000C01666356C040400E00041566C1D4C014D
:10C1C0009E29402B8C0B0219EFC077E8A1AB80AB06
:10C1D00041768E954C01E000402B6C1D54F88C0B81
:10C1E00080ABEFFC8C35A1AB61380006E0004386E4
:10C1F0004C118004402B6C1D001C85115E388C0B8B
:10C2000080ABEFF48835A1AB6C710C094396402CE0
:10C210004C11E000C02B6C1DE3FC000A0C1980E5FA
:10C22000C02C6CED1606811B01F58000411681A122
:10C230004C01E000402B6C1D42388C0B00ABE80039
:10C24000A1AB83918391E4258E1B0C0BEFE0546826
:10C25000901B0C0BEFE057A8D8E5A1AB6C910C0933
:10C26000210BC02CE00041A66C1D4C014060402B0E
:10C2700053D89C00940B8FC8F27C0C4CC1C3DD9347
:10C28000FA04040CEC501EF00306006B0C0BE008E3
:10C29000C0156E096C1D4C118311402B6D094C119A
:10C2A000404AC02C810160940D0D0C194C03C02C28
:10C2B000C01666716CE94C014210C02C4C11DC4078
:10C2C000C02C0D0D69650C150C29C00DC02C6D0D11
:10C2D000E000021AA0000038442080C54C21F3DCA5
:10C2E000C02C6D0D66350C1B442040164C01F3E04C
:10C2F000402C6CED4C21C229402C6D0DE00C45F614
:10C300006CF14C21420A402C4C03E094401606810B
:10C31000E088420A0CF94C21420A402C4C01E08C86
:10C32000402C0CFDE090420A03354C05420A400BBC
:10C330004C21E09CC02C6CF5685880E58C0B6FF0AC
:10C3400066350C1B420AC0168625E0A067F10C5921
:10C350008C0B402767ED0C490C39C027C02767E9D3
:10C3600067E50C290C19C027C02767E1E80441885C
:10C37000A17B807B0C1B9EF5C0166635E0A4420AAB
:10C38000031182854E7881218C0B6FC0A17B807B4D
:10C390000C1B9C35C0166635E0B8420A7BF880E578
:10C3A0008C0B680CA17B807B0C0998B5C02D6311A8
:10C3B000E080400ADC004060CFEC67C865510C09A2
:10C3C0004346402B0414E104000085518E09EC041F
:10C3D0000C098406C038632D4006210B4C01E0088F
:10C3E000C02B6C1D0C0982F5C03863150245A50BE6
:10C3F00080000A8600C5A30B80000A660A46A10BCE
:10C400000260800040546541641104600860C09E71
:10C4100040A26671E43000F006F021567F58E41027
:10C42000A10BEF800C1D0C290206402B84B5C00423
:10C4300060084416645000604C21C09E402B6C1D67
:10C4400064A102607818C0A3A10BEF800C298605B7
:10C45000402B6C1DE00402166E8D4C150E56400AE2
:10C460004C05E00C400A6E89E00C02566FC8494842
:10C470000E0B8C0B0C0CA8F1DD93F20469650C0516
:10C48000A10BC00D0C0980E5C02B6C11E094404A53
:10C49000414684E54BE6614C0004E00C66D1066041
:10C4A0000C29C0544015630D66E108600C19C0A347
:10C4B000C01563096C1D4C516278C02B0C09EFA0AC
:10C4C000C02B6C116094404AE00C00466C1D4C017E
:10C4D0008645C02B66B10060026040BFC0C06521C8
:10C4E00064C10460066040ADC0AD65216FAC728868
:10C4F000662008600060C0AE40D865617078811128
:10C5000004C66F707765E010C1C38171F87C04CCFC
:10C510006D0D00C90316402C4011E008402B6C1D26
:10C52000EFDC48066C7900190079C02C402C6C7542
:10C53000FC0010C46D0D408100ABC02CC0166631EC
:10C5400000198D1EC02C6D09631500B50069C00B64
:10C55000C02C6CF900198F1EC02C6CF56635005B81
:10C560000099C016C02C6CF1F8600829E084440AD8
:10C570000F1B865506108331020A44040616E3FC9D
:10C58000120A00004031E3FC402C6CF580858321C9
:10C590000490959B4021C404402C6CF182CFF11192
:10C5A000C4C9076563FC020A1654964B832161B423
:10C5B00083310245E0840674FA8006348331071B18
:10C5C000C40406106CF54031120A402C80E5E3FCEF
:10C5D00002A4C2A7839BFA80C40404906CF140219A
:10C5E000560A402C80A5E080FA80023480F5CE1DEA
:10C5F000E080564A464A80E58085E08058800155B3
:10C6000058C0FC1808BBF3E0EFDC48066D0D40C1D4
:10C61000580A402C82C5E084FA80026483110F1B03
:10C6200044040260F3FC0C0A800002166CF940110D
:10C630000029C02C402C6CFDFFF8020EFFF80C0EF8
:10C64000E3FC040A44040220E0B44A0A6CFD4011F1
:10C650008855C02C42C2911118C4788422CFFC0C9A
:10C6600040C1A11BC02C6D0D8D149015020A8F3492
:10C6700080E5FBFC7A800214FA80043484F5832B75
:10C680006CED00198321402C6D094021020AC02C59
:10C6900088D5E3F08D148575020A8F3482A5FBFCE2
:10C6A0007A800214FA80043480E5832BE40402309B
:10C6B0006D0940118395C02C6CED00199121402C1F
:10C6C000788844C2FC0C18C4832124CF6D09402112
:10C6D000020A402C40C1E3F0C02C6D0D0C108065A7
:10C6E0004061E404C02C6CED6CED0019A11BC02C62
:10C6F00042C082C54011F3BCC02C6D0D4210901891
:10C700009016F3F86D0D00C98315C02CE08C584AC3
:10C7100000198225C02B6C11E094424A58C000B524
:10C7200058C0DC4040C1F3BCC02C6D0DE08C584AB1
:10C7300000158405C00B63158265A11B63350025B8
:10C740008311400B0220972B4015C404C00B6335A6
:10C75000F07C0CCCC1C3DD93FA04044C680C468811
:10C760000E01807B402C6D01008A816182D5E1B889
:10C770006C1D0E290C46402B0246E00C8E0B600C03
:10C78000EFC470A80C06A10B8C0B8000F2040C4CBB
:10C79000C1C3DD93FA00040C0C09806BC02C6CFD46
:10C7A00080F5A10B6C6D0C09404AC02C8265E08CB1
:10C7B00063350C05A10BC00B0C158265C00B63150E
:10C7C00080D5830B6D150C090555C02C0C09C609C5
:10C7D000C02C6C6DE090400A0C098625C02C6C8939
:10C7E0008485A10B680C42480C118C0BC02C6D0584
:10C7F0006C890C290C01C02CC02C6D01F1884612EB
:10C8000082F5870D840D82230C098295C02C6D154D
:10C81000F3F040006D154C010C0CC02CDD93F200C0
:10C820006D150C194C01C02CC02C6D054C11C6198E
:10C83000C02C6D15C1C3FF3582C5A93B02A5A33B22
:10C84000818804248485A53B8485A73B5C08A13BA3
:10C850000FD8DA008975FF705C08A12B45349A0067
:10C86000EC0404207BFD4630C13EDFFF8131FF65D3
:10C8700083318145DD938125F81C040C9001452707
:10C880004BFE0141C03F7FFD048485950674A33BA8
:10C89000C4C48841A01146641BFD50804E709FFFA8
:10C8A0001FFF1BFD12748A8F58C060E09FFF1BFCA6
:10C8B0001BFD4C60B09F1FFF10C4517761C7E0C0E3
:10C8C000FB800E7418C450672E8FFA804095B86FA5
:10C8D0004085F8084065F804C54DF00C0C0CF4F5E3
:10C8E000DD93F01CF81C040C9001452749FE013132
:10C8F000C03F7FFD7FF10A0E180E403FC03F700120
:10C90000026583D58631700CF8080275F80402853B
:10C91000781052624095F167127478080A9FE0A07F
:10C920002C9FE177E0C00C84780440952E6F986FBF
:10C930004065D1874085F010C53DF80C0C0CF875AA
:10C94000DD93F01CEC401EF0601800290049813195
:10C95000BE3EE010C5277C3EA72B7E3E668A464A37
:10C960000A26834118060000826580008151252B2C
:10C97000814103C1A32B80C5015180F5814181C153
:10C98000FCCEBE5EC008FE4E0034001301B5FA8036
:10C99000484A81310AF0610A8231E4100A45C447ED
:10C9A000C546FC10FA800834FC95C14DA0F1010188
:10C9B000C1C3DD93EC401EF0601C002900498131A9
:10C9C000855160147C3EBE3E272BC527E68A484A27
:10C9D00018167E3E8205800081C1252BA32B80A5E1
:10C9E000015180D5BE5E81C1FECEFC3E8131420840
:10C9F0000044001381A5FA80610A484AE4100AF055
:10CA0000C4478231FC100A450834C546C14DFA803E
:10CA10000101FC95DD93A0F1F81C040C610C07C624
:10CA2000E10C490646060CC40C64E10CE10C468698
:10CA30004F8610540C44E10C1C348B81E4600E00D2
:10CA40001C988175EC041080DD98F196A18BD99625
:10CA50001800FE358961647471788155EC040C60AE
:10CA6000A16BD5761D51FE75815580CB0A5071683A
:10CA7000D166EC04FE75A15B95411C0141588155BE
:10CA8000EC040840A14BCD560020FE7583316C04A8
:10CA900068800034080081C100346C040A00E88812
:10CAA00081016C04816103450E54E92D000448B0F6
:10CAB0008255DB80E8B00E44006000730034E4303F
:10CAC0000E7468800E03FB8086C18261FAB58D1BEF
:10CAD000610442066BFC010A0414C0FFDB80000401
:10CAE00004010000040CC0800C0C8101DD93F01CDB
:10CAF000FA04044C4216006B6298E0000C09E80C42
:10CB0000402B6C45E10C42460E600414C0AF64310A
:10CB1000000CA90B0406E20071588E0B8C1B6FFCF5
:10CB20006438026074788E0B0C19EFFC402B6C3962
:10CB3000E46000606C410C298131402B0C498185F7
:10CB4000A14BFC044116807582118231FE15C53D52
:10CB50006C3D0C090260402B0C39E474402B6C4591
:10CB6000446281410195F08088589C218075A15BC9
:10CB70008241450682210201FE15C74D6C450C29F4
:10CB80008C0B402B6C410C197478C02B4298EFFC35
:10CB90008C0B68100C4C8101DD93F204FE7C040CBC
:10CBA000ED401EF04016006B089BE0044C0186AB84
:10CBB000402B6C1D010184BB5EB1828B8A7B61308E
:10CBC00061205EA1E2800206E1105E919F0EA10E3F
:10CBD0005E019D0E5E01E0D05E01E0C08C0B60B096
:10CBE000E80C5B689F2101118C3B0C0BE80469A8E1
:10CBF00060900084E18C028440000D8E4E09F1C0EB
:10CC0000E0040E6A71845002937E8F0100B8958E05
:10CC100080004001FA800084150E90015E019101B0
:10CC20009F0160B040A20F0EB20FF9AC9AA5A10B04
:10CC30004F761E89118EE000F0AC50A292830765FA
:10CC40006C1D0C294376402B4A58E0008C0B6FC4B6
:10CC50005EB1A10B5EA1C1305E91C1201548C1102B
:10CC6000160AC00081017000440400B0F000164AAA
:10CC70006200020CF000144A6200040C141A828351
:10CC800081117000240502A0848340007000124AC4
:10CC9000060C8121121A62000490F0004000240565
:10CCA000049B868380BB82ABF265E88D5EB1930402
:10CCB0005EA1E1301104E1205E91A30B5E07E1105B
:10CCC0001504E03CE4200E001E75897E160A402003
:10CCD0001074FBFCB003FA8044000C251504F07CB2
:10CCE000E080500AA12B8875A001888560D05E0184
:10CCF000F3C0420065C4028A02808E0B0080043CAF
:10CD00005E118C04838580D06C1D0C294376402BEA
:10CD10004418E0008C0B6FC4E0004F760F48A10B65
:10CD20009BA1C000E1205EA1A12BF1458440000041
:10CD300060D05E015E018E0B00F0E0C016F0650071
:10CD40003E0EE4D0E4C008F004F00B2E3CBEE5300B
:10CD5000E4B00AF08C0B011168004DE81EA98C3B71
:10CD6000140A60C08605FBFCE0804E0A443C027059
:10CD7000CC040070C0D05E118B0482B5E040000A84
:10CD8000C0281E05C440000080281E0560D05E013A
:10CD90005E018E0B00F0E0C004F064F03E0EE52072
:10CDA000E4C008F00AF03CBE0311E4B04B388C0B31
:10CDB0008C3B680060C01E99FBFC120A504A86A595
:10CDC0000E70E0805E71CC048495C0D0A10B8B0402
:10CDD00080281E0580D05E01950482A55E01A00119
:10CDE000420060D0028AF3C00E80E5C45E718C08F8
:10CDF0005E7180D000F0E0C004F064E03E0EE5100B
:10CE0000E4C008F00AF03CBE0511E4B048388C0BD1
:10CE10008C3B6800807B858196D5A17B8C3B13146D
:10CE20001E198F04A11B60C040101E25FA8000044B
:10CE3000FB8040A27B804092FA80021440205E2555
:10CE4000FB804212040491048C0B7A80E80456A8FB
:10CE5000A17B807B0C0B90354CD88C1B1E07E80007
:10CE600040C6603C0004E108012185110206817181
:10CE70000016C000E1084106022C80040026E200F2
:10CE8000E108414600168004E1084186020C800456
:10CE90000026E200E10841C600168004E10C00060D
:10CEA00083110004004600168004E10C0086008611
:10CEB0008004E10C8D3480269F14A1044C319D2404
:10CEC000C02767E167E54C014C11C027C02767E91F
:10CED00067ED4C214C71C027402767F51304A93139
:10CEE0009F248B411D04A1144616A10B08F6400097
:10CEF000442AC000D017668EE692400A802382231F
:10CF000069594C250E0BC008E5401EF0F67C0C0C50
:10CF1000C1C3DD93FA7C044C93348F3E8B759164CE
:10CF20009488909894F5D19D500218A81079F0A497
:10CF30004027634156A283C110B4F1A44E706190A2
:10CF40001684FBFC16C4FA80967FE8AC8675A17B3C
:10CF5000108A0FC40EB6F410161600004E72800030
:10CF60000E7491A018799A8016B47C249893889CAA
:10CF7000A476B67F0E7088788876EC0482718C7403
:10CF800098A88C7E7A8012A4EC040E106480149011
:10CF900098A6E57DA11B8455148A865584F5F60074
:10CFA0000E904AA750A0ED44B073F0809078987628
:10CFB000EC040E7081B59076F3FC150A0E90821584
:10CFC0009876ED880E7090789076EC08A18B888822
:10CFD00081C5EA156C1D00294366402B6DB8E00839
:10CFE0004D666FC0A10BE008816180550C4C8C0B25
:10CFF000DD93F27CF87C040CEC401EF066B104007A
:10D000009131408B814101550630494EA13BEC04E2
:10D010000121FE95015181318B95814110447C2E77
:10D020007E1EFA80F408088A8881042881913E4E89
:10D030000C2488AB0E2461940469E19CE1841824DB
:10D040000E242E6F0879E18C2E6F90C9386F9E29BF
:10D050004867A9C1800058168B612C2F00000CF680
:10D06000FA800E244E0A85758665E4A47A8008A4A9
:10D07000F000065A7000060A041C98BB02546200B5
:10D080004447FA80DC0056604402051B0415F0900A
:10D0900040086BAD8010160644159613C0086BADA2
:10D0A000600C121A0A0A829154807BFC0A0CBC00A4
:10D0B000B19BE2007C24F635BE4483397C0C040A23
:10D0C000020C82217E14E20082118243F43C050AA4
:10D0D0000101E8C50C0CA0F1DD93F07CFA7C040C96
:10D0E000EC301EF04056006B4C01E000402B6C1DF4
:10D0F0007C0E810171788C0B0C09E800C02B65F95E
:10D10000E080400A050100600206409B4FF8C00025
:10D1100004064F6C0C09C018C02B6C2188F5AB0BB2
:10D120006D210C094000C02CC209F3F06D214C01A7
:10D130008C0B402CEFF47AC86D210C09807B402CBD
:10D140004306217B8321EFDC40000426C409F3F071
:10D150006D214C018265C02C6C1D0C298C0B402B61
:10D160006FC061A8A10B8E1BC0000C38811101712A
:10D1700081A1135512B43E34D09DFA80004A9C35EB
:10D180009AC5FBFC7000060A0111960B84058121EB
:10D19000F004060A000000069C0042B004060225C6
:10D1A000060A800082B5F008811101014C01962B1E
:10D1B000C02767E567E94C114C21C027C02767ED00
:10D1C00080F5A17B6FF47648807B8C0B8245A17B38
:10D1D0006C1D0C298C0B402B6FC05DE8A10B8E1BC6
:10D1E00002F0A0F58C0B6420E8004E88807B7C0464
:10D1F00065F90C194486402B400AE03C420AE00ADB
:10D20000CF07E0808405FC0E7A8002A465000460EC
:10D210000614C09B0433E0888C0E8223E40044B1E2
:10D220004411BC140C1BE50040156AF9C30D82A122
:10D23000D19D862507F50C0916B04027E675C40474
:10D240006AF50C1BC11DC0150C1B8205C0156AF1C7
:10D2500043F6430D8855E00C415603C5BC14E0006D
:10D26000160A83D543F670148615E00C020ABC1426
:10D270008495F00C6AF50C1BC11DC0150C1B8205B2
:10D28000C0156AF143F6430D8215E00CE0004146FB
:10D2900067F54C0143F64027030AE00C86D5F40CF1
:10D2A00067F50C09004AC0278605FBFC67E10C29DD
:10D2B0008C0B402782113E1E02143C1E41D8FA807E
:10D2C000808BE8001656EB8D00060000D4658000C8
:10D2D000E000413667F54C014CA1C02740266CF1B7
:10D2E00073D88C0B4106EFB481116FDC0E0B8016E6
:10D2F0000C0C98F1DD93F27CF81C04CC67F100591A
:10D30000A71B402718240131153CE18C05418F6192
:10D3100080040F5602160485251B8000E0084EA6E7
:10D320000000020680001006231B826502958141E1
:10D3300003568111834160048111291612F0838103
:10D34000B09FE4503863A476FBFC0A4A701C582056
:10D350000A648121FF617A8000000486E8B01864C5
:10D36000084405554C12FA8010F070880063E450B0
:10D370000C798B1B40276341E1FC0C140C64826325
:10D380004C12FC001069F1984E727C180C7F98309A
:10D39000A17B816150045070C1840E744C627E7513
:10D3A0000634D0A088137A808A1D8C330034F6A509
:10D3B0000CCCFA80DD93F01CFA0C040C827B006B21
:10D3C0006D590C059121400A6E0D0C155EB8C0090F
:10D3D0000C29EFA8402B6551E118434683510414F2
:10D3E00084188448637D0C359E49C00B8E19C9177B
:10D3F0000224235F63F8E09004546FA84678E89015
:10D40000808B6FE8601002066598902B8E3B6FA8AA
:10D41000A17B807B0C2982E5402B6C1D4BB88C0BCB
:10D420008E1B6FC00E06A30B8E0BC000F20C0C0CF3
:10D430008101DD93F20C0C0CC1C3DD9364C1003992
:10D440000216402B4011E00C402B6C1D001983414B
:10D45000C01562196635002B0059C016C02B650D2A
:10D460006C7540110019C02C402B6C1170054420C4
:10D470004031C080402C6C7D7EF944200039C07959
:10D48000C02B65096094424A40118511C022659500
:10D490006D3140110206402C4041C000C02C6C8D03
:10D4A0006C8540514023C02CC01666356D35403127
:10D4B0004011C02CC02C0C810E1940134011C01516
:10D4C000C02B0C59C1C3DD93E01402296635003B23
:10D4D0008444C016063482294045FC00400B631585
:10D4E0004033A43F40166635EFDC088660240229ED
:10D4F000FC0C0634C22790584A500429A45FF3F468
:10D5000002299056C627E028A62F90296635402389
:10D51000042440160239FC10C837E02CA43FA0397F
:10D520006635403346304016C0FF737DE030022937
:10D530004420CA270029F080402B64C54033A43F13
:10D54000C0166635E01002394031A72BC02C6C7133
:10D55000002980F5C02B6C11E094444A02298265B1
:10D560000239E0184021E020C02C6C79663140334C
:10D570000229C0160039E03CC02C6D216D390059DC
:10D580008229C02CFC000634601C02294031A43FD3
:10D59000402C6D21FC04063460400249F3F84A50E7
:10D5A0006C8940210400402CC06E64C18449C2478C
:10D5B0004041A64F402C6D21F3EC4840E044023935
:10D5C000A65F82396D3940510239C02CC437E0481A
:10D5D000A64F88396D2140410239C02C0049E04CEA
:10D5E000C02C6D154630CA3748407080A64FF37C7A
:10D5F0006D1540410239C02C0049E050C02C6D51DE
:10D6000008448239A64FFC006D5140410844402C2B
:10D610000239FC04C237E054A83F84396D514031CF
:10D620000634402C0249FC08C447E058A83F88490A
:10D630006D5140314630402C0249F3DCC647E05C76
:10D64000A83F90496D5140319F31402C024981657E
:10D6500006306034C946EC04FE55A13BE03802298F
:10D6600068FD40210219C01B4011E034C0226FB98F
:10D67000C1C3DD93FA00040CEC601EF00C05806B56
:10D68000C00A6D6562190C190C29C015C02B6C21DC
:10D6900065B90C393C0EC02B111681010F36831170
:10D6A0008B06A32B82258D168285A72B5E11A52BB9
:10D6B000042600248085800045F613060345E00C0F
:10D6C0000C4B833140156E090C25FD51C00D696569
:10D6D000212BCB47060C8521C84B6200041613365C
:10D6E0004642C0000C49F994C02B65B58B21092630
:10D6F00000162706C040701182490B0E8C0B1536A0
:10D70000993697369D269B16A1169F46A516A316F9
:10D71000EFFC69688C0B1E1BEFFC6D880C0CB0F1E4
:10D72000DD93F200FA00040CEC601EF070000216AB
:10D73000E00404068101006B83113E1E8B2111263B
:10D740009B16BC0E9F069D26A306A116A706A5063E
:10D75000AB16A916AF06AD168C0B130697169516C9
:10D7600066D899161E1BEFFC6AF88C0BB0F1EFFC23
:10D77000F2000C0CC1C3DD93FA00040CEC601EF047
:10D780008321006B61D10C190C39C015C0156219C9
:10D790006D650C058916C00A65B90C191136C02BC8
:10D7A0003C0E87318F16810165B50C191B36C02BD5
:10D7B0008B068D3182190D2602161F16C04070117E
:10D7C000A1269D36A526A3261306A7068B1E8C0B25
:10D7D00097269526633899261E1BEFFC67588C0BFD
:10D7E000B0F1EFFCF2000C0CC1C3DD93FA00040CA5
:10D7F000EC601EF08321006B65B50C098141402B64
:10D8000062190C390A164015BC4EF000618C0204F6
:10D8100011368209F88842128B311F068C0B3E5E4E
:10D820009D369B26A346A146A716A546AB46A9262C
:10D83000AF46AD269526934699269726EFFC6008BD
:10D840008C0B1E1BEFFC64280C0CB0F1DD93F20076
:10D85000FA00040CEC601EF00416006BC0046011AA
:10D860006C210C09A131402B83213E2E8B311136C6
:10D870006034004A020C8101BC0EE2009D369B26FA
:10D88000A1069F06A526A306A926A7161306AB0682
:10D89000AD268C0B9526AF2699269726EFFC5D08C2
:10D8A0008C0B1E1BEFFC61280C0CB0F1DD93F20019
:10D8B000FA0C040C0206006B7498E2804046E804FF
:10D8C0000F8660044C01E010402B6C1D81958C8B01
:10D8D0006381100940F8C0276106E800EC040E706F
:10D8E000FCF5A17B457601110C0BE0000C0C8C3B88
:10D8F000A915F20C61840404E18C020470804420B8
:10D90000F03C480060840604282FA0194630C60762
:10D91000A22F7100720040005D93A62FC1C3A40F17
:10D9200060044826640C4B064041C020402B6C1D0F
:10D93000640D48068135C020D1C6CDC8FEB58B4BDD
:10D9400081158531FA7C044C4106006B0004E1141A
:10D950004786867B524660044C31E12C402B6C1D7F
:10D960000038AD7BE03981B1000600360004E118D3
:10D97000E00447966C1D4C318331402BA404803663
:10D98000868580B68A05A37B8CC5A57B9025A77B61
:10D9900092E5A97B8445AB7B96B5A17B612C010602
:10D9A00080049F11014600B68004E12CA404801677
:10D9B000421080188016F3E401868BA58004E12CC8
:10D9C00001C600168004E12CA404802642108018B1
:10D9D0008016FD80010689C59F11612C00B6800468
:10D9E000E12C0146801680048018A404F3E4421060
:10D9F0008016C419010687C58004E12C0146001673
:10DA00008004E12CA4048026CC19801885F58016AA
:10DA1000612C0186E000437600B68004E12C01C64B
:10DA2000801680048018A404F27C421083F58016CE
:10DA3000612C0186E000437600B68004E12C01C62B
:10DA4000801680048018A404F27C4210FC94021416
:10DA500081D580166C1D0C2911A6402B03A6E00869
:10DA60008C0B6008EFBC59889A85A30BE12C54C637
:10DA70008008A80480F5A10BE134014680048004ED
:10DA800082B5B10B6C1D0C2911A6402B03A6E00832
:10DA90008C0B6008EFBC58089485A30BE47D24042C
:10DAA00088D5801881214219428600167198E03C81
:10DAB0008C0B6800614400C6E1340546A81480045C
:10DAC00080388824480A84488085E080B54B8844A3
:10DAD000460A8E158085E08CB53B88340C29FC7590
:10DAE000402B6C1DE00811B603B605756019E008FF
:10DAF00000168121E03C428668006F4800C68C0B0E
:10DB0000054661448004E1348824A81484488038A0
:10DB1000E090480A884480858475B34BE08C460ABF
:10DB200088348085FC75B33B6C1D0C2911C6402BD5
:10DB300003C6E00852F8E0088C0B6FBC8045A30BCD
:10DB400073D881812404E800E00802F6410600B69B
:10DB50008004E1146C1D4C118018C02BF3BC4210E2
:10DB6000000600168004E118900B00B6F27C0C4C05
:10DB7000C1C3DD936004485664200B864041C02039
:10DB8000402B6C1D641108068135C020D1C6CDC85C
:10DB9000FEB58B4BDB758D31643149064BC6402099
:10DBA000C0206439CDC881358B4BD1C68B31FEB5D1
:10DBB000C1C3D9A5E00444766C1D402141C6402B69
:10DBC000C020643905C60165C020643DC136C53832
:10DBD000FEB5850B81015D93FA1C044C8111007B1D
:10DBE00081310121EFFC6B080E70006BC09A66F169
:10DBF000640D5106A1914020E1088175EFFC67C8D2
:10DC000012905D06A19BEC048C0BFE35F21C0C4CB3
:10DC1000C1C3DD93FA1C044C8111007B87310121C3
:10DC2000EFFC69280E70006BC0B366B164211186E9
:10DC3000138640208175E01065D8E1085D06EFFC91
:10DC4000EC041290FE35A19B0C4C8C0BDD93F21C66
:10DC5000FA7C044C0046006B0004E118E0044236F4
:10DC60006C1D4C1183B1402B613055C600B68191BB
:10DC7000E13410C60096A804E1340006842880141C
:10DC8000F3C04420800484269E198018FF4042106F
:10DC9000008600168004E134A0048096A10B800861
:10DCA000014680F58004E134BB0B80040C2982B569
:10DCB000402B6C1DE0080FA6600803A646B88C0B2D
:10DCC000A30BEFBC28048A45E03C428600B68121C4
:10DCD00060788C0B00C6E800054661448004E1349E
:10DCE0008824A014844880388085A14BBD4B88448B
:10DCF000460A84758085E08CBD3B88340C29FC95F0
:10DD0000402B6C1DE0080FC6600803C644388C0B1E
:10DD1000A30BEFBC81718045E80065280096A8043C
:10DD2000E1180046009680040C4C8E0BDD93F27CCB
:10DD30000025A11B000B0521812C43C68000021584
:10DD400080004225A31B80C5A51B80858365822595
:10DD5000653100250206400B8414E1300025842E35
:10DD6000400B6521E12C43C6042E8414E1300206E9
:10DD7000653100058414C00BDD93840EF80C044C4F
:10DD8000611804460834A51B8C468141A31B8825D5
:10DD900043061025A11B812C00399A35402D653191
:10DDA000E12C43064BB6041489C1E00C8448823947
:10DDB000F3F848408731264F437604460049E00C8B
:10DDC000402D65316531000007D5C0B50049C24717
:10DDD000402D6531E12C4306824984344A508C58E9
:10DDE000A85FF3F884348C56653100498C58C02DF7
:10DDF0008849C247F3EC4A508C56A85F00498434E6
:10DE0000C02D6531C2478C584A509049A85FF3DC59
:10DE100004148C56E0084BF6653500391806402D81
:10DE20008448E004A039C837F3BC48408F31264FFE
:10DE300043F604460049E004402D65356535000091
:10DE4000CA47C0B5612C4D061874984FFA80063445
:10DE50008A8F9C889C86A88F80089844C507905814
:10DE6000270F8209A05F825F0804905680168311F5
:10DE7000F00C0C4CC1C3DD93F80C044C6188041405
:10DE8000E198478686190C546090082464B0060017
:10DE9000A24FC08B0A43C44781D5815118C05D840D
:10DEA0004C85EC04A1CBF0102031FE550840825186
:10DEB000C00164011846A55B4C4040007C95DC0025
:10DEC000DC004E3061984686E0004B866516442A99
:10DED000640000000C34C08CE00C4806815103350E
:10DEE00065124C5AF0B04E12006584638C737C301E
:10DEF00088C144779C6E8673E0E0180A7001FC5577
:10DF0000B55B825118067E558101C000F00C0C4CA7
:10DF1000C1C3DD93F83C044C61880614E0080B068D
:10DF20009321061966964A3AE0900834668A581A90
:10DF300065B00C00A24FC08B81C118530E60837571
:10DF4000898164408AAB089B59AE8185EC041080BE
:10DF5000601C4C958891C8A1FE15A18B0A5002C186
:10DF6000C002650165000840A5CB8E6B4B86FA3573
:10DF700008006000C09065806516463AE00C4006D7
:10DF80008151035565024E5AF098501270985242D2
:10DF9000867388614E8A8E83A47EE68AE23052853B
:10DFA000E0E00C0A0251FC15B55B984B44E01840C8
:10DFB000C0000C068101FCD5F03C0C4CC1C3DD93C4
:10DFC000FA00040C6FFC44688C0B806BF2000C0CA4
:10DFD000FFF005E800005D93C028654100005D93F7
:10DFE000C02B66116108038684149D210306042654
:10DFF0000424E10808168311E114450688388824B2
:10E000000836C839600106060025C040C00A6EF116
:10E01000A121472D08050029014600278004E12899
:10E02000010600268004E128DD938016E12803869E
:10E0300084288414872B84380220FEB54011ED5CBF
:10E04000C02C6D01C1C3DD9360084356E1280586ED
:10E050006C1D40118814C02B84388428FEB5872B92
:10E06000ED5C02206D0140114011C02CC0156131E2
:10E0700065394011DD93C02260084366E1280586BA
:10E080006C1D40118814C02B84388428FEB5872B62
:10E09000ED5C02206D0140114011C02CC0156131B2
:10E0A00065594011DD93C01B60084396E128058641
:10E0B0006C1D40118814C02B84388428FEB5872B32
:10E0C000ED5C02206D0140114011C02CC01561357E
:10E0D00062F140114011C015C01B655DC1C3DD93E5
:10E0E0006E01000B070640150C34E1448721A12B7B
:10E0F000E686400A00C60C0E8014E1445C088426C3
:10E1000080049A00424A8018FEA5E08C8016811196
:10E11000C1C3DD936E01000B07C640150C34E1440A
:10E120008721A12BE686400A01860C0E8014E1446B
:10E130005C08842680049A00424A8018FEA5E08C80
:10E1400080168111C1C3DD93F800044C61384BC6C1
:10E15000143485618C48A12BF3EC484048460C46AA
:10E1600010C4E144B0368131B06690C4303690C4FA
:10E17000E14458866E01000BB0C4C0156686400AA3
:10E18000B00E871100169004E13C000684C880148C
:10E1900084C6C8C980188004F3EC42109404801629
:10E1A000C819801880E5801680189004E08C424AD7
:10E1B0008036FEA5F0000C4CC1C3DD93614400C65F
:10E1C00080048111DD938016FA9C040C43E6029BC7
:10E1D000086BE0044011867B402B6C1D41B8848B9A
:10E1E0004206E800C2676118846904144246049636
:10E1F0008414E118428604868414E11842060476E9
:10E200008414E11044208428AC2FF3F40C0C8426F1
:10E2100083F5F29C61144106E114478681410014A4
:10E2200084188428CB278C3482190429A41F0C5A03
:10E2300080348C4C8C48E057F3F8484000348C46CE
:10E24000F984405242408C488C16F2FCC1C3DD93E5
:10E2500061144386E1C0040448000414CA07F004B2
:10E26000F10040004306042C8424E1144630883831
:10E27000A83FF3F88414883644208428A02FF2FCA9
:10E28000DD938426FA9C040C41F6009B066BE004A7
:10E290005201847B402B6C1D7BD8828B1229EFFCB2
:10E2A000402C6E95E11C0246C887041471C048805A
:10E2B00004269E79E118434688388424F23C46308F
:10E2C0008836A83F84288414F3C044200426AE2F47
:10E2D000E11C028684668414F29C0C0CC1C3F7A571
:10E2E000FA84040C826B007B65350E390E29C02B35
:10E2F000C02B6539653D0E197C58C02B0E0BEFFC09
:10E3000066B88C1BA10BE8000C0C8085DD93F284B1
:10E310008C1B0E0BF2840C0CE00027E8FA3C040C7A
:10E3200041A6006B4C01E004402B6C1DE00443A6A9
:10E330006FFC7D88807B8C0BA4D5A17B653D0C296F
:10E340000C19C02BC02B653965350C0964B8C02B7E
:10E35000008BEFA0E1040146902B00040CA58094F3
:10E36000C0096E0D65410C39920BC02B6FA06488FB
:10E370004C05941B400B636D0C39920B402B654987
:10E3800063D8941B902B6FA063654C05920B400BD8
:10E3900065450C39941B402B6FA063284C05902BCE
:10E3A000400B63710C39920B402B654D6278941BC6
:10E3B000902B6FA06D590C159121400A63694C0593
:10E3C000020BC00B5EF8941B4C05EFA040066D4994
:10E3D000E11C02864C058414C00869416B1D4C0584
:10E3E0004C05C008C0086BF14C018408C01B657166
:10E3F0004C018408C02265514C018408C0226CA1E4
:10E40000434604088414E1186FF14C018408C022CB
:10E410004C019E09C01B65759E09840865554C0119
:10E420008408C0224C019E09C0226CA59E09840864
:10E430006FF54C018408C0228E09C90765794C012B
:10E440008408C01B8E09C90765594C018408C02285
:10E450008E09C9076CA94C018408C0228E09C9071E
:10E460006FF94C014078C0228C0B68000C0C8E0BAD
:10E47000DD93F23C68B1001B060E400AC3D0640174
:10E48000E18404146C7900398623402CE006422A8A
:10E49000E1840434422A8223002BE00EC00A68B5CE
:10E4A0000206C41D421280004015D188C00B63755E
:10E4B000C1C3DD93FA9C040C0C19806BC02B64C1A2
:10E4C00065510C990C79C02BC02B65C9EC04001068
:10E4D000C797650D810102150C09A71BC02C0E31D1
:10E4E000830180B56E314C010C09C02C402C6D0DA0
:10E4F000F004000A8E930275E08C404A054D0060DE
:10E5000001C580AD05490060404AC0AD0060E08CA7
:10E5100080AD0545054100608088C0AD6FA04E0804
:10E520000294900B81417A806102461A101B8C0B79
:10E5300064B88E2B0C09EFFCC02B65516C1D0C19B7
:10E54000C807C02B6AA94C034C03C00DC0116299C7
:10E5500066494C034C03C011401167F152188C0BF3
:10E56000A10BE8000C0C8085DD93F29C6C1D0C194E
:10E570008C0B402BF29C0C0CC1C39F85F804040C3F
:10E580006E3100190019C02C402C6D0D8245A11B65
:10E59000E08C424A05A1040001C580B30591040046
:10E5A000424AC0B30400E08C80B305C105B1040049
:10E5B0000069C0B3C02B64CD005B8824C0156AD14C
:10E5C0006AE1004BA36B401568C900CB003BC00A51
:10E5D000C00A68CD0461006584C580050065A56B2F
:10E5E0008005045D00758425400B63750285A76B6B
:10E5F0009C004C70645D0065CC7DC00504610065C5
:10E600004C628005424A9A9CD8C7608C026402E53D
:10E610005857E0B04A5AD847484AE00A4055E00AFD
:10E62000C00B6379637D4045481AC00BD81D600A52
:10E63000421258374045D1B0400B6381481A81419E
:10E64000423AC00A4045E00AC00B63856389401521
:10E650008101400BF0040C0CC1C3DD93FA3C040CA7
:10E6600000B6008B5001E008402B6C1D067B88AB88
:10E670004E18849B820B6FA06FA04F68210B806B9C
:10E680000206FF11A3AB0000820302E58295D30DC1
:10E6900084A5A37B5095A17BC00B052150958415C3
:10E6A000C00B6521A37B8335A17B82C50521500565
:10E6B0008235C00B652150058185C00B65315095B1
:10E6C0008145C00B65315005100BC00B73188E1BB4
:10E6D0005A18EFF80E646FFC4386E1A08414E11829
:10E6E00043C604768414E1180C0C84661B18F23CB3
:10E6F000C1C3FFFCFA04044C866B42270424842126
:10E700000624FA808233E184600A4E3A0029C62D3D
:10E71000402B0C1DC0084296CFB473E86001000680
:10E7200081317D09E01E400AE51A420AE59A440A51
:10E73000648100104222C7A1040E728CC0037424AD
:10E740006F5C74880C4C8131DD93F204FA00040C88
:10E750006C010C12811140286F605DA88C0B8C2B12
:10E76000F2000C0CC1C3DD93FA00040C4206022B2C
:10E770000414E118E1244786841881618C388C34B4
:10E780008245871B60080366E0080D66EFB4704899
:10E790000C06A10B8C0B8000F2000C0CC1C3DD93A6
:10E7A000FA00040C4286022B0414E118E12447C647
:10E7B000841881618C388C348245871B600803760D
:10E7C000E0080D76EFB46E880C06A10B8C0B800070
:10E7D000F2000C0CC1C3DD93FA00040C02C6022B3C
:10E7E0000414E128E1184746841881618C388C3480
:10E7F0008E39C9378245871B60080386E0080D867D
:10E80000EFB46CA80C06A10B8C0B8000F2000C0C72
:10E81000C1C3DD93FA00040C0286022B0414E12824
:10E82000E1184746841881618C388C34871B9E39E7
:10E83000039682450D9660086AD8E008A10BEFB4F4
:10E8400080000C060C0C8C0BDD93F2006C80041223
:10E85000813181114800C53D000450044212C18439
:10E8600006305090FCF5C404820B5D93FA00040C52
:10E870000C09806BC02B65B5E084400A05A90C1912
:10E880004086402B0005C1004011C0008495C000A7
:10E890006D210C09400AC02C82C5E08063790C15FB
:10E8A0008531400B8C0B03416FFC6DA88C0B822BC8
:10E8B000F2000C0C81018165F2000C0CC1C3DD93E8
:10E8C000FA7C044C0086006B8004E13C4210801806
:10E8D0008016F1FC65B50C09404AC02B0004609815
:10E8E00080C5FA006CFD0C19A11BC02CFF1182859C
:10E8F0008235820D66ED0C19A11BC02602600285CF
:10E90000809906E5E094400A044502600260C09EDA
:10E9100080AD05A953F604180C39E000C02B65AD95
:10E9200070844432050AA613161264FC1224E00017
:10E93000400A1A800060E090409906F1C00002068B
:10E940004F604E68C018040615860FBE0101E10035
:10E950008975817161004086E008420683210004C8
:10E960008C0B00B6EFF87BE8603C428652788C0B4B
:10E97000007BEFE075B88C0B0C09EFF8402C6D01B3
:10E98000F0A04462A17B28146BF144018408C026E6
:10E9900041F682658111603CEF644F28600C4306AC
:10E9A00060788C0B5938EFC80C19EFDCC02B65B5BB
:10E9B000E090420A0284826504606088C09966F033
:10E9C0009023041344B1840E0C15E400C00A6D6159
:10E9D0000206C20D4C11C000C02606ED82B180D5E2
:10E9E000FA8010B4ECE5D28D65B50C198291402BFC
:10E9F000E090420AC01C1E25D188448206E14C21C9
:10EA0000938B40260C0984F5402666E5E10042869A
:10EA10008321041466ED4C210406C026E03C41F637
:10EA20006F644AE8430681118C0B600CEFC85C28C8
:10EA3000420A8595448660940824E10004410260FE
:10EA40004CB1C09E402666E505B10260841880ADD9
:10EA5000021290138816ECFC6C6D0C294C11C02C22
:10EA6000C02666E969B54C05440AC0098245E090B4
:10EA70006FF86DE80C098C0BC02C6D016D054C0115
:10EA80004046C02C8014E100442084280426F3EC86
:10EA9000E13C028684288414FC9C0424800484269F
:10EAA000C81980188E0B0016F27C0C4CC1C3DD9384
:10EAB000FA00040C40A6006B4C01E000402B6C1DDA
:10EAC00069588C0B6E38EFF48C0B6FE80C19A10BA6
:10EAD000802C0D15937C42100D154C118111002CCA
:10EAE0006C214C110C0CC02BDD93F200FA1C044C71
:10EAF0008171006B66350C0B43F640164C73EFFCCE
:10EB0000C0166671E080404A0C199885C02B6C498C
:10EB10006C510C890C29C02BC02B6C556C4D0C39D9
:10EB2000C517402BC527C587482A45374A3AE6A26C
:10EB30000644E6860854FA80893BFA808000001675
:10EB4000888C0004020010C50C398C04402C6D091F
:10EB5000E084400A6686442AFA8008148151011133
:10EB60006C040030400283310009D098C02C0CA105
:10EB70006CE94C018305C02C8425A18B7A80188414
:10EB8000E89412346032584AFB8002144C13B21FCE
:10EB9000C0166671855D98538345FC156C1D0C2964
:10EBA0004296402B4F78E0088C0B6FB4E0084E96ED
:10EBB00066710C1BA30B40166CE90C090E06402C69
:10EBC0000004C00002147A80400AFB80A11FE6A264
:10EBD00066714C138E0B4016F21C0C4CC1C3DD93B6
:10EBE000E1044206841A84146E194013DD93C015A3
:10EBF000F87C040CEC601EF06C4100699F71402BA6
:10EC00006C4900398181402B6C5100498191402B26
:10EC1000423AAF76421AE69ABE1EE0126C4D0019D7
:10EC20003C1EC02B6031020E7C1EC241E040021629
:10EC30008F110D1C95111D1685111F168B11211694
:10EC40009111231697112516991127169B11291634
:10EC50009D112B1681112D166C5500C98365C02B93
:10EC600064200AF00A2982B18023FC08688144816B
:10EC70008281401B6C4100690A64C02B04B47A8015
:10EC80009453FA80FAB5CB2D00298291402B6C4524
:10EC9000FA8014940494C5AD5420C088C00313F1C5
:10ECA00056A07AB50029DC00402C6C81FA8018C48B
:10ECB000E012463AA32B3C24DFFC4FEE68BD4071C6
:10ECC0003E24C01BFA800A246032485A64800A003D
:10ECD0000745C06EFA8004246E1900CB580AC0158F
:10ECE00059E6E4844C50000C88A59C006C7900C95E
:10ECF000E5CDC02C94C888356C4100690079C02BE3
:10ED0000C02C6CE9E01A50CAE00E527AE11A58CAD7
:10ED1000E692508AE10E4C7A58CA10930E94E68E11
:10ED200050027A804E7AF0848CC3668A64810C80AB
:10ED30008EC3C06E021198C6020A8251F2B5E0403D
:10ED40000C0CB0F1DD93F07C0000101400434AB0CD
:10ED50000000092C00001A24004354C000000020C9
:10ED60000000194400000000000000E00000000066
:10ED700000800200008002010000000000800211FB
:10ED800000800212000000000080021600800217BE
:10ED900000800218008002190080021A0080021B05
:10EDA000000000000080021D0080021E0080022082
:10EDB00000800224008002260080022C0000000057
:10EDC0000080022F00800246000000000080024AFE
:10EDD000000000000080024C0080024D0080024EC6
:10EDE000008002510000000000800253000000007B
:10EDF0000080025700000000008002590080025A83
:10EE00000080025F00800260008002610080026278
:10EE10000080026300800264008002650080026658
:10EE2000008002670080026800800273000000001A
:10EE3000008002780080027C0080028100800286CF
:10EE400000800287000000000080029500000000A2
:10EE50000080029900000000008002A3008002A848
:10EE600000000000008002AA008002AB008002AC1B
:10EE7000008002AD008002AE008002B1008002B2CC
:10EE800000000000008002B6008002B7008002B8D7
:10EE9000008002B9008002BA008002BB008002BC80
:10EEA000008002BD008002BE008002BF008002C25E
:10EEB000008002C3008002C4008002C500804000C0
:10EEC00000000000008040020080400300804004F9
:10EED0000080400600000000008040090080400AD9
:10EEE0000080400B0080400C000000000080400EBD
:10EEF0000080400F0000000000804013008040149C
:10EF00000080401500000000008040190080401E75
:10EF10000080401F0080402000000000008040244E
:10EF2000008040250080403C0080403D0080403E05
:10EF30000080403F008040400080404100804042CF
:10EF400000804043008040440080404500804046AF
:10EF50000080404700804048008040490080404A8F
:10EF60000080404B0080404C0080404D0080404E6F
:10EF70000080404F0080405000804051008040524F
:10EF8000008040530080405400804055008040562F
:10EF90000080405700804058008040590080405A0F
:10EFA0000080405B0080405C000000000080405E0C
:10EFB0000000000000804060000000000080406908
:10EFC0000080406A0080406B0000000000804074B8
:10EFD00000804078008040790080407A0080407C4A
:10EFE0000080408400804085008040880080408907
:10EFF0000080408E00000000008040900080409122
:10F0000000804099000000000080409F0000000048
:10F01000008040A1008040A200000000008040A8C5
:10F02000008040B0008040B6008040D0008040D1D9
:10F03000008040D4008040D500000000008040DD0A
:10F0400000000000008040DF008043DC008043DDE2
:10F0500000000000008043E4008044040080442855
:10F0600000000000008044480080444C0080445070
:10F0700000804454008044580080445C0080446018
:10F0800000804464008044680000000000804698CE
:10F0900000000000008048C8008048C9000000004F
:10F0A000008048CB008048CC000000000080491C54
:10F0B000000000000080343C00808000008080015F
:10F0C0000080800200808006008080070000000031
:10F0D00000808009000000000080800E0080801009
:10F0E0000000000000808014008080180080801CD8
:10F0F000000000000080802D0080802E0080803184
:10F10000008080320080803500808036008080372B
:10F1100000000000008080390080803A0080803B41
:10F120000080803C0080803D0080803E00808040E8
:10F130000080804400808048008080490080804AB0
:10F14000000000000080804C0080805000808054CF
:10F1500000808055008080560000000000808058AC
:10F160000080805C00808060008080610080806220
:10F170000000000000808064008080680080806C57
:10F180000080806D0080806E000000000080807034
:10F190000080807400808078008080790080807A90
:10F1A000000000000080807C008080800000000063
:10F1B000008080880080808C0000000000808094A7
:10F1C00000808098000000000080008000800081A6
:10F1D0000080008200800083008000840080008521
:10F1E0000080008600800087008000880080008901
:10F1F0000080008A0080008B0080008C0080008DE1
:10F200000080008E0080008F0080009000000000D1
:10F2100000800101008001020080010300800104E0
:10F220000080010500800106008001070080010ABE
:10F230000080010C00812C0000812FFC00000D00DB
:10F24000000000640000BB8000001A480000FB8042
:10F25000000000000000000000000000000017ECAB
:10F2600000001854000018BC00000000000000005E
:10F27000000000000000000000000000000000008E
:10F2800000000000000000000000000000001A3F25
:10F29000000000000000000000000000000000006E
:10F2A000000000000000000000000000000000005E
:10F2B000000000000000000000000000545000802A
:10F2C0000004040400000808AD30008002010303BC
:10F2D00000000300AD38010001E0014000400040A3
:10F2E000010004000000000154580040041A01000D
:10F2F000545C01400000271000000FA00FA003E89D
:10F3000002801F400000050054700080032003208D
:10F3100000000008547801000113002900330000A8
:10F3200002000001040108025488014000000000AE
:10F3300000000000000000000000000000000C00C1
:10F34000AD48010001F4000003060010080708079B
:10F3500000000008AD600100000000800000000017
:10F36000201F01F400001D0AAD70008008001F403E
:10F3700000000001AD78008000A003200001019092
:10F38000AD80004000002800AD8400800000320005
:10F3900003200000AD8C00800258FF380000000CF4
:10F3A000AD94010000019000FFFFFC00000004008C
:10F3B00000000101ADA400C00480061A00400580D1
:10F3C00000000106ADB000C00480061A19000580D7
:10F3D00000000190ADBC04400000000000000000EF
:10F3E00000120025000000060000000500000005D6
:10F3F00000000006000000040000000F0000005A9A
:10F4000000000000000000090B0C0B0B03031105AA
:10F410000101010100000000000D0000AE00010428
:10F4200000000004000000080000000A0000000CBA
:10F430000000000D0000000E0000000800000008A1
:10F44000000000100000001000000020000000205C
:10F45000000000060000050A02000C080000000081
:10F46000AE400040000001FFAE4400400010040127
:10F47000AE48004000001000AE4C0040000000010B
:10F48000AE500140000000140400280003206C006E
:10F490000000000000002580AE6400400000000273
:10F4A000AED8010000C805DC00000CCD010400004E
:10F4B00000002601B550028200000000000000009C
:10F4C000000000000000000000000000000000003C
:10F4D000000000000000000000000000000000002C
:10F4E000000000000000000000000000000000001C
:10F4F000000000000000000000000000000000000C
:10F500000000000000000000B5A002820000000022
:10F5100000000000000000000000000000000000EB
:10F5200000000000000000000000000000000000DB
:10F5300000000000000000000000000000000000CB
:10F5400000000000000000000000000000000000BB
:10F55000000000000000000000000000B5F00040C6
:10F5600000FF0000B39C0100349B0435021B087CA3
:10F570008001120100000800B6C000C00000600059
:10F580000000200000000000AEA8004000000405BC
:10F59000AEAC00800100010000020000AEB40040EB
:10F5A00000000000AEB80081000000000000000074
:10F5B000AEC000810000000000000000AEC8008165
:10F5C0000801010800000008AED000810108080809
:10F5D00000000001B5F40080000000000000000001
:10F5E000B5FC00800000000000000000B6040040F0
:10F5F00000000000B6080044000000000000000009
:10F600000000000000000000B618004400000000E8
:10F61000000000000000000000000000B6280044C8
:10F6200000000000000000000000000000000000DA
:10F63000B638004400000000000000000000000098
:10F6400000000000B64801000000000000000000BB
:10F650000000000000000000B6580100000000009B
:10F66000000000000000000000000000B66801007B
:10F67000000000000000000000000000000000008A
:10F680000000000F000103C89FD800C003200960DC
:10F690000B080817080808039FE401400000000059
:10F6A000000000000000000001E000200000002039
:10F6B0009FF80040171717179FFC0404000046A48A
:10F6C000000037660000266000001CBC00001773B5
:10F6D000000011250000110700000E6300008B4C94
:10F6E000000060A200003DC0000026AA00001BC26E
:10F6F0000000180400001497000010ED0001281B02
:10F70000000093F0000057610000302B000020AA99
:10F7100000001AB6000015C30000160E00017FBBE2
:10F720000000AD58000071AF000036D9000022FB88
:10F7300000001C960000188300001796000190003E
:10F74000000097D60000663B0000330A000020CD81
:10F7500000001938000016A5000014BB0000AFCF50
:10F760000000657D00003D93000029D10000194E86
:10F77000000015BA000011C60000127F0000731DC2
:10F780000000422C00002E8200001E800000181C89
:10F790000000132D00000FC600000F8500004F046D
:10F7A000000033E900001F06000018400000132C81
:10F7B0000000129700000E0100000DACA0FC01003B
:10F7C0000000000000000003000000000000000036
:10F7D000A10C0100000000800000000300000000F8
:10F7E00000000000A11C00C0000070EB0C8001E0D4
:10F7F00000000026A128090200000000000000000F
:10F8000000000000000100000036000301D90143A0
:10F8100002330217024B0241011702220027005D4A
:10F8200000050011000000010000000000000000C1
:10F8300000000000000000000000000000000000C8
:10F8400000000000000000000000000000000000B8
:10F8500000000000000000000000000000000000A8
:10F860000000000000000000000000000000000098
:10F870000000000000000000000000000000000088
:10F880000000000000000000000000000000000078
:10F890000000000000000000000000000000000068
:10F8A0000000000000000000000000000000000058
:10F8B0000000000000000000000000000000000048
:10F8C0000000000000000000000000000000000038
:10F8D0000000000000000000000000000000000028
:10F8E0000000000000000000000000000000000018
:10F8F0000000000000000000000000000000000008
:10F9000000000000000000000000000000000000F7
:10F910000000000000000000A248004000000000BD
:10F92000A24C00810000000000000000A2540081F1
:10F930000000000000000000A25C00810000000048
:10F9400000000000A2640081000000000000000030
:10F95000A26C008400000000000000000000000015
:10F960000000000000000000000000000000000097
:10F9700000000000A28C00820000000000000000D7
:10F9800000000000000000000000000F050103045B
:10F99000540000409E1400C09E2001409E34004050
:10F9A0009E3804049F3804029FB801009FC80100DC
:10F9B0000000000F020200240F04041708101007B3
:10F9C00000000000286E756C6C290000090333806C
:10F9D000000000000000000029000000080A0020CC
:10F9E000CCF901085B57616B652D75705D2054691A
:10F9F0006D656F75742C20726970726F76612E0D53
:10FA00000A0000005B57616B652D75705D20312F1A
:10FA100034202D205072696D6F206D6F76696D6591
:10FA20006E746F2028546F743A20256C75290D0A66
:10FA3000000000005B57616B652D75705D20322FF3
:10FA400034202D204D616E6F206665726D612E2E03
:10FA50002E0D0A005B57616B652D75705D20332F8D
:10FA600034202D205365636F6E646F206D6F76694F
:10FA70006D656E746F2028546F743A20256C75295B
:10FA80000D0A0000564C35334C374358206E6F74C6
:10FA900020646574656374656420617420726571A7
:10FAA00075657374656420616464726573730D0AAF
:10FAB00000000000564C35334C37435820554C4419
:10FAC000204C6F6164696E67206661696C65640DC6
:10FAD0000A000000564C35334C3743585F322E3005
:10FAE0002E300000564C35334C37435820554C448B
:10FAF0002072656164792021202856657273696FD0
:10FB00006E203A202573290D0A0000004D6F74699C
:10FB10006F6E20696E64696361746F7220696E69CB
:10FB200074206661696C65642077697468207374F9
:10FB300061747573203A2025750D0A004D6F746944
:10FB40006F6E20696E64696361746F72207365748F
:10FB50002064697374616E6365206D6F74696F6E84
:10FB6000206661696C6564207769746820737461CC
:10FB7000747573203A2025750D0A0000766C3533B4
:10FB80006C3763785F7365745F72616E67696E6707
:10FB90005F6672657175656E63795F687A2066610C
:10FBA000696C65642C207374617475732025750D00
:10FBB0000A000000766C35336C3763785F737461CC
:10FBC00072745F72616E67696E67206661696C65E9
:10FBD000642C207374617475732025750D0A000000
:10FBE00067657374757265002D085A0000003C004B
:10FBF000EA0A5A0000003C00C00DAA000000000004
:10FC00004D0A780000000000170478000000000092
:10FC1000C00D78000000000062757A7A65720000FD
:10FC2000626C696E6B657200636F6E73756D657281
:10FC3000000000000D0A5B2121215D20534953542F
:10FC4000454D4120415454495641544F205B212198
:10FC5000215D0D0A0D0A00000D0A3C2D2D2D2041BD
:10FC60005A494F4E452053494E4953545241205210
:10FC7000494C45564154412120284D616E6F204129
:10FC800070657274612F436869757361290D0A008C
:10FC90000D0A2D2D2D3E20415A494F4E45204445F9
:10FCA000535452412052494C455641544121202839
:10FCB0004D616E6F204170657274612F4368697584
:08FCC0007361290D0A00000028
:08FCC800040DFE7F01000000A5
:10FCD00080FE210A2424E502A07F880280FE210AFA
:10FCE00080FE210A40FF100580FE210A80FE210AC5
:10FCF00080FE210A000000005C0A00202C08002081
:10FD000040420F00900100000000000001000000D0
:10FD100000000000000000000000000000000000E3
:10FD200000000000000000000000000000000000D3
:10FD300000000000000000000000000000000000C3
:0CFD400000000000000000007808002017
:04000005080002B934
:00000001FF
