ARM GAS  C:\Users\nello\AppData\Local\Temp\ccsFGfKG.s 			page 1


   1              		.cpu cortex-m4
   2              		.arch armv7e-m
   3              		.fpu softvfp
   4              		.eabi_attribute 20, 1
   5              		.eabi_attribute 21, 1
   6              		.eabi_attribute 23, 3
   7              		.eabi_attribute 24, 1
   8              		.eabi_attribute 25, 1
   9              		.eabi_attribute 26, 1
  10              		.eabi_attribute 30, 2
  11              		.eabi_attribute 34, 1
  12              		.eabi_attribute 18, 4
  13              		.file	"bufstreams.c"
  14              		.file 1 "c:\\chibistudio\\tools\\gnu tools arm embedded\\10.3 2021.10\\lib\\gcc\\arm-none-eabi\\10
  15              		.file 2 "c:\\chibistudio\\tools\\gnu tools arm embedded\\10.3 2021.10\\arm-none-eabi\\include\\mac
  16              		.file 3 "c:\\chibistudio\\tools\\gnu tools arm embedded\\10.3 2021.10\\arm-none-eabi\\include\\sys
  17              		.file 4 "../../chibios2111/os/rt/include/chearly.h"
  18              		.file 5 "../../chibios2111/os/hal/include/hal_streams.h"
  19              		.file 6 "../../chibios2111/os/hal/lib/streams/bufstreams.h"
  20              		.file 7 "../../chibios2111/os/hal/lib/streams/bufstreams.c"
  21              		.section	.gnu.debuglto_.debug_info,"e",%progbits
  22              	.Ldebug_info0:
  23              		.hidden	bufstreams.c.ce536609
  24              		.weak	bufstreams.c.ce536609
  25              	bufstreams.c.ce536609:
  26 0000 DE030000 		.4byte	0x3de
  27 0004 0400     		.2byte	0x4
  28 0006 00000000 		.4byte	.Ldebug_abbrev0
  29 000a 04       		.byte	0x4
  30 000b 01       		.uleb128 0x1
  31 000c 3E000000 		.4byte	.LASF36
  32 0010 0C       		.byte	0xc
  33 0011 CF010000 		.4byte	.LASF37
  34 0015 95010000 		.4byte	.LASF38
  35 0019 00000000 		.4byte	.Ldebug_line0
  36 001d 02       		.uleb128 0x2
  37 001e 04       		.byte	0x4
  38 001f 05       		.byte	0x5
  39 0020 696E7400 		.ascii	"int\000"
  40 0024 03       		.uleb128 0x3
  41 0025 16000000 		.4byte	.LASF3
  42 0029 01       		.byte	0x1
  43 002a D1       		.byte	0xd1
  44 002b 17       		.byte	0x17
  45 002c 30000000 		.4byte	0x30
  46 0030 04       		.uleb128 0x4
  47 0031 04       		.byte	0x4
  48 0032 07       		.byte	0x7
  49 0033 2C000000 		.4byte	.LASF0
  50 0037 04       		.uleb128 0x4
  51 0038 08       		.byte	0x8
  52 0039 05       		.byte	0x5
  53 003a 23020000 		.4byte	.LASF1
  54 003e 04       		.uleb128 0x4
  55 003f 08       		.byte	0x8
  56 0040 04       		.byte	0x4
  57 0041 13010000 		.4byte	.LASF2
ARM GAS  C:\Users\nello\AppData\Local\Temp\ccsFGfKG.s 			page 2


  58 0045 03       		.uleb128 0x3
  59 0046 37020000 		.4byte	.LASF4
  60 004a 02       		.byte	0x2
  61 004b 29       		.byte	0x29
  62 004c 17       		.byte	0x17
  63 004d 51000000 		.4byte	0x51
  64 0051 04       		.uleb128 0x4
  65 0052 01       		.byte	0x1
  66 0053 06       		.byte	0x6
  67 0054 00000000 		.4byte	.LASF5
  68 0058 03       		.uleb128 0x3
  69 0059 0C000000 		.4byte	.LASF6
  70 005d 02       		.byte	0x2
  71 005e 2B       		.byte	0x2b
  72 005f 18       		.byte	0x18
  73 0060 64000000 		.4byte	0x64
  74 0064 04       		.uleb128 0x4
  75 0065 01       		.byte	0x1
  76 0066 08       		.byte	0x8
  77 0067 34010000 		.4byte	.LASF7
  78 006b 04       		.uleb128 0x4
  79 006c 02       		.byte	0x2
  80 006d 05       		.byte	0x5
  81 006e 56020000 		.4byte	.LASF8
  82 0072 04       		.uleb128 0x4
  83 0073 02       		.byte	0x2
  84 0074 07       		.byte	0x7
  85 0075 42010000 		.4byte	.LASF9
  86 0079 03       		.uleb128 0x3
  87 007a 22000000 		.4byte	.LASF10
  88 007e 02       		.byte	0x2
  89 007f 4D       		.byte	0x4d
  90 0080 18       		.byte	0x18
  91 0081 85000000 		.4byte	0x85
  92 0085 04       		.uleb128 0x4
  93 0086 04       		.byte	0x4
  94 0087 05       		.byte	0x5
  95 0088 80020000 		.4byte	.LASF11
  96 008c 04       		.uleb128 0x4
  97 008d 04       		.byte	0x4
  98 008e 07       		.byte	0x7
  99 008f 69010000 		.4byte	.LASF12
 100 0093 04       		.uleb128 0x4
 101 0094 08       		.byte	0x8
 102 0095 07       		.byte	0x7
 103 0096 AE020000 		.4byte	.LASF13
 104 009a 05       		.uleb128 0x5
 105 009b 04       		.byte	0x4
 106 009c 04       		.uleb128 0x4
 107 009d 01       		.byte	0x1
 108 009e 08       		.byte	0x8
 109 009f C2010000 		.4byte	.LASF14
 110 00a3 03       		.uleb128 0x3
 111 00a4 03010000 		.4byte	.LASF15
 112 00a8 03       		.byte	0x3
 113 00a9 14       		.byte	0x14
 114 00aa 12       		.byte	0x12
ARM GAS  C:\Users\nello\AppData\Local\Temp\ccsFGfKG.s 			page 3


 115 00ab 45000000 		.4byte	0x45
 116 00af 03       		.uleb128 0x3
 117 00b0 C7010000 		.4byte	.LASF16
 118 00b4 03       		.byte	0x3
 119 00b5 18       		.byte	0x18
 120 00b6 13       		.byte	0x13
 121 00b7 58000000 		.4byte	0x58
 122 00bb 06       		.uleb128 0x6
 123 00bc AF000000 		.4byte	0xaf
 124 00c0 03       		.uleb128 0x3
 125 00c1 13020000 		.4byte	.LASF17
 126 00c5 03       		.byte	0x3
 127 00c6 2C       		.byte	0x2c
 128 00c7 13       		.byte	0x13
 129 00c8 79000000 		.4byte	0x79
 130 00cc 03       		.uleb128 0x3
 131 00cd 01020000 		.4byte	.LASF18
 132 00d1 04       		.byte	0x4
 133 00d2 58       		.byte	0x58
 134 00d3 19       		.byte	0x19
 135 00d4 C0000000 		.4byte	0xc0
 136 00d8 04       		.uleb128 0x4
 137 00d9 01       		.byte	0x1
 138 00da 02       		.byte	0x2
 139 00db 90020000 		.4byte	.LASF19
 140 00df 07       		.uleb128 0x7
 141 00e0 04       		.byte	0x4
 142 00e1 AF000000 		.4byte	0xaf
 143 00e5 08       		.uleb128 0x8
 144 00e6 96020000 		.4byte	.LASF24
 145 00ea 14       		.byte	0x14
 146 00eb 05       		.byte	0x5
 147 00ec 48       		.byte	0x48
 148 00ed 08       		.byte	0x8
 149 00ee 34010000 		.4byte	0x134
 150 00f2 09       		.uleb128 0x9
 151 00f3 7B010000 		.4byte	.LASF20
 152 00f7 05       		.byte	0x5
 153 00f8 49       		.byte	0x49
 154 00f9 03       		.byte	0x3
 155 00fa 24000000 		.4byte	0x24
 156 00fe 00       		.byte	0
 157 00ff 09       		.uleb128 0x9
 158 0100 55010000 		.4byte	.LASF21
 159 0104 05       		.byte	0x5
 160 0105 49       		.byte	0x49
 161 0106 03       		.byte	0x3
 162 0107 58010000 		.4byte	0x158
 163 010b 04       		.byte	0x4
 164 010c 09       		.uleb128 0x9
 165 010d 8B010000 		.4byte	.LASF22
 166 0111 05       		.byte	0x5
 167 0112 49       		.byte	0x49
 168 0113 03       		.byte	0x3
 169 0114 77010000 		.4byte	0x177
 170 0118 08       		.byte	0x8
 171 0119 0A       		.uleb128 0xa
ARM GAS  C:\Users\nello\AppData\Local\Temp\ccsFGfKG.s 			page 4


 172 011a 70757400 		.ascii	"put\000"
 173 011e 05       		.byte	0x5
 174 011f 49       		.byte	0x49
 175 0120 03       		.byte	0x3
 176 0121 91010000 		.4byte	0x191
 177 0125 0C       		.byte	0xc
 178 0126 0A       		.uleb128 0xa
 179 0127 67657400 		.ascii	"get\000"
 180 012b 05       		.byte	0x5
 181 012c 49       		.byte	0x49
 182 012d 03       		.byte	0x3
 183 012e A6010000 		.4byte	0x1a6
 184 0132 10       		.byte	0x10
 185 0133 00       		.byte	0
 186 0134 06       		.uleb128 0x6
 187 0135 E5000000 		.4byte	0xe5
 188 0139 0B       		.uleb128 0xb
 189 013a 24000000 		.4byte	0x24
 190 013e 52010000 		.4byte	0x152
 191 0142 0C       		.uleb128 0xc
 192 0143 9A000000 		.4byte	0x9a
 193 0147 0C       		.uleb128 0xc
 194 0148 52010000 		.4byte	0x152
 195 014c 0C       		.uleb128 0xc
 196 014d 24000000 		.4byte	0x24
 197 0151 00       		.byte	0
 198 0152 07       		.uleb128 0x7
 199 0153 04       		.byte	0x4
 200 0154 BB000000 		.4byte	0xbb
 201 0158 07       		.uleb128 0x7
 202 0159 04       		.byte	0x4
 203 015a 39010000 		.4byte	0x139
 204 015e 0B       		.uleb128 0xb
 205 015f 24000000 		.4byte	0x24
 206 0163 77010000 		.4byte	0x177
 207 0167 0C       		.uleb128 0xc
 208 0168 9A000000 		.4byte	0x9a
 209 016c 0C       		.uleb128 0xc
 210 016d DF000000 		.4byte	0xdf
 211 0171 0C       		.uleb128 0xc
 212 0172 24000000 		.4byte	0x24
 213 0176 00       		.byte	0
 214 0177 07       		.uleb128 0x7
 215 0178 04       		.byte	0x4
 216 0179 5E010000 		.4byte	0x15e
 217 017d 0B       		.uleb128 0xb
 218 017e CC000000 		.4byte	0xcc
 219 0182 91010000 		.4byte	0x191
 220 0186 0C       		.uleb128 0xc
 221 0187 9A000000 		.4byte	0x9a
 222 018b 0C       		.uleb128 0xc
 223 018c AF000000 		.4byte	0xaf
 224 0190 00       		.byte	0
 225 0191 07       		.uleb128 0x7
 226 0192 04       		.byte	0x4
 227 0193 7D010000 		.4byte	0x17d
 228 0197 0B       		.uleb128 0xb
ARM GAS  C:\Users\nello\AppData\Local\Temp\ccsFGfKG.s 			page 5


 229 0198 CC000000 		.4byte	0xcc
 230 019c A6010000 		.4byte	0x1a6
 231 01a0 0C       		.uleb128 0xc
 232 01a1 9A000000 		.4byte	0x9a
 233 01a5 00       		.byte	0
 234 01a6 07       		.uleb128 0x7
 235 01a7 04       		.byte	0x4
 236 01a8 97010000 		.4byte	0x197
 237 01ac 0D       		.uleb128 0xd
 238 01ad 04       		.byte	0x4
 239 01ae 05       		.byte	0x5
 240 01af 53       		.byte	0x53
 241 01b0 09       		.byte	0x9
 242 01b1 C3010000 		.4byte	0x1c3
 243 01b5 0A       		.uleb128 0xa
 244 01b6 766D7400 		.ascii	"vmt\000"
 245 01ba 05       		.byte	0x5
 246 01bb 55       		.byte	0x55
 247 01bc 29       		.byte	0x29
 248 01bd C3010000 		.4byte	0x1c3
 249 01c1 00       		.byte	0
 250 01c2 00       		.byte	0
 251 01c3 07       		.uleb128 0x7
 252 01c4 04       		.byte	0x4
 253 01c5 34010000 		.4byte	0x134
 254 01c9 03       		.uleb128 0x3
 255 01ca 1F010000 		.4byte	.LASF23
 256 01ce 05       		.byte	0x5
 257 01cf 57       		.byte	0x57
 258 01d0 03       		.byte	0x3
 259 01d1 AC010000 		.4byte	0x1ac
 260 01d5 08       		.uleb128 0x8
 261 01d6 67020000 		.4byte	.LASF25
 262 01da 18       		.byte	0x18
 263 01db 06       		.byte	0x6
 264 01dc 46       		.byte	0x46
 265 01dd 08       		.byte	0x8
 266 01de 31020000 		.4byte	0x231
 267 01e2 09       		.uleb128 0x9
 268 01e3 7B010000 		.4byte	.LASF20
 269 01e7 06       		.byte	0x6
 270 01e8 47       		.byte	0x47
 271 01e9 03       		.byte	0x3
 272 01ea 24000000 		.4byte	0x24
 273 01ee 00       		.byte	0
 274 01ef 09       		.uleb128 0x9
 275 01f0 55010000 		.4byte	.LASF21
 276 01f4 06       		.byte	0x6
 277 01f5 47       		.byte	0x47
 278 01f6 03       		.byte	0x3
 279 01f7 58010000 		.4byte	0x158
 280 01fb 04       		.byte	0x4
 281 01fc 09       		.uleb128 0x9
 282 01fd 8B010000 		.4byte	.LASF22
 283 0201 06       		.byte	0x6
 284 0202 47       		.byte	0x47
 285 0203 03       		.byte	0x3
ARM GAS  C:\Users\nello\AppData\Local\Temp\ccsFGfKG.s 			page 6


 286 0204 77010000 		.4byte	0x177
 287 0208 08       		.byte	0x8
 288 0209 0A       		.uleb128 0xa
 289 020a 70757400 		.ascii	"put\000"
 290 020e 06       		.byte	0x6
 291 020f 47       		.byte	0x47
 292 0210 03       		.byte	0x3
 293 0211 91010000 		.4byte	0x191
 294 0215 0C       		.byte	0xc
 295 0216 0A       		.uleb128 0xa
 296 0217 67657400 		.ascii	"get\000"
 297 021b 06       		.byte	0x6
 298 021c 47       		.byte	0x47
 299 021d 03       		.byte	0x3
 300 021e A6010000 		.4byte	0x1a6
 301 0222 10       		.byte	0x10
 302 0223 09       		.uleb128 0x9
 303 0224 31020000 		.4byte	.LASF26
 304 0228 06       		.byte	0x6
 305 0229 47       		.byte	0x47
 306 022a 03       		.byte	0x3
 307 022b 91010000 		.4byte	0x191
 308 022f 14       		.byte	0x14
 309 0230 00       		.byte	0
 310 0231 06       		.uleb128 0x6
 311 0232 D5010000 		.4byte	0x1d5
 312 0236 0D       		.uleb128 0xd
 313 0237 10       		.byte	0x10
 314 0238 06       		.byte	0x6
 315 0239 4F       		.byte	0x4f
 316 023a 09       		.byte	0x9
 317 023b 74020000 		.4byte	0x274
 318 023f 0A       		.uleb128 0xa
 319 0240 766D7400 		.ascii	"vmt\000"
 320 0244 06       		.byte	0x6
 321 0245 51       		.byte	0x51
 322 0246 2A       		.byte	0x2a
 323 0247 74020000 		.4byte	0x274
 324 024b 00       		.byte	0
 325 024c 09       		.uleb128 0x9
 326 024d 0E020000 		.4byte	.LASF27
 327 0251 06       		.byte	0x6
 328 0252 52       		.byte	0x52
 329 0253 03       		.byte	0x3
 330 0254 7A020000 		.4byte	0x27a
 331 0258 04       		.byte	0x4
 332 0259 09       		.uleb128 0x9
 333 025a 60020000 		.4byte	.LASF28
 334 025e 06       		.byte	0x6
 335 025f 52       		.byte	0x52
 336 0260 03       		.byte	0x3
 337 0261 80020000 		.4byte	0x280
 338 0265 08       		.byte	0x8
 339 0266 0A       		.uleb128 0xa
 340 0267 6E647800 		.ascii	"ndx\000"
 341 026b 06       		.byte	0x6
 342 026c 52       		.byte	0x52
ARM GAS  C:\Users\nello\AppData\Local\Temp\ccsFGfKG.s 			page 7


 343 026d 03       		.byte	0x3
 344 026e 24000000 		.4byte	0x24
 345 0272 0C       		.byte	0xc
 346 0273 00       		.byte	0
 347 0274 07       		.uleb128 0x7
 348 0275 04       		.byte	0x4
 349 0276 31020000 		.4byte	0x231
 350 027a 07       		.uleb128 0x7
 351 027b 04       		.byte	0x4
 352 027c C9010000 		.4byte	0x1c9
 353 0280 0E       		.uleb128 0xe
 354 0281 AF000000 		.4byte	0xaf
 355 0285 90020000 		.4byte	0x290
 356 0289 0F       		.uleb128 0xf
 357 028a 30000000 		.4byte	0x30
 358 028e 00       		.byte	0
 359 028f 00       		.byte	0
 360 0290 03       		.uleb128 0x3
 361 0291 40020000 		.4byte	.LASF29
 362 0295 06       		.byte	0x6
 363 0296 53       		.byte	0x53
 364 0297 03       		.byte	0x3
 365 0298 36020000 		.4byte	0x236
 366 029c 10       		.uleb128 0x10
 367 029d 766D7400 		.ascii	"vmt\000"
 368 02a1 07       		.byte	0x7
 369 02a2 63       		.byte	0x63
 370 02a3 2E       		.byte	0x2e
 371 02a4 31020000 		.4byte	0x231
 372 02a8 11       		.uleb128 0x11
 373 02a9 5B010000 		.4byte	.LASF39
 374 02ad 07       		.byte	0x7
 375 02ae 73       		.byte	0x73
 376 02af 06       		.byte	0x6
 377 02b0 CD020000 		.4byte	0x2cd
 378 02b4 12       		.uleb128 0x12
 379 02b5 39000000 		.4byte	.LASF30
 380 02b9 07       		.byte	0x7
 381 02ba 73       		.byte	0x73
 382 02bb 2B       		.byte	0x2b
 383 02bc CD020000 		.4byte	0x2cd
 384 02c0 12       		.uleb128 0x12
 385 02c1 0E020000 		.4byte	.LASF27
 386 02c5 07       		.byte	0x7
 387 02c6 73       		.byte	0x73
 388 02c7 47       		.byte	0x47
 389 02c8 7A020000 		.4byte	0x27a
 390 02cc 00       		.byte	0
 391 02cd 07       		.uleb128 0x7
 392 02ce 04       		.byte	0x4
 393 02cf 90020000 		.4byte	0x290
 394 02d3 13       		.uleb128 0x13
 395 02d4 89020000 		.4byte	.LASF31
 396 02d8 07       		.byte	0x7
 397 02d9 57       		.byte	0x57
 398 02da 0E       		.byte	0xe
 399 02db CC000000 		.4byte	0xcc
ARM GAS  C:\Users\nello\AppData\Local\Temp\ccsFGfKG.s 			page 8


 400 02df 05030000 		.4byte	0x305
 401 02e3 14       		.uleb128 0x14
 402 02e4 697000   		.ascii	"ip\000"
 403 02e7 07       		.byte	0x7
 404 02e8 57       		.byte	0x57
 405 02e9 1B       		.byte	0x1b
 406 02ea 9A000000 		.4byte	0x9a
 407 02ee 14       		.uleb128 0x14
 408 02ef 6200     		.ascii	"b\000"
 409 02f1 07       		.byte	0x7
 410 02f2 57       		.byte	0x57
 411 02f3 27       		.byte	0x27
 412 02f4 AF000000 		.4byte	0xaf
 413 02f8 15       		.uleb128 0x15
 414 02f9 39000000 		.4byte	.LASF30
 415 02fd 07       		.byte	0x7
 416 02fe 58       		.byte	0x58
 417 02ff 1A       		.byte	0x1a
 418 0300 CD020000 		.4byte	0x2cd
 419 0304 00       		.byte	0
 420 0305 13       		.uleb128 0x13
 421 0306 90010000 		.4byte	.LASF32
 422 030a 07       		.byte	0x7
 423 030b 4D       		.byte	0x4d
 424 030c 0E       		.byte	0xe
 425 030d CC000000 		.4byte	0xcc
 426 0311 2D030000 		.4byte	0x32d
 427 0315 14       		.uleb128 0x14
 428 0316 697000   		.ascii	"ip\000"
 429 0319 07       		.byte	0x7
 430 031a 4D       		.byte	0x4d
 431 031b 19       		.byte	0x19
 432 031c 9A000000 		.4byte	0x9a
 433 0320 15       		.uleb128 0x15
 434 0321 39000000 		.4byte	.LASF30
 435 0325 07       		.byte	0x7
 436 0326 4E       		.byte	0x4e
 437 0327 1A       		.byte	0x1a
 438 0328 CD020000 		.4byte	0x2cd
 439 032c 00       		.byte	0
 440 032d 13       		.uleb128 0x13
 441 032e 1D000000 		.4byte	.LASF33
 442 0332 07       		.byte	0x7
 443 0333 48       		.byte	0x48
 444 0334 0E       		.byte	0xe
 445 0335 CC000000 		.4byte	0xcc
 446 0339 5F030000 		.4byte	0x35f
 447 033d 14       		.uleb128 0x14
 448 033e 697000   		.ascii	"ip\000"
 449 0341 07       		.byte	0x7
 450 0342 48       		.byte	0x48
 451 0343 19       		.byte	0x19
 452 0344 9A000000 		.4byte	0x9a
 453 0348 14       		.uleb128 0x14
 454 0349 6200     		.ascii	"b\000"
 455 034b 07       		.byte	0x7
 456 034c 48       		.byte	0x48
ARM GAS  C:\Users\nello\AppData\Local\Temp\ccsFGfKG.s 			page 9


 457 034d 25       		.byte	0x25
 458 034e AF000000 		.4byte	0xaf
 459 0352 15       		.uleb128 0x15
 460 0353 39000000 		.4byte	.LASF30
 461 0357 07       		.byte	0x7
 462 0358 49       		.byte	0x49
 463 0359 1A       		.byte	0x1a
 464 035a CD020000 		.4byte	0x2cd
 465 035e 00       		.byte	0
 466 035f 13       		.uleb128 0x13
 467 0360 07020000 		.4byte	.LASF34
 468 0364 07       		.byte	0x7
 469 0365 38       		.byte	0x38
 470 0366 0F       		.byte	0xf
 471 0367 24000000 		.4byte	0x24
 472 036b A8030000 		.4byte	0x3a8
 473 036f 14       		.uleb128 0x14
 474 0370 697000   		.ascii	"ip\000"
 475 0373 07       		.byte	0x7
 476 0374 38       		.byte	0x38
 477 0375 1C       		.byte	0x1c
 478 0376 9A000000 		.4byte	0x9a
 479 037a 14       		.uleb128 0x14
 480 037b 627000   		.ascii	"bp\000"
 481 037e 07       		.byte	0x7
 482 037f 38       		.byte	0x38
 483 0380 29       		.byte	0x29
 484 0381 DF000000 		.4byte	0xdf
 485 0385 14       		.uleb128 0x14
 486 0386 6E00     		.ascii	"n\000"
 487 0388 07       		.byte	0x7
 488 0389 38       		.byte	0x38
 489 038a 34       		.byte	0x34
 490 038b 24000000 		.4byte	0x24
 491 038f 15       		.uleb128 0x15
 492 0390 39000000 		.4byte	.LASF30
 493 0394 07       		.byte	0x7
 494 0395 39       		.byte	0x39
 495 0396 1A       		.byte	0x1a
 496 0397 CD020000 		.4byte	0x2cd
 497 039b 15       		.uleb128 0x15
 498 039c 0A010000 		.4byte	.LASF35
 499 03a0 07       		.byte	0x7
 500 03a1 3A       		.byte	0x3a
 501 03a2 13       		.byte	0x13
 502 03a3 24000000 		.4byte	0x24
 503 03a7 00       		.byte	0
 504 03a8 16       		.uleb128 0x16
 505 03a9 1B020000 		.4byte	.LASF40
 506 03ad 07       		.byte	0x7
 507 03ae 33       		.byte	0x33
 508 03af 0F       		.byte	0xf
 509 03b0 24000000 		.4byte	0x24
 510 03b4 14       		.uleb128 0x14
 511 03b5 697000   		.ascii	"ip\000"
 512 03b8 07       		.byte	0x7
 513 03b9 33       		.byte	0x33
ARM GAS  C:\Users\nello\AppData\Local\Temp\ccsFGfKG.s 			page 10


 514 03ba 1D       		.byte	0x1d
 515 03bb 9A000000 		.4byte	0x9a
 516 03bf 14       		.uleb128 0x14
 517 03c0 627000   		.ascii	"bp\000"
 518 03c3 07       		.byte	0x7
 519 03c4 33       		.byte	0x33
 520 03c5 30       		.byte	0x30
 521 03c6 52010000 		.4byte	0x152
 522 03ca 14       		.uleb128 0x14
 523 03cb 6E00     		.ascii	"n\000"
 524 03cd 07       		.byte	0x7
 525 03ce 33       		.byte	0x33
 526 03cf 3B       		.byte	0x3b
 527 03d0 24000000 		.4byte	0x24
 528 03d4 15       		.uleb128 0x15
 529 03d5 39000000 		.4byte	.LASF30
 530 03d9 07       		.byte	0x7
 531 03da 34       		.byte	0x34
 532 03db 1A       		.byte	0x1a
 533 03dc CD020000 		.4byte	0x2cd
 534 03e0 00       		.byte	0
 535 03e1 00       		.byte	0
 536              		.section	.gnu.debuglto_.debug_abbrev,"e",%progbits
 537              	.Ldebug_abbrev0:
 538 0000 01       		.uleb128 0x1
 539 0001 11       		.uleb128 0x11
 540 0002 01       		.byte	0x1
 541 0003 25       		.uleb128 0x25
 542 0004 0E       		.uleb128 0xe
 543 0005 13       		.uleb128 0x13
 544 0006 0B       		.uleb128 0xb
 545 0007 03       		.uleb128 0x3
 546 0008 0E       		.uleb128 0xe
 547 0009 1B       		.uleb128 0x1b
 548 000a 0E       		.uleb128 0xe
 549 000b 10       		.uleb128 0x10
 550 000c 17       		.uleb128 0x17
 551 000d 00       		.byte	0
 552 000e 00       		.byte	0
 553 000f 02       		.uleb128 0x2
 554 0010 24       		.uleb128 0x24
 555 0011 00       		.byte	0
 556 0012 0B       		.uleb128 0xb
 557 0013 0B       		.uleb128 0xb
 558 0014 3E       		.uleb128 0x3e
 559 0015 0B       		.uleb128 0xb
 560 0016 03       		.uleb128 0x3
 561 0017 08       		.uleb128 0x8
 562 0018 00       		.byte	0
 563 0019 00       		.byte	0
 564 001a 03       		.uleb128 0x3
 565 001b 16       		.uleb128 0x16
 566 001c 00       		.byte	0
 567 001d 03       		.uleb128 0x3
 568 001e 0E       		.uleb128 0xe
 569 001f 3A       		.uleb128 0x3a
 570 0020 0B       		.uleb128 0xb
ARM GAS  C:\Users\nello\AppData\Local\Temp\ccsFGfKG.s 			page 11


 571 0021 3B       		.uleb128 0x3b
 572 0022 0B       		.uleb128 0xb
 573 0023 39       		.uleb128 0x39
 574 0024 0B       		.uleb128 0xb
 575 0025 49       		.uleb128 0x49
 576 0026 13       		.uleb128 0x13
 577 0027 00       		.byte	0
 578 0028 00       		.byte	0
 579 0029 04       		.uleb128 0x4
 580 002a 24       		.uleb128 0x24
 581 002b 00       		.byte	0
 582 002c 0B       		.uleb128 0xb
 583 002d 0B       		.uleb128 0xb
 584 002e 3E       		.uleb128 0x3e
 585 002f 0B       		.uleb128 0xb
 586 0030 03       		.uleb128 0x3
 587 0031 0E       		.uleb128 0xe
 588 0032 00       		.byte	0
 589 0033 00       		.byte	0
 590 0034 05       		.uleb128 0x5
 591 0035 0F       		.uleb128 0xf
 592 0036 00       		.byte	0
 593 0037 0B       		.uleb128 0xb
 594 0038 0B       		.uleb128 0xb
 595 0039 00       		.byte	0
 596 003a 00       		.byte	0
 597 003b 06       		.uleb128 0x6
 598 003c 26       		.uleb128 0x26
 599 003d 00       		.byte	0
 600 003e 49       		.uleb128 0x49
 601 003f 13       		.uleb128 0x13
 602 0040 00       		.byte	0
 603 0041 00       		.byte	0
 604 0042 07       		.uleb128 0x7
 605 0043 0F       		.uleb128 0xf
 606 0044 00       		.byte	0
 607 0045 0B       		.uleb128 0xb
 608 0046 0B       		.uleb128 0xb
 609 0047 49       		.uleb128 0x49
 610 0048 13       		.uleb128 0x13
 611 0049 00       		.byte	0
 612 004a 00       		.byte	0
 613 004b 08       		.uleb128 0x8
 614 004c 13       		.uleb128 0x13
 615 004d 01       		.byte	0x1
 616 004e 03       		.uleb128 0x3
 617 004f 0E       		.uleb128 0xe
 618 0050 0B       		.uleb128 0xb
 619 0051 0B       		.uleb128 0xb
 620 0052 3A       		.uleb128 0x3a
 621 0053 0B       		.uleb128 0xb
 622 0054 3B       		.uleb128 0x3b
 623 0055 0B       		.uleb128 0xb
 624 0056 39       		.uleb128 0x39
 625 0057 0B       		.uleb128 0xb
 626 0058 01       		.uleb128 0x1
 627 0059 13       		.uleb128 0x13
ARM GAS  C:\Users\nello\AppData\Local\Temp\ccsFGfKG.s 			page 12


 628 005a 00       		.byte	0
 629 005b 00       		.byte	0
 630 005c 09       		.uleb128 0x9
 631 005d 0D       		.uleb128 0xd
 632 005e 00       		.byte	0
 633 005f 03       		.uleb128 0x3
 634 0060 0E       		.uleb128 0xe
 635 0061 3A       		.uleb128 0x3a
 636 0062 0B       		.uleb128 0xb
 637 0063 3B       		.uleb128 0x3b
 638 0064 0B       		.uleb128 0xb
 639 0065 39       		.uleb128 0x39
 640 0066 0B       		.uleb128 0xb
 641 0067 49       		.uleb128 0x49
 642 0068 13       		.uleb128 0x13
 643 0069 38       		.uleb128 0x38
 644 006a 0B       		.uleb128 0xb
 645 006b 00       		.byte	0
 646 006c 00       		.byte	0
 647 006d 0A       		.uleb128 0xa
 648 006e 0D       		.uleb128 0xd
 649 006f 00       		.byte	0
 650 0070 03       		.uleb128 0x3
 651 0071 08       		.uleb128 0x8
 652 0072 3A       		.uleb128 0x3a
 653 0073 0B       		.uleb128 0xb
 654 0074 3B       		.uleb128 0x3b
 655 0075 0B       		.uleb128 0xb
 656 0076 39       		.uleb128 0x39
 657 0077 0B       		.uleb128 0xb
 658 0078 49       		.uleb128 0x49
 659 0079 13       		.uleb128 0x13
 660 007a 38       		.uleb128 0x38
 661 007b 0B       		.uleb128 0xb
 662 007c 00       		.byte	0
 663 007d 00       		.byte	0
 664 007e 0B       		.uleb128 0xb
 665 007f 15       		.uleb128 0x15
 666 0080 01       		.byte	0x1
 667 0081 27       		.uleb128 0x27
 668 0082 19       		.uleb128 0x19
 669 0083 49       		.uleb128 0x49
 670 0084 13       		.uleb128 0x13
 671 0085 01       		.uleb128 0x1
 672 0086 13       		.uleb128 0x13
 673 0087 00       		.byte	0
 674 0088 00       		.byte	0
 675 0089 0C       		.uleb128 0xc
 676 008a 05       		.uleb128 0x5
 677 008b 00       		.byte	0
 678 008c 49       		.uleb128 0x49
 679 008d 13       		.uleb128 0x13
 680 008e 00       		.byte	0
 681 008f 00       		.byte	0
 682 0090 0D       		.uleb128 0xd
 683 0091 13       		.uleb128 0x13
 684 0092 01       		.byte	0x1
ARM GAS  C:\Users\nello\AppData\Local\Temp\ccsFGfKG.s 			page 13


 685 0093 0B       		.uleb128 0xb
 686 0094 0B       		.uleb128 0xb
 687 0095 3A       		.uleb128 0x3a
 688 0096 0B       		.uleb128 0xb
 689 0097 3B       		.uleb128 0x3b
 690 0098 0B       		.uleb128 0xb
 691 0099 39       		.uleb128 0x39
 692 009a 0B       		.uleb128 0xb
 693 009b 01       		.uleb128 0x1
 694 009c 13       		.uleb128 0x13
 695 009d 00       		.byte	0
 696 009e 00       		.byte	0
 697 009f 0E       		.uleb128 0xe
 698 00a0 01       		.uleb128 0x1
 699 00a1 01       		.byte	0x1
 700 00a2 49       		.uleb128 0x49
 701 00a3 13       		.uleb128 0x13
 702 00a4 01       		.uleb128 0x1
 703 00a5 13       		.uleb128 0x13
 704 00a6 00       		.byte	0
 705 00a7 00       		.byte	0
 706 00a8 0F       		.uleb128 0xf
 707 00a9 21       		.uleb128 0x21
 708 00aa 00       		.byte	0
 709 00ab 49       		.uleb128 0x49
 710 00ac 13       		.uleb128 0x13
 711 00ad 2F       		.uleb128 0x2f
 712 00ae 0B       		.uleb128 0xb
 713 00af 00       		.byte	0
 714 00b0 00       		.byte	0
 715 00b1 10       		.uleb128 0x10
 716 00b2 34       		.uleb128 0x34
 717 00b3 00       		.byte	0
 718 00b4 03       		.uleb128 0x3
 719 00b5 08       		.uleb128 0x8
 720 00b6 3A       		.uleb128 0x3a
 721 00b7 0B       		.uleb128 0xb
 722 00b8 3B       		.uleb128 0x3b
 723 00b9 0B       		.uleb128 0xb
 724 00ba 39       		.uleb128 0x39
 725 00bb 0B       		.uleb128 0xb
 726 00bc 49       		.uleb128 0x49
 727 00bd 13       		.uleb128 0x13
 728 00be 00       		.byte	0
 729 00bf 00       		.byte	0
 730 00c0 11       		.uleb128 0x11
 731 00c1 2E       		.uleb128 0x2e
 732 00c2 01       		.byte	0x1
 733 00c3 3F       		.uleb128 0x3f
 734 00c4 19       		.uleb128 0x19
 735 00c5 03       		.uleb128 0x3
 736 00c6 0E       		.uleb128 0xe
 737 00c7 3A       		.uleb128 0x3a
 738 00c8 0B       		.uleb128 0xb
 739 00c9 3B       		.uleb128 0x3b
 740 00ca 0B       		.uleb128 0xb
 741 00cb 39       		.uleb128 0x39
ARM GAS  C:\Users\nello\AppData\Local\Temp\ccsFGfKG.s 			page 14


 742 00cc 0B       		.uleb128 0xb
 743 00cd 27       		.uleb128 0x27
 744 00ce 19       		.uleb128 0x19
 745 00cf 01       		.uleb128 0x1
 746 00d0 13       		.uleb128 0x13
 747 00d1 00       		.byte	0
 748 00d2 00       		.byte	0
 749 00d3 12       		.uleb128 0x12
 750 00d4 05       		.uleb128 0x5
 751 00d5 00       		.byte	0
 752 00d6 03       		.uleb128 0x3
 753 00d7 0E       		.uleb128 0xe
 754 00d8 3A       		.uleb128 0x3a
 755 00d9 0B       		.uleb128 0xb
 756 00da 3B       		.uleb128 0x3b
 757 00db 0B       		.uleb128 0xb
 758 00dc 39       		.uleb128 0x39
 759 00dd 0B       		.uleb128 0xb
 760 00de 49       		.uleb128 0x49
 761 00df 13       		.uleb128 0x13
 762 00e0 00       		.byte	0
 763 00e1 00       		.byte	0
 764 00e2 13       		.uleb128 0x13
 765 00e3 2E       		.uleb128 0x2e
 766 00e4 01       		.byte	0x1
 767 00e5 03       		.uleb128 0x3
 768 00e6 0E       		.uleb128 0xe
 769 00e7 3A       		.uleb128 0x3a
 770 00e8 0B       		.uleb128 0xb
 771 00e9 3B       		.uleb128 0x3b
 772 00ea 0B       		.uleb128 0xb
 773 00eb 39       		.uleb128 0x39
 774 00ec 0B       		.uleb128 0xb
 775 00ed 27       		.uleb128 0x27
 776 00ee 19       		.uleb128 0x19
 777 00ef 49       		.uleb128 0x49
 778 00f0 13       		.uleb128 0x13
 779 00f1 01       		.uleb128 0x1
 780 00f2 13       		.uleb128 0x13
 781 00f3 00       		.byte	0
 782 00f4 00       		.byte	0
 783 00f5 14       		.uleb128 0x14
 784 00f6 05       		.uleb128 0x5
 785 00f7 00       		.byte	0
 786 00f8 03       		.uleb128 0x3
 787 00f9 08       		.uleb128 0x8
 788 00fa 3A       		.uleb128 0x3a
 789 00fb 0B       		.uleb128 0xb
 790 00fc 3B       		.uleb128 0x3b
 791 00fd 0B       		.uleb128 0xb
 792 00fe 39       		.uleb128 0x39
 793 00ff 0B       		.uleb128 0xb
 794 0100 49       		.uleb128 0x49
 795 0101 13       		.uleb128 0x13
 796 0102 00       		.byte	0
 797 0103 00       		.byte	0
 798 0104 15       		.uleb128 0x15
ARM GAS  C:\Users\nello\AppData\Local\Temp\ccsFGfKG.s 			page 15


 799 0105 34       		.uleb128 0x34
 800 0106 00       		.byte	0
 801 0107 03       		.uleb128 0x3
 802 0108 0E       		.uleb128 0xe
 803 0109 3A       		.uleb128 0x3a
 804 010a 0B       		.uleb128 0xb
 805 010b 3B       		.uleb128 0x3b
 806 010c 0B       		.uleb128 0xb
 807 010d 39       		.uleb128 0x39
 808 010e 0B       		.uleb128 0xb
 809 010f 49       		.uleb128 0x49
 810 0110 13       		.uleb128 0x13
 811 0111 00       		.byte	0
 812 0112 00       		.byte	0
 813 0113 16       		.uleb128 0x16
 814 0114 2E       		.uleb128 0x2e
 815 0115 01       		.byte	0x1
 816 0116 03       		.uleb128 0x3
 817 0117 0E       		.uleb128 0xe
 818 0118 3A       		.uleb128 0x3a
 819 0119 0B       		.uleb128 0xb
 820 011a 3B       		.uleb128 0x3b
 821 011b 0B       		.uleb128 0xb
 822 011c 39       		.uleb128 0x39
 823 011d 0B       		.uleb128 0xb
 824 011e 27       		.uleb128 0x27
 825 011f 19       		.uleb128 0x19
 826 0120 49       		.uleb128 0x49
 827 0121 13       		.uleb128 0x13
 828 0122 00       		.byte	0
 829 0123 00       		.byte	0
 830 0124 00       		.byte	0
 831              		.section	.gnu.debuglto_.debug_line,"e",%progbits
 832              	.Ldebug_line0:
 833 0000 F3010000 		.4byte	.LELT0-.LSLT0
 834              	.LSLT0:
 835 0004 0400     		.2byte	0x4
 836 0006 ED010000 		.4byte	.LELTP0-.LASLTP0
 837              	.LASLTP0:
 838 000a 01       		.byte	0x1
 839 000b 01       		.byte	0x1
 840 000c 01       		.byte	0x1
 841 000d F6       		.byte	0xf6
 842 000e F2       		.byte	0xf2
 843 000f 0D       		.byte	0xd
 844 0010 00       		.byte	0
 845 0011 01       		.byte	0x1
 846 0012 01       		.byte	0x1
 847 0013 01       		.byte	0x1
 848 0014 01       		.byte	0x1
 849 0015 00       		.byte	0
 850 0016 00       		.byte	0
 851 0017 00       		.byte	0
 852 0018 01       		.byte	0x1
 853 0019 00       		.byte	0
 854 001a 00       		.byte	0
 855 001b 01       		.byte	0x1
ARM GAS  C:\Users\nello\AppData\Local\Temp\ccsFGfKG.s 			page 16


 856 001c 2E2E2F2E 		.ascii	"../../chibios2111/os/hal/include"
 856      2E2F6368 
 856      6962696F 
 856      73323131 
 856      312F6F73 
 857 003c 00       		.byte	0
 858 003d 2E2E2F2E 		.ascii	"../../chibios2111/os/hal/lib/streams"
 858      2E2F6368 
 858      6962696F 
 858      73323131 
 858      312F6F73 
 859 0061 00       		.byte	0
 860 0062 2E2E2F2E 		.ascii	"../../chibios2111/os/rt/include"
 860      2E2F6368 
 860      6962696F 
 860      73323131 
 860      312F6F73 
 861 0081 00       		.byte	0
 862 0082 633A5C63 		.ascii	"c:\\chibistudio\\tools\\gnu tools arm embedded\\10."
 862      68696269 
 862      73747564 
 862      696F5C74 
 862      6F6F6C73 
 863 00b1 33203230 		.ascii	"3 2021.10\\arm-none-eabi\\include\\machine"
 863      32312E31 
 863      305C6172 
 863      6D2D6E6F 
 863      6E652D65 
 864 00d8 00       		.byte	0
 865 00d9 633A5C63 		.ascii	"c:\\chibistudio\\tools\\gnu tools arm embedded\\10."
 865      68696269 
 865      73747564 
 865      696F5C74 
 865      6F6F6C73 
 866 0108 33203230 		.ascii	"3 2021.10\\arm-none-eabi\\include\\sys"
 866      32312E31 
 866      305C6172 
 866      6D2D6E6F 
 866      6E652D65 
 867 012b 00       		.byte	0
 868 012c 633A5C63 		.ascii	"c:\\chibistudio\\tools\\gnu tools arm embedded\\10."
 868      68696269 
 868      73747564 
 868      696F5C74 
 868      6F6F6C73 
 869 015b 33203230 		.ascii	"3 2021.10\\lib\\gcc\\arm-none-eabi\\10.3.1\\include"
 869      32312E31 
 869      305C6C69 
 869      625C6763 
 869      635C6172 
 870 0189 00       		.byte	0
 871 018a 00       		.byte	0
 872 018b 73746464 		.ascii	"stddef.h\000"
 872      65662E68 
 872      00
 873 0194 06       		.uleb128 0x6
 874 0195 00       		.uleb128 0
ARM GAS  C:\Users\nello\AppData\Local\Temp\ccsFGfKG.s 			page 17


 875 0196 00       		.uleb128 0
 876 0197 5F646566 		.ascii	"_default_types.h\000"
 876      61756C74 
 876      5F747970 
 876      65732E68 
 876      00
 877 01a8 04       		.uleb128 0x4
 878 01a9 00       		.uleb128 0
 879 01aa 00       		.uleb128 0
 880 01ab 5F737464 		.ascii	"_stdint.h\000"
 880      696E742E 
 880      6800
 881 01b5 05       		.uleb128 0x5
 882 01b6 00       		.uleb128 0
 883 01b7 00       		.uleb128 0
 884 01b8 63686561 		.ascii	"chearly.h\000"
 884      726C792E 
 884      6800
 885 01c2 03       		.uleb128 0x3
 886 01c3 00       		.uleb128 0
 887 01c4 00       		.uleb128 0
 888 01c5 68616C5F 		.ascii	"hal_streams.h\000"
 888      73747265 
 888      616D732E 
 888      6800
 889 01d3 01       		.uleb128 0x1
 890 01d4 00       		.uleb128 0
 891 01d5 00       		.uleb128 0
 892 01d6 62756673 		.ascii	"bufstreams.h\000"
 892      74726561 
 892      6D732E68 
 892      00
 893 01e3 02       		.uleb128 0x2
 894 01e4 00       		.uleb128 0
 895 01e5 00       		.uleb128 0
 896 01e6 62756673 		.ascii	"bufstreams.c\000"
 896      74726561 
 896      6D732E63 
 896      00
 897 01f3 02       		.uleb128 0x2
 898 01f4 00       		.uleb128 0
 899 01f5 00       		.uleb128 0
 900 01f6 00       		.byte	0
 901              	.LELTP0:
 902              	.LELT0:
 903              		.section	.gnu.debuglto_.debug_str,"eMS",%progbits,1
 904              	.LASF5:
 905 0000 7369676E 		.ascii	"signed char\000"
 905      65642063 
 905      68617200 
 906              	.LASF6:
 907 000c 5F5F7569 		.ascii	"__uint8_t\000"
 907      6E74385F 
 907      7400
 908              	.LASF3:
 909 0016 73697A65 		.ascii	"size_t\000"
 909      5F7400
ARM GAS  C:\Users\nello\AppData\Local\Temp\ccsFGfKG.s 			page 18


 910              	.LASF33:
 911 001d 5F707574 		.ascii	"_put\000"
 911      00
 912              	.LASF10:
 913 0022 5F5F696E 		.ascii	"__int32_t\000"
 913      7433325F 
 913      7400
 914              	.LASF0:
 915 002c 756E7369 		.ascii	"unsigned int\000"
 915      676E6564 
 915      20696E74 
 915      00
 916              	.LASF30:
 917 0039 62736170 		.ascii	"bsap\000"
 917      00
 918              	.LASF36:
 919 003e 474E5520 		.ascii	"GNU C17 10.3.1 20210824 (release) -mcpu=cortex-m4 -"
 919      43313720 
 919      31302E33 
 919      2E312032 
 919      30323130 
 920 0071 6D746875 		.ascii	"mthumb -mfloat-abi=soft -march=armv7e-m -ggdb -O2 -"
 920      6D62202D 
 920      6D666C6F 
 920      61742D61 
 920      62693D73 
 921 00a4 666F6D69 		.ascii	"fomit-frame-pointer -falign-functions=16 -ffunction"
 921      742D6672 
 921      616D652D 
 921      706F696E 
 921      74657220 
 922 00d7 2D736563 		.ascii	"-sections -fdata-sections -fno-common -flto\000"
 922      74696F6E 
 922      73202D66 
 922      64617461 
 922      2D736563 
 923              	.LASF15:
 924 0103 696E7438 		.ascii	"int8_t\000"
 924      5F7400
 925              	.LASF35:
 926 010a 62756666 		.ascii	"buffered\000"
 926      65726564 
 926      00
 927              	.LASF2:
 928 0113 6C6F6E67 		.ascii	"long double\000"
 928      20646F75 
 928      626C6500 
 929              	.LASF23:
 930 011f 42617365 		.ascii	"BaseSequentialStream\000"
 930      53657175 
 930      656E7469 
 930      616C5374 
 930      7265616D 
 931              	.LASF7:
 932 0134 756E7369 		.ascii	"unsigned char\000"
 932      676E6564 
 932      20636861 
ARM GAS  C:\Users\nello\AppData\Local\Temp\ccsFGfKG.s 			page 19


 932      7200
 933              	.LASF9:
 934 0142 73686F72 		.ascii	"short unsigned int\000"
 934      7420756E 
 934      7369676E 
 934      65642069 
 934      6E7400
 935              	.LASF21:
 936 0155 77726974 		.ascii	"write\000"
 936      6500
 937              	.LASF39:
 938 015b 6273614F 		.ascii	"bsaObjectInit\000"
 938      626A6563 
 938      74496E69 
 938      7400
 939              	.LASF12:
 940 0169 6C6F6E67 		.ascii	"long unsigned int\000"
 940      20756E73 
 940      69676E65 
 940      6420696E 
 940      7400
 941              	.LASF20:
 942 017b 696E7374 		.ascii	"instance_offset\000"
 942      616E6365 
 942      5F6F6666 
 942      73657400 
 943              	.LASF22:
 944 018b 72656164 		.ascii	"read\000"
 944      00
 945              	.LASF32:
 946 0190 5F676574 		.ascii	"_get\000"
 946      00
 947              	.LASF38:
 948 0195 433A5C43 		.ascii	"C:\\ChibiStudio\\workspace_user\\GestureLogicv3\000"
 948      68696269 
 948      53747564 
 948      696F5C77 
 948      6F726B73 
 949              	.LASF14:
 950 01c2 63686172 		.ascii	"char\000"
 950      00
 951              	.LASF16:
 952 01c7 75696E74 		.ascii	"uint8_t\000"
 952      385F7400 
 953              	.LASF37:
 954 01cf 2E2E2F2E 		.ascii	"../../chibios2111/os/hal/lib/streams/bufstreams.c\000"
 954      2E2F6368 
 954      6962696F 
 954      73323131 
 954      312F6F73 
 955              	.LASF18:
 956 0201 6D73675F 		.ascii	"msg_t\000"
 956      7400
 957              	.LASF34:
 958 0207 5F726561 		.ascii	"_reads\000"
 958      647300
 959              	.LASF27:
ARM GAS  C:\Users\nello\AppData\Local\Temp\ccsFGfKG.s 			page 20


 960 020e 62737370 		.ascii	"bssp\000"
 960      00
 961              	.LASF17:
 962 0213 696E7433 		.ascii	"int32_t\000"
 962      325F7400 
 963              	.LASF40:
 964 021b 5F777269 		.ascii	"_writes\000"
 964      74657300 
 965              	.LASF1:
 966 0223 6C6F6E67 		.ascii	"long long int\000"
 966      206C6F6E 
 966      6720696E 
 966      7400
 967              	.LASF26:
 968 0231 756E6765 		.ascii	"unget\000"
 968      7400
 969              	.LASF4:
 970 0237 5F5F696E 		.ascii	"__int8_t\000"
 970      74385F74 
 970      00
 971              	.LASF29:
 972 0240 42756666 		.ascii	"BufferedStreamAdapter\000"
 972      65726564 
 972      53747265 
 972      616D4164 
 972      61707465 
 973              	.LASF8:
 974 0256 73686F72 		.ascii	"short int\000"
 974      7420696E 
 974      7400
 975              	.LASF28:
 976 0260 62756666 		.ascii	"buffer\000"
 976      657200
 977              	.LASF25:
 978 0267 42756666 		.ascii	"BufferedStreamAdapterVMT\000"
 978      65726564 
 978      53747265 
 978      616D4164 
 978      61707465 
 979              	.LASF11:
 980 0280 6C6F6E67 		.ascii	"long int\000"
 980      20696E74 
 980      00
 981              	.LASF31:
 982 0289 5F756E67 		.ascii	"_unget\000"
 982      657400
 983              	.LASF19:
 984 0290 5F426F6F 		.ascii	"_Bool\000"
 984      6C00
 985              	.LASF24:
 986 0296 42617365 		.ascii	"BaseSequentialStreamVMT\000"
 986      53657175 
 986      656E7469 
 986      616C5374 
 986      7265616D 
 987              	.LASF13:
 988 02ae 6C6F6E67 		.ascii	"long long unsigned int\000"
ARM GAS  C:\Users\nello\AppData\Local\Temp\ccsFGfKG.s 			page 21


 988      206C6F6E 
 988      6720756E 
 988      7369676E 
 988      65642069 
 989              		.text
 990              		.section	.gnu.lto_.profile.6c447458,"e",%progbits
 991 0000 789CE362 		.ascii	"x\234\343b\000\002\026\006\006F\006f \005\000\000\330"
 991      00021606 
 991      06460666 
 991      20050000 
 991      D8
 992 0011 0017     		.ascii	"\000\027"
 993              		.text
 994              		.section	.gnu.lto_.icf.6c447458,"e",%progbits
 995 0000 789C3364 		.ascii	"x\2343d@\000\016\206\255\217\326\254cg\\\275u\321\036"
 995      40000E86 
 995      AD8FD6AC 
 995      63675CBD 
 995      75D11E
 996 0013 2EA625A7 		.ascii	".\246%\247\177L\341c\376q\340}(K\337\362\216F~\326["
 996      7F4CE163 
 996      FE71E07D 
 996      284BDFF2 
 996      8E467ED6 
 997 0028 33DA5F30 		.ascii	"3\332_0\263\315\333\375\341:/\373\233\011\217v\2610"
 997      B3CDDBFD 
 997      E13A2FFB 
 997      9B098F76 
 997      B130
 998 003a 00004F32 		.ascii	"\000\000O2\027\225"
 998      1795
 999              		.text
 1000              		.section	.gnu.lto_.ipa_sra.6c447458,"e",%progbits
 1001 0000 789C454C 		.ascii	"x\234EL\001\022\2000\010BX\255g\327#\372o\216\235\246"
 1001      01128030 
 1001      084258AD 
 1001      67D723FA 
 1001      6F8E9DA6 
 1002 0014 272A282F 		.ascii	"'*(/\376\230\220\373\225\023\020R\254\366\214\004\002"
 1002      FE9890FB 
 1002      95131052 
 1002      ACF68C04 
 1002      02
 1003 0025 5CE008D1 		.ascii	"\\\340\010\321J\002Y$$\225\276\327\376t\331\214m6\366"
 1003      4A025924 
 1003      2495BED7 
 1003      FE74D98C 
 1003      6D36F6
 1004 0038 51983D6A 		.ascii	"Q\230=j\271S\346\331\226\221\371\001\020\307\003("
 1004      B953E6D9 
 1004      9691F901 
 1004      10C70328 
 1005              		.text
 1006              		.section	.gnu.lto_.inline.6c447458,"e",%progbits
 1007 0000 789C9D92 		.ascii	"x\234\235\222\275J\304@\020\307\3773\263\2119M j{\305"
 1007      BD4AC440 
 1007      10C7FF33 
ARM GAS  C:\Users\nello\AppData\Local\Temp\ccsFGfKG.s 			page 22


 1007      B389394D 
 1007      206A7BC5 
 1008 0014 3D80C53D 		.ascii	"=\200\305=\202Op\317\340]\342G\251/ \332\253\034b'\210"
 1008      824F70CF 
 1008      E05DE247 
 1008      A92F20DA 
 1008      AB1C6227 
 1009 0029 C835BE80 		.ascii	"\3105\276\200p\010\242\235\255\205\210\205`iyV\332("
 1009      7008A29D 
 1009      AD858885 
 1009      60697956 
 1009      DA28
 1010 003b CE6CC85E 		.ascii	"\316l\310^D\253\333\260\303\374g\226\371\370\221\011"
 1010      44ABDBB0 
 1010      C3FC6796 
 1010      F9F89109 
 1011 004b 239C3920 		.ascii	"#\2349 \333\323#\233D\240\221\000\322\201s\026\342\022"
 1011      DBD3239B 
 1011      44A09100 
 1011      D2817316 
 1011      E212
 1012 005d 882B87C1 		.ascii	"\210+\207\301 \357\016\030.\370pVaY\215\014{\366\021"
 1012      20EF0E18 
 1012      2EF87056 
 1012      61598D0C 
 1012      7BF611
 1013 0070 524D4C78 		.ascii	"RMLx\346b\361\222\032\266R\214\364\362\371\372\2057"
 1013      E662F192 
 1013      1AB6528C 
 1013      F4F2F9FA 
 1013      8537
 1014 0082 C8D1CE48 		.ascii	"\310\321\316H\350X\324\3207i^%\233\024\202\254\201\264"
 1014      E858D4D0 
 1014      37695E25 
 1014      9B1482AC 
 1014      81B4
 1015 0094 9145ADA1 		.ascii	"\221E\255\241X \001\366\265\342\356\257\206\365\020"
 1015      582001F6 
 1015      B5E2EEAF 
 1015      86F510
 1016 00a3 39E8EEF0 		.ascii	"9\350\356\360\354K\372\332\270\2437\032\277]\334p\351"
 1016      EC4BFADA 
 1016      B8A3371A 
 1016      BF5DDC70 
 1016      E9
 1017 00b4 54C01D9D 		.ascii	"T\300\035\235~~H\221\250\320\313^\015\022}d7HU\2660"
 1017      7E7E4891 
 1017      A8D0CB5E 
 1017      0D127D64 
 1017      374855B6 
 1018 00c9 DA1EDB16 		.ascii	"\332\036\333\026\271\320\230\275SMbol\262\310\010-\350"
 1018      B9D098BD 
 1018      534D626F 
 1018      6CB2C808 
 1018      2DE8
 1019 00db CB575E07 		.ascii	"\313W^\007Z\352\334\312\037\002\342K\025J\300O,%R\260"
 1019      5AEADCCA 
ARM GAS  C:\Users\nello\AppData\Local\Temp\ccsFGfKG.s 			page 23


 1019      1F02E24B 
 1019      154AC04F 
 1019      2C2552B0 
 1020 00ef CF176807 		.ascii	"\317\027h\007oEK\271l\012\273\011\336\241\35213\370"
 1020      6F454BB9 
 1020      6C0ABB09 
 1020      DEA1EA31 
 1020      33F8
 1021 0101 68D1061E 		.ascii	"h\321\006\036\366\"d\367\343\247G\303\216\355\300\231"
 1021      F62264F7 
 1021      E3A747C3 
 1021      8EEDC099 
 1022 0111 743B8F9D 		.ascii	"t;\217\235\256\274[o\014\317^V\321\372\217y\350\225"
 1022      AEBC5B6F 
 1022      0CCF5E56 
 1022      D1FA8F79 
 1022      E895
 1023 0123 2B67DBDC 		.ascii	"+g\333\334\363w\357\007\017'J\031y\002\362~?Q\304\034"
 1023      F377EF07 
 1023      0F274A19 
 1023      7902F27E 
 1023      3F51C41C 
 1024 0137 049AF16E 		.ascii	"\004\232\361n3\321Ml\343T1\330\2501\346\265\350y\275"
 1024      33D14D6C 
 1024      E35431D8 
 1024      A831E6B5 
 1024      E879BD
 1025 014a 736C7F4E 		.ascii	"sl\177NM\262IzJM\355\017r\212\240?"
 1025      4DB2497A 
 1025      4A4DED0F 
 1025      728AA03F 
 1026              		.text
 1027              		.section	.gnu.lto_.jmpfuncs.6c447458,"e",%progbits
 1028 0000 789C6D8F 		.ascii	"x\234m\217A\016B!\014D\373(\377\243+\257\340I\341\016"
 1028      410E4221 
 1028      0C44FB28 
 1028      FFA32BAF 
 1028      E049E10E 
 1029 0014 5EC00D47 		.ascii	"^\300\015G\320\2757\323\202\360\243@\223I\223v:\235"
 1029      D0BD37D3 
 1029      82F0A340 
 1029      93499376 
 1029      3A9D
 1030 0026 B9234705 		.ascii	"\271#G\005Q \244\254\236\254\301\240\273\010/\217\030"
 1030      5120A4AC 
 1030      9EACC1A0 
 1030      BB082F8F 
 1030      18
 1031 0037 DE5617F1 		.ascii	"\336V\027\361\021\246\221\033Y\351\212\003mJ\370\205"
 1031      11A6911B 
 1031      59E98A03 
 1031      6D4AF885 
 1032 0047 CACF08E3 		.ascii	"\312\317\010\343\273\3167\240\207\017\303\226\212\217"
 1032      BBCE37A0 
 1032      870FC396 
 1032      8A8F
 1033 0055 C5DF4114 		.ascii	"\305\337A\024w\323\254'\370\266\306\371?\231\342L\032"
ARM GAS  C:\Users\nello\AppData\Local\Temp\ccsFGfKG.s 			page 24


 1033      77D3AC27 
 1033      F8B6C6F9 
 1033      3F99E24C 
 1033      1A
 1034 0066 3CE0C99C 		.ascii	"<\340\311\234\307\233\243bh\021u\353+\037e\364\270\267"
 1034      C79BA362 
 1034      681175EB 
 1034      2B1F65F4 
 1034      B8B7
 1035 0078 58BB61FA 		.ascii	"X\273a\372\336\277U\343gb\335\306\302\220:\322\026\271"
 1035      DEBF55E3 
 1035      6762DDC6 
 1035      C2903AD2 
 1035      16B9
 1036 008a 1E897C00 		.ascii	"\036\211|\000\034!p,"
 1036      1C21702C 
 1037              		.text
 1038              		.section	.gnu.lto_.pureconst.6c447458,"e",%progbits
 1039 0000 789C05C1 		.ascii	"x\234\005\301\201\001\000 \010\303\260\211U>\340\367"
 1039      81010020 
 1039      08C3B089 
 1039      553EE0F7 
 1040 0010 ED5A9291 		.ascii	"\355Z\222\221\3242\307T\270\001\363\302\017\0132\325"
 1040      D432C754 
 1040      B801F3C2 
 1040      0F0B32D5 
 1041 0020 0482     		.ascii	"\004\202"
 1042              		.text
 1043              		.section	.gnu.lto_.lto.6c447458,"e",%progbits
 1044 0000 09000400 		.ascii	"\011\000\004\000\001\000\000\000"
 1044      01000000 
 1045              		.text
 1046              		.section	.gnu.lto__writes.402.6c447458,"e",%progbits
 1047 0000 789C5591 		.ascii	"x\234U\221;h\024Q\024\206\317\177\317\354L\022]\354"
 1047      3B681451 
 1047      1486CF7F 
 1047      CFEC4C12 
 1047      5DEC
 1048 0012 52590424 		.ascii	"RY\004$\210\210;\331\204\004\264\020!\205\215\235\355"
 1048      88883BD9 
 1048      8404B410 
 1048      21858D9D 
 1048      ED
 1049 0023 82EC8EB3 		.ascii	"\202\354\216\263f0:\313\316\216V!7\213\246H\263&v\022"
 1049      66303ACB 
 1049      CE8E5621 
 1049      378BA648 
 1049      B3267612 
 1050 0037 250C4BD0 		.ascii	"%\014K\320\312&b\324\304\254(*V\"6\"\"X\370F\203X\010"
 1050      CA2662D4 
 1050      C4AC282A 
 1050      56223622 
 1050      2258F846 
 1051 004e 0A7AE6A1 		.ascii	"\012z\346\241fa\356\343\234\371\376s\377{\356^E4KD\203"
 1051      6661EEE3 
 1051      9CF9FE73 
 1051      FF7BEE5E 
ARM GAS  C:\Users\nello\AppData\Local\Temp\ccsFGfKG.s 			page 25


 1051      45344B44 
 1052 0063 32C08485 		.ascii	"2\300\204\205\3719EZ\353C\226\302\314\374\334\327\345"
 1052      F939455A 
 1052      EB4396C2 
 1052      CCFCDCD7 
 1052      E5
 1053 0074 5DD84012 		.ascii	"]\330@\022\203\246\025\246q\221\027\031\013\334\026"
 1053      83A615A6 
 1053      71911719 
 1053      0BDC16
 1054 0083 D6C876C0 		.ascii	"\326\310v\300\300\236\216\326?\316_\372tp\361j\307h"
 1054      C09E8ED6 
 1054      3FCE5FFA 
 1054      7470F16A 
 1054      C768
 1055 0095 B3A22BF2 		.ascii	"\263\242+\362\377\006\260\002\251K\302\261C\273\205"
 1055      FF06B002 
 1055      A94BC2B1 
 1055      43BB85
 1056 00a4 79BABEAA 		.ascii	"y\272\276\252u/\265\231q\023[\030ITW\254\230\233J\271"
 1056      752FB599 
 1056      71135B18 
 1056      495457AC 
 1056      989B4AB9 
 1057 00b8 F71967E0 		.ascii	"\367\031g\340V7gT7\022N#\005\177f\240\302\235nPU\237"
 1057      56376754 
 1057      37124E23 
 1057      057F66A0 
 1057      C29D6E50 
 1058 00ce 58E9D14D 		.ascii	"X\351\321M\304\313\240\320\233\237\277\327\036k1\230"
 1058      C4CBA0D0 
 1058      9B9FBFD7 
 1058      1E6B3198 
 1059 00de C33ABA2C 		.ascii	"\303:\272,V\237[&\341.b\343q+d\\\177\226\353\350_\277"
 1059      569F5B26 
 1059      E12E62E3 
 1059      712B645C 
 1059      7F96EBE8 
 1060 00f4 5B5ABF7E 		.ascii	"[Z\277~\213w\257r}\220\252\246\222\311b\231z\014`\025"
 1060      8B77AF72 
 1060      7D90AAA6 
 1060      92C96299 
 1060      7A0C6015 
 1061 0108 26701B16 		.ascii	"&p\033\026\260\206\304\004Q\213\343\366i\003\272Ct\201"
 1061      B086C404 
 1061      518BE3F6 
 1061      6903BA43 
 1061      7481
 1062 011a 551ACC48 		.ascii	"U\032\314H\360\021\372\315\213\274,\315\245PN\212\330"
 1062      F011FACD 
 1062      8BBC2CCD 
 1062      A5504E8A 
 1062      D8
 1063 012b 48522FF3 		.ascii	"HR/\363\364\005\315\265k;\"F\326\320\\bx9\356{O\233"
 1063      F405CDB5 
 1063      6B3B2246 
 1063      D6D05C62 
ARM GAS  C:\Users\nello\AppData\Local\Temp\ccsFGfKG.s 			page 26


 1063      7839EE7B 
 1064 0141 7B854407 		.ascii	"{\205D\0074\224\206&\356\341rb2\221\365G\2542\231\331"
 1064      34948626 
 1064      EEE17262 
 1064      3291F547 
 1064      AC3299D9 
 1065 0155 25EB937A 		.ascii	"%\353\223z\270\377Of\341\201\310\220\311>\354\214\370"
 1065      B8FF4F66 
 1065      E181C890 
 1065      C93EEC8C 
 1065      F8
 1066 0166 EF435A5D 		.ascii	"\357CZ]\262mR\017\017Ev.\011\267\343\221\310\344^\264"
 1066      B26D520F 
 1066      0F45762E 
 1066      09B7E391 
 1066      C8E45EB4 
 1067 017a 89D9A5D1 		.ascii	"\211\331\245\321(v\303$\245#6#\266\332\234\247oh\016"
 1067      2876C324 
 1067      A5233623 
 1067      B6DA9CA7 
 1067      6F680E
 1068 018d 483E76D4 		.ascii	"H>v\324b\374\277<\321\276\361\003\245\361\011\257\342"
 1068      62FCBF3C 
 1068      D1BEF103 
 1068      A5F109AF 
 1068      E2
 1069 019e 1D6D84C7 		.ascii	"\035m\204\307=\277t\326\257\237\014je\307=\026\006n"
 1069      3DBF74D6 
 1069      AF9F0C6A 
 1069      65C73D16 
 1069      066E
 1070 01b0 BD74D80D 		.ascii	"\275t\330\015\032a\335=\342\237\360\2343#4\\(\330\362"
 1070      1A61DD3D 
 1070      E29FF09C 
 1070      3323345C 
 1070      28D8F2
 1071 01c3 39B1C00F 		.ascii	"9\261\300\017\206\213\305\242\355\007\366Dy\322\236"
 1071      868BC5A2 
 1071      ED07F644 
 1071      79D29E
 1072 01d2 F42A76D0 		.ascii	"\364*v\320\250\273\345S\201]\011\253\331\266\340\220"
 1072      A8BBE553 
 1072      815D09AB 
 1072      D9B6E090 
 1073 01e2 F26AFD5B 		.ascii	"\362j\375[\023\005\307\035\035\031\033\033\332O\252"
 1073      1305C71D 
 1073      1D191B1B 
 1073      DA4FAA
 1074 01f1 52C369A3 		.ascii	"R\303i\243\022\224k\177\000\356\302\320\235"
 1074      12946B7F 
 1074      00EEC2D0 
 1074      9D
 1075              		.text
 1076              		.section	.gnu.lto__reads.403.6c447458,"e",%progbits
 1077 0000 789C7552 		.ascii	"x\234uRMHTQ\024\276\337\275o\376\2351\215\246M\221\213"
 1077      4D485451 
 1077      14BEDFBD 
ARM GAS  C:\Users\nello\AppData\Local\Temp\ccsFGfKG.s 			page 27


 1077      6FFE9D31 
 1077      8DA64D91 
 1078 0015 32829AF1 		.ascii	"2\202\232\361\207\204ZD \324\246][!\234q&\207\254\031"
 1078      87845A44 
 1078      20D4A65D 
 1078      5B219C71 
 1078      2687AC19 
 1079 0029 669C5A85 		.ascii	"f\234Z\205\317\321f1-&\355\207\310\037\3421\204\256"
 1079      CFD16631 
 1079      2D26ED87 
 1079      C81FE231 
 1079      84AE
 1080 003b 0229B232 		.ascii	"\002)\2622\233\2124\"\302\376\204\026m\202\002\243T"
 1080      9B8A3422 
 1080      C2FE8416 
 1080      6D8202A3 
 1080      54
 1081 004c 2CC924A8 		.ascii	",\311$\250s\357{\245\023\011\357\335{\317\271\337w\316"
 1081      73EF7BA5 
 1081      1309EFDD 
 1081      7BCFB9DF 
 1081      77CE
 1082 005e F9CEB95B 		.ascii	"\371\316\271[5\306\362\214\261j\372!\030z{r\234\351"
 1082      35C6F28C 
 1082      B16AFA21 
 1082      187A7B72 
 1082      9CE9
 1083 0070 BABEDFC1 		.ascii	"\272\276\337\301\321\331\223\233\273<\255\341\001\224"
 1083      D1D9939B 
 1083      BB3CADE1 
 1083      0194
 1084 007e 03AC83A3 		.ascii	"\003\254\203\243\003\347E\277@\257(\020X\263N@\325\216"
 1084      03E745BF 
 1084      40AF2810 
 1084      58B34E40 
 1084      D58E
 1085 0090 A2AE2F9D 		.ascii	"\242\256/\235\271\262\264\257\177\250\250\025\004g\203"
 1085      B9B2B4AF 
 1085      7FA8A815 
 1085      046783
 1086 009f 747F13B8 		.ascii	"t\177\023\270\001\012\314\010'\302l;a\246\306Fu\335"
 1086      010ACC08 
 1086      27C26C3B 
 1086      61A6C646 
 1086      75DD
 1087 00b1 C50A42E0 		.ascii	"\305\012B\340\026Va\310\021\235\263K\334i\023\367\326"
 1087      165661C8 
 1087      119DB34B 
 1087      DC6913F7 
 1087      D6
 1088 00c2 C269B85D 		.ascii	"\302i\270]\212\323\242\313\012\247\303\004~\266\200"
 1088      8AD3A2CB 
 1088      0AA7C304 
 1088      7EB680
 1089 00d1 1C774B81 		.ascii	"\034wK\201<z\306a\246\316@n\333\010=\277<\235x\242\313"
 1089      3C7AC661 
 1089      A6CE406E 
ARM GAS  C:\Users\nello\AppData\Local\Temp\ccsFGfKG.s 			page 28


 1089      DB083DBF 
 1089      3C9D78A2 
 1090 00e6 02710F25 		.ascii	"\002q\017%%F\373\034\022zv\005\372\343\233\011\265\341"
 1090      2546FB1C 
 1090      127A7605 
 1090      FAE39B09 
 1090      B5E1
 1091 00f8 FE3FD0BC 		.ascii	"\376?\320\274\303\316P\004\306!e\312\316\321G\326\365"
 1091      C3CE5004 
 1091      C62165CA 
 1091      CED147D6 
 1091      F5
 1092 0109 97B6A2FE 		.ascii	"\227\266\242\376\363W^\327'\277\343\343\300\201\215"
 1092      F3575ED7 
 1092      27BFE3E3 
 1092      C0818D
 1093 0118 A032EC5C 		.ascii	"\2402\354\\.\304\037\207F'\207M\232vZ\234\016yr\312"
 1093      2EC41F87 
 1093      4627874D 
 1093      9A765A9C 
 1093      0E7972CA 
 1094 012c 45D6EF72 		.ascii	"E\326\357r\323\342\366\320\342)\2232\275\362\302'\227"
 1094      D3E2F6D0 
 1094      E2299332 
 1094      BDF2C227 
 1094      97
 1095 013d 72601415 		.ascii	"r`\024\025\300\030*\201;\360Km45!\347\244k\320\213\214"
 1095      C0182A81 
 1095      3BF04B6D 
 1095      343521E7 
 1095      A46BD08B 
 1096 0152 9D13DC34 		.ascii	"\235\023\3344:\311\370\004\375\375W/m\231\253i*\323"
 1096      3AC9F804 
 1096      FDFD572F 
 1096      6D99AB69 
 1096      2AD3
 1097 0164 10E5CAB5 		.ascii	"\020\345\312\265\350U\333\022\330,2c\303;\015\001k~"
 1097      E855DB12 
 1097      D82C3263 
 1097      C33B0D01 
 1097      6B7E
 1098 0176 3625FA9A 		.ascii	"6%\372\232\034\263\263 \312\210\200\207`5\246\311\361"
 1098      1CB3B320 
 1098      CA888087 
 1098      6035A6C9 
 1098      F1
 1099 0187 08034AE5 		.ascii	"\010\003J\345,\272\006\263o4CpI\342\240\3102V\327B\226"
 1099      2CBA06B3 
 1099      6F344370 
 1099      49E2A0C8 
 1099      3256D742 
 1100 019c 334308F2 		.ascii	"3C\010\362\033\242\202rp\222J\266\312vq\302E\357Gf\274"
 1100      1BA28272 
 1100      70924AB6 
 1100      CA7671C2 
 1100      45EF4766 
 1101 01b1 905B24AF 		.ascii	"\220[$\257\366'\321\320\206\225L\344\263\222y1A\311"
ARM GAS  C:\Users\nello\AppData\Local\Temp\ccsFGfKG.s 			page 29


 1101      F627D1D0 
 1101      86954CE4 
 1101      B3927931 
 1101      41C9
 1102 01c3 A89DDD0A 		.ascii	"\250\235\335\012SN\375\302$\254\324\037\354\006\225"
 1102      534EFDC2 
 1102      24ACD41F 
 1102      EC0695
 1103 01d2 FA58C526 		.ascii	"\372X\305&\307Hv\263!\310E\005\331\330<\262UD\342\005"
 1103      C74876B3 
 1103      21C84505 
 1103      D9D83CB2 
 1103      5544E205 
 1104 01e6 E11B947C 		.ascii	"\341\033\224|CT\252K*\324T\177\311\256d\317\370\014"
 1104      4354AA4B 
 1104      2AD4547F 
 1104      C9AE64CF 
 1104      F80C
 1105 01f8 E1F89F58 		.ascii	"\341\370\237X\365\202\236\256(\355\317R\036\247\222"
 1105      F5829EAE 
 1105      28EDCF52 
 1105      1EA792
 1106 0207 E590CCF9 		.ascii	"\345\220\314\371\034\326\244=3i\204W\251\372&\314\026"
 1106      1CD6A43D 
 1106      33698457 
 1106      A9FA26CC 
 1106      16
 1107 0218 CF6C3284 		.ascii	"\317l2\204k\355\306\272\360\234x\\\245#\360\026C\270"
 1107      6BEDC6BA 
 1107      F09C785C 
 1107      A523F016 
 1107      43B8
 1108 022a AD79B84A 		.ascii	"\255y\270J\346\261\216\242`\352/\315\215\027D\023\026"
 1108      E6B18EA2 
 1108      60EA2FCD 
 1108      8D174413 
 1108      16
 1109 023b 6DB8DA10 		.ascii	"m\270\332\020\036\213\346.\241UP<\274\"Z\2672+\361\232"
 1109      1E8BE62E 
 1109      A155503C 
 1109      BC225AB7 
 1109      322BF19A 
 1110 024f 689A296E 		.ascii	"h\232)n$\373\205fU\246\232$\314\346\222Z\257!IB\365"
 1110      24FB8566 
 1110      55A69A24 
 1110      CCE6925A 
 1110      AF214942 
 1111 0264 D210D428 		.ascii	"\322\020\324(\017Ir)\234\267 \326\233]yGD\277j\213\217"
 1111      0F497229 
 1111      9CB720D6 
 1111      9B5D7947 
 1111      44BF6A8B 
 1112 0279 2D204340 		.ascii	"- C@\277\354X^`\34552\266\253qoSck,\024;\334\236n\211"
 1112      BFEC585E 
 1112      60E53532 
 1112      B6AB716F 
 1112      53636B2C 
ARM GAS  C:\Users\nello\AppData\Local\Temp\ccsFGfKG.s 			page 30


 1113 0293 C59B4EC5 		.ascii	"\305\233N\305\223\307R\211\346p\344H:\025I6\035\214"
 1113      93C75289 
 1113      E670E448 
 1113      3A154936 
 1113      1D8C
 1114 02a5 A4DAD3C9 		.ascii	"\244\332\323\311\310\241\370\321X\370d=\253\013\004"
 1114      C8A1F8D1 
 1114      58F8643D 
 1114      AB0B04
 1115 02b4 82F48525 		.ascii	"\202\364\205%!\236\252\253\255\255\015\306S\301\326"
 1115      219EAAAB 
 1115      ADAD0DC6 
 1115      53C1D6
 1116 02c3 E6B6605B 		.ascii	"\346\266`[,\024L\265'#\315\307S\301P:j\035\003a\306"
 1116      2C144CB5 
 1116      2723CDC7 
 1116      53C1503A 
 1116      6A1D0361 
 1117 02d8 6309FF6A 		.ascii	"c\011\377jG \034\331]\337\320P\263\207\361P\002'\234"
 1117      47201CD9 
 1117      5DDFD050 
 1117      B387F150 
 1117      02279C
 1118 02eb 74178D24 		.ascii	"t\027\215$#-Z(\325\234\370\015ENa\014"
 1118      232D5A28 
 1118      D59CF80D 
 1118      454E610C 
 1119              		.text
 1120              		.section	.gnu.lto__put.404.6c447458,"e",%progbits
 1121 0000 789C5591 		.ascii	"x\234U\221=h\023a\030\307\237\377\275\227\273\213\237"
 1121      3D681361 
 1121      18C79FFF 
 1121      BD97BB8B 
 1121      9F
 1122 0011 5B4170E8 		.ascii	"[Ap\350\242\342`.ih\241NB\007\0277\327\200\344\316\213"
 1122      A2E2602E 
 1122      6968A14E 
 1122      42071737 
 1122      D780E4CE 
 1123 0026 3DAC24E4 		.ascii	"=\254$\344r:I\336\304v\351`\332\272X\251R\216Ctr0\305"
 1123      723A49DE 
 1123      C476E960 
 1123      DABA58A9 
 1123      528E4374 
 1124 003d 565B8DD6 		.ascii	"V[\215\326\257E\220.:;\010:Hq\022,\330\347\275\234\332"
 1124      AF45902E 
 1124      3A3B083A 
 1124      4871122C 
 1124      D8E7BD9C 
 1125 0052 C0BD1FCF 		.ascii	"\300\275\037\317\237\377\357\371x\3577\210n\020\321"
 1125      9FFFEFF9 
 1125      78EF3788 
 1125      6E10D1
 1126 0061 715E1084 		.ascii	"q^\020\204\205\371Y\215\244\224gL\015\255\371\331O\213"
 1126      85F9598D 
 1126      A494674C 
 1126      0DADF9D9 
ARM GAS  C:\Users\nello\AppData\Local\Temp\ccsFGfKG.s 			page 31


 1126      4F8B
 1127 0073 5D1D1B48 		.ascii	"]\035\033H\004PSC\023\267\304\222\300\202\210\331\254"
 1127      04505343 
 1127      13B7C492 
 1127      C08288D9 
 1127      AC
 1128 0084 A73760F8 		.ascii	"\2477`\370$[~\315\334\271\275i.=\350\351\261\320\350"
 1128      245B7ECD 
 1128      DCB9BD69 
 1128      2E3DE8E9 
 1128      B1D0E8
 1129 0097 1E1B5680 		.ascii	"\036\033V\200.\027 b\243p\351DO\312\217k\253Rf)\026"
 1129      2E172062 
 1129      A370E944 
 1129      4FCA8F6B 
 1129      AB526629 
 1130 00ac 024FB0C7 		.ascii	"\002O\260\307\303Be\303P\276\353}\337\207\256\224\202"
 1130      C34265C3 
 1130      50BEEB7D 
 1130      DF87AE94 
 1130      82
 1131 00bd 651D6B89 		.ascii	"e\035k\211\257\210\274r\351\225\367F?_S\355\307\330"
 1131      AF88BC72 
 1131      E995F746 
 1131      3F5F53ED 
 1131      C7D8
 1132 00cf BABDB879 		.ascii	"\272\275\270y\363\320\\\313\212E\006\3170P\267\262e"
 1132      F3D05CCB 
 1132      8A4506CF 
 1132      3050B7B2 
 1132      65
 1133 00e0 188475A8 		.ascii	"\030\204u\250n\324\204\274\036mezr\347OG\312wG>\357"
 1133      6ED484BC 
 1133      1E6D657A 
 1133      72E74F47 
 1133      CA77473E 
 1134 00f5 7CB5B2E0 		.ascii	"|\265\262\340\254\206\306\233\251\312Y:\260\012\003"
 1134      AC86C69B 
 1134      A9CA593A 
 1134      B00A03
 1135 0104 780A8BD4 		.ascii	"x\012\213\324\034\324\021\352A\244\016\331#\232\023"
 1135      1CD411EA 
 1135      41A40ED9 
 1135      239A13
 1136 0113 5A3F6871 		.ascii	"Z?hq\360\035\362\313\343\267\340\263\275\034r\225H\350"
 1136      F01DF2CB 
 1136      E3B7E0B3 
 1136      BD1C7295 
 1136      48E8
 1137 0125 89B6C2DA 		.ascii	"\211\266\302\332\017\264\327\037\036\216\004\3227\312"
 1137      0FB4D71F 
 1137      1E8E04D2 
 1137      37CA
 1138 0133 40B57B5F 		.ascii	"@\265{_=%7\232e+\236\203\362\375\320\300\013\334M:L"
 1138      3D25379A 
 1138      652B9E83 
 1138      F2FDD0C0 
ARM GAS  C:\Users\nello\AppData\Local\Temp\ccsFGfKG.s 			page 32


 1138      0BDC4D3A 
 1139 0148 B0A14868 		.ascii	"\260\241Hh)f\014`\3738\037^\376\303L\274b\014)\366\355"
 1139      29660C60 
 1139      FB381F5E 
 1139      FEC34CBC 
 1139      620C29F6 
 1140 015d 6824FEFE 		.ascii	"h$\376\376\033s\000\333\317\371\360\232\261\351$<\200"
 1140      1B7300DB 
 1140      CFF9F09A 
 1140      B1E9243C 
 1140      80
 1141 016e 378CF164 		.ascii	"7\214\361d\264\215\231\345\321HX\014\022\247\216\204"
 1141      B48D99E5 
 1141      D148580C 
 1141      12A78E84 
 1142 017e 118B83F4 		.ascii	"\021\213\203\364\023\355a\026U;\035\201\377\263\023"
 1142      13ED6116 
 1142      553B1D81 
 1142      FFB313
 1143 018d 9D9A385D 		.ascii	"\235\2328]\232\230\364\035\377|#\274\350WK\327\252\365"
 1143      9A98F41D 
 1143      FF7C23BC 
 1143      E8574BD7 
 1143      AAF5
 1144 019f CB41ADEC 		.ascii	"\313A\255\354z\027\302\300\253\227\316zA#\254{\347\252"
 1144      7A17C2C0 
 1144      AB97CE7A 
 1144      4123AC7B 
 1144      E7AA
 1145 01b1 977CF76A 		.ascii	"\227|\367j\221Fr9\233?W\001\325`\244P(\330\325\300\236"
 1145      91467239 
 1145      9B3F5701 
 1145      D560A450 
 1145      28D8D5C0 
 1146 01c6 2C4FD953 		.ascii	",O\331S\276c\007\215\272W\276\022\330NXI\2579\2274\277"
 1146      BE63078D 
 1146      BA57BE12 
 1146      D84E5849 
 1146      AF399734 
 1147 01db 36B457C8 		.ascii	"6\264W\310\271\336hql,?Npt'(\327v\001\315\245\303\005"
 1147      B9DE6871 
 1147      6C2C3F4E 
 1147      70742728 
 1147      D77601CD 
 1148              		.text
 1149              		.section	.gnu.lto__get.405.6c447458,"e",%progbits
 1150 0000 789C6D51 		.ascii	"x\234mQMh\023Q\020\236\331y\273IL[\301\203EA\360\"\342"
 1150      4D681351 
 1150      109ED979 
 1150      BB494C5B 
 1150      C1834541 
 1151 0017 C1A449B1 		.ascii	"\301\244I\261\240\247B\017^\274\211\267@Ibb\203\225"
 1151      A0A7420F 
 1151      5EBC89B7 
 1151      40496262 
 1151      8395
 1152 0029 846CA227 		.ascii	"\204l\242'\351K\032\025\242\230\244\232KIC\011\213\324"
ARM GAS  C:\Users\nello\AppData\Local\Temp\ccsFGfKG.s 			page 33


 1152      E94B1A15 
 1152      A298A49A 
 1152      4B494309 
 1152      8BD4
 1153 003b 8B82586C 		.ascii	"\213\202Xlm\202\221h\017\036\244\365&x\362b\177\240"
 1153      6D829168 
 1153      0F1EA4F5 
 1153      2678F262 
 1153      7FA0
 1154 004d 46BD8814 		.ascii	"F\275\210\024t\336&mz\020\336\033ff\277o\346{\337\216"
 1154      74DE266D 
 1154      7A10DE1B 
 1154      6666BF6F 
 1154      E67BDF8E 
 1155 0061 6B001900 		.ascii	"k\000\031\000\270\302\027\015\300\231R^\003)\345\250"
 1155      B8C2170D 
 1155      C099525E 
 1155      0329E5A8 
 1156 0071 43D3A64B 		.ascii	"C\323\246K\3675\\\301\027;\213\375\"W\032\370X\372\340"
 1156      F7355CC1 
 1156      173B8BFD 
 1156      22571AF8 
 1156      58FAE0
 1157 0084 17846567 		.ascii	"\027\204eg\347\273\300r)\377m\366\213`\210\335\3201"
 1157      E7BBC072 
 1157      29FF6DF6 
 1157      8B6088DD 
 1157      D031
 1158 0096 B34F4698 		.ascii	"\263OF\230\322H\3508\205\217\250B8C\026\001\212n\206"
 1158      D248E838 
 1158      858FA842 
 1158      38431601 
 1158      8A6E86
 1159 00a9 78F20CA3 		.ascii	"x\362\014\243~\337\231\235k9*\013Ma\221\006U\006,\""
 1159      7EDF999D 
 1159      6B392A0B 
 1159      4D619106 
 1159      55062C22 
 1160 00bd BE441602 		.ascii	"\276D\026\002\014\2440\234nJ\271\266\274$\245\013,\""
 1160      0CA4309C 
 1160      6E4AB9B6 
 1160      BC24A50B 
 1160      2C22
 1161 00cf 7C853D0C 		.ascii	"|\205=\014.!\267\242e\243\203\275\255\342)\206\267\253"
 1161      2E21B7A2 
 1161      65A383BD 
 1161      ADE22986 
 1161      B7AB
 1162 00e1 AD8703C5 		.ascii	"\255\207\003\305\214\323\"\201\313\007\361\257ynt\336"
 1162      8CD32281 
 1162      CB07F1AF 
 1162      796E74DE 
 1163 00f1 30EC4CF5 		.ascii	"0\354L\365W\270\241v=\377\2447\345\356\337\202\224\337"
 1163      57B8A176 
 1163      3DFFA437 
 1163      E5EEDF82 
 1163      94DF
ARM GAS  C:\Users\nello\AppData\Local\Temp\ccsFGfKG.s 			page 34


 1164 0103 8F35EADB 		.ascii	"\2175\352\333\316>\344e:q0\204\312t\016\016\203\203"
 1164      CE3EE465 
 1164      3A713084 
 1164      CA740E0E 
 1164      8383
 1165 0115 E640DEEA 		.ascii	"\346@\336\352V\031@\201\324;\245@\331\004(\222\326)"
 1165      56194081 
 1165      D43BA540 
 1165      D9042892 
 1165      D629
 1166 0127 325C6CA1 		.ascii	"2\\l\241\374\332Xu\251\371[\230\235O\363\276\0329\354"
 1166      FCDA5875 
 1166      A9F95B98 
 1166      9D4FF3BE 
 1166      1A39EC
 1167 013a F6FA2AC2 		.ascii	"\366\372*\302\016f\353\233\3755\302\256\027\002\225"
 1167      0E66EB9B 
 1167      FD35C2AE 
 1167      170295
 1168 0149 F427CA41 		.ascii	"\364'\312A\026\355d(\326\021\206:\245\013\0338G\312"
 1168      16ED6428 
 1168      D611863A 
 1168      A50B1B38 
 1168      47CA
 1169 015b 904DCC6D 		.ascii	"\220M\314m\264\216\327:\034\027\332&\361^*\376z\266"
 1169      B48ED73A 
 1169      1C17DA26 
 1169      F15E2AFE 
 1169      7AB6
 1170 016d 0DF6DE36 		.ascii	"\015\366\3366\212\032Q\0165\213\016U\211\001<\312\""
 1170      8A1A510E 
 1170      358B0E55 
 1170      89013CCA 
 1170      22
 1171 017e B70D133F 		.ascii	"\267\015\023?\036\254?\246}y\237m\035\323\225\273\357"
 1171      1EAC3FA6 
 1171      7D799F6D 
 1171      1DD395BB 
 1171      EF
 1172 018f 99C207F1 		.ascii	"\231\302\007\361\215-\254\235\307=-\033'\376#\346mG"
 1172      8D2DAC9D 
 1172      C73D2D1B 
 1172      27FE23E6 
 1172      6D47
 1173 01a1 0C73147A 		.ascii	"\014s\024z\355\351`\215\364=\302\302\341\036\201{]N"
 1173      EDE9608D 
 1173      F43DC2C2 
 1173      E11E817B 
 1173      5D4E
 1174 01b3 1FB698C3 		.ascii	"\037\266\230\303b\374\0122hQ?\276c;l\371<b\367\036\027"
 1174      62FC0A32 
 1174      68513FBE 
 1174      633B6CF9 
 1174      3C62F71E 
 1175 01c8 6E9E62AB 		.ascii	"n\236b\253\324{&\376\304\354(\357\341\277\013\177\320"
 1175      D47B26FE 
 1175      C4EC28EF 
ARM GAS  C:\Users\nello\AppData\Local\Temp\ccsFGfKG.s 			page 35


 1175      E1BF0B7F 
 1175      D0
 1176 01d9 E0771157 		.ascii	"\340w\021WnqD\271Z \354Y\017pv\354B`l\"\026\212]N\245"
 1176      6E7144B9 
 1176      5A20EC59 
 1176      0F7076EC 
 1176      42606C22 
 1177 01f2 AFC6E281 		.ascii	"\257\306\342\201[\361\344u3\021\014G\306\323f$\031\270"
 1177      5BF1E475 
 1177      33110C47 
 1177      C6D36624 
 1177      19B8
 1178 0204 183153E9 		.ascii	"\0301S\351d\344R\374Z,|s\030\374\036\217\227OX\021\342"
 1178      64E452FC 
 1178      5A2C7C73 
 1178      18FC1E8F 
 1178      974F5811 
 1179 0219 A6DFE7F3 		.ascii	"\246\337\347\363y\343\246w\"8\351\235\214\205\274f*"
 1179      79E3A677 
 1179      2238E99D 
 1179      8C85BC66 
 1179      2A
 1180 022a 1909DE30 		.ascii	"\031\011\3360\275\241t\264\233z\302\240\305\022G\017"
 1180      BDA174B4 
 1180      9B7AC2A0 
 1180      C512470F 
 1181 023a 363CE1C8 		.ascii	"6<\341\310\271\341\221\221\241\363 Bf0\361\017\005\\"
 1181      B9E19191 
 1181      A1F32042 
 1181      6630F10F 
 1181      055C
 1182 024c EF35     		.ascii	"\3575"
 1183              		.text
 1184              		.section	.gnu.lto__unget.406.6c447458,"e",%progbits
 1185 0000 789C6D51 		.ascii	"x\234mQKhSA\024\23533/I[hw\012\335\350FD\250I?Z\320"
 1185      4B685341 
 1185      149D3333 
 1185      2F495B68 
 1185      770ADDE8 
 1186 001b 4D0B5DB8 		.ascii	"M\013]\270q'\342& ILL\260\222\220\327\350J3M[\205\210"
 1186      7127E226 
 1186      20494C4C 
 1186      B09290D7 
 1186      E84A334D 
 1187 0032 6D53116C 		.ascii	"mS\021l\215AB\220\352\246\233J[\033k\244\332\342JQ\004"
 1187      8D414290 
 1187      EAA69B4A 
 1187      5B1B6BA4 
 1187      DAE24A51 
 1188 0047 71A782A4 		.ascii	"q\247\202\244.B,\210EZ\353\235\367bS\301\307\233a\356"
 1188      2E422C88 
 1188      455AEB9D 
 1188      F76253C1 
 1188      C79B61EE 
 1189 005b 9D73CE3D 		.ascii	"\235s\316=\367\316$gl\2101v\206\026\034\014\023\231"
 1189      F7CE2467 
 1189      6C883176 
ARM GAS  C:\Users\nello\AppData\Local\Temp\ccsFGfKG.s 			page 36


 1189      86161C0C 
 1189      1399
 1190 006d 34674AA9 		.ascii	"4gJ\251^'\347#\231\033\034O1\235k\223C\231\346\017\237"
 1190      5E27E723 
 1190      991B1C4F 
 1190      319D6B93 
 1190      4399E60F 
 1191 0082 DEF54841 		.ascii	"\336\365HA\311\246;\223\247\345p\246\271\374\365Q\217"
 1191      C9A63B93 
 1191      A7E570A6 
 1191      B9FCF551 
 1191      8F
 1192 0093 94B89D49 		.ascii	"\224\270\235I\257f\217X\024\003\203;t\260$\027\322@"
 1192      AF668F58 
 1192      1403833B 
 1192      74B02417 
 1192      D240
 1193 00a5 12B74456 		.ascii	"\022\267DV`B\024\004\203\254\235\200\375\207\010\265"
 1193      60421404 
 1193      83AC9D80 
 1193      FD8708B5 
 1194 00b5 313235B3 		.ascii	"125\263\354\314N\227dAp\226#\300c`\026d\205\021P\004"
 1194      ECCC4E97 
 1194      64417096 
 1194      23C06360 
 1194      16648511 
 1195 00cb D8C19252 		.ascii	"\330\301\222Ro\026\347\225j`\005!0\207]\030J\204\276"
 1195      6F16E795 
 1195      6A600521 
 1195      30875D18 
 1195      4A84BE
 1196 00de 181A77C5 		.ascii	"\030\032w\305\306\275\236UJPZb\301\302u\241]\243d\250"
 1196      C6BD9E55 
 1196      4A505A62 
 1196      C1C275A1 
 1196      5DA364A8 
 1197 00f2 62D87A49 		.ascii	"b\330zI\275\037 hu~y\264y|\320U\020\006\026\361O\335"
 1197      BD1F2068 
 1197      757E79B4 
 1197      797CD055 
 1197      100616F1 
 1198 0108 D0864153 		.ascii	"\320\206AS(B\273\321#\2415\363\326(\251\315\3551\245"
 1198      2842BBD1 
 1198      23A135F3 
 1198      D628A9CD 
 1198      ED31A5
 1199 011b B65B3F16 		.ascii	"\266[?\026\327]M U\007\327\233.\307\015`\036\016\340"
 1199      D75D4D20 
 1199      5507D79B 
 1199      2EC70D60 
 1199      1E0EE0
 1200 012e 091A75C8 		.ascii	"\011\032u\310\330\230\320#P\022\252\304\330\270\340"
 1200      D898D023 
 1200      5012AAC4 
 1200      D8B8E0
 1201 013d 763048C1 		.ascii	"v0H\3017\250\317\337W\032h\250tL\335OP\241\2740\254"
 1201      37A8CFDF 
ARM GAS  C:\Users\nello\AppData\Local\Temp\ccsFGfKG.s 			page 37


 1201      571A68A8 
 1201      744CDD4F 
 1201      50A1BC30 
 1202 0152 F48F15B0 		.ascii	"\364\217\025\2605\014\227\227[\363\302\241g$\361\333"
 1202      350C9797 
 1202      5BF3C2A1 
 1202      6724F1DB 
 1203 0162 72440AE2 		.ascii	"rD\012\342\371\315\334\226\320\012\250 U|\330\226\027"
 1203      F9CDDC96 
 1203      D00AA820 
 1203      557CD896 
 1203      17
 1204 0173 A84DD280 		.ascii	"\250M\322\200n\352\001\250\004\265\343$5<\003k\267C"
 1204      6EEA01A8 
 1204      04B5E324 
 1204      353C036B 
 1204      B743
 1205 0185 174AB867 		.ascii	"\027J\270g\365a)\347y\336&\271laR\226\243w7~\212\035"
 1205      F56129E7 
 1205      79DE26B9 
 1205      6C615296 
 1205      A377377E 
 1206 019b 6F5B64A2 		.ascii	"o[d\242\202\241\354\265\227\004\255\243\267\351k\241"
 1206      82A1ECB5 
 1206      9704ADA3 
 1206      B7E96BA1 
 1207 01ab 8B5435BD 		.ascii	"\213T5\275%\376\226+\357\375O\275\027v=\"k\370\324\332"
 1207      25FE962B 
 1207      EFFD4FBD 
 1207      17763D22 
 1207      6BF8D4DA 
 1208 01bf BE1DB4A8 		.ascii	"\276\035\264\250\243)W#4`\205\010\344\246SCZt\323\253"
 1208      A3295723 
 1208      34608508 
 1208      E4A65343 
 1208      5A74D3AB 
 1209 01d3 D0642DE1 		.ascii	"\320d-\341\260,eV\265\245\324\346\365\367t\321\250\263"
 1209      B02C6556 
 1209      B5A5D4E6 
 1209      F5F774D1 
 1209      A8B3
 1210 01e5 DAB7519F 		.ascii	"\332\267Q\237\351:R\275\204\326e\177Ah\303\034W\305"
 1210      E93A52BD 
 1210      84D6657F 
 1210      4168C31C 
 1210      57C5
 1211 01f7 D25CD545 		.ascii	"\322\\\325Ec&\212\034]\010\343\025\370\322\\\214^\006"
 1211      63268A1C 
 1211      5D08E315 
 1211      F8D25C8C 
 1211      5E06
 1212 0209 F59761EC 		.ascii	"\365\227a\354p\337qo_8\342\217\234\032H\234\213D\275"
 1212      70DF716F 
 1212      5F38E28F 
 1212      9C1A489C 
 1212      8B44BD
 1213 021c 97A3F10B 		.ascii	"\227\243\361\013f\314\027\010\236M\230\301\270\367D"
ARM GAS  C:\Users\nello\AppData\Local\Temp\ccsFGfKG.s 			page 38


 1213      66CC1708 
 1213      9E4D98C1 
 1213      B8F744
 1214 022b D01C48C4 		.ascii	"\320\034H\304\203'\243\347#\201K]\254\323\355\366\320"
 1214      8327A3E7 
 1214      23814B5D 
 1214      ACD3EDF6 
 1214      D0
 1215 023c 1FD084A8 		.ascii	"\037\320\204\250\331\331\321\321\341\211\232\236\260"
 1215      D9D9D1D1 
 1215      E1899A9E 
 1215      B0
 1216 0249 AFDFD31F 		.ascii	"\257\337\323\037\361{\314\201x\320w\321\364\370\023"
 1216      F17BCC81 
 1216      78D077D1 
 1216      F4F813
 1217 0258 A1DAD11D 		.ascii	"\241\332\321\035`<\022\333\263;\341\016\004\217vuw\267"
 1217      603C12DB 
 1217      B33BE10E 
 1217      048F7675 
 1217      77B7
 1218 026a 1F63F04B 		.ascii	"\037c\360K\277\351\213\375\001\311!\017\205"
 1218      BFE98BFD 
 1218      01C9210F 
 1218      85
 1219              		.text
 1220              		.section	.gnu.lto_vmt.407.6c447458,"e",%progbits
 1221 0000 789CEB67 		.ascii	"x\234\353g``Hb\200\2009\314\214-\214M\015\015\177\232"
 1221      60604862 
 1221      808039CC 
 1221      8C2D8C4D 
 1221      0D0D7F9A 
 1222 0014 7A9F6DE4 		.ascii	"z\237m\344^\302\3140\217\031!\370Bm\0113\343<fF\204"
 1222      5EC2CC30 
 1222      8F1921F8 
 1222      426D0933 
 1222      E33C6646 
 1223 0029 803C5805 		.ascii	"\200<X\005\023B@|\0113\323<ff\270\300\012\376%\314\314"
 1223      1342407C 
 1223      0933D33C 
 1223      6666B8C0 
 1223      0AFE25CC 
 1224 003e F3985940 		.ascii	"\363\230Y@\002\223\230\2270\26302X6u4H,af\235\313\314"
 1224      02939897 
 1224      30B33032 
 1224      58367534 
 1224      482C6166 
 1225 0055 C0B89371 		.ascii	"\300\270\223q.3#\343\016 \311\304\270\035H23n\003\222"
 1225      2E3323E3 
 1225      0E20C9C4 
 1225      B81D4832 
 1225      336E0392 
 1226 0069 2C8C5B81 		.ascii	",\214[\201$+\343\026F\006]g\253\030\347\214\314\244"
 1226      242BE316 
 1226      46065D67 
 1226      AB18E78C 
 1226      CCA4
ARM GAS  C:\Users\nello\AppData\Local\Temp\ccsFGfKG.s 			page 39


 1227 007b CCE092D2 		.ascii	"\314\340\222\322\224\314\374\230\362\374\242\354\342"
 1227      94CCFC98 
 1227      F2FCA2EC 
 1227      E2
 1228 0088 82C4E4D4 		.ascii	"\202\304\344\324\370\322\342\324\242\030\367\324\342"
 1228      F8D2E2D4 
 1228      A218F7D4 
 1228      E2
 1229 0095 92D2A254 		.ascii	"\222\322\242T\237\374\364\314\3442c\006#==} J\006i\310"
 1229      9FFCF4CC 
 1229      E4326306 
 1229      233D3D7D 
 1229      204A0669 
 1230 00aa 2F363234 		.ascii	"/6244\324\317/\326\317H\314\321\317\311L\322/.)JM\314"
 1230      34D4CF2F 
 1230      D6CF48CC 
 1230      D1CFC94C 
 1230      D22F2E29 
 1231 00c1 2DD64F2A 		.ascii	"-\326O*M\2032\365\222\031\000\031\351K\032"
 1231      4D8332F5 
 1231      92190019 
 1231      E94B1A
 1232              		.text
 1233              		.section	.gnu.lto_bsaObjectInit.408.6c447458,"e",%progbits
 1234 0000 789C7D52 		.ascii	"x\234}RKh\023Q\024\275g\356L&\321\012.Tp'\270\020\027"
 1234      4B681351 
 1234      14BD67EE 
 1234      4C26D10A 
 1234      2E547027 
 1235 0017 669A160B 		.ascii	"f\232\026\013v%t\321\215;\267\001I\306\321\014V&d\022"
 1235      762574D1 
 1235      8D3BB701 
 1235      49C6D10C 
 1235      56266412 
 1236 002b DD99D736 		.ascii	"\335\231\3276\255\220MluU4H\030$\256\334\370\251?:R"
 1236      AD904D6C 
 1236      75553448 
 1236      1824AEDC 
 1236      F8A93F3A 
 1237 0040 AAA01B71 		.ascii	"\252\240\033q[Dq%\212R*\202\013A\357|Bt\323a\036s\357"
 1237      5B447125 
 1237      8A522A82 
 1237      0B41EF7C 
 1237      4274D361 
 1238 0057 9973DEB9 		.ascii	"\231s\336\271g\336\3445\242y\":,\013LX^jk\244\224:i"
 1238      67DEE435 
 1238      A279223A 
 1238      2C0B4C58 
 1238      5E6A6BA4 
 1239 006e 6A985D6A 		.ascii	"j\230]j\347\360\024q\007jjh\342:\037\225\366\327\302"
 1239      E7F01471 
 1239      076A6A68 
 1239      E23A1F95 
 1239      F6D7C2
 1240 0081 CAD775A8 		.ascii	"\312\327u\250~\210\200\211\272\262\342\353&c\231\003"
 1240      7E888089 
 1240      BAB2E2EB 
ARM GAS  C:\Users\nello\AppData\Local\Temp\ccsFGfKG.s 			page 40


 1240      26639903 
 1241 0091 06F4B4D2 		.ascii	"\006\364\264\322pH*\266\351H\250\324\333\315U\245r\024"
 1241      70482AB6 
 1241      E948A8D4 
 1241      DBCD55A5 
 1241      7214
 1242 00a3 30E31144 		.ascii	"0\343\021D\203\207\300\003P\004T\356\033\021\257\231"
 1242      8387C003 
 1242      500454EE 
 1242      1B11AF99 
 1243 00b3 F03AF357 		.ascii	"\360:\363W\325^=`\035\217\377\347\351\225\320 \312\014"
 1243      D55E3D60 
 1243      1D8FFFE7 
 1243      E995D020 
 1243      CA0C
 1244 00c5 1C05A37B 		.ascii	"\034\005\243{\357\214P\375\376\323Q\352\333\301\356"
 1244      EF8C50FD 
 1244      FED351EA 
 1244      DBC1EE
 1245 00d4 9A9E83D0 		.ascii	"\232\236\203\320\014\231`\025\006\360D\030\035\216\322"
 1245      0C996015 
 1245      06F04418 
 1245      1D8ED2
 1246 00e3 281D2A24 		.ascii	"(\035*$\272\306Z\322\314J\363\005\352\323\346+\320w"
 1246      BAC65AD2 
 1246      CC4AF305 
 1246      EAD3E62B 
 1246      D077
 1247 00f5 CCDD686F 		.ascii	"\314\335hoh\351\310\214(\306\235(\364gi3=A\236\201F"
 1247      68E9C88C 
 1247      28C69D28 
 1247      F4676933 
 1247      3D419E81 
 1248 010a A5CF066C 		.ascii	"\245\317\006l\3429n\3610\252\031\263[\310H\331gJ\244"
 1248      E2396EF1 
 1248      30AA19B3 
 1248      5BC848D9 
 1248      674AA4
 1249 011d 327A1621 		.ascii	"2z\026!\260\006jaQ\251\376\376\210\370\002\211\345\373"
 1249      B0066A61 
 1249      51A9FEFE 
 1249      88F80289 
 1249      E5FB
 1250 012f C472E5EE 		.ascii	"\304r\345\356\276\035|t\254\213\217(zl\304\252\017\203"
 1250      BE1D7C74 
 1250      AC8B8F28 
 1250      7A6CC4AA 
 1250      0F83
 1251 0141 417FA2C7 		.ascii	"A\177\242\307\030(\263C\241@\2516\207\015\321\312\261"
 1251      1828B343 
 1251      A140A936 
 1251      870DD1CA 
 1251      B1
 1252 0152 B6528A81 		.ascii	"\266R\212\201\227\262\323\026\026o\233\202i\001\357"
 1252      97B2D316 
 1252      166F9B82 
 1252      6901EF
ARM GAS  C:\Users\nello\AppData\Local\Temp\ccsFGfKG.s 			page 41


 1253 0161 EA265BC7 		.ascii	"\352&[\307\021v\343J\364\030\201\234\345\236\330k\313"
 1253      1176E34A 
 1253      F418819C 
 1253      E59ED86B 
 1253      CB
 1254 0172 8CACB6FB 		.ascii	"\214\254\266\373;\0158\2027b\"\211\361\032\264\215\271"
 1254      3B0D3882 
 1254      37622289 
 1254      F11AB48D 
 1254      B9
 1255 0183 8F3FA6E3 		.ascii	"\217?\246\343_\240\303\030~n\242cS\223\305\251\212["
 1255      5FA0C318 
 1255      7E6EA263 
 1255      5393C5A9 
 1255      8A5B
 1256 0195 764FD71B 		.ascii	"vO\327\033g]\257x\331\253]\360\253%\3339\323\360\235"
 1256      675DAF78 
 1256      D9AB5DF0 
 1256      AB25DB39 
 1256      D3F09D
 1257 01a8 5A71DAF1 		.ascii	"Zq\332\361\353\215\232s\312;\357\332\227\306i,\237\267"
 1257      EB8D9A73 
 1257      CA3BEFDA 
 1257      97C6692C 
 1257      9FB7
 1258 01ba E4B62381 		.ascii	"\344\266#\201\347\217\025\012\005\313\363\255Ji\306"
 1258      E78F150A 
 1258      05CBF3AD 
 1258      4A69C6
 1259 01c9 9A71CB96 		.ascii	"\232q\313\226_\2579\245\213\276Un\234K\313\274Mz\331"
 1259      5FAF39A5 
 1259      8BBE556E 
 1259      9C4BCBBC 
 1259      4D7AD9
 1260 01dc 2F550FFC 		.ascii	"/U\017\374\013\345m\347\370\370\304\304\350\211\350"
 1260      0BE56DE7 
 1260      F8F8C4C4 
 1260      E889E8
 1261 01eb 9D5FFD0B 		.ascii	"\235_\375\013QD\322\374"
 1261      5144D2FC 
 1262              		.text
 1263              		.section	.gnu.lto__get.part.0.411.6c447458,"e",%progbits
 1264 0000 789C5592 		.ascii	"x\234U\222\315k\023Q\024\305\357\231\367f\222\370\005"
 1264      CD6B1351 
 1264      14C5EF99 
 1264      F76692F8 
 1264      05
 1265 0011 16D195D0 		.ascii	"\026\321\225\320\215\210\0243M\213\205vU\350\302\215"
 1265      8D881433 
 1265      4D8B8576 
 1265      55E8C28D 
 1266 0021 3BC15540 		.ascii	";\301U@\222qb\007+\011\231\244\256\244/%n\2720S\253"
 1266      92716207 
 1266      2B0999A4 
 1266      AEA42F25 
 1266      6EBA3053 
 1267 0036 9B929632 		.ascii	"\233\222\2262\004\321\225\033\225T\243F\"\352N\361\277"
ARM GAS  C:\Users\nello\AppData\Local\Temp\ccsFGfKG.s 			page 42


 1267      04D1951B 
 1267      9554A346 
 1267      22EA4EF1 
 1267      BF
 1268 0047 D0851457 		.ascii	"\320\205\024W\"\202\3367\2231\021\336\334\271s\357\371"
 1268      2282DE37 
 1268      933111DE 
 1268      DCB973EF 
 1268      F9
 1269 0058 9DF73557 		.ascii	"\235\3675W\014\242\006\021-\360\003\223p?MJ\251\305"
 1269      0CA20611 
 1269      2DF00393 
 1269      703F4D4A 
 1269      A9C5
 1270 006a 94C444F4 		.ascii	"\224\304D\3646\260\265\271\361i\273+\361\006QA\240\261"
 1270      36B0B5B9 
 1270      F169BB2B 
 1270      F1065141 
 1270      A0B1
 1271 007c B961C422 		.ascii	"\271a\304\"\320\2324\004\326\260%\332\002\367DG\020"
 1271      D09A3404 
 1271      D6B025DA 
 1271      02F74447 
 1271      10
 1272 008d E4300326 		.ascii	"\3440\003&9;\307\272\237w\266w\006\251\366\243\276\354"
 1272      393BC7BA 
 1272      9F77B677 
 1272      06A9F6A3 
 1272      BEEC
 1273 009f 08837659 		.ascii	"\010\203vY\363\014x\012\236\220t;\030u0\354\3409w\231"
 1273      F30C780A 
 1273      9E90743B 
 1273      187530EC 
 1273      E0397799 
 1274 00b3 168E8E67 		.ascii	"\026\216\216g\373J}\336\357*\225\241\216\020\350bd\201"
 1274      FB4A7DDE 
 1274      EF2A95A1 
 1274      8E10E862 
 1274      6481
 1275 00c5 7D70A9F4 		.ascii	"}p\251\364\300\322\232\240\255\264Q\254\300\177\012"
 1275      C0D29AA0 
 1275      ADB451AC 
 1275      C07F0A
 1276 00d4 8AED6EEB 		.ascii	"\212\355n\353x\206\245\007\273\203\273\307\202F\272"
 1276      7886A507 
 1276      BB83BBC7 
 1276      8246BA
 1277 00e3 23245E8E 		.ascii	"#$^\216\373\365x\342\322\236\3052+\372\320\255WH0=C"
 1277      FBF578E2 
 1277      D29EC532 
 1277      2BFAD0AD 
 1277      5748303D 
 1278 00f8 7392120A 		.ascii	"s\222\022\012\343\0241\360\032\321&\030 =\370\373\311"
 1278      E31431F0 
 1278      1AD12618 
 1278      203DF8FB 
 1278      C9
ARM GAS  C:\Users\nello\AppData\Local\Temp\ccsFGfKG.s 			page 43


 1279 0109 1753A9DF 		.ascii	"\027S\251\337\177ZJ\365\246\216g\000\274\200\301\274"
 1279      7F5A4AF5 
 1279      A68E6700 
 1279      BC80C1BC 
 1280 0119 29385892 		.ascii	")8X\222C\312\344\220\266t j\011}\256JB\2472N\005\005"
 1280      43CAE490 
 1280      B674206A 
 1280      097DAE4A 
 1280      42A7324E 
 1281 012f C248D26F 		.ascii	"\302H\322oP\341\024\337\004}\307z\357\361\211P\030\303"
 1281      50E114DF 
 1281      047DC77A 
 1281      EFF18950 
 1281      18C3
 1282 0141 D396D11A 		.ascii	"\323\226\321\032\037\202}2!/\241\017\232f\2067h\342"
 1282      1F827D32 
 1282      212FA10F 
 1282      9A668637 
 1282      68E2
 1283 0153 2D76F401 		.ascii	"-v\364\001\304\314\251P$we\216\230C\354\204\301?\306"
 1283      C4CCA950 
 1283      2477658E 
 1283      9843EC84 
 1283      C13FC6
 1284 0166 C23B6630 		.ascii	"\302;f0d\276\236\016Er\253\326\2109\314Nx\317L3b\216"
 1284      64BE9E0E 
 1284      4572ABD6 
 1284      8839CC4E 
 1284      78CF4C33 
 1285 017c E00333FC 		.ascii	"\340\0033\3747\321\001\232{\363\2410\231\"\366\355\210"
 1285      37D1019A 
 1285      7BF3A130 
 1285      9922F6ED 
 1285      88
 1286 018d A31418EA 		.ascii	"\243\024\030\352\243\344V D\262\225\037X_\344\266\305"
 1286      A3E45620 
 1286      44B2951F 
 1286      585FE4B6 
 1286      C5
 1287 019e D55FB058 		.ascii	"\325_\260XnL\350\215\265\004b\205v:\277\264\220_Z\366"
 1287      6E4CE88D 
 1287      B5046285 
 1287      763ABFB4 
 1287      905F5AF6 
 1288 01b2 8ADEE55A 		.ascii	"\212\336\345Z\375\232W\316\337*Wo\370\225\202\343^\255"
 1288      FD9A57CE 
 1288      DF2A576F 
 1288      F89582E3 
 1288      5EAD
 1289 01c4 FB6E357F 		.ascii	"\373n5\177\321\365k\365\252{\251|\335sVgi&\233\265y"
 1289      D1F56BF5 
 1289      AA7BA97C 
 1289      DD735667 
 1289      69269BB5 
 1290 01d9 381A28FB 		.ascii	"8\032(\3733\271\\\316.\373\366ra\305^\361\212\266_\253"
 1290      33B95CCE 
 1290      2EFBF672 
ARM GAS  C:\Users\nello\AppData\Local\Temp\ccsFGfKG.s 			page 44


 1290      61C55EF1 
 1290      8AB65FAB 
 1291 01ed BA859BBE 		.ascii	"\272\205\233\276]\254\227\206i\326!\303\253\234\034"
 1291      5DAC9786 
 1291      69D621C3 
 1291      AB9C1C
 1292 01fc 2F641DF7 		.ascii	"/d\035\367\302\354\334\334\364<\311\242_\250\374\005"
 1292      C2ECDCDC 
 1292      F43CC9A2 
 1292      5FA8FC05 
 1293 020c DB47D265 		.ascii	"\333G\322e"
 1294              		.text
 1295              		.section	.gnu.lto_.symbol_nodes.6c447458,"e",%progbits
 1296 0000 789C75D0 		.ascii	"x\234u\320\273\021\302@\014\004\320\225W\376\220\320"
 1296      BB11C240 
 1296      0C04D095 
 1296      57FE90D0 
 1297 0010 022D5003 		.ascii	"\002-P\003\205\320\212\356:\360\000\346\233\020\020"
 1297      85D08AEE 
 1297      3AF000E6 
 1297      9B1010
 1298 001f 3B630608 		.ascii	";c\006\010)\200*\310\010\031b\260\3619pp\2124zR\260"
 1298      29802AC8 
 1298      081962B0 
 1298      F1397070 
 1298      8A347A52 
 1299 0034 9A0B8064 		.ascii	"\232\013\200dA\203kJ\245|\000\006\\\216\336O\321Z\243"
 1299      41836B4A 
 1299      A57C0006 
 1299      5C8EDE4F 
 1299      D15AA3
 1300 0047 2B9AC475 		.ascii	"+\232\304uMK\342\272\2441\256\007\232\016\364\352\274"
 1300      4D4BE2BA 
 1300      A431AE07 
 1300      9A0EF4EA 
 1300      BC
 1301 0058 7749CF15 		.ascii	"wI\317\025-\215\037oi\331@o\316K\300tC\270\031@\331"
 1301      2D8D1F6F 
 1301      69D9406F 
 1301      CE4BC074 
 1301      43B81940 
 1302 006d D3F26FA8 		.ascii	"\323\362o\250\311\177\023m\324vMv\264\"b\032\376\361"
 1302      C97F136D 
 1302      D4764D76 
 1302      B422621A 
 1302      FEF1
 1303 007f 1195BE23 		.ascii	"\021\225\276#\213\256=\345\032BUc\015\001\316\302T\313"
 1303      8BAE3DE5 
 1303      1A425563 
 1303      0D01CEC2 
 1303      54CB
 1304 0091 77FD82DC 		.ascii	"w\375\202\334\205\331\250\233>\005?\350jc9"
 1304      85D9A89B 
 1304      3E053FE8 
 1304      6A6339
 1305              		.text
 1306              		.section	.gnu.lto_.refs.6c447458,"e",%progbits
ARM GAS  C:\Users\nello\AppData\Local\Temp\ccsFGfKG.s 			page 45


 1307 0000 789C1366 		.ascii	"x\234\023f```dcbgb`\005b&f&F&V&&\006\000\004\014\000"
 1307      60606064 
 1307      63626762 
 1307      60056226 
 1307      66264626 
 1308 001c 47       		.ascii	"G"
 1309              		.text
 1310              		.section	.gnu.lto_.decls.6c447458,"e",%progbits
 1311 0000 789C9557 		.ascii	"x\234\225WkTT\327\025>\373\234yq!\300\212X\323\225\307"
 1311      6B5454D7 
 1311      153EFB9C 
 1311      797121C0 
 1311      8A58D395 
 1312 0015 A22EDBB0 		.ascii	"\242.\333\260\226K\306\301\324<\332\2646\266\261]i\223"
 1312      964BC6C1 
 1312      D43CDAB4 
 1312      36B6B15D 
 1312      6993
 1313 0027 B4A65D31 		.ascii	"\264\246]1\213\265(\314\\aR\030\0103\344\321?\275\002"
 1313      8BB528CC 
 1313      5C615218 
 1313      0833E4D1 
 1313      3FBD02
 1314 003a 51931044 		.ascii	"Q\223\020DM\020\005\225\372$\022\037\211\220h|\015\017"
 1314      4D100595 
 1314      FA24121F 
 1314      8990687C 
 1314      0D0F
 1315 004c 0DBE5051 		.ascii	"\015\276PQI|\020\3211f\024\037\370B\260\004\273\317"
 1315      497C10D1 
 1315      3166141F 
 1315      F842B004 
 1315      BBCF
 1316 005e B977E6CE 		.ascii	"\271w\346\316\014\223\230\\\330\367\236{\316\267\367"
 1316      0C93985C 
 1316      D8F79E7B 
 1316      CEB7F7
 1317 006d FEF63EFB 		.ascii	"\376\366>\373\234{fs\"!K(!\007\031!w\360\212!\204\034"
 1317      9C7B6673 
 1317      22214B28 
 1317      21071921 
 1317      77F08A21 
 1318 0083 4291509A 		.ascii	"B\221P\232Pv\242LC\331\215\222\215\262\007\3454\212"
 1318      5076A24C 
 1318      43D98D92 
 1318      8DB207E5 
 1318      348A
 1319 0095 0FE52CCA 		.ascii	"\017\345,\312KD\275\270\336e\224[(\003(wP\214@\210\001"
 1319      4B44BDB8 
 1319      DE65945B 
 1319      28032877 
 1319      508C4088 
 1320 00aa E51E9407 		.ascii	"\345\036\224\007Q\036F\301\177\362k aW\027\276\307\343"
 1320      511E46C1 
 1320      7FF26B20 
 1320      615717BE 
 1320      C7E3
ARM GAS  C:\Users\nello\AppData\Local\Temp\ccsFGfKG.s 			page 46


 1321 00bc F35E94A4 		.ascii	"\363^\224\244\020_>\315\027\347\3614bl(\335\330\366"
 1321      105F3ECD 
 1321      17E7F134 
 1321      626C28DD 
 1321      D8F6
 1322 00ce A2FC01DB 		.ascii	"\242\374\001\333SP.a\033\251\223\023(\333P&k>.\223\341"
 1322      53502E61 
 1322      1BA99313 
 1322      28DB5026 
 1322      6B3E2E93 
 1323 00e3 D71D50ED 		.ascii	"\327\035P\355G\372\011\3044M\213\311\031\342\323\252"
 1323      47FA09C4 
 1323      344D8BC9 
 1323      19E2D3AA 
 1324 00f3 F96C47F9 		.ascii	"\371lG\371#\266\237\005\335\377s(C<N\224\257x\034!<"
 1324      23B69F05 
 1324      DDFF7328 
 1324      433C4E94 
 1324      AF781C21 
 1325 0108 7E8F6354 		.ascii	"~\217cT\313\303\203\021\361\362\353JD\31475.;#b\036"
 1325      CBC38311 
 1325      F1F2EB4A 
 1325      44CC3735 
 1325      2E3B2362 
 1326 011d 1711F3F3 		.ascii	"\027\021\363\363(}\0211?\245\305|+J\31414\272\237@\274"
 1326      287D1131 
 1326      3FA5C57C 
 1326      2B4ACC31 
 1326      34BA9F40 
 1327 0132 26940788 		.ascii	"&\224\007\210\352\203\347c,\032b\240\306\313\271\320"
 1327      EA83E763 
 1327      2C1A62A0 
 1327      C6CBB9D0 
 1328 0142 90D8789B 		.ascii	"\220\330x\233\317\2471J<\327A\255\231\357\212gZ\210"
 1328      CFA7314A 
 1328      3CD741AD 
 1328      99EF8A67 
 1328      5A88
 1329 0154 8FF608BB 		.ascii	"\217\366\010\273\334\334@\024\356oP\225\037\317\301"
 1329      DCDC4014 
 1329      EE6F5095 
 1329      1FCFC1
 1330 0163 586D2E78 		.ascii	"Xm.x\015p[\277\002ul\">\037Cy\034\345Q\224GP\236\000"
 1330      0D705BBF 
 1330      02756C22 
 1330      3E1F4379 
 1330      1CE55194 
 1331 017b 754E0634 		.ascii	"uN\0064\276\267\264y\210V\023\367k\371\311\011\341\036"
 1331      BEB7B479 
 1331      885613F7 
 1331      6BF9C909 
 1331      E11E
 1332 018d C8FF598D 		.ascii	"\310\377Y\215\363_A\365\307y\377\015\324\232\347q\374"
 1332      F35F41F5 
 1332      C779FF0D 
 1332      D49AE771 
 1332      FC
ARM GAS  C:\Users\nello\AppData\Local\Temp\ccsFGfKG.s 			page 47


 1333 019e 82D7373E 		.ascii	"\202\3277>Ojs\321\245\305\304c\273\347{\352=\366{\346"
 1333      4F6A73D1 
 1333      A5C5C463 
 1333      BBE77BEA 
 1333      3DF67BE6 
 1334 01b2 2430EF63 		.ascii	"$0\357c\265\370\270\177/Q\347~\25267\241s\377[\370\376"
 1334      B5F8B87F 
 1334      2F51E77E 
 1334      AA3637A1 
 1334      73FF5BF8 
 1335 01c7 7999C7E0 		.ascii	"y\231\307\340^0\340=\011\222\031%VE\\\305\367\023\370"
 1335      5E30E03D 
 1335      09921925 
 1335      56455CC5 
 1335      F713F8
 1336 01da 44453F19 		.ascii	"DE?\031\313^ \354ER\315h\327\272\336\026:BEx\305(l\006"
 1336      CB5E20EC 
 1336      4552CD68 
 1336      D7BADE16 
 1336      3A424578 
 1337 01f2 F80CE053 		.ascii	"\370\014\340S\376\202\200\372\232-W-\002\340\215\016"
 1337      FE8280FA 
 1337      9A2D572D 
 1337      02E08D0E 
 1338 0202 68F52E3E 		.ascii	"h\365.>\"\305y\025\245W\251m6\300\026\200F\200\006\236"
 1338      22C57915 
 1338      A557A96D 
 1338      36C01680 
 1338      4680069E 
 1339 0216 86ADC001 		.ascii	"\206\255\300\001\206\255}\0137\302\230\021\210\350?"
 1339      86AD7D0B 
 1339      37C29811 
 1339      88E83F
 1340 0225 34EBD4B2 		.ascii	"4\353\324\262\261s\337\231\245T\314`8\014\233\000\266"
 1340      B173DF99 
 1340      A554CC60 
 1340      380C9B00 
 1340      B6
 1341 0236 EB782B8A 		.ascii	"\353x+\212\215(\334\222\3425\220`\377v\356\014\266q"
 1341      8D28DC92 
 1341      E2359060 
 1341      FF76EE0C 
 1341      B671
 1342 0248 7FAC1DB8 		.ascii	"\177\254\035\270\317M\325\373>\025\244\302\220\260\003"
 1342      CF4DD5FB 
 1342      3E15A4C2 
 1342      90B003
 1343 0257 42B1883B 		.ascii	"B\261\210;\276\370\354\3368\235\233W\367\325\004\"O"
 1343      BEF8ECDE 
 1343      389D9B57 
 1343      F7D50422 
 1343      4F
 1344 0268 0FC01D10 		.ascii	"\017\300\035\020\017\302|\302\362\276]\357\266\201\204"
 1344      0FC27CC2 
 1344      F2BE5DEF 
 1344      B68184
 1345 0277 1A7EA579 		.ascii	"\032~\245y\006#0\001\306\023h\005D\240\331\026\200f"
ARM GAS  C:\Users\nello\AppData\Local\Temp\ccsFGfKG.s 			page 48


 1345      06233001 
 1345      C6136805 
 1345      44A0D916 
 1345      8066
 1346 0289 0E9F067C 		.ascii	"\016\237\006|\333L\020-\302z\204\342\274\353\267\332"
 1346      DB4C102D 
 1346      C27A84E2 
 1346      BCEBB7DA 
 1347 0299 4C9270E5 		.ascii	"L\222p\345-\215\011Rj\003\304\240\352\347\000\273\000"
 1347      2D8D0952 
 1347      6A03C4A0 
 1347      EAE700BB 
 1347      00
 1348 02aa 61375A57 		.ascii	"a7ZW\254\210\325\031\355\324\031\355\001m\346,\354\232"
 1348      AC88D519 
 1348      EDD419ED 
 1348      016DE62C 
 1348      EC9A
 1349 02bc B0B8A3B3 		.ascii	"\260\270\243\263\257\325$)\232E\034\010 \367\243]+X"
 1349      AFD52429 
 1349      9A451C08 
 1349      20F7A35D 
 1349      2B58
 1350 02ce 1172C07B 		.ascii	"\021r\300{\334\033{\257\302\331*\377\344\3068]\002\230"
 1350      DC1B7BAF 
 1350      C2D92AFF 
 1350      E4C6385D 
 1350      0298
 1351 02e0 240E226C 		.ascii	"$\016\"l@\030:\361\346G\345\0206\307\004\016\352\023"
 1351      40183AF1 
 1351      E647E510 
 1351      36C7040E 
 1351      EA13
 1352 02f2 78BE73ED 		.ascii	"x\276s\3551Cx\011`\"C\000o\035\360\3156\352\234\017"
 1352      31437809 
 1352      60224300 
 1352      6F1DF0CD 
 1352      36EA9C0F 
 1353 0306 E99C3BB8 		.ascii	"\351\234;\270\223!\341\344L\245\377tl\270\225\303\000"
 1353      9321E1E4 
 1353      4CA5FF74 
 1353      6CB895C3 
 1353      00
 1354 0317 47742BED 		.ascii	"Gt+\355[\367\325\263\360B\012\007\254:~i\320\244\273"
 1354      5BF7D5B3 
 1354      F0420A07 
 1354      AC3A7E69 
 1354      D0A4BB
 1355 032a 39AABBE9 		.ascii	"9\252\273\351\014\244&Q\024\265\002l\001E\015i\345\205"
 1355      0CA42651 
 1355      14B5026C 
 1355      01450D69 
 1355      E585
 1356 033c B23A3A62 		.ascii	"\262::b\014^h\265T-\205/\001\276\340:\307E!\234\004"
 1356      0C5E68B5 
 1356      542D852F 
 1356      01BEE03A 
ARM GAS  C:\Users\nello\AppData\Local\Temp\ccsFGfKG.s 			page 49


 1356      C745219C 
 1357 0351 3801D005 		.ascii	"8\001\320\005\360\025w\302K\260o\336\032{\015&4\016"
 1357      F01577C2 
 1357      4BB06FDE 
 1357      1A7B0D26 
 1357      340E
 1358 0363 C9C301E0 		.ascii	"\311\303\001\340\270\320\372k\004\216\352\375\240\245"
 1358      B8D0FA6B 
 1358      048EEAFD 
 1358      A0A5
 1359 0371 329ED768 		.ascii	"2\236\327h\247\250\321\343\321jt\215/\247\012\013\252"
 1359      A7A8D1E3 
 1359      D16A748D 
 1359      2FA70A0B 
 1359      AA
 1360 0382 1D609F40 		.ascii	"\035`\237@\250\251\337\013\002\2006*\320\213\301\004"
 1360      A8A9DF0B 
 1360      0280362A 
 1360      D08BC104 
 1361 0392 BB018E85 		.ascii	"\273\001\216\205Y\020\010t\303\332y\014\264yq\303\302"
 1361      59100874 
 1361      C3DA790C 
 1361      B47971C3 
 1361      C2
 1362 03a3 841191FC 		.ascii	"\204\021\221\374\341\024D\215\000\025\256,\252\353\014"
 1362      E114448D 
 1362      0015AE2C 
 1362      AAEB0C
 1363 03b2 A9A06EDD 		.ascii	"\251\240n\335\362i\261\336\250\257|\275/A\224\260\367"
 1363      F269B1DE 
 1363      A8AF7CBD 
 1363      2F4194B0 
 1363      F7
 1364 03c3 3B4A1841 		.ascii	";J\030A\247\312[\327\204\254\3323\272\025\237je\373"
 1364      A7CA5BD7 
 1364      84ACDA33 
 1364      BA159F6A 
 1364      65FB
 1365 03d5 9C63FFD1 		.ascii	"\234c\377\321\307\333\365\361\263\352x\275oKW\334\327"
 1365      C7DBF5F1 
 1365      B3EA78BD 
 1365      6F4B57DC 
 1365      D7
 1366 03e6 A06E440E 		.ascii	"\240nD\016\000\370r\"\336$\362\022#I\012U\250\311\301"
 1366      00F87222 
 1366      DE24F212 
 1366      23490A55 
 1366      A8C9C1
 1367 03f9 A8C424E6 		.ascii	"\250\304$\346\220\332\340\241\224\033l\222\205\246$"
 1367      90DAE0A1 
 1367      941B6C92 
 1367      85A624
 1368 0408 4896BA16 		.ascii	"H\226\272\026H\224\214\026J\375f\207\224r\033>\244\265"
 1368      48948C16 
 1368      4AFD6687 
 1368      94721B3E 
 1368      A4B5
ARM GAS  C:\Users\nello\AppData\Local\Temp\ccsFGfKG.s 			page 50


 1369 041a A6E4498A 		.ascii	"\246\344I\212\301Q6\322oVh\305\263I\023&\341\335on\003"
 1369      C15136D2 
 1369      6F5668C5 
 1369      B3491326 
 1369      E1DD6F6E 
 1370 042f 076A3D6F 		.ascii	"\007j=o\260$b\313o\226n\260\332wM\216\375t\366\303\270"
 1370      B02462CB 
 1370      6F966EB0 
 1370      DA774D8E 
 1370      FD74F6C3 
 1371 0444 A624475A 		.ascii	"\246$GZ\022\246l\222\305\362PB3kfO\023b\261lX7R\362"
 1371      12A66C92 
 1371      C5F25042 
 1371      336B664F 
 1371      1362B16C 
 1372 045c 9B13D044 		.ascii	"\233\023\320D\212#9\321\221\234\320\006F\207CJJ!H\302"
 1372      8A2339D1 
 1372      919CD006 
 1372      4687434A 
 1372      4A2148C2 
 1373 0470 91963689 		.ascii	"\221\2266\211Jh\331`i\2034\006qi\312\351\236Q\222Q\212"
 1373      4A68D960 
 1373      69833406 
 1373      7169CAE9 
 1373      9E519251 
 1374 0485 79283985 		.ascii	"y(9\205\020\007y\232\242]v'p\201\031}:\364W\200\024"
 1374      1007799A 
 1374      A25D7627 
 1374      7081197D 
 1374      3AF45780 
 1375 049a 89A651F6 		.ascii	"\211\246Q\366\214\337\214\233/M&D1X\342\342@\301GL\306"
 1375      8CDF8C9B 
 1375      2F4D2644 
 1375      3158E2E2 
 1375      40C1474C 
 1376 04af 338EE7D3 		.ascii	"3\216\347\323$\3427S\034J2\200BA\327\224L\004K$\026"
 1376      24E23753 
 1376      1C4A3280 
 1376      4241D794 
 1376      4C044B24 
 1377 04c4 E754FCF1 		.ascii	"\347T\374\361\033h7\340\257\240\036\302\002nD?_\034"
 1377      1B6837E0 
 1377      AFA01EC2 
 1377      026E443F 
 1377      5F1C
 1378 04d6 54437388 		.ascii	"TCs\210\332\033|hm\016\240\232\035\252\355\375\240\352"
 1378      DA1B7C68 
 1378      6D0EA09A 
 1378      1DAAEDFD 
 1378      A0EA
 1379 04e8 684EF83D 		.ascii	"hN\370=\304x\020\002\032$`G\325\321\000A]\255\311}\010"
 1379      C4781002 
 1379      1A246047 
 1379      D5D10041 
 1379      5DADC97D 
 1380 04fd 300DD511 		.ascii	"0\015\325\021za\304u\223$h6@\211\250/X7M\363O\3142\236"
 1380      7A61C475 
ARM GAS  C:\Users\nello\AppData\Local\Temp\ccsFGfKG.s 			page 51


 1380      93246836 
 1380      4089A82F 
 1380      58374DF3 
 1381 0515 C3BC29DD 		.ascii	"\303\274)\335\353.\304\302\310\212I\004\330\267b)T\357"
 1381      EB2EC4C2 
 1381      C88A4904 
 1381      D8B76229 
 1381      54EF
 1382 0527 D8BCDAC0 		.ascii	"\330\274\332\300?\256|\321\344\363=\345\275\276&\213"
 1382      3FAE7CD1 
 1382      E4F33DE5 
 1382      BDBE268B 
 1383 0537 E8F001F8 		.ascii	"\350\360\001\370y\3316\370\337\371\230\211\236l8\017"
 1383      79D936F8 
 1383      DFF99889 
 1383      9E6C380F 
 1384 0547 624FA062 		.ascii	"bO\240bOH\304\301\371\247[\016\030F\241\345\213\212"
 1384      4F48C4C1 
 1384      F9A75B0E 
 1384      1846A1E5 
 1384      8B8A
 1385 0559 92C46D5C 		.ascii	"\222\304m\\\004\350\341\264.!\243\013\330\030]Q\245"
 1385      04E8E1B4 
 1385      2E21A30B 
 1385      D8185D51 
 1385      A5
 1386 056a F42F5AD4 		.ascii	"\364/Z\324\363\033\\\232\305\2103\340\010|\243\355@"
 1386      F31B5C9A 
 1386      C58833E0 
 1386      087CA3ED 
 1386      40
 1387 057b 045B04CE 		.ascii	"\004[\004\316\001|\015O\326\231\331&&(][\272!N\370\333"
 1387      017C0D4F 
 1387      D699D926 
 1387      26285D5B 
 1387      BA214EF8 
 1388 0590 A9529AF3 		.ascii	"\251R\232\363\376\334\006\243F\240\227\0230\211\251"
 1388      FEDC06A3 
 1388      46A09713 
 1388      3089A9
 1389 059f 368B16DF 		.ascii	"6\213\026\337\334^g\333\204\346\225\316\243\315\372"
 1389      DC5E67DB 
 1389      84E695CE 
 1389      A3CDFA
 1390 05ae EE1DFC1E 		.ascii	"\356\035\374\036\334\000\304\341:\274\016p\215\007\324"
 1390      DC00C4E1 
 1390      3ABC0E70 
 1390      8D07D4
 1391 05bd B6BBE328 		.ascii	"\266\273\343(\0049\337\3249\367!\370\252\306\271\267"
 1391      0439DFD4 
 1391      39F721F8 
 1391      AAC6B9B7 
 1392 05cd AA6556FC 		.ascii	"\252eV\374An\035\260\037\256\004\031_\0112^kb-L\200"
 1392      416E1DB0 
 1392      1FAE0419 
 1392      5F09325E 
 1392      6B622D4C 
ARM GAS  C:\Users\nello\AppData\Local\Temp\ccsFGfKG.s 			page 52


 1393 05e2 37AC2F99 		.ascii	"7\254/\231\245$\252\341!\270?\010\356\017\202\017\033"
 1393      A524AAE1 
 1393      21B83F08 
 1393      EE0F820F 
 1393      1B
 1394 05f3 D91E1635 		.ascii	"\331\036\0265\343]\027\317WR\321\261\007\340\177\234"
 1394      E35D17CF 
 1394      5752D1B1 
 1394      07E07F9C 
 1395 0603 60AFAFE2 		.ascii	"`\257\257\342\013\223\026\360 \357\330rtyG\324,\343"
 1395      0B9316F0 
 1395      20EFD872 
 1395      747947D4 
 1395      2CE3
 1396 0615 7700BE0D 		.ascii	"w\000\276\0150\356\337^P\307W(\366\302\355 \205\333"
 1396      30EEDF5E 
 1396      50C75728 
 1396      F6C2ED20 
 1396      85DB
 1397 0627 410AA74C 		.ascii	"A\012\247L\354\020#\254K\3208\337_\332\223\240\371\340"
 1397      EC1023AC 
 1397      4BD038DF 
 1397      5FDA93A0 
 1397      F9E0
 1398 0639 2C1A8F1D 		.ascii	",\032\217\035\031`\321\222R\202%XL5\027\213\325\244"
 1398      1960D192 
 1398      52822558 
 1398      4C35178B 
 1398      D5A4
 1399 064b D462524A 		.ascii	"\324bRJ(\314\240\252\023(\345\355\200\2337M\034ZQS\353"
 1399      28CCA0AA 
 1399      1328E5ED 
 1399      809B374D 
 1399      1C5A5153 
 1400 0660 A58AC238 		.ascii	"\245\212\3028N\011\301)\001\034ag\004\221\356\372O\347"
 1400      4E09C129 
 1400      011C6167 
 1400      0491EEFA 
 1400      4FE7
 1401 0672 C40B221D 		.ascii	"\304\013\"\035j>\242}:g\323\340'\353\340\347+\037\016"
 1401      6A3EA27D 
 1401      3A67D3E0 
 1401      27EBE0E7 
 1401      2B1F0E
 1402 0685 FFE6E1BE 		.ascii	"\377\346\341\276\0352~\371P\377@\310'\355-\032\334E"
 1402      1D327EF9 
 1402      50FF40C8 
 1402      27ED2D1A 
 1402      DC45
 1403 0697 DFA60270 		.ascii	"\337\246\002p\341j_\267Z\317oS\230E\261\247\362\315"
 1403      E16A5FB7 
 1403      5ACF6F53 
 1403      9845B1A7 
 1403      F2CD
 1404 06a9 86CD7AEC 		.ascii	"\206\315z\3549\301\320\313\220\353;\252\322Z\337\374"
 1404      39C1D0CB 
 1404      90EB3BAA 
ARM GAS  C:\Users\nello\AppData\Local\Temp\ccsFGfKG.s 			page 53


 1404      D25ADFFC 
 1405 06b9 CD09A3AB 		.ascii	"\315\011\243\2530\005=-\257\250Y.\2430\223\006\262<"
 1405      30053D2D 
 1405      AFA8592E 
 1405      A3309306 
 1405      B23C
 1406 06cb 33187E9D 		.ascii	"3\030~\235\221\365b\226o\211\3406T\237\333cF_0\007\315"
 1406      91F56296 
 1406      6F89E036 
 1406      549FDB63 
 1406      465F3007 
 1407 06e0 B041D1B7 		.ascii	"\260A\321\267l\345\222\216\030\3367\027u*h\264\222\330"
 1407      6CE5928E 
 1407      18DE3717 
 1407      752A68B4 
 1407      92D8
 1408 06f2 776E594F 		.ascii	"wnYO\254\350p\302|\216X\335Wz2F\233\255\367xGgIY_\374"
 1408      ACE870C2 
 1408      7C8E58DD 
 1408      577A3246 
 1408      9BADF778 
 1409 070c CF4A0D62 		.ascii	"\317J\015b\021o[x~\243\252_I\011\233i\340}W\227^_\305"
 1409      116F5B78 
 1409      7EA3AA5F 
 1409      49099B69 
 1409      E07D5797 
 1410 0723 6B08AA28 		.ascii	"k\010\252(\340\227\233\225\213\336\372\005+\016\012"
 1410      E0979B95 
 1410      8BDEFA05 
 1410      2B0E0A
 1411 0732 3E8BD0F7 		.ascii	">\213\320\367Bn\350F\327\267\007\365\305\220\255\306"
 1411      426EE846 
 1411      D7B707F5 
 1411      C590ADC6 
 1412 0742 0ED5385C 		.ascii	"\016\3258\\\203\362\276\032\375\341\306\313{`t\325l"
 1412      83F2BE1A 
 1412      FDE1C6CB 
 1412      7B6074D5 
 1412      6C
 1413 0753 A5FFE499 		.ascii	"\245\377\344\231\376\325\246\032\245\271X\211\353f\010"
 1413      FED5A61A 
 1413      A5B95889 
 1413      EB6608
 1414 0762 81723505 		.ascii	"\201r5\0050\017\321\345bGdW\014\303B\217\014{i\324\260"
 1414      300FD1E5 
 1414      62476457 
 1414      0CC3428F 
 1414      0C7B69D4 
 1415 0777 8F9CD87B 		.ascii	"\217\234\330{@\355x\011\376\313\021\203\376\312e\201"
 1415      40ED7809 
 1415      FECB1183 
 1415      FECA6581 
 1416 0787 95BF8C0E 		.ascii	"\225\277\214\016\217*2\242\025\0343sAg\2614,\242\225"
 1416      8F2A32A2 
 1416      151C3373 
 1416      4167B134 
 1416      2CA295
ARM GAS  C:\Users\nello\AppData\Local\Temp\ccsFGfKG.s 			page 54


 1417 079a 38BC0A65 		.ascii	"8\274\012e\271V\004'\357\250\021m\330\275I)5*e\212\262"
 1417      B9560427 
 1417      EFA8116D 
 1417      D8BD4929 
 1417      352A658A 
 1418 07af CB8C0058 		.ascii	"\313\214\000X\242\305S\213\330%4x\264\277O\354x^`}\""
 1418      A2C5538B 
 1418      D8253478 
 1418      B4BF4FEC 
 1418      785E607D 
 1419 07c4 B80FAB37 		.ascii	"\270\017\2537vP\275\310J\364\"\253"
 1419      7650BDC8 
 1419      4AF422AB 
 1420 07d0 E7137D5B 		.ascii	"\347\023}[\200\226\035\030\250d:\250O\377\236\257\345"
 1420      80961D18 
 1420      A8643AA8 
 1420      4FFF9EAF 
 1420      E5
 1421 07e1 A02101DA 		.ascii	"\240!\001\332\370uYC\310\321bH\007\255\347\240\022#"
 1421      F8755943 
 1421      C8D16248 
 1421      07ADE7A0 
 1421      1223
 1422 07f3 072D6D6B 		.ascii	"\007-mk*\217\327A\227t\320G\034\364\226\221\260\205"
 1422      2A8FD741 
 1422      9774D047 
 1422      1CF49691 
 1422      B085
 1423 0805 1C185F53 		.ascii	"\034\030_S\254\374t\2148\235\215Q\017^s\264\203W=\205"
 1423      ACFC748C 
 1423      389D8D51 
 1423      0F5E73B4 
 1423      83573D85 
 1424 0819 354852E7 		.ascii	"5HR\347\371\005\004NU\332!\350\003\012uT\234\017\033"
 1424      F905044E 
 1424      55DA21E8 
 1424      030A7554 
 1424      9C0F1B
 1425 082c 790AE013 		.ascii	"y\012\340\023\012\233(l\3066\205\006\012\237Q\3650\247"
 1425      0A9B286C 
 1425      C6368506 
 1425      0A9F51F5 
 1425      30A7
 1426 083e 1FB13E0E 		.ascii	"\037\261>\016\263g\2158\203\255\245x\316\010\005\004"
 1426      B3678D38 
 1426      83ADA578 
 1426      CE080504 
 1427 084e CE603AE4 		.ascii	"\316`:\344#\012\033\206\331\010C\254\247\260n\270\221"
 1427      230A1B86 
 1427      D90843AC 
 1427      A7B06EB8 
 1427      91
 1428 085f 08371B87 		.ascii	"\0107\033\207\307\325(\216\307\247\233;\346\307\210"
 1428      C7D5288E 
 1428      C7A79B3B 
 1428      E6C788
 1429 086e 639EF707 		.ascii	"c\236\367\007G\370\363\367*\370\347jo\313\250\031\250"
ARM GAS  C:\Users\nello\AppData\Local\Temp\ccsFGfKG.s 			page 55


 1429      47F8F3F7 
 1429      2AF8E76A 
 1429      6FCBA819 
 1429      A8
 1430 087f 035B283F 		.ascii	"\003[(?\213\"V\325%\374\315\365d\215Q\324D\222\250\211"
 1430      8B2256D5 
 1430      25FCCDF5 
 1430      648D51D4 
 1430      4492A889 
 1431 0893 5ADCA0E3 		.ascii	"Z\334\240\343\226\277_<\304\306\210\314\363\274\017"
 1431      96BF5F3C 
 1431      C4C688CC 
 1431      F3BC0F
 1432 08a2 BEBD302C 		.ascii	"\276\2750,\357M\303\362\036\231\311\246\310L\352\023"
 1432      EF4DC3F2 
 1432      1E99C9A6 
 1432      C84CEA13 
 1433 08b2 B39DC236 		.ascii	"\263\235\3026*~\0016\011\332^\012-\024Z)4S\330\021>"
 1433      2A7E0136 
 1433      09DA5E0A 
 1433      2D145A29 
 1433      3453D811 
 1434 08c7 2B6AD29B 		.ascii	"+j\322\233\356\236\364\246\273&=\322\210\215g\264\363"
 1434      EE9EF4A6 
 1434      BB263DD2 
 1434      888D67B4 
 1434      F3
 1435 08d8 5249697C 		.ascii	"RIi|HF\357J\215/\352\217\253\366\207\374\036\334\251"
 1435      4846EF4A 
 1435      8D2FEA8F 
 1435      ABF687FC 
 1435      1EDCA9
 1436 08eb DBDDA52E 		.ascii	"\333\335\245.E\337\340\256\345\352\261\330\033\245\270"
 1436      45DFE0AE 
 1436      E5EAB1D8 
 1436      1BA5B8
 1437 08fa 1150BAA0 		.ascii	"\021P\272\240wo\202n\241F\267\320\246\002\206m$\327"
 1437      776F826E 
 1437      A146B7D0 
 1437      A602866D 
 1437      24D7
 1438 090c EBAB87D4 		.ascii	"\353\253\207\324o@\005\327x9\250\340\024\370\257ZWw"
 1438      6F4005D7 
 1438      7839A8E0 
 1438      14F8AF5A 
 1438      5777
 1439 091e 48EA1797 		.ascii	"H\352\027\227\302n\276g4\324\224v\207(\344\004\025\262"
 1439      C26EBE67 
 1439      34D49476 
 1439      8728E404 
 1439      15B2
 1440 0930 F96E8080 		.ascii	"\371n\200\200\376\336\3457U\225}\024\366\212\335\353"
 1440      FEDEE537 
 1440      55957D14 
 1440      F68ADDEB 
 1441 0940 9B9A1D31 		.ascii	"\233\232\0351Q7N\374\221\001\373Uf\213\347\314\\g\320"
 1441      51374EFC 
ARM GAS  C:\Users\nello\AppData\Local\Temp\ccsFGfKG.s 			page 56


 1441      9101FB55 
 1441      668BE7CC 
 1441      5C67D0
 1442 0953 638B58DD 		.ascii	"c\213X\335\010\330:\270\356\260I\007D\354\021\010\230"
 1442      08D83AB8 
 1442      EEB04907 
 1442      44EC1108 
 1442      98
 1443 0964 DBB4DC6F 		.ascii	"\333\264\334o\010\371\251\257\007\177H\005l\034Zs1$"
 1443      08F9A9AF 
 1443      077F4805 
 1443      6C1C5A73 
 1443      3124
 1444 0976 3BAB7440 		.ascii	";\253t@\207\226\276\366\305\215q\272\213\210\275\212"
 1444      8796BEF6 
 1444      C58D71BA 
 1444      8B88BD8A 
 1445 0986 D85253AD 		.ascii	"\330RS\255\370o\317qf9\363\335i6\233\315\232\357\266"
 1445      F86FCF71 
 1445      6639F3DD 
 1445      69369BCD 
 1445      9AEFB6
 1446 0999 E664E65A 		.ascii	"\346d\346Zs\235YV\267\247P\316\314s[\263\212\246k\315"
 1446      739D5956 
 1446      B7A750CE 
 1446      CC735BB3 
 1446      8AA66BCD 
 1447 09ad 54BB65CA 		.ascii	"T\273e\312\263\177O\236l{\224\374$\2647\325.\377r\302"
 1447      B37F4F9E 
 1447      6C7B94FC 
 1447      24B437D5 
 1447      2EFF72C2 
 1448 09c1 C489E31F 		.ascii	"\304\211\343\037'\354\325<\317\250\2472\335\362T\371"
 1448      27ECD53C 
 1448      CFA8A732 
 1448      DDF254F9 
 1449 09d1 9522D9E5 		.ascii	"\225\"\331\345qf\346N\025\250\177\374\345\205q\223\237"
 1449      7166E64E 
 1449      15A87FFC 
 1449      E5857193 
 1449      9F
 1450 09e2 489FCC5D 		.ascii	"H\237\314]M\365\0249\234\371\351\257\345\027\376\313"
 1450      4DF51439 
 1450      9CF9E9AF 
 1450      E517FECB 
 1451 09f2 5D906997 		.ascii	"]\220i\2273\212\334ra\372\024\331\355)*\224\377\234"
 1451      338ADC72 
 1451      61FA14D9 
 1451      ED292A94 
 1451      FF9C
 1452 0a04 9FEDB4BF 		.ascii	"\237\355\264\277:\201X\277\223\233\323e\317-r\310\274"
 1452      3A8158BF 
 1452      939BD365 
 1452      CF2D72C8 
 1452      BC
 1453 0a15 9D11A090 		.ascii	"\235\021\240\220C\222\242y5\0279]\236\3072<&\267\363"
 1453      4392A279 
ARM GAS  C:\Users\nello\AppData\Local\Temp\ccsFGfKG.s 			page 57


 1453      3517395D 
 1453      9EC7323C 
 1453      26B7F3
 1454 0a28 DF323E90 		.ascii	"\3372>\220\364t\271\320\220\345v\027\334\367\224h\313"
 1454      F474B9D0 
 1454      90E57617 
 1454      DCF79468 
 1454      CB
 1455 0a39 0E15F93B 		.ascii	"\016\025\371;Gf\201G.D\232\314\345x=\355\307&&\207\214"
 1455      47668147 
 1455      2E449ACC 
 1455      E5783DED 
 1455      C7262687 
 1456 0a4e 8C6A8FD9 		.ascii	"\214j\217\331&\222\230\314\302\274W\037\225\307\345"
 1456      269298CC 
 1456      C2BC571F 
 1456      95C7E5
 1457 0a5d 11C99E5F 		.ascii	"\021\311\236_\350\221_\037\227\367\0101g\274V\350\364"
 1457      E8915F1F 
 1457      97F70831 
 1457      67BC56E8 
 1457      F4
 1458 0a6e C8EE1FED 		.ascii	"\310\356\037\355\311N\014\031\005E\036c\236;\033\003"
 1458      C94E0C19 
 1458      05451E63 
 1458      9E3B1B03 
 1459 0a7e CA287265 		.ascii	"\312(re\313\370\3001\207;6\003\333\251\005\231\205\236"
 1459      CBF8C031 
 1459      873B3603 
 1459      DBA90599 
 1459      859E
 1460 0a90 D4F106DE 		.ascii	"\324\361\006\336\276'\313\235\371\\\326\313\262\335"
 1460      BE27CB9D 
 1460      F95CD6CB 
 1460      B2DD
 1461 0a9e F32797D3 		.ascii	"\363'\227\323c\312\223\363\354\005o\030r\345\314\351"
 1461      63CA93F3 
 1461      EC056F18 
 1461      72E5CCE9 
 1462 0aae 6657BE27 		.ascii	"fW\276'\2470\3775\260\231\247\273\222\335\005\262\035"
 1462      A730FF35 
 1462      B099A7BB 
 1462      92DD05B2 
 1462      1D
 1463 0abf 7B5CAEA2 		.ascii	"{\\\256\242\334\334\027\355O\244\0136nu\226<\371\371"
 1463      DCDC17ED 
 1463      4FA40B36 
 1463      6E75963C 
 1463      F9F9
 1464 0ad1 B9EEF46C 		.ascii	"\271\356\364lWQ\262h%c0\311r^\226\354p\310\216t\333"
 1464      5751B268 
 1464      256330C9 
 1464      725E96EC 
 1464      70C88E74 
 1465 0ae6 F8D409C9 		.ascii	"\370\324\011\311i\343\323l\251\266\361\35182\016\215"
 1465      69E3D36C 
 1465      A9B6F1E9 
ARM GAS  C:\Users\nello\AppData\Local\Temp\ccsFGfKG.s 			page 58


 1465      38320E8D 
 1466 0af6 C8E3E4CC 		.ascii	"\310\343\344\314,g\2726K\351\310\333\351\312\306\004"
 1466      2C67BA36 
 1466      4BE9C8DB 
 1466      E9CAC604 
 1467 0b06 71F76ED9 		.ascii	"q\367n\331\303\220\027\303\000\014\234\262Q$!\301\351"
 1467      C39017C3 
 1467      000C9CB2 
 1467      512421C1 
 1467      E9
 1468 0b17 727B325D 		.ascii	"r{2]X\010\371\323\247#\304(\202\372?0\307!%"
 1468      5808F9D3 
 1468      A723C428 
 1468      82FA3F30 
 1468      C72125
 1469              		.text
 1470              		.section	.gnu.lto_.symtab.6c447458,"e",%progbits
 1471 0000 6273614F 		.ascii	"bsaObjectInit\000"
 1471      626A6563 
 1471      74496E69 
 1471      7400
 1472 000e 00       		.ascii	"\000"
 1473 000f 00       		.ascii	"\000"
 1474 0010 00       		.ascii	"\000"
 1475 0011 00000000 		.ascii	"\000\000\000\000\000\000\000\000"
 1475      00000000 
 1476 0019 0D010000 		.ascii	"\015\001\000\000"
 1477              		.text
 1478              		.section	.gnu.lto_.ext_symtab.6c447458,"e",%progbits
 1479 0000 01       		.ascii	"\001"
 1480 0001 01       		.ascii	"\001"
 1481 0002 00       		.ascii	"\000"
 1482              		.text
 1483              		.section	.gnu.lto_.opts,"e",%progbits
 1484 0000 272D666E 		.ascii	"'-fno-openmp' '-fno-openacc' '-fno-pie' '-fcf-prote"
 1484      6F2D6F70 
 1484      656E6D70 
 1484      2720272D 
 1484      666E6F2D 
 1485 0033 6374696F 		.ascii	"ction=none' '-g' '-mcpu=cortex-m4' '-mthumb' '-mflo"
 1485      6E3D6E6F 
 1485      6E652720 
 1485      272D6727 
 1485      20272D6D 
 1486 0066 61742D61 		.ascii	"at-abi=soft' '-mlibarch=armv7e-m' '-march=armv7e-m'"
 1486      62693D73 
 1486      6F667427 
 1486      20272D6D 
 1486      6C696261 
 1487 0099 20272D4F 		.ascii	" '-O2' '-fomit-frame-pointer' '-falign-functions=16"
 1487      32272027 
 1487      2D666F6D 
 1487      69742D66 
 1487      72616D65 
 1488 00cc 2720272D 		.ascii	"' '-ffunction-sections' '-fdata-sections' '-fno-com"
 1488      6666756E 
 1488      6374696F 
ARM GAS  C:\Users\nello\AppData\Local\Temp\ccsFGfKG.s 			page 59


 1488      6E2D7365 
 1488      6374696F 
 1489 00ff 6D6F6E27 		.ascii	"mon' '-flto' '-Xassembler' '-alms=./build/lst/bufst"
 1489      20272D66 
 1489      6C746F27 
 1489      20272D58 
 1489      61737365 
 1490 0132 7265616D 		.ascii	"reams.lst'\000"
 1490      732E6C73 
 1490      742700
 1491              		.text
 1492              		.comm	__gnu_lto_slim,1,1
 1493              		.ident	"GCC: (GNU Arm Embedded Toolchain 10.3-2021.10) 10.3.1 20210824 (release)"
ARM GAS  C:\Users\nello\AppData\Local\Temp\ccsFGfKG.s 			page 60


DEFINED SYMBOLS
                            *ABS*:00000000 bufstreams.c
C:\Users\nello\AppData\Local\Temp\ccsFGfKG.s:25     .gnu.debuglto_.debug_info:00000000 bufstreams.c.ce536609
                            *COM*:00000001 __gnu_lto_slim

NO UNDEFINED SYMBOLS
