ARM GAS  C:\Users\nello\AppData\Local\Temp\ccxr2o4e.s 			page 1


   1              		.cpu cortex-m4
   2              		.arch armv7e-m
   3              		.fpu softvfp
   4              		.eabi_attribute 20, 1
   5              		.eabi_attribute 21, 1
   6              		.eabi_attribute 23, 3
   7              		.eabi_attribute 24, 1
   8              		.eabi_attribute 25, 1
   9              		.eabi_attribute 26, 1
  10              		.eabi_attribute 30, 2
  11              		.eabi_attribute 34, 1
  12              		.eabi_attribute 18, 4
  13              		.file	"chcond.c"
  14              		.file 1 "c:\\chibistudio\\tools\\gnu tools arm embedded\\10.3 2021.10\\arm-none-eabi\\include\\mac
  15              		.file 2 "c:\\chibistudio\\tools\\gnu tools arm embedded\\10.3 2021.10\\arm-none-eabi\\include\\sys
  16              		.file 3 "../../chibios2111/os/common/ports/ARM-common/chtypes.h"
  17              		.file 4 "../../chibios2111/os/rt/include/chearly.h"
  18              		.file 5 "../../chibios2111/os/rt/include/chobjects.h"
  19              		.file 6 "../../chibios2111/os/rt/include/chrfcu.h"
  20              		.file 7 "../../chibios2111/os/rt/include/chdebug.h"
  21              		.file 8 "../../chibios2111/os/rt/include/chtime.h"
  22              		.file 9 "../../chibios2111/os/rt/include/chlists.h"
  23              		.file 10 "../../chibios2111/os/common/ports/ARMv7-M-ALT/chcore.h"
  24              		.file 11 "../../chibios2111/os/rt/include/chsem.h"
  25              		.file 12 "../../chibios2111/os/rt/include/chmtx.h"
  26              		.file 13 "../../chibios2111/os/rt/include/chcond.h"
  27              		.file 14 "../../chibios2111/os/rt/src/chcond.c"
  28              		.file 15 "../../chibios2111/os/rt/include/chthreads.h"
  29              		.file 16 "../../chibios2111/os/rt/include/chschd.h"
  30              		.file 17 "../../chibios2111/os/rt/include/chsys.h"
  31              		.file 18 "../../chibios2111/os/common/ext/ARM/CMSIS/Core/Include/cmsis_gcc.h"
  32              		.section	.gnu.debuglto_.debug_info,"e",%progbits
  33              	.Ldebug_info0:
  34              		.hidden	chcond.c.3d25fa3d
  35              		.weak	chcond.c.3d25fa3d
  36              	chcond.c.3d25fa3d:
  37 0000 140B0000 		.4byte	0xb14
  38 0004 0400     		.2byte	0x4
  39 0006 00000000 		.4byte	.Ldebug_abbrev0
  40 000a 04       		.byte	0x4
  41 000b 01       		.uleb128 0x1
  42 000c 59020000 		.4byte	.LASF139
  43 0010 0C       		.byte	0xc
  44 0011 95060000 		.4byte	.LASF140
  45 0015 D1050000 		.4byte	.LASF141
  46 0019 00000000 		.4byte	.Ldebug_line0
  47 001d 02       		.uleb128 0x2
  48 001e 04       		.byte	0x4
  49 001f 05       		.byte	0x5
  50 0020 696E7400 		.ascii	"int\000"
  51 0024 03       		.uleb128 0x3
  52 0025 04       		.byte	0x4
  53 0026 07       		.byte	0x7
  54 0027 0D020000 		.4byte	.LASF0
  55 002b 03       		.uleb128 0x3
  56 002c 08       		.byte	0x8
  57 002d 05       		.byte	0x5
ARM GAS  C:\Users\nello\AppData\Local\Temp\ccxr2o4e.s 			page 2


  58 002e EB000000 		.4byte	.LASF1
  59 0032 03       		.uleb128 0x3
  60 0033 08       		.byte	0x8
  61 0034 04       		.byte	0x4
  62 0035 4D050000 		.4byte	.LASF2
  63 0039 03       		.uleb128 0x3
  64 003a 01       		.byte	0x1
  65 003b 06       		.byte	0x6
  66 003c F9000000 		.4byte	.LASF3
  67 0040 04       		.uleb128 0x4
  68 0041 2E000000 		.4byte	.LASF7
  69 0045 01       		.byte	0x1
  70 0046 2B       		.byte	0x2b
  71 0047 18       		.byte	0x18
  72 0048 4C000000 		.4byte	0x4c
  73 004c 03       		.uleb128 0x3
  74 004d 01       		.byte	0x1
  75 004e 08       		.byte	0x8
  76 004f B0040000 		.4byte	.LASF4
  77 0053 03       		.uleb128 0x3
  78 0054 02       		.byte	0x2
  79 0055 05       		.byte	0x5
  80 0056 C5040000 		.4byte	.LASF5
  81 005a 03       		.uleb128 0x3
  82 005b 02       		.byte	0x2
  83 005c 07       		.byte	0x7
  84 005d D3000000 		.4byte	.LASF6
  85 0061 04       		.uleb128 0x4
  86 0062 99050000 		.4byte	.LASF8
  87 0066 01       		.byte	0x1
  88 0067 4D       		.byte	0x4d
  89 0068 18       		.byte	0x18
  90 0069 6D000000 		.4byte	0x6d
  91 006d 03       		.uleb128 0x3
  92 006e 04       		.byte	0x4
  93 006f 05       		.byte	0x5
  94 0070 52010000 		.4byte	.LASF9
  95 0074 04       		.uleb128 0x4
  96 0075 AC010000 		.4byte	.LASF10
  97 0079 01       		.byte	0x1
  98 007a 4F       		.byte	0x4f
  99 007b 19       		.byte	0x19
 100 007c 80000000 		.4byte	0x80
 101 0080 03       		.uleb128 0x3
 102 0081 04       		.byte	0x4
 103 0082 07       		.byte	0x7
 104 0083 28020000 		.4byte	.LASF11
 105 0087 04       		.uleb128 0x4
 106 0088 6F040000 		.4byte	.LASF12
 107 008c 01       		.byte	0x1
 108 008d 69       		.byte	0x69
 109 008e 19       		.byte	0x19
 110 008f 93000000 		.4byte	0x93
 111 0093 03       		.uleb128 0x3
 112 0094 08       		.byte	0x8
 113 0095 07       		.byte	0x7
 114 0096 85000000 		.4byte	.LASF13
ARM GAS  C:\Users\nello\AppData\Local\Temp\ccxr2o4e.s 			page 3


 115 009a 04       		.uleb128 0x4
 116 009b 8D060000 		.4byte	.LASF14
 117 009f 02       		.byte	0x2
 118 00a0 18       		.byte	0x18
 119 00a1 13       		.byte	0x13
 120 00a2 40000000 		.4byte	0x40
 121 00a6 04       		.uleb128 0x4
 122 00a7 A8040000 		.4byte	.LASF15
 123 00ab 02       		.byte	0x2
 124 00ac 2C       		.byte	0x2c
 125 00ad 13       		.byte	0x13
 126 00ae 61000000 		.4byte	0x61
 127 00b2 04       		.uleb128 0x4
 128 00b3 0F050000 		.4byte	.LASF16
 129 00b7 02       		.byte	0x2
 130 00b8 30       		.byte	0x30
 131 00b9 14       		.byte	0x14
 132 00ba 74000000 		.4byte	0x74
 133 00be 04       		.uleb128 0x4
 134 00bf 25000000 		.4byte	.LASF17
 135 00c3 02       		.byte	0x2
 136 00c4 3C       		.byte	0x3c
 137 00c5 14       		.byte	0x14
 138 00c6 87000000 		.4byte	0x87
 139 00ca 05       		.uleb128 0x5
 140 00cb BE000000 		.4byte	0xbe
 141 00cf 04       		.uleb128 0x4
 142 00d0 1F050000 		.4byte	.LASF18
 143 00d4 03       		.byte	0x3
 144 00d5 48       		.byte	0x48
 145 00d6 1D       		.byte	0x1d
 146 00d7 BE000000 		.4byte	0xbe
 147 00db 04       		.uleb128 0x4
 148 00dc 7D030000 		.4byte	.LASF19
 149 00e0 04       		.byte	0x4
 150 00e1 50       		.byte	0x50
 151 00e2 19       		.byte	0x19
 152 00e3 CF000000 		.4byte	0xcf
 153 00e7 04       		.uleb128 0x4
 154 00e8 4C030000 		.4byte	.LASF20
 155 00ec 04       		.byte	0x4
 156 00ed 53       		.byte	0x53
 157 00ee 19       		.byte	0x19
 158 00ef 9A000000 		.4byte	0x9a
 159 00f3 04       		.uleb128 0x4
 160 00f4 5B010000 		.4byte	.LASF21
 161 00f8 04       		.byte	0x4
 162 00f9 54       		.byte	0x54
 163 00fa 19       		.byte	0x19
 164 00fb 9A000000 		.4byte	0x9a
 165 00ff 04       		.uleb128 0x4
 166 0100 84040000 		.4byte	.LASF22
 167 0104 04       		.byte	0x4
 168 0105 55       		.byte	0x55
 169 0106 19       		.byte	0x19
 170 0107 9A000000 		.4byte	0x9a
 171 010b 04       		.uleb128 0x4
ARM GAS  C:\Users\nello\AppData\Local\Temp\ccxr2o4e.s 			page 4


 172 010c 8C040000 		.4byte	.LASF23
 173 0110 04       		.byte	0x4
 174 0111 57       		.byte	0x57
 175 0112 19       		.byte	0x19
 176 0113 B2000000 		.4byte	0xb2
 177 0117 04       		.uleb128 0x4
 178 0118 3D030000 		.4byte	.LASF24
 179 011c 04       		.byte	0x4
 180 011d 58       		.byte	0x58
 181 011e 19       		.byte	0x19
 182 011f A6000000 		.4byte	0xa6
 183 0123 04       		.uleb128 0x4
 184 0124 6A030000 		.4byte	.LASF25
 185 0128 04       		.byte	0x4
 186 0129 5A       		.byte	0x5a
 187 012a 19       		.byte	0x19
 188 012b B2000000 		.4byte	0xb2
 189 012f 04       		.uleb128 0x4
 190 0130 07020000 		.4byte	.LASF26
 191 0134 04       		.byte	0x4
 192 0135 5C       		.byte	0x5c
 193 0136 19       		.byte	0x19
 194 0137 A6000000 		.4byte	0xa6
 195 013b 04       		.uleb128 0x4
 196 013c 7A040000 		.4byte	.LASF27
 197 0140 04       		.byte	0x4
 198 0141 80       		.byte	0x80
 199 0142 12       		.byte	0x12
 200 0143 24000000 		.4byte	0x24
 201 0147 04       		.uleb128 0x4
 202 0148 70060000 		.4byte	.LASF28
 203 014c 04       		.byte	0x4
 204 014d 85       		.byte	0x85
 205 014e 1A       		.byte	0x1a
 206 014f 53010000 		.4byte	0x153
 207 0153 06       		.uleb128 0x6
 208 0154 2C030000 		.4byte	.LASF43
 209 0158 70       		.byte	0x70
 210 0159 05       		.byte	0x5
 211 015a 9C       		.byte	0x9c
 212 015b 08       		.byte	0x8
 213 015c 36020000 		.4byte	0x236
 214 0160 07       		.uleb128 0x7
 215 0161 68647200 		.ascii	"hdr\000"
 216 0165 05       		.byte	0x5
 217 0166 AD       		.byte	0xad
 218 0167 05       		.byte	0x5
 219 0168 05060000 		.4byte	0x605
 220 016c 00       		.byte	0
 221 016d 07       		.uleb128 0x7
 222 016e 63747800 		.ascii	"ctx\000"
 223 0172 05       		.byte	0x5
 224 0173 B1       		.byte	0xb1
 225 0174 21       		.byte	0x21
 226 0175 53050000 		.4byte	0x553
 227 0179 0C       		.byte	0xc
 228 017a 08       		.uleb128 0x8
ARM GAS  C:\Users\nello\AppData\Local\Temp\ccxr2o4e.s 			page 5


 229 017b 3A020000 		.4byte	.LASF29
 230 017f 05       		.byte	0x5
 231 0180 B6       		.byte	0xb6
 232 0181 21       		.byte	0x21
 233 0182 77030000 		.4byte	0x377
 234 0186 38       		.byte	0x38
 235 0187 08       		.uleb128 0x8
 236 0188 2F050000 		.4byte	.LASF30
 237 018c 05       		.byte	0x5
 238 018d BB       		.byte	0xbb
 239 018e 22       		.byte	0x22
 240 018f 12070000 		.4byte	0x712
 241 0193 40       		.byte	0x40
 242 0194 08       		.uleb128 0x8
 243 0195 54020000 		.4byte	.LASF31
 244 0199 05       		.byte	0x5
 245 019a C0       		.byte	0xc0
 246 019b 22       		.byte	0x22
 247 019c 0F030000 		.4byte	0x30f
 248 01a0 44       		.byte	0x44
 249 01a1 08       		.uleb128 0x8
 250 01a2 59050000 		.4byte	.LASF32
 251 01a6 05       		.byte	0x5
 252 01a7 C9       		.byte	0xc9
 253 01a8 22       		.byte	0x22
 254 01a9 83050000 		.4byte	0x583
 255 01ad 48       		.byte	0x48
 256 01ae 08       		.uleb128 0x8
 257 01af 4C010000 		.4byte	.LASF33
 258 01b3 05       		.byte	0x5
 259 01b4 CE       		.byte	0xce
 260 01b5 21       		.byte	0x21
 261 01b6 F3000000 		.4byte	0xf3
 262 01ba 4C       		.byte	0x4c
 263 01bb 08       		.uleb128 0x8
 264 01bc BA060000 		.4byte	.LASF34
 265 01c0 05       		.byte	0x5
 266 01c1 D2       		.byte	0xd2
 267 01c2 21       		.byte	0x21
 268 01c3 E7000000 		.4byte	0xe7
 269 01c7 4D       		.byte	0x4d
 270 01c8 08       		.uleb128 0x8
 271 01c9 E6000000 		.4byte	.LASF35
 272 01cd 05       		.byte	0x5
 273 01ce D7       		.byte	0xd7
 274 01cf 21       		.byte	0x21
 275 01d0 FF000000 		.4byte	0xff
 276 01d4 4E       		.byte	0x4e
 277 01d5 09       		.uleb128 0x9
 278 01d6 7500     		.ascii	"u\000"
 279 01d8 05       		.byte	0x5
 280 01d9 2801     		.2byte	0x128
 281 01db 21       		.byte	0x21
 282 01dc 33060000 		.4byte	0x633
 283 01e0 50       		.byte	0x50
 284 01e1 0A       		.uleb128 0xa
 285 01e2 CC010000 		.4byte	.LASF36
ARM GAS  C:\Users\nello\AppData\Local\Temp\ccxr2o4e.s 			page 6


 286 01e6 05       		.byte	0x5
 287 01e7 2D01     		.2byte	0x12d
 288 01e9 21       		.byte	0x21
 289 01ea 4A030000 		.4byte	0x34a
 290 01ee 54       		.byte	0x54
 291 01ef 0A       		.uleb128 0xa
 292 01f0 43010000 		.4byte	.LASF37
 293 01f4 05       		.byte	0x5
 294 01f5 3301     		.2byte	0x133
 295 01f7 21       		.byte	0x21
 296 01f8 77030000 		.4byte	0x377
 297 01fc 58       		.byte	0x58
 298 01fd 0A       		.uleb128 0xa
 299 01fe 43030000 		.4byte	.LASF38
 300 0202 05       		.byte	0x5
 301 0203 3901     		.2byte	0x139
 302 0205 21       		.byte	0x21
 303 0206 23010000 		.4byte	0x123
 304 020a 60       		.byte	0x60
 305 020b 0A       		.uleb128 0xa
 306 020c 12070000 		.4byte	.LASF39
 307 0210 05       		.byte	0x5
 308 0211 4001     		.2byte	0x140
 309 0213 22       		.byte	0x22
 310 0214 0C070000 		.4byte	0x70c
 311 0218 64       		.byte	0x64
 312 0219 0A       		.uleb128 0xa
 313 021a A2030000 		.4byte	.LASF40
 314 021e 05       		.byte	0x5
 315 021f 4401     		.2byte	0x144
 316 0221 21       		.byte	0x21
 317 0222 0B010000 		.4byte	0x10b
 318 0226 68       		.byte	0x68
 319 0227 0A       		.uleb128 0xa
 320 0228 1E030000 		.4byte	.LASF41
 321 022c 05       		.byte	0x5
 322 022d 4B01     		.2byte	0x14b
 323 022f 22       		.byte	0x22
 324 0230 89050000 		.4byte	0x589
 325 0234 6C       		.byte	0x6c
 326 0235 00       		.byte	0
 327 0236 04       		.uleb128 0x4
 328 0237 FE050000 		.4byte	.LASF42
 329 023b 04       		.byte	0x4
 330 023c 8A       		.byte	0x8a
 331 023d 1F       		.byte	0x1f
 332 023e 42020000 		.4byte	0x242
 333 0242 0B       		.uleb128 0xb
 334 0243 C2050000 		.4byte	.LASF44
 335 0247 B0       		.byte	0xb0
 336 0248 05       		.byte	0x5
 337 0249 8A01     		.2byte	0x18a
 338 024b 08       		.byte	0x8
 339 024c C1020000 		.4byte	0x2c1
 340 0250 0A       		.uleb128 0xa
 341 0251 79060000 		.4byte	.LASF45
 342 0255 05       		.byte	0x5
ARM GAS  C:\Users\nello\AppData\Local\Temp\ccxr2o4e.s 			page 7


 343 0256 8E01     		.2byte	0x18e
 344 0258 21       		.byte	0x21
 345 0259 43070000 		.4byte	0x743
 346 025d 00       		.byte	0
 347 025e 0A       		.uleb128 0xa
 348 025f 30010000 		.4byte	.LASF46
 349 0263 05       		.byte	0x5
 350 0264 9201     		.2byte	0x192
 351 0266 21       		.byte	0x21
 352 0267 C0050000 		.4byte	0x5c0
 353 026b 10       		.byte	0x10
 354 026c 0A       		.uleb128 0xa
 355 026d 0C060000 		.4byte	.LASF47
 356 0271 05       		.byte	0x5
 357 0272 9901     		.2byte	0x199
 358 0274 21       		.byte	0x21
 359 0275 E7050000 		.4byte	0x5e7
 360 0279 28       		.byte	0x28
 361 027a 0A       		.uleb128 0xa
 362 027b 58000000 		.4byte	.LASF48
 363 027f 05       		.byte	0x5
 364 0280 9E01     		.2byte	0x19e
 365 0282 21       		.byte	0x21
 366 0283 3B010000 		.4byte	0x13b
 367 0287 30       		.byte	0x30
 368 0288 0A       		.uleb128 0xa
 369 0289 0D000000 		.4byte	.LASF49
 370 028d 05       		.byte	0x5
 371 028e A401     		.2byte	0x1a4
 372 0290 21       		.byte	0x21
 373 0291 E8020000 		.4byte	0x2e8
 374 0295 34       		.byte	0x34
 375 0296 0A       		.uleb128 0xa
 376 0297 65050000 		.4byte	.LASF50
 377 029b 05       		.byte	0x5
 378 029c A901     		.2byte	0x1a9
 379 029e 22       		.byte	0x22
 380 029f B7070000 		.4byte	0x7b7
 381 02a3 38       		.byte	0x38
 382 02a4 0A       		.uleb128 0xa
 383 02a5 A5000000 		.4byte	.LASF51
 384 02a9 05       		.byte	0x5
 385 02aa AD01     		.2byte	0x1ad
 386 02ac 21       		.byte	0x21
 387 02ad 47010000 		.4byte	0x147
 388 02b1 3C       		.byte	0x3c
 389 02b2 09       		.uleb128 0x9
 390 02b3 64626700 		.ascii	"dbg\000"
 391 02b7 05       		.byte	0x5
 392 02b8 B101     		.2byte	0x1b1
 393 02ba 21       		.byte	0x21
 394 02bb 26030000 		.4byte	0x326
 395 02bf AC       		.byte	0xac
 396 02c0 00       		.byte	0
 397 02c1 04       		.uleb128 0x4
 398 02c2 AB030000 		.4byte	.LASF52
 399 02c6 06       		.byte	0x6
ARM GAS  C:\Users\nello\AppData\Local\Temp\ccxr2o4e.s 			page 8


 400 02c7 3F       		.byte	0x3f
 401 02c8 12       		.byte	0x12
 402 02c9 B2000000 		.4byte	0xb2
 403 02cd 06       		.uleb128 0x6
 404 02ce 64010000 		.4byte	.LASF53
 405 02d2 04       		.byte	0x4
 406 02d3 06       		.byte	0x6
 407 02d4 44       		.byte	0x44
 408 02d5 10       		.byte	0x10
 409 02d6 E8020000 		.4byte	0x2e8
 410 02da 08       		.uleb128 0x8
 411 02db B7010000 		.4byte	.LASF54
 412 02df 06       		.byte	0x6
 413 02e0 48       		.byte	0x48
 414 02e1 21       		.byte	0x21
 415 02e2 C1020000 		.4byte	0x2c1
 416 02e6 00       		.byte	0
 417 02e7 00       		.byte	0
 418 02e8 04       		.uleb128 0x4
 419 02e9 BE040000 		.4byte	.LASF55
 420 02ed 06       		.byte	0x6
 421 02ee 49       		.byte	0x49
 422 02ef 03       		.byte	0x3
 423 02f0 CD020000 		.4byte	0x2cd
 424 02f4 06       		.uleb128 0x6
 425 02f5 BC010000 		.4byte	.LASF56
 426 02f9 04       		.byte	0x4
 427 02fa 07       		.byte	0x7
 428 02fb 3E       		.byte	0x3e
 429 02fc 10       		.byte	0x10
 430 02fd 0F030000 		.4byte	0x30f
 431 0301 08       		.uleb128 0x8
 432 0302 B1050000 		.4byte	.LASF57
 433 0306 07       		.byte	0x7
 434 0307 46       		.byte	0x46
 435 0308 24       		.byte	0x24
 436 0309 15030000 		.4byte	0x315
 437 030d 00       		.byte	0
 438 030e 00       		.byte	0
 439 030f 0C       		.uleb128 0xc
 440 0310 04       		.byte	0x4
 441 0311 21030000 		.4byte	0x321
 442 0315 05       		.uleb128 0x5
 443 0316 0F030000 		.4byte	0x30f
 444 031a 03       		.uleb128 0x3
 445 031b 01       		.byte	0x1
 446 031c 08       		.byte	0x8
 447 031d 60050000 		.4byte	.LASF58
 448 0321 0D       		.uleb128 0xd
 449 0322 1A030000 		.4byte	0x31a
 450 0326 04       		.uleb128 0x4
 451 0327 49000000 		.4byte	.LASF59
 452 032b 07       		.byte	0x7
 453 032c 51       		.byte	0x51
 454 032d 03       		.byte	0x3
 455 032e F4020000 		.4byte	0x2f4
 456 0332 04       		.uleb128 0x4
ARM GAS  C:\Users\nello\AppData\Local\Temp\ccxr2o4e.s 			page 9


 457 0333 8F050000 		.4byte	.LASF60
 458 0337 08       		.byte	0x8
 459 0338 6D       		.byte	0x6d
 460 0339 12       		.byte	0x12
 461 033a B2000000 		.4byte	0xb2
 462 033e 04       		.uleb128 0x4
 463 033f F9010000 		.4byte	.LASF61
 464 0343 08       		.byte	0x8
 465 0344 79       		.byte	0x79
 466 0345 12       		.byte	0x12
 467 0346 B2000000 		.4byte	0xb2
 468 034a 04       		.uleb128 0x4
 469 034b 07040000 		.4byte	.LASF62
 470 034f 09       		.byte	0x9
 471 0350 32       		.byte	0x32
 472 0351 18       		.byte	0x18
 473 0352 56030000 		.4byte	0x356
 474 0356 06       		.uleb128 0x6
 475 0357 54030000 		.4byte	.LASF63
 476 035b 04       		.byte	0x4
 477 035c 09       		.byte	0x9
 478 035d 38       		.byte	0x38
 479 035e 08       		.byte	0x8
 480 035f 71030000 		.4byte	0x371
 481 0363 08       		.uleb128 0x8
 482 0364 CE000000 		.4byte	.LASF64
 483 0368 09       		.byte	0x9
 484 0369 39       		.byte	0x39
 485 036a 1A       		.byte	0x1a
 486 036b 71030000 		.4byte	0x371
 487 036f 00       		.byte	0
 488 0370 00       		.byte	0
 489 0371 0C       		.uleb128 0xc
 490 0372 04       		.byte	0x4
 491 0373 4A030000 		.4byte	0x34a
 492 0377 04       		.uleb128 0x4
 493 0378 41020000 		.4byte	.LASF65
 494 037c 09       		.byte	0x9
 495 037d 3F       		.byte	0x3f
 496 037e 19       		.byte	0x19
 497 037f 88030000 		.4byte	0x388
 498 0383 0D       		.uleb128 0xd
 499 0384 77030000 		.4byte	0x377
 500 0388 06       		.uleb128 0x6
 501 0389 6C010000 		.4byte	.LASF66
 502 038d 08       		.byte	0x8
 503 038e 09       		.byte	0x9
 504 038f 45       		.byte	0x45
 505 0390 08       		.byte	0x8
 506 0391 B0030000 		.4byte	0x3b0
 507 0395 08       		.uleb128 0x8
 508 0396 CE000000 		.4byte	.LASF64
 509 039a 09       		.byte	0x9
 510 039b 46       		.byte	0x46
 511 039c 1A       		.byte	0x1a
 512 039d B0030000 		.4byte	0x3b0
 513 03a1 00       		.byte	0
ARM GAS  C:\Users\nello\AppData\Local\Temp\ccxr2o4e.s 			page 10


 514 03a2 08       		.uleb128 0x8
 515 03a3 38000000 		.4byte	.LASF67
 516 03a7 09       		.byte	0x9
 517 03a8 47       		.byte	0x47
 518 03a9 1A       		.byte	0x1a
 519 03aa B0030000 		.4byte	0x3b0
 520 03ae 04       		.byte	0x4
 521 03af 00       		.byte	0
 522 03b0 0C       		.uleb128 0xc
 523 03b1 04       		.byte	0x4
 524 03b2 77030000 		.4byte	0x377
 525 03b6 04       		.uleb128 0x4
 526 03b7 60000000 		.4byte	.LASF68
 527 03bb 09       		.byte	0x9
 528 03bc 4E       		.byte	0x4e
 529 03bd 22       		.byte	0x22
 530 03be C2030000 		.4byte	0x3c2
 531 03c2 06       		.uleb128 0x6
 532 03c3 14060000 		.4byte	.LASF69
 533 03c7 0C       		.byte	0xc
 534 03c8 09       		.byte	0x9
 535 03c9 55       		.byte	0x55
 536 03ca 08       		.byte	0x8
 537 03cb F7030000 		.4byte	0x3f7
 538 03cf 08       		.uleb128 0x8
 539 03d0 CE000000 		.4byte	.LASF64
 540 03d4 09       		.byte	0x9
 541 03d5 56       		.byte	0x56
 542 03d6 1A       		.byte	0x1a
 543 03d7 F7030000 		.4byte	0x3f7
 544 03db 00       		.byte	0
 545 03dc 08       		.uleb128 0x8
 546 03dd 38000000 		.4byte	.LASF67
 547 03e1 09       		.byte	0x9
 548 03e2 57       		.byte	0x57
 549 03e3 1A       		.byte	0x1a
 550 03e4 F7030000 		.4byte	0x3f7
 551 03e8 04       		.byte	0x4
 552 03e9 08       		.uleb128 0x8
 553 03ea 40040000 		.4byte	.LASF70
 554 03ee 09       		.byte	0x9
 555 03ef 58       		.byte	0x58
 556 03f0 19       		.byte	0x19
 557 03f1 0B010000 		.4byte	0x10b
 558 03f5 08       		.byte	0x8
 559 03f6 00       		.byte	0
 560 03f7 0C       		.uleb128 0xc
 561 03f8 04       		.byte	0x4
 562 03f9 B6030000 		.4byte	0x3b6
 563 03fd 04       		.uleb128 0x4
 564 03fe 90010000 		.4byte	.LASF71
 565 0402 09       		.byte	0x9
 566 0403 5F       		.byte	0x5f
 567 0404 1E       		.byte	0x1e
 568 0405 09040000 		.4byte	0x409
 569 0409 06       		.uleb128 0x6
 570 040a 1A010000 		.4byte	.LASF72
ARM GAS  C:\Users\nello\AppData\Local\Temp\ccxr2o4e.s 			page 11


 571 040e 0C       		.byte	0xc
 572 040f 09       		.byte	0x9
 573 0410 64       		.byte	0x64
 574 0411 08       		.byte	0x8
 575 0412 3E040000 		.4byte	0x43e
 576 0416 08       		.uleb128 0x8
 577 0417 CE000000 		.4byte	.LASF64
 578 041b 09       		.byte	0x9
 579 041c 65       		.byte	0x65
 580 041d 1A       		.byte	0x1a
 581 041e 3E040000 		.4byte	0x43e
 582 0422 00       		.byte	0
 583 0423 08       		.uleb128 0x8
 584 0424 38000000 		.4byte	.LASF67
 585 0428 09       		.byte	0x9
 586 0429 66       		.byte	0x66
 587 042a 1A       		.byte	0x1a
 588 042b 3E040000 		.4byte	0x43e
 589 042f 04       		.byte	0x4
 590 0430 08       		.uleb128 0x8
 591 0431 18000000 		.4byte	.LASF73
 592 0435 09       		.byte	0x9
 593 0436 67       		.byte	0x67
 594 0437 19       		.byte	0x19
 595 0438 3E030000 		.4byte	0x33e
 596 043c 08       		.byte	0x8
 597 043d 00       		.byte	0
 598 043e 0C       		.uleb128 0xc
 599 043f 04       		.byte	0x4
 600 0440 FD030000 		.4byte	0x3fd
 601 0444 0B       		.uleb128 0xb
 602 0445 34040000 		.4byte	.LASF74
 603 0449 20       		.byte	0x20
 604 044a 0A       		.byte	0xa
 605 044b 9301     		.2byte	0x193
 606 044d 08       		.byte	0x8
 607 044e BE040000 		.4byte	0x4be
 608 0452 09       		.uleb128 0x9
 609 0453 723000   		.ascii	"r0\000"
 610 0456 0A       		.byte	0xa
 611 0457 9401     		.2byte	0x194
 612 0459 19       		.byte	0x19
 613 045a B2000000 		.4byte	0xb2
 614 045e 00       		.byte	0
 615 045f 09       		.uleb128 0x9
 616 0460 723100   		.ascii	"r1\000"
 617 0463 0A       		.byte	0xa
 618 0464 9501     		.2byte	0x195
 619 0466 19       		.byte	0x19
 620 0467 B2000000 		.4byte	0xb2
 621 046b 04       		.byte	0x4
 622 046c 09       		.uleb128 0x9
 623 046d 723200   		.ascii	"r2\000"
 624 0470 0A       		.byte	0xa
 625 0471 9601     		.2byte	0x196
 626 0473 19       		.byte	0x19
 627 0474 B2000000 		.4byte	0xb2
ARM GAS  C:\Users\nello\AppData\Local\Temp\ccxr2o4e.s 			page 12


 628 0478 08       		.byte	0x8
 629 0479 09       		.uleb128 0x9
 630 047a 723300   		.ascii	"r3\000"
 631 047d 0A       		.byte	0xa
 632 047e 9701     		.2byte	0x197
 633 0480 19       		.byte	0x19
 634 0481 B2000000 		.4byte	0xb2
 635 0485 0C       		.byte	0xc
 636 0486 09       		.uleb128 0x9
 637 0487 72313200 		.ascii	"r12\000"
 638 048b 0A       		.byte	0xa
 639 048c 9801     		.2byte	0x198
 640 048e 19       		.byte	0x19
 641 048f B2000000 		.4byte	0xb2
 642 0493 10       		.byte	0x10
 643 0494 0A       		.uleb128 0xa
 644 0495 1A020000 		.4byte	.LASF75
 645 0499 0A       		.byte	0xa
 646 049a 9901     		.2byte	0x199
 647 049c 19       		.byte	0x19
 648 049d B2000000 		.4byte	0xb2
 649 04a1 14       		.byte	0x14
 650 04a2 09       		.uleb128 0x9
 651 04a3 706300   		.ascii	"pc\000"
 652 04a6 0A       		.byte	0xa
 653 04a7 9A01     		.2byte	0x19a
 654 04a9 19       		.byte	0x19
 655 04aa B2000000 		.4byte	0xb2
 656 04ae 18       		.byte	0x18
 657 04af 0A       		.uleb128 0xa
 658 04b0 D8040000 		.4byte	.LASF76
 659 04b4 0A       		.byte	0xa
 660 04b5 9B01     		.2byte	0x19b
 661 04b7 19       		.byte	0x19
 662 04b8 B2000000 		.4byte	0xb2
 663 04bc 1C       		.byte	0x1c
 664 04bd 00       		.byte	0
 665 04be 0B       		.uleb128 0xb
 666 04bf 3D000000 		.4byte	.LASF77
 667 04c3 28       		.byte	0x28
 668 04c4 0A       		.byte	0xa
 669 04c5 B701     		.2byte	0x1b7
 670 04c7 08       		.byte	0x8
 671 04c8 53050000 		.4byte	0x553
 672 04cc 0A       		.uleb128 0xa
 673 04cd 24030000 		.4byte	.LASF78
 674 04d1 0A       		.byte	0xa
 675 04d2 B801     		.2byte	0x1b8
 676 04d4 19       		.byte	0x19
 677 04d5 B2000000 		.4byte	0xb2
 678 04d9 00       		.byte	0
 679 04da 09       		.uleb128 0x9
 680 04db 723400   		.ascii	"r4\000"
 681 04de 0A       		.byte	0xa
 682 04df B901     		.2byte	0x1b9
 683 04e1 19       		.byte	0x19
 684 04e2 B2000000 		.4byte	0xb2
ARM GAS  C:\Users\nello\AppData\Local\Temp\ccxr2o4e.s 			page 13


 685 04e6 04       		.byte	0x4
 686 04e7 09       		.uleb128 0x9
 687 04e8 723500   		.ascii	"r5\000"
 688 04eb 0A       		.byte	0xa
 689 04ec BA01     		.2byte	0x1ba
 690 04ee 19       		.byte	0x19
 691 04ef B2000000 		.4byte	0xb2
 692 04f3 08       		.byte	0x8
 693 04f4 09       		.uleb128 0x9
 694 04f5 723600   		.ascii	"r6\000"
 695 04f8 0A       		.byte	0xa
 696 04f9 BB01     		.2byte	0x1bb
 697 04fb 19       		.byte	0x19
 698 04fc B2000000 		.4byte	0xb2
 699 0500 0C       		.byte	0xc
 700 0501 09       		.uleb128 0x9
 701 0502 723700   		.ascii	"r7\000"
 702 0505 0A       		.byte	0xa
 703 0506 BC01     		.2byte	0x1bc
 704 0508 19       		.byte	0x19
 705 0509 B2000000 		.4byte	0xb2
 706 050d 10       		.byte	0x10
 707 050e 09       		.uleb128 0x9
 708 050f 723800   		.ascii	"r8\000"
 709 0512 0A       		.byte	0xa
 710 0513 BD01     		.2byte	0x1bd
 711 0515 19       		.byte	0x19
 712 0516 B2000000 		.4byte	0xb2
 713 051a 14       		.byte	0x14
 714 051b 09       		.uleb128 0x9
 715 051c 723900   		.ascii	"r9\000"
 716 051f 0A       		.byte	0xa
 717 0520 BE01     		.2byte	0x1be
 718 0522 19       		.byte	0x19
 719 0523 B2000000 		.4byte	0xb2
 720 0527 18       		.byte	0x18
 721 0528 09       		.uleb128 0x9
 722 0529 72313000 		.ascii	"r10\000"
 723 052d 0A       		.byte	0xa
 724 052e BF01     		.2byte	0x1bf
 725 0530 19       		.byte	0x19
 726 0531 B2000000 		.4byte	0xb2
 727 0535 1C       		.byte	0x1c
 728 0536 09       		.uleb128 0x9
 729 0537 72313100 		.ascii	"r11\000"
 730 053b 0A       		.byte	0xa
 731 053c C001     		.2byte	0x1c0
 732 053e 19       		.byte	0x19
 733 053f B2000000 		.4byte	0xb2
 734 0543 20       		.byte	0x20
 735 0544 0A       		.uleb128 0xa
 736 0545 76030000 		.4byte	.LASF79
 737 0549 0A       		.byte	0xa
 738 054a C401     		.2byte	0x1c4
 739 054c 19       		.byte	0x19
 740 054d B2000000 		.4byte	0xb2
 741 0551 24       		.byte	0x24
ARM GAS  C:\Users\nello\AppData\Local\Temp\ccxr2o4e.s 			page 14


 742 0552 00       		.byte	0
 743 0553 0B       		.uleb128 0xb
 744 0554 27040000 		.4byte	.LASF80
 745 0558 2C       		.byte	0x2c
 746 0559 0A       		.byte	0xa
 747 055a DF01     		.2byte	0x1df
 748 055c 08       		.byte	0x8
 749 055d 7D050000 		.4byte	0x57d
 750 0561 09       		.uleb128 0x9
 751 0562 737000   		.ascii	"sp\000"
 752 0565 0A       		.byte	0xa
 753 0566 E001     		.2byte	0x1e0
 754 0568 1A       		.byte	0x1a
 755 0569 7D050000 		.4byte	0x57d
 756 056d 00       		.byte	0
 757 056e 0A       		.uleb128 0xa
 758 056f 35050000 		.4byte	.LASF81
 759 0573 0A       		.byte	0xa
 760 0574 E101     		.2byte	0x1e1
 761 0576 19       		.byte	0x19
 762 0577 BE040000 		.4byte	0x4be
 763 057b 04       		.byte	0x4
 764 057c 00       		.byte	0
 765 057d 0C       		.uleb128 0xc
 766 057e 04       		.byte	0x4
 767 057f 44040000 		.4byte	0x444
 768 0583 0C       		.uleb128 0xc
 769 0584 04       		.byte	0x4
 770 0585 DB000000 		.4byte	0xdb
 771 0589 0E       		.uleb128 0xe
 772 058a 04       		.byte	0x4
 773 058b 06       		.uleb128 0x6
 774 058c CA030000 		.4byte	.LASF82
 775 0590 18       		.byte	0x18
 776 0591 05       		.byte	0x5
 777 0592 64       		.byte	0x64
 778 0593 10       		.byte	0x10
 779 0594 C0050000 		.4byte	0x5c0
 780 0598 08       		.uleb128 0x8
 781 0599 89050000 		.4byte	.LASF83
 782 059d 05       		.byte	0x5
 783 059e 68       		.byte	0x68
 784 059f 21       		.byte	0x21
 785 05a0 FD030000 		.4byte	0x3fd
 786 05a4 00       		.byte	0
 787 05a5 08       		.uleb128 0x8
 788 05a6 CF040000 		.4byte	.LASF84
 789 05aa 05       		.byte	0x5
 790 05ab 73       		.byte	0x73
 791 05ac 21       		.byte	0x21
 792 05ad 32030000 		.4byte	0x332
 793 05b1 0C       		.byte	0xc
 794 05b2 08       		.uleb128 0x8
 795 05b3 98030000 		.4byte	.LASF85
 796 05b7 05       		.byte	0x5
 797 05b8 79       		.byte	0x79
 798 05b9 21       		.byte	0x21
ARM GAS  C:\Users\nello\AppData\Local\Temp\ccxr2o4e.s 			page 15


 799 05ba CA000000 		.4byte	0xca
 800 05be 10       		.byte	0x10
 801 05bf 00       		.byte	0
 802 05c0 04       		.uleb128 0x4
 803 05c1 B8000000 		.4byte	.LASF86
 804 05c5 05       		.byte	0x5
 805 05c6 7B       		.byte	0x7b
 806 05c7 03       		.byte	0x3
 807 05c8 8B050000 		.4byte	0x58b
 808 05cc 06       		.uleb128 0x6
 809 05cd A0010000 		.4byte	.LASF87
 810 05d1 08       		.byte	0x8
 811 05d2 05       		.byte	0x5
 812 05d3 80       		.byte	0x80
 813 05d4 10       		.byte	0x10
 814 05d5 E7050000 		.4byte	0x5e7
 815 05d9 08       		.uleb128 0x8
 816 05da 75010000 		.4byte	.LASF88
 817 05de 05       		.byte	0x5
 818 05df 84       		.byte	0x84
 819 05e0 21       		.byte	0x21
 820 05e1 77030000 		.4byte	0x377
 821 05e5 00       		.byte	0
 822 05e6 00       		.byte	0
 823 05e7 04       		.uleb128 0x4
 824 05e8 04050000 		.4byte	.LASF89
 825 05ec 05       		.byte	0x5
 826 05ed 85       		.byte	0x85
 827 05ee 03       		.byte	0x3
 828 05ef CC050000 		.4byte	0x5cc
 829 05f3 04       		.uleb128 0x4
 830 05f4 B7030000 		.4byte	.LASF90
 831 05f8 05       		.byte	0x5
 832 05f9 8A       		.byte	0x8a
 833 05fa 14       		.byte	0x14
 834 05fb FF050000 		.4byte	0x5ff
 835 05ff 0C       		.uleb128 0xc
 836 0600 04       		.byte	0x4
 837 0601 47010000 		.4byte	0x147
 838 0605 0F       		.uleb128 0xf
 839 0606 0C       		.byte	0xc
 840 0607 05       		.byte	0x5
 841 0608 A0       		.byte	0xa0
 842 0609 03       		.byte	0x3
 843 060a 33060000 		.4byte	0x633
 844 060e 10       		.uleb128 0x10
 845 060f F4060000 		.4byte	.LASF91
 846 0613 05       		.byte	0x5
 847 0614 A4       		.byte	0xa4
 848 0615 21       		.byte	0x21
 849 0616 4A030000 		.4byte	0x34a
 850 061a 10       		.uleb128 0x10
 851 061b 75010000 		.4byte	.LASF88
 852 061f 05       		.byte	0x5
 853 0620 A8       		.byte	0xa8
 854 0621 21       		.byte	0x21
 855 0622 77030000 		.4byte	0x377
ARM GAS  C:\Users\nello\AppData\Local\Temp\ccxr2o4e.s 			page 16


 856 0626 10       		.uleb128 0x10
 857 0627 BB050000 		.4byte	.LASF92
 858 062b 05       		.byte	0x5
 859 062c AC       		.byte	0xac
 860 062d 21       		.byte	0x21
 861 062e B6030000 		.4byte	0x3b6
 862 0632 00       		.byte	0
 863 0633 0F       		.uleb128 0xf
 864 0634 04       		.byte	0x4
 865 0635 05       		.byte	0x5
 866 0636 EB       		.byte	0xeb
 867 0637 03       		.byte	0x3
 868 0638 A3060000 		.4byte	0x6a3
 869 063c 10       		.uleb128 0x10
 870 063d 1E000000 		.4byte	.LASF93
 871 0641 05       		.byte	0x5
 872 0642 F2       		.byte	0xf2
 873 0643 21       		.byte	0x21
 874 0644 17010000 		.4byte	0x117
 875 0648 10       		.uleb128 0x10
 876 0649 9C000000 		.4byte	.LASF94
 877 064d 05       		.byte	0x5
 878 064e F9       		.byte	0xf9
 879 064f 21       		.byte	0x21
 880 0650 17010000 		.4byte	0x117
 881 0654 11       		.uleb128 0x11
 882 0655 C0060000 		.4byte	.LASF95
 883 0659 05       		.byte	0x5
 884 065a 0001     		.2byte	0x100
 885 065c 22       		.byte	0x22
 886 065d 89050000 		.4byte	0x589
 887 0661 11       		.uleb128 0x11
 888 0662 12000000 		.4byte	.LASF96
 889 0666 05       		.byte	0x5
 890 0667 0701     		.2byte	0x107
 891 0669 22       		.byte	0x22
 892 066a A3060000 		.4byte	0x6a3
 893 066e 11       		.uleb128 0x11
 894 066f B0000000 		.4byte	.LASF97
 895 0673 05       		.byte	0x5
 896 0674 0C01     		.2byte	0x10c
 897 0676 21       		.byte	0x21
 898 0677 17010000 		.4byte	0x117
 899 067b 11       		.uleb128 0x11
 900 067c 21020000 		.4byte	.LASF98
 901 0680 05       		.byte	0x5
 902 0681 1501     		.2byte	0x115
 903 0683 22       		.byte	0x22
 904 0684 D1060000 		.4byte	0x6d1
 905 0688 11       		.uleb128 0x11
 906 0689 18050000 		.4byte	.LASF99
 907 068d 05       		.byte	0x5
 908 068e 1E01     		.2byte	0x11e
 909 0690 22       		.byte	0x22
 910 0691 0C070000 		.4byte	0x70c
 911 0695 11       		.uleb128 0x11
 912 0696 DD040000 		.4byte	.LASF100
ARM GAS  C:\Users\nello\AppData\Local\Temp\ccxr2o4e.s 			page 17


 913 069a 05       		.byte	0x5
 914 069b 2601     		.2byte	0x126
 915 069d 21       		.byte	0x21
 916 069e 23010000 		.4byte	0x123
 917 06a2 00       		.byte	0
 918 06a3 0C       		.uleb128 0xc
 919 06a4 04       		.byte	0x4
 920 06a5 F3050000 		.4byte	0x5f3
 921 06a9 06       		.uleb128 0x6
 922 06aa F7040000 		.4byte	.LASF101
 923 06ae 0C       		.byte	0xc
 924 06af 0B       		.byte	0xb
 925 06b0 34       		.byte	0x34
 926 06b1 10       		.byte	0x10
 927 06b2 D1060000 		.4byte	0x6d1
 928 06b6 08       		.uleb128 0x8
 929 06b7 75010000 		.4byte	.LASF88
 930 06bb 0B       		.byte	0xb
 931 06bc 35       		.byte	0x35
 932 06bd 19       		.byte	0x19
 933 06be 77030000 		.4byte	0x377
 934 06c2 00       		.byte	0
 935 06c3 07       		.uleb128 0x7
 936 06c4 636E7400 		.ascii	"cnt\000"
 937 06c8 0B       		.byte	0xb
 938 06c9 37       		.byte	0x37
 939 06ca 19       		.byte	0x19
 940 06cb 2F010000 		.4byte	0x12f
 941 06cf 08       		.byte	0x8
 942 06d0 00       		.byte	0
 943 06d1 0C       		.uleb128 0xc
 944 06d2 04       		.byte	0x4
 945 06d3 A9060000 		.4byte	0x6a9
 946 06d7 06       		.uleb128 0x6
 947 06d8 54060000 		.4byte	.LASF102
 948 06dc 10       		.byte	0x10
 949 06dd 0C       		.byte	0xc
 950 06de 39       		.byte	0x39
 951 06df 08       		.byte	0x8
 952 06e0 0C070000 		.4byte	0x70c
 953 06e4 08       		.uleb128 0x8
 954 06e5 75010000 		.4byte	.LASF88
 955 06e9 0C       		.byte	0xc
 956 06ea 3A       		.byte	0x3a
 957 06eb 19       		.byte	0x19
 958 06ec 77030000 		.4byte	0x377
 959 06f0 00       		.byte	0
 960 06f1 08       		.uleb128 0x8
 961 06f2 2F050000 		.4byte	.LASF30
 962 06f6 0C       		.byte	0xc
 963 06f7 3C       		.byte	0x3c
 964 06f8 1A       		.byte	0x1a
 965 06f9 FF050000 		.4byte	0x5ff
 966 06fd 08       		.byte	0x8
 967 06fe 08       		.uleb128 0x8
 968 06ff CE000000 		.4byte	.LASF64
 969 0703 0C       		.byte	0xc
ARM GAS  C:\Users\nello\AppData\Local\Temp\ccxr2o4e.s 			page 18


 970 0704 3E       		.byte	0x3e
 971 0705 1A       		.byte	0x1a
 972 0706 D6070000 		.4byte	0x7d6
 973 070a 0C       		.byte	0xc
 974 070b 00       		.byte	0
 975 070c 0C       		.uleb128 0xc
 976 070d 04       		.byte	0x4
 977 070e D7060000 		.4byte	0x6d7
 978 0712 0C       		.uleb128 0xc
 979 0713 04       		.byte	0x4
 980 0714 36020000 		.4byte	0x236
 981 0718 0B       		.uleb128 0xb
 982 0719 5C030000 		.4byte	.LASF103
 983 071d 10       		.byte	0x10
 984 071e 05       		.byte	0x5
 985 071f 5C01     		.2byte	0x15c
 986 0721 10       		.byte	0x10
 987 0722 43070000 		.4byte	0x743
 988 0726 0A       		.uleb128 0xa
 989 0727 BB050000 		.4byte	.LASF92
 990 072b 05       		.byte	0x5
 991 072c 6101     		.2byte	0x161
 992 072e 21       		.byte	0x21
 993 072f B6030000 		.4byte	0x3b6
 994 0733 00       		.byte	0
 995 0734 0A       		.uleb128 0xa
 996 0735 55040000 		.4byte	.LASF104
 997 0739 05       		.byte	0x5
 998 073a 6501     		.2byte	0x165
 999 073c 22       		.byte	0x22
 1000 073d FF050000 		.4byte	0x5ff
 1001 0741 0C       		.byte	0xc
 1002 0742 00       		.byte	0
 1003 0743 12       		.uleb128 0x12
 1004 0744 00000000 		.4byte	.LASF105
 1005 0748 05       		.byte	0x5
 1006 0749 6601     		.2byte	0x166
 1007 074b 03       		.byte	0x3
 1008 074c 18070000 		.4byte	0x718
 1009 0750 0B       		.uleb128 0xb
 1010 0751 11040000 		.4byte	.LASF106
 1011 0755 14       		.byte	0x14
 1012 0756 05       		.byte	0x5
 1013 0757 6B01     		.2byte	0x16b
 1014 0759 10       		.byte	0x10
 1015 075a A5070000 		.4byte	0x7a5
 1016 075e 0A       		.uleb128 0xa
 1017 075f 54020000 		.4byte	.LASF31
 1018 0763 05       		.byte	0x5
 1019 0764 6F01     		.2byte	0x16f
 1020 0766 22       		.byte	0x22
 1021 0767 0F030000 		.4byte	0x30f
 1022 076b 00       		.byte	0
 1023 076c 0A       		.uleb128 0xa
 1024 076d D4010000 		.4byte	.LASF107
 1025 0771 05       		.byte	0x5
 1026 0772 7501     		.2byte	0x175
ARM GAS  C:\Users\nello\AppData\Local\Temp\ccxr2o4e.s 			page 19


 1027 0774 22       		.byte	0x22
 1028 0775 83050000 		.4byte	0x583
 1029 0779 04       		.byte	0x4
 1030 077a 0A       		.uleb128 0xa
 1031 077b C7060000 		.4byte	.LASF108
 1032 077f 05       		.byte	0x5
 1033 0780 7901     		.2byte	0x179
 1034 0782 22       		.byte	0x22
 1035 0783 83050000 		.4byte	0x583
 1036 0787 08       		.byte	0x8
 1037 0788 0A       		.uleb128 0xa
 1038 0789 88030000 		.4byte	.LASF109
 1039 078d 05       		.byte	0x5
 1040 078e 7F01     		.2byte	0x17f
 1041 0790 22       		.byte	0x22
 1042 0791 83050000 		.4byte	0x583
 1043 0795 0C       		.byte	0xc
 1044 0796 0A       		.uleb128 0xa
 1045 0797 03070000 		.4byte	.LASF110
 1046 079b 05       		.byte	0x5
 1047 079c 8301     		.2byte	0x183
 1048 079e 22       		.byte	0x22
 1049 079f 83050000 		.4byte	0x583
 1050 07a3 10       		.byte	0x10
 1051 07a4 00       		.byte	0
 1052 07a5 12       		.uleb128 0x12
 1053 07a6 3F060000 		.4byte	.LASF111
 1054 07aa 05       		.byte	0x5
 1055 07ab 8501     		.2byte	0x185
 1056 07ad 03       		.byte	0x3
 1057 07ae 50070000 		.4byte	0x750
 1058 07b2 0D       		.uleb128 0xd
 1059 07b3 A5070000 		.4byte	0x7a5
 1060 07b7 0C       		.uleb128 0xc
 1061 07b8 04       		.byte	0x4
 1062 07b9 B2070000 		.4byte	0x7b2
 1063 07bd 13       		.uleb128 0x13
 1064 07be 63683000 		.ascii	"ch0\000"
 1065 07c2 11       		.byte	0x11
 1066 07c3 4101     		.2byte	0x141
 1067 07c5 16       		.byte	0x16
 1068 07c6 36020000 		.4byte	0x236
 1069 07ca 04       		.uleb128 0x4
 1070 07cb E4010000 		.4byte	.LASF112
 1071 07cf 0C       		.byte	0xc
 1072 07d0 34       		.byte	0x34
 1073 07d1 19       		.byte	0x19
 1074 07d2 D7060000 		.4byte	0x6d7
 1075 07d6 0C       		.uleb128 0xc
 1076 07d7 04       		.byte	0x4
 1077 07d8 CA070000 		.4byte	0x7ca
 1078 07dc 06       		.uleb128 0x6
 1079 07dd E1030000 		.4byte	.LASF113
 1080 07e1 08       		.byte	0x8
 1081 07e2 0D       		.byte	0xd
 1082 07e3 3B       		.byte	0x3b
 1083 07e4 10       		.byte	0x10
ARM GAS  C:\Users\nello\AppData\Local\Temp\ccxr2o4e.s 			page 20


 1084 07e5 F7070000 		.4byte	0x7f7
 1085 07e9 08       		.uleb128 0x8
 1086 07ea 75010000 		.4byte	.LASF88
 1087 07ee 0D       		.byte	0xd
 1088 07ef 3C       		.byte	0x3c
 1089 07f0 19       		.byte	0x19
 1090 07f1 77030000 		.4byte	0x377
 1091 07f5 00       		.byte	0
 1092 07f6 00       		.byte	0
 1093 07f7 04       		.uleb128 0x4
 1094 07f8 05010000 		.4byte	.LASF114
 1095 07fc 0D       		.byte	0xd
 1096 07fd 3E       		.byte	0x3e
 1097 07fe 03       		.byte	0x3
 1098 07ff DC070000 		.4byte	0x7dc
 1099 0803 03       		.uleb128 0x3
 1100 0804 01       		.byte	0x1
 1101 0805 02       		.byte	0x2
 1102 0806 A2040000 		.4byte	.LASF115
 1103 080a 14       		.uleb128 0x14
 1104 080b F4030000 		.4byte	.LASF118
 1105 080f 0E       		.byte	0xe
 1106 0810 2701     		.2byte	0x127
 1107 0812 07       		.byte	0x7
 1108 0813 17010000 		.4byte	0x117
 1109 0817 64080000 		.4byte	0x864
 1110 081b 15       		.uleb128 0x15
 1111 081c 637000   		.ascii	"cp\000"
 1112 081f 0E       		.byte	0xe
 1113 0820 2701     		.2byte	0x127
 1114 0822 30       		.byte	0x30
 1115 0823 64080000 		.4byte	0x864
 1116 0827 16       		.uleb128 0x16
 1117 0828 4C020000 		.4byte	.LASF116
 1118 082c 0E       		.byte	0xe
 1119 082d 2701     		.2byte	0x127
 1120 082f 42       		.byte	0x42
 1121 0830 3E030000 		.4byte	0x33e
 1122 0834 17       		.uleb128 0x17
 1123 0835 36030000 		.4byte	.LASF117
 1124 0839 0E       		.byte	0xe
 1125 083a 2801     		.2byte	0x128
 1126 083c 0D       		.byte	0xd
 1127 083d FF050000 		.4byte	0x5ff
 1128 0841 18       		.uleb128 0x18
 1129 0842 6D7000   		.ascii	"mp\000"
 1130 0845 0E       		.byte	0xe
 1131 0846 2901     		.2byte	0x129
 1132 0848 0C       		.byte	0xc
 1133 0849 D6070000 		.4byte	0x7d6
 1134 084d 18       		.uleb128 0x18
 1135 084e 6D736700 		.ascii	"msg\000"
 1136 0852 0E       		.byte	0xe
 1137 0853 2A01     		.2byte	0x12a
 1138 0855 09       		.byte	0x9
 1139 0856 17010000 		.4byte	0x117
 1140 085a 19       		.uleb128 0x19
ARM GAS  C:\Users\nello\AppData\Local\Temp\ccxr2o4e.s 			page 21


 1141 085b E4040000 		.4byte	.LASF121
 1142 085f 7A080000 		.4byte	0x87a
 1143 0863 00       		.byte	0
 1144 0864 0C       		.uleb128 0xc
 1145 0865 04       		.byte	0x4
 1146 0866 F7070000 		.4byte	0x7f7
 1147 086a 1A       		.uleb128 0x1a
 1148 086b 21030000 		.4byte	0x321
 1149 086f 7A080000 		.4byte	0x87a
 1150 0873 1B       		.uleb128 0x1b
 1151 0874 24000000 		.4byte	0x24
 1152 0878 12       		.byte	0x12
 1153 0879 00       		.byte	0
 1154 087a 0D       		.uleb128 0xd
 1155 087b 6A080000 		.4byte	0x86a
 1156 087f 14       		.uleb128 0x14
 1157 0880 D6060000 		.4byte	.LASF119
 1158 0884 0E       		.byte	0xe
 1159 0885 0101     		.2byte	0x101
 1160 0887 07       		.byte	0x7
 1161 0888 17010000 		.4byte	0x117
 1162 088c B7080000 		.4byte	0x8b7
 1163 0890 15       		.uleb128 0x15
 1164 0891 637000   		.ascii	"cp\000"
 1165 0894 0E       		.byte	0xe
 1166 0895 0101     		.2byte	0x101
 1167 0897 2F       		.byte	0x2f
 1168 0898 64080000 		.4byte	0x864
 1169 089c 16       		.uleb128 0x16
 1170 089d 4C020000 		.4byte	.LASF116
 1171 08a1 0E       		.byte	0xe
 1172 08a2 0101     		.2byte	0x101
 1173 08a4 41       		.byte	0x41
 1174 08a5 3E030000 		.4byte	0x33e
 1175 08a9 18       		.uleb128 0x18
 1176 08aa 6D736700 		.ascii	"msg\000"
 1177 08ae 0E       		.byte	0xe
 1178 08af 0201     		.2byte	0x102
 1179 08b1 09       		.byte	0x9
 1180 08b2 17010000 		.4byte	0x117
 1181 08b6 00       		.byte	0
 1182 08b7 1C       		.uleb128 0x1c
 1183 08b8 6C050000 		.4byte	.LASF120
 1184 08bc 0E       		.byte	0xe
 1185 08bd CD       		.byte	0xcd
 1186 08be 07       		.byte	0x7
 1187 08bf 17010000 		.4byte	0x117
 1188 08c3 FF080000 		.4byte	0x8ff
 1189 08c7 1D       		.uleb128 0x1d
 1190 08c8 637000   		.ascii	"cp\000"
 1191 08cb 0E       		.byte	0xe
 1192 08cc CD       		.byte	0xcd
 1193 08cd 29       		.byte	0x29
 1194 08ce 64080000 		.4byte	0x864
 1195 08d2 1E       		.uleb128 0x1e
 1196 08d3 36030000 		.4byte	.LASF117
 1197 08d7 0E       		.byte	0xe
ARM GAS  C:\Users\nello\AppData\Local\Temp\ccxr2o4e.s 			page 22


 1198 08d8 CE       		.byte	0xce
 1199 08d9 0D       		.byte	0xd
 1200 08da FF050000 		.4byte	0x5ff
 1201 08de 1F       		.uleb128 0x1f
 1202 08df 6D7000   		.ascii	"mp\000"
 1203 08e2 0E       		.byte	0xe
 1204 08e3 CF       		.byte	0xcf
 1205 08e4 0C       		.byte	0xc
 1206 08e5 D6070000 		.4byte	0x7d6
 1207 08e9 1F       		.uleb128 0x1f
 1208 08ea 6D736700 		.ascii	"msg\000"
 1209 08ee 0E       		.byte	0xe
 1210 08ef D0       		.byte	0xd0
 1211 08f0 09       		.byte	0x9
 1212 08f1 17010000 		.4byte	0x117
 1213 08f5 19       		.uleb128 0x19
 1214 08f6 E4040000 		.4byte	.LASF121
 1215 08fa 0F090000 		.4byte	0x90f
 1216 08fe 00       		.byte	0
 1217 08ff 1A       		.uleb128 0x1a
 1218 0900 21030000 		.4byte	0x321
 1219 0904 0F090000 		.4byte	0x90f
 1220 0908 1B       		.uleb128 0x1b
 1221 0909 24000000 		.4byte	0x24
 1222 090d 0B       		.byte	0xb
 1223 090e 00       		.byte	0
 1224 090f 0D       		.uleb128 0xd
 1225 0910 FF080000 		.4byte	0x8ff
 1226 0914 1C       		.uleb128 0x1c
 1227 0915 34060000 		.4byte	.LASF122
 1228 0919 0E       		.byte	0xe
 1229 091a B3       		.byte	0xb3
 1230 091b 07       		.byte	0x7
 1231 091c 17010000 		.4byte	0x117
 1232 0920 3C090000 		.4byte	0x93c
 1233 0924 1D       		.uleb128 0x1d
 1234 0925 637000   		.ascii	"cp\000"
 1235 0928 0E       		.byte	0xe
 1236 0929 B3       		.byte	0xb3
 1237 092a 28       		.byte	0x28
 1238 092b 64080000 		.4byte	0x864
 1239 092f 1F       		.uleb128 0x1f
 1240 0930 6D736700 		.ascii	"msg\000"
 1241 0934 0E       		.byte	0xe
 1242 0935 B4       		.byte	0xb4
 1243 0936 09       		.byte	0x9
 1244 0937 17010000 		.4byte	0x117
 1245 093b 00       		.byte	0
 1246 093c 20       		.uleb128 0x20
 1247 093d 74000000 		.4byte	.LASF123
 1248 0941 0E       		.byte	0xe
 1249 0942 95       		.byte	0x95
 1250 0943 06       		.byte	0x6
 1251 0944 5D090000 		.4byte	0x95d
 1252 0948 1D       		.uleb128 0x1d
 1253 0949 637000   		.ascii	"cp\000"
 1254 094c 0E       		.byte	0xe
ARM GAS  C:\Users\nello\AppData\Local\Temp\ccxr2o4e.s 			page 23


 1255 094d 95       		.byte	0x95
 1256 094e 2D       		.byte	0x2d
 1257 094f 64080000 		.4byte	0x864
 1258 0953 19       		.uleb128 0x19
 1259 0954 E4040000 		.4byte	.LASF121
 1260 0958 6D090000 		.4byte	0x96d
 1261 095c 00       		.byte	0
 1262 095d 1A       		.uleb128 0x1a
 1263 095e 21030000 		.4byte	0x321
 1264 0962 6D090000 		.4byte	0x96d
 1265 0966 1B       		.uleb128 0x1b
 1266 0967 24000000 		.4byte	0x24
 1267 096b 10       		.byte	0x10
 1268 096c 00       		.byte	0
 1269 096d 0D       		.uleb128 0xd
 1270 096e 5D090000 		.4byte	0x95d
 1271 0972 20       		.uleb128 0x20
 1272 0973 45040000 		.4byte	.LASF124
 1273 0977 0E       		.byte	0xe
 1274 0978 82       		.byte	0x82
 1275 0979 06       		.byte	0x6
 1276 097a 8A090000 		.4byte	0x98a
 1277 097e 1D       		.uleb128 0x1d
 1278 097f 637000   		.ascii	"cp\000"
 1279 0982 0E       		.byte	0xe
 1280 0983 82       		.byte	0x82
 1281 0984 2C       		.byte	0x2c
 1282 0985 64080000 		.4byte	0x864
 1283 0989 00       		.byte	0
 1284 098a 20       		.uleb128 0x20
 1285 098b 94040000 		.4byte	.LASF125
 1286 098f 0E       		.byte	0xe
 1287 0990 6F       		.byte	0x6f
 1288 0991 06       		.byte	0x6
 1289 0992 B8090000 		.4byte	0x9b8
 1290 0996 1D       		.uleb128 0x1d
 1291 0997 637000   		.ascii	"cp\000"
 1292 099a 0E       		.byte	0xe
 1293 099b 6F       		.byte	0x6f
 1294 099c 2A       		.byte	0x2a
 1295 099d 64080000 		.4byte	0x864
 1296 09a1 19       		.uleb128 0x19
 1297 09a2 E4040000 		.4byte	.LASF121
 1298 09a6 C8090000 		.4byte	0x9c8
 1299 09aa 21       		.uleb128 0x21
 1300 09ab 1F       		.uleb128 0x1f
 1301 09ac 747000   		.ascii	"tp\000"
 1302 09af 0E       		.byte	0xe
 1303 09b0 75       		.byte	0x75
 1304 09b1 0F       		.byte	0xf
 1305 09b2 FF050000 		.4byte	0x5ff
 1306 09b6 00       		.byte	0
 1307 09b7 00       		.byte	0
 1308 09b8 1A       		.uleb128 0x1a
 1309 09b9 21030000 		.4byte	0x321
 1310 09bd C8090000 		.4byte	0x9c8
 1311 09c1 1B       		.uleb128 0x1b
ARM GAS  C:\Users\nello\AppData\Local\Temp\ccxr2o4e.s 			page 24


 1312 09c2 24000000 		.4byte	0x24
 1313 09c6 0D       		.byte	0xd
 1314 09c7 00       		.byte	0
 1315 09c8 0D       		.uleb128 0xd
 1316 09c9 B8090000 		.4byte	0x9b8
 1317 09cd 20       		.uleb128 0x20
 1318 09ce EC010000 		.4byte	.LASF126
 1319 09d2 0E       		.byte	0xe
 1320 09d3 59       		.byte	0x59
 1321 09d4 06       		.byte	0x6
 1322 09d5 EE090000 		.4byte	0x9ee
 1323 09d9 1D       		.uleb128 0x1d
 1324 09da 637000   		.ascii	"cp\000"
 1325 09dd 0E       		.byte	0xe
 1326 09de 59       		.byte	0x59
 1327 09df 29       		.byte	0x29
 1328 09e0 64080000 		.4byte	0x864
 1329 09e4 19       		.uleb128 0x19
 1330 09e5 E4040000 		.4byte	.LASF121
 1331 09e9 FE090000 		.4byte	0x9fe
 1332 09ed 00       		.byte	0
 1333 09ee 1A       		.uleb128 0x1a
 1334 09ef 21030000 		.4byte	0x321
 1335 09f3 FE090000 		.4byte	0x9fe
 1336 09f7 1B       		.uleb128 0x1b
 1337 09f8 24000000 		.4byte	0x24
 1338 09fc 0C       		.byte	0xc
 1339 09fd 00       		.byte	0
 1340 09fe 0D       		.uleb128 0xd
 1341 09ff EE090000 		.4byte	0x9ee
 1342 0a03 20       		.uleb128 0x20
 1343 0a04 78050000 		.4byte	.LASF127
 1344 0a08 0E       		.byte	0xe
 1345 0a09 4B       		.byte	0x4b
 1346 0a0a 06       		.byte	0x6
 1347 0a0b 240A0000 		.4byte	0xa24
 1348 0a0f 1D       		.uleb128 0x1d
 1349 0a10 637000   		.ascii	"cp\000"
 1350 0a13 0E       		.byte	0xe
 1351 0a14 4B       		.byte	0x4b
 1352 0a15 2D       		.byte	0x2d
 1353 0a16 64080000 		.4byte	0x864
 1354 0a1a 19       		.uleb128 0x19
 1355 0a1b E4040000 		.4byte	.LASF121
 1356 0a1f 6D090000 		.4byte	0x96d
 1357 0a23 00       		.byte	0
 1358 0a24 22       		.uleb128 0x22
 1359 0a25 3A050000 		.4byte	.LASF128
 1360 0a29 0C       		.byte	0xc
 1361 0a2a 9F       		.byte	0x9f
 1362 0a2b 18       		.byte	0x18
 1363 0a2c D6070000 		.4byte	0x7d6
 1364 0a30 23       		.uleb128 0x23
 1365 0a31 7F060000 		.4byte	.LASF129
 1366 0a35 0F       		.byte	0xf
 1367 0a36 5501     		.2byte	0x155
 1368 0a38 19       		.byte	0x19
ARM GAS  C:\Users\nello\AppData\Local\Temp\ccxr2o4e.s 			page 25


 1369 0a39 FF050000 		.4byte	0x5ff
 1370 0a3d 24       		.uleb128 0x24
 1371 0a3e 5D060000 		.4byte	.LASF130
 1372 0a42 10       		.byte	0x10
 1373 0a43 AF       		.byte	0xaf
 1374 0a44 14       		.byte	0x14
 1375 0a45 6B0A0000 		.4byte	0xa6b
 1376 0a49 1D       		.uleb128 0x1d
 1377 0a4a 717000   		.ascii	"qp\000"
 1378 0a4d 10       		.byte	0x10
 1379 0a4e AF       		.byte	0xaf
 1380 0a4f 33       		.byte	0x33
 1381 0a50 B0030000 		.4byte	0x3b0
 1382 0a54 1D       		.uleb128 0x1d
 1383 0a55 747000   		.ascii	"tp\000"
 1384 0a58 10       		.byte	0x10
 1385 0a59 AF       		.byte	0xaf
 1386 0a5a 43       		.byte	0x43
 1387 0a5b B0030000 		.4byte	0x3b0
 1388 0a5f 1F       		.uleb128 0x1f
 1389 0a60 637000   		.ascii	"cp\000"
 1390 0a63 10       		.byte	0x10
 1391 0a64 B1       		.byte	0xb1
 1392 0a65 0F       		.byte	0xf
 1393 0a66 B0030000 		.4byte	0x3b0
 1394 0a6a 00       		.byte	0
 1395 0a6b 25       		.uleb128 0x25
 1396 0a6c E8060000 		.4byte	.LASF131
 1397 0a70 11       		.byte	0x11
 1398 0a71 A501     		.2byte	0x1a5
 1399 0a73 14       		.byte	0x14
 1400 0a74 820A0000 		.4byte	0xa82
 1401 0a78 19       		.uleb128 0x19
 1402 0a79 E4040000 		.4byte	.LASF121
 1403 0a7d 0F090000 		.4byte	0x90f
 1404 0a81 00       		.byte	0
 1405 0a82 26       		.uleb128 0x26
 1406 0a83 ED040000 		.4byte	.LASF132
 1407 0a87 11       		.byte	0x11
 1408 0a88 9701     		.2byte	0x197
 1409 0a8a 14       		.byte	0x14
 1410 0a8b 26       		.uleb128 0x26
 1411 0a8c 37010000 		.4byte	.LASF133
 1412 0a90 0A       		.byte	0xa
 1413 0a91 1F03     		.2byte	0x31f
 1414 0a93 1B       		.byte	0x1b
 1415 0a94 26       		.uleb128 0x26
 1416 0a95 F9060000 		.4byte	.LASF134
 1417 0a99 0A       		.byte	0xa
 1418 0a9a 0B03     		.2byte	0x30b
 1419 0a9c 1B       		.byte	0x1b
 1420 0a9d 25       		.uleb128 0x25
 1421 0a9e A3050000 		.4byte	.LASF135
 1422 0aa2 12       		.byte	0x12
 1423 0aa3 EB01     		.2byte	0x1eb
 1424 0aa5 1B       		.byte	0x1b
 1425 0aa6 B80A0000 		.4byte	0xab8
ARM GAS  C:\Users\nello\AppData\Local\Temp\ccxr2o4e.s 			page 26


 1426 0aaa 16       		.uleb128 0x16
 1427 0aab 28010000 		.4byte	.LASF136
 1428 0aaf 12       		.byte	0x12
 1429 0ab0 EB01     		.2byte	0x1eb
 1430 0ab2 32       		.byte	0x32
 1431 0ab3 B2000000 		.4byte	0xb2
 1432 0ab7 00       		.byte	0
 1433 0ab8 27       		.uleb128 0x27
 1434 0ab9 7B010000 		.4byte	.LASF137
 1435 0abd 09       		.byte	0x9
 1436 0abe 1801     		.2byte	0x118
 1437 0ac0 1B       		.byte	0x1b
 1438 0ac1 B0030000 		.4byte	0x3b0
 1439 0ac5 E10A0000 		.4byte	0xae1
 1440 0ac9 15       		.uleb128 0x15
 1441 0aca 717000   		.ascii	"qp\000"
 1442 0acd 09       		.byte	0x9
 1443 0ace 1801     		.2byte	0x118
 1444 0ad0 3C       		.byte	0x3c
 1445 0ad1 B0030000 		.4byte	0x3b0
 1446 0ad5 18       		.uleb128 0x18
 1447 0ad6 7000     		.ascii	"p\000"
 1448 0ad8 09       		.byte	0x9
 1449 0ad9 1901     		.2byte	0x119
 1450 0adb 0F       		.byte	0xf
 1451 0adc B0030000 		.4byte	0x3b0
 1452 0ae0 00       		.byte	0
 1453 0ae1 28       		.uleb128 0x28
 1454 0ae2 5D040000 		.4byte	.LASF138
 1455 0ae6 09       		.byte	0x9
 1456 0ae7 F9       		.byte	0xf9
 1457 0ae8 14       		.byte	0x14
 1458 0ae9 03080000 		.4byte	0x803
 1459 0aed FD0A0000 		.4byte	0xafd
 1460 0af1 1D       		.uleb128 0x1d
 1461 0af2 717000   		.ascii	"qp\000"
 1462 0af5 09       		.byte	0x9
 1463 0af6 F9       		.byte	0xf9
 1464 0af7 38       		.byte	0x38
 1465 0af8 FD0A0000 		.4byte	0xafd
 1466 0afc 00       		.byte	0
 1467 0afd 0C       		.uleb128 0xc
 1468 0afe 04       		.byte	0x4
 1469 0aff 83030000 		.4byte	0x383
 1470 0b03 29       		.uleb128 0x29
 1471 0b04 26060000 		.4byte	.LASF142
 1472 0b08 09       		.byte	0x9
 1473 0b09 DE       		.byte	0xde
 1474 0b0a 14       		.byte	0x14
 1475 0b0b 1D       		.uleb128 0x1d
 1476 0b0c 717000   		.ascii	"qp\000"
 1477 0b0f 09       		.byte	0x9
 1478 0b10 DE       		.byte	0xde
 1479 0b11 2E       		.byte	0x2e
 1480 0b12 B0030000 		.4byte	0x3b0
 1481 0b16 00       		.byte	0
 1482 0b17 00       		.byte	0
ARM GAS  C:\Users\nello\AppData\Local\Temp\ccxr2o4e.s 			page 27


 1483              		.section	.gnu.debuglto_.debug_abbrev,"e",%progbits
 1484              	.Ldebug_abbrev0:
 1485 0000 01       		.uleb128 0x1
 1486 0001 11       		.uleb128 0x11
 1487 0002 01       		.byte	0x1
 1488 0003 25       		.uleb128 0x25
 1489 0004 0E       		.uleb128 0xe
 1490 0005 13       		.uleb128 0x13
 1491 0006 0B       		.uleb128 0xb
 1492 0007 03       		.uleb128 0x3
 1493 0008 0E       		.uleb128 0xe
 1494 0009 1B       		.uleb128 0x1b
 1495 000a 0E       		.uleb128 0xe
 1496 000b 10       		.uleb128 0x10
 1497 000c 17       		.uleb128 0x17
 1498 000d 00       		.byte	0
 1499 000e 00       		.byte	0
 1500 000f 02       		.uleb128 0x2
 1501 0010 24       		.uleb128 0x24
 1502 0011 00       		.byte	0
 1503 0012 0B       		.uleb128 0xb
 1504 0013 0B       		.uleb128 0xb
 1505 0014 3E       		.uleb128 0x3e
 1506 0015 0B       		.uleb128 0xb
 1507 0016 03       		.uleb128 0x3
 1508 0017 08       		.uleb128 0x8
 1509 0018 00       		.byte	0
 1510 0019 00       		.byte	0
 1511 001a 03       		.uleb128 0x3
 1512 001b 24       		.uleb128 0x24
 1513 001c 00       		.byte	0
 1514 001d 0B       		.uleb128 0xb
 1515 001e 0B       		.uleb128 0xb
 1516 001f 3E       		.uleb128 0x3e
 1517 0020 0B       		.uleb128 0xb
 1518 0021 03       		.uleb128 0x3
 1519 0022 0E       		.uleb128 0xe
 1520 0023 00       		.byte	0
 1521 0024 00       		.byte	0
 1522 0025 04       		.uleb128 0x4
 1523 0026 16       		.uleb128 0x16
 1524 0027 00       		.byte	0
 1525 0028 03       		.uleb128 0x3
 1526 0029 0E       		.uleb128 0xe
 1527 002a 3A       		.uleb128 0x3a
 1528 002b 0B       		.uleb128 0xb
 1529 002c 3B       		.uleb128 0x3b
 1530 002d 0B       		.uleb128 0xb
 1531 002e 39       		.uleb128 0x39
 1532 002f 0B       		.uleb128 0xb
 1533 0030 49       		.uleb128 0x49
 1534 0031 13       		.uleb128 0x13
 1535 0032 00       		.byte	0
 1536 0033 00       		.byte	0
 1537 0034 05       		.uleb128 0x5
 1538 0035 35       		.uleb128 0x35
 1539 0036 00       		.byte	0
ARM GAS  C:\Users\nello\AppData\Local\Temp\ccxr2o4e.s 			page 28


 1540 0037 49       		.uleb128 0x49
 1541 0038 13       		.uleb128 0x13
 1542 0039 00       		.byte	0
 1543 003a 00       		.byte	0
 1544 003b 06       		.uleb128 0x6
 1545 003c 13       		.uleb128 0x13
 1546 003d 01       		.byte	0x1
 1547 003e 03       		.uleb128 0x3
 1548 003f 0E       		.uleb128 0xe
 1549 0040 0B       		.uleb128 0xb
 1550 0041 0B       		.uleb128 0xb
 1551 0042 3A       		.uleb128 0x3a
 1552 0043 0B       		.uleb128 0xb
 1553 0044 3B       		.uleb128 0x3b
 1554 0045 0B       		.uleb128 0xb
 1555 0046 39       		.uleb128 0x39
 1556 0047 0B       		.uleb128 0xb
 1557 0048 01       		.uleb128 0x1
 1558 0049 13       		.uleb128 0x13
 1559 004a 00       		.byte	0
 1560 004b 00       		.byte	0
 1561 004c 07       		.uleb128 0x7
 1562 004d 0D       		.uleb128 0xd
 1563 004e 00       		.byte	0
 1564 004f 03       		.uleb128 0x3
 1565 0050 08       		.uleb128 0x8
 1566 0051 3A       		.uleb128 0x3a
 1567 0052 0B       		.uleb128 0xb
 1568 0053 3B       		.uleb128 0x3b
 1569 0054 0B       		.uleb128 0xb
 1570 0055 39       		.uleb128 0x39
 1571 0056 0B       		.uleb128 0xb
 1572 0057 49       		.uleb128 0x49
 1573 0058 13       		.uleb128 0x13
 1574 0059 38       		.uleb128 0x38
 1575 005a 0B       		.uleb128 0xb
 1576 005b 00       		.byte	0
 1577 005c 00       		.byte	0
 1578 005d 08       		.uleb128 0x8
 1579 005e 0D       		.uleb128 0xd
 1580 005f 00       		.byte	0
 1581 0060 03       		.uleb128 0x3
 1582 0061 0E       		.uleb128 0xe
 1583 0062 3A       		.uleb128 0x3a
 1584 0063 0B       		.uleb128 0xb
 1585 0064 3B       		.uleb128 0x3b
 1586 0065 0B       		.uleb128 0xb
 1587 0066 39       		.uleb128 0x39
 1588 0067 0B       		.uleb128 0xb
 1589 0068 49       		.uleb128 0x49
 1590 0069 13       		.uleb128 0x13
 1591 006a 38       		.uleb128 0x38
 1592 006b 0B       		.uleb128 0xb
 1593 006c 00       		.byte	0
 1594 006d 00       		.byte	0
 1595 006e 09       		.uleb128 0x9
 1596 006f 0D       		.uleb128 0xd
ARM GAS  C:\Users\nello\AppData\Local\Temp\ccxr2o4e.s 			page 29


 1597 0070 00       		.byte	0
 1598 0071 03       		.uleb128 0x3
 1599 0072 08       		.uleb128 0x8
 1600 0073 3A       		.uleb128 0x3a
 1601 0074 0B       		.uleb128 0xb
 1602 0075 3B       		.uleb128 0x3b
 1603 0076 05       		.uleb128 0x5
 1604 0077 39       		.uleb128 0x39
 1605 0078 0B       		.uleb128 0xb
 1606 0079 49       		.uleb128 0x49
 1607 007a 13       		.uleb128 0x13
 1608 007b 38       		.uleb128 0x38
 1609 007c 0B       		.uleb128 0xb
 1610 007d 00       		.byte	0
 1611 007e 00       		.byte	0
 1612 007f 0A       		.uleb128 0xa
 1613 0080 0D       		.uleb128 0xd
 1614 0081 00       		.byte	0
 1615 0082 03       		.uleb128 0x3
 1616 0083 0E       		.uleb128 0xe
 1617 0084 3A       		.uleb128 0x3a
 1618 0085 0B       		.uleb128 0xb
 1619 0086 3B       		.uleb128 0x3b
 1620 0087 05       		.uleb128 0x5
 1621 0088 39       		.uleb128 0x39
 1622 0089 0B       		.uleb128 0xb
 1623 008a 49       		.uleb128 0x49
 1624 008b 13       		.uleb128 0x13
 1625 008c 38       		.uleb128 0x38
 1626 008d 0B       		.uleb128 0xb
 1627 008e 00       		.byte	0
 1628 008f 00       		.byte	0
 1629 0090 0B       		.uleb128 0xb
 1630 0091 13       		.uleb128 0x13
 1631 0092 01       		.byte	0x1
 1632 0093 03       		.uleb128 0x3
 1633 0094 0E       		.uleb128 0xe
 1634 0095 0B       		.uleb128 0xb
 1635 0096 0B       		.uleb128 0xb
 1636 0097 3A       		.uleb128 0x3a
 1637 0098 0B       		.uleb128 0xb
 1638 0099 3B       		.uleb128 0x3b
 1639 009a 05       		.uleb128 0x5
 1640 009b 39       		.uleb128 0x39
 1641 009c 0B       		.uleb128 0xb
 1642 009d 01       		.uleb128 0x1
 1643 009e 13       		.uleb128 0x13
 1644 009f 00       		.byte	0
 1645 00a0 00       		.byte	0
 1646 00a1 0C       		.uleb128 0xc
 1647 00a2 0F       		.uleb128 0xf
 1648 00a3 00       		.byte	0
 1649 00a4 0B       		.uleb128 0xb
 1650 00a5 0B       		.uleb128 0xb
 1651 00a6 49       		.uleb128 0x49
 1652 00a7 13       		.uleb128 0x13
 1653 00a8 00       		.byte	0
ARM GAS  C:\Users\nello\AppData\Local\Temp\ccxr2o4e.s 			page 30


 1654 00a9 00       		.byte	0
 1655 00aa 0D       		.uleb128 0xd
 1656 00ab 26       		.uleb128 0x26
 1657 00ac 00       		.byte	0
 1658 00ad 49       		.uleb128 0x49
 1659 00ae 13       		.uleb128 0x13
 1660 00af 00       		.byte	0
 1661 00b0 00       		.byte	0
 1662 00b1 0E       		.uleb128 0xe
 1663 00b2 0F       		.uleb128 0xf
 1664 00b3 00       		.byte	0
 1665 00b4 0B       		.uleb128 0xb
 1666 00b5 0B       		.uleb128 0xb
 1667 00b6 00       		.byte	0
 1668 00b7 00       		.byte	0
 1669 00b8 0F       		.uleb128 0xf
 1670 00b9 17       		.uleb128 0x17
 1671 00ba 01       		.byte	0x1
 1672 00bb 0B       		.uleb128 0xb
 1673 00bc 0B       		.uleb128 0xb
 1674 00bd 3A       		.uleb128 0x3a
 1675 00be 0B       		.uleb128 0xb
 1676 00bf 3B       		.uleb128 0x3b
 1677 00c0 0B       		.uleb128 0xb
 1678 00c1 39       		.uleb128 0x39
 1679 00c2 0B       		.uleb128 0xb
 1680 00c3 01       		.uleb128 0x1
 1681 00c4 13       		.uleb128 0x13
 1682 00c5 00       		.byte	0
 1683 00c6 00       		.byte	0
 1684 00c7 10       		.uleb128 0x10
 1685 00c8 0D       		.uleb128 0xd
 1686 00c9 00       		.byte	0
 1687 00ca 03       		.uleb128 0x3
 1688 00cb 0E       		.uleb128 0xe
 1689 00cc 3A       		.uleb128 0x3a
 1690 00cd 0B       		.uleb128 0xb
 1691 00ce 3B       		.uleb128 0x3b
 1692 00cf 0B       		.uleb128 0xb
 1693 00d0 39       		.uleb128 0x39
 1694 00d1 0B       		.uleb128 0xb
 1695 00d2 49       		.uleb128 0x49
 1696 00d3 13       		.uleb128 0x13
 1697 00d4 00       		.byte	0
 1698 00d5 00       		.byte	0
 1699 00d6 11       		.uleb128 0x11
 1700 00d7 0D       		.uleb128 0xd
 1701 00d8 00       		.byte	0
 1702 00d9 03       		.uleb128 0x3
 1703 00da 0E       		.uleb128 0xe
 1704 00db 3A       		.uleb128 0x3a
 1705 00dc 0B       		.uleb128 0xb
 1706 00dd 3B       		.uleb128 0x3b
 1707 00de 05       		.uleb128 0x5
 1708 00df 39       		.uleb128 0x39
 1709 00e0 0B       		.uleb128 0xb
 1710 00e1 49       		.uleb128 0x49
ARM GAS  C:\Users\nello\AppData\Local\Temp\ccxr2o4e.s 			page 31


 1711 00e2 13       		.uleb128 0x13
 1712 00e3 00       		.byte	0
 1713 00e4 00       		.byte	0
 1714 00e5 12       		.uleb128 0x12
 1715 00e6 16       		.uleb128 0x16
 1716 00e7 00       		.byte	0
 1717 00e8 03       		.uleb128 0x3
 1718 00e9 0E       		.uleb128 0xe
 1719 00ea 3A       		.uleb128 0x3a
 1720 00eb 0B       		.uleb128 0xb
 1721 00ec 3B       		.uleb128 0x3b
 1722 00ed 05       		.uleb128 0x5
 1723 00ee 39       		.uleb128 0x39
 1724 00ef 0B       		.uleb128 0xb
 1725 00f0 49       		.uleb128 0x49
 1726 00f1 13       		.uleb128 0x13
 1727 00f2 00       		.byte	0
 1728 00f3 00       		.byte	0
 1729 00f4 13       		.uleb128 0x13
 1730 00f5 34       		.uleb128 0x34
 1731 00f6 00       		.byte	0
 1732 00f7 03       		.uleb128 0x3
 1733 00f8 08       		.uleb128 0x8
 1734 00f9 3A       		.uleb128 0x3a
 1735 00fa 0B       		.uleb128 0xb
 1736 00fb 3B       		.uleb128 0x3b
 1737 00fc 05       		.uleb128 0x5
 1738 00fd 39       		.uleb128 0x39
 1739 00fe 0B       		.uleb128 0xb
 1740 00ff 49       		.uleb128 0x49
 1741 0100 13       		.uleb128 0x13
 1742 0101 3F       		.uleb128 0x3f
 1743 0102 19       		.uleb128 0x19
 1744 0103 3C       		.uleb128 0x3c
 1745 0104 19       		.uleb128 0x19
 1746 0105 00       		.byte	0
 1747 0106 00       		.byte	0
 1748 0107 14       		.uleb128 0x14
 1749 0108 2E       		.uleb128 0x2e
 1750 0109 01       		.byte	0x1
 1751 010a 3F       		.uleb128 0x3f
 1752 010b 19       		.uleb128 0x19
 1753 010c 03       		.uleb128 0x3
 1754 010d 0E       		.uleb128 0xe
 1755 010e 3A       		.uleb128 0x3a
 1756 010f 0B       		.uleb128 0xb
 1757 0110 3B       		.uleb128 0x3b
 1758 0111 05       		.uleb128 0x5
 1759 0112 39       		.uleb128 0x39
 1760 0113 0B       		.uleb128 0xb
 1761 0114 27       		.uleb128 0x27
 1762 0115 19       		.uleb128 0x19
 1763 0116 49       		.uleb128 0x49
 1764 0117 13       		.uleb128 0x13
 1765 0118 01       		.uleb128 0x1
 1766 0119 13       		.uleb128 0x13
 1767 011a 00       		.byte	0
ARM GAS  C:\Users\nello\AppData\Local\Temp\ccxr2o4e.s 			page 32


 1768 011b 00       		.byte	0
 1769 011c 15       		.uleb128 0x15
 1770 011d 05       		.uleb128 0x5
 1771 011e 00       		.byte	0
 1772 011f 03       		.uleb128 0x3
 1773 0120 08       		.uleb128 0x8
 1774 0121 3A       		.uleb128 0x3a
 1775 0122 0B       		.uleb128 0xb
 1776 0123 3B       		.uleb128 0x3b
 1777 0124 05       		.uleb128 0x5
 1778 0125 39       		.uleb128 0x39
 1779 0126 0B       		.uleb128 0xb
 1780 0127 49       		.uleb128 0x49
 1781 0128 13       		.uleb128 0x13
 1782 0129 00       		.byte	0
 1783 012a 00       		.byte	0
 1784 012b 16       		.uleb128 0x16
 1785 012c 05       		.uleb128 0x5
 1786 012d 00       		.byte	0
 1787 012e 03       		.uleb128 0x3
 1788 012f 0E       		.uleb128 0xe
 1789 0130 3A       		.uleb128 0x3a
 1790 0131 0B       		.uleb128 0xb
 1791 0132 3B       		.uleb128 0x3b
 1792 0133 05       		.uleb128 0x5
 1793 0134 39       		.uleb128 0x39
 1794 0135 0B       		.uleb128 0xb
 1795 0136 49       		.uleb128 0x49
 1796 0137 13       		.uleb128 0x13
 1797 0138 00       		.byte	0
 1798 0139 00       		.byte	0
 1799 013a 17       		.uleb128 0x17
 1800 013b 34       		.uleb128 0x34
 1801 013c 00       		.byte	0
 1802 013d 03       		.uleb128 0x3
 1803 013e 0E       		.uleb128 0xe
 1804 013f 3A       		.uleb128 0x3a
 1805 0140 0B       		.uleb128 0xb
 1806 0141 3B       		.uleb128 0x3b
 1807 0142 05       		.uleb128 0x5
 1808 0143 39       		.uleb128 0x39
 1809 0144 0B       		.uleb128 0xb
 1810 0145 49       		.uleb128 0x49
 1811 0146 13       		.uleb128 0x13
 1812 0147 00       		.byte	0
 1813 0148 00       		.byte	0
 1814 0149 18       		.uleb128 0x18
 1815 014a 34       		.uleb128 0x34
 1816 014b 00       		.byte	0
 1817 014c 03       		.uleb128 0x3
 1818 014d 08       		.uleb128 0x8
 1819 014e 3A       		.uleb128 0x3a
 1820 014f 0B       		.uleb128 0xb
 1821 0150 3B       		.uleb128 0x3b
 1822 0151 05       		.uleb128 0x5
 1823 0152 39       		.uleb128 0x39
 1824 0153 0B       		.uleb128 0xb
ARM GAS  C:\Users\nello\AppData\Local\Temp\ccxr2o4e.s 			page 33


 1825 0154 49       		.uleb128 0x49
 1826 0155 13       		.uleb128 0x13
 1827 0156 00       		.byte	0
 1828 0157 00       		.byte	0
 1829 0158 19       		.uleb128 0x19
 1830 0159 34       		.uleb128 0x34
 1831 015a 00       		.byte	0
 1832 015b 03       		.uleb128 0x3
 1833 015c 0E       		.uleb128 0xe
 1834 015d 49       		.uleb128 0x49
 1835 015e 13       		.uleb128 0x13
 1836 015f 34       		.uleb128 0x34
 1837 0160 19       		.uleb128 0x19
 1838 0161 00       		.byte	0
 1839 0162 00       		.byte	0
 1840 0163 1A       		.uleb128 0x1a
 1841 0164 01       		.uleb128 0x1
 1842 0165 01       		.byte	0x1
 1843 0166 49       		.uleb128 0x49
 1844 0167 13       		.uleb128 0x13
 1845 0168 01       		.uleb128 0x1
 1846 0169 13       		.uleb128 0x13
 1847 016a 00       		.byte	0
 1848 016b 00       		.byte	0
 1849 016c 1B       		.uleb128 0x1b
 1850 016d 21       		.uleb128 0x21
 1851 016e 00       		.byte	0
 1852 016f 49       		.uleb128 0x49
 1853 0170 13       		.uleb128 0x13
 1854 0171 2F       		.uleb128 0x2f
 1855 0172 0B       		.uleb128 0xb
 1856 0173 00       		.byte	0
 1857 0174 00       		.byte	0
 1858 0175 1C       		.uleb128 0x1c
 1859 0176 2E       		.uleb128 0x2e
 1860 0177 01       		.byte	0x1
 1861 0178 3F       		.uleb128 0x3f
 1862 0179 19       		.uleb128 0x19
 1863 017a 03       		.uleb128 0x3
 1864 017b 0E       		.uleb128 0xe
 1865 017c 3A       		.uleb128 0x3a
 1866 017d 0B       		.uleb128 0xb
 1867 017e 3B       		.uleb128 0x3b
 1868 017f 0B       		.uleb128 0xb
 1869 0180 39       		.uleb128 0x39
 1870 0181 0B       		.uleb128 0xb
 1871 0182 27       		.uleb128 0x27
 1872 0183 19       		.uleb128 0x19
 1873 0184 49       		.uleb128 0x49
 1874 0185 13       		.uleb128 0x13
 1875 0186 01       		.uleb128 0x1
 1876 0187 13       		.uleb128 0x13
 1877 0188 00       		.byte	0
 1878 0189 00       		.byte	0
 1879 018a 1D       		.uleb128 0x1d
 1880 018b 05       		.uleb128 0x5
 1881 018c 00       		.byte	0
ARM GAS  C:\Users\nello\AppData\Local\Temp\ccxr2o4e.s 			page 34


 1882 018d 03       		.uleb128 0x3
 1883 018e 08       		.uleb128 0x8
 1884 018f 3A       		.uleb128 0x3a
 1885 0190 0B       		.uleb128 0xb
 1886 0191 3B       		.uleb128 0x3b
 1887 0192 0B       		.uleb128 0xb
 1888 0193 39       		.uleb128 0x39
 1889 0194 0B       		.uleb128 0xb
 1890 0195 49       		.uleb128 0x49
 1891 0196 13       		.uleb128 0x13
 1892 0197 00       		.byte	0
 1893 0198 00       		.byte	0
 1894 0199 1E       		.uleb128 0x1e
 1895 019a 34       		.uleb128 0x34
 1896 019b 00       		.byte	0
 1897 019c 03       		.uleb128 0x3
 1898 019d 0E       		.uleb128 0xe
 1899 019e 3A       		.uleb128 0x3a
 1900 019f 0B       		.uleb128 0xb
 1901 01a0 3B       		.uleb128 0x3b
 1902 01a1 0B       		.uleb128 0xb
 1903 01a2 39       		.uleb128 0x39
 1904 01a3 0B       		.uleb128 0xb
 1905 01a4 49       		.uleb128 0x49
 1906 01a5 13       		.uleb128 0x13
 1907 01a6 00       		.byte	0
 1908 01a7 00       		.byte	0
 1909 01a8 1F       		.uleb128 0x1f
 1910 01a9 34       		.uleb128 0x34
 1911 01aa 00       		.byte	0
 1912 01ab 03       		.uleb128 0x3
 1913 01ac 08       		.uleb128 0x8
 1914 01ad 3A       		.uleb128 0x3a
 1915 01ae 0B       		.uleb128 0xb
 1916 01af 3B       		.uleb128 0x3b
 1917 01b0 0B       		.uleb128 0xb
 1918 01b1 39       		.uleb128 0x39
 1919 01b2 0B       		.uleb128 0xb
 1920 01b3 49       		.uleb128 0x49
 1921 01b4 13       		.uleb128 0x13
 1922 01b5 00       		.byte	0
 1923 01b6 00       		.byte	0
 1924 01b7 20       		.uleb128 0x20
 1925 01b8 2E       		.uleb128 0x2e
 1926 01b9 01       		.byte	0x1
 1927 01ba 3F       		.uleb128 0x3f
 1928 01bb 19       		.uleb128 0x19
 1929 01bc 03       		.uleb128 0x3
 1930 01bd 0E       		.uleb128 0xe
 1931 01be 3A       		.uleb128 0x3a
 1932 01bf 0B       		.uleb128 0xb
 1933 01c0 3B       		.uleb128 0x3b
 1934 01c1 0B       		.uleb128 0xb
 1935 01c2 39       		.uleb128 0x39
 1936 01c3 0B       		.uleb128 0xb
 1937 01c4 27       		.uleb128 0x27
 1938 01c5 19       		.uleb128 0x19
ARM GAS  C:\Users\nello\AppData\Local\Temp\ccxr2o4e.s 			page 35


 1939 01c6 01       		.uleb128 0x1
 1940 01c7 13       		.uleb128 0x13
 1941 01c8 00       		.byte	0
 1942 01c9 00       		.byte	0
 1943 01ca 21       		.uleb128 0x21
 1944 01cb 0B       		.uleb128 0xb
 1945 01cc 01       		.byte	0x1
 1946 01cd 00       		.byte	0
 1947 01ce 00       		.byte	0
 1948 01cf 22       		.uleb128 0x22
 1949 01d0 2E       		.uleb128 0x2e
 1950 01d1 00       		.byte	0
 1951 01d2 03       		.uleb128 0x3
 1952 01d3 0E       		.uleb128 0xe
 1953 01d4 3A       		.uleb128 0x3a
 1954 01d5 0B       		.uleb128 0xb
 1955 01d6 3B       		.uleb128 0x3b
 1956 01d7 0B       		.uleb128 0xb
 1957 01d8 39       		.uleb128 0x39
 1958 01d9 0B       		.uleb128 0xb
 1959 01da 27       		.uleb128 0x27
 1960 01db 19       		.uleb128 0x19
 1961 01dc 49       		.uleb128 0x49
 1962 01dd 13       		.uleb128 0x13
 1963 01de 00       		.byte	0
 1964 01df 00       		.byte	0
 1965 01e0 23       		.uleb128 0x23
 1966 01e1 2E       		.uleb128 0x2e
 1967 01e2 00       		.byte	0
 1968 01e3 03       		.uleb128 0x3
 1969 01e4 0E       		.uleb128 0xe
 1970 01e5 3A       		.uleb128 0x3a
 1971 01e6 0B       		.uleb128 0xb
 1972 01e7 3B       		.uleb128 0x3b
 1973 01e8 05       		.uleb128 0x5
 1974 01e9 39       		.uleb128 0x39
 1975 01ea 0B       		.uleb128 0xb
 1976 01eb 27       		.uleb128 0x27
 1977 01ec 19       		.uleb128 0x19
 1978 01ed 49       		.uleb128 0x49
 1979 01ee 13       		.uleb128 0x13
 1980 01ef 00       		.byte	0
 1981 01f0 00       		.byte	0
 1982 01f1 24       		.uleb128 0x24
 1983 01f2 2E       		.uleb128 0x2e
 1984 01f3 01       		.byte	0x1
 1985 01f4 03       		.uleb128 0x3
 1986 01f5 0E       		.uleb128 0xe
 1987 01f6 3A       		.uleb128 0x3a
 1988 01f7 0B       		.uleb128 0xb
 1989 01f8 3B       		.uleb128 0x3b
 1990 01f9 0B       		.uleb128 0xb
 1991 01fa 39       		.uleb128 0x39
 1992 01fb 0B       		.uleb128 0xb
 1993 01fc 27       		.uleb128 0x27
 1994 01fd 19       		.uleb128 0x19
 1995 01fe 01       		.uleb128 0x1
ARM GAS  C:\Users\nello\AppData\Local\Temp\ccxr2o4e.s 			page 36


 1996 01ff 13       		.uleb128 0x13
 1997 0200 00       		.byte	0
 1998 0201 00       		.byte	0
 1999 0202 25       		.uleb128 0x25
 2000 0203 2E       		.uleb128 0x2e
 2001 0204 01       		.byte	0x1
 2002 0205 03       		.uleb128 0x3
 2003 0206 0E       		.uleb128 0xe
 2004 0207 3A       		.uleb128 0x3a
 2005 0208 0B       		.uleb128 0xb
 2006 0209 3B       		.uleb128 0x3b
 2007 020a 05       		.uleb128 0x5
 2008 020b 39       		.uleb128 0x39
 2009 020c 0B       		.uleb128 0xb
 2010 020d 27       		.uleb128 0x27
 2011 020e 19       		.uleb128 0x19
 2012 020f 01       		.uleb128 0x1
 2013 0210 13       		.uleb128 0x13
 2014 0211 00       		.byte	0
 2015 0212 00       		.byte	0
 2016 0213 26       		.uleb128 0x26
 2017 0214 2E       		.uleb128 0x2e
 2018 0215 00       		.byte	0
 2019 0216 03       		.uleb128 0x3
 2020 0217 0E       		.uleb128 0xe
 2021 0218 3A       		.uleb128 0x3a
 2022 0219 0B       		.uleb128 0xb
 2023 021a 3B       		.uleb128 0x3b
 2024 021b 05       		.uleb128 0x5
 2025 021c 39       		.uleb128 0x39
 2026 021d 0B       		.uleb128 0xb
 2027 021e 27       		.uleb128 0x27
 2028 021f 19       		.uleb128 0x19
 2029 0220 00       		.byte	0
 2030 0221 00       		.byte	0
 2031 0222 27       		.uleb128 0x27
 2032 0223 2E       		.uleb128 0x2e
 2033 0224 01       		.byte	0x1
 2034 0225 03       		.uleb128 0x3
 2035 0226 0E       		.uleb128 0xe
 2036 0227 3A       		.uleb128 0x3a
 2037 0228 0B       		.uleb128 0xb
 2038 0229 3B       		.uleb128 0x3b
 2039 022a 05       		.uleb128 0x5
 2040 022b 39       		.uleb128 0x39
 2041 022c 0B       		.uleb128 0xb
 2042 022d 27       		.uleb128 0x27
 2043 022e 19       		.uleb128 0x19
 2044 022f 49       		.uleb128 0x49
 2045 0230 13       		.uleb128 0x13
 2046 0231 01       		.uleb128 0x1
 2047 0232 13       		.uleb128 0x13
 2048 0233 00       		.byte	0
 2049 0234 00       		.byte	0
 2050 0235 28       		.uleb128 0x28
 2051 0236 2E       		.uleb128 0x2e
 2052 0237 01       		.byte	0x1
ARM GAS  C:\Users\nello\AppData\Local\Temp\ccxr2o4e.s 			page 37


 2053 0238 03       		.uleb128 0x3
 2054 0239 0E       		.uleb128 0xe
 2055 023a 3A       		.uleb128 0x3a
 2056 023b 0B       		.uleb128 0xb
 2057 023c 3B       		.uleb128 0x3b
 2058 023d 0B       		.uleb128 0xb
 2059 023e 39       		.uleb128 0x39
 2060 023f 0B       		.uleb128 0xb
 2061 0240 27       		.uleb128 0x27
 2062 0241 19       		.uleb128 0x19
 2063 0242 49       		.uleb128 0x49
 2064 0243 13       		.uleb128 0x13
 2065 0244 01       		.uleb128 0x1
 2066 0245 13       		.uleb128 0x13
 2067 0246 00       		.byte	0
 2068 0247 00       		.byte	0
 2069 0248 29       		.uleb128 0x29
 2070 0249 2E       		.uleb128 0x2e
 2071 024a 01       		.byte	0x1
 2072 024b 03       		.uleb128 0x3
 2073 024c 0E       		.uleb128 0xe
 2074 024d 3A       		.uleb128 0x3a
 2075 024e 0B       		.uleb128 0xb
 2076 024f 3B       		.uleb128 0x3b
 2077 0250 0B       		.uleb128 0xb
 2078 0251 39       		.uleb128 0x39
 2079 0252 0B       		.uleb128 0xb
 2080 0253 27       		.uleb128 0x27
 2081 0254 19       		.uleb128 0x19
 2082 0255 00       		.byte	0
 2083 0256 00       		.byte	0
 2084 0257 00       		.byte	0
 2085              		.section	.gnu.debuglto_.debug_line,"e",%progbits
 2086              	.Ldebug_line0:
 2087 0000 7D020000 		.4byte	.LELT0-.LSLT0
 2088              	.LSLT0:
 2089 0004 0400     		.2byte	0x4
 2090 0006 77020000 		.4byte	.LELTP0-.LASLTP0
 2091              	.LASLTP0:
 2092 000a 01       		.byte	0x1
 2093 000b 01       		.byte	0x1
 2094 000c 01       		.byte	0x1
 2095 000d F6       		.byte	0xf6
 2096 000e F2       		.byte	0xf2
 2097 000f 0D       		.byte	0xd
 2098 0010 00       		.byte	0
 2099 0011 01       		.byte	0x1
 2100 0012 01       		.byte	0x1
 2101 0013 01       		.byte	0x1
 2102 0014 01       		.byte	0x1
 2103 0015 00       		.byte	0
 2104 0016 00       		.byte	0
 2105 0017 00       		.byte	0
 2106 0018 01       		.byte	0x1
 2107 0019 00       		.byte	0
 2108 001a 00       		.byte	0
 2109 001b 01       		.byte	0x1
ARM GAS  C:\Users\nello\AppData\Local\Temp\ccxr2o4e.s 			page 38


 2110 001c 2E2E2F2E 		.ascii	"../../chibios2111/os/common/ext/ARM/CMSIS/Core/Incl"
 2110      2E2F6368 
 2110      6962696F 
 2110      73323131 
 2110      312F6F73 
 2111 004f 756465   		.ascii	"ude"
 2112 0052 00       		.byte	0
 2113 0053 2E2E2F2E 		.ascii	"../../chibios2111/os/common/ports/ARM-common"
 2113      2E2F6368 
 2113      6962696F 
 2113      73323131 
 2113      312F6F73 
 2114 007f 00       		.byte	0
 2115 0080 2E2E2F2E 		.ascii	"../../chibios2111/os/common/ports/ARMv7-M-ALT"
 2115      2E2F6368 
 2115      6962696F 
 2115      73323131 
 2115      312F6F73 
 2116 00ad 00       		.byte	0
 2117 00ae 2E2E2F2E 		.ascii	"../../chibios2111/os/rt/include"
 2117      2E2F6368 
 2117      6962696F 
 2117      73323131 
 2117      312F6F73 
 2118 00cd 00       		.byte	0
 2119 00ce 2E2E2F2E 		.ascii	"../../chibios2111/os/rt/src"
 2119      2E2F6368 
 2119      6962696F 
 2119      73323131 
 2119      312F6F73 
 2120 00e9 00       		.byte	0
 2121 00ea 633A5C63 		.ascii	"c:\\chibistudio\\tools\\gnu tools arm embedded\\10."
 2121      68696269 
 2121      73747564 
 2121      696F5C74 
 2121      6F6F6C73 
 2122 0119 33203230 		.ascii	"3 2021.10\\arm-none-eabi\\include\\machine"
 2122      32312E31 
 2122      305C6172 
 2122      6D2D6E6F 
 2122      6E652D65 
 2123 0140 00       		.byte	0
 2124 0141 633A5C63 		.ascii	"c:\\chibistudio\\tools\\gnu tools arm embedded\\10."
 2124      68696269 
 2124      73747564 
 2124      696F5C74 
 2124      6F6F6C73 
 2125 0170 33203230 		.ascii	"3 2021.10\\arm-none-eabi\\include\\sys"
 2125      32312E31 
 2125      305C6172 
 2125      6D2D6E6F 
 2125      6E652D65 
 2126 0193 00       		.byte	0
 2127 0194 00       		.byte	0
 2128 0195 5F646566 		.ascii	"_default_types.h\000"
 2128      61756C74 
 2128      5F747970 
ARM GAS  C:\Users\nello\AppData\Local\Temp\ccxr2o4e.s 			page 39


 2128      65732E68 
 2128      00
 2129 01a6 06       		.uleb128 0x6
 2130 01a7 00       		.uleb128 0
 2131 01a8 00       		.uleb128 0
 2132 01a9 5F737464 		.ascii	"_stdint.h\000"
 2132      696E742E 
 2132      6800
 2133 01b3 07       		.uleb128 0x7
 2134 01b4 00       		.uleb128 0
 2135 01b5 00       		.uleb128 0
 2136 01b6 63687479 		.ascii	"chtypes.h\000"
 2136      7065732E 
 2136      6800
 2137 01c0 02       		.uleb128 0x2
 2138 01c1 00       		.uleb128 0
 2139 01c2 00       		.uleb128 0
 2140 01c3 63686561 		.ascii	"chearly.h\000"
 2140      726C792E 
 2140      6800
 2141 01cd 04       		.uleb128 0x4
 2142 01ce 00       		.uleb128 0
 2143 01cf 00       		.uleb128 0
 2144 01d0 63686F62 		.ascii	"chobjects.h\000"
 2144      6A656374 
 2144      732E6800 
 2145 01dc 04       		.uleb128 0x4
 2146 01dd 00       		.uleb128 0
 2147 01de 00       		.uleb128 0
 2148 01df 63687266 		.ascii	"chrfcu.h\000"
 2148      63752E68 
 2148      00
 2149 01e8 04       		.uleb128 0x4
 2150 01e9 00       		.uleb128 0
 2151 01ea 00       		.uleb128 0
 2152 01eb 63686465 		.ascii	"chdebug.h\000"
 2152      6275672E 
 2152      6800
 2153 01f5 04       		.uleb128 0x4
 2154 01f6 00       		.uleb128 0
 2155 01f7 00       		.uleb128 0
 2156 01f8 63687469 		.ascii	"chtime.h\000"
 2156      6D652E68 
 2156      00
 2157 0201 04       		.uleb128 0x4
 2158 0202 00       		.uleb128 0
 2159 0203 00       		.uleb128 0
 2160 0204 63686C69 		.ascii	"chlists.h\000"
 2160      7374732E 
 2160      6800
 2161 020e 04       		.uleb128 0x4
 2162 020f 00       		.uleb128 0
 2163 0210 00       		.uleb128 0
 2164 0211 6368636F 		.ascii	"chcore.h\000"
 2164      72652E68 
 2164      00
 2165 021a 03       		.uleb128 0x3
ARM GAS  C:\Users\nello\AppData\Local\Temp\ccxr2o4e.s 			page 40


 2166 021b 00       		.uleb128 0
 2167 021c 00       		.uleb128 0
 2168 021d 63687365 		.ascii	"chsem.h\000"
 2168      6D2E6800 
 2169 0225 04       		.uleb128 0x4
 2170 0226 00       		.uleb128 0
 2171 0227 00       		.uleb128 0
 2172 0228 63686D74 		.ascii	"chmtx.h\000"
 2172      782E6800 
 2173 0230 04       		.uleb128 0x4
 2174 0231 00       		.uleb128 0
 2175 0232 00       		.uleb128 0
 2176 0233 6368636F 		.ascii	"chcond.h\000"
 2176      6E642E68 
 2176      00
 2177 023c 04       		.uleb128 0x4
 2178 023d 00       		.uleb128 0
 2179 023e 00       		.uleb128 0
 2180 023f 6368636F 		.ascii	"chcond.c\000"
 2180      6E642E63 
 2180      00
 2181 0248 05       		.uleb128 0x5
 2182 0249 00       		.uleb128 0
 2183 024a 00       		.uleb128 0
 2184 024b 63687468 		.ascii	"chthreads.h\000"
 2184      72656164 
 2184      732E6800 
 2185 0257 04       		.uleb128 0x4
 2186 0258 00       		.uleb128 0
 2187 0259 00       		.uleb128 0
 2188 025a 63687363 		.ascii	"chschd.h\000"
 2188      68642E68 
 2188      00
 2189 0263 04       		.uleb128 0x4
 2190 0264 00       		.uleb128 0
 2191 0265 00       		.uleb128 0
 2192 0266 63687379 		.ascii	"chsys.h\000"
 2192      732E6800 
 2193 026e 04       		.uleb128 0x4
 2194 026f 00       		.uleb128 0
 2195 0270 00       		.uleb128 0
 2196 0271 636D7369 		.ascii	"cmsis_gcc.h\000"
 2196      735F6763 
 2196      632E6800 
 2197 027d 01       		.uleb128 0x1
 2198 027e 00       		.uleb128 0
 2199 027f 00       		.uleb128 0
 2200 0280 00       		.byte	0
 2201              	.LELTP0:
 2202              	.LELT0:
 2203              		.section	.gnu.debuglto_.debug_str,"eMS",%progbits,1
 2204              	.LASF105:
 2205 0000 72656164 		.ascii	"ready_list_t\000"
 2205      795F6C69 
 2205      73745F74 
 2205      00
 2206              	.LASF49:
ARM GAS  C:\Users\nello\AppData\Local\Temp\ccxr2o4e.s 			page 41


 2207 000d 72666375 		.ascii	"rfcu\000"
 2207      00
 2208              	.LASF96:
 2209 0012 77747472 		.ascii	"wttrp\000"
 2209      7000
 2210              	.LASF73:
 2211 0018 64656C74 		.ascii	"delta\000"
 2211      6100
 2212              	.LASF93:
 2213 001e 7264796D 		.ascii	"rdymsg\000"
 2213      736700
 2214              	.LASF17:
 2215 0025 75696E74 		.ascii	"uint64_t\000"
 2215      36345F74 
 2215      00
 2216              	.LASF7:
 2217 002e 5F5F7569 		.ascii	"__uint8_t\000"
 2217      6E74385F 
 2217      7400
 2218              	.LASF67:
 2219 0038 70726576 		.ascii	"prev\000"
 2219      00
 2220              	.LASF77:
 2221 003d 706F7274 		.ascii	"port_intctx\000"
 2221      5F696E74 
 2221      63747800 
 2222              	.LASF59:
 2223 0049 73797374 		.ascii	"system_debug_t\000"
 2223      656D5F64 
 2223      65627567 
 2223      5F7400
 2224              	.LASF48:
 2225 0058 636F7265 		.ascii	"core_id\000"
 2225      5F696400 
 2226              	.LASF68:
 2227 0060 63685F70 		.ascii	"ch_priority_queue_t\000"
 2227      72696F72 
 2227      6974795F 
 2227      71756575 
 2227      655F7400 
 2228              	.LASF123:
 2229 0074 6368436F 		.ascii	"chCondBroadcastI\000"
 2229      6E644272 
 2229      6F616463 
 2229      61737449 
 2229      00
 2230              	.LASF13:
 2231 0085 6C6F6E67 		.ascii	"long long unsigned int\000"
 2231      206C6F6E 
 2231      6720756E 
 2231      7369676E 
 2231      65642069 
 2232              	.LASF94:
 2233 009c 65786974 		.ascii	"exitcode\000"
 2233      636F6465 
 2233      00
 2234              	.LASF51:
ARM GAS  C:\Users\nello\AppData\Local\Temp\ccxr2o4e.s 			page 42


 2235 00a5 6D61696E 		.ascii	"mainthread\000"
 2235      74687265 
 2235      616400
 2236              	.LASF97:
 2237 00b0 73656E74 		.ascii	"sentmsg\000"
 2237      6D736700 
 2238              	.LASF86:
 2239 00b8 76697274 		.ascii	"virtual_timers_list_t\000"
 2239      75616C5F 
 2239      74696D65 
 2239      72735F6C 
 2239      6973745F 
 2240              	.LASF64:
 2241 00ce 6E657874 		.ascii	"next\000"
 2241      00
 2242              	.LASF6:
 2243 00d3 73686F72 		.ascii	"short unsigned int\000"
 2243      7420756E 
 2243      7369676E 
 2243      65642069 
 2243      6E7400
 2244              	.LASF35:
 2245 00e6 72656673 		.ascii	"refs\000"
 2245      00
 2246              	.LASF1:
 2247 00eb 6C6F6E67 		.ascii	"long long int\000"
 2247      206C6F6E 
 2247      6720696E 
 2247      7400
 2248              	.LASF3:
 2249 00f9 7369676E 		.ascii	"signed char\000"
 2249      65642063 
 2249      68617200 
 2250              	.LASF114:
 2251 0105 636F6E64 		.ascii	"condition_variable_t\000"
 2251      6974696F 
 2251      6E5F7661 
 2251      72696162 
 2251      6C655F74 
 2252              	.LASF72:
 2253 011a 63685F64 		.ascii	"ch_delta_list\000"
 2253      656C7461 
 2253      5F6C6973 
 2253      7400
 2254              	.LASF136:
 2255 0128 62617365 		.ascii	"basePri\000"
 2255      50726900 
 2256              	.LASF46:
 2257 0130 76746C69 		.ascii	"vtlist\000"
 2257      737400
 2258              	.LASF133:
 2259 0137 706F7274 		.ascii	"port_unlock\000"
 2259      5F756E6C 
 2259      6F636B00 
 2260              	.LASF37:
 2261 0143 6D736771 		.ascii	"msgqueue\000"
 2261      75657565 
ARM GAS  C:\Users\nello\AppData\Local\Temp\ccxr2o4e.s 			page 43


 2261      00
 2262              	.LASF33:
 2263 014c 73746174 		.ascii	"state\000"
 2263      6500
 2264              	.LASF9:
 2265 0152 6C6F6E67 		.ascii	"long int\000"
 2265      20696E74 
 2265      00
 2266              	.LASF21:
 2267 015b 74737461 		.ascii	"tstate_t\000"
 2267      74655F74 
 2267      00
 2268              	.LASF53:
 2269 0164 63685F72 		.ascii	"ch_rfcu\000"
 2269      66637500 
 2270              	.LASF66:
 2271 016c 63685F71 		.ascii	"ch_queue\000"
 2271      75657565 
 2271      00
 2272              	.LASF88:
 2273 0175 71756575 		.ascii	"queue\000"
 2273      6500
 2274              	.LASF137:
 2275 017b 63685F71 		.ascii	"ch_queue_fifo_remove\000"
 2275      75657565 
 2275      5F666966 
 2275      6F5F7265 
 2275      6D6F7665 
 2276              	.LASF71:
 2277 0190 63685F64 		.ascii	"ch_delta_list_t\000"
 2277      656C7461 
 2277      5F6C6973 
 2277      745F7400 
 2278              	.LASF87:
 2279 01a0 63685F72 		.ascii	"ch_registry\000"
 2279      65676973 
 2279      74727900 
 2280              	.LASF10:
 2281 01ac 5F5F7569 		.ascii	"__uint32_t\000"
 2281      6E743332 
 2281      5F7400
 2282              	.LASF54:
 2283 01b7 6D61736B 		.ascii	"mask\000"
 2283      00
 2284              	.LASF56:
 2285 01bc 63685F73 		.ascii	"ch_system_debug\000"
 2285      79737465 
 2285      6D5F6465 
 2285      62756700 
 2286              	.LASF36:
 2287 01cc 77616974 		.ascii	"waiting\000"
 2287      696E6700 
 2288              	.LASF107:
 2289 01d4 6D61696E 		.ascii	"mainthread_base\000"
 2289      74687265 
 2289      61645F62 
 2289      61736500 
ARM GAS  C:\Users\nello\AppData\Local\Temp\ccxr2o4e.s 			page 44


 2290              	.LASF112:
 2291 01e4 6D757465 		.ascii	"mutex_t\000"
 2291      785F7400 
 2292              	.LASF126:
 2293 01ec 6368436F 		.ascii	"chCondSignal\000"
 2293      6E645369 
 2293      676E616C 
 2293      00
 2294              	.LASF61:
 2295 01f9 73797369 		.ascii	"sysinterval_t\000"
 2295      6E746572 
 2295      76616C5F 
 2295      7400
 2296              	.LASF26:
 2297 0207 636E745F 		.ascii	"cnt_t\000"
 2297      7400
 2298              	.LASF0:
 2299 020d 756E7369 		.ascii	"unsigned int\000"
 2299      676E6564 
 2299      20696E74 
 2299      00
 2300              	.LASF75:
 2301 021a 6C725F74 		.ascii	"lr_thd\000"
 2301      686400
 2302              	.LASF98:
 2303 0221 77747365 		.ascii	"wtsemp\000"
 2303      6D7000
 2304              	.LASF11:
 2305 0228 6C6F6E67 		.ascii	"long unsigned int\000"
 2305      20756E73 
 2305      69676E65 
 2305      6420696E 
 2305      7400
 2306              	.LASF29:
 2307 023a 72717565 		.ascii	"rqueue\000"
 2307      756500
 2308              	.LASF65:
 2309 0241 63685F71 		.ascii	"ch_queue_t\000"
 2309      75657565 
 2309      5F7400
 2310              	.LASF116:
 2311 024c 74696D65 		.ascii	"timeout\000"
 2311      6F757400 
 2312              	.LASF31:
 2313 0254 6E616D65 		.ascii	"name\000"
 2313      00
 2314              	.LASF139:
 2315 0259 474E5520 		.ascii	"GNU C17 10.3.1 20210824 (release) -mcpu=cortex-m4 -"
 2315      43313720 
 2315      31302E33 
 2315      2E312032 
 2315      30323130 
 2316 028c 6D746875 		.ascii	"mthumb -mfloat-abi=soft -march=armv7e-m -ggdb -O2 -"
 2316      6D62202D 
 2316      6D666C6F 
 2316      61742D61 
 2316      62693D73 
ARM GAS  C:\Users\nello\AppData\Local\Temp\ccxr2o4e.s 			page 45


 2317 02bf 666F6D69 		.ascii	"fomit-frame-pointer -falign-functions=16 -ffunction"
 2317      742D6672 
 2317      616D652D 
 2317      706F696E 
 2317      74657220 
 2318 02f2 2D736563 		.ascii	"-sections -fdata-sections -fno-common -flto\000"
 2318      74696F6E 
 2318      73202D66 
 2318      64617461 
 2318      2D736563 
 2319              	.LASF41:
 2320 031e 6D706F6F 		.ascii	"mpool\000"
 2320      6C00
 2321              	.LASF78:
 2322 0324 62617365 		.ascii	"basepri\000"
 2322      70726900 
 2323              	.LASF43:
 2324 032c 63685F74 		.ascii	"ch_thread\000"
 2324      68726561 
 2324      6400
 2325              	.LASF117:
 2326 0336 63757272 		.ascii	"currtp\000"
 2326      747000
 2327              	.LASF24:
 2328 033d 6D73675F 		.ascii	"msg_t\000"
 2328      7400
 2329              	.LASF38:
 2330 0343 6570656E 		.ascii	"epending\000"
 2330      64696E67 
 2330      00
 2331              	.LASF20:
 2332 034c 746D6F64 		.ascii	"tmode_t\000"
 2332      655F7400 
 2333              	.LASF63:
 2334 0354 63685F6C 		.ascii	"ch_list\000"
 2334      69737400 
 2335              	.LASF103:
 2336 035c 63685F72 		.ascii	"ch_ready_list\000"
 2336      65616479 
 2336      5F6C6973 
 2336      7400
 2337              	.LASF25:
 2338 036a 6576656E 		.ascii	"eventmask_t\000"
 2338      746D6173 
 2338      6B5F7400 
 2339              	.LASF79:
 2340 0376 6C725F65 		.ascii	"lr_exc\000"
 2340      786300
 2341              	.LASF19:
 2342 037d 73746B61 		.ascii	"stkalign_t\000"
 2342      6C69676E 
 2342      5F7400
 2343              	.LASF109:
 2344 0388 69646C65 		.ascii	"idlethread_base\000"
 2344      74687265 
 2344      61645F62 
 2344      61736500 
ARM GAS  C:\Users\nello\AppData\Local\Temp\ccxr2o4e.s 			page 46


 2345              	.LASF85:
 2346 0398 6C617374 		.ascii	"laststamp\000"
 2346      7374616D 
 2346      7000
 2347              	.LASF40:
 2348 03a2 7265616C 		.ascii	"realprio\000"
 2348      7072696F 
 2348      00
 2349              	.LASF52:
 2350 03ab 72666375 		.ascii	"rfcu_mask_t\000"
 2350      5F6D6173 
 2350      6B5F7400 
 2351              	.LASF90:
 2352 03b7 74687265 		.ascii	"thread_reference_t\000"
 2352      61645F72 
 2352      65666572 
 2352      656E6365 
 2352      5F7400
 2353              	.LASF82:
 2354 03ca 63685F76 		.ascii	"ch_virtual_timers_list\000"
 2354      69727475 
 2354      616C5F74 
 2354      696D6572 
 2354      735F6C69 
 2355              	.LASF113:
 2356 03e1 636F6E64 		.ascii	"condition_variable\000"
 2356      6974696F 
 2356      6E5F7661 
 2356      72696162 
 2356      6C6500
 2357              	.LASF118:
 2358 03f4 6368436F 		.ascii	"chCondWaitTimeoutS\000"
 2358      6E645761 
 2358      69745469 
 2358      6D656F75 
 2358      745300
 2359              	.LASF62:
 2360 0407 63685F6C 		.ascii	"ch_list_t\000"
 2360      6973745F 
 2360      7400
 2361              	.LASF106:
 2362 0411 63685F6F 		.ascii	"ch_os_instance_config\000"
 2362      735F696E 
 2362      7374616E 
 2362      63655F63 
 2362      6F6E6669 
 2363              	.LASF80:
 2364 0427 706F7274 		.ascii	"port_context\000"
 2364      5F636F6E 
 2364      74657874 
 2364      00
 2365              	.LASF74:
 2366 0434 706F7274 		.ascii	"port_extctx\000"
 2366      5F657874 
 2366      63747800 
 2367              	.LASF70:
 2368 0440 7072696F 		.ascii	"prio\000"
ARM GAS  C:\Users\nello\AppData\Local\Temp\ccxr2o4e.s 			page 47


 2368      00
 2369              	.LASF124:
 2370 0445 6368436F 		.ascii	"chCondBroadcast\000"
 2370      6E644272 
 2370      6F616463 
 2370      61737400 
 2371              	.LASF104:
 2372 0455 63757272 		.ascii	"current\000"
 2372      656E7400 
 2373              	.LASF138:
 2374 045d 63685F71 		.ascii	"ch_queue_notempty\000"
 2374      75657565 
 2374      5F6E6F74 
 2374      656D7074 
 2374      7900
 2375              	.LASF12:
 2376 046f 5F5F7569 		.ascii	"__uint64_t\000"
 2376      6E743634 
 2376      5F7400
 2377              	.LASF27:
 2378 047a 636F7265 		.ascii	"core_id_t\000"
 2378      5F69645F 
 2378      7400
 2379              	.LASF22:
 2380 0484 74726566 		.ascii	"trefs_t\000"
 2380      735F7400 
 2381              	.LASF23:
 2382 048c 74707269 		.ascii	"tprio_t\000"
 2382      6F5F7400 
 2383              	.LASF125:
 2384 0494 6368436F 		.ascii	"chCondSignalI\000"
 2384      6E645369 
 2384      676E616C 
 2384      4900
 2385              	.LASF115:
 2386 04a2 5F426F6F 		.ascii	"_Bool\000"
 2386      6C00
 2387              	.LASF15:
 2388 04a8 696E7433 		.ascii	"int32_t\000"
 2388      325F7400 
 2389              	.LASF4:
 2390 04b0 756E7369 		.ascii	"unsigned char\000"
 2390      676E6564 
 2390      20636861 
 2390      7200
 2391              	.LASF55:
 2392 04be 72666375 		.ascii	"rfcu_t\000"
 2392      5F7400
 2393              	.LASF5:
 2394 04c5 73686F72 		.ascii	"short int\000"
 2394      7420696E 
 2394      7400
 2395              	.LASF84:
 2396 04cf 6C617374 		.ascii	"lasttime\000"
 2396      74696D65 
 2396      00
 2397              	.LASF76:
ARM GAS  C:\Users\nello\AppData\Local\Temp\ccxr2o4e.s 			page 48


 2398 04d8 78707372 		.ascii	"xpsr\000"
 2398      00
 2399              	.LASF100:
 2400 04dd 65776D61 		.ascii	"ewmask\000"
 2400      736B00
 2401              	.LASF121:
 2402 04e4 5F5F6675 		.ascii	"__func__\000"
 2402      6E635F5F 
 2402      00
 2403              	.LASF132:
 2404 04ed 63685379 		.ascii	"chSysLock\000"
 2404      734C6F63 
 2404      6B00
 2405              	.LASF101:
 2406 04f7 63685F73 		.ascii	"ch_semaphore\000"
 2406      656D6170 
 2406      686F7265 
 2406      00
 2407              	.LASF89:
 2408 0504 72656769 		.ascii	"registry_t\000"
 2408      73747279 
 2408      5F7400
 2409              	.LASF16:
 2410 050f 75696E74 		.ascii	"uint32_t\000"
 2410      33325F74 
 2410      00
 2411              	.LASF99:
 2412 0518 77746D74 		.ascii	"wtmtxp\000"
 2412      787000
 2413              	.LASF18:
 2414 051f 706F7274 		.ascii	"port_stkalign_t\000"
 2414      5F73746B 
 2414      616C6967 
 2414      6E5F7400 
 2415              	.LASF30:
 2416 052f 6F776E65 		.ascii	"owner\000"
 2416      7200
 2417              	.LASF81:
 2418 0535 72656773 		.ascii	"regs\000"
 2418      00
 2419              	.LASF128:
 2420 053a 63684D74 		.ascii	"chMtxGetNextMutexX\000"
 2420      78476574 
 2420      4E657874 
 2420      4D757465 
 2420      785800
 2421              	.LASF2:
 2422 054d 6C6F6E67 		.ascii	"long double\000"
 2422      20646F75 
 2422      626C6500 
 2423              	.LASF32:
 2424 0559 77616261 		.ascii	"wabase\000"
 2424      736500
 2425              	.LASF58:
 2426 0560 63686172 		.ascii	"char\000"
 2426      00
 2427              	.LASF50:
ARM GAS  C:\Users\nello\AppData\Local\Temp\ccxr2o4e.s 			page 49


 2428 0565 636F6E66 		.ascii	"config\000"
 2428      696700
 2429              	.LASF120:
 2430 056c 6368436F 		.ascii	"chCondWaitS\000"
 2430      6E645761 
 2430      69745300 
 2431              	.LASF127:
 2432 0578 6368436F 		.ascii	"chCondObjectInit\000"
 2432      6E644F62 
 2432      6A656374 
 2432      496E6974 
 2432      00
 2433              	.LASF83:
 2434 0589 646C6973 		.ascii	"dlist\000"
 2434      7400
 2435              	.LASF60:
 2436 058f 73797374 		.ascii	"systime_t\000"
 2436      696D655F 
 2436      7400
 2437              	.LASF8:
 2438 0599 5F5F696E 		.ascii	"__int32_t\000"
 2438      7433325F 
 2438      7400
 2439              	.LASF135:
 2440 05a3 5F5F7365 		.ascii	"__set_BASEPRI\000"
 2440      745F4241 
 2440      53455052 
 2440      4900
 2441              	.LASF57:
 2442 05b1 70616E69 		.ascii	"panic_msg\000"
 2442      635F6D73 
 2442      6700
 2443              	.LASF92:
 2444 05bb 70717565 		.ascii	"pqueue\000"
 2444      756500
 2445              	.LASF44:
 2446 05c2 63685F6F 		.ascii	"ch_os_instance\000"
 2446      735F696E 
 2446      7374616E 
 2446      636500
 2447              	.LASF141:
 2448 05d1 433A5C43 		.ascii	"C:\\ChibiStudio\\workspace_user\\GestureLogicv3\000"
 2448      68696269 
 2448      53747564 
 2448      696F5C77 
 2448      6F726B73 
 2449              	.LASF42:
 2450 05fe 6F735F69 		.ascii	"os_instance_t\000"
 2450      6E737461 
 2450      6E63655F 
 2450      7400
 2451              	.LASF47:
 2452 060c 7265676C 		.ascii	"reglist\000"
 2452      69737400 
 2453              	.LASF69:
 2454 0614 63685F70 		.ascii	"ch_priority_queue\000"
 2454      72696F72 
ARM GAS  C:\Users\nello\AppData\Local\Temp\ccxr2o4e.s 			page 50


 2454      6974795F 
 2454      71756575 
 2454      6500
 2455              	.LASF142:
 2456 0626 63685F71 		.ascii	"ch_queue_init\000"
 2456      75657565 
 2456      5F696E69 
 2456      7400
 2457              	.LASF122:
 2458 0634 6368436F 		.ascii	"chCondWait\000"
 2458      6E645761 
 2458      697400
 2459              	.LASF111:
 2460 063f 6F735F69 		.ascii	"os_instance_config_t\000"
 2460      6E737461 
 2460      6E63655F 
 2460      636F6E66 
 2460      69675F74 
 2461              	.LASF102:
 2462 0654 63685F6D 		.ascii	"ch_mutex\000"
 2462      75746578 
 2462      00
 2463              	.LASF130:
 2464 065d 63685F73 		.ascii	"ch_sch_prio_insert\000"
 2464      63685F70 
 2464      72696F5F 
 2464      696E7365 
 2464      727400
 2465              	.LASF28:
 2466 0670 74687265 		.ascii	"thread_t\000"
 2466      61645F74 
 2466      00
 2467              	.LASF45:
 2468 0679 726C6973 		.ascii	"rlist\000"
 2468      7400
 2469              	.LASF129:
 2470 067f 63685468 		.ascii	"chThdGetSelfX\000"
 2470      64476574 
 2470      53656C66 
 2470      5800
 2471              	.LASF14:
 2472 068d 75696E74 		.ascii	"uint8_t\000"
 2472      385F7400 
 2473              	.LASF140:
 2474 0695 2E2E2F2E 		.ascii	"../../chibios2111/os/rt/src/chcond.c\000"
 2474      2E2F6368 
 2474      6962696F 
 2474      73323131 
 2474      312F6F73 
 2475              	.LASF34:
 2476 06ba 666C6167 		.ascii	"flags\000"
 2476      7300
 2477              	.LASF95:
 2478 06c0 77746F62 		.ascii	"wtobjp\000"
 2478      6A7000
 2479              	.LASF108:
 2480 06c7 6D61696E 		.ascii	"mainthread_end\000"
ARM GAS  C:\Users\nello\AppData\Local\Temp\ccxr2o4e.s 			page 51


 2480      74687265 
 2480      61645F65 
 2480      6E6400
 2481              	.LASF119:
 2482 06d6 6368436F 		.ascii	"chCondWaitTimeout\000"
 2482      6E645761 
 2482      69745469 
 2482      6D656F75 
 2482      7400
 2483              	.LASF131:
 2484 06e8 63685379 		.ascii	"chSysUnlock\000"
 2484      73556E6C 
 2484      6F636B00 
 2485              	.LASF91:
 2486 06f4 6C697374 		.ascii	"list\000"
 2486      00
 2487              	.LASF134:
 2488 06f9 706F7274 		.ascii	"port_lock\000"
 2488      5F6C6F63 
 2488      6B00
 2489              	.LASF110:
 2490 0703 69646C65 		.ascii	"idlethread_end\000"
 2490      74687265 
 2490      61645F65 
 2490      6E6400
 2491              	.LASF39:
 2492 0712 6D74786C 		.ascii	"mtxlist\000"
 2492      69737400 
 2493              		.text
 2494              		.section	.gnu.lto_.profile.6c44c24a,"e",%progbits
 2495 0000 789C6362 		.ascii	"x\234cb\000\001\000\000\022\000\003"
 2495      00010000 
 2495      120003
 2496              		.text
 2497              		.section	.gnu.lto_.icf.6c44c24a,"e",%progbits
 2498 0000 789CB363 		.ascii	"x\234\263c@\000.\206\271\233\016\177\341`l\332\273k"
 2498      40002E86 
 2498      B99B0E7F 
 2498      E1606CDA 
 2498      BB6B
 2499 0012 310BD392 		.ascii	"1\013\323\222\323\227\01722\267\316y\375\236\213\345"
 2499      D3970F32 
 2499      32B7CE79 
 2499      FD9E8BE5 
 2500 0022 F5CE1527 		.ascii	"\365\316\025'\231X_,\275\375\227\221m\371\335\023S\371"
 2500      99585F2C 
 2500      BDFD9791 
 2500      6DF9DD13 
 2500      53F9
 2501 0034 39FE6CDF 		.ascii	"9\376l\3372\233\207\363\333\212\376\033L\\;\226w>\346"
 2501      329B87F3 
 2501      DB8AFE1B 
 2501      4C5C3B96 
 2501      773EE6
 2502 0047 620000C6 		.ascii	"b\000\000\306\362\036\207"
 2502      F21E87
 2503              		.text
ARM GAS  C:\Users\nello\AppData\Local\Temp\ccxr2o4e.s 			page 52


 2504              		.section	.gnu.lto_.ipa_sra.6c44c24a,"e",%progbits
 2505 0000 789C458D 		.ascii	"x\234E\215K\022\2000\010C\223P\265\366\324^\300;\313"
 2505      4B128030 
 2505      08439350 
 2505      B5F6D45E 
 2505      C03BCB
 2506 0013 A78CB048 		.ascii	"\247\214\260H\206\227\011/\376YP[\222)*\001\255\315"
 2506      8697092F 
 2506      FE59505B 
 2506      92292A01 
 2506      ADCD
 2507 0025 D8060731 		.ascii	"\330\006\0071q1\242\317\360\313\231\300\"\023;\023["
 2507      7131A2CF 
 2507      F0CB99C0 
 2507      22133B13 
 2507      5B
 2508 0036 41DDDD4C 		.ascii	"A\335\335L\017\250>\354\302\245\010&R59\021>\314b\002"
 2508      0FA83EEC 
 2508      C2A50826 
 2508      52353911 
 2508      3ECC6202 
 2509 004a BE       		.ascii	"\276"
 2510              		.text
 2511              		.section	.gnu.lto_.inline.6c44c24a,"e",%progbits
 2512 0000 789C7D91 		.ascii	"x\234}\221?KC1\024\305On\362\332\364\371Z\005\375@\356"
 2512      3F4B4331 
 2512      14C54F6E 
 2512      F2DAF4F9 
 2512      5A05FD40 
 2513 0015 C2FB10DA 		.ascii	"\302\373\020\332\326?\237\"\342\"\270d\323J\005\025"
 2513      D63F9F22 
 2513      E222B864 
 2513      D34A0515 
 2514 0025 17973739 		.ascii	"\027\22779\011\202\012u\320\315\212\035\025W\027\207"
 2514      09820A75 
 2514      D0CD8A1D 
 2514      15571787 
 2515 0035 8A820EDE 		.ascii	"\212\202\016\336$\346\361Tj\226\\n\316\357\234\334d"
 2515      24E6F154 
 2515      6A965C6E 
 2515      CEEF9CDC 
 2515      64
 2516 0046 8150AE14 		.ascii	"\201P\256\024\230\276\350]\366hU\360:\222\200\234\207"
 2516      98BEE85D 
 2516      F66855F0 
 2516      3A92809C 
 2516      87
 2517 0057 9A7B1F14 		.ascii	"\232{\037\024wr\005\320\233\306\030\331&\020D\377d\264"
 2517      777205D0 
 2517      9BC618D9 
 2517      261044FF 
 2517      64B4
 2518 0069 4B1D822A 		.ascii	"K\035\202*k(v\020HXc\250#\004\330@p\213\310w\226\230"
 2518      6B287610 
 2518      485863A8 
 2518      2304D840 
 2518      708BC877 
ARM GAS  C:\Users\nello\AppData\Local\Temp\ccxr2o4e.s 			page 53


 2519 007f 3725CF6D 		.ascii	"7%\317m\264\306\037\303G\331\255([\237\303\253Wv\202"
 2519      B4C61FC3 
 2519      47D9AD28 
 2519      5B9FC3AB 
 2519      577682
 2520 0092 BE39E83F 		.ascii	"\2769\350?\321\267Rf\356\314\346\220\310\030\331g\204"
 2520      D1B75266 
 2520      EECCE690 
 2520      C818D967 
 2520      84
 2521 00a3 22E276E2 		.ascii	"\"\342v\342\003$\365\275\373\255\007\311)uf\017\003"
 2521      0324F5BD 
 2521      FBAD07C9 
 2521      2975660F 
 2521      03
 2522 00b4 2B7CF222 		.ascii	"+|\362\"A\22754\224\257\332\360\266S\316\303\346\012"
 2522      41973534 
 2522      94AFDAF0 
 2522      B653CEC3 
 2522      E60A
 2523 00c6 CDE3EDD3 		.ascii	"\315\343\355\3233Z\253\334&{\031\024;~\356\353b|K\335"
 2523      335AABDC 
 2523      267B1914 
 2523      3B7EEEEB 
 2523      627C4BDD 
 2524 00da 781BE189 		.ascii	"x\033\341\211\304\217c\345\262\000EG\324B\021\224\""
 2524      C48F63E5 
 2524      B2004547 
 2524      D4421194 
 2524      22
 2525 00eb 4525A186 		.ascii	"E%\241\206\031>c\277J\202\016o\365\213\213D\330\313"
 2525      193E63BF 
 2525      4A820E6F 
 2525      F58B8B44 
 2525      D8CB
 2526 00fd F163C3E6 		.ascii	"\361c\303\346:\274$M\216\366\014+\033\230}{^\337\370"
 2526      3ABC244D 
 2526      8EF60C2B 
 2526      1B987D7B 
 2526      5EDFF8
 2527 0110 119AB2EE 		.ascii	"\021\232\262\356|b\250j\372\277\261\371\337\330\024"
 2527      7C62A86A 
 2527      FABFB1F9 
 2527      DFD814
 2528 011f 0D37F13F 		.ascii	"\0157\361?\261\001v\014\276\000\212\\yg"
 2528      B101760C 
 2528      BE008A5C 
 2528      7967
 2529              		.text
 2530              		.section	.gnu.lto_.jmpfuncs.6c44c24a,"e",%progbits
 2531 0000 789C8D50 		.ascii	"x\234\215P[\016\3030\010\263\011}\254?\273qw\207\235"
 2531      5B0EC330 
 2531      08B3097D 
 2531      AC3FBB71 
 2531      77879D
 2532 0013 A157E8FA 		.ascii	"\241W\350\372\333C\354>\033aY5\205T\032\022B1\030\233"
 2532      DB43EC3E 
ARM GAS  C:\Users\nello\AppData\Local\Temp\ccxr2o4e.s 			page 54


 2532      1B615935 
 2532      85541A12 
 2532      4231189B 
 2533 0027 3C892326 		.ascii	"<\211#&\010\231nK\362\244\205UJ\251\012pW\302\362eq"
 2533      08996E4B 
 2533      F2A48555 
 2533      4AA90A70 
 2533      57C2F265 
 2534 003c 85DCD392 		.ascii	"\205\334\323\222\0148` }9\365\254\2365\272,c\015\210"
 2534      0C386020 
 2534      7D39F5AC 
 2534      9E35BA2C 
 2534      630D88
 2535 004f CEA89BFD 		.ascii	"\316\250\233\375\031K\\\273\343\340\370\340\332:\","
 2535      194B5CBB 
 2535      E3E0F8E0 
 2535      DA3A222C 
 2536 005f A8DE749A 		.ascii	"\250\336t\232\231\374\024\307\302\356\2618j\031\272"
 2536      99FC14C7 
 2536      C2EEB138 
 2536      6A19BA
 2537 006e 940FCA03 		.ascii	"\224\017\312\003}<R\270\362\327\321\3140\362\217I>\310"
 2537      7D3C52B8 
 2537      F2D7D1CC 
 2537      30F28F49 
 2537      3EC8
 2538 0080 2D1E3D65 		.ascii	"-\036=eq\026qm\270k\350\341\015\023\321y\350"
 2538      7116716D 
 2538      B86BE8E1 
 2538      0D13D179 
 2538      E8
 2539              		.text
 2540              		.section	.gnu.lto_.pureconst.6c44c24a,"e",%progbits
 2541 0000 789C05C1 		.ascii	"x\234\005\301\001\021\000 \014\003\261\001_\016f\002"
 2541      01110020 
 2541      0C03B101 
 2541      5F0E6602 
 2542 0010 DF955275 		.ascii	"\337\225Ru$\257\252\272\31403Z\006\243h\233\023]\323"
 2542      24AFAABA 
 2542      CC30335A 
 2542      06A3689B 
 2542      135DD3
 2543 0023 D1076D24 		.ascii	"\321\007m$\007\012"
 2543      070A
 2544              		.text
 2545              		.section	.gnu.lto_.lto.6c44c24a,"e",%progbits
 2546 0000 09000400 		.ascii	"\011\000\004\000\001\000\000\000"
 2546      01000000 
 2547              		.text
 2548              		.section	.gnu.lto_ch_sch_prio_insert.217.6c44c24a,"e",%progbits
 2549 0000 789C7D52 		.ascii	"x\234}R_H\223Q\024?\347\336os\237\346\2200z)\352%\304"
 2549      5F489351 
 2549      143FE7DE 
 2549      6F739FE6 
 2549      90307A29 
 2550 0017 07B7A6D4 		.ascii	"\007\267\246\324CD\011>\364Po\275\205R\366m\265Q\270"
 2550      4344093E 
ARM GAS  C:\Users\nello\AppData\Local\Temp\ccxr2o4e.s 			page 55


 2550      F4506FBD 
 2550      8552F66D 
 2550      B551B8
 2551 002a B53FF512 		.ascii	"\265?\365\022\364\2714A\037\346\024\022$%\306\010\227"
 2551      F4B93441 
 2551      1FE61412 
 2551      2425C608 
 2551      97
 2552 003b 0F11515A 		.ascii	"\017\021QZ\251-'\231NB,\261\0103\214B\023\302\212\242"
 2552      A92D2799 
 2552      4E422CB1 
 2552      08338C42 
 2552      13C28AA2 
 2553 004f 22B073EF 		.ascii	"\"\260s\357\267\325f\321\307v\357\271\347\376~\277\363"
 2553      B7D566D1 
 2553      C776EFB9 
 2553      E7FE7EBF 
 2553      F3
 2554 0060 3BF7DE77 		.ascii	";\367\336w\034 \004\000>\372c\001`G\264\225\201\256"
 2554      1C200400 
 2554      3EFA6301 
 2554      6047B495 
 2554      81AE
 2555 0072 EBD5050C 		.ascii	"\353\325\005\014;\243\2052\342\254)\332\306p\030\023"
 2555      3BA38532 
 2555      E2AC29DA 
 2555      C6701813 
 2556 0082 83C37B95 		.ascii	"\203\303{\225\346\250un|\224+\012\273\024-\312\313\230"
 2556      E6A8756E 
 2556      7C942B0A 
 2556      BB142DCA 
 2556      CB98
 2557 0094 B1F36689 		.ascii	"\261\363f\211A6ac\264U%\212\\!\\`\264mB\232\340\317"
 2557      41366163 
 2557      B455258A 
 2557      5C215C60 
 2557      B46D429A 
 2558 00aa D7C9CB69 		.ascii	"\327\311\313i\373[s\367Bs\221\336\227\3048m\366f\001"
 2558      FB5B73F7 
 2558      427391DE 
 2558      97C4386D 
 2558      F66601
 2559 00bd 573876F0 		.ascii	"W8v\3608GT2\021\303\355\024\361#P\226\324\365\351\225"
 2559      38475432 
 2559      11C3ED14 
 2559      F1235096 
 2559      D4F5E995 
 2560 00d1 415D5721 		.ascii	"A]W!\3169\016 q\360\016\342m\004\221\250\233(\0258\237"
 2560      CE390E20 
 2560      71F00EE2 
 2560      6D0491A8 
 2560      9B281538 
 2561 00e6 816BBBD8 		.ascii	"\201k\273\330\242\227(\002ww=\356Y\251\254\302\003b"
 2561      A2972802 
 2561      77773DEE 
 2561      59A9ACC2 
 2561      0362
ARM GAS  C:\Users\nello\AppData\Local\Temp\ccxr2o4e.s 			page 56


 2562 00f8 DC41E0D5 		.ascii	"\334A\340\325\345\267-\326\366F\213@\337\317E\003\324"
 2562      E5B72DD6 
 2562      F6468B40 
 2562      DFCF4503 
 2562      D4
 2563 0109 2D949A01 		.ascii	"-\224\232\001\2070\343\217rH\253\0333\246\244\376s-"
 2563      8730E38F 
 2563      7248AB1B 
 2563      33A6A4FE 
 2563      732D
 2564 011b A2EB6B15 		.ascii	"\242\353k\025\221\324J\027Z\221\224\025&\006.j(\202"
 2564      91D44A17 
 2564      5A919415 
 2564      26062E6A 
 2564      2882
 2565 012d 63128319 		.ascii	"c\022\203\031q\020-\"R\021\357\021?\302\341\372\313"
 2565      71102D22 
 2565      5211EF11 
 2565      3FC2E1FA 
 2565      CB
 2566 013e C5DDA827 		.ascii	"\305\335\250'\001\3329\223q#\305\357Q_|\232F\232\303"
 2566      01DA3993 
 2566      7123C5EF 
 2566      515F7C9A 
 2566      469AC3
 2567 0151 57F7133C 		.ascii	"W\367\023<\306\315 \020\234\216JW2\220p5\310-\223\204"
 2567      C6CD2010 
 2567      9C8E4A57 
 2567      32907035 
 2567      C82D9384 
 2568 0165 CFA6C549 		.ascii	"\317\246\305I\313p.\315\340\003\206\207\022\033b\334"
 2568      CB702ECD 
 2568      E0038687 
 2568      121B62DC 
 2569 0175 9239388E 		.ascii	"\22298\216\242\301k\342*\372\254qn\"\032\216 \354\244"
 2569      A2C16BE2 
 2569      2AFAAC71 
 2569      6E221A8E 
 2569      20ECA4
 2570 0188 B56CF501 		.ascii	"\265l\365\001\366\310\246DE\207\224\265H\255\027\351"
 2570      F6C8A644 
 2570      458794B5 
 2570      48AD17E9 
 2571 0198 6258C6A6 		.ascii	"bX\306\246\345\324@\327\026r!\322\364\375@\0220\263"
 2571      E5D440D7 
 2571      167221D2 
 2571      F4FD4012 
 2571      30B3
 2572 01aa DEF9F394 		.ascii	"\336\371\363\2240\217\314\037#o\312\344\350\312\033"
 2572      308FCC1F 
 2572      236FCAE4 
 2572      E8CA1B
 2573 01b9 2EBCA128 		.ascii	".\274\241(\376\375\353\242\032\343\230)o\316)\2775\316"
 2573      FEFDEBA2 
 2573      1AE39829 
 2573      6FCE29BF 
 2573      35CE
ARM GAS  C:\Users\nello\AppData\Local\Temp\ccxr2o4e.s 			page 57


 2574 01cb 0B88860F 		.ascii	"\013\210\206\017e.\343\300\202\243\344\000!\233Z\332"
 2574      652EE3C0 
 2574      82A3E400 
 2574      219B5ADA 
 2575 01db 16E72AA6 		.ascii	"\026\347*\246(\307@\272\354+\213\363B\034\243\204\360"
 2575      28C740BA 
 2575      EC2B8BF3 
 2575      421CA384 
 2575      F0
 2576 01ec 29DB9B22 		.ascii	")\333\233\"\227\354\267\354>)\253\256\227}\224/;\206"
 2576      97ECB7EC 
 2576      3E29ABAE 
 2576      977D942F 
 2576      3B86
 2577 01fe 42773C47 		.ascii	"Bw<Gw\012\205\360\343\2140\365\372*u\253\313N\326c\002"
 2577      770A85F0 
 2577      E38C30F5 
 2577      FA2A75AB 
 2577      CB4ED663 
 2578 0213 02E292CC 		.ascii	"\002\342\222\314\317\343=\023\364\012\251KS\177\356"
 2578      CFE33D13 
 2578      F40AA94B 
 2578      537FEE
 2579 0222 1DCDD31D 		.ascii	"\035\315\323\035\221\225\313\211MY\033KL\036\256\232"
 2579      9195CB89 
 2579      4D591B4B 
 2579      4C1EAE9A 
 2580 0232 77B893C6 		.ascii	"w\270\223\306\341\306\350)\010\326\202\301\032Jl\216"
 2580      E1C6E829 
 2580      08D682C1 
 2580      1A4A6C8E 
 2581 0242 719E255A 		.ascii	"q\236%Z$O\311\343M\021O1\272]m\235e\377\255\361\304"
 2581      244FC9E3 
 2581      4D114F31 
 2581      BA5D6D9D 
 2581      65FFADF1 
 2582 0257 C092A2AC 		.ascii	"\300\222\242\254\361\321\250\321\235\343\254X\262x\036"
 2582      F1D1A8D1 
 2582      9DE3AC58 
 2582      B2781E
 2583 0266 6B3AEB4C 		.ascii	"k:\353L\225\254\317\177\263\330?|\315dk\251\360\011"
 2583      95ACCF7F 
 2583      B3D83F7C 
 2583      CD646BA9 
 2583      F009
 2584 0278 C3AFBF1C 		.ascii	"\303\257\277\0344\336\204B\267\312\3511\320D\317?\302"
 2584      34DE8442 
 2584      B7CAE931 
 2584      D044CF3F 
 2584      C2
 2585 0289 B13FFBB6 		.ascii	"\261?\373\266\001*j\366\324\326\270=\307=\207\203!\247"
 2585      012A6AF6 
 2585      D4D6B83D 
 2585      C73D8783 
 2585      21A7
 2586 029b C75B7BCE 		.ascii	"\307[{\316\353?\025\360\325k\256\243\241\200\313_{\300"
 2586      EB3F15F0 
ARM GAS  C:\Users\nello\AppData\Local\Temp\ccxr2o4e.s 			page 58


 2586      D56BAEA3 
 2586      A180CB5F 
 2586      7BC0
 2587 02ad 150886FC 		.ascii	"\025\010\206\374\256C\336\223\036\355l\025\224\333l"
 2587      AE43DE93 
 2587      1EED6C15 
 2587      94DB6C
 2588 02bc 76FA6982 		.ascii	"v\372i\202\340\015T:\034\016\2737`\367\007\355\236\006"
 2588      E00D543A 
 2588      1C0EBB37 
 2588      60F707ED 
 2588      9E06
 2589 02ce ED74C8E9 		.ascii	"\355t\310\351\242\235\200\346v\332\334\300\316\3706"
 2589      A29D80E6 
 2589      76DADCC0 
 2589      CEF836
 2590 02dd 6A6ECDDB 		.ascii	"jn\315\333\340\264i\266*g\345\256\023\365UN`A\037\323"
 2590      E0B469B6 
 2590      2A67E5AE 
 2590      13F5554E 
 2590      60411FD3 
 2591 02f1 7CBF00CD 		.ascii	"|\277\000\315\367sr"
 2591      F77372
 2592              		.text
 2593              		.section	.gnu.lto_chCondObjectInit.335.6c44c24a,"e",%progbits
 2594 0000 789C7552 		.ascii	"x\234uRMh\023Q\020\236o\337v\333\\<\210T\274\025\245"
 2594      4D681351 
 2594      109E6FDF 
 2594      76DB5C3C 
 2594      8854BC15 
 2595 0015 88828969 		.ascii	"\210\202\211i\360\"\010BA/\275\011B! u\023\355b\350"
 2595      F0220842 
 2595      412FBD09 
 2595      42212075 
 2595      13ED62E8 
 2596 0029 C66C628F 		.ascii	"\306lb\217}FE\210\322\230V\204\326(X\026\251'\017\242"
 2596      7D464588 
 2596      D2985684 
 2596      D6285816 
 2596      A9270FA2 
 2597 003d B656E3FA 		.ascii	"\266V\343\372[o\251\336<\210\222S\355A\304^z\250\350"
 2597      5B6FA9DE 
 2597      3C889253 
 2597      ED41C45E 
 2597      7AA8E8
 2598 0050 CC666DBD 		.ascii	"\314fm\275t\331\367\366\315\274\371\276o\346c\217\030"
 2598      74D9F7F6 
 2598      CDBCF9BE 
 2598      6FE6638F 
 2598      18
 2599 0061 445344B4 		.ascii	"DSD\264\207\027\024a\242V1Hk}\264\323\300\305Z%\206"
 2599      87171461 
 2599      A2563148 
 2599      6B7DB4D3 
 2599      C0C55A25 
 2600 0076 79841168 		.ascii	"y\204\021h\314\300\030&\325>\016\327\256L\337~\003="
 2600      CCC01826 
ARM GAS  C:\Users\nello\AppData\Local\Temp\ccxr2o4e.s 			page 59


 2600      D53E0ED7 
 2600      AE4CDF7E 
 2600      033D
 2601 0088 1BC05744 		.ascii	"\033\300WDwy\205O]aB\371\0120\243\223\201\036>\251\223"
 2601      7779854F 
 2601      5D6142F9 
 2601      0A30A393 
 2601      811E3EA9 
 2602 009d B437D07A 		.ascii	"\2647\320z\351\313\234\3261\362\225\302S0\006O\200\307"
 2602      E9CB9CD6 
 2602      31F295C2 
 2602      5330064F 
 2602      80C7
 2603 00af 20490C56 		.ascii	" I\014Vw\020Y\021\023\030\022\236\201g\020N\225\223"
 2603      77105911 
 2603      1318129E 
 2603      8167104E 
 2603      9593
 2604 00c1 5D28D61A 		.ascii	"](\326\032W\033\213;\353:0}eb\001R\323f\301sn\305\034"
 2604      571B8B3B 
 2604      EB3A307D 
 2604      65620152 
 2604      D366C173 
 2605 00d8 BCD6CD95 		.ascii	"\274\326\315\225\275R\271\364y\352z\247\376\2407*i\263"
 2605      BD52B9F4 
 2605      79EA7AA7 
 2605      FEA0372A 
 2605      69B3
 2606 00ea B2DDAA25 		.ascii	"\262\335\252%\2034\223x\301\271y\241\222\016\320\010"
 2606      83349378 
 2606      C1B979A1 
 2606      920ED008 
 2607 00fa 55A5E4E1 		.ascii	"U\245\344\341\247\216@\257\377\251j\375u\327\367\372"
 2607      A78E40AF 
 2607      FFA96AFD 
 2607      75D7F7FA 
 2608 010a 4A970560 		.ascii	"J\227\005`\216-bB\242\252\022\223\264\011\035\020\335"
 2608      8E2D6242 
 2608      A2AA1293 
 2608      B4091D10 
 2608      DD
 2609 011b 50463BB8 		.ascii	"PF;\270\304\301\012tk\341=\344\273{ck5,\372\201\362"
 2609      C4C10A74 
 2609      6BE13DE4 
 2609      BB7B636B 
 2609      352CFA81 
 2610 0130 CD0A6694 		.ascii	"\315\012f\224\212\314Q\341p\367\305\336\331n_u\314\360"
 2610      8ACC51E1 
 2610      70F7C5DE 
 2610      D96E5F75 
 2610      CCF0
 2611 0142 3041983B 		.ascii	"0A\230;\310\251._Yx\205;\342\310e\251Y\226\001\361\032"
 2611      C8A92E5F 
 2611      5978853B 
 2611      E2C865A9 
 2611      599601F1 
 2612 0157 A250EEE1 		.ascii	"\242P\356\341\256\231I\250W\177\217\257\217\337\002"
ARM GAS  C:\Users\nello\AppData\Local\Temp\ccxr2o4e.s 			page 60


 2612      AE9949A8 
 2612      577F8FAF 
 2612      8FDF02
 2613 0166 371E0AD5 		.ascii	"7\036\012\325\2321\274\204\210M?\330\026)\231\221\022"
 2613      9A31BC84 
 2613      884D3FD8 
 2613      16299991 
 2613      12
 2614 0177 B76E89CA 		.ascii	"\267n\211\312[\220H,\033r\365\2165 sG|\255\311\346\177"
 2614      5B90482C 
 2614      1B72F58E 
 2614      35207347 
 2614      7CADC9E6 
 2615 018c F02D408B 		.ascii	"\360-@\213\01426A\345\237\367V\037\015\260\213b&\375"
 2615      0C323641 
 2615      E59FF756 
 2615      1F0DB08B 
 2615      6226FD
 2616 019f 42F9DBC7 		.ascii	"B\371\333\307c\341\037QUh;S\016$<\320\1778\335?\354"
 2616      63E11F51 
 2616      55683B53 
 2616      0E243CD0 
 2616      7F38DD3F 
 2617 01b4 9C764E14 		.ascii	"\234vN\024K\031\307M\217\272\205s^~\310\316\236*y\331"
 2617      4B19C74D 
 2617      8FBA8573 
 2617      5E7EC8CE 
 2617      9E2A79D9 
 2618 01c8 42FA78D6 		.ascii	"B\372x\326+\226\012\331\001\367\254c_HQo<\236\340\327"
 2618      2B960AD9 
 2618      01F7AC63 
 2618      5F48516F 
 2618      3C9EE0D7 
 2619 01dc 1680EBF5 		.ascii	"\026\200\353\365%\223\311\204\353%\012\305\204W\260"
 2619      2593C984 
 2619      EB250AC5 
 2619      8457B0
 2620 01eb 396BBB23 		.ascii	"9k\273#\231\270M\206\235\337\376/\210\2472}\207\316"
 2620      99B84D86 
 2620      9DDFFE2F 
 2620      88A7327D 
 2620      87CE
 2621 01fd 0CA53264 		.ascii	"\014\2452d\234\317\357\337\012\356\214\330\271R&\313"
 2621      9CCFEFDF 
 2621      0AEE8CD8 
 2621      B95226CB 
 2622 020d 3739C72B 		.ascii	"79\307+z\361a\372\013x\203\344K"
 2622      7AF161FA 
 2622      0B7883E4 
 2622      4B
 2623              		.text
 2624              		.section	.gnu.lto_chCondSignal.336.6c44c24a,"e",%progbits
 2625 0000 789C8D54 		.ascii	"x\234\215TkL\\U\020>s\317\335]\266\01746\364G\253\015"
 2625      6B4C5C55 
 2625      103E73CF 
 2625      DD5DB60F 
 2625      3436F447 
ARM GAS  C:\Users\nello\AppData\Local\Temp\ccxr2o4e.s 			page 61


 2626 0016 25213E52 		.ascii	"%!>RX(1M\374\243\015&M\023HLQ\023\022\222\206\356\256"
 2626      5828314D 
 2626      FCA30D26 
 2626      4D13484C 
 2626      51131292 
 2627 002d EDC6C2D2 		.ascii	"\355\306\302\322{\227j\177\365\012T#\326R\226\326\007"
 2627      7B976A7F 
 2627      F50A5423 
 2627      D65296D6 
 2627      07
 2628 003e 500AB835 		.ascii	"P\012\2705\324?\306\037\345!TV\321\002\326\012\335\202"
 2628      D43FC61F 
 2628      E5215456 
 2628      D102D60A 
 2628      DD82
 2629 0050 CAAB9845 		.ascii	"\312\253\230E#h\324e\267\357\250u\346\234\273\217\232"
 2629      2368D465 
 2629      B7EFA875 
 2629      E69CBB8F 
 2629      9A
 2630 0061 5ADDC0EE 		.ascii	"Z\335\300\3569sg\276\371\346\233\231;le\314\005\214"
 2630      397367BE 
 2630      F9E69B99 
 2630      3B6C65CC 
 2630      058C
 2631 0073 6D638C81 		.ascii	"mc\214\201\205\201\277\261^a\206a<eS\224\332\3067\024"
 2631      8581BFB1 
 2631      5E618661 
 2631      3C655394 
 2631      DAC63714 
 2632 0087 E883F31D 		.ascii	"\350\203\363\035\255Yj]c\372\231\313\013\017\251\034"
 2632      AD596A5D 
 2632      63FA99CB 
 2632      0B0FA91C 
 2633 0097 8E253C54 		.ascii	"\216%<Tx\245\261\336\216\036\342\006\354\240\302U8\010"
 2633      78A5B1DE 
 2633      8E1EE206 
 2633      ECA0C255 
 2633      3808
 2634 00a9 4DFC5134 		.ascii	"M\374Q4\3348\324\3347\004FW\020\002\234\2616\374\027"
 2634      DC38D4DC 
 2634      37044657 
 2634      10029CB1 
 2634      36FC17
 2635 00bc 9F560E7E 		.ascii	"\237V\016~\036\340\000\252yR \023O\374y\366p\3200\306"
 2635      1EE000AA 
 2635      79522013 
 2635      4FFC79F6 
 2635      70D030C6 
 2636 00d0 A77A0DC3 		.ascii	"\247z\015\303\316\002\234C\017`\014t\003\234Avh(\235"
 2636      CE029C43 
 2636      0F600C74 
 2636      039C4176 
 2636      68289D
 2637 00e3 5AC398D5 		.ascii	"Z\303\230\325D\242`q\006\370\030\010\323J\031\177\310"
 2637      44A26071 
 2637      06F81808 
ARM GAS  C:\Users\nello\AppData\Local\Temp\ccxr2o4e.s 			page 62


 2637      D34A197F 
 2637      C8
 2638 00f4 6748A68D 		.ascii	"gH\246\215+qK\353l\355U+\203~\264q\262\361\343\302\231"
 2638      2B714BEB 
 2638      6CED552B 
 2638      837EB471 
 2638      B2F1E3C2 
 2639 0109 32DDB855 		.ascii	"2\335\270U?3\266\256\325\010\252\001$}\026\010J&\203"
 2639      3F33B6AE 
 2639      D508AA01 
 2639      247D1608 
 2639      4A2683
 2640 011c 4F90B15A 		.ascii	"O\220\261Z\372A\006zf\223\247\277a\260o\323P\2551b$"
 2640      FA41067A 
 2640      6693A7BF 
 2640      61B06FD3 
 2640      50AD3162 
 2641 0131 7C59D257 		.ascii	"|Y\322W\326$\363\267Za\020\215\003\204F\\!\030\347\307"
 2641      D624F3B7 
 2641      5A61108D 
 2641      0384465C 
 2641      2118E7C7 
 2642 0145 DF15A404 		.ascii	"\337\025\244\004\3365\177\337\222\0153\327e\006\270"
 2642      DE357FDF 
 2642      920D33D7 
 2642      6506B8
 2643 0154 053E4367 		.ascii	"\005>Cg5\0167\204p\245\223\031\242:\272\320\243\317"
 2643      350E3784 
 2643      70A59319 
 2643      A23ABAD0 
 2643      A3CF
 2644 0166 25C03925 		.ascii	"%\3009%N=\322\373\372\311\364\243@\301_\244\006\237"
 2644      4E3DD2FB 
 2644      FAC9F4A3 
 2644      40C15FA4 
 2644      069F
 2645 0178 2353E968 		.ascii	"#S\351h\202\367\370h\313a\233d-=Y\3223\205\365|\207"
 2645      82F7F868 
 2645      CB619B64 
 2645      2D3D59D2 
 2645      3385F57C 
 2646 018d 0586412A 		.ascii	"\005\206A*\247\336\203$K%\211\325\301(\236G\300\344"
 2646      A7DE8324 
 2646      4B2589D5 
 2646      C1289E47 
 2646      C0E4
 2647 019f 4750038B 		.ascii	"GP\003\213W\336\344\022\310\222l\301\320,\372\236G\233"
 2647      57DEE412 
 2647      C8926CC1 
 2647      D02CFA9E 
 2647      479B
 2648 01b1 9525156D 		.ascii	"\225%\025m\371_\212\366N\242\242\027\320\370UB\321\257"
 2648      F95F8AF6 
 2648      4EA2A217 
 2648      D0F85542 
 2648      D1AF
 2649 01c3 131DA7F6 		.ascii	"\023\035\247\366\333`<\331\321k\376\233\257m\220\035"
ARM GAS  C:\Users\nello\AppData\Local\Temp\ccxr2o4e.s 			page 63


 2649      DB603CD9 
 2649      D16BFE9B 
 2649      AF6D901D 
 2650 01d3 B58A7A6D 		.ascii	"\265\212zmq\314\213\250\214\265t\371n\312X\357T\346"
 2650      71CC8BA8 
 2650      8CB574F9 
 2650      6ECA58EF 
 2650      54E6
 2651 01e5 626AF6F9 		.ascii	"bj\366\371}\0202\205\261\211\344\227\200\362\221\313"
 2651      7D103285 
 2651      B189E497 
 2651      80F291CB 
 2652 01f5 87214BD0 		.ascii	"\207!K\320\370\343v\203a\214\255\237\233\215\246\255"
 2652      F8E37683 
 2652      618CAD9F 
 2652      9B8DA6AD 
 2653 0205 E238A316 		.ascii	"\3428\243\026\025\240\027\227\010O6\372b\254\201\323"
 2653      15A01797 
 2653      084F36FA 
 2653      62AC81D3 
 2654 0215 A6182A18 		.ascii	"\246\030*\030A\306\216rE^j\361\3623\030\341\353\330"
 2654      41C68E72 
 2654      455E6AF1 
 2654      F23318E1 
 2654      EBD8
 2655 0227 07FCCD4A 		.ascii	"\007\374\315J|\205oY\351'\266|\344r\363[\200\242\011"
 2655      7C856F59 
 2655      E927B67C 
 2655      E472F35B 
 2655      80A209
 2656 023a 636CDA2E 		.ascii	"cl\332.\374c\247\332\272\243\337\255A1\204y2\372\016"
 2656      FC63A7DA 
 2656      BAA3DFAD 
 2656      41318479 
 2656      32FA0E
 2657 024d 90BD2613 		.ascii	"\220\275&\023%\242MR!O\270]=\336=\177\002P)\341\326"
 2657      25A24D52 
 2657      214FB85D 
 2657      3DDE3D7F 
 2657      025029E1 
 2658 0262 3F6F8731 		.ascii	"?o\2071`\277CM\026Q\037U\260\272\215\323\312\253i\001"
 2658      60BF434D 
 2658      16511F55 
 2658      B0BA8DD3 
 2658      CAAB6901 
 2659 0276 6EC3A34A 		.ascii	"n\303\243J{\377\0150\374\205o\001&\205\234\033\347\304"
 2659      7BFF0D30 
 2659      FC856F01 
 2659      26859C1B 
 2659      E7C4
 2660 0288 F334F170 		.ascii	"\3634\361pJf\211\004\332&\242i\214\332A\270\321\345"
 2660      4A668904 
 2660      DA26A269 
 2660      8CDA41B8 
 2660      D1E5
 2661 029a 2357A6B3 		.ascii	"#W\246\263e\031\323k\205\245c\241\247\010\305b\277A"
 2661      6519D36B 
ARM GAS  C:\Users\nello\AppData\Local\Temp\ccxr2o4e.s 			page 64


 2661      85A563A1 
 2661      A708C562 
 2661      BF41
 2662 02ac CDB1FA0B 		.ascii	"\315\261\372\013\274\223ss\305\271\000}\237^\023]\033"
 2662      BC937373 
 2662      C5B9007D 
 2662      9F5E135D 
 2662      1B
 2663 02bd 02DCDE89 		.ascii	"\002\334\336\211Tg\204-\017M\230h\005\314\302\011\332"
 2663      5467842D 
 2663      0F4D9868 
 2663      05CCC209 
 2663      DA
 2664 02ce EB3AF259 		.ascii	"\353:\362Y|\220Fn.^\\\010\020I\024\366\353\251h\003"
 2664      7C90466E 
 2664      2E5E5C08 
 2664      104914F6 
 2664      EBA96803 
 2665 02e2 CA724916 		.ascii	"\312rI\026v}\314\016\023\"\333\300RF'\267\230\311\254"
 2665      767DCC0E 
 2665      1322DBC0 
 2665      524627B7 
 2665      98C9AC
 2666 02f5 66326CC0 		.ascii	"f2l\300JJ4\017,\257NdY\005\337c\026`\022\240&\202|\313"
 2666      4A4A340F 
 2666      2CAF4E64 
 2666      5905DF63 
 2666      166012A0 
 2667 030d 902FF598 		.ascii	"\220/\365\230-A\335\322\320:L\324Imc\324,>u8\334\250"
 2667      2D41DDD2 
 2667      D03A4CD4 
 2667      496D63D4 
 2667      2C3E7538 
 2668 0323 249A751B 		.ascii	"$\232u\033\027\020\243\332\237\303eI\022\212\204P\351"
 2668      1710A3DA 
 2668      9FC36549 
 2668      128A8450 
 2668      E9
 2669 0334 11B34F21 		.ascii	"\021\263O!;|)\240\333\237\304\345 $\3013d\222\\\333"
 2669      3B7C29A0 
 2669      DB9FC4E5 
 2669      2024C133 
 2669      64925CDB 
 2670 0348 29142792 		.ascii	")\024'\222\226$\311\025\350\007a$)\245\260\300\202$"
 2670      9624C915 
 2670      E8076124 
 2670      29A5B0C0 
 2670      8224
 2671 035a 3922A222 		.ascii	"9\"\242\"\365\223J\212\247\032\367\\T\310\365\307\270"
 2671      F5934A8A 
 2671      A71AF75C 
 2671      54C8F5C7 
 2671      B8
 2672 036b 2B228B5C 		.ascii	"+\"\213\\7e\256\346\323\031)A\266D\320j\012\372\011"
 2672      3765AEE6 
 2672      D3192941 
 2672      B644D06A 
ARM GAS  C:\Users\nello\AppData\Local\Temp\ccxr2o4e.s 			page 65


 2672      0AFA09
 2673 037e 83141924 		.ascii	"\203\024\031$\252\010\377\0312\365\210\365t\321\333"
 2673      AA08FF19 
 2673      32F588F5 
 2673      74D1DB
 2674 038d 9CDE0652 		.ascii	"\234\336\006Rz\334p\026\201C\355+\2611\230pu\033Oc\014"
 2674      7ADC7016 
 2674      8143ED2B 
 2674      B1319870 
 2674      751B4F63 
 2675 03a2 F95209E9 		.ascii	"\371R\011\351\204~\237PJ\275s\254\233\206\301\234\342"
 2675      847E9F50 
 2675      4ABD73AC 
 2675      9B86C19C 
 2675      E2
 2676 03b3 E6166C57 		.ascii	"\346\026lW\277T\347\344\314\333rr\302\037\265\310\271"
 2676      BF54E7E4 
 2676      CCDB7272 
 2676      C21FB5C8 
 2676      B9
 2677 03c4 393BF3CF 		.ascii	"9;\363\317\361\237Xo\316\371_4\347\0032\260)\226\230"
 2677      F19F586F 
 2677      CEF95F34 
 2677      E70332B0 
 2677      299698
 2678 03d7 F34173CE 		.ascii	"\363As\316Y\352\234\007\223s\376i\352\234\233\023\375"
 2678      59EA9C07 
 2678      9373FE69 
 2678      EA9C9B13 
 2678      FD
 2679 03e8 8B98EDD4 		.ascii	"\213\230\355\3241\366\307p\214\361=\315\242T\364{}O"
 2679      31F6C770 
 2679      8CF13DCD 
 2679      A254F47B 
 2679      7D4F
 2680 03fa D3D0D2A7 		.ascii	"\323\320\322\247\201\203\254\244&H\327\234\302'\312"
 2680      8183ACA4 
 2680      2648D79C 
 2680      C227CA
 2681 0409 0AF77876 		.ascii	"\012\367xvyJ|\325.\217\267\354%\257\366\242^U\356t\357"
 2681      794A7CD5 
 2681      2E8FB7EC 
 2681      25AFF6A2 
 2681      5E55EE74 
 2682 041e ACD6DD5A 		.ascii	"\254\326\335Z\3316\267\356\253\326\334E\336\335\036"
 2682      D936B7EE 
 2682      ABD6DC45 
 2682      DEDD1E
 2683 042d E7FE0296 		.ascii	"\347\376\002\226\235\233\353\300?'\005x\365\315\371"
 2683      9D9BEBC0 
 2683      3F270578 
 2683      F5CDF9
 2684 043c F9F90EAF 		.ascii	"\371\371\016\257\356\320|\016]s\242\325\351\255t\345"
 2684      EED07C0E 
 2684      5D73A2D5 
 2684      E9AD74E5 
 2685 044c 3A99E2AC 		.ascii	":\231\342\254z ~\311-pm~\374\205\362\002\027{\344\337"
ARM GAS  C:\Users\nello\AppData\Local\Temp\ccxr2o4e.s 			page 66


 2685      7A207EC9 
 2685      2D706D7E 
 2685      FC85F202 
 2685      177BE4DF 
 2686 0460 623D95CE 		.ascii	"b=\225\316\275\325.7>\321\017\350\271{\230mW\271\356"
 2686      BDD52E37 
 2686      3ED10FE8 
 2686      B97B986D 
 2686      57B9EE
 2687 0473 7E46F314 		.ascii	"~F\363\024\3365\300\351\255\250\360V:\334/\373\034["
 2687      DE35C0E9 
 2687      ADA8F056 
 2687      3ADC2FFB 
 2687      1C5B
 2688 0485 77143B0A 		.ascii	"w\024;\012\213K\266\2278\012\275\232\333\261=\216S\241"
 2688      8B4BB697 
 2688      380ABD9A 
 2688      DBB13D8E 
 2688      53A1
 2689 0497 7BF49DBB 		.ascii	"{\364\235\273\235N\304\332r/\214*\257\346\323\011e\377"
 2689      9D4EC4DA 
 2689      722F8C2A 
 2689      AFE6D309 
 2689      65FF
 2690 04a9 969CE29C 		.ascii	"\226\234\342\234\255E\317\212\02247\306A\325c\377Mw"
 2690      AD45CF8A 
 2690      123437C6 
 2690      41D563FF 
 2690      4D77
 2691 04bb AF47F711 		.ascii	"\257G\367\021ae_\325\375\305%;2\211w\225\346\331\224"
 2691      61655FD5 
 2691      FDC5253B 
 2691      32897795 
 2691      E6D994
 2692 04ce 999DC714 		.ascii	"\231\235\307\024\215\331*\334\025^\355\000\373\033\314"
 2692      8DD92ADC 
 2692      155EED00 
 2692      FB1BCC
 2693 04dd 81B496   		.ascii	"\201\264\226"
 2694              		.text
 2695              		.section	.gnu.lto_chCondSignalI.337.6c44c24a,"e",%progbits
 2696 0000 789C7D54 		.ascii	"x\234}TQHSa\024\376\317\377\337\3536\313\212d=D\231"
 2696      51485361 
 2696      14FECFFF 
 2696      DFEB36CB 
 2696      8A643D44 
 2697 0015 041205CD 		.ascii	"\004\022\005\315T\202\352\245\300\007_z\013\202\201"
 2697      5482EAA5 
 2697      C0075F7A 
 2697      0B8281
 2698 0024 10B5AD1A 		.ascii	"\020\265\255\032I\233\333\254Gok!Yd31\020\265\032#\254"
 2698      499BDBAC 
 2698      476F6B21 
 2698      59643331 
 2698      10B51A23 
 2699 0039 1EEAA59A 		.ascii	"\036\352\245\232\225\265Z5\315D\231He\224a/\256\207"
 2699      95B55A35 
ARM GAS  C:\Users\nello\AppData\Local\Temp\ccxr2o4e.s 			page 67


 2699      CD449948 
 2699      6594612F 
 2699      AE87
 2700 004b 30855248 		.ascii	"0\205RH\352\234\377\336\335-\250.\333\275\377\177\356"
 2700      EA9CFFDE 
 2700      DD2DA82E 
 2700      DBBDFF7F 
 2700      EE
 2701 005c 77BEEF7C 		.ascii	"w\276\357|\347\374\333\214\302X/c\254\016\277\2402h"
 2701      E7FCDB8C 
 2701      C2582F63 
 2701      AC0EBFA0 
 2701      3268
 2702 006e 8FB672A6 		.ascii	"\217\266r\246i\332\036\013\347\247\243\3478\364\303"
 2702      69DA1E0B 
 2702      E7A7A3E7 
 2702      38F4C3
 2703 007d F0B5EE8D 		.ascii	"\360\265\356\215J$\272\342\356\307\317\353\025\001\035"
 2703      4A24BAE2 
 2703      EEC7CFEB 
 2703      15011D
 2704 008c 26428153 		.ascii	"&B\201S\321V\033\"\344\016X3\027\0124\303%\261\031\003"
 2704      D1561B22 
 2704      E40E5833 
 2704      170A34C3 
 2704      25B11903 
 2705 00a0 0B67BAA6 		.ascii	"\013g\272\246R\240\365%!.P\002\277\362\352\026\320."
 2705      52A0F525 
 2705      212E5002 
 2705      BFF2EA16 
 2705      D02E
 2706 00b2 E2024031 		.ascii	"\342\002@1V\034\312q%\366\263MIM\033\233Lh\232\215\305"
 2706      561CCA71 
 2706      25F6B34D 
 2706      494D1B9B 
 2706      4C689A8D 
 2707 00c7 8580FB80 		.ascii	"\205\200\373\2009p\017\340.0\0128;K\031+2\2308\246\310"
 2707      39700FE0 
 2707      2E300A38 
 2707      3B4B192B 
 2707      329838A6 
 2708 00dc 35C00320 		.ascii	"5\300\003 N\321@w\242Xx\334\262\330R\326\255%\2258V"
 2708      4ED14077 
 2708      A25878DC 
 2708      B2D852D6 
 2708      AD259538 
 2709 00f1 F31008A3 		.ascii	"\363\020\010\243\263\300#,Eq~\263#\262\202\220c\213"
 2709      B3C0232C 
 2709      45717EB3 
 2709      23B28290 
 2709      638B
 2710 0103 3DE72DDA 		.ascii	"=\347-\332\240f\"Y\036\251\227Z\204F\022\337\033a\000"
 2710      A0662259 
 2710      1EA9975A 
 2710      844612DF 
 2710      1B6100
 2711 0116 63FD4445 		.ascii	"c\375DE\025\300cS\265K>*t\331\376\254\005e#\345q\241"
ARM GAS  C:\Users\nello\AppData\Local\Temp\ccxr2o4e.s 			page 68


 2711      15C06353 
 2711      B54B3E2A 
 2711      74D9FEAC 
 2711      056523E5 
 2712 012c 4212C13C 		.ascii	"B\022\301<\307\366\024\331\234\023vY3m\350\3253\235"
 2712      C7F614D9 
 2712      9C137659 
 2712      336DE8D5 
 2712      339D
 2713 013e A0DB2448 		.ascii	"\240\333$H\214e{w\310\354\"H\025z\307\334[\245z\356"
 2713      8C657B77 
 2713      C8EC2248 
 2713      157AC7DC 
 2713      5BA57AEE 
 2714 0152 73590673 		.ascii	"sY\006s\336,\315\233M\234\335\240\233U\245\005S\364"
 2714      DE2CCD9B 
 2714      4D9CDDA0 
 2714      9B55A505 
 2714      53F4
 2715 0164 259A559D 		.ascii	"%\232U\235C\1773\253\376i\366e\201\331\205\357OUHc\360"
 2715      437F33AB 
 2715      FE69F665 
 2715      81D985EF 
 2715      4F554863 
 2716 0179 0571FDC7 		.ascii	"\005q\375\307\034+4\207]\201!\\\017\002\371\242\300"
 2716      1C2B3487 
 2716      5D81215C 
 2716      0F02F9A2 
 2716      C0
 2717 018a ED8C9AD4 		.ascii	"\355\214\232\324~\376j\323\222-%S\251\313\243W\3702"
 2717      7EFE6AD3 
 2717      922D2553 
 2717      A9CBA357 
 2717      F832
 2718 019c 0E900005 		.ascii	"\016\220\000\005G\251\252t\263\322\215\2616AgIS@K2v"
 2718      47A9AA74 
 2718      B3D28DB1 
 2718      36416749 
 2718      53404B32 
 2719 01b1 51707D73 		.ascii	"Qp}s\0327_@\233\036O\257\221\317\011,\011\237\033\315"
 2719      1A375F40 
 2719      9B1E4FAF 
 2719      91CF092C 
 2719      099F1BCD 
 2720 01c5 DBF45B0B 		.ascii	"\333\364[\013\373\012\341\216\326\021\021\023\271\243"
 2720      FB0AE18E 
 2720      D6111113 
 2720      B9A3
 2721 01d3 246433AF 		.ascii	"$d3\257\323q\354+\213\013K\014\2731,c\3330d\215\013"
 2721      D371EC2B 
 2721      8B0B4B0C 
 2721      BB312C63 
 2721      DB30648D 
 2722 01e8 2BBC861E 		.ascii	"+\274\206\036:?\021\302\314\254#3#@R\341r\23412\021"
 2722      3A3F11C2 
 2722      CCAC2333 
 2722      234052E1 
ARM GAS  C:\Users\nello\AppData\Local\Temp\ccxr2o4e.s 			page 69


 2722      729C3132 
 2723 01fd F7FCD285 		.ascii	"\367\374\322\205\271\266N\3001K\245\037\2436x\002\244"
 2723      B9B64EC0 
 2723      314BA51F 
 2723      A3367802 
 2723      A4
 2724 020e F6286B8F 		.ascii	"\366(k\217\011\325\020S\0141\264a#\241Q`\333\"R\245"
 2724      09D51053 
 2724      0C31B461 
 2724      23A15160 
 2724      DB2252A5 
 2725 0222 18C65005 		.ascii	"\030\306P\005\230N\020\236\275\226\032\250\307\261\321"
 2725      984E109E 
 2725      BD961AA8 
 2725      C7B1D1
 2726 0231 21625988 		.ascii	"!bY\210dSkQ(F\346\031Y\026\357\316OG\271i\371}\272\030"
 2726      64536B51 
 2726      2846E619 
 2726      5916EFCE 
 2726      4F47B969 
 2727 0249 9B4F8957 		.ascii	"\233O\211W\2358\211|M\263\231\036\300\016K\320|\306"
 2727      9D38897C 
 2727      4DB3991E 
 2727      C00E4BD0 
 2727      7CC6
 2728 025b 06AF74D0 		.ascii	"\006\257t\320n\354<\221\311R3F\235kb\302j\324\251\346"
 2728      6EEC3C91 
 2728      C9523346 
 2728      9D6B62C2 
 2728      6AD4A9E6 
 2729 026f EBB4220E 		.ascii	"\353\264\"\016\020btC\205q\275\316A\2315\333:\301\013"
 2729      10627443 
 2729      8571BDCE 
 2729      419935DB 
 2729      3AC10B
 2730 0282 903C879C 		.ascii	"\220<\207\234\341\004\235\310A\221Yj-\352Z]7\354\005"
 2730      E1049DC8 
 2730      4191596A 
 2730      2DEA5A5D 
 2730      37EC05
 2731 0295 495633A9 		.ascii	"IV3\251\204\222\336`\022\327\223\244\213\351\245\214"
 2731      8492DE60 
 2731      12D793A4 
 2731      8BE9A58C 
 2732 02a5 D192F181 		.ascii	"\321\222\361\201;6\264IGM\357\376Pn\361\334t\363!\315"
 2732      3B36B449 
 2732      474DEFFE 
 2732      506EF1DC 
 2732      74F321CD 
 2733 02b9 4961AECF 		.ascii	"Ia\256\317nX)\312\317w\006\267\313\310\316\273\302\371"
 2733      6E5829CA 
 2733      CF7706B7 
 2733      CBC8CEBB 
 2733      C2F9
 2734 02cb 2E874954 		.ascii	".\207IT\304\001\323\276\017K(\201\367\030\300\2778J"
 2734      C401D3BE 
 2734      0F4B2881 
ARM GAS  C:\Users\nello\AppData\Local\Temp\ccxr2o4e.s 			page 70


 2734      F718C0BF 
 2734      384A
 2735 02dd 5F017A87 		.ascii	"_\001z\207\247\220w\026\"Ww\3421@o+{)\003\271\342b\225"
 2735      A7907716 
 2735      225777E2 
 2735      31406F2B 
 2735      7B2903B9 
 2736 02f4 1C88923F 		.ascii	"\034\210\222?\203s\020\3764\237\266\322\217\216\256"
 2736      837310FE 
 2736      349FB6D2 
 2736      8F8EAE
 2737 0303 3601FABB 		.ascii	"6\001\372\273p\222\266[kw\325\327\036\365\036\362\356"
 2737      7092B65B 
 2737      6B77D5D7 
 2737      1EF51EF2 
 2737      EE
 2738 0314 0B35B9BD 		.ascii	"\0135\271\275\276\372\223\276\300\261\240\377\240\313"
 2738      BEFA93BE 
 2738      C0B1A0FF 
 2738      A0CB
 2739 0322 73A029E8 		.ascii	"s\240)\350\011\324\327y\202\241\246\200g\257\357\210"
 2739      09D4D779 
 2739      82A1A680 
 2739      67AFEF88 
 2740 0332 D775A286 		.ascii	"\327u\242\206U8\034\225\370qQ\202/X]UUU\351\013V\006"
 2740      55381C95 
 2740      F8715182 
 2740      2F585D55 
 2740      5555E90B 
 2741 0348 4295C180 		.ascii	"B\225\301\200\013\243.\337q\267\303\305\270\313\277"
 2741      0BA32EDF 
 2741      71B7C3C5 
 2741      B8CBBF
 2742 0357 3AB771D4 		.ascii	":\267q\324\270\253\267\037>X\343f\274\321\277\345_\351"
 2742      B8ABB71F 
 2742      3E58E366 
 2742      BCD1BFE5 
 2742      5FE9
 2743 0369 DEE3AE86 		.ascii	"\336\343\256\206&\267\007\3374x\203\241\240\343(\003"
 2743      26B707DF 
 2743      347883A1 
 2743      A0E32803 
 2744 0379 3F0FF97F 		.ascii	"?\017\371\177\003\214\235\311\006"
 2744      038C9DC9 
 2744      06
 2745              		.text
 2746              		.section	.gnu.lto_chCondBroadcast.338.6c44c24a,"e",%progbits
 2747 0000 789C8D52 		.ascii	"x\234\215RIh\023a\024~o\3764i\012\202\270\035\364\222"
 2747      49681361 
 2747      147E6FFE 
 2747      34690A82 
 2747      B81DF492 
 2748 0014 2A41059B 		.ascii	"*A\005\233\261\255\"xR\"H\241\001iD(\024J\235\2146h"
 2748      B1AD2278 
 2748      522248A1 
 2748      01694428 
 2748      144A9D8C 
ARM GAS  C:\Users\nello\AppData\Local\Temp\ccxr2o4e.s 			page 71


 2749 002a 3A612671 		.ascii	":a&q9ul\252B\016\326V\2526\215\221J\004\025D<X\353\036"
 2749      39756CAA 
 2749      420ED656 
 2749      AA368D91 
 2749      4A041544 
 2750 0042 BBBA1CDC 		.ascii	"\273\272\034\334Z\220\266(\024\017\342EM\024\213\210"
 2750      5A90B628 
 2750      140FE245 
 2750      4D148B88 
 2751 0052 FAFE7FD2 		.ascii	"\372\376\177\322\244\007\025\207Y\376\367\275\345{\357"
 2751      A4071587 
 2751      59FEF7BD 
 2751      E57BEF
 2752 0061 7BD3CA00 		.ascii	"{\323\312\0006 \300*\000@\006\330\325\031\227\3004\315"
 2752      3620C02A 
 2752      004006D8 
 2752      D51997C0 
 2752      34CD
 2753 0073 2D0E098F 		.ascii	"-\016\011\217t\306\235x\013\205\205\320*a+\236bk\311"
 2753      74C69D78 
 2753      0B8585D0 
 2753      2A612B9E 
 2753      626BC9
 2754 0086 9C3D9A88 		.ascii	"\234=\232\210\217\240y)\203iJO\321#\256$\303.\226f\210"
 2754      8FA07929 
 2754      83694A4F 
 2754      D123AE24 
 2754      C32E9666 
 2755 009b B6FC4942 		.ascii	"\266\374IB\027\235\330.X\2351\315\347\323\003\246\351"
 2755      179DD82E 
 2755      589D31CD 
 2755      E7D303A6 
 2755      E9
 2756 00ac 84346378 		.ascii	"\2044cx\023)\007\373\021o\0203\001\365?\027\001\330"
 2756      132907FB 
 2756      116F1033 
 2756      01F53F17 
 2756      01D8
 2757 00be F395244A 		.ascii	"\363\225$J\021g\304\333\310k\332\211q`\264\012\250\225"
 2757      1167C4DB 
 2757      C86BDA89 
 2757      7160B40A 
 2757      A895
 2758 00d0 1493E690 		.ascii	"\024\223\346\220\344\364\320\264\035\360\016a\214c\254"
 2758      E4F4D0B4 
 2758      1DF00E61 
 2758      8C63AC
 2759 00df 5B0473A6 		.ascii	"[\004s\246\331\357\361\251g\313\223f\306\226f6\274\207"
 2759      D9EFF1A9 
 2759      67CB9366 
 2759      C6966636 
 2759      BC87
 2760 00f1 BC944586 		.ascii	"\274\224E\206\367\251c[\375\225\245\024\351\346\221"
 2760      F7A9635B 
 2760      FD95A514 
 2760      E9E691
 2761 0100 5D1DBDB7 		.ascii	"]\035\275\267\326\015\305\314Gf!\026\212\261\326L\202"
ARM GAS  C:\Users\nello\AppData\Local\Temp\ccxr2o4e.s 			page 72


 2761      D60DC5CC 
 2761      47662116 
 2761      8AB1D64C 
 2761      82
 2762 0111 7F2269C7 		.ascii	"\177\"i\307\007\004\336\345\325x\257\230\231\337_\362"
 2762      0704DEE5 
 2762      D578AF98 
 2762      99DF5FF2 
 2763 0121 FDDD2556 		.ascii	"\375\335%V\203\266b\203\261\257\324\340 a%P\344{\360"
 2763      83B66283 
 2763      B1AFD4E0 
 2763      20612550 
 2763      E47BF0
 2764 0134 5F7CB3EF 		.ascii	"_|\263\357\210o\230\300\241\002\337\210\340\3431\327"
 2764      886F98C0 
 2764      A102DF88 
 2764      E0E331D7 
 2765 0144 5E9664CC 		.ascii	"^\226d\314\037\277:\314\314\361\005\361\243\211\261"
 2765      1FBF3ACC 
 2765      CCF105F1 
 2765      A389B1
 2766 0153 CB122D0B 		.ascii	"\313\022-\013\007\310\325\301\370\356L\033\232\031\200"
 2766      07C8D5C1 
 2766      F8EE4C1B 
 2766      9A1980
 2767 0162 934CB28C 		.ascii	"\223L\262\214\030\031\037\320\234\351y\202\374\233\373"
 2767      18191FD0 
 2767      9CE97982 
 2767      FC9BFB
 2768 0171 7CE24DE2 		.ascii	"|\342M\3424\222t\002\315M:\205;w1\325\237}\275\230&"
 2768      34927402 
 2768      CD4D3A85 
 2768      3B7731D5 
 2768      9F7DBD98 
 2769 0186 14F044F6 		.ascii	"\024\360D\366,r\274\315Es\363e\332p\275\010\373\332"
 2769      2C72BCCD 
 2769      4573F365 
 2769      DA70BD08 
 2769      FBDA
 2770 0198 DDFFF61C 		.ascii	"\335\377\366\034\322\370\"\354\316['>D\370\210m+ys="
 2770      D2F822EC 
 2770      CE5B273E 
 2770      44F8886D 
 2770      2B79733D 
 2771 01ac 7C7BE557 		.ascii	"|{\345W\244c\245iVBG\033\377\255\036!\320\027\037#\216"
 2771      A463A569 
 2771      5642471B 
 2771      FFAD1E21 
 2771      D0171F23 
 2772 01c1 09C1CAAF 		.ascii	"\011\301\312\257\012\277]8\237Z,\237\322\251\361l)p"
 2772      0ABF5D38 
 2772      9F5A2C9F 
 2772      D2A9F16C 
 2772      2970
 2773 01d3 8D79DDEC 		.ascii	"\215y\335\354\347\023_&\335\202\341\333\3442\201\364"
 2773      E7135F26 
 2773      DD82E1DB 
ARM GAS  C:\Users\nello\AppData\Local\Temp\ccxr2o4e.s 			page 73


 2773      E43281F4 
 2774 01e3 BD7A514B 		.ascii	"\275zQK\012\303'lwA;Ji\346H1\022\346\002\243c\251\010"
 2774      0AC3276C 
 2774      77413B4A 
 2774      69E64831 
 2774      12E602A3 
 2775 01fa 4D969137 		.ascii	"M\226\2217\226\367:S\314\301\377\2562\341J\225\345G"
 2775      96F73A53 
 2775      CCC1FFAE 
 2775      32E14A95 
 2775      E547
 2776 020c 4FF4D2E8 		.ascii	"O\364\322\350\203V\363\347\247\316Xt3\327{-\262{S\302"
 2776      8356F3E7 
 2776      A7CE5874 
 2776      33D77B2D 
 2776      B27B53C2 
 2777 0220 B3B2F09A 		.ascii	"\263\262\360\232\031_\221\027\347'\027g\310J<\225+\210"
 2777      195F9117 
 2777      E7271767 
 2777      C84A3C95 
 2777      2B88
 2778 0232 339C1707 		.ascii	"3\234\027\007\346\2133R\024gt\2768y\031\236\011A\346"
 2778      E68B3352 
 2778      146774BE 
 2778      3879199E 
 2778      0941E6
 2779 0245 CFDE95A3 		.ascii	"\317\336\225\243\331i\337\220%\263/\366j\033\237\224"
 2779      D969DF90 
 2779      25B32FF6 
 2779      6A1B9F94 
 2780 0255 5F1D0CAD 		.ascii	"_\035\014\255%\266e\270Y\341\335\334\340m\016\356\016"
 2780      25B665B8 
 2780      59E1DDDC 
 2780      E06D0EEE 
 2780      0E
 2781 0266 FA23D140 		.ascii	"\372#\321@Pk8\250\351\373\214p\223\2426F\015Uo\330\256"
 2781      506B38A8 
 2781      E9FB8C70 
 2781      93A23646 
 2781      0D556FD8 
 2782 027b 1A91A8AE 		.ascii	"\032\221\250\256\326j{\203\312\201jp{<2\335\012O\320"
 2782      D66A7B83 
 2782      CA816A70 
 2782      7B3C32DD 
 2782      0A4FD0
 2783 028e 8CAACACA 		.ascii	"\214\252\312\312JY3d=\"\033\272B\250\242\265\004<\012"
 2783      4A593364 
 2783      3D221BBA 
 2783      42A8A2B5 
 2783      043C0A
 2784 02a1 484A78D1 		.ascii	"HJx\321\234\341\251\016Tm\334\323T\035\2005\177\313"
 2784      9CE1A90E 
 2784      546DDCD3 
 2784      541D8035 
 2784      7FCB
 2785 02b3 0DB628FB 		.ascii	"\015\266(\373\243\001\225<\306a\303\323\014\216\335"
 2785      A301953C 
ARM GAS  C:\Users\nello\AppData\Local\Temp\ccxr2o4e.s 			page 74


 2785      C661C3D3 
 2785      0C8EDD
 2786 02c2 4D86BA43 		.ascii	"M\206\272C\017z\377\230\240h\241\220\326\"\253\207\""
 2786      0F7AFF98 
 2786      A068A190 
 2786      D622AB87 
 2786      22
 2787 02d3 F2D63A9F 		.ascii	"\362\326:\237\354\365\371k\374\262W\323U\271f\256N\310"
 2787      ECF5F96B 
 2787      FCB257D3 
 2787      55B966AE 
 2787      4EC8
 2788 02e5 081A8D7B 		.ascii	"\010\032\215{\025\205jm\372W\215\260\246G\014^\345\300"
 2788      15856A6D 
 2788      FA578DB0 
 2788      A6470C5E 
 2788      E5C0
 2789 02f7 A60A5FC5 		.ascii	"\246\012_\305\326\332\235b\004]\245\274\205>\177\235"
 2789      D6DA9D62 
 2789      045DA5BC 
 2789      853E7F9D 
 2790 0307 8BF711D6 		.ascii	"\213\367\021\326\203\353\\\356\365 \351\340\010\251"
 2790      83EB5CEE 
 2790      F520E9E0 
 2790      08A9
 2791 0315 214D3F0C 		.ascii	"!M?\014\277\001\243\224\216\254"
 2791      BF01A394 
 2791      8EAC
 2792              		.text
 2793              		.section	.gnu.lto_chCondBroadcastI.339.6c44c24a,"e",%progbits
 2794 0000 789C7D53 		.ascii	"x\234}S]HTQ\020\2369\347\336\375)\265\020\354\261$\220"
 2794      5D485451 
 2794      109E39E7 
 2794      DEFD29B5 
 2794      10ECB124 
 2795 0015 2868CD24 		.ascii	"(h\315$\210\036*\350\241\207z\023\002A\210\332\335j"
 2795      881E2AE8 
 2795      A1877A13 
 2795      024188DA 
 2795      DD6A
 2796 0027 495ADBD5 		.ascii	"IZ\333\325z\313\233\256H[\264\256I\017\366\277\334b"
 2796      7ACB9BAE 
 2796      485BB4AE 
 2796      490FF6BF 
 2796      DC62
 2797 0039 FBA7A0D2 		.ascii	"\373\247\240\322~l\313J\263\"\3330)\350\007#p{\250\325"
 2797      7E6CCB4A 
 2797      B322DB30 
 2797      29E80723 
 2797      707BA8D5 
 2798 004d 1E522B6A 		.ascii	"\036R+j\346\354\335m\203j\271{\316\2713\337\314\367"
 2798      E6ECDD6D 
 2798      836AB97B 
 2798      CEB933DF 
 2798      CCF7
 2799 005f CDCCB927 		.ascii	"\315\314\271'5\200C\000\340\241?\332\000\333\243a\001"
 2799      35804300 
ARM GAS  C:\Users\nello\AppData\Local\Temp\ccxr2o4e.s 			page 75


 2799      E0A13FDA 
 2799      00DBA361 
 2799      01
 2800 0070 8661ACB4 		.ascii	"\206a\254\264\013\354\210\206?\237\275\254a7*\203\304"
 2800      0BEC8886 
 2800      3F9FBDAC 
 2800      61372A83 
 2800      C4
 2801 0081 8E4B59A7 		.ascii	"\216KY\247&\232\243{\005y\222\351\251\245ZK\264\350"
 2801      269AA37B 
 2801      057992E9 
 2801      A9A55A4B 
 2801      B4E8
 2802 0093 42A4C5AE 		.ascii	"B\244\305\256\351\270;\032\356;'\024\004\241QH25\012"
 2802      E9B83B1A 
 2802      EE3B2714 
 2802      04A15148 
 2802      32350A
 2803 00a6 A2C8FD0E 		.ascii	"\242\310\375\016\310\371\344\235h\351<\177\037\215x"
 2803      C8F9E49D 
 2803      68E93C7F 
 2803      1F8D78
 2804 00b5 024D0970 		.ascii	"\002M\011pTZ\316\303\022\333\245)\0215\353$\260\224"
 2804      545ACEC3 
 2804      12DBA529 
 2804      1135EB24 
 2804      B094
 2805 00c7 4E721DCC 		.ascii	"Nr\035\314K\030\306\340\353.\303p\202)%^C\212\301\253"
 2805      4B18C6E0 
 2805      EB2EC370 
 2805      8229255E 
 2805      438AC1AB 
 2806 00db 885710D8 		.ascii	"\210W\020\330P\335_\014`\2632\011\012Qg\304\353\310"
 2806      50DD5F0C 
 2806      60B33209 
 2806      0A5167C4 
 2806      EBC8
 2807 00ed 39652DAF 		.ascii	"9e-\257\234b\242\247u\262u\366a#\241\231R\303\033\310"
 2807      9C62A2A7 
 2807      75B275F6 
 2807      6123A199 
 2807      52C31BC8 
 2808 0101 984C16BC 		.ascii	"\230L\026\274IR\264\352\261\022B\2261r0uf\237\335\350"
 2808      4952B4EA 
 2808      B1124296 
 2808      31723075 
 2808      669FDDE8 
 2809 0115 377248F8 		.ascii	"7rH\370\215\314H\265q!ob\022o\221\261\233s\261\004\354"
 2809      8DCC48B5 
 2809      71216F62 
 2809      126F91B1 
 2809      9B73B104 
 2810 012a C9D176AA 		.ascii	"\311\321v\252\255,\303\333\235\262\023o\250\324\224"
 2810      AD2CC3DB 
 2810      9DB2136F 
 2810      A8D494
 2811 0139 3A26082C 		.ascii	":&\010,\262\351\356P\272\352\241\022%\232_\330u\027"
ARM GAS  C:\Users\nello\AppData\Local\Temp\ccxr2o4e.s 			page 76


 2811      B2E9EE50 
 2811      BAEAA112 
 2811      259A5FD8 
 2811      7517
 2812 014b B38AD35D 		.ascii	"\263\212\323]{\216\025\265!G\335\310\217\352eS\365\303"
 2812      7B8E15B5 
 2812      2147DDC8 
 2812      8FEA6553 
 2812      F5C3
 2813 015d BFC9D5FF 		.ascii	"\277\311\325\377\224\333\233'\267\353m\273\216\367,"
 2813      94DB9B27 
 2813      B7EB6DBB 
 2813      8EF72C
 2814 016c B9E23FEA 		.ascii	"\271\342?\352 _\035\225\205\017\350|\037Y\030\033.&"
 2814      205F1D95 
 2814      850FE87C 
 2814      1F59181B 
 2814      2E26
 2815 017e F584F1FD 		.ascii	"\365\204\361\375g\304H\264\026\236?\331I#/\240Nv\241"
 2815      67C448B4 
 2815      169E3FD9 
 2815      49232FA0 
 2815      4E76A1
 2816 0191 46C3B0E9 		.ascii	"F\303\260\351\264\350\016^xX:@DBz*\276\024\215\004@"
 2816      B4E80E5E 
 2816      78583A40 
 2816      44427A2A 
 2816      BE148D04 
 2817 01a6 9B14EADC 		.ascii	"\233\024\352\334L\347\217h\214\274\035\230\245\366\261"
 2817      4CE78F68 
 2817      8CBC1D98 
 2817      A5F6B1
 2818 01b5 01E47D6E 		.ascii	"\001\344}nn\031\231\232\006\014\227\321\226\341>\231"
 2818      6E19999A 
 2818      060C97D1 
 2818      96E13E99 
 2819 01c5 C3FF1810 		.ascii	"\303\377\030\020\2647\035\257\2422b\224\234l_~\354O"
 2819      B4371DAF 
 2819      A2326294 
 2819      9C6C5F7E 
 2819      EC4F
 2820 01d7 278F20C9 		.ascii	"'\217 \311S\210/I'\366\241\002\255 \3311\351T\346\257"
 2820      53882F49 
 2820      27F6A102 
 2820      AD20D931 
 2820      E954E6AF 
 2821 01eb 49844FD8 		.ascii	"I\204O\330t35+&\035\326\365\322U\233O!\311\264\023\016"
 2821      7433352B 
 2821      261DD6F5 
 2821      D2559B4F 
 2821      21C9B413 
 2822 0200 FB111651 		.ascii	"\373\021\026Q\227\034\354y\210G\3502qR\212J\207\207"
 2822      971CEC79 
 2822      8847E832 
 2822      71528A4A 
 2822      8787
 2823 0212 441E5266 		.ascii	"D\036Rf\221\243\202\241\217\262P\312\254\270&3\\\235"
ARM GAS  C:\Users\nello\AppData\Local\Temp\ccxr2o4e.s 			page 77


 2823      91A382A1 
 2823      8FB250CA 
 2823      ACB82633 
 2823      5C9D
 2824 0224 A74BF282 		.ascii	"\247K\362\202\034\271\240B\016zBA\230\011\3223\225%"
 2824      1CB9A042 
 2824      0E7A4241 
 2824      9809D233 
 2824      9525
 2825 0236 95E8F489 		.ascii	"\225\350\364\211\367\303\246\223\006\304sbC)\367\036"
 2825      F7C3A693 
 2825      06C47362 
 2825      4329F71E 
 2826 0246 D2183A3E 		.ascii	"\322\030:>=&\265\020\022\245\343\250$BRlRqD4\036\177"
 2826      3D26B510 
 2826      12A5E3A8 
 2826      2442526C 
 2826      52714434 
 2827 025c 8C564936 		.ascii	"\214VI6\253$\346Yn\312i\024\202\203\312fU6\035\237\021"
 2827      AB24E659 
 2827      6ECA6914 
 2827      8283CA66 
 2827      55361D9F 
 2828 0271 B3002525 		.ascii	"\263\000%%~\217\256Q\001&\311B\0119\276\020w\251\266"
 2828      7E8FAE51 
 2828      0126C942 
 2828      0939BE10 
 2828      77A9B6
 2829 0284 6BE435B4 		.ascii	"k\3445\264\\\333\277\015\0240QG\370\203$\275\026\227"
 2829      5CDBBF0D 
 2829      14305147 
 2829      F88324BD 
 2829      1697
 2830 0296 CCE39A63 		.ascii	"\314\343\232c\312\"n\314P>\227\035_Pf\372\374C\214\211"
 2830      CA226ECC 
 2830      503E971D 
 2830      5F5066FA 
 2830      FC438C89 
 2831 02aa CFE6BA87 		.ascii	"\317\346\272\207\263U\335\312\233\337x\344 \322\207"
 2831      B355DDCA 
 2831      9BDF78E4 
 2831      20D287
 2832 02b9 9319D453 		.ascii	"\223\031\324S'\336\266fUB5Zd\332\357Y\315`\242\227\324"
 2832      27DEB666 
 2832      5542355A 
 2832      64DAEF59 
 2832      CD60A297 
 2833 02ce CC906299 		.ascii	"\314\220b\231\211\2572\003\350\261\032\370|x\324\301"
 2833      89AF3203 
 2833      E8B11AF8 
 2833      7C78D4C1 
 2834 02de 0DA4EF12 		.ascii	"\015\244\357\022R\030J\365n\"&\276\007\240J\323s\027"
 2834      52184AF5 
 2834      6E2226BE 
 2834      07A04AD3 
 2834      7317
 2835 02f0 701C9BDE 		.ascii	"p\034\233\336E\327(sD\24227%\370m\341\252e5\253\266"
ARM GAS  C:\Users\nello\AppData\Local\Temp\ccxr2o4e.s 			page 78


 2835      45D72873 
 2835      44A23237 
 2835      25F86DE1 
 2835      AA6535AB 
 2836 0305 F836FAAA 		.ascii	"\3706\372\252\352\033<>\177\315N\177`k\260n\203\333"
 2836      EA1B3C3E 
 2836      7FCD4E7F 
 2836      606BB06E 
 2836      83DB
 2837 0317 BBBE21E8 		.ascii	"\273\276!\350\015\324\254\366\006\353\033\002\336\265"
 2837      0DD4ACF6 
 2837      06EB1B02 
 2837      DEB5
 2838 0325 FECD3EF7 		.ascii	"\376\315>\367\216J(s\271\312\351qs\200?\270\270\242"
 2838      8E4A2873 
 2838      B9CAE971 
 2838      73803FB8 
 2838      B8A2
 2839 0337 A2A2DC1F 		.ascii	"\242\242\334\037,\017\324\227\007\003n\262\272\375\333"
 2839      2C0FD497 
 2839      07036EB2 
 2839      BAFDDB
 2840 0346 3C2E3708 		.ascii	"<.7\010w]q\366\305U\351Y\274d\323\206J\017\210\355u"
 2840      775D71F6 
 2840      C555E959 
 2840      BC64D386 
 2840      4A0F88ED 
 2841 035b 0BFE15EE 		.ascii	"\013\376\025\356\333\346\256m\360x\311S\353\013\326"
 2841      DBE6AE6D 
 2841      F078C953 
 2841      EB0BD6
 2842 036a 075D5B00 		.ascii	"\007][\000\353~\001\324\035\276\361"
 2842      EB7E01D4 
 2842      1DBEF1
 2843              		.text
 2844              		.section	.gnu.lto_chCondWait.340.6c44c24a,"e",%progbits
 2845 0000 789C8D53 		.ascii	"x\234\215S]H\024Q\024>g\356\270\253D\021F\005\365b\202"
 2845      5D481451 
 2845      143E67EE 
 2845      B8AB4411 
 2845      4605F562 
 2846 0015 FD40EEF8 		.ascii	"\375@\356\370C\024=\025\373\020\202Bh\004\202 6;\331"
 2846      43143D15 
 2846      FB108242 
 2846      68048220 
 2846      363BD9
 2847 0028 92EBC8CC 		.ascii	"\222\353\310\314j\365\324\244e`\017\233\012Y\272n&+"
 2847      6AF5D4A4 
 2847      65600F9B 
 2847      0A59BA6E 
 2847      262B
 2848 003a 440F89A0 		.ascii	"D\017\211\240\245\366\267e\231%QD\222\251eHAT\220\355"
 2848      A5F6B765 
 2848      99255144 
 2848      92A96548 
 2848      415490ED 
 2849 004e 16F910D5 		.ascii	"\026\371\020\325\271wV\335\240\"Xf\356\375\356w\316"
ARM GAS  C:\Users\nello\AppData\Local\Temp\ccxr2o4e.s 			page 79


 2849      B97756DD 
 2849      A0225866 
 2849      EEFDEE77 
 2849      CE
 2850 005f F79DEFCE 		.ascii	"\367\235\357\316^g\000\333\020`=\000 \003ljl\220\300"
 2850      5E6700DB 
 2850      10603D00 
 2850      20036C6A 
 2850      6C90C0
 2851 0072 B2AC1D4E 		.ascii	"\262\254\035N\011\21756<\356\356\225\361\032\012\000"
 2851      098F3536 
 2851      3CEEEE95 
 2851      F11A0A00 
 2852 0082 E1A88447 		.ascii	"\341\250\204G\261\231\005\0316\2610\221\345\370\012"
 2852      B1990519 
 2852      36B13091 
 2852      E5F80A
 2853 0091 316D1351 		.ascii	"1m\023Q\346N\264~x\213\301\213\0219\314$\010\021\241"
 2853      E64EB47E 
 2853      788BC18B 
 2853      1139CC24 
 2853      0811A1
 2854 00a4 0FB1979A 		.ascii	"\017\261\227\232\003\020\221\355\205\015\021\313z2\336"
 2854      031091ED 
 2854      850D11CB 
 2854      7A32DE
 2855 00b3 6F592910 		.ascii	"oY)\020f\014\257b\002\207\200\342p\252\315\254\340\317"
 2855      660CAF62 
 2855      028780E2 
 2855      70AACDAC 
 2855      E0CF
 2856 00c5 0CEA38FB 		.ascii	"\014\3528\373\261\253~\331\351c\311\324\017\007\360"
 2856      B1AB7ED9 
 2856      E963C9D4 
 2856      0F07F0
 2857 00d4 B78EC5DD 		.ascii	"\267\216\305\335\251\016\300A\344:\000\022\0258\200"
 2857      A90EC041 
 2857      E43A0012 
 2857      153880
 2858 00e3 D688D791 		.ascii	"\326\210\327\221W;\250\272\377[\016\220\371\020\231"
 2858      573BA8BA 
 2858      FF5B0E90 
 2858      F91099
 2859 00f2 8923C177 		.ascii	"\211#\301wCSTu\2030&\224\316\0112\3675\327tj\362\361"
 2859      43535475 
 2859      83302694 
 2859      CE0932F7 
 2859      35D7746A 
 2860 0108 9AA0C5CD 		.ascii	"\232\240\305\315\313x\013y+[\014#HP\361\245\225\334"
 2860      CB780B79 
 2860      2B5B0C23 
 2860      4850F1A5 
 2860      95DC
 2861 011a 1467B606 		.ascii	"\024g\266\006\332\0066\017\325Y#\326\002\027\026\271"
 2861      DA06360F 
 2861      D55923D6 
 2861      021716B9 
ARM GAS  C:\Users\nello\AppData\Local\Temp\ccxr2o4e.s 			page 80


 2862 012a F6B4427F 		.ascii	"\366\264B\177,\350\300\333\004\336\344\335\200\374\341"
 2862      2CE8C0DB 
 2862      04DEE4DD 
 2862      80FCE1
 2863 0139 9D447FC1 		.ascii	"\235D\177\301w\257W\333\006\345E\250\356+\031\274KX"
 2863      77AF57DB 
 2863      06E545A8 
 2863      EE2B19BC 
 2863      4B58
 2864 014b 122CEADD 		.ascii	"\022,\352\335\372/\275\2717\2447L\340\275\005\275\373"
 2864      FA2FBDB9 
 2864      37A4374C 
 2864      E0BD05BD 
 2864      FB
 2865 015c 428F3848 		.ascii	"B\2178HQu?M\212X\337\177\006\254\310\311\245\037N\264"
 2865      51753F4D 
 2865      8A58DF7F 
 2865      06ACC8C9 
 2865      A51F4EB4 
 2866 0170 3CEF96E8 		.ascii	"<\357\226\350\222\261\037e\221#\004\030\277xKF+\002"
 2866      92B11F65 
 2866      91230418 
 2866      BF784B46 
 2866      2B02
 2867 0182 709A49F6 		.ascii	"p\232I\366\246\2166\357\321\232y1\212\342=\265\204\277"
 2867      A68E36EF 
 2867      D19A7931 
 2867      8AE23DB5 
 2867      84BF
 2868 0194 621702AF 		.ascii	"b\027\002\257Z\317 %)\300\330D\212`\305\372BW\242\343"
 2868      5ACF2025 
 2868      29C0D844 
 2868      8A60C5FA 
 2868      4257A2E3 
 2869 01a8 2B686001 		.ascii	"+h`\001\217E\317\"\307k\323(\006\376\241\310\230%h]"
 2869      8F45CF22 
 2869      C76BD328 
 2869      06FEA1C8 
 2869      9825685D 
 2870 01bc 67AE4CB7 		.ascii	"g\256L\267#\245!h\327\246Sp\010\341\023\326\246s\257"
 2870      23A52168 
 2870      D7A65370 
 2870      08E113D6 
 2870      A673AF
 2871 01cf EDFC32D7 		.ascii	"\355\3742\327]\226\352\351\332\223h)\363O\363!\002\275"
 2871      5D96EAE9 
 2871      DA936829 
 2871      F34FF321 
 2871      02BD
 2872 01e1 7114F181 		.ascii	"q\024\361\201\310o]\2178w\210\303G\266\312lo\350Y4\031"
 2872      C86F5D8F 
 2872      387788C3 
 2872      47B6CA6C 
 2872      6FE85934 
 2873 01f6 78E4BC6F 		.ascii	"x\344\274o\364B\340\313D\206P\3706\261\312Fb/\363)p"
 2873      F442E0CB 
 2873      448650F8 
ARM GAS  C:\Users\nello\AppData\Local\Temp\ccxr2o4e.s 			page 81


 2873      36B1CA46 
 2873      622FF329 
 2874 020b 98C5E31D 		.ascii	"\230\305\343\035\271\235L>\216R\2309C\214\242\352d\264"
 2874      B99D4C3E 
 2874      8E529839 
 2874      438CA2EA 
 2874      64B4
 2875 021d 4CB6CD0E 		.ascii	"L\266\315\016\"\235\211\302\317\366\3244nk\033\215{"
 2875      229D89C2 
 2875      CFF6D434 
 2875      6E6B1B8D 
 2875      7B
 2876 022e D7367C7E 		.ascii	"\3276|~\262\305\226\230\351i\263\005nL\212\223\364\205"
 2876      B2C59698 
 2876      E969B305 
 2876      6E4C8A93 
 2876      F485
 2877 0240 C7CCB3B5 		.ascii	"\307\314\263\265\361@~\360@\356\331\205\315\261\205"
 2877      F1407EF0 
 2877      40EED985 
 2877      CDB185
 2878 024f 4086E381 		.ascii	"@\206\343\201@b \367\027\003\031I\014$>\372\023\021"
 2878      406220F7 
 2878      17031949 
 2878      0C243EFA 
 2878      1311
 2879 0261 42E2BC4D 		.ascii	"B\342\274M1\232w8>oG\3634\377\263B\024k;\266\360\011"
 2879      319A7738 
 2879      3E6F47F3 
 2879      34FFB342 
 2879      146B3BB6 
 2880 0277 805F2ADA 		.ascii	"\200_*\332\367X\033\341\333L\367\366\022\367\001\357"
 2880      F7581BE1 
 2880      DB4CF7F6 
 2880      12F701EF 
 2881 0287 3E6F91BF 		.ascii	">o\221\277\332\343\325K\016\351\306A\263\252L\325J\253"
 2881      DAE3D54B 
 2881      0EE9C641 
 2881      B3AA4CD5 
 2881      4AAB
 2882 0299 4DCD28D9 		.ascii	"M\315(\331\245\231\376jC\313\327\313\275jM.d\270\\\012"
 2882      A599FE6A 
 2882      43CBD7CB 
 2882      BD6A4D2E 
 2882      64B85C0A 
 2883 02ad FD545EA0 		.ascii	"\375T^\240\2339\331\331\331\212n*\206_1\015\225PU\257"
 2883      9B39D9D9 
 2883      D98A6E2A 
 2883      865F310D 
 2883      955055AF 
 2884 02c1 F4B85490 		.ascii	"\364\270T\220\324\252\324\371\215+\327\223\263e\177"
 2884      D4AAD4F9 
 2884      8D2BD793 
 2884      B3657F
 2885 02d0 59AE0798 		.ascii	"Y\256\007\230\317,\337\370\267zo\245ZQ\355\321\350\304"
 2885      CF2CDFF8 
 2885      B77A6FA5 
ARM GAS  C:\Users\nello\AppData\Local\Temp\ccxr2o4e.s 			page 82


 2885      5A51EDD1 
 2885      E8C4
 2886 02e2 3C62BA0E 		.ascii	"<b\272\016\200s_\231\251\3556\274\356?\026\250\272\317"
 2886      80735F99 
 2886      A9ED36BC 
 2886      EE3F16A8 
 2886      BACF
 2887 02f4 A7572ADA 		.ascii	"\247W*\332a\277\262\263\260@q\027\024\345\025)n\335"
 2887      61BFB2B3 
 2887      B0407117 
 2887      14E51529 
 2887      6EDD
 2888 0306 D094BCF9 		.ascii	"\320\224\274\371>>\323k\226\226\253*\365\332\372\257"
 2888      3E3ED36B 
 2888      9696AB2A 
 2888      F5DAFAAF 
 2889 0316 1E55BAE1 		.ascii	"\036U\272\3417y\227\232\255\231\005\231;\363\367\210"
 2889      3779979A 
 2889      AD990599 
 2889      3BF3F788 
 2890 0326 310C8DEA 		.ascii	"1\014\215\352\226\027\024\025\246q\037U\206wsZF\026"
 2890      96171415 
 2890      A6711F55 
 2890      8677735A 
 2890      4616
 2891 0338 4806387D 		.ascii	"H\0068}\232O7\216\300/\036\204\246\257"
 2891      9A4F378E 
 2891      C02F1E84 
 2891      A6AF
 2892              		.text
 2893              		.section	.gnu.lto_chCondWaitS.341.6c44c24a,"e",%progbits
 2894 0000 789C8553 		.ascii	"x\234\205SMlLQ\024>\337\273o^;\325N\325Om,D\342/aF5"
 2894      4D6C4C51 
 2894      143EDFBB 
 2894      6F5E3BD5 
 2894      4ED54F6D 
 2895 001b 16AC2416 		.ascii	"\026\254$\0266v\022\211\244\211\324\233\241\023j&\363"
 2895      36761289 
 2895      A489D49B 
 2895      A1136A26 
 2895      F3
 2896 002c 66B0F354 		.ascii	"f\260\363T\221tSZ\261\220\0324/\214\225\215\237b\312"
 2896      9174535A 
 2896      B1901A34 
 2896      2F8C958D 
 2896      9F62CA
 2897 003f F827A443 		.ascii	"\370'\244CQ?\241\222\222P\013&\232\010\"8\367\2767c"
 2897      513FA192 
 2897      92500B26 
 2897      9A082238 
 2897      F7BE3763 
 2898 0053 DA10C9CC 		.ascii	"\332\020\311\314}\367\234\363\235\357~\367\273\367\236"
 2898      7DF79CF3 
 2898      9DEF7EF7 
 2898      BBF79E
 2899 0062 D389F244 		.ascii	"\323\211\362D4\227\377\020\204\256\003\035\032\331\266"
 2899      3497FF10 
ARM GAS  C:\Users\nello\AppData\Local\Temp\ccxr2o4e.s 			page 83


 2899      84AE031D 
 2899      1AD9B6
 2900 0071 BDA242C3 		.ascii	"\275\242B\303\256\003\035\371\354\031\035W\240\022\240"
 2900      AE031DF9 
 2900      EC191D57 
 2900      A012A0
 2901 0080 9D1A76A2 		.ascii	"\235\032v\242[\364\010t\011\207\301\2727\003f-`\310"
 2901      5BF40874 
 2901      0987C1BA 
 2901      3703662D 
 2901      60C8
 2902 0092 D73D878F 		.ascii	"\327=\207\217\274CO&\247;B\2434\003\316\002g\300\314"
 2902      BC434F26 
 2902      A73B42A3 
 2902      3403CE02 
 2902      67C0CC
 2903 00a5 C440B196 		.ascii	"\304@\261\226\346\345l\373\301\363>\333\366\223#\004"
 2903      E6E56CFB 
 2903      C1F33EDB 
 2903      F6932304 
 2904 00b5 CEA30CC3 		.ascii	"\316\243\014\303\211u\267\353\\\344\0269\316a\306B\346"
 2904      8975B7EB 
 2904      5CE41639 
 2904      CE61C642 
 2904      E6
 2905 00c6 E4DEC0FE 		.ascii	"\344\336\300\376]\225\314\207\013\030\307\270n\264N"
 2905      5D95CC87 
 2905      0B18C7B8 
 2905      6EB44E
 2906 00d5 42E30ACA 		.ascii	"B\343\012\312\274\205\243\373\366\271P\035\227&@\207"
 2906      BC85A3FB 
 2906      F6B9501D 
 2906      97264087 
 2907 00e5 15D42A41 		.ascii	"\025\324*A\323'=\250\017\375\023\240\203u\006\3412\220"
 2907      D3273DA8 
 2907      0FFD13A0 
 2907      837506E1 
 2907      3290
 2908 00f7 052E42EE 		.ascii	"\005.B\356\201H\3436\203x\016\344 9\014V\226\231A\354"
 2908      8148E336 
 2908      83780EE4 
 2908      20390C56 
 2908      969941EC 
 2909 010b 0BE7884B 		.ascii	"\013\347\210K\270Z*I\234\206\353%\334\327|\267\317E"
 2909      B85A2A49 
 2909      9C86EB25 
 2909      DCD77CB7 
 2909      CF45
 2910 011d 6A0A7903 		.ascii	"j\012y\003\262\310kI\376\323\203\276\234\375\343W\247"
 2910      B2C86B49 
 2910      FED383BE 
 2910      9CFDE357 
 2910      A7
 2911 012e 6D7F5AF6 		.ascii	"m\177Z\366\352\345g\177\215`\033t\235\007\303'\007\003"
 2911      EAE5677F 
 2911      8D601B74 
 2911      9D07C327 
ARM GAS  C:\Users\nello\AppData\Local\Temp\ccxr2o4e.s 			page 84


 2911      0703
 2912 0140 E8431531 		.ascii	"\350C\0251\262\232C\037Q\247\220gc\353\260sD\373\205"
 2912      B29A431F 
 2912      51A79067 
 2912      63EBB073 
 2912      44FB85
 2913 0153 E606BB39 		.ascii	"\346\006\2739\370\000{\244\177\000\362;6\332\371b\250"
 2913      F8007BA4 
 2913      7F00F23B 
 2913      36DAF962 
 2913      A8
 2914 0164 072C4A65 		.ascii	"\007,Je_\017\371q\015\364\021m\331S5\275\242\332;\263"
 2914      5F0FF971 
 2914      0DF4116D 
 2914      D95335BD 
 2914      A2DA3BB3 
 2915 0178 0A25B11D 		.ascii	"\012%\261\035\032O3B\371~\002\274J%n\003\267Tq1\263"
 2915      1A4F3342 
 2915      F97E02BC 
 2915      4A256E03 
 2915      B7547131 
 2916 018d B3497EDC 		.ascii	"\263I~\334\301\021\241v\351e|\270\313\031\220\273D["
 2916      C111A176 
 2916      E9657CB8 
 2916      CB1990BB 
 2916      445B
 2917 019f E1F89BB1 		.ascii	"\341\370\233\261>?o\222\215\343\005\324\252W<-\375\207"
 2917      3E3F6F92 
 2917      8DE305D4 
 2917      AA573C2D 
 2917      FD87
 2918 01b1 7E76B096 		.ascii	"~v\260\226\033\256\226\356{~\334,\027I\236DW_\177\376"
 2918      1BAE96EE 
 2918      7B7EDC2C 
 2918      17499E44 
 2918      575F7FFE 
 2919 01c5 E6DBAE79 		.ascii	"\346\333\256y\214\350\025\305K\346CIY\025s\343\036\310"
 2919      8CE815C5 
 2919      4BE64349 
 2919      591573E3 
 2919      1EC8
 2920 01d7 133109F7 		.ascii	"\0231\011\367Y\204F.7\213\030\033s\224\210\254lW\274"
 2920      5984462E 
 2920      378B181B 
 2920      739488AC 
 2920      6C57BC
 2921 01ea 0F5D1123 		.ascii	"\017]\021#O\006\352\325\367\251\033\317.\015#\317\002"
 2921      4F06EAD5 
 2921      F7A91BCF 
 2921      2E0D23CF 
 2921      02
 2922 01fb 1312C301 		.ascii	"\023\022\303\001*\240}\026)c\252\323LD\314\346\210\032"
 2922      2AA07D16 
 2922      2963AAD3 
 2922      4C44CCE6 
 2922      881A
 2923 020d 55FD1290 		.ascii	"U\375\022\220:\017\237\252W\232X\307\373\352?\272\376"
ARM GAS  C:\Users\nello\AppData\Local\Temp\ccxr2o4e.s 			page 85


 2923      3A0F9FAA 
 2923      579A58C7 
 2923      FBEA3FBA 
 2923      FE
 2924 021e 3816409E 		.ascii	"8\026@\236\245q\253\2143\001G\324\342\001't\311e(\242"
 2924      A571AB8C 
 2924      330147D4 
 2924      E2012774 
 2924      C96528A2 
 2925 0232 6F036AC7 		.ascii	"o\003j\307\007;Xk\361\025\011o\253\222v\246#&3\026\203"
 2925      073B586B 
 2925      F115096F 
 2925      AB9276A6 
 2925      23263316 
 2926 0247 E5B47578 		.ascii	"\345\264ux\304,|\015\332\025\006|C\360\230-,\022\371"
 2926      C42C7C0D 
 2926      DA15067C 
 2926      43F0982D 
 2926      2C12F9
 2927 025a 4AED0BFF 		.ascii	"J\355\013\377\246j\012\206\270\335\240b*\023\222\224"
 2927      A66A0A86 
 2927      B8DDA062 
 2927      2A139294 
 2928 026a 4F395731 		.ascii	"O9W1\216\362\031S\026\260\307\363`j\332\325\2553\277"
 2928      8EF21953 
 2928      16B0C7F3 
 2928      606ADAD5 
 2928      AD33BF
 2929 027d 23A629F5 		.ascii	"#\246)\365\337\313M\232\236\226\222\344\006\352Q\341"
 2929      DFCB4D9A 
 2929      9E9692E4 
 2929      06EA51E1 
 2930 028d 88190AF1 		.ascii	"\210\031\012\361C\031\225\035\025\275\242\252\244\252"
 2930      4319951D 
 2930      15BDA2AA 
 2930      A4AA
 2931 029b F6EF5EBD 		.ascii	"\366\357^\275*\363j\272|\351\303\234\250$y5\332\216"
 2931      2AF36ABA 
 2931      7CE9C39C 
 2931      A8247935 
 2931      DA8E
 2932 02ad D5F2E567 		.ascii	"\325\362\345g\016E\372\213M\033w8\306\270\303\351\252"
 2932      0E45FA8B 
 2932      4D1B7738 
 2932      C6B8C3E9 
 2932      AA
 2933 02be A5CFDCB1 		.ascii	"\245\317\334\261T\302I\276\025\270\317\243-'\303E+\227"
 2933      54C249BE 
 2933      15B8CFA3 
 2933      2D27C345 
 2933      2B97
 2934 02d0 37AD6C89 		.ascii	"7\255l\211n\210\256I\246\302\321X\323\366Xb\263\025"
 2934      6E88AE49 
 2934      A6C2D158 
 2934      D3F65862 
 2934      B315
 2935 02e2 6F3623EB 		.ascii	"o6#\353SV$\321\264*b%S\211\310\352\330\246\250\271\255"
ARM GAS  C:\Users\nello\AppData\Local\Temp\ccxr2o4e.s 			page 86


 2935      535624D1 
 2935      B42A6225 
 2935      5389C8EA 
 2935      D8A6A8B9 
 2936 02f7 91E60483 		.ascii	"\221\346\004\203!\376\231\262!f-ihh\010\305\254P\"\031"
 2936      21FE99B2 
 2936      21662D69 
 2936      686808C5 
 2936      AC502219 
 2937 030b B2122667 		.ascii	"\262\022&g\315\330\326p\320$\315\214O)\006\301\306\360"
 2937      CDD8D670 
 2937      D024CD8C 
 2937      4F2906C1 
 2937      C6F0
 2938 031d 92A51B9B 		.ascii	"\222\245\033\233\033\303$Z\255MZk\3340S\211D2\276\360"
 2938      1BC3245A 
 2938      AD4D5A6B 
 2938      DC305389 
 2938      4432BEF0 
 2939 0331 5F4CD1AD 		.ascii	"_L\321\255\346\226T8\302\225dK\"\322\034\266\202-4\377"
 2939      E6965438 
 2939      C295644B 
 2939      22D21CB6 
 2939      822D34FF 
 2940 0345 FFE0D6E4 		.ascii	"\377\340\326\344\016\006\376\006\234\321\267\014"
 2940      0E06FE06 
 2940      9CD1B70C 
 2941              		.text
 2942              		.section	.gnu.lto_chCondWaitTimeout.342.6c44c24a,"e",%progbits
 2943 0000 789C8D52 		.ascii	"x\234\215R[H\024Q\030\376\3779{\321\207\"\215z\250\027"
 2943      5B481451 
 2943      18FEFF39 
 2943      7BD18722 
 2943      8D7AA817 
 2944 0014 8BEC02B9 		.ascii	"\213\354\002\271\343\245\010z*\366!\202\026\"#\020\204"
 2944      E3A5087A 
 2944      2AF62182 
 2944      16222310 
 2944      84
 2945 0025 B0D9C986 		.ascii	"\260\331\311\206\\Gfv\273<5\271]\320\036\326\013\335"
 2945      5C476676 
 2945      BB3C35B9 
 2945      5DD01ED6 
 2945      0BDD
 2946 0037 74DB4C0C 		.ascii	"t\333L\014\252\227(\312\274\326\226\345\245\013\206"
 2946      AA9728CA 
 2946      BCD696E5 
 2946      A50B86
 2947 0046 15844692 		.ascii	"\025\204F\222TT\004\311n\221\017Q\375\347\314\246\033"
 2947      545404C9 
 2947      6E910F51 
 2947      FDE7CCA6 
 2947      1B
 2948 0057 5404C3CC 		.ascii	"T\004\303\314\234\377|\377\377]\316\371\310\000\326"
 2948      9CFF7CFF 
 2948      FF5DCEF9 
 2948      C800D6
ARM GAS  C:\Users\nello\AppData\Local\Temp\ccxr2o4e.s 			page 87


 2949 0066 21C05200 		.ascii	"!\300R\000@\006\330P_+\201eY\353\334\022\036\254\257"
 2949      4006D850 
 2949      5F2B8165 
 2949      59EBDC12 
 2949      1EACAF
 2950 0079 1D18BAE6 		.ascii	"\035\030\272\346\300^\024\005\204\003\022\036\300F\026"
 2950      C05E1405 
 2950      8403121E 
 2950      C04616
 2951 0088 65D8C0DA 		.ascii	"e\330\300\332\010\354H\375!\346\254 \310\324\341\246"
 2951      08EC48FD 
 2951      21E6AC20 
 2951      C8D4E1A6 
 2952 0098 9AF718BD 		.ascii	"\232\367\030\275\020w\2641\011b\004\270\216x\215\206"
 2952      1077B431 
 2952      096204B8 
 2952      8E788D86 
 2953 00a8 0310906D 		.ascii	"\003\020\220m\203eq\313z<\336aY\231\320\306\030\336"
 2953      836571CB 
 2953      7A3CDE61 
 2953      5999D0C6 
 2953      18DE
 2954 00ba C0340C15 		.ascii	"\3004\014\025J\352\2628\256\302\306\325\204\217Zsh\222"
 2954      4AEAB238 
 2954      AEC2C6D5 
 2954      848F5A73 
 2954      6892
 2955 00cc 033B7FC7 		.ascii	"\003;\177\3079J\242Y\366\304 \177\347\022\363d\355\305"
 2955      394AA259 
 2955      F6C4207F 
 2955      E712F364 
 2955      EDC5
 2956 00de 23B3EB0E 		.ascii	"#\263\353\016f\020/v\343o\314%\027\263\\\200=\310\365"
 2956      66102F76 
 2956      E36FCC25 
 2956      17B35C80 
 2956      3DC8F5
 2957 00f1 0048D4E0 		.ascii	"\000H\324\340\002\372G\274\211\274\333E\335\035\375"
 2957      02FA47BC 
 2957      89BCDB45 
 2957      DD1DFD
 2958 0100 AB804CC6 		.ascii	"\253\200L\306Ht\252\022\235\352{A]\267\250\306\004\323"
 2958      4874AA12 
 2958      9DEA7B41 
 2958      5DB7A8C6 
 2958      04D3
 2959 0112 3901E6BA 		.ascii	"9\001\346\272\246\256\036\033\033^\020\265\270I'\336"
 2959      A6AE1E1B 
 2959      1B5E10B5 
 2959      B84927DE 
 2960 0122 463ECA26 		.ascii	"F>\312&\303;H\245\222K\363\270(\216\354\2124w\256\354"
 2960      C33B48A5 
 2960      924BF3B8 
 2960      288EEC8A 
 2960      3477AEEC 
 2961 0136 0B5B83D6 		.ascii	"\013[\203\3264\026f\260v*\202\377Y\324\205}T\214\363"
 2961      341666B0 
ARM GAS  C:\Users\nello\AppData\Local\Temp\ccxr2o4e.s 			page 88


 2961      762A82FF 
 2961      59D4857D 
 2961      548CF3
 2962 0149 6940FAF0 		.ascii	"i@\372\360n\272\276\350\273\216%\266@\307\214\300\360"
 2962      6EBABEE8 
 2962      BB8E25B6 
 2962      40C78CC0 
 2962      F0
 2963 015a 1712D84F 		.ascii	"\027\022\330O5'\314\360\335\372/\276\251\327\3047H\305"
 2963      3527CCF0 
 2963      DDFA2FBE 
 2963      A9D7C437 
 2963      48C5
 2964 016c 8169BE21 		.ascii	"\201i\276!\301G\030\244\250.\2178\343\326\267\037\021"
 2964      C14718A4 
 2964      A82E8F38 
 2964      E3D6B71F 
 2964      11
 2965 017d 2B7E7456 		.ascii	"+~tV\315\320\333\311\323+2$\304\016$\247]\350\024aB"
 2965      CDD0DBC9 
 2965      D32B3224 
 2965      C40E24A7 
 2965      5DE81461 
 2966 0192 84F15B62 		.ascii	"\204\361[b9\320\212\003\3241\311^\204i\361\001\255\211"
 2966      39D08A03 
 2966      D431C95E 
 2966      8469F101 
 2966      AD89
 2967 01a4 E32328BE 		.ascii	"\343#(\276\247\262\371'\371*\362\262\351\004R\234\242"
 2967      A7B2F927 
 2967      F92AF2B2 
 2967      E904529C 
 2967      A2
 2968 01b5 981CCD14 		.ascii	"\230\034\315\024\250\344\227X{\342\371\\r-\312\317\022"
 2968      A8E49758 
 2968      7BE2F95C 
 2968      722DCACF 
 2968      12
 2969 01c6 A790D7AB 		.ascii	"\247\220\327\253s(\013~\253\234\230/`oN\264\217\237"
 2969      73280B7E 
 2969      AB9C982F 
 2969      606F4EB4 
 2969      8F9F
 2970 01d8 418A44C0 		.ascii	"A\212D\300\272\3073\361\036\302'\254^\314\005\237\347"
 2970      BAC733F1 
 2970      1EC227AC 
 2970      5ECC059F 
 2970      E7
 2971 01e9 27BAA85D 		.ascii	"'\272\250]:Bg\357\242_\007\277\307\017\021\350\213\217"
 2971      3A4267EF 
 2971      A25F07BF 
 2971      C70F11E8 
 2971      8B8F
 2972 01fb 101F8810 		.ascii	"\020\037\210\020\027u\212}\267\330\034\266Y&?\307\236"
 2972      17758A7D 
 2972      B7D81CB6 
 2972      59263FC7 
ARM GAS  C:\Users\nello\AppData\Local\Temp\ccxr2o4e.s 			page 89


 2972      9E
 2973 020c 263280E7 		.ascii	"&2\200\347\316\347&^E>\217\346\012\206\257\243\363E"
 2973      CEE7265E 
 2973      453E8FE6 
 2973      0A86AFA3 
 2973      F345
 2974 021e E5DC937A 		.ascii	"\345\334\223z\037\245\016\223x\270\245\250\2259\017"
 2974      1FA50E93 
 2974      78B8A5A8 
 2974      95390F
 2975 022d A1D4C632 		.ascii	"\241\324\3062b\214\362jeR+#\211\231\266\336\036\244"
 2975      628CF26A 
 2975      65522B23 
 2975      8999B6DE 
 2975      1EA4
 2976 023f 6DD17BC6 		.ascii	"m\321{\3066N\216\233\232\311q\277\255\371\354\330I\233"
 2976      364E8E9B 
 2976      9AC971BF 
 2976      ADF9ECD8 
 2976      499B
 2977 0251 65E24AB3 		.ascii	"e\342J\263\315\321;&v\026O\277&\236.Le\362\235g2`76"
 2977      CDD13B26 
 2977      76164FBF 
 2977      269E2E4C 
 2977      65F29D67 
 2978 0269 26A73319 		.ascii	"&\2473\031Le\002\351\231\014\315dr?=\223\224\373\021"
 2978      4C6502E9 
 2978      990CCD64 
 2978      723F3D93 
 2978      94FB11
 2979 027c 9143BAE5 		.ascii	"\221C\272\345\206$Y\036LYn\0117:\271\301\004V\267\254"
 2979      8624591E 
 2979      4C596E09 
 2979      373AB9C1 
 2979      0456B7AC 
 2980 0290 E60E809F 		.ascii	"\346\016\200\237+\332GY\035\347\313<\357\332R\357.m"
 2980      2BDA4759 
 2980      1DE7CB3C 
 2980      EFDA52EF 
 2980      2E6D
 2981 02a2 87561C0C 		.ascii	"\207V\034\014\3715\275t\257n\3546\253\312\024u{\310"
 2981      F935BD74 
 2981      AF6EEC36 
 2981      ABCA1475 
 2981      7BC8
 2982 02b4 548DD20D 		.ascii	"T\215\322\015\252\031\014\031\352&\275\\S\366\024A\256"
 2982      AA190C19 
 2982      EA26BD5C 
 2982      53F61441 
 2982      AE
 2983 02c5 C723D3A3 		.ascii	"\307#\323\243\360\006\335,,((\220uS6\202\262i(TU\364"
 2983      F006DD2C 
 2983      2C282890 
 2983      75533682 
 2983      B2692854 
 2984 02db 4ABF4701 		.ascii	"J\277G\001I\251\312\376\265\360\024\371\013W\357,+\362"
 2984      49A9CAFE 
ARM GAS  C:\Users\nello\AppData\Local\Temp\ccxr2o4e.s 			page 90


 2984      B5F014F9 
 2984      0B57EF2C 
 2984      2BF2
 2985 02ed 833BA805 		.ascii	"\203;\250\005T=\024d\001\263|\371\337\346h\225JE\310"
 2985      543D1464 
 2985      01B37CF9 
 2985      DFE66895 
 2985      4A45C8
 2986 0300 AFD28EB9 		.ascii	"\257\322\216\271\337\364\354\002\367\2162S\335lh\336"
 2986      DFF4EC02 
 2986      F78E3253 
 2986      DD6C68DE 
 2987 0310 3F36287A 		.ascii	"?6(z \240W\312\352\276\240\274~\213O\366\372\2127\026"
 2987      20A057CA 
 2987      EABEA0BC 
 2987      7E8B4FF6 
 2987      FA8A3716 
 2988 0324 CB5EDD50 		.ascii	"\313^\335P\345\215\277\346\004L\315\334^\256(4k\315"
 2988      E58DBFE6 
 2988      044CCDDC 
 2988      5EAE2834 
 2988      6BCD
 2989 0336 BF6654E9 		.ascii	"\277fT\351F\320\344S\366\254\311\363\345\255\337\264"
 2989      46D0E453 
 2989      F6ACC9F3 
 2989      E5ADDFB4 
 2990 0346 55D83154 		.ascii	"U\3301T\352\233\343+\336\222\303uT\031\332\312\234\334"
 2990      EA9BE32B 
 2990      DE92C375 
 2990      5419DACA 
 2990      9CDC
 2991 0358 7C900C70 		.ascii	"|\220\014p\007\324\200n\354\207\237\271]\267\220"
 2991      07D4806E 
 2991      EC879FB9 
 2991      5DB790
 2992              		.text
 2993              		.section	.gnu.lto_chCondWaitTimeoutS.343.6c44c24a,"e",%progbits
 2994 0000 789C8593 		.ascii	"x\234\205\223]l\024U\024\307\317\377\336\331\331n-\313"
 2994      5D6C1455 
 2994      14C7CFFF 
 2994      DED9D96E 
 2994      2DCB
 2995 0012 42B51863 		.ascii	"B\265\030cbcB\320\004w-\015/<\221\360@bx31i\322\304"
 2995      626342D0 
 2995      04772D0D 
 2995      2F3C91F0 
 2995      40627833 
 2996 002a D4D9956E 		.ascii	"\324\331\225n\240l\263;\253$>t\350\207\215\353\003\364"
 2996      A06CB33B 
 2996      AB243E74 
 2996      E8878DEB 
 2996      03F4
 2997 003c 233CD05A 		.ascii	"#<\320Z\241\031e\367\311\030K\244Rp\241|J\020m\025a"
 2997      A11965F7 
 2997      C9184BA4 
 2997      5270A17C 
 2997      4A106D15 
ARM GAS  C:\Users\nello\AppData\Local\Temp\ccxr2o4e.s 			page 91


 2998 0051 89621A13 		.ascii	"\211b\032\023\2511f\225\007\301\010\365\334;\303\320"
 2998      A9316695 
 2998      07C108F5 
 2998      DC3BC3D0 
 2999 0061 6D3426BB 		.ascii	"m4&\273w\346\236\373\273\377\363?\347\336\251\030D\337"
 2999      77E69EFB 
 2999      BBFFF33F 
 2999      E7DEA918 
 2999      44DF
 3000 0073 11D14BFC 		.ascii	"\021\321K\374G\2100<T\020\3448\316\326\260\020}C\357"
 3000      4788303C 
 3000      5410E438 
 3000      CED6B010 
 3000      7D43EF
 3001 0086 0A9CC6BD 		.ascii	"\012\234\306\275\367\335g\214\376\241\350\340\2177\233"
 3001      F7DD678C 
 3001      FEA1E8E0 
 3001      8F379B
 3002 0095 0D89D180 		.ascii	"\015\211\321\2000\260o\250\360\363\325)\203!\035\000"
 3002      30B06FA8 
 3002      F0F3D529 
 3002      83211D00 
 3003 00a5 F50869A0 		.ascii	"\365\010i\240\007#r\\bX\272\222`\370o@\363\363\014\335"
 3003      0723725C 
 3003      6258BA92 
 3003      60F86F40 
 3003      F3F30CDD 
 3004 00b9 1D387475 		.ascii	"\0358tu\021\343\305\262\341JA\023\014\034\003\246\300"
 3004      11E3C5B2 
 3004      E14A4113 
 3004      0C1C03A6 
 3004      C0
 3005 00ca D98941F9 		.ascii	"\331\211A\371\012m(;\316W\267\217;N\204\\)\361)\226"
 3005      0A6D283B 
 3005      CE57B78F 
 3005      3B4E845C 
 3005      29F12996 
 3006 00de 311C681B 		.ascii	"1\034h\033\213)n\267\307\025\372\006\235\030+\031\230"
 3006      8B296EB7 
 3006      C715FA06 
 3006      9D182B19 
 3006      98
 3007 00ef AEE58CB6 		.ascii	"\256\345\214\266\2431O\321V\343z\316\\\255\224\336\216"
 3007      A3314FD1 
 3007      56E37ACE 
 3007      5CAD94DE 
 3007      8E
 3008 0100 1ED857C7 		.ascii	"\036\330W\307yq\0025\231\333\256h\321\275\032e\335\352"
 3008      79710235 
 3008      99DBAE68 
 3008      D1BD1A65 
 3008      DDEA
 3009 0112 8D77063D 		.ascii	"\215w\006=4\204\223+\320\323\032}+@\257\227|\324\304"
 3009      3484932B 
 3009      D0D31A7D 
 3009      2B40AF97 
 3009      7CD4C4
ARM GAS  C:\Users\nello\AppData\Local\Temp\ccxr2o4e.s 			page 92


 3010 0125 E72BD0A9 		.ascii	"\347+\320\251\230I(\003\247\200\031\250Z\211\004o3\211"
 3010      98492803 
 3010      A78019A8 
 3010      5A89046F 
 3010      3389
 3011 0137 DF813350 		.ascii	"\337\2013P\032&;+\256#\356 \307\210\2270\033,)N\340"
 3011      1A263B2B 
 3011      AE23EE20 
 3011      C7889730 
 3011      1B2C294E 
 3012 014c 5CC0DDFD 		.ascii	"\\\300\335\375u4\344\221B\223\347\241\0269\227\322\377"
 3012      7534E491 
 3012      4293E7A1 
 3012      163997D2 
 3012      FF
 3013 015d 682E5476 		.ascii	"h.Tv\376^\332\3578K;\306f\377<\212\325\0028\316\"\\"
 3013      FE5EDAEF 
 3013      384B3BC6 
 3013      66FF3C8A 
 3013      D50238CE 
 3014 0173 44988770 		.ascii	"D\230\207p\235\032\352\201\317\320@\314Gy\312\"\373"
 3014      9D1AEA81 
 3014      CFD040CC 
 3014      4779CA22 
 3014      FB
 3015 0184 A53A4BC7 		.ascii	"\245:K\307\200S&: \2057\351\343\311/p\026>\236\207z"
 3015      8053263A 
 3015      208537E9 
 3015      E3C92F70 
 3015      163E9E87 
 3016 0199 DE298D56 		.ascii	"\336)\215V\256\215\203\255\351\350\255k\021\234\005"
 3016      AE8D83AD 
 3016      E9E8AD6B 
 3016      119C05
 3017 01a8 FD86DE99 		.ascii	"\375\206\336\231\322\252I\031\365O\270N\033\355\207"
 3017      D2AA4919 
 3017      F54FB84E 
 3017      1BED87
 3018 01b7 E0D7A2D4 		.ascii	"\340\327\242\324\335\377\020\234%\202K\300E\275\370"
 3018      DDFF109C 
 3018      25824BC0 
 3018      45BDF8
 3019 01c6 22AB73AB 		.ascii	"\"\253s\253\352\361\005\336\223\272V?b\3422G@^\212\336"
 3019      EAF105DE 
 3019      93BA563F 
 3019      62E23247 
 3019      405E8ADE 
 3020 01da EA91BEB1 		.ascii	"\352\221\276\261\351\010\227\312\355\343\004:\353'\276"
 3020      E90897CA 
 3020      EDE3043A 
 3020      EB27BE
 3021 01e9 97FB071F 		.ascii	"\227\373\007\037\024\330\313y\317\313\310\345\010.,"
 3021      14D8CB79 
 3021      CFCBC8E5 
 3021      082E2C
 3022 01f8 3749BE45 		.ascii	"7I\276E\317\337\311[\347~\032\336\300\304\2444}\233"
 3022      CFDFC95B 
ARM GAS  C:\Users\nello\AppData\Local\Temp\ccxr2o4e.s 			page 93


 3022      E77E1ADE 
 3022      C0C4A434 
 3022      7D9B
 3023 020a 2602678F 		.ascii	"&\002g\217\2616\256\200|\023\015\370\222M\010\362\264"
 3023      B136AE80 
 3023      7C130DF8 
 3023      924D08F2 
 3023      B4
 3024 021b D9C4C8D8 		.ascii	"\331\304\310\330\007\332\304)\265]\353\036\363L,L\317"
 3024      07DAC429 
 3024      B55DEB1E 
 3024      F34C2C4C 
 3024      CF
 3025 022c 37E9E709 		.ascii	"7\351\347\011o\376l0,\3144\256\010\3145R\025\375\315"
 3025      6FFE6C30 
 3025      2CCC34AE 
 3025      08CC3552 
 3025      15FDCD
 3026 023f A41BB36A 		.ascii	"\244\033\263jBr\335\254\346\372UU\032\225\317C\245&"
 3026      4272DDAC 
 3026      E6FA5555 
 3026      1A95CF43 
 3026      A526
 3027 0251 ED897DDC 		.ascii	"\355\211}\334nx\344\353Q\307V\343k\266\306[\325\274"
 3027      6E78E4EB 
 3027      51C756E3 
 3027      6BB6C65B 
 3027      D5BC
 3028 0263 1875650C 		.ascii	"\030ue\014s\0340\224\226\320B\337\317\353\212G\013\354"
 3028      731C3094 
 3028      96D042DF 
 3028      CFEB8A47 
 3028      0BEC
 3029 0275 35EC972A 		.ascii	"5\354\227*\375R\225\354\323\256\\\303,\276Y.\273\026"
 3029      FD5295EC 
 3029      D3AE5CC3 
 3029      2CBE592E 
 3029      BB16
 3030 0287 DFB24A88 		.ascii	"\337\262J\210\330\234b\3007\004\334\271@\250.\330\276"
 3030      D89C62C0 
 3030      3704DCB9 
 3030      40A82ED8 
 3030      BE
 3031 0298 F1DF5C35 		.ascii	"\361\337\\5\342:o7\351a\250\230P\22278\026\256\221\254"
 3031      E23A6F37 
 3031      E961A898 
 3031      50923738 
 3031      16AE91AC 
 3032 02ac B0641503 		.ascii	"\260d\025\003~\017\036\237\360|\207Y\337\225Oh\367?"
 3032      7E0F1E9F 
 3032      F07C8759 
 3032      DF954F68 
 3032      F73F
 3033 02be A8260D1C 		.ascii	"\250&\015\034n\235\224\015\232i\232P\256T\015\353\300"
 3033      6E9D940D 
 3033      9A699A50 
 3033      AE540DEB 
ARM GAS  C:\Users\nello\AppData\Local\Temp\ccxr2o4e.s 			page 94


 3033      C0
 3034 02cf 5CBD2B9F 		.ascii	"\\\275+\237TG\322\314\027\227\021\275\345w.x\021\375"
 3034      5447D2CC 
 3034      179711BD 
 3034      E5772E78 
 3034      11FD
 3035 02e1 8BB34F71 		.ascii	"\213\263OqD\221\002=\352\263\343[,/.\035\371\013\301"
 3035      4491023D 
 3035      EAB3E35B 
 3035      2C2F2E1D 
 3035      F90BC1
 3036 02f4 2DBE332F 		.ascii	"-\2763/j\217\300\014\216@\321F\355\235\277\307\272\177"
 3036      6A8FC00C 
 3036      8E40D146 
 3036      ED9DBFC7 
 3036      BA7F
 3037 0306 A0F7F066 		.ascii	"\240\367\360f\225\210\324\027\002\017\350-\253\351\013"
 3037      9588D417 
 3037      020FE82D 
 3037      ABE90B
 3038 0315 DBB6B46F 		.ascii	"\333\266\264o\353L\277\226~\331\316'\323\231\36673\331"
 3038      EB4CBF96 
 3038      7ED9CE27 
 3038      D399F637 
 3038      33D9
 3039 0327 5DB9EE0E 		.ascii	"]\271\356\016+\365j>\227\312\266oO\345\354|6\265#\263"
 3039      2BF56A3E 
 3039      97CAB66F 
 3039      4FE5EC7C 
 3039      36B523B3 
 3040 033b 336DBDD1 		.ascii	"3m\275\321J\353\343\361\004\377,\265!\223\333\324\322"
 3040      4AEBE3F1 
 3040      04FF2CB5 
 3040      2193DBD4 
 3040      D2
 3041 034c D292C8E4 		.ascii	"\322\222\310\344\022Y;\221\313Z\034\2652{\222q\213\204"
 3041      12593B91 
 3041      CB5A1CB5 
 3041      327B9271 
 3041      8B84
 3042 035e D5BDF6E1 		.ascii	"\325\275\366\341$\336\232\334\264\371\365\216\326$\205"
 3042      24DE9ADC 
 3042      B4F9F58E 
 3042      D62485
 3043 036d ED74572A 		.ascii	"\355tW*\223\267eWn\247\350\3526\255|6kwo\374/\305\364"
 3043      93B76557 
 3043      6EA7E8EA 
 3043      36AD7C36 
 3043      6B776FFC 
 3044 0384 1E6B773E 		.ascii	"\036kw>\231\342\025\2733\233\352H\346\342\235\364\334"
 3044      99E215BB 
 3044      339BEA48 
 3044      E6E29DF4 
 3044      DC
 3045 0395 FFC35DF6 		.ascii	"\377\303]\366^\006\377\001']\320\371"
 3045      5E06FF01 
 3045      275DD0F9 
ARM GAS  C:\Users\nello\AppData\Local\Temp\ccxr2o4e.s 			page 95


 3046              		.text
 3047              		.section	.gnu.lto_.symbol_nodes.6c44c24a,"e",%progbits
 3048 0000 789C75D1 		.ascii	"x\234u\321=N\303@\020\005\340\3317\376\311\332\216\035"
 3048      3D4EC340 
 3048      1005E0D9 
 3048      37FEC9DA 
 3048      8E1D
 3049 0012 E0007004 		.ascii	"\340\000p\004*\304\355\306F\320\245 \022\027\210\224"
 3049      2AC4EDC6 
 3049      46D0A520 
 3049      12178894 
 3050 0022 02710328 		.ascii	"\002q\003(Q$\250\370\207\310\002!\260LO\235&\330\254"
 3050      5124A8F8 
 3050      87C80221 
 3050      B04C4F9D 
 3050      26D8AC
 3051 0035 4D1A66AA 		.ascii	"M\032f\252\247\375\346\255\264\332\023\020\021J#t\366"
 3051      A7FDE6AD 
 3051      B4DA1310 
 3051      114A2374 
 3051      F6
 3052 0046 5AED99E3 		.ascii	"Z\355\231\343\033\"!:\317\213b\227\014\265\203[\210"
 3052      1B22213A 
 3052      CF8B6297 
 3052      0CB5835B 
 3052      88
 3053 0057 C99BF17A 		.ascii	"\311\233\361z\275\310\013\323\343\035\004*\336CX\305"
 3053      BDC80BD3 
 3053      E31D042A 
 3053      DE4358C5 
 3054 0067 4788F7BD 		.ascii	"G\210\367\275<\335\377\317\036 \276Z|\206\004\032\372"
 3054      3CDDFFCF 
 3054      1E20BE5A 
 3054      7C86041A 
 3054      FA
 3055 0078 3568A75D 		.ascii	"5h\247]z\202\204\352\015\013\310@\305\027\210\325\320"
 3055      7A8284EA 
 3055      0D0BC840 
 3055      C51788D5 
 3055      D0
 3056 0089 949068D5 		.ascii	"\224\220h\325\315\366\357\002Q\263\333\252y\203\304"
 3056      CDF6EF02 
 3056      51B3DBAA 
 3056      7983C4
 3057 0098 9ABD4312 		.ascii	"\232\275C\022\315*\310P\263OH\252\331\007$\323\354\013"
 3057      CD2AC850 
 3057      B34F48AA 
 3057      D90724D3 
 3057      EC0B
 3058 00aa 32528C11 		.ascii	"2R\214\021\227\343j\0023\333bN\\\234g\354%\223\243\305"
 3058      97E36A02 
 3058      33DB624E 
 3058      5C9C67EC 
 3058      2593A3C5 
 3059 00be 159B3A62 		.ascii	"\025\233:b\337s\357\277\014\331\037\272x\030q0rq\036"
 3059      DF73EFBF 
 3059      0CD91FBA 
ARM GAS  C:\Users\nello\AppData\Local\Temp\ccxr2o4e.s 			page 96


 3059      78187130 
 3059      72711E
 3060 00d1 73402E1E 		.ascii	"s@.\036d\034d\335i\023S\027\353M\036t\037T\205l\327"
 3060      641C64DD 
 3060      69135317 
 3060      EB4D1E74 
 3060      1F54856C 
 3061 00e6 35BBAED9 		.ascii	"5\273\256\331\215\277\232M\257W\323\245ik\221\355k\364"
 3061      8DBF9A4D 
 3061      AF57D3A5 
 3061      696B91ED 
 3061      6BF4
 3062 00f8 033C3DCF 		.ascii	"\003<=\317b"
 3062      62
 3063              		.text
 3064              		.section	.gnu.lto_.refs.6c44c24a,"e",%progbits
 3065 0000 789CE365 		.ascii	"x\234\343e```dc`ga`\344\004\221\014\000\002\022\000"
 3065      60606064 
 3065      63606761 
 3065      60E40491 
 3065      0C000212 
 3066 0015 35       		.ascii	"5"
 3067              		.text
 3068              		.section	.gnu.lto_.decls.6c44c24a,"e",%progbits
 3069 0000 789CAD5A 		.ascii	"x\234\255ZyTT\331\231\177\337\275\217\252\242\330l\301"
 3069      795454D9 
 3069      997FDFBD 
 3069      8FAAA2D8 
 3069      6CC1
 3070 0012 4E32C974 		.ascii	"N2\311t\234\204>\261\347\244\033\227Nw'3s\216\211'\351"
 3070      9C843EB1 
 3070      E7A41B97 
 3070      4E772733 
 3070      738E8927 
 3071 0027 389DEEE9 		.ascii	"8\235\356\3514\335\223dNO\230\222*\2014P\244\252p\371"
 3071      34DD9364 
 3071      4E4F9892 
 3071      2A813450 
 3071      A4AA70F9 
 3072 003b 63CE148B 		.ascii	"c\316\024\213\215\012\"\356\013(\256-.\010.(n\210\200"
 3072      8D0A22EE 
 3072      0B28AE2D 
 3072      2E082E28 
 3072      6E8880
 3073 004e 0ACAA6B8 		.ascii	"\012\312\246\270`\013\212;n\010\210\212\373|\367\336"
 3073      600B8A3B 
 3073      6E08888A 
 3073      FB7CF7DE 
 3074 005e B7D466F4 		.ascii	"\267\324f\364\314\231\322[\365\226\337\367\373\226\373"
 3074      CC99D25B 
 3074      F596DFF7 
 3074      FB96FB
 3075 006d DDEFDEFB 		.ascii	"\335\357\336\373\036\226\021\222d0I\322\374 Iz\216\237"
 3075      1E961192 
 3075      643049D2 
 3075      FC20497A 
 3075      8E9F
ARM GAS  C:\Users\nello\AppData\Local\Temp\ccxr2o4e.s 			page 97


 3076 007f 1049928E 		.ascii	"\020I\222\216a3b\333\203\255E9o\305f\300\366\003lm\222"
 3076      613362DB 
 3076      83AD4539 
 3076      6FC566C0 
 3076      F6036C6D 
 3077 0094 F8BC86AD 		.ascii	"\370\274\206\255\003\333%lW\260]\303v\035\333Mlw\261"
 3077      03DB256C 
 3077      57B05DC3 
 3077      761DDB4D 
 3077      6C77B1
 3078 00a7 DDC3F608 		.ascii	"\335\303\366\010\333\023&\013\222d\306\026\206\355u"
 3078      DB13260B 
 3078      9264C616 
 3078      86ED75
 3079 00b6 6C6F601B 		.ascii	"lo`\033\216\355Ml\370_\372;\"y}v\341EfK\"\266\241\330"
 3079      8EED4D6C 
 3079      F85FFA3B 
 3079      22797D76 
 3079      E145664B 
 3080 00ce A2141B7E 		.ascii	"\242\024\033~\202\355\010\266\357#\276\0361\333\260"
 3080      82ED08B6 
 3080      EF23BE1E 
 3080      31DBB0
 3081 00dd 9583B015 		.ascii	"\225\203\260\025]\220\032\260\355\304\363\355\330\312"
 3081      5D901AB0 
 3081      EDC4F3ED 
 3081      D8CA
 3082 00eb B0D54B82 		.ascii	"\260\325K\202\277C\362\377\034\006\341\247\247\216\026"
 3082      BF43F2FF 
 3082      1C06E1A7 
 3082      A78E16
 3083 00fa 454FB3A2 		.ascii	"EO\263\242\207bkTx\031\027Q\374\375!\361\347;\212|C"
 3083      87626B54 
 3083      78191751 
 3083      FCFD21F1 
 3083      E73B8A7C 
 3084 010f 02F06582 		.ascii	"\002\360e\202\340\374\007\224\3711\266\021D\347\037"
 3084      E0FC0794 
 3084      F931B611 
 3084      44E71F
 3085 011e 4E447CDF 		.ascii	"ND|\337\"\"\276A\340\2573X\211o\014bFa{\027\333\007"
 3085      2222BE41 
 3085      E0AF3358 
 3085      896F0C62 
 3085      46617B17 
 3086 0134 D87E81ED 		.ascii	"\330~\201\355_\260}HD|}?- \372\310\327\036fG\253\022"
 3086      5FB07D48 
 3086      447C7D3F 
 3086      2D20FAC8 
 3086      D71E6647 
 3087 014a 435F3B58 		.ascii	"C_;XL?\303\326'\011{~\213\327\203A\304\326\323\246*"
 3087      4C3FC3D6 
 3087      27097B7E 
 3087      8BD78341 
 3087      C4D6D3A6 
 3088 015f BCF60536 		.ascii	"\274\366\0056Y\351\367\017\025\233\314\001\3548\035"
 3088      59E9F70F 
ARM GAS  C:\Users\nello\AppData\Local\Temp\ccxr2o4e.s 			page 98


 3088      159BCC01 
 3088      EC381D
 3089 016e A02FD5B8 		.ascii	"\240/\325\270\250\361\030\217\355\"^\373W\374\015U8"
 3089      A8F1188F 
 3089      ED225EFB 
 3089      57FC0D55 
 3089      38
 3090 017f 302D792E 		.ascii	"0-y.\305x\370\252\372\317\362,,\200\256\266W\360\371"
 3090      C578F8AA 
 3090      FACFF22C 
 3090      2C80AEB6 
 3090      57F0F9
 3091 0192 88875FBE 		.ascii	"\210\207_\276\3766{\304B\315'O\177Y\014\230\317\327"
 3091      FE367BC4 
 3091      42CD274F 
 3091      7F590C98 
 3091      CFD7
 3092 01a4 5FE2F34D 		.ascii	"_\342\363M\020\375\246\332\320\027\300\347\217\260\365"
 3092      10FDA6DA 
 3092      D017C0E7 
 3092      8FB0F5
 3093 01b3 2B789687 		.ascii	"+x\226\207\367^\340\353]\177z\351\032\362|7\000\377"
 3093      F75EE0EB 
 3093      5D7F7AE9 
 3093      1AF27C37 
 3093      00FF
 3094 01c5 EF89F091 		.ascii	"\357\211\360\221\371\372\031\376~\017\233Q\031+\261"
 3094      F9FA19FE 
 3094      7E0F9B51 
 3094      192BB1
 3095 01d4 F8FB39B6 		.ascii	"\370\3739\266a\212\317\011\222\336\377l\034}\201\367"
 3095      618ACF09 
 3095      92DEFF6C 
 3095      1C7D81F7 
 3096 01e4 CEE2F1BF 		.ascii	"\316\342\361\277\0231\316\377^\361!\022\317)\266\375"
 3096      1331CEFF 
 3096      5EF12112 
 3096      CF29B6FD 
 3097 01f4 20E2F007 		.ascii	" \342\360\007%\016l\234U(qa\3663;\377\204\270/\211\030"
 3097      250E6C9C 
 3097      55287161 
 3097      F6333BFF 
 3097      84B82F89 
 3098 0209 DB6CCCBD 		.ascii	"\333l\314\275\241\214\367@c\374!\253\011\001|h\363\211"
 3098      A18CF740 
 3098      63FC21AB 
 3098      09017C68 
 3098      F389
 3099 021b D37F627B 		.ascii	"\323\177b{\350\021\247'/\210\323\243\000q\272\207<\337"
 3099      E811A727 
 3099      2F88D3A3 
 3099      0071BA87 
 3099      3CDF
 3100 022d 7B818EFF 		.ascii	"{\201\216\377\217X\375Y\211U4\210|}Y\254\230\375\217"
 3100      8F58FD59 
 3100      89553488 
 3100      7C7D59AC 
ARM GAS  C:\Users\nello\AppData\Local\Temp\ccxr2o4e.s 			page 99


 3100      98FD8F
 3101 0240 02C4E9CD 		.ascii	"\002\304\351\315\277\021\247\271\024~\002\2548G\360"
 3101      BF11A7B9 
 3101      147E02AC 
 3101      3847F0
 3102 024f 23C61FE3 		.ascii	"#\306\037\343\346\237\213\221\022\354\020\33172\204"
 3102      E69F8B91 
 3102      12EC10D9 
 3102      373284
 3103 025e 8E63C8A1 		.ascii	"\216c\310\241 \343w\024\014/\244\344\244\273\251\310"
 3103      20E37714 
 3103      0C2FA4E4 
 3103      A4BBA9C8 
 3104 026e 64AE76BB 		.ascii	"d\256v\273{\335\325\331\301\022\354\006\300\272\012"
 3104      7BDDD5D9 
 3104      C112EC06 
 3104      C0BA0A
 3105 027d 95802C3B 		.ascii	"\225\200,;\001*\000\266\003\0271q\221j\211~$\321?K\324"
 3105      012A00B6 
 3105      03173171 
 3105      916A897E 
 3105      24D13F4B 
 3106 0292 2AD12409 		.ascii	"*\321$\011\345/\016\224\256#\221BU5W\003\007\000j\000"
 3106      E52F0E94 
 3106      AE239142 
 3106      55355703 
 3106      07006A00 
 3107 02a6 98371275 		.ascii	"\2307\022u0\314\274#3n\232\2751\265:\206\221\334\316"
 3107      30CCBC23 
 3107      336E9ABD 
 3107      31B53A86 
 3107      91DCCE
 3108 02b9 AA378572 		.ascii	"\2527\205r#V\324\310P\007\212\031\022\034d\265\356\277"
 3108      2356D4C8 
 3108      50078A19 
 3108      121C64B5 
 3108      EEBF
 3109 02cb 116338DD 		.ascii	"\021c8\335\323W\034\022\031\035\215\034\331H#K\260\017"
 3109      D3571C12 
 3109      191D8D1C 
 3109      D948234B 
 3109      B00F
 3110 02dd 602F7075 		.ascii	"`/pu\207\031\0254\000\260n\221\220gp\301\314\201\213"
 3110      87191534 
 3110      00B06E91 
 3110      906770C1 
 3110      CC818B
 3111 02f0 3F5E9993 		.ascii	"?^\231\223\343.\310\240H\002\2078He\215\221\230\243"
 3111      E32EC8A0 
 3111      48028738 
 3111      48658D91 
 3111      98A3
 3112 0302 0C589E9F 		.ascii	"\014X\236\237\225\343\036\222\035\3120\325~\230Q\314"
 3112      95E31E92 
 3112      1DCA30D5 
 3112      7E9851CC 
 3113 0312 B82B772F 		.ascii	"\270+w/\036\013\215\364S[\353\253\266\220\312\3059+"
ARM GAS  C:\Users\nello\AppData\Local\Temp\ccxr2o4e.s 			page 100


 3113      1E0B8DF4 
 3113      535BEBAB 
 3113      B690CAC5 
 3113      392B
 3114 0324 FF39D2DF 		.ascii	"\3779\322\337\302*\200\243\034\332\310px{\360~\376\023"
 3114      C22A80A3 
 3114      1CDAC870 
 3114      787BF07E 
 3114      FE13
 3115 0336 4706063C 		.ascii	"G\006\006<\024\216\000\354\347\267\005V\325K\247\021"
 3115      148E00EC 
 3115      E7B70556 
 3115      D54BA711 
 3116 0346 A6BB22E3 		.ascii	"\246\273\"\343tE\220\277\356&/B\304]\272\273\360\016"
 3116      744590BF 
 3116      EE262F42 
 3116      C45DBABB 
 3116      F00E
 3117 0358 D103D8AC 		.ascii	"\321\003\330\254\273\301\012<\002\216\354\315+\012\325"
 3117      BBC10A3C 
 3117      028EECCD 
 3117      2B0AD5
 3118 0367 01477440 		.ascii	"\001Gt@\253\000\314j\350n2r@u\000\000]\312\315i\256"
 3118      AB00CC6A 
 3118      E86E3272 
 3118      40750000 
 3118      5DCACD69 
 3119 037c AFBE1FEE 		.ascii	"\257\276\037\356\237,\307=\223\005a\033/\355\351\014"
 3119      9F2CC73D 
 3119      9305611B 
 3119      2FEDE90C 
 3120 038c BD027C22 		.ascii	"\275\002|\"\224\255\000\320\376\036~\231\245\377\240"
 3120      94AD00D0 
 3120      FE1E7E99 
 3120      A5FFA0
 3121 039b 52949BB8 		.ascii	"R\224\233\270\211\301J\211\231\232\251\325\\\017o\214"
 3121      89C14A89 
 3121      999AA9D5 
 3121      5C0F6F8C 
 3122 03ab 18A0634D 		.ascii	"\030\240cMdD\204\331TR\013C\314A&B\272\215V\363\210"
 3122      644484D9 
 3122      54520B43 
 3122      CC412642 
 3122      BA8D56F3 
 3123 03c0 47B089AC 		.ascii	"G\260\211\2540\014\037\353\226\255y\303\272\215nR\360"
 3123      300C1FEB 
 3123      96AD79C3 
 3123      BA8D6E52 
 3123      F0
 3124 03d1 49D498B1 		.ascii	"I\324\230\261\370\335m\254\007+J}*\233\206\340Q\267"
 3124      F8DD6DAC 
 3124      072B4A7D 
 3124      2A9B86E0 
 3124      51B7
 3125 03e3 D13C4057 		.ascii	"\321<@W\3142X\233\310\364\237`O\230\255\243\2430`cM"
 3125      CC32589B 
 3125      C8F49F60 
ARM GAS  C:\Users\nello\AppData\Local\Temp\ccxr2o4e.s 			page 101


 3125      4F98ADA3 
 3125      A3306063 
 3126 03f8 A637226A 		.ascii	"\2467\"jh\015\375\015\016:S\371\346a\346nc\004R\214"
 3126      680DFD0D 
 3126      0E3A53F9 
 3126      E661E66E 
 3126      6304528C 
 3127 040c B00E1F62 		.ascii	"\260\016\037b\035\036Q\017AV\2539j\004&2\012\214\036"
 3127      1D1E510F 
 3127      4156AB39 
 3127      6A042632 
 3127      0A8C1E
 3128 041f 4BCCC82C 		.ascii	"K\314\310,\233\352a4\205\320\321\356\0137\277c\0162"
 3128      9BEA6134 
 3128      85D0D1EE 
 3128      0B37BF63 
 3128      0E32
 3129 0431 07BF311C 		.ascii	"\007\2771\034\227>V\3517\004y\351s\365\003F\324i\325"
 3129      973E56E9 
 3129      370479E9 
 3129      73F50346 
 3129      D469D5
 3130 0444 4F014698 		.ascii	"O\001F\230\311hB?\352\306\221K\310p\354b\331\024\032"
 3130      C968423F 
 3130      EAC6914B 
 3130      C870EC62 
 3130      D9141A
 3131 0457 0A6EFC09 		.ascii	"\012n\374\011\216\373\310\372\351h\263\324\215E\203"
 3131      8EFBC8FA 
 3131      E968B3D4 
 3131      8D4583
 3132 0466 902819DC 		.ascii	"\220(\031\334\004tI\263A\302\340\340\034#\376\261/P"
 3132      047449B3 
 3132      41C2E0E0 
 3132      1C23FEB1 
 3132      2F50
 3133 0478 BE809D82 		.ascii	"\276\200\235\202Xp\251j\370u6z\210\202f\020qU\373Q\216"
 3133      5870A96A 
 3133      F875367A 
 3133      88826610 
 3133      7155FB51 
 3134 048d 1980283C 		.ascii	"\031\200(<j\251\000!\243(a\337\036\344\032\004\024\210"
 3134      6AA90021 
 3134      A32861DF 
 3134      1EE41A04 
 3134      1488
 3135 049f CA236414 		.ascii	"\312#d\024\200&\253\0342\035\034L<e\270\234\227\341"
 3135      8026AB1C 
 3135      321D1C4C 
 3135      3C65B89C 
 3135      97E1
 3136 04b1 3AA5A4D1 		.ascii	":\245\244\321\252&I\342\004\363\346\300\274\2639AW1"
 3136      AA2649E2 
 3136      04F3E6C0 
 3136      BCB33941 
 3136      5731
 3137 04c3 6EEEDE6F 		.ascii	"n\356\336oz\202aX\301X\011\350\001\236y%\255\035%\341"
ARM GAS  C:\Users\nello\AppData\Local\Temp\ccxr2o4e.s 			page 102


 3137      7A826158 
 3137      C15809E8 
 3137      019E7925 
 3137      AD1D25E1 
 3138 04d7 6C526503 		.ascii	"lRe\003\325\216\027f/x\274.D\275pZ\224(\302K\324\020"
 3138      D58E1766 
 3138      2F78BC2E 
 3138      44BD705A 
 3138      9428C24B 
 3139 04ed BCEB7EF0 		.ascii	"\274\353~\360\370\231\351;Ht\313\355\216\202D\370\026"
 3139      F899E93B 
 3139      4874CBED 
 3139      8E8244F8 
 3139      16
 3140 04fe E00C33E2 		.ascii	"\340\0143\342,\352o\307\203\037\025,v\017\266/<?-\244"
 3140      2CEA6FC7 
 3140      831F152C 
 3140      760FB62F 
 3140      3C3F2DA4 
 3141 0512 C85D9DC9 		.ascii	"\310]\235\311\306\026\336\202SJE\222\360H\202\223\000"
 3141      C616DE82 
 3141      534A4592 
 3141      F0488293 
 3141      00
 3142 0523 2760E4BE 		.ascii	"'`\344\276(\372\214[P\327~\373\216O\021\303q}N/b\203"
 3142      28FA8C5B 
 3142      50D77EFB 
 3142      8E4F11C3 
 3142      717D4E2F 
 3143 0539 BB5B0F84 		.ascii	"\273[\017\204y\003\232\274\000\015+7t\310\372\030<\257"
 3143      79039ABC 
 3143      000D2B37 
 3143      74C8FA18 
 3143      3CAF
 3144 054b 0FB12E31 		.ascii	"\017\261.1\006W\227>\233\023\304}\352\022N\336\317^"
 3144      0657973E 
 3144      9B13C47D 
 3144      EA124EDE 
 3144      CF5E
 3145 055d 7A252C80 		.ascii	"z%,\200\033\027\321\274\013B\346\370\306=\027C\177\264"
 3145      1B17D1BC 
 3145      0B42E6F8 
 3145      C63D1743 
 3145      7FB4
 3146 056f 18DDA95A 		.ascii	"\030\335\251ZZX\013\302\035\267\214\020\350\324\334"
 3146      5A580BC2 
 3146      1DB78C10 
 3146      E8D4DC
 3147 057e E9D4DCC9 		.ascii	"\351\324\334\311\212\242\025\224\311\025t\266\270e&"
 3147      8AA21594 
 3147      C91574B6 
 3147      B86526
 3148 058d 57BE8B55 		.ascii	"W\276\213U@M\350\262&tY\023j\212\304q\304\204\316\226"
 3148      404DE8B2 
 3148      26745913 
 3148      6A8AC471 
 3148      C484CE96 
ARM GAS  C:\Users\nello\AppData\Local\Temp\ccxr2o4e.s 			page 103


 3149 05a1 B7658673 		.ascii	"\267e\206s\241\363^BW5\241\253\232\320\314H\332\312"
 3149      A1F35E42 
 3149      5735A1AB 
 3149      9AD0CC48 
 3149      DACA
 3150 05b3 851E35CD 		.ascii	"\205\0365\315\014\3462\245\323<e\2725\231nMf\357Pz\201"
 3150      0CE632A5 
 3150      D33C65BA 
 3150      35996E4D 
 3150      66EF507A 
 3151 05c8 CBB46C6E 		.ascii	"\313\264ln\254\025B3\275\204nhB74\241\376\241\264\217"
 3151      AC154233 
 3151      BD846E68 
 3151      423734A1 
 3151      FEA1B48F 
 3152 05dc FA870F73 		.ascii	"\372\207\017s\301\300\207\232\221\037\261^\231B\237"
 3152      C1C0879A 
 3152      911FB15E 
 3152      99429F
 3153 05eb 72E09D53 		.ascii	"r\340\235S'k\014f\267o\031\353\005\304a\031\273\003"
 3153      276B0C66 
 3153      B76F19EB 
 3153      05C46119 
 3153      BB03
 3154 05fd D0C3CAD8 		.ascii	"\320\303\312\3305\367\311:\252E\277\017\264\360\367"
 3154      35F7C93A 
 3154      AA45BF0F 
 3154      B4F0F7
 3155 060c 23F8B6D2 		.ascii	"#\370\266\322e\3537/61C{\227]\373k\011\253;x\027nif"
 3155      65EB372F 
 3155      3631437B 
 3155      975DFB6B 
 3155      09AB3B78 
 3156 0624 DED2CCDC 		.ascii	"\336\322\314\334\371\032\315\222y\255n*\2504r\337n\352"
 3156      F91ACD92 
 3156      79AD6E2A 
 3156      A83472DF 
 3156      6EEA
 3157 0636 BEA1D080 		.ascii	"\276\241\320\200&4\240\011\315\037J\363\271P[\331\375"
 3157      2634A009 
 3157      CD1F4AF3 
 3157      B9505BD9 
 3157      FD
 3158 0647 3326EE5B 		.ascii	"3&\356[\233H\215\215K\267T\201\352\354\003f\356\261"
 3158      9B488D8D 
 3158      4BB75481 
 3158      EAEC0366 
 3158      EEB1
 3159 0659 9339B322 		.ascii	"\2239\263\"\002\231\213k(\030\024\346\226\225\256,\006"
 3159      02998B6B 
 3159      281814E6 
 3159      9695AE2C 
 3159      06
 3160 066a AEBB6586 		.ascii	"\256\273e\206\246\373!\300}M\367}\275\003\207\320\225"
 3160      A6FB21C0 
 3160      7D4DF77D 
 3160      BD0387D0 
ARM GAS  C:\Users\nello\AppData\Local\Temp\ccxr2o4e.s 			page 104


 3160      95
 3161 067b 5C77E799 		.ascii	"\\w\347\231\231\331\204\013\315\360\022z\254\011=\326"
 3161      99D9840B 
 3161      CDF0127A 
 3161      AC093DD6 
 3162 068b 849E0FA1 		.ascii	"\204\236\017\241\333\270\320\315\252\347\223\270yh\210"
 3162      DBB8D0CD 
 3162      AAE793B8 
 3162      796888
 3163 069a 9D56F36B 		.ascii	"\235V\363k\3319K\032|\326\012X\035\260\"\212\265\302"
 3163      D9394B1A 
 3163      7CD60A58 
 3163      1DB0228A 
 3163      B5C2
 3164 06ac 1101BA57 		.ascii	"\021\001\272W|?\310\033\224A4\020\002N-YR\3461\327e"
 3164      7C3FC81B 
 3164      94413410 
 3164      024E2D59 
 3164      52E631D7 
 3165 06c1 126D1865 		.ascii	"\022m\030e\021\016X\260d\363]\021\253,\002\317Xh\312"
 3165      110E58B0 
 3165      64F35D11 
 3165      AB2C02CF 
 3165      5868CA
 3166 06d4 6BDA5A68 		.ascii	"k\332Zh\200q\204\223,d\013\241\031=\317s02nV\026vO3"
 3166      80718493 
 3166      2C640BA1 
 3166      193DCF73 
 3166      30326E56 
 3167 06ec 14B96B08 		.ascii	"\024\271k\010\336\206\247\232\217O\371\017m\343Fn\232"
 3167      DE86A79A 
 3167      8F4FF90F 
 3167      6DE3466E 
 3167      9A
 3168 06fd BBF69CA6 		.ascii	"\273\366\234\246\202u\307\312\201'\347\2034\015xQU1"
 3168      8275C7CA 
 3168      8127E783 
 3168      340D7851 
 3168      5531
 3169 070f 03554C17 		.ascii	"\003UL\027*\032\367\237\253\340*z\313\326\346\344\273"
 3169      2A1AF79F 
 3169      ABE02A7A 
 3169      CBD6E6E4 
 3169      BB
 3170 0720 E153BC09 		.ascii	"\341S\274\0119DU\220\303\3534=\317\025\344\354\311?"
 3170      39445590 
 3170      C3EB343D 
 3170      CF15E4EC 
 3170      C93F
 3171 0732 6A0E6071 		.ascii	"j\016`q\036\322\331\305\232)\367x\025\345l{\246}\315"
 3171      1ED2D9C5 
 3171      9A29F778 
 3171      15E56C7B 
 3171      A67DCD
 3172 0745 D9F208E4 		.ascii	"\331\362\010\344jl\271\202\255W\226\350c\316x\371\356"
 3172      6A6CB982 
 3172      AD5796E8 
ARM GAS  C:\Users\nello\AppData\Local\Temp\ccxr2o4e.s 			page 105


 3172      63CE78F9 
 3172      EE
 3173 0756 A68108EF 		.ascii	"\246\201\010\357\270\316&P\240\006?;\210W\340\355W6"
 3173      B8CE2650 
 3173      A0063F3B 
 3173      8857E0ED 
 3173      5736
 3174 0768 877B83E6 		.ascii	"\207{\203\346\350 \004Lk9\2671B\017\376\\=\370\363\204"
 3174      E820044C 
 3174      6B39B731 
 3174      420FFE5C 
 3174      3DF8F384 
 3175 077c 93F9E7EF 		.ascii	"\223\371\347\357|Cyd\346\211\310\344\035\332Q\024\034"
 3175      7C437964 
 3175      E689C8E4 
 3175      1DDA5114 
 3175      1C
 3176 078d C09305E8 		.ascii	"\300\223\005\350\311|!S\235\277\374x\010s\245\262\362"
 3176      C97C2153 
 3176      9DBFFC78 
 3176      0873A5B2 
 3176      F2
 3177 079e 86FB9F78 		.ascii	"\206\373\237x\350\027\020\310\327|\311\027\276T\004"
 3177      E81710C8 
 3177      D77CC917 
 3177      BE5404
 3178 07ad B1C5EB0F 		.ascii	"\261\305\353\0170g\370\217Dk\271\315\235\0177\265\205"
 3178      3067F88F 
 3178      446BB9CD 
 3178      9D0F37B5 
 3178      85
 3179 07be B14549B7 		.ascii	"\261EI\267\273&\203J0\006FJ\260\224 \002\307\362"
 3179      BB26834A 
 3179      3006464A 
 3179      B0942002 
 3179      C7F2
 3180 07d0 12028B09 		.ascii	"\022\002\213\011\202jK\212w\022nV\2410kkAOW\240\322"
 3180      826A4B8A 
 3180      77126E56 
 3180      A1306B6B 
 3180      414F57A0 
 3181 07e5 BA0CCD2A 		.ascii	"\272\014\315*\022f]m\177\262;\230\233\325\276\260r\232"
 3181      12665D6D 
 3181      7FB23B98 
 3181      9BD5BEB0 
 3181      729A
 3182 07f7 71C508BC 		.ascii	"q\305\010\274\011\2134\253\026\011\253\032\271\021\365"
 3182      098B34AB 
 3182      1609AB1A 
 3182      B911F5
 3183 0806 FDD92754 		.ascii	"\375\331'T\027\2525\027\2125p\261\000\237\011\0128\230"
 3183      17AA3517 
 3183      8A3570B1 
 3183      009F090A 
 3183      3898
 3184 0818 CB4E156F 		.ascii	"\313N\025o5\253\326\255b\366\036\273PX\032\034h0\257"
 3184      35ABD6AD 
ARM GAS  C:\Users\nello\AppData\Local\Temp\ccxr2o4e.s 			page 106


 3184      62F61EBB 
 3184      50581A1C 
 3184      6830AF
 3185 082b 41FB560B 		.ascii	"A\373V\013\373\2267\337\317\016RRv\327Z\221\262k\010"
 3185      FB9637DF 
 3185      CF0E5252 
 3185      76D75A91 
 3185      B26B08
 3186 083e ACD494AE 		.ascii	"\254\324\224\256\024J{\202\304\242\277\034\370\374\350"
 3186      144A7B82 
 3186      C4A2BF1C 
 3186      F8FCE8
 3187 084d 0EE16725 		.ascii	"\016\341g%b\316\374\200\177\367J\342\226\221\366+\340"
 3187      62CEFC80 
 3187      7FF74AE2 
 3187      9691F62B 
 3187      E0
 3188 085e 6E893E55 		.ascii	"n\211>U\016\273$\372\265\201\327\315\256%\233=\026\221"
 3188      0EBB24FA 
 3188      B581D7CD 
 3188      AE259B3D 
 3188      1691
 3189 0870 057AE76F 		.ascii	"\005z\347oe[\232|\203D\027q\340\241{G\027\004\371\257"
 3189      655B9A7C 
 3189      83441771 
 3189      E0A17B47 
 3189      1704F9AF 
 3190 0884 13B713DF 		.ascii	"\023\267\023\337ME\273DW\033\204\226V\211nB\202\355"
 3190      4D45BB44 
 3190      571B8496 
 3190      56896E42 
 3190      82ED
 3191 0896 9CA06ECD 		.ascii	"\234\240n\315\340\015\352\235\207\273\011\354Q\223u"
 3191      E00DEA9D 
 3191      87BB09EC 
 3191      519375
 3192 08a5 2F07AD2F 		.ascii	"/\007\255/\037\230g\364\006\355\325A\010X\325\267''"
 3192      1F9867F4 
 3192      06EDD541 
 3192      0858D5B7 
 3192      2727
 3193 08b7 48B7779F 		.ascii	"H\267w\237no\025\217\240\374|\357\272\323\204/\330{"
 3193      6E6F158F 
 3193      A0FC7CEF 
 3193      BAD3842F 
 3193      D87B
 3194 08c9 C5FA5A31 		.ascii	"\305\372Z1\024u\355g4PM\224\375Dk\356CW\021_\260W\021"
 3194      1475ED67 
 3194      34504D94 
 3194      FD446BEE 
 3194      4357115F 
 3195 08e0 B651D84F 		.ascii	"\266Q\330O\3747\012%\367\356\177#G\372\221\355\365\""
 3195      FC370A25 
 3195      F7EE7F23 
 3195      47FA91ED 
 3195      F522
 3196 08f2 A387D0C9 		.ascii	"\243\207\320\311zl-\330Na\353\024\016_i+\360\251z\207"
ARM GAS  C:\Users\nello\AppData\Local\Temp\ccxr2o4e.s 			page 107


 3196      7A6C2DD8 
 3196      4E61EB14 
 3196      0E5F692B 
 3196      F0A97A87 
 3197 0906 081CD67D 		.ascii	"\010\034\326}9\364`\263\347\300;\254\353\257g\261\277"
 3197      39F460B3 
 3197      E7C03BAC 
 3197      EBAF67B1 
 3197      BF
 3198 0917 814CFDD8 		.ascii	"\201L\375\330\0069\333\251\201u\347\302\002\224H8J\324"
 3198      0639DBA9 
 3198      8175E7C2 
 3198      02944838 
 3198      4AD4
 3199 0929 2279EDDA 		.ascii	"\"y\355\332\322\325!:\244Q\347kb|\271F\211\316\305V"
 3199      D2D5213A 
 3199      A451E76B 
 3199      627CB946 
 3199      89CEC556 
 3200 093d 6844F0D0 		.ascii	"hD\360\320\313{n\256\202\350\250h\361a\361\230\377\270"
 3200      CB7B6EAE 
 3200      82E8A868 
 3200      F161F198 
 3200      FFB8
 3201 094f 6BD15B75 		.ascii	"k\321[uY\356z\214\305V\002u\004\216\373F\3047\020\022"
 3201      59EE7A8C 
 3201      C5560275 
 3201      048EFB46 
 3201      C4371012 
 3202 0963 8360184E 		.ascii	"\203`\030N\022h'p\232\300\011\002m\004\316\0208F\340"
 3202      12682770 
 3202      9AC00902 
 3202      6D04CE10 
 3202      3846E0
 3203 0976 14113BA3 		.ascii	"\024\021;\243\336\242\365s\303\331\236\015S\276!\000"
 3203      DEA2F573 
 3203      C3D99E0D 
 3203      53BE2100 
 3204 0986 29337876 		.ascii	")3xv\203\2004\0218\362\002\2757\326i,\255\201Y\312\233"
 3204      83803411 
 3204      38F202BD 
 3204      37D6692C 
 3204      AD8159CA 
 3205 099b 67888D5F 		.ascii	"g\210\215_\005\201\332\027(\232\256(J\200\346\027\350"
 3205      0581DA17 
 3205      289AAE28 
 3205      4A80E617 
 3205      E8
 3206 09ac 79A8EB69 		.ascii	"y\250\353iy\001I\251BRO\340`\000\010\037w#\371\010\250"
 3206      790149A9 
 3206      42524FE0 
 3206      6000081F 
 3206      7723F908 
 3207 09c1 C7A4C090 		.ascii	"\307\244\300\220\237`!';\317g\254\012\361\255j\235\236"
 3207      9F602127 
 3207      3BCF67AC 
 3207      0AF1AD6A 
ARM GAS  C:\Users\nello\AppData\Local\Temp\ccxr2o4e.s 			page 108


 3207      9D9E
 3208 09d3 558D4B8E 		.ascii	"U\215K\216\240\035(r\221\213\334\331\332q\315\257\020"
 3208      A01D2872 
 3208      918BDCD9 
 3208      DA71CDAF 
 3208      10
 3209 09e4 5EF014A1 		.ascii	"^\360\024\2417\020\334kdJG\300\377\360o\211>\340\302"
 3209      3710DC6B 
 3209      644A47C0 
 3209      FFF06F89 
 3209      3EE0C2
 3210 09f7 99E70A4B 		.ascii	"\231\347\012K\370s\200\001w\365\342\002\203\266\325"
 3210      F8738001 
 3210      77F5E202 
 3210      83B6D5
 3211 0a06 BC461084 		.ascii	"\274F\020\204\362W\011\\a\205\251)3o_\270\2367\335\272"
 3211      F257095C 
 3211      6185A929 
 3211      336F5FB8 
 3211      9E37DDBA 
 3212 0a1a 3FD78924 		.ascii	"?\327\211$Fr\265D3M\022\3151\261m\373\323\023'[\215"
 3212      4672B544 
 3212      334D12CD 
 3212      31B16DFB 
 3212      D313275B 
 3213 0a2f E6EF03E0 		.ascii	"\346\357\003\340\177\037\323n\021\270\215\325\254\207"
 3213      7F1FD36E 
 3213      11B88DD5 
 3213      AC87
 3214 0a3d C01DC20E 		.ascii	"\300\035\302\016qa\361\344\207\370\213ZV<k]/\274\257"
 3214      7161F1E4 
 3214      87F88B5A 
 3214      563C6B5D 
 3214      2FBCAF
 3215 0a50 0E8C47CC 		.ascii	"\016\214G\314\371e\305s<\252Q\257nI\037\313\340<4a\256"
 3215      F965C573 
 3215      3CAA51AF 
 3215      6E491FCB 
 3215      E03C3461 
 3216 0a65 894FD63B 		.ascii	"\211O\326;\362\326\310\336c\353.\201\001\265\230\254"
 3216      F2D6C8DE 
 3216      63EB2E81 
 3216      01B598AC 
 3217 0a75 E4A015B5 		.ascii	"\344\240\025\265{\232}*\316=\035\304\026\314\035\267"
 3217      7B9A7D2A 
 3217      CE3D1DC4 
 3217      16CC1DB7 
 3218 0a85 3D16EFF7 		.ascii	"=\026\357\367um\017\230\2662\223\360\375\247\274W\272"
 3218      756D0F98 
 3218      B63293F0 
 3218      FDA7BC57 
 3218      BA
 3219 0a96 08DDA15C 		.ascii	"\010\335\241\\\030!\036\233\020\272[\2710\234\356G\313"
 3219      18211E9B 
 3219      10BA5BB9 
 3219      309CEE47 
 3219      CB
ARM GAS  C:\Users\nello\AppData\Local\Temp\ccxr2o4e.s 			page 109


 3220 0aa7 0E71A5B7 		.ascii	"\016q\245\267\016^o\014\363\257\223\031\324\243N\322"
 3220      0E5E6F0C 
 3220      F3AF9319 
 3220      D4A34ED2 
 3221 0ab7 1645F0BB 		.ascii	"\026E\360\273\264\015\005O+gC\350\267x\326\211\255\013"
 3221      B40D054F 
 3221      2B6743E8 
 3221      B778D689 
 3221      AD0B
 3222 0ac9 DB256C57 		.ascii	"\333%lW\261]\307\326\307\250_o\251\272\323G\242\243"
 3222      B15DC7D6 
 3222      C7A85F6F 
 3222      A9BAD347 
 3222      A2A3
 3223 0adb 23A33D06 		.ascii	"#\243=\006\355\243u\027\316\277Y+\006m&\205\257)\314"
 3223      EDA37517 
 3223      CEBF592B 
 3223      066D2685 
 3223      AF29CC
 3224 0aee A19A1BD9 		.ascii	"\241\232\033\331T\033\032\203\263\304\320@\314,/\214"
 3224      541B1A83 
 3224      B3C4D040 
 3224      CC2C2F8C 
 3225 0afe 96F8CAE3 		.ascii	"\226\370\312\343\210\247\004\236`\217\344s\020\032\\"
 3225      88A7049E 
 3225      608FE473 
 3225      101A5C
 3226 0b0d 40613E85 		.ascii	"@a>\205\205\224\025\367\305\024\346Q\230Ma\011\205E"
 3226      859415F7 
 3226      C514E651 
 3226      984D6109 
 3226      8545
 3227 0b1f 14165051 		.ascii	"\024\026PQI\313\037\353\3443\275\310\371\323\017\345"
 3227      49CB1FEB 
 3227      E433BDC8 
 3227      F9D30FE5 
 3228 0b2f A9CC531D 		.ascii	"\251\314S\0354\335\013\224Cu\320C\035\224\347g\246\202"
 3228      34DD0B94 
 3228      4375D043 
 3228      1D94E767 
 3228      A682
 3229 0b41 C99BAD61 		.ascii	"\311\233\255a\334^\230\347D\007=\322\211r\375M\0221"
 3229      DC5E98E7 
 3229      44073DD2 
 3229      8972FD4D 
 3229      1231
 3230 0b53 99AE1365 		.ascii	"\231\256\023e\371\023\011\314\023\235g\206\277\325\002"
 3230      F91309CC 
 3230      139D6786 
 3230      BFD502
 3231 0b62 F35CC74C 		.ascii	"\363\\\307L\363\217?\032D+\202%Z\031\314w\2249\2276"
 3231      F38F3F1A 
 3231      442B8225 
 3231      5A19CC77 
 3231      94399736 
 3232 0b76 F8ACC60A 		.ascii	"\370\254\306\012)\024Q-'\013\257v\335\361\230\024\212"
 3232      2914512D 
ARM GAS  C:\Users\nello\AppData\Local\Temp\ccxr2o4e.s 			page 110


 3232      270BAF76 
 3232      DDF19814 
 3232      8A
 3233 0b87 74B665C8 		.ascii	"t\266e\310F\353\030\213aYqc\006\305L`\260\372\226|^"
 3233      46EB188B 
 3233      61597163 
 3233      06C54C60 
 3233      B0FA967C 
 3234 0b9c 8C965158 		.ascii	"\214\226QXJae\200\236\355m(\373\204!\320\262g\204!D"
 3234      4A616580 
 3234      9EED6D28 
 3234      FB8421D0 
 3234      B2678421 
 3235 0bb1 1F6B41D5 		.ascii	"\037kA\325;\377\021\201\207\330\371\3139\017v~1\205"
 3235      3BFF1181 
 3235      87D8F9CB 
 3235      390F767E 
 3235      3185
 3236 0bc3 15AC9379 		.ascii	"\025\254\223yz\206\212q \321c\350\315Il\035\334\243"
 3236      7A868A71 
 3236      20D163E8 
 3236      CD496C1D 
 3236      DCA3
 3237 0bd5 C27DB7DC 		.ascii	"\302}\267\334>S\3667\024\326)\036\321\036\016\272\272"
 3237      3E53F637 
 3237      14D6291E 
 3237      D11E0EBA 
 3237      BA
 3238 0be6 E1D02DF0 		.ascii	"\341\320-\360\006\225\350 \266\234\257>\271\317\240"
 3238      0695E820 
 3238      B69CAF3E 
 3238      B9CFA0
 3239 0bf5 BBBD5E77 		.ascii	"\273\275^wc\003s;\323\214 \323\346\005G\272M,\377\305"
 3239      6303733B 
 3239      D38C20D3 
 3239      E60547BA 
 3239      4D2CFFC5 
 3240 0c09 F4BDB936 		.ascii	"\364\275\2716\\\314\337\033(\233\277K_\234\324\253)"
 3240      5CCCDF1B 
 3240      289BBF4B 
 3240      5F9CD4AB 
 3240      29
 3241 0c1a ACA2DCAE 		.ascii	"\254\242\334\256R\356\327&\012\233)\224\251\371[\246"
 3241      52EED726 
 3241      0A9B2994 
 3241      A9F95BA6 
 3242 0c2a 3C30449E 		.ascii	"<0D\236C~<\"\241z+W\2130\357\001\330H=1JB\261\015C\371"
 3242      437E3C22 
 3242      A17A2B57 
 3242      8B30EF01 
 3242      D8483D31 
 3243 0c44 C00A43A4 		.ascii	"\300\012C\244\237\326\222\000Zi\016w\350\332\263\222"
 3243      9FD69200 
 3243      5A690E77 
 3243      E8DAB392 
 3244 0c54 0B616C12 		.ascii	"\013al\022v\363\371\267\372L\2642\377\036 \260\205\302"
 3244      76F3F9B7 
ARM GAS  C:\Users\nello\AppData\Local\Temp\ccxr2o4e.s 			page 111


 3244      FA4CB432 
 3244      FF1E20B0 
 3244      85C2
 3245 0c66 B6977924 		.ascii	"\266\227y$1\0102o\245PAa;\025\023ny\307Z7\367\247\234"
 3245      3108326F 
 3245      A5504161 
 3245      3B15136E 
 3245      79C75A37 
 3246 0c7d C25ACEA2 		.ascii	"\302Z\316\242\2425\226\362v\005\"\236U\"\304\347Ye\036"
 3246      A23596F2 
 3246      7605229E 
 3246      5522C4E7 
 3246      59651E
 3247 0c90 B3EF4733 		.ascii	"\263\357G3n\345\225B\264\347\207\025\037\226R\235k\203"
 3247      6EE59542 
 3247      B4E78715 
 3247      1F96529D 
 3247      6B83
 3248 0ca2 989D28B8 		.ascii	"\230\235(\270\206B\235\257\006\026\260\307\007\305$"
 3248      86429DAF 
 3248      0616B0C7 
 3248      07C524
 3249 0cb1 F980403F 		.ascii	"\371\200@?a\020\325\225\033\372\350\232\236#\002\337"
 3249      6110D595 
 3249      1BFAE89A 
 3249      9E2302DF 
 3250 0cc1 47E0A63F 		.ascii	"G\340\246?F\211|\331\272\271a\3458\322\317\021\350\340"
 3250      46897CD9 
 3250      BAB961E5 
 3250      38D2CF11 
 3250      E8E0
 3251 0cd3 20367348 		.ascii	" 6sHp\226A\276%\334\233\233\3535ovr\210\352\315\016"
 3251      709641BE 
 3251      25DC9B9B 
 3251      EB356F76 
 3251      7288EACD 
 3252 0ce8 A279DCA3 		.ascii	"\242y\334\243{<\350\205\331\240\333\263\341\360\327"
 3252      7B3CE885 
 3252      D9A0DBB3 
 3252      E1F0D7
 3253 0cf7 EE2119A1 		.ascii	"\356!\031\241p\221`\275\367Qu^\250jW\326\0308\353\327"
 3253      709160BD 
 3253      F751755E 
 3253      A86A57D6 
 3253      1838EBD7 
 3254 0d0b 78995CA9 		.ascii	"x\231\\\251\321\364N?*\\\307U\324\026/L\271G\205*\314"
 3254      D1F44E3F 
 3254      2A5CC755 
 3254      D4162F4C 
 3254      B947852A 
 3255 0d20 154409B0 		.ascii	"\025D\011\260\203zb6{\270\236\267q\256\232te\304\017"
 3255      837A6236 
 3255      7BB89EB7 
 3255      71AE9A74 
 3255      65C40F
 3256 0d33 246C7EA8 		.ascii	"$l~\250/z\266\371+\023\006-9,x\256\023\270\354\2059"
 3256      2F7AB6F9 
ARM GAS  C:\Users\nello\AppData\Local\Temp\ccxr2o4e.s 			page 112


 3256      2B13062D 
 3256      392C78AE 
 3256      13B8EC85 
 3257 0d48 4B7CF26A 		.ascii	"K|\362j\023\201\215\204\357\341\353xf\355\244p\230\302"
 3257      13818D84 
 3257      EFE1EB78 
 3257      66EDA470 
 3257      98C2
 3258 0d5a 5E0A9514 		.ascii	"^\012\225\024vQ\250\245p\020#\207\004\024\252p\264\240"
 3258      7651A8A5 
 3258      70102387 
 3258      0414AA70 
 3258      B4A0
 3259 0d6c 69146A28 		.ascii	"i\024j(\354\247p\000\007\2412\240z\227+]\206[\237K\276"
 3259      ECA77000 
 3259      07A132A0 
 3259      7A972B5D 
 3259      865B9F4B 
 3260 0d81 711405A7 		.ascii	"q\024\005\247\274S1\0333}\227\177\034\025\320u\245\317"
 3260      BC53311B 
 3260      337D977F 
 3260      1C15D075 
 3260      A5CF
 3261 0d93 B01A3DE6 		.ascii	"\260\032=\346 Q\240\364\211\005G\335\275\334\343\213"
 3261      2051A0F4 
 3261      890547DD 
 3261      BDDCE38B 
 3262 0da3 4C917E1E 		.ascii	"L\221~\036d\220\377\263\007t\256Y\242K\330\000 \355"
 3262      6490FFB3 
 3262      0774AE59 
 3262      A24BD800 
 3262      20ED
 3263 0db5 0BDB8A7C 		.ascii	"\013\333\212|\352\326\021\012G\325\342V\306Au\3337\177"
 3263      EAD6110A 
 3263      47D5E256 
 3263      C64175DB 
 3263      377F
 3264 0dc7 8F63AA55 		.ascii	"\217c\252UL\243\216\301\373k\367\236\333\352Q\322\233"
 3264      4CA38EC1 
 3264      FB6BF79E 
 3264      DBEA51D2 
 3264      9B
 3265 0dd8 745F9BA9 		.ascii	"t_\233\251R[G\322:\324\331\200\355\030\266S\234\266"
 3265      525B47D2 
 3265      3AD4D980 
 3265      ED18B653 
 3265      9CB6
 3266 0dea 2A6B776E 		.ascii	"*kwn\260\377J\242\215z=\231\227\367gN\233I\370TP9\177"
 3266      B0FF4AA2 
 3266      8D7A3D99 
 3266      97F7674E 
 3266      9B49F854 
 3267 0e01 67C61851 		.ascii	"g\306\030Q\021OP8N\341T\240\311\300k#s\214\203\330\012"
 3267      114F5038 
 3267      4EE154A0 
 3267      C9C06B23 
 3267      738C83D8 
ARM GAS  C:\Users\nello\AppData\Local\Temp\ccxr2o4e.s 			page 113


 3268 0e16 9E3B9E17 		.ascii	"\236;\236\027\302\024\317Y\370M\260\377\236\347\264"
 3268      C214CF59 
 3268      F84DB0FF 
 3268      9EE7B4
 3269 0e25 37745E08 		.ascii	"7t^\010\263\374O\332\013\252?\3414W\310\305\327|}\346"
 3269      B3FC4FDA 
 3269      0BAA3FE1 
 3269      3457C8C5 
 3269      D77C7DE6 
 3270 0e39 79809D62 		.ascii	"y\200\235b\007\303\240\370Y\012\337R\2726D\242\245\014"
 3270      07C3A0F8 
 3270      590ADF52 
 3270      BA3644A2 
 3270      A50C
 3271 0e4b 2EAFAA2F 		.ascii	".\257\252/*4\007x\303r\236B\027\327wA)k\225X \177\357"
 3271      2A340778 
 3271      C3729E42 
 3271      17D77741 
 3271      296B9558 
 3272 0e62 F986A5CB 		.ascii	"\371\206\245\313\257j\355\342\006\324\347.*\210\360"
 3272      AF6AEDE2 
 3272      06D4E72E 
 3272      2A88F0
 3273 0e71 7FC372D1 		.ascii	"\177\303r\321\213P\254\341\200\326\241!G\261\235\340"
 3273      8B50ACE1 
 3273      80D6A121 
 3273      47B19DE0 
 3274 0e81 A2DBB296 		.ascii	"\242\333\262\226\317\013\365\267\375\232\327\352\355"
 3274      CF0BF5B7 
 3274      FD9AD7EA 
 3274      ED
 3275 0e8e 1CC22F73 		.ascii	"\034\302/s\370\241\343\015\375>\351q\203\302M5=\372"
 3275      F8A1E30D 
 3275      FD3EE971 
 3275      83C24D35 
 3275      3DFA
 3276 0ea0 05E78D9D 		.ascii	"\005\347\215\235\207\015\336\240[:\010\001\003\313f"
 3276      870DDEA0 
 3276      5B3A0801 
 3276      03CB66
 3277 0eaf AC35EAF9 		.ascii	"\2545\352\371q[\357\265\036>\367\205\262\251b\360\351"
 3277      715BEFB5 
 3277      1E3EF785 
 3277      B2A962F0 
 3277      E9
 3278 0ec0 F3BC207D 		.ascii	"\363\274 }\356kY\255\314}m\000wp\263\3427\037\371MC"
 3278      EE6B59AD 
 3278      CC7D6D00 
 3278      7770B3E2 
 3278      371FF94D 
 3279 0ed5 37380A9D 		.ascii	"78\012\235\270K\241\237B\257:V\233k\305\304\326\303"
 3279      B84BA19F 
 3279      42AF3A56 
 3279      9B6BC5C4 
 3279      D6C3
 3280 0ee7 27BFBE80 		.ascii	"'\277\276\200K\256&e\202\354\341\023m\237oZ\261\207"
 3280      4BAE2665 
ARM GAS  C:\Users\nello\AppData\Local\Temp\ccxr2o4e.s 			page 114


 3280      82ECE113 
 3280      6D9F6F5A 
 3280      B187
 3281 0ef9 5BF5D7CF 		.ascii	"[\365\327\317\233\375\347\276[\001\224\322\351\241\022"
 3281      9BFDE7BE 
 3281      5B0194D2 
 3281      E9A112
 3282 0f08 2DC6B69E 		.ascii	"-\306\266\2369Fv\\)l7\233\273\374v)\017\250\327.\305"
 3282      3946765C 
 3282      296C379B 
 3282      BBFC7629 
 3282      0FA8D72E 
 3283 0f1d 74625351 		.ascii	"tbSQ\016_\375\212\271\322\275'z\276\233\317\225\003"
 3283      0E5FFD8A 
 3283      B9D2BD27 
 3283      7ABE9BCF 
 3283      9503
 3284 0f2f 58D7B03E 		.ascii	"X\327\260>\370\316A\027Xm\\\215v/F\314 \205\373\034"
 3284      F8CE4117 
 3284      586D5C8D 
 3284      762F46CC 
 3284      2085FB1C 
 3285 0f43 A3268CB2 		.ascii	"\243&\214\262|S\014\376\256\004\227)[\256\301=\216B"
 3285      7C530CFE 
 3285      AE049729 
 3285      5BAEC13D 
 3285      8E42
 3286 0f55 B50F293C 		.ascii	"\265\017)<\301z\243.\021n*\021\350\246p\225C|\227\270"
 3286      C17AA32E 
 3286      116E2A11 
 3286      E8A67095 
 3286      437C97B8 
 3287 0f69 742BF766 		.ascii	"t+\367f[\366\212:\355\355\236N\3734\000\255x<\003\264"
 3287      5BF68A3A 
 3287      EDED9E4E 
 3287      FB3400AD 
 3287      783C03B4 
 3288 0f7d 1E43D18C 		.ascii	"\036C\321\214\255\203\021\030\016\324,\236\305\372\231"
 3288      AD831118 
 3288      0ED42C9E 
 3288      C5FA99
 3289 0f8c 754D9332 		.ascii	"uM\2232\217d\021\310\224![\366S\252\307\3739e.A"
 3289      8F6411C8 
 3289      94215BF6 
 3289      53AAC7FB 
 3289      39652E41 
 3290 0fa0 0687A19E 		.ascii	"\006\207\241\236i2d\311\312\376\273a\343g\214E\254\006"
 3290      693264C9 
 3290      CAFEBB61 
 3290      E3678C45 
 3290      AC06
 3291 0fb2 F0B6779C 		.ascii	"\360\266w\234\350en\370\254\355\307j=_K*\204_\373\022"
 3291      E8656EF8 
 3291      ACEDC76A 
 3291      3D5F4B2A 
 3291      845FFB12 
 3292 0fc6 D23E34F5 		.ascii	"\322>4\365\036\266iaLl\356\335\325\375a\241]/\330\261"
ARM GAS  C:\Users\nello\AppData\Local\Temp\ccxr2o4e.s 			page 115


 3292      1EB66961 
 3292      4C6CEEDD 
 3292      D5FD61A1 
 3292      5D2FD8B1 
 3293 0fda E1F0DE5A 		.ascii	"\341\360\336Z\274\367\353\340\350H\354\215\301\252\033"
 3293      BCF7EBE0 
 3293      E848EC8D 
 3293      C1AA1B
 3294 0fe9 17B68C54 		.ascii	"\027\266\214T\0268\2712\314\224a\226\374\262\0025\203"
 3294      1638B932 
 3294      CC946196 
 3294      FCB20235 
 3294      83
 3295 0ffa 83507F1E 		.ascii	"\203P\177\036W\276"
 3295      57BE
 3296 1000 9B2BADAE 		.ascii	"\233+\255\256\354\333j\366\257P\371^\330B:t\265\373"
 3296      ECDB6AF6 
 3296      AF50F95E 
 3296      D8423A74 
 3296      B5FB
 3297 1012 E689706D 		.ascii	"\346\211pm\277$\362\246\340\364\233J\336\\\302%\005"
 3297      BF24F2A6 
 3297      E0F49B4A 
 3297      DE5CC225 
 3297      05
 3298 1023 2E8A652D 		.ascii	".\212e-'\236\020\237\234(!\260\216\360\235\345\034\316"
 3298      279E109F 
 3298      9C2821B0 
 3298      8EF09DE5 
 3298      1CCE
 3299 1035 3B4F86F9 		.ascii	";O\206\3712\024\310\260P\206\2712,\222a\201\014\213"
 3299      3214C8B0 
 3299      5086B932 
 3299      2C926181 
 3299      0C8B
 3300 1047 95309737 		.ascii	"\2250\2277*\333\200v\012\255\234W{_K\365\031my\251\230"
 3300      2ADB8076 
 3300      0AAD9C57 
 3300      7B5F4BF5 
 3300      196D79A9 
 3301 105c D1726470 		.ascii	"\321rdp\313\014$\342\354\2714\333\300 ,i\237Q\270\302"
 3301      CB0C24E2 
 3301      ECB934DB 
 3301      C0202C69 
 3301      9F51B8C2 
 3302 1070 89441279 		.ascii	"\211D\022y&my\247\302S\217\213Kn\236\230\366\224\325"
 3302      266D79A7 
 3302      C2538F8B 
 3302      4B6E9E98 
 3302      F694D5
 3303 1083 8C326CAB 		.ascii	"\2142l\253\024\213:)\234\361\267H,\015\3164\211\034"
 3303      148B3A29 
 3303      9CF1B748 
 3303      2C0DCE34 
 3303      891C
 3304 1095 6BA6D0E0 		.ascii	"k\246\320\340\205\331\240E\243\367z\251\300\314\226"
 3304      85D9A045 
ARM GAS  C:\Users\nello\AppData\Local\Temp\ccxr2o4e.s 			page 116


 3304      A3F77AA9 
 3304      C0CC96
 3305 10a4 61BAEC89 		.ascii	"a\272\354\211YO\264i\270\360\360\235;\246H\277\330\335"
 3305      594FB469 
 3305      B8F0F09D 
 3305      3BA648BF 
 3305      D8DD
 3306 10b6 7B79EC50 		.ascii	"{y\354Px\376\251\374\235\241o\262\307\236[{\346l\371"
 3306      78FEA9FC 
 3306      9DA16FB2 
 3306      C79E5B7B 
 3306      E66CF9
 3307 10c9 F95CF70A 		.ascii	"\371\\\367\012\334\".\221\341\033\376tIP\341\362\235"
 3307      DC222E91 
 3307      E11BFE74 
 3307      4950E1F2 
 3307      9D
 3308 10da 4823F745 		.ascii	"H#\367E <\243\375\364\031\217\202Y\257\217\306B\246"
 3308      203CA3FD 
 3308      F4198F82 
 3308      59AF8FC6 
 3308      42A6
 3309 10ec 0B0B6F58 		.ascii	"\013\013oX\300\027\214\205\0077^\210\010\360\200x9\346"
 3309      C0178C85 
 3309      07375E88 
 3309      08F08078 
 3309      39E6
 3310 10fe D0325979 		.ascii	"\3202Yy\205\330\232[\225\243\274B< \343-(\222E\245\206"
 3310      85D89A5B 
 3310      95A3BC42 
 3310      3C20E32D 
 3310      289245A5 
 3311 1113 6276ACBD 		.ascii	"bv\254\275u{\235\325\377\015;\353\304\212\277\372%\177"
 3311      757B9DD5 
 3311      FF0D3BEB 
 3311      C48ABFFA 
 3311      257F
 3312 1125 47405A2E 		.ascii	"G@Z.\346Wz\274\342X\241\007q\245\314\001\025=O\312\203"
 3312      E6577ABC 
 3312      E258A107 
 3312      71A5CC01 
 3312      153D4FCA 
 3313 113a B43758B8 		.ascii	"\2647X\270&P\357\257B\342\030\030\311\376\260c\365\243"
 3313      2650EFAF 
 3313      42E21818 
 3313      C9FEB063 
 3313      F5A3
 3314 114c BD74A888 		.ascii	"\275t\250\210\361\177\301m\375\215\304j\231\303\304"
 3314      F17FC16D 
 3314      FD8DC46A 
 3314      99C3C4
 3315 115b 5AC280C8 		.ascii	"Z\302\200\310u\273\246\037\015\016D\266\226\223\255"
 3315      75BBA61F 
 3315      0D0E44B6 
 3315      9693AD
 3316 116a 9139D2C8 		.ascii	"\2219\322\310K\320\007\354\361\365\245\2535\021\236"
 3316      4BD007EC 
ARM GAS  C:\Users\nello\AppData\Local\Temp\ccxr2o4e.s 			page 117


 3316      F1F5A5AB 
 3316      35119E
 3317 1179 CCEB30F8 		.ascii	"\314\3530\3702\333\245\311\\\206?Nyt\255?X\367`\232"
 3317      32DBA5C9 
 3317      5C863F4E 
 3317      7974AD3F 
 3317      58F7609A 
 3318 118d 3ED4D723 		.ascii	">\324\327#\200\272\303%\232\037\316\200\2715\265E\006"
 3318      80BAC325 
 3318      9A1FCE80 
 3318      B935B545 
 3318      06
 3319 119e 26BC5108 		.ascii	"&\274Q\010\026L?\361\036\357\006\334 \263n\370v\326"
 3319      164C3FF1 
 3319      1EEF06DC 
 3319      20B36EF8 
 3319      76D6
 3320 11b0 9219C600 		.ascii	"\222\031\306\000\335\260\031u\225\252\3350\330\277\345"
 3320      DDB01975 
 3320      95AADD30 
 3320      D8BFE5
 3321 11bf F1DBB559 		.ascii	"\361\333\265Y\356\022\267\273\240\236\340=\330 \372"
 3321      EE12B7BB 
 3321      A09EE03D 
 3321      D820FA
 3322 11ce 0136C950 		.ascii	"\0016\311P\306\316\324\236X6\214v\205\013\241\255=\307"
 3322      C6CED49E 
 3322      58368C76 
 3322      850BA1AD 
 3322      3DC7
 3323 11e0 CE8CAA11 		.ascii	"\316\214\252\021B\277e/O\312\325\276\333\"\343\261*"
 3323      42BF652F 
 3323      4FCAD5BE 
 3323      DB22E3B1 
 3323      2A
 3324 11f1 71338ADE 		.ascii	"q3\212\336\362\267\2243<Z\327\267\310\270\247\322\355"
 3324      F2B79433 
 3324      3C5AD7B7 
 3324      C8B8A7D2 
 3324      ED
 3325 1202 9EE67667 		.ascii	"\236\346vg\276\305^\316\300VE\3576\031\266\313x\246"
 3325      BEC55ECE 
 3325      C05645EF 
 3325      3619B6CB 
 3325      78A6
 3326 1214 B2E40EA3 		.ascii	"\262\344\016\243\203\341\001\363\354b\305\226\022\203"
 3326      83E101F3 
 3326      EC62C596 
 3326      1283
 3327 1222 E6E041FD 		.ascii	"\346\340A\375I\377N\024\336\241\250\252l\315\255\234"
 3327      49FF4E14 
 3327      DEA1A8AA 
 3327      6CCDAD9C 
 3328 1232 61544CDD 		.ascii	"aTL\335)C\205jj%;V\225T\016\243\263\"T\347\372Nz9\267"
 3328      2943856A 
 3328      6A253B56 
 3328      95540EA3 
ARM GAS  C:\Users\nello\AppData\Local\Temp\ccxr2o4e.s 			page 118


 3328      B32254E7 
 3329 124b 4B95D82D 		.ascii	"K\225\330-\343\261*\2219\214.\212x\221s[\346\3718\267"
 3329      E3B12A91 
 3329      398C2E8A 
 3329      7891735B 
 3329      E6F938B7 
 3330 125f 47716E2F 		.ascii	"Gqn/\226A\031\317\264\267\224\303\350J\316\322q\271"
 3330      964119CF 
 3330      B4B794C3 
 3330      E84ACED2 
 3330      71B9
 3331 1271 FFAED97B 		.ascii	"\377\256\331{u\353\375\207>\371Og\215\325\263b\277\236"
 3331      75EBFD87 
 3331      3EF94F67 
 3331      8DD5B362 
 3331      BF9E
 3332 1283 D7D5A2F7 		.ascii	"\327\325\242\367\373j.4\213\267\372\3252\330\3516\306"
 3332      FB6A2E34 
 3332      8BB7FAD5 
 3332      32D8E936 
 3332      C6
 3333 1294 6AD83D73 		.ascii	"j\330=s\373jY<A\014&pP\316d\357\037\017\312\325\354"
 3333      FB6A593C 
 3333      410C2670 
 3333      50CE64EF 
 3333      1F0FCAD5 
 3334 12a9 696276A8 		.ascii	"ibv\250\362p\260\206]Bu2\324\311Ht\260tA\277\376\376"
 3334      F270B086 
 3334      5D427532 
 3334      D4C94874 
 3334      B07441BF 
 3335 12bf ECA0AC45 		.ascii	"\354\240\254E\365\020\202\016\350\303\367\2416|\243"
 3335      F510820E 
 3335      E8C3F7A1 
 3335      367CA3
 3336 12ce F11654A9 		.ascii	"\361\026T\251Q:\314\216U\377.\014C\306\307\275\317\347"
 3336      513ACC8E 
 3336      55FF2E0C 
 3336      43C6C7BD 
 3336      CFE7
 3337 12e0 7A3C009C 		.ascii	"z<\000\234\341\361\000^\330^\237Y|\312\003pQ\177\275"
 3337      E1F1005E 
 3337      D85E9F59 
 3337      7CCA0370 
 3337      517FBD
 3338 12f3 DF200047 		.ascii	"\337 \000G:\312\037{\374\225S\236\316pD\000nmy\222\345"
 3338      3ACA1F7B 
 3338      FC95539E 
 3338      CE704400 
 3338      6E6D7992 
 3339 1308 F1D8BE5F 		.ascii	"\361\330\276_g8\312\001\246\342y[\032L\312\256\332{"
 3339      6738CA01 
 3339      A6E2795B 
 3339      1A4CCAAE 
 3339      DA7B
 3340 131a EA9D4DA0 		.ascii	"\352\235M\240\221\227\316\026\3343\310\320,+\357-*o"
 3340      9197CE16 
ARM GAS  C:\Users\nello\AppData\Local\Temp\ccxr2o4e.s 			page 119


 3340      DC33C8D0 
 3340      2C2BEF2D 
 3340      2A6F
 3341 132c 54B7288B 		.ascii	"T\267(\213\277,\276\267n\224}\027\177\254\370?\303~"
 3341      BF2CBEB7 
 3341      6E947D17 
 3341      7FACF83F 
 3341      C37E
 3342 133e 0E0E65AF 		.ascii	"\016\016e\257\354p*\361\205\210\331\250\367Q\277\314"
 3342      EC702AF1 
 3342      8588D9A8 
 3342      F751BFCC 
 3343 134e 6642B19C 		.ascii	"fB\261\234n\224}\226\323h\376\341\342\372\236P\377U"
 3343      6E947D96 
 3343      D368FEE1 
 3343      E2FA9E50 
 3343      FF55
 3344 1360 C19C00A6 		.ascii	"\301\234\000\246\261\327v\253.{\206\253UWzLDcZ\327\303"
 3344      B1D776AB 
 3344      2E7B86AB 
 3344      55577A4C 
 3344      44635AD7 
 3345 1375 37F4FB4B 		.ascii	"7\364\373K\364\373\307\305\375m\313\2733<\336\356xX"
 3345      F4FBC7C5 
 3345      FD6DCBBB 
 3345      333CDEEE 
 3345      7858
 3346 1387 DD2600EE 		.ascii	"\335&\000\356\206\252sf\035\260@\217\367\011\001xpn"
 3346      86AA7366 
 3346      1DB0408F 
 3346      F7090178 
 3346      706E
 3347 1399 D761AA03 		.ascii	"\327a\252\003\316\352\361>)\000YM\327r=\352\3602\235"
 3347      CEEAF13E 
 3347      2900594D 
 3347      D7723DEA 
 3347      F0329D
 3348 13ac E114AB62 		.ascii	"\341\024\253b\273x\322\037~\320\272\313\034\350\325"
 3348      BB78D21F 
 3348      7ED0BACB 
 3348      1CE8D5
 3349 13bb 6FBBCCDF 		.ascii	"o\273\314\337\325\362\361\273\374\331\261\012\3202\255"
 3349      D5F2F1BB 
 3349      FCD9B10A 
 3349      D032AD
 3350 13ca 5D86D36A 		.ascii	"]\206\323j\246\235a\307j\246\225G\321\001NZ\236\323"
 3350      A69D61C7 
 3350      6AA69547 
 3350      D1014E5A 
 3350      9ED3
 3351 13dc F8345423 		.ascii	"\3704T#\235\247\223\236\325I\261s{O\017W\313\036\332"
 3351      9DA7939E 
 3351      D549B173 
 3351      7B4F0F57 
 3351      CB1EDA
 3352 13ef 8F59AEB2 		.ascii	"\217Y\256\262v\260c\225uM\0242^?\335q\310\343q\371C"
 3352      76B06395 
ARM GAS  C:\Users\nello\AppData\Local\Temp\ccxr2o4e.s 			page 120


 3352      754D1432 
 3352      5E3FDD71 
 3352      C8E371F9 
 3353 1404 DDD94EE1 		.ascii	"\335\331N\341\354\321\351\2173<J\366\032\335\331s\254"
 3353      ECD1E98F 
 3353      333C4AF6 
 3353      1ADDD973 
 3353      AC
 3354 1415 CBA2DF79 		.ascii	"\313\242\337y'\006\377\307'&MH\262;G\217\0325*\306\356"
 3354      2706FFC7 
 3354      27264D48 
 3354      B23B478F 
 3354      1A352AC6 
 3355 142a 8C71B862 		.ascii	"\214q\270b\234\216x\274\032oO\265\276\023o\372\360\223"
 3355      9C8E78BC 
 3355      1A6F4FB5 
 3355      BE136FFA 
 3355      F093
 3356 143c 2F868F1B 		.ascii	"/\206\217\033\365\2764T\275\362\316\030\353\350\237"
 3356      F5BE3454 
 3356      BDF2CE18 
 3356      EBE89F
 3357 144b 4DB48CB1 		.ascii	"M\264\214\261JFW\232#\311\036\347\032\312n$\271\222"
 3357      4A46579A 
 3357      23C91EE7 
 3357      1ACA6E24 
 3357      B992
 3358 145d ECA97193 		.ascii	"\354\251q\223,\216$\313\204d[\320_\323m\35169\3256\305"
 3358      2C8E24CB 
 3358      84645BD0 
 3358      5FD36DE9 
 3358      3639D536 
 3359 1472 658A4F8C 		.ascii	"e\212O\214\343gf\365 \316%\2479l\223\336\036\367\213"
 3359      E36766F5 
 3359      20CE25A7 
 3359      396C93DE 
 3359      1EF78B
 3360 1485 2FC731E5 		.ascii	"/\3071\345\261\256tk\222\375\313\311v\307W\3164K\274"
 3360      B1AE746B 
 3360      92FDCBC9 
 3360      76C757CE 
 3360      344BBC
 3361 1498 2D2EDD69 		.ascii	"-.\335is|\371\241\315\351Jw\330~gOH\212\2374F\372\307"
 3361      737CF9A1 
 3361      CDE94A77 
 3361      D87E674F 
 3361      488A9F34 
 3362 14af 17599B94 		.ascii	"\027Y\233\224\032\237\234n\265\341\235\344$\247\313"
 3362      1A9F9C6E 
 3362      B5E19DE4 
 3362      24A7CB
 3363 14be F94EA2F4 		.ascii	"\371N\242\364\326\313\241\334\225D)\312\337\3628W\230"
 3363      D6CBA1DC 
 3363      954429CA 
 3363      DFF23857 
 3363      98
 3364 14cf 73AA3329 		.ascii	"s\2523)\325esL\262$\307\271\350\250\367\244`\213#e\322"
ARM GAS  C:\Users\nello\AppData\Local\Temp\ccxr2o4e.s 			page 121


 3364      D565734C 
 3364      B224C7B9 
 3364      E8A8F7A4 
 3364      608B2365 
 3365 14e4 FBB6B753 		.ascii	"\373\266\267S$s\274\335\341\262My;\345]\026\2208'6\036"
 3365      2473BCDD 
 3365      E1B24D79 
 3365      3BE55D16 
 3365      90382736 
 3366 14f9 83A45434 		.ascii	"\203\244T4\331\365\012\212Q\202)\036\022\2378\016U\377"
 3366      D9F50A8A 
 3366      5182291E 
 3366      129F380E 
 3366      55FF
 3367 150b DB84BFD8 		.ascii	"\333\204\277\330\342]\343S\223\\o\276JgH\241B,6)!\325"
 3367      E25DE353 
 3367      935C6FBE 
 3367      4A6748A1 
 3367      422C3629 
 3368 1521 921CE679 		.ascii	"\222\034\346y2^a\374\225\303n\261\306[\234\256\361\021"
 3368      325E61FC 
 3368      95C36EB1 
 3368      C65B9CAE 
 3368      F111
 3369 1533 3E1742C4 		.ascii	">\027B\304\371\037,I\256\330\240\024gB\234\313\254_"
 3369      F91F2C49 
 3369      AED8A014 
 3369      67429CCB 
 3369      AC5F
 3370 1545 19AA1F7E 		.ascii	"\031\252\037~\236\224b\263\247\273b_\363\273\204\332"
 3370      9E9462B3 
 3370      A7BB625F 
 3370      F3BB84DA 
 3371 1555 63E313FF 		.ascii	"c\343\023\377`\371\312\226\236\026\033\214\256\273\022"
 3371      60F9CA96 
 3371      9E161B8C 
 3371      AEBB12
 3372 1564 1D368BD5 		.ascii	"\0356\213\325$~\342\230\006\274\377\031\036Oe\346\360"
 3372      247EE298 
 3372      06BCFF19 
 3372      1E4F65E6 
 3372      F0
 3373 1575 63F4D766 		.ascii	"c\364\327fMO\266\305\242\262\217]S~g\217\377*\226eD"
 3373      4D4FB6C5 
 3373      A2B28F5D 
 3373      537E678F 
 3373      FF2A9665 
 3374 158a 4A3A86D1 		.ascii	"J:\206\321\310\277\343\\#^\036\267\024\327\024\014["
 3374      C8BFE35C 
 3374      235E1EB7 
 3374      14D7140C 
 3374      5B
 3375 159b 1867FDD0 		.ascii	"\030g\375\320\036\233l\263\245\305\232\\N\227\305\205"
 3375      1E9B6CB3 
 3375      A5C59A5C 
 3375      4E97C585 
 3376 15ab 3D16CAB9 		.ascii	"=\026\312\271\277HMf\354Q\236\030\325\031\032\2378\322"
ARM GAS  C:\Users\nello\AppData\Local\Temp\ccxr2o4e.s 			page 122


 3376      BF484D66 
 3376      EC519E18 
 3376      D5191A9F 
 3376      38D2
 3377 15bd 9C62C16E 		.ascii	"\234b\301n\025&\343W2\3538#\362\262\2641\331\322l\230"
 3377      1526E357 
 3377      32EB3823 
 3377      F2B2B431 
 3377      D9D26C98 
 3378 15d1 09A90921 		.ascii	"\011\251\011!\266I\266TW\212\305\371U\234\313\204Q\342"
 3378      B649B654 
 3378      578AC5F9 
 3378      559CCB84 
 3378      51E2
 3379 15e3 096B9C8C 		.ascii	"\011k\234\214A\300\233F4\234\241\203\225\3378\027\244"
 3379      41C09B46 
 3379      349CA183 
 3379      95DF3817 
 3379      A4
 3380 15f4 1B6C9319 		.ascii	"\033l\223\031\3320\331\205Ti\370\343\264\245\244\205"
 3380      DA30D985 
 3380      5469F8E3 
 3380      B4A5A485 
 3381 1604 B2DCB0A5 		.ascii	"\262\334\260\245X\322\022\355\016\233\321\311\030\235"
 3381      58D212ED 
 3381      0E9BD1C9 
 3381      189D
 3382 1612 0941935D 		.ascii	"\011A\223].G\332P%Z\016\333D\233\303\226\212\331\356"
 3382      2E47DA50 
 3382      255A0EDB 
 3382      449BC396 
 3382      8AD9EE
 3383 1625 4221FB84 		.ascii	"B!\373\204\277\244\231lS\222\\\361v\253\315\340\260"
 3383      BFA4996C 
 3383      53925CF1 
 3383      76ABCDE0 
 3383      B0
 3384 1636 4E45FC4F 		.ascii	"NE\374O_\036\025;\317\037\226\3632\3629\215.\366\035"
 3384      5F1E153B 
 3384      CF1F96F3 
 3384      32F2398D 
 3384      2EF61D
 3385 1649 E70A9A98 		.ascii	"\347\012\232\230lI\300\263\024$\3033\036%\303d\313\004"
 3385      6C49C0B3 
 3385      1424C333 
 3385      1E25C364 
 3385      CB04
 3386 165b 8BD36676 		.ascii	"\213\323fv\272\276\262$c\312\340 L\265\244\330\344\370"
 3386      BABEB224 
 3386      63CAE020 
 3386      4CB5A4D8 
 3386      E4F8
 3387 166d 448B23C8 		.ascii	"D\213#\310>9\325\346\010G\243\355N\226\312.\013\332"
 3387      3E39D5E6 
 3387      0847A3ED 
 3387      4E96CA2E 
 3387      0BDA
ARM GAS  C:\Users\nello\AppData\Local\Temp\ccxr2o4e.s 			page 123


 3388 167f 15E6718C 		.ascii	"\025\346q\2146:x$h\274k\012\252Jp\032\222\035q\266)"
 3388      363A7824 
 3388      68BC6B0A 
 3388      AA4A701A 
 3388      921D71B6 
 3389 1694 F1A6740C 		.ascii	"\361\246t\014\351\230\3218L\034\243Fa\033I\034?'\216"
 3389      E998D138 
 3389      4C1CA346 
 3389      611B491C 
 3389      3F278E
 3390 16a7 0F88E37D 		.ascii	"\017\210\343}\342x\2178~F\034\357\032\231Z\214uH\032"
 3390      E2788F38 
 3390      7E461CEF 
 3390      1A995A8C 
 3390      75481A
 3391 16ba 0E1D6474 		.ascii	"\016\035dt!\305\373\001]\213\267\247\244\330Sc\030\316"
 3391      21C5FB01 
 3391      5D8BB7A7 
 3391      A4D85363 
 3391      18CE
 3392 16cc 19F3CBCF 		.ascii	"\031\363\313\317>\236\364\376\333\037\277\375\313\337"
 3392      3E9EF4FE 
 3392      DB1FBFFD 
 3392      CBDF
 3393 16da 7DCEF3DF 		.ascii	"}\316\363\337aC/\2113M\320`]A\232P~\214c\003\263\310"
 3393      61432F89 
 3393      334DD060 
 3393      5D419A50 
 3393      7E8C6303 
 3394 16f0 4513AD0E 		.ascii	"E\023\255\016C\032\267\3625eX:\222\\SE\311\211\364\273"
 3394      431AB7F2 
 3394      3565583A 
 3394      925C5345 
 3394      C989F4BB 
 3395 1704 C28B5092 		.ascii	"\302\213P\222]f\375\030\224\222f\267'\033\220hbR\302"
 3395      5D66FD18 
 3395      949266B7 
 3395      271B9068 
 3395      6252C2
 3396 1717 30EF30C4 		.ascii	"0\3570\304\211\253Q\376\227\220\30111>\235%\005\373"
 3396      89AB51FE 
 3396      9790C131 
 3396      313E9D25 
 3396      05FB
 3397 1729 95591A84 		.ascii	"\225Y\032\204\260\2438\221>\257P\015\030\032\3352p)"
 3397      B0A33891 
 3397      3EAF500D 
 3397      181ADD32 
 3397      7029
 3398 173b 97917919 		.ascii	"\227\221y\031\227d\015V~\361\012\206\232\031\030\302"
 3398      97640D56 
 3398      7EF10A86 
 3398      9A1918C2 
 3399 174b 74D812F0 		.ascii	"t\330\022\360\3101\325\254\036`\247Lr\361\344M\306\341"
 3399      C831D5AC 
 3399      1E60A74C 
 3399      72F1E44D 
ARM GAS  C:\Users\nello\AppData\Local\Temp\ccxr2o4e.s 			page 124


 3399      C6E1
 3400 175d EDC24C0F 		.ascii	"\355\302L\017\306\312\305~\261\317\255\354\006\016\227"
 3400      C6CAC57E 
 3400      B1CFADEC 
 3400      060E97
 3401 176c 38AB2DD9 		.ascii	"8\253-\331e\341\331\032\341u\3060\354\344u\274:)\311"
 3401      65E1D91A 
 3401      E175C630 
 3401      ECE475BC 
 3401      3A29C9
 3402 177f E14A67C5 		.ascii	"\341Jg\305\016e\035N\221\342\214\023\335MI\343]\374"
 3402      0E651D4E 
 3402      91E28C13 
 3402      DD4D49E3 
 3402      5DFC
 3403 1791 DEBB71AE 		.ascii	"\336\273q\256a\001`\310\342P5\261\264\236\312\257\032"
 3403      610160C8 
 3403      E25035B1 
 3403      B49ECAAF 
 3403      1A
 3404 17a2 E3D31D98 		.ascii	"\343\323\035\230\333\256P\375\022f\210uB\0023\201\331"
 3404      DBAE50FD 
 3404      12668875 
 3404      42023381 
 3404      D9
 3405 17b3 684B414B 		.ascii	"hKAK&\244'\004\247YR\223\342\3430\331_\241\274s\011"
 3405      26A42704 
 3405      A7595293 
 3405      E2E330D9 
 3405      5FA1BC73 
 3406 17c8 8C56B827 		.ascii	"\214V\270'\303+\025\017"
 3406      C32B150F 
 3407 17d0 1410C543 		.ascii	"\024\020\305C\351\372$,\270aq8B]q\277\372e\354\257?"
 3407      E9FA242C 
 3407      B8617138 
 3407      425D71BF 
 3407      FA65ECAF 
 3408 17e5 FD6C7C98 		.ascii	"\375l|\230%y\262e*\353\342\344\244T\333\270\277\225"
 3408      2579B265 
 3408      2AEBE2E4 
 3408      A454DBB8 
 3408      BF95
 3409 17f7 9E986A2C 		.ascii	"\236\230j,9c\306}\034;>6f\034vU\314xUS\2123\311\031"
 3409      3963C67D 
 3409      1C3B3E36 
 3409      661C7655 
 3409      CC785553 
 3410 180f 97101F8F 		.ascii	"\227\020\037\217\332X1\234\352\0245I\344l:?\216\322"
 3410      DA58319C 
 3410      EA143549 
 3410      E46C3A3F 
 3410      8ED2
 3411 1821 AC989834 		.ascii	"\254\230\2304\321\216AK\261O\262\005s0+\216\301\034"
 3411      D18E414B 
 3411      B14FB205 
 3411      73302B8E 
 3411      C11C
ARM GAS  C:\Users\nello\AppData\Local\Temp\ccxr2o4e.s 			page 125


 3412 1833 CA80AF69 		.ascii	"\312\200\257i\300T;\272\233\346\232\032\024\367+LSt"
 3412      C0543BBA 
 3412      9BE69A1A 
 3412      14F72B4C 
 3412      5374
 3413 1845 E3F344EB 		.ascii	"\343\363D\353\2076W\254-y\342\037_\241H\210\202\303"
 3413      873657AC 
 3413      2D79E21F 
 3413      5FA14888 
 3413      82C3
 3414 1857 223094D7 		.ascii	"\"0\224\327I\024\375\004\235\370\230\325\336?\376/\210"
 3414      4914FD04 
 3414      9DF898D5 
 3414      DE3FFE2F 
 3414      88
 3415 1868 624240   		.ascii	"bB@"
 3416              		.text
 3417              		.section	.gnu.lto_.symtab.6c44c24a,"e",%progbits
 3418 0000 6368436F 		.ascii	"chCondObjectInit\000"
 3418      6E644F62 
 3418      6A656374 
 3418      496E6974 
 3418      00
 3419 0011 00       		.ascii	"\000"
 3420 0012 00       		.ascii	"\000"
 3421 0013 00       		.ascii	"\000"
 3422 0014 00000000 		.ascii	"\000\000\000\000\000\000\000\000"
 3422      00000000 
 3423 001c E3000000 		.ascii	"\343\000\000\000"
 3424 0020 6368436F 		.ascii	"chCondSignal\000"
 3424      6E645369 
 3424      676E616C 
 3424      00
 3425 002d 00       		.ascii	"\000"
 3426 002e 00       		.ascii	"\000"
 3427 002f 00       		.ascii	"\000"
 3428 0030 00000000 		.ascii	"\000\000\000\000\000\000\000\000"
 3428      00000000 
 3429 0038 E5000000 		.ascii	"\345\000\000\000"
 3430 003c 6368436F 		.ascii	"chCondSignalI\000"
 3430      6E645369 
 3430      676E616C 
 3430      4900
 3431 004a 00       		.ascii	"\000"
 3432 004b 00       		.ascii	"\000"
 3433 004c 00       		.ascii	"\000"
 3434 004d 00000000 		.ascii	"\000\000\000\000\000\000\000\000"
 3434      00000000 
 3435 0055 E7000000 		.ascii	"\347\000\000\000"
 3436 0059 6368436F 		.ascii	"chCondBroadcastI\000"
 3436      6E644272 
 3436      6F616463 
 3436      61737449 
 3436      00
 3437 006a 00       		.ascii	"\000"
 3438 006b 00       		.ascii	"\000"
 3439 006c 00       		.ascii	"\000"
ARM GAS  C:\Users\nello\AppData\Local\Temp\ccxr2o4e.s 			page 126


 3440 006d 00000000 		.ascii	"\000\000\000\000\000\000\000\000"
 3440      00000000 
 3441 0075 E9000000 		.ascii	"\351\000\000\000"
 3442 0079 6368436F 		.ascii	"chCondBroadcast\000"
 3442      6E644272 
 3442      6F616463 
 3442      61737400 
 3443 0089 00       		.ascii	"\000"
 3444 008a 00       		.ascii	"\000"
 3445 008b 00       		.ascii	"\000"
 3446 008c 00000000 		.ascii	"\000\000\000\000\000\000\000\000"
 3446      00000000 
 3447 0094 EB000000 		.ascii	"\353\000\000\000"
 3448 0098 6368436F 		.ascii	"chCondWaitS\000"
 3448      6E645761 
 3448      69745300 
 3449 00a4 00       		.ascii	"\000"
 3450 00a5 00       		.ascii	"\000"
 3451 00a6 00       		.ascii	"\000"
 3452 00a7 00000000 		.ascii	"\000\000\000\000\000\000\000\000"
 3452      00000000 
 3453 00af F3000000 		.ascii	"\363\000\000\000"
 3454 00b3 6368436F 		.ascii	"chCondWait\000"
 3454      6E645761 
 3454      697400
 3455 00be 00       		.ascii	"\000"
 3456 00bf 00       		.ascii	"\000"
 3457 00c0 00       		.ascii	"\000"
 3458 00c1 00000000 		.ascii	"\000\000\000\000\000\000\000\000"
 3458      00000000 
 3459 00c9 F5000000 		.ascii	"\365\000\000\000"
 3460 00cd 6368436F 		.ascii	"chCondWaitTimeoutS\000"
 3460      6E645761 
 3460      69745469 
 3460      6D656F75 
 3460      745300
 3461 00e0 00       		.ascii	"\000"
 3462 00e1 00       		.ascii	"\000"
 3463 00e2 00       		.ascii	"\000"
 3464 00e3 00000000 		.ascii	"\000\000\000\000\000\000\000\000"
 3464      00000000 
 3465 00eb FA000000 		.ascii	"\372\000\000\000"
 3466 00ef 6368436F 		.ascii	"chCondWaitTimeout\000"
 3466      6E645761 
 3466      69745469 
 3466      6D656F75 
 3466      7400
 3467 0101 00       		.ascii	"\000"
 3468 0102 00       		.ascii	"\000"
 3469 0103 00       		.ascii	"\000"
 3470 0104 00000000 		.ascii	"\000\000\000\000\000\000\000\000"
 3470      00000000 
 3471 010c FC000000 		.ascii	"\374\000\000\000"
 3472 0110 63683000 		.ascii	"ch0\000"
 3473 0114 00       		.ascii	"\000"
 3474 0115 02       		.ascii	"\002"
 3475 0116 00       		.ascii	"\000"
ARM GAS  C:\Users\nello\AppData\Local\Temp\ccxr2o4e.s 			page 127


 3476 0117 00000000 		.ascii	"\000\000\000\000\000\000\000\000"
 3476      00000000 
 3477 011f 1A020000 		.ascii	"\032\002\000\000"
 3478 0123 63685363 		.ascii	"chSchWakeupS\000"
 3478      6857616B 
 3478      65757053 
 3478      00
 3479 0130 00       		.ascii	"\000"
 3480 0131 02       		.ascii	"\002"
 3481 0132 00       		.ascii	"\000"
 3482 0133 00000000 		.ascii	"\000\000\000\000\000\000\000\000"
 3482      00000000 
 3483 013b 06010000 		.ascii	"\006\001\000\000"
 3484 013f 63685363 		.ascii	"chSchReadyI\000"
 3484      68526561 
 3484      64794900 
 3485 014b 00       		.ascii	"\000"
 3486 014c 02       		.ascii	"\002"
 3487 014d 00       		.ascii	"\000"
 3488 014e 00000000 		.ascii	"\000\000\000\000\000\000\000\000"
 3488      00000000 
 3489 0156 0A010000 		.ascii	"\012\001\000\000"
 3490 015a 63685363 		.ascii	"chSchRescheduleS\000"
 3490      68526573 
 3490      63686564 
 3490      756C6553 
 3490      00
 3491 016b 00       		.ascii	"\000"
 3492 016c 02       		.ascii	"\002"
 3493 016d 00       		.ascii	"\000"
 3494 016e 00000000 		.ascii	"\000\000\000\000\000\000\000\000"
 3494      00000000 
 3495 0176 0D010000 		.ascii	"\015\001\000\000"
 3496 017a 63684D74 		.ascii	"chMtxLockS\000"
 3496      784C6F63 
 3496      6B5300
 3497 0185 00       		.ascii	"\000"
 3498 0186 02       		.ascii	"\002"
 3499 0187 00       		.ascii	"\000"
 3500 0188 00000000 		.ascii	"\000\000\000\000\000\000\000\000"
 3500      00000000 
 3501 0190 16010000 		.ascii	"\026\001\000\000"
 3502 0194 63685363 		.ascii	"chSchGoSleepS\000"
 3502      68476F53 
 3502      6C656570 
 3502      5300
 3503 01a2 00       		.ascii	"\000"
 3504 01a3 02       		.ascii	"\002"
 3505 01a4 00       		.ascii	"\000"
 3506 01a5 00000000 		.ascii	"\000\000\000\000\000\000\000\000"
 3506      00000000 
 3507 01ad 1E010000 		.ascii	"\036\001\000\000"
 3508 01b1 63684D74 		.ascii	"chMtxUnlockS\000"
 3508      78556E6C 
 3508      6F636B53 
 3508      00
 3509 01be 00       		.ascii	"\000"
ARM GAS  C:\Users\nello\AppData\Local\Temp\ccxr2o4e.s 			page 128


 3510 01bf 02       		.ascii	"\002"
 3511 01c0 00       		.ascii	"\000"
 3512 01c1 00000000 		.ascii	"\000\000\000\000\000\000\000\000"
 3512      00000000 
 3513 01c9 20010000 		.ascii	" \001\000\000"
 3514 01cd 63685363 		.ascii	"chSchGoSleepTimeoutS\000"
 3514      68476F53 
 3514      6C656570 
 3514      54696D65 
 3514      6F757453 
 3515 01e2 00       		.ascii	"\000"
 3516 01e3 02       		.ascii	"\002"
 3517 01e4 00       		.ascii	"\000"
 3518 01e5 00000000 		.ascii	"\000\000\000\000\000\000\000\000"
 3518      00000000 
 3519 01ed 25010000 		.ascii	"%\001\000\000"
 3520              		.text
 3521              		.section	.gnu.lto_.ext_symtab.6c44c24a,"e",%progbits
 3522 0000 01       		.ascii	"\001"
 3523 0001 01       		.ascii	"\001"
 3524 0002 00       		.ascii	"\000"
 3525 0003 01       		.ascii	"\001"
 3526 0004 00       		.ascii	"\000"
 3527 0005 01       		.ascii	"\001"
 3528 0006 00       		.ascii	"\000"
 3529 0007 01       		.ascii	"\001"
 3530 0008 00       		.ascii	"\000"
 3531 0009 01       		.ascii	"\001"
 3532 000a 00       		.ascii	"\000"
 3533 000b 01       		.ascii	"\001"
 3534 000c 00       		.ascii	"\000"
 3535 000d 01       		.ascii	"\001"
 3536 000e 00       		.ascii	"\000"
 3537 000f 01       		.ascii	"\001"
 3538 0010 00       		.ascii	"\000"
 3539 0011 01       		.ascii	"\001"
 3540 0012 00       		.ascii	"\000"
 3541 0013 02       		.ascii	"\002"
 3542 0014 01       		.ascii	"\001"
 3543 0015 01       		.ascii	"\001"
 3544 0016 00       		.ascii	"\000"
 3545 0017 01       		.ascii	"\001"
 3546 0018 00       		.ascii	"\000"
 3547 0019 01       		.ascii	"\001"
 3548 001a 00       		.ascii	"\000"
 3549 001b 01       		.ascii	"\001"
 3550 001c 00       		.ascii	"\000"
 3551 001d 01       		.ascii	"\001"
 3552 001e 00       		.ascii	"\000"
 3553 001f 01       		.ascii	"\001"
 3554 0020 00       		.ascii	"\000"
 3555 0021 01       		.ascii	"\001"
 3556 0022 00       		.ascii	"\000"
 3557              		.text
 3558              		.section	.gnu.lto_.opts,"e",%progbits
 3559 0000 272D666E 		.ascii	"'-fno-openmp' '-fno-openacc' '-fno-pie' '-fcf-prote"
 3559      6F2D6F70 
ARM GAS  C:\Users\nello\AppData\Local\Temp\ccxr2o4e.s 			page 129


 3559      656E6D70 
 3559      2720272D 
 3559      666E6F2D 
 3560 0033 6374696F 		.ascii	"ction=none' '-g' '-mcpu=cortex-m4' '-mthumb' '-mflo"
 3560      6E3D6E6F 
 3560      6E652720 
 3560      272D6727 
 3560      20272D6D 
 3561 0066 61742D61 		.ascii	"at-abi=soft' '-mlibarch=armv7e-m' '-march=armv7e-m'"
 3561      62693D73 
 3561      6F667427 
 3561      20272D6D 
 3561      6C696261 
 3562 0099 20272D4F 		.ascii	" '-O2' '-fomit-frame-pointer' '-falign-functions=16"
 3562      32272027 
 3562      2D666F6D 
 3562      69742D66 
 3562      72616D65 
 3563 00cc 2720272D 		.ascii	"' '-ffunction-sections' '-fdata-sections' '-fno-com"
 3563      6666756E 
 3563      6374696F 
 3563      6E2D7365 
 3563      6374696F 
 3564 00ff 6D6F6E27 		.ascii	"mon' '-flto' '-Xassembler' '-alms=./build/lst/chcon"
 3564      20272D66 
 3564      6C746F27 
 3564      20272D58 
 3564      61737365 
 3565 0132 642E6C73 		.ascii	"d.lst'\000"
 3565      742700
 3566              		.text
 3567              		.comm	__gnu_lto_slim,1,1
 3568              		.ident	"GCC: (GNU Arm Embedded Toolchain 10.3-2021.10) 10.3.1 20210824 (release)"
ARM GAS  C:\Users\nello\AppData\Local\Temp\ccxr2o4e.s 			page 130


DEFINED SYMBOLS
                            *ABS*:00000000 chcond.c
C:\Users\nello\AppData\Local\Temp\ccxr2o4e.s:36     .gnu.debuglto_.debug_info:00000000 chcond.c.3d25fa3d
                            *COM*:00000001 __gnu_lto_slim

NO UNDEFINED SYMBOLS
