ARM GAS  C:\Users\nello\AppData\Local\Temp\cc46pQ2n.s 			page 1


   1              		.cpu cortex-m4
   2              		.arch armv7e-m
   3              		.fpu softvfp
   4              		.eabi_attribute 20, 1
   5              		.eabi_attribute 21, 1
   6              		.eabi_attribute 23, 3
   7              		.eabi_attribute 24, 1
   8              		.eabi_attribute 25, 1
   9              		.eabi_attribute 26, 1
  10              		.eabi_attribute 30, 2
  11              		.eabi_attribute 34, 1
  12              		.eabi_attribute 18, 4
  13              		.file	"chthreads.c"
  14              		.file 1 "c:\\chibistudio\\tools\\gnu tools arm embedded\\10.3 2021.10\\lib\\gcc\\arm-none-eabi\\10
  15              		.file 2 "c:\\chibistudio\\tools\\gnu tools arm embedded\\10.3 2021.10\\arm-none-eabi\\include\\mac
  16              		.file 3 "c:\\chibistudio\\tools\\gnu tools arm embedded\\10.3 2021.10\\arm-none-eabi\\include\\sys
  17              		.file 4 "../../chibios2111/os/common/ports/ARM-common/chtypes.h"
  18              		.file 5 "../../chibios2111/os/rt/include/chearly.h"
  19              		.file 6 "../../chibios2111/os/rt/include/chobjects.h"
  20              		.file 7 "../../chibios2111/os/rt/include/chrfcu.h"
  21              		.file 8 "../../chibios2111/os/rt/include/chdebug.h"
  22              		.file 9 "../../chibios2111/os/rt/include/chtime.h"
  23              		.file 10 "../../chibios2111/os/rt/include/chlists.h"
  24              		.file 11 "../../chibios2111/os/common/ports/ARMv7-M-ALT/chcore.h"
  25              		.file 12 "../../chibios2111/os/rt/include/chsem.h"
  26              		.file 13 "../../chibios2111/os/rt/include/chmtx.h"
  27              		.file 14 "../../chibios2111/os/rt/include/chthreads.h"
  28              		.file 15 "../../chibios2111/os/rt/src/chthreads.c"
  29              		.file 16 "../../chibios2111/os/rt/include/chvt.h"
  30              		.file 17 "../../chibios2111/os/rt/include/chsys.h"
  31              		.file 18 "../../chibios2111/os/hal/osal/rt-nil/chcore_timer.h"
  32              		.file 19 "../../chibios2111/os/common/ext/ARM/CMSIS/Core/Include/cmsis_gcc.h"
  33              		.section	.gnu.debuglto_.debug_info,"e",%progbits
  34              	.Ldebug_info0:
  35              		.hidden	chthreads.c.9655aeb0
  36              		.weak	chthreads.c.9655aeb0
  37              	chthreads.c.9655aeb0:
  38 0000 C9100000 		.4byte	0x10c9
  39 0004 0400     		.2byte	0x4
  40 0006 00000000 		.4byte	.Ldebug_abbrev0
  41 000a 04       		.byte	0x4
  42 000b 01       		.uleb128 0x1
  43 000c 43030000 		.4byte	.LASF180
  44 0010 0C       		.byte	0xc
  45 0011 25060000 		.4byte	.LASF181
  46 0015 C6070000 		.4byte	.LASF182
  47 0019 00000000 		.4byte	.Ldebug_line0
  48 001d 02       		.uleb128 0x2
  49 001e 04       		.byte	0x4
  50 001f 05       		.byte	0x5
  51 0020 696E7400 		.ascii	"int\000"
  52 0024 03       		.uleb128 0x3
  53 0025 12000000 		.4byte	.LASF4
  54 0029 01       		.byte	0x1
  55 002a D1       		.byte	0xd1
  56 002b 17       		.byte	0x17
  57 002c 30000000 		.4byte	0x30
ARM GAS  C:\Users\nello\AppData\Local\Temp\cc46pQ2n.s 			page 2


  58 0030 04       		.uleb128 0x4
  59 0031 04       		.byte	0x4
  60 0032 07       		.byte	0x7
  61 0033 E2020000 		.4byte	.LASF0
  62 0037 04       		.uleb128 0x4
  63 0038 08       		.byte	0x8
  64 0039 05       		.byte	0x5
  65 003a 52010000 		.4byte	.LASF1
  66 003e 04       		.uleb128 0x4
  67 003f 08       		.byte	0x8
  68 0040 04       		.byte	0x4
  69 0041 3E050000 		.4byte	.LASF2
  70 0045 04       		.uleb128 0x4
  71 0046 01       		.byte	0x1
  72 0047 06       		.byte	0x6
  73 0048 60010000 		.4byte	.LASF3
  74 004c 03       		.uleb128 0x3
  75 004d 46000000 		.4byte	.LASF5
  76 0051 02       		.byte	0x2
  77 0052 2B       		.byte	0x2b
  78 0053 18       		.byte	0x18
  79 0054 58000000 		.4byte	0x58
  80 0058 04       		.uleb128 0x4
  81 0059 01       		.byte	0x1
  82 005a 08       		.byte	0x8
  83 005b 17060000 		.4byte	.LASF6
  84 005f 04       		.uleb128 0x4
  85 0060 02       		.byte	0x2
  86 0061 05       		.byte	0x5
  87 0062 74060000 		.4byte	.LASF7
  88 0066 04       		.uleb128 0x4
  89 0067 02       		.byte	0x2
  90 0068 07       		.byte	0x7
  91 0069 3A010000 		.4byte	.LASF8
  92 006d 03       		.uleb128 0x3
  93 006e 83070000 		.4byte	.LASF9
  94 0072 02       		.byte	0x2
  95 0073 4D       		.byte	0x4d
  96 0074 18       		.byte	0x18
  97 0075 79000000 		.4byte	0x79
  98 0079 04       		.uleb128 0x4
  99 007a 04       		.byte	0x4
 100 007b 05       		.byte	0x5
 101 007c E1010000 		.4byte	.LASF10
 102 0080 03       		.uleb128 0x3
 103 0081 8D070000 		.4byte	.LASF11
 104 0085 02       		.byte	0x2
 105 0086 4F       		.byte	0x4f
 106 0087 19       		.byte	0x19
 107 0088 8C000000 		.4byte	0x8c
 108 008c 04       		.uleb128 0x4
 109 008d 04       		.byte	0x4
 110 008e 07       		.byte	0x7
 111 008f 19070000 		.4byte	.LASF12
 112 0093 03       		.uleb128 0x3
 113 0094 BC050000 		.4byte	.LASF13
 114 0098 02       		.byte	0x2
ARM GAS  C:\Users\nello\AppData\Local\Temp\cc46pQ2n.s 			page 3


 115 0099 69       		.byte	0x69
 116 009a 19       		.byte	0x19
 117 009b 9F000000 		.4byte	0x9f
 118 009f 04       		.uleb128 0x4
 119 00a0 08       		.byte	0x8
 120 00a1 07       		.byte	0x7
 121 00a2 DB000000 		.4byte	.LASF14
 122 00a6 03       		.uleb128 0x3
 123 00a7 A0080000 		.4byte	.LASF15
 124 00ab 03       		.byte	0x3
 125 00ac 18       		.byte	0x18
 126 00ad 13       		.byte	0x13
 127 00ae 4C000000 		.4byte	0x4c
 128 00b2 03       		.uleb128 0x3
 129 00b3 0F060000 		.4byte	.LASF16
 130 00b7 03       		.byte	0x3
 131 00b8 2C       		.byte	0x2c
 132 00b9 13       		.byte	0x13
 133 00ba 6D000000 		.4byte	0x6d
 134 00be 03       		.uleb128 0x3
 135 00bf F2060000 		.4byte	.LASF17
 136 00c3 03       		.byte	0x3
 137 00c4 30       		.byte	0x30
 138 00c5 14       		.byte	0x14
 139 00c6 80000000 		.4byte	0x80
 140 00ca 03       		.uleb128 0x3
 141 00cb 2C000000 		.4byte	.LASF18
 142 00cf 03       		.byte	0x3
 143 00d0 3C       		.byte	0x3c
 144 00d1 14       		.byte	0x14
 145 00d2 93000000 		.4byte	0x93
 146 00d6 05       		.uleb128 0x5
 147 00d7 CA000000 		.4byte	0xca
 148 00db 03       		.uleb128 0x3
 149 00dc E9080000 		.4byte	.LASF19
 150 00e0 04       		.byte	0x4
 151 00e1 48       		.byte	0x48
 152 00e2 1D       		.byte	0x1d
 153 00e3 CA000000 		.4byte	0xca
 154 00e7 03       		.uleb128 0x3
 155 00e8 AD040000 		.4byte	.LASF20
 156 00ec 05       		.byte	0x5
 157 00ed 50       		.byte	0x50
 158 00ee 19       		.byte	0x19
 159 00ef DB000000 		.4byte	0xdb
 160 00f3 03       		.uleb128 0x3
 161 00f4 50040000 		.4byte	.LASF21
 162 00f8 05       		.byte	0x5
 163 00f9 53       		.byte	0x53
 164 00fa 19       		.byte	0x19
 165 00fb A6000000 		.4byte	0xa6
 166 00ff 03       		.uleb128 0x3
 167 0100 EA010000 		.4byte	.LASF22
 168 0104 05       		.byte	0x5
 169 0105 54       		.byte	0x54
 170 0106 19       		.byte	0x19
 171 0107 A6000000 		.4byte	0xa6
ARM GAS  C:\Users\nello\AppData\Local\Temp\cc46pQ2n.s 			page 4


 172 010b 03       		.uleb128 0x3
 173 010c DD050000 		.4byte	.LASF23
 174 0110 05       		.byte	0x5
 175 0111 55       		.byte	0x55
 176 0112 19       		.byte	0x19
 177 0113 A6000000 		.4byte	0xa6
 178 0117 03       		.uleb128 0x3
 179 0118 F1050000 		.4byte	.LASF24
 180 011c 05       		.byte	0x5
 181 011d 57       		.byte	0x57
 182 011e 19       		.byte	0x19
 183 011f BE000000 		.4byte	0xbe
 184 0123 03       		.uleb128 0x3
 185 0124 2C040000 		.4byte	.LASF25
 186 0128 05       		.byte	0x5
 187 0129 58       		.byte	0x58
 188 012a 19       		.byte	0x19
 189 012b B2000000 		.4byte	0xb2
 190 012f 03       		.uleb128 0x3
 191 0130 7D040000 		.4byte	.LASF26
 192 0134 05       		.byte	0x5
 193 0135 5A       		.byte	0x5a
 194 0136 19       		.byte	0x19
 195 0137 BE000000 		.4byte	0xbe
 196 013b 03       		.uleb128 0x3
 197 013c C9020000 		.4byte	.LASF27
 198 0140 05       		.byte	0x5
 199 0141 5C       		.byte	0x5c
 200 0142 19       		.byte	0x19
 201 0143 B2000000 		.4byte	0xb2
 202 0147 03       		.uleb128 0x3
 203 0148 D3050000 		.4byte	.LASF28
 204 014c 05       		.byte	0x5
 205 014d 80       		.byte	0x80
 206 014e 12       		.byte	0x12
 207 014f 30000000 		.4byte	0x30
 208 0153 03       		.uleb128 0x3
 209 0154 56070000 		.4byte	.LASF29
 210 0158 05       		.byte	0x5
 211 0159 85       		.byte	0x85
 212 015a 1A       		.byte	0x1a
 213 015b 5F010000 		.4byte	0x15f
 214 015f 06       		.uleb128 0x6
 215 0160 1B040000 		.4byte	.LASF44
 216 0164 70       		.byte	0x70
 217 0165 06       		.byte	0x6
 218 0166 9C       		.byte	0x9c
 219 0167 08       		.byte	0x8
 220 0168 42020000 		.4byte	0x242
 221 016c 07       		.uleb128 0x7
 222 016d 68647200 		.ascii	"hdr\000"
 223 0171 06       		.byte	0x6
 224 0172 AD       		.byte	0xad
 225 0173 05       		.byte	0x5
 226 0174 38060000 		.4byte	0x638
 227 0178 00       		.byte	0
 228 0179 07       		.uleb128 0x7
ARM GAS  C:\Users\nello\AppData\Local\Temp\cc46pQ2n.s 			page 5


 229 017a 63747800 		.ascii	"ctx\000"
 230 017e 06       		.byte	0x6
 231 017f B1       		.byte	0xb1
 232 0180 21       		.byte	0x21
 233 0181 5F050000 		.4byte	0x55f
 234 0185 0C       		.byte	0xc
 235 0186 08       		.uleb128 0x8
 236 0187 03030000 		.4byte	.LASF30
 237 018b 06       		.byte	0x6
 238 018c B6       		.byte	0xb6
 239 018d 21       		.byte	0x21
 240 018e 83030000 		.4byte	0x383
 241 0192 38       		.byte	0x38
 242 0193 08       		.uleb128 0x8
 243 0194 0E070000 		.4byte	.LASF31
 244 0198 06       		.byte	0x6
 245 0199 BB       		.byte	0xbb
 246 019a 22       		.byte	0x22
 247 019b 45070000 		.4byte	0x745
 248 019f 40       		.byte	0x40
 249 01a0 08       		.uleb128 0x8
 250 01a1 3E030000 		.4byte	.LASF32
 251 01a5 06       		.byte	0x6
 252 01a6 C0       		.byte	0xc0
 253 01a7 22       		.byte	0x22
 254 01a8 1B030000 		.4byte	0x31b
 255 01ac 44       		.byte	0x44
 256 01ad 08       		.uleb128 0x8
 257 01ae 2B070000 		.4byte	.LASF33
 258 01b2 06       		.byte	0x6
 259 01b3 C9       		.byte	0xc9
 260 01b4 22       		.byte	0x22
 261 01b5 8F050000 		.4byte	0x58f
 262 01b9 48       		.byte	0x48
 263 01ba 08       		.uleb128 0x8
 264 01bb DB010000 		.4byte	.LASF34
 265 01bf 06       		.byte	0x6
 266 01c0 CE       		.byte	0xce
 267 01c1 21       		.byte	0x21
 268 01c2 FF000000 		.4byte	0xff
 269 01c6 4C       		.byte	0x4c
 270 01c7 08       		.uleb128 0x8
 271 01c8 A8080000 		.4byte	.LASF35
 272 01cc 06       		.byte	0x6
 273 01cd D2       		.byte	0xd2
 274 01ce 21       		.byte	0x21
 275 01cf F3000000 		.4byte	0xf3
 276 01d3 4D       		.byte	0x4d
 277 01d4 08       		.uleb128 0x8
 278 01d5 4D010000 		.4byte	.LASF36
 279 01d9 06       		.byte	0x6
 280 01da D7       		.byte	0xd7
 281 01db 21       		.byte	0x21
 282 01dc 0B010000 		.4byte	0x10b
 283 01e0 4E       		.byte	0x4e
 284 01e1 09       		.uleb128 0x9
 285 01e2 7500     		.ascii	"u\000"
ARM GAS  C:\Users\nello\AppData\Local\Temp\cc46pQ2n.s 			page 6


 286 01e4 06       		.byte	0x6
 287 01e5 2801     		.2byte	0x128
 288 01e7 21       		.byte	0x21
 289 01e8 66060000 		.4byte	0x666
 290 01ec 50       		.byte	0x50
 291 01ed 0A       		.uleb128 0xa
 292 01ee D3010000 		.4byte	.LASF37
 293 01f2 06       		.byte	0x6
 294 01f3 2D01     		.2byte	0x12d
 295 01f5 21       		.byte	0x21
 296 01f6 56030000 		.4byte	0x356
 297 01fa 54       		.byte	0x54
 298 01fb 0A       		.uleb128 0xa
 299 01fc A4040000 		.4byte	.LASF38
 300 0200 06       		.byte	0x6
 301 0201 3301     		.2byte	0x133
 302 0203 21       		.byte	0x21
 303 0204 83030000 		.4byte	0x383
 304 0208 58       		.byte	0x58
 305 0209 0A       		.uleb128 0xa
 306 020a 32040000 		.4byte	.LASF39
 307 020e 06       		.byte	0x6
 308 020f 3901     		.2byte	0x139
 309 0211 21       		.byte	0x21
 310 0212 2F010000 		.4byte	0x12f
 311 0216 60       		.byte	0x60
 312 0217 0A       		.uleb128 0xa
 313 0218 E1080000 		.4byte	.LASF40
 314 021c 06       		.byte	0x6
 315 021d 4001     		.2byte	0x140
 316 021f 22       		.byte	0x22
 317 0220 3F070000 		.4byte	0x73f
 318 0224 64       		.byte	0x64
 319 0225 0A       		.uleb128 0xa
 320 0226 E4040000 		.4byte	.LASF41
 321 022a 06       		.byte	0x6
 322 022b 4401     		.2byte	0x144
 323 022d 21       		.byte	0x21
 324 022e 17010000 		.4byte	0x117
 325 0232 68       		.byte	0x68
 326 0233 0A       		.uleb128 0xa
 327 0234 08040000 		.4byte	.LASF42
 328 0238 06       		.byte	0x6
 329 0239 4B01     		.2byte	0x14b
 330 023b 22       		.byte	0x22
 331 023c 95050000 		.4byte	0x595
 332 0240 6C       		.byte	0x6c
 333 0241 00       		.byte	0
 334 0242 03       		.uleb128 0x3
 335 0243 F3070000 		.4byte	.LASF43
 336 0247 05       		.byte	0x5
 337 0248 8A       		.byte	0x8a
 338 0249 1F       		.byte	0x1f
 339 024a 4E020000 		.4byte	0x24e
 340 024e 0B       		.uleb128 0xb
 341 024f B7070000 		.4byte	.LASF45
 342 0253 B0       		.byte	0xb0
ARM GAS  C:\Users\nello\AppData\Local\Temp\cc46pQ2n.s 			page 7


 343 0254 06       		.byte	0x6
 344 0255 8A01     		.2byte	0x18a
 345 0257 08       		.byte	0x8
 346 0258 CD020000 		.4byte	0x2cd
 347 025c 0A       		.uleb128 0xa
 348 025d 8C080000 		.4byte	.LASF46
 349 0261 06       		.byte	0x6
 350 0262 8E01     		.2byte	0x18e
 351 0264 21       		.byte	0x21
 352 0265 76070000 		.4byte	0x776
 353 0269 00       		.byte	0
 354 026a 0A       		.uleb128 0xa
 355 026b B3010000 		.4byte	.LASF47
 356 026f 06       		.byte	0x6
 357 0270 9201     		.2byte	0x192
 358 0272 21       		.byte	0x21
 359 0273 CC050000 		.4byte	0x5cc
 360 0277 10       		.byte	0x10
 361 0278 0A       		.uleb128 0xa
 362 0279 01080000 		.4byte	.LASF48
 363 027d 06       		.byte	0x6
 364 027e 9901     		.2byte	0x199
 365 0280 21       		.byte	0x21
 366 0281 F3050000 		.4byte	0x5f3
 367 0285 28       		.byte	0x28
 368 0286 0A       		.uleb128 0xa
 369 0287 99000000 		.4byte	.LASF49
 370 028b 06       		.byte	0x6
 371 028c 9E01     		.2byte	0x19e
 372 028e 21       		.byte	0x21
 373 028f 47010000 		.4byte	0x147
 374 0293 30       		.byte	0x30
 375 0294 0A       		.uleb128 0xa
 376 0295 0D000000 		.4byte	.LASF50
 377 0299 06       		.byte	0x6
 378 029a A401     		.2byte	0x1a4
 379 029c 21       		.byte	0x21
 380 029d F4020000 		.4byte	0x2f4
 381 02a1 34       		.byte	0x34
 382 02a2 0A       		.uleb128 0xa
 383 02a3 47070000 		.4byte	.LASF51
 384 02a7 06       		.byte	0x6
 385 02a8 A901     		.2byte	0x1a9
 386 02aa 22       		.byte	0x22
 387 02ab EA070000 		.4byte	0x7ea
 388 02af 38       		.byte	0x38
 389 02b0 0A       		.uleb128 0xa
 390 02b1 FB000000 		.4byte	.LASF52
 391 02b5 06       		.byte	0x6
 392 02b6 AD01     		.2byte	0x1ad
 393 02b8 21       		.byte	0x21
 394 02b9 53010000 		.4byte	0x153
 395 02bd 3C       		.byte	0x3c
 396 02be 09       		.uleb128 0x9
 397 02bf 64626700 		.ascii	"dbg\000"
 398 02c3 06       		.byte	0x6
 399 02c4 B101     		.2byte	0x1b1
ARM GAS  C:\Users\nello\AppData\Local\Temp\cc46pQ2n.s 			page 8


 400 02c6 21       		.byte	0x21
 401 02c7 32030000 		.4byte	0x332
 402 02cb AC       		.byte	0xac
 403 02cc 00       		.byte	0
 404 02cd 03       		.uleb128 0x3
 405 02ce 02050000 		.4byte	.LASF53
 406 02d2 07       		.byte	0x7
 407 02d3 3F       		.byte	0x3f
 408 02d4 12       		.byte	0x12
 409 02d5 BE000000 		.4byte	0xbe
 410 02d9 06       		.uleb128 0x6
 411 02da 00020000 		.4byte	.LASF54
 412 02de 04       		.byte	0x4
 413 02df 07       		.byte	0x7
 414 02e0 44       		.byte	0x44
 415 02e1 10       		.byte	0x10
 416 02e2 F4020000 		.4byte	0x2f4
 417 02e6 08       		.uleb128 0x8
 418 02e7 8E020000 		.4byte	.LASF55
 419 02eb 07       		.byte	0x7
 420 02ec 48       		.byte	0x48
 421 02ed 21       		.byte	0x21
 422 02ee CD020000 		.4byte	0x2cd
 423 02f2 00       		.byte	0
 424 02f3 00       		.byte	0
 425 02f4 03       		.uleb128 0x3
 426 02f5 5E060000 		.4byte	.LASF56
 427 02f9 07       		.byte	0x7
 428 02fa 49       		.byte	0x49
 429 02fb 03       		.byte	0x3
 430 02fc D9020000 		.4byte	0x2d9
 431 0300 06       		.uleb128 0x6
 432 0301 F9050000 		.4byte	.LASF57
 433 0305 04       		.byte	0x4
 434 0306 08       		.byte	0x8
 435 0307 3E       		.byte	0x3e
 436 0308 10       		.byte	0x10
 437 0309 1B030000 		.4byte	0x31b
 438 030d 08       		.uleb128 0x8
 439 030e A6070000 		.4byte	.LASF58
 440 0312 08       		.byte	0x8
 441 0313 46       		.byte	0x46
 442 0314 24       		.byte	0x24
 443 0315 21030000 		.4byte	0x321
 444 0319 00       		.byte	0
 445 031a 00       		.byte	0
 446 031b 0C       		.uleb128 0xc
 447 031c 04       		.byte	0x4
 448 031d 2D030000 		.4byte	0x32d
 449 0321 05       		.uleb128 0x5
 450 0322 1B030000 		.4byte	0x31b
 451 0326 04       		.uleb128 0x4
 452 0327 01       		.byte	0x1
 453 0328 08       		.byte	0x8
 454 0329 32070000 		.4byte	.LASF59
 455 032d 0D       		.uleb128 0xd
 456 032e 26030000 		.4byte	0x326
ARM GAS  C:\Users\nello\AppData\Local\Temp\cc46pQ2n.s 			page 9


 457 0332 03       		.uleb128 0x3
 458 0333 61000000 		.4byte	.LASF60
 459 0337 08       		.byte	0x8
 460 0338 51       		.byte	0x51
 461 0339 03       		.byte	0x3
 462 033a 00030000 		.4byte	0x300
 463 033e 03       		.uleb128 0x3
 464 033f 79070000 		.4byte	.LASF61
 465 0343 09       		.byte	0x9
 466 0344 6D       		.byte	0x6d
 467 0345 12       		.byte	0x12
 468 0346 BE000000 		.4byte	0xbe
 469 034a 03       		.uleb128 0x3
 470 034b 08020000 		.4byte	.LASF62
 471 034f 09       		.byte	0x9
 472 0350 79       		.byte	0x79
 473 0351 12       		.byte	0x12
 474 0352 BE000000 		.4byte	0xbe
 475 0356 03       		.uleb128 0x3
 476 0357 4A050000 		.4byte	.LASF63
 477 035b 0A       		.byte	0xa
 478 035c 32       		.byte	0x32
 479 035d 18       		.byte	0x18
 480 035e 62030000 		.4byte	0x362
 481 0362 06       		.uleb128 0x6
 482 0363 67040000 		.4byte	.LASF64
 483 0367 04       		.byte	0x4
 484 0368 0A       		.byte	0xa
 485 0369 38       		.byte	0x38
 486 036a 08       		.byte	0x8
 487 036b 7D030000 		.4byte	0x37d
 488 036f 08       		.uleb128 0x8
 489 0370 24010000 		.4byte	.LASF65
 490 0374 0A       		.byte	0xa
 491 0375 39       		.byte	0x39
 492 0376 1A       		.byte	0x1a
 493 0377 7D030000 		.4byte	0x37d
 494 037b 00       		.byte	0
 495 037c 00       		.byte	0
 496 037d 0C       		.uleb128 0xc
 497 037e 04       		.byte	0x4
 498 037f 56030000 		.4byte	0x356
 499 0383 03       		.uleb128 0x3
 500 0384 0A030000 		.4byte	.LASF66
 501 0388 0A       		.byte	0xa
 502 0389 3F       		.byte	0x3f
 503 038a 19       		.byte	0x19
 504 038b 94030000 		.4byte	0x394
 505 038f 0D       		.uleb128 0xd
 506 0390 83030000 		.4byte	0x383
 507 0394 06       		.uleb128 0x6
 508 0395 16020000 		.4byte	.LASF67
 509 0399 08       		.byte	0x8
 510 039a 0A       		.byte	0xa
 511 039b 45       		.byte	0x45
 512 039c 08       		.byte	0x8
 513 039d BC030000 		.4byte	0x3bc
ARM GAS  C:\Users\nello\AppData\Local\Temp\cc46pQ2n.s 			page 10


 514 03a1 08       		.uleb128 0x8
 515 03a2 24010000 		.4byte	.LASF65
 516 03a6 0A       		.byte	0xa
 517 03a7 46       		.byte	0x46
 518 03a8 1A       		.byte	0x1a
 519 03a9 BC030000 		.4byte	0x3bc
 520 03ad 00       		.byte	0
 521 03ae 08       		.uleb128 0x8
 522 03af 50000000 		.4byte	.LASF68
 523 03b3 0A       		.byte	0xa
 524 03b4 47       		.byte	0x47
 525 03b5 1A       		.byte	0x1a
 526 03b6 BC030000 		.4byte	0x3bc
 527 03ba 04       		.byte	0x4
 528 03bb 00       		.byte	0
 529 03bc 0C       		.uleb128 0xc
 530 03bd 04       		.byte	0x4
 531 03be 83030000 		.4byte	0x383
 532 03c2 03       		.uleb128 0x3
 533 03c3 B5000000 		.4byte	.LASF69
 534 03c7 0A       		.byte	0xa
 535 03c8 4E       		.byte	0x4e
 536 03c9 22       		.byte	0x22
 537 03ca CE030000 		.4byte	0x3ce
 538 03ce 06       		.uleb128 0x6
 539 03cf 09080000 		.4byte	.LASF70
 540 03d3 0C       		.byte	0xc
 541 03d4 0A       		.byte	0xa
 542 03d5 55       		.byte	0x55
 543 03d6 08       		.byte	0x8
 544 03d7 03040000 		.4byte	0x403
 545 03db 08       		.uleb128 0x8
 546 03dc 24010000 		.4byte	.LASF65
 547 03e0 0A       		.byte	0xa
 548 03e1 56       		.byte	0x56
 549 03e2 1A       		.byte	0x1a
 550 03e3 03040000 		.4byte	0x403
 551 03e7 00       		.byte	0
 552 03e8 08       		.uleb128 0x8
 553 03e9 50000000 		.4byte	.LASF68
 554 03ed 0A       		.byte	0xa
 555 03ee 57       		.byte	0x57
 556 03ef 1A       		.byte	0x1a
 557 03f0 03040000 		.4byte	0x403
 558 03f4 04       		.byte	0x4
 559 03f5 08       		.uleb128 0x8
 560 03f6 93050000 		.4byte	.LASF71
 561 03fa 0A       		.byte	0xa
 562 03fb 58       		.byte	0x58
 563 03fc 19       		.byte	0x19
 564 03fd 17010000 		.4byte	0x117
 565 0401 08       		.byte	0x8
 566 0402 00       		.byte	0
 567 0403 0C       		.uleb128 0xc
 568 0404 04       		.byte	0x4
 569 0405 C2030000 		.4byte	0x3c2
 570 0409 03       		.uleb128 0x3
ARM GAS  C:\Users\nello\AppData\Local\Temp\cc46pQ2n.s 			page 11


 571 040a 4A020000 		.4byte	.LASF72
 572 040e 0A       		.byte	0xa
 573 040f 5F       		.byte	0x5f
 574 0410 1E       		.byte	0x1e
 575 0411 15040000 		.4byte	0x415
 576 0415 06       		.uleb128 0x6
 577 0416 87010000 		.4byte	.LASF73
 578 041a 0C       		.byte	0xc
 579 041b 0A       		.byte	0xa
 580 041c 64       		.byte	0x64
 581 041d 08       		.byte	0x8
 582 041e 4A040000 		.4byte	0x44a
 583 0422 08       		.uleb128 0x8
 584 0423 24010000 		.4byte	.LASF65
 585 0427 0A       		.byte	0xa
 586 0428 65       		.byte	0x65
 587 0429 1A       		.byte	0x1a
 588 042a 4A040000 		.4byte	0x44a
 589 042e 00       		.byte	0
 590 042f 08       		.uleb128 0x8
 591 0430 50000000 		.4byte	.LASF68
 592 0434 0A       		.byte	0xa
 593 0435 66       		.byte	0x66
 594 0436 1A       		.byte	0x1a
 595 0437 4A040000 		.4byte	0x44a
 596 043b 04       		.byte	0x4
 597 043c 08       		.uleb128 0x8
 598 043d 19000000 		.4byte	.LASF74
 599 0441 0A       		.byte	0xa
 600 0442 67       		.byte	0x67
 601 0443 19       		.byte	0x19
 602 0444 4A030000 		.4byte	0x34a
 603 0448 08       		.byte	0x8
 604 0449 00       		.byte	0
 605 044a 0C       		.uleb128 0xc
 606 044b 04       		.byte	0x4
 607 044c 09040000 		.4byte	0x409
 608 0450 0B       		.uleb128 0xb
 609 0451 82050000 		.4byte	.LASF75
 610 0455 20       		.byte	0x20
 611 0456 0B       		.byte	0xb
 612 0457 9301     		.2byte	0x193
 613 0459 08       		.byte	0x8
 614 045a CA040000 		.4byte	0x4ca
 615 045e 09       		.uleb128 0x9
 616 045f 723000   		.ascii	"r0\000"
 617 0462 0B       		.byte	0xb
 618 0463 9401     		.2byte	0x194
 619 0465 19       		.byte	0x19
 620 0466 BE000000 		.4byte	0xbe
 621 046a 00       		.byte	0
 622 046b 09       		.uleb128 0x9
 623 046c 723100   		.ascii	"r1\000"
 624 046f 0B       		.byte	0xb
 625 0470 9501     		.2byte	0x195
 626 0472 19       		.byte	0x19
 627 0473 BE000000 		.4byte	0xbe
ARM GAS  C:\Users\nello\AppData\Local\Temp\cc46pQ2n.s 			page 12


 628 0477 04       		.byte	0x4
 629 0478 09       		.uleb128 0x9
 630 0479 723200   		.ascii	"r2\000"
 631 047c 0B       		.byte	0xb
 632 047d 9601     		.2byte	0x196
 633 047f 19       		.byte	0x19
 634 0480 BE000000 		.4byte	0xbe
 635 0484 08       		.byte	0x8
 636 0485 09       		.uleb128 0x9
 637 0486 723300   		.ascii	"r3\000"
 638 0489 0B       		.byte	0xb
 639 048a 9701     		.2byte	0x197
 640 048c 19       		.byte	0x19
 641 048d BE000000 		.4byte	0xbe
 642 0491 0C       		.byte	0xc
 643 0492 09       		.uleb128 0x9
 644 0493 72313200 		.ascii	"r12\000"
 645 0497 0B       		.byte	0xb
 646 0498 9801     		.2byte	0x198
 647 049a 19       		.byte	0x19
 648 049b BE000000 		.4byte	0xbe
 649 049f 10       		.byte	0x10
 650 04a0 0A       		.uleb128 0xa
 651 04a1 EF020000 		.4byte	.LASF76
 652 04a5 0B       		.byte	0xb
 653 04a6 9901     		.2byte	0x199
 654 04a8 19       		.byte	0x19
 655 04a9 BE000000 		.4byte	0xbe
 656 04ad 14       		.byte	0x14
 657 04ae 09       		.uleb128 0x9
 658 04af 706300   		.ascii	"pc\000"
 659 04b2 0B       		.byte	0xb
 660 04b3 9A01     		.2byte	0x19a
 661 04b5 19       		.byte	0x19
 662 04b6 BE000000 		.4byte	0xbe
 663 04ba 18       		.byte	0x18
 664 04bb 0A       		.uleb128 0xa
 665 04bc 9C060000 		.4byte	.LASF77
 666 04c0 0B       		.byte	0xb
 667 04c1 9B01     		.2byte	0x19b
 668 04c3 19       		.byte	0x19
 669 04c4 BE000000 		.4byte	0xbe
 670 04c8 1C       		.byte	0x1c
 671 04c9 00       		.byte	0
 672 04ca 0B       		.uleb128 0xb
 673 04cb 55000000 		.4byte	.LASF78
 674 04cf 28       		.byte	0x28
 675 04d0 0B       		.byte	0xb
 676 04d1 B701     		.2byte	0x1b7
 677 04d3 08       		.byte	0x8
 678 04d4 5F050000 		.4byte	0x55f
 679 04d8 0A       		.uleb128 0xa
 680 04d9 13040000 		.4byte	.LASF79
 681 04dd 0B       		.byte	0xb
 682 04de B801     		.2byte	0x1b8
 683 04e0 19       		.byte	0x19
 684 04e1 BE000000 		.4byte	0xbe
ARM GAS  C:\Users\nello\AppData\Local\Temp\cc46pQ2n.s 			page 13


 685 04e5 00       		.byte	0
 686 04e6 09       		.uleb128 0x9
 687 04e7 723400   		.ascii	"r4\000"
 688 04ea 0B       		.byte	0xb
 689 04eb B901     		.2byte	0x1b9
 690 04ed 19       		.byte	0x19
 691 04ee BE000000 		.4byte	0xbe
 692 04f2 04       		.byte	0x4
 693 04f3 09       		.uleb128 0x9
 694 04f4 723500   		.ascii	"r5\000"
 695 04f7 0B       		.byte	0xb
 696 04f8 BA01     		.2byte	0x1ba
 697 04fa 19       		.byte	0x19
 698 04fb BE000000 		.4byte	0xbe
 699 04ff 08       		.byte	0x8
 700 0500 09       		.uleb128 0x9
 701 0501 723600   		.ascii	"r6\000"
 702 0504 0B       		.byte	0xb
 703 0505 BB01     		.2byte	0x1bb
 704 0507 19       		.byte	0x19
 705 0508 BE000000 		.4byte	0xbe
 706 050c 0C       		.byte	0xc
 707 050d 09       		.uleb128 0x9
 708 050e 723700   		.ascii	"r7\000"
 709 0511 0B       		.byte	0xb
 710 0512 BC01     		.2byte	0x1bc
 711 0514 19       		.byte	0x19
 712 0515 BE000000 		.4byte	0xbe
 713 0519 10       		.byte	0x10
 714 051a 09       		.uleb128 0x9
 715 051b 723800   		.ascii	"r8\000"
 716 051e 0B       		.byte	0xb
 717 051f BD01     		.2byte	0x1bd
 718 0521 19       		.byte	0x19
 719 0522 BE000000 		.4byte	0xbe
 720 0526 14       		.byte	0x14
 721 0527 09       		.uleb128 0x9
 722 0528 723900   		.ascii	"r9\000"
 723 052b 0B       		.byte	0xb
 724 052c BE01     		.2byte	0x1be
 725 052e 19       		.byte	0x19
 726 052f BE000000 		.4byte	0xbe
 727 0533 18       		.byte	0x18
 728 0534 09       		.uleb128 0x9
 729 0535 72313000 		.ascii	"r10\000"
 730 0539 0B       		.byte	0xb
 731 053a BF01     		.2byte	0x1bf
 732 053c 19       		.byte	0x19
 733 053d BE000000 		.4byte	0xbe
 734 0541 1C       		.byte	0x1c
 735 0542 09       		.uleb128 0x9
 736 0543 72313100 		.ascii	"r11\000"
 737 0547 0B       		.byte	0xb
 738 0548 C001     		.2byte	0x1c0
 739 054a 19       		.byte	0x19
 740 054b BE000000 		.4byte	0xbe
 741 054f 20       		.byte	0x20
ARM GAS  C:\Users\nello\AppData\Local\Temp\cc46pQ2n.s 			page 14


 742 0550 0A       		.uleb128 0xa
 743 0551 9D040000 		.4byte	.LASF80
 744 0555 0B       		.byte	0xb
 745 0556 C401     		.2byte	0x1c4
 746 0558 19       		.byte	0x19
 747 0559 BE000000 		.4byte	0xbe
 748 055d 24       		.byte	0x24
 749 055e 00       		.byte	0
 750 055f 0B       		.uleb128 0xb
 751 0560 C9000000 		.4byte	.LASF81
 752 0564 2C       		.byte	0x2c
 753 0565 0B       		.byte	0xb
 754 0566 DF01     		.2byte	0x1df
 755 0568 08       		.byte	0x8
 756 0569 89050000 		.4byte	0x589
 757 056d 09       		.uleb128 0x9
 758 056e 737000   		.ascii	"sp\000"
 759 0571 0B       		.byte	0xb
 760 0572 E001     		.2byte	0x1e0
 761 0574 1A       		.byte	0x1a
 762 0575 89050000 		.4byte	0x589
 763 0579 00       		.byte	0
 764 057a 0A       		.uleb128 0xa
 765 057b 14070000 		.4byte	.LASF82
 766 057f 0B       		.byte	0xb
 767 0580 E101     		.2byte	0x1e1
 768 0582 19       		.byte	0x19
 769 0583 CA040000 		.4byte	0x4ca
 770 0587 04       		.byte	0x4
 771 0588 00       		.byte	0
 772 0589 0C       		.uleb128 0xc
 773 058a 04       		.byte	0x4
 774 058b 50040000 		.4byte	0x450
 775 058f 0C       		.uleb128 0xc
 776 0590 04       		.byte	0x4
 777 0591 E7000000 		.4byte	0xe7
 778 0595 0E       		.uleb128 0xe
 779 0596 04       		.byte	0x4
 780 0597 06       		.uleb128 0x6
 781 0598 21050000 		.4byte	.LASF83
 782 059c 18       		.byte	0x18
 783 059d 06       		.byte	0x6
 784 059e 64       		.byte	0x64
 785 059f 10       		.byte	0x10
 786 05a0 CC050000 		.4byte	0x5cc
 787 05a4 08       		.uleb128 0x8
 788 05a5 73070000 		.4byte	.LASF84
 789 05a9 06       		.byte	0x6
 790 05aa 68       		.byte	0x68
 791 05ab 21       		.byte	0x21
 792 05ac 09040000 		.4byte	0x409
 793 05b0 00       		.byte	0
 794 05b1 08       		.uleb128 0x8
 795 05b2 7E060000 		.4byte	.LASF85
 796 05b6 06       		.byte	0x6
 797 05b7 73       		.byte	0x73
 798 05b8 21       		.byte	0x21
ARM GAS  C:\Users\nello\AppData\Local\Temp\cc46pQ2n.s 			page 15


 799 05b9 3E030000 		.4byte	0x33e
 800 05bd 0C       		.byte	0xc
 801 05be 08       		.uleb128 0x8
 802 05bf DA040000 		.4byte	.LASF86
 803 05c3 06       		.byte	0x6
 804 05c4 79       		.byte	0x79
 805 05c5 21       		.byte	0x21
 806 05c6 D6000000 		.4byte	0xd6
 807 05ca 10       		.byte	0x10
 808 05cb 00       		.byte	0
 809 05cc 03       		.uleb128 0x3
 810 05cd 0E010000 		.4byte	.LASF87
 811 05d1 06       		.byte	0x6
 812 05d2 7B       		.byte	0x7b
 813 05d3 03       		.byte	0x3
 814 05d4 97050000 		.4byte	0x597
 815 05d8 06       		.uleb128 0x6
 816 05d9 6C020000 		.4byte	.LASF88
 817 05dd 08       		.byte	0x8
 818 05de 06       		.byte	0x6
 819 05df 80       		.byte	0x80
 820 05e0 10       		.byte	0x10
 821 05e1 F3050000 		.4byte	0x5f3
 822 05e5 08       		.uleb128 0x8
 823 05e6 2F020000 		.4byte	.LASF89
 824 05ea 06       		.byte	0x6
 825 05eb 84       		.byte	0x84
 826 05ec 21       		.byte	0x21
 827 05ed 83030000 		.4byte	0x383
 828 05f1 00       		.byte	0
 829 05f2 00       		.byte	0
 830 05f3 03       		.uleb128 0x3
 831 05f4 E7060000 		.4byte	.LASF90
 832 05f8 06       		.byte	0x6
 833 05f9 85       		.byte	0x85
 834 05fa 03       		.byte	0x3
 835 05fb D8050000 		.4byte	0x5d8
 836 05ff 03       		.uleb128 0x3
 837 0600 0E050000 		.4byte	.LASF91
 838 0604 06       		.byte	0x6
 839 0605 8A       		.byte	0x8a
 840 0606 14       		.byte	0x14
 841 0607 0B060000 		.4byte	0x60b
 842 060b 0C       		.uleb128 0xc
 843 060c 04       		.byte	0x4
 844 060d 53010000 		.4byte	0x153
 845 0611 06       		.uleb128 0x6
 846 0612 29010000 		.4byte	.LASF92
 847 0616 08       		.byte	0x8
 848 0617 06       		.byte	0x6
 849 0618 8F       		.byte	0x8f
 850 0619 10       		.byte	0x10
 851 061a 2C060000 		.4byte	0x62c
 852 061e 08       		.uleb128 0x8
 853 061f 2F020000 		.4byte	.LASF89
 854 0623 06       		.byte	0x6
 855 0624 93       		.byte	0x93
ARM GAS  C:\Users\nello\AppData\Local\Temp\cc46pQ2n.s 			page 16


 856 0625 21       		.byte	0x21
 857 0626 83030000 		.4byte	0x383
 858 062a 00       		.byte	0
 859 062b 00       		.byte	0
 860 062c 03       		.uleb128 0x3
 861 062d 73080000 		.4byte	.LASF93
 862 0631 06       		.byte	0x6
 863 0632 94       		.byte	0x94
 864 0633 03       		.byte	0x3
 865 0634 11060000 		.4byte	0x611
 866 0638 0F       		.uleb128 0xf
 867 0639 0C       		.byte	0xc
 868 063a 06       		.byte	0x6
 869 063b A0       		.byte	0xa0
 870 063c 03       		.byte	0x3
 871 063d 66060000 		.4byte	0x666
 872 0641 10       		.uleb128 0x10
 873 0642 D2080000 		.4byte	.LASF94
 874 0646 06       		.byte	0x6
 875 0647 A4       		.byte	0xa4
 876 0648 21       		.byte	0x21
 877 0649 56030000 		.4byte	0x356
 878 064d 10       		.uleb128 0x10
 879 064e 2F020000 		.4byte	.LASF89
 880 0652 06       		.byte	0x6
 881 0653 A8       		.byte	0xa8
 882 0654 21       		.byte	0x21
 883 0655 83030000 		.4byte	0x383
 884 0659 10       		.uleb128 0x10
 885 065a B0070000 		.4byte	.LASF95
 886 065e 06       		.byte	0x6
 887 065f AC       		.byte	0xac
 888 0660 21       		.byte	0x21
 889 0661 C2030000 		.4byte	0x3c2
 890 0665 00       		.byte	0
 891 0666 0F       		.uleb128 0xf
 892 0667 04       		.byte	0x4
 893 0668 06       		.byte	0x6
 894 0669 EB       		.byte	0xeb
 895 066a 03       		.byte	0x3
 896 066b D6060000 		.4byte	0x6d6
 897 066f 10       		.uleb128 0x10
 898 0670 1F000000 		.4byte	.LASF96
 899 0674 06       		.byte	0x6
 900 0675 F2       		.byte	0xf2
 901 0676 21       		.byte	0x21
 902 0677 23010000 		.4byte	0x123
 903 067b 10       		.uleb128 0x10
 904 067c F2000000 		.4byte	.LASF97
 905 0680 06       		.byte	0x6
 906 0681 F9       		.byte	0xf9
 907 0682 21       		.byte	0x21
 908 0683 23010000 		.4byte	0x123
 909 0687 11       		.uleb128 0x11
 910 0688 B9080000 		.4byte	.LASF98
 911 068c 06       		.byte	0x6
 912 068d 0001     		.2byte	0x100
ARM GAS  C:\Users\nello\AppData\Local\Temp\cc46pQ2n.s 			page 17


 913 068f 22       		.byte	0x22
 914 0690 95050000 		.4byte	0x595
 915 0694 11       		.uleb128 0x11
 916 0695 FD020000 		.4byte	.LASF99
 917 0699 06       		.byte	0x6
 918 069a 0701     		.2byte	0x107
 919 069c 22       		.byte	0x22
 920 069d D6060000 		.4byte	0x6d6
 921 06a1 11       		.uleb128 0x11
 922 06a2 06010000 		.4byte	.LASF100
 923 06a6 06       		.byte	0x6
 924 06a7 0C01     		.2byte	0x10c
 925 06a9 21       		.byte	0x21
 926 06aa 23010000 		.4byte	0x123
 927 06ae 11       		.uleb128 0x11
 928 06af F6020000 		.4byte	.LASF101
 929 06b3 06       		.byte	0x6
 930 06b4 1501     		.2byte	0x115
 931 06b6 22       		.byte	0x22
 932 06b7 04070000 		.4byte	0x704
 933 06bb 11       		.uleb128 0x11
 934 06bc FB060000 		.4byte	.LASF102
 935 06c0 06       		.byte	0x6
 936 06c1 1E01     		.2byte	0x11e
 937 06c3 22       		.byte	0x22
 938 06c4 3F070000 		.4byte	0x73f
 939 06c8 11       		.uleb128 0x11
 940 06c9 B3060000 		.4byte	.LASF103
 941 06cd 06       		.byte	0x6
 942 06ce 2601     		.2byte	0x126
 943 06d0 21       		.byte	0x21
 944 06d1 2F010000 		.4byte	0x12f
 945 06d5 00       		.byte	0
 946 06d6 0C       		.uleb128 0xc
 947 06d7 04       		.byte	0x4
 948 06d8 FF050000 		.4byte	0x5ff
 949 06dc 06       		.uleb128 0x6
 950 06dd DA060000 		.4byte	.LASF104
 951 06e1 0C       		.byte	0xc
 952 06e2 0C       		.byte	0xc
 953 06e3 34       		.byte	0x34
 954 06e4 10       		.byte	0x10
 955 06e5 04070000 		.4byte	0x704
 956 06e9 08       		.uleb128 0x8
 957 06ea 2F020000 		.4byte	.LASF89
 958 06ee 0C       		.byte	0xc
 959 06ef 35       		.byte	0x35
 960 06f0 19       		.byte	0x19
 961 06f1 83030000 		.4byte	0x383
 962 06f5 00       		.byte	0
 963 06f6 07       		.uleb128 0x7
 964 06f7 636E7400 		.ascii	"cnt\000"
 965 06fb 0C       		.byte	0xc
 966 06fc 37       		.byte	0x37
 967 06fd 19       		.byte	0x19
 968 06fe 3B010000 		.4byte	0x13b
 969 0702 08       		.byte	0x8
ARM GAS  C:\Users\nello\AppData\Local\Temp\cc46pQ2n.s 			page 18


 970 0703 00       		.byte	0
 971 0704 0C       		.uleb128 0xc
 972 0705 04       		.byte	0x4
 973 0706 DC060000 		.4byte	0x6dc
 974 070a 06       		.uleb128 0x6
 975 070b 83080000 		.4byte	.LASF105
 976 070f 10       		.byte	0x10
 977 0710 0D       		.byte	0xd
 978 0711 39       		.byte	0x39
 979 0712 08       		.byte	0x8
 980 0713 3F070000 		.4byte	0x73f
 981 0717 08       		.uleb128 0x8
 982 0718 2F020000 		.4byte	.LASF89
 983 071c 0D       		.byte	0xd
 984 071d 3A       		.byte	0x3a
 985 071e 19       		.byte	0x19
 986 071f 83030000 		.4byte	0x383
 987 0723 00       		.byte	0
 988 0724 08       		.uleb128 0x8
 989 0725 0E070000 		.4byte	.LASF31
 990 0729 0D       		.byte	0xd
 991 072a 3C       		.byte	0x3c
 992 072b 1A       		.byte	0x1a
 993 072c 0B060000 		.4byte	0x60b
 994 0730 08       		.byte	0x8
 995 0731 08       		.uleb128 0x8
 996 0732 24010000 		.4byte	.LASF65
 997 0736 0D       		.byte	0xd
 998 0737 3E       		.byte	0x3e
 999 0738 1A       		.byte	0x1a
 1000 0739 8F080000 		.4byte	0x88f
 1001 073d 0C       		.byte	0xc
 1002 073e 00       		.byte	0
 1003 073f 0C       		.uleb128 0xc
 1004 0740 04       		.byte	0x4
 1005 0741 0A070000 		.4byte	0x70a
 1006 0745 0C       		.uleb128 0xc
 1007 0746 04       		.byte	0x4
 1008 0747 42020000 		.4byte	0x242
 1009 074b 0B       		.uleb128 0xb
 1010 074c 6F040000 		.4byte	.LASF106
 1011 0750 10       		.byte	0x10
 1012 0751 06       		.byte	0x6
 1013 0752 5C01     		.2byte	0x15c
 1014 0754 10       		.byte	0x10
 1015 0755 76070000 		.4byte	0x776
 1016 0759 0A       		.uleb128 0xa
 1017 075a B0070000 		.4byte	.LASF95
 1018 075e 06       		.byte	0x6
 1019 075f 6101     		.2byte	0x161
 1020 0761 21       		.byte	0x21
 1021 0762 C2030000 		.4byte	0x3c2
 1022 0766 00       		.byte	0
 1023 0767 0A       		.uleb128 0xa
 1024 0768 56080000 		.4byte	.LASF107
 1025 076c 06       		.byte	0x6
 1026 076d 6501     		.2byte	0x165
ARM GAS  C:\Users\nello\AppData\Local\Temp\cc46pQ2n.s 			page 19


 1027 076f 22       		.byte	0x22
 1028 0770 0B060000 		.4byte	0x60b
 1029 0774 0C       		.byte	0xc
 1030 0775 00       		.byte	0
 1031 0776 12       		.uleb128 0x12
 1032 0777 00000000 		.4byte	.LASF108
 1033 077b 06       		.byte	0x6
 1034 077c 6601     		.2byte	0x166
 1035 077e 03       		.byte	0x3
 1036 077f 4B070000 		.4byte	0x74b
 1037 0783 0B       		.uleb128 0xb
 1038 0784 66050000 		.4byte	.LASF109
 1039 0788 14       		.byte	0x14
 1040 0789 06       		.byte	0x6
 1041 078a 6B01     		.2byte	0x16b
 1042 078c 10       		.byte	0x10
 1043 078d D8070000 		.4byte	0x7d8
 1044 0791 0A       		.uleb128 0xa
 1045 0792 3E030000 		.4byte	.LASF32
 1046 0796 06       		.byte	0x6
 1047 0797 6F01     		.2byte	0x16f
 1048 0799 22       		.byte	0x22
 1049 079a 1B030000 		.4byte	0x31b
 1050 079e 00       		.byte	0
 1051 079f 0A       		.uleb128 0xa
 1052 07a0 A0020000 		.4byte	.LASF110
 1053 07a4 06       		.byte	0x6
 1054 07a5 7501     		.2byte	0x175
 1055 07a7 22       		.byte	0x22
 1056 07a8 8F050000 		.4byte	0x58f
 1057 07ac 04       		.byte	0x4
 1058 07ad 0A       		.uleb128 0xa
 1059 07ae 47080000 		.4byte	.LASF111
 1060 07b2 06       		.byte	0x6
 1061 07b3 7901     		.2byte	0x179
 1062 07b5 22       		.byte	0x22
 1063 07b6 8F050000 		.4byte	0x58f
 1064 07ba 08       		.byte	0x8
 1065 07bb 0A       		.uleb128 0xa
 1066 07bc CA040000 		.4byte	.LASF112
 1067 07c0 06       		.byte	0x6
 1068 07c1 7F01     		.2byte	0x17f
 1069 07c3 22       		.byte	0x22
 1070 07c4 8F050000 		.4byte	0x58f
 1071 07c8 0C       		.byte	0xc
 1072 07c9 0A       		.uleb128 0xa
 1073 07ca 65060000 		.4byte	.LASF113
 1074 07ce 06       		.byte	0x6
 1075 07cf 8301     		.2byte	0x183
 1076 07d1 22       		.byte	0x22
 1077 07d2 8F050000 		.4byte	0x58f
 1078 07d6 10       		.byte	0x10
 1079 07d7 00       		.byte	0
 1080 07d8 12       		.uleb128 0x12
 1081 07d9 5E080000 		.4byte	.LASF114
 1082 07dd 06       		.byte	0x6
 1083 07de 8501     		.2byte	0x185
ARM GAS  C:\Users\nello\AppData\Local\Temp\cc46pQ2n.s 			page 20


 1084 07e0 03       		.byte	0x3
 1085 07e1 83070000 		.4byte	0x783
 1086 07e5 0D       		.uleb128 0xd
 1087 07e6 D8070000 		.4byte	0x7d8
 1088 07ea 0C       		.uleb128 0xc
 1089 07eb 04       		.byte	0x4
 1090 07ec E5070000 		.4byte	0x7e5
 1091 07f0 13       		.uleb128 0x13
 1092 07f1 63683000 		.ascii	"ch0\000"
 1093 07f5 11       		.byte	0x11
 1094 07f6 4101     		.2byte	0x141
 1095 07f8 16       		.byte	0x16
 1096 07f9 42020000 		.4byte	0x242
 1097 07fd 03       		.uleb128 0x3
 1098 07fe 4E070000 		.4byte	.LASF115
 1099 0802 0E       		.byte	0xe
 1100 0803 34       		.byte	0x34
 1101 0804 10       		.byte	0x10
 1102 0805 09080000 		.4byte	0x809
 1103 0809 0C       		.uleb128 0xc
 1104 080a 04       		.byte	0x4
 1105 080b 0F080000 		.4byte	0x80f
 1106 080f 14       		.uleb128 0x14
 1107 0810 1A080000 		.4byte	0x81a
 1108 0814 15       		.uleb128 0x15
 1109 0815 95050000 		.4byte	0x595
 1110 0819 00       		.byte	0
 1111 081a 16       		.uleb128 0x16
 1112 081b 18       		.byte	0x18
 1113 081c 0E       		.byte	0xe
 1114 081d 39       		.byte	0x39
 1115 081e 09       		.byte	0x9
 1116 081f 72080000 		.4byte	0x872
 1117 0823 08       		.uleb128 0x8
 1118 0824 3E030000 		.4byte	.LASF32
 1119 0828 0E       		.byte	0xe
 1120 0829 3D       		.byte	0x3d
 1121 082a 16       		.byte	0x16
 1122 082b 1B030000 		.4byte	0x31b
 1123 082f 00       		.byte	0
 1124 0830 08       		.uleb128 0x8
 1125 0831 7C050000 		.4byte	.LASF116
 1126 0835 0E       		.byte	0xe
 1127 0836 41       		.byte	0x41
 1128 0837 16       		.byte	0x16
 1129 0838 8F050000 		.4byte	0x58f
 1130 083c 04       		.byte	0x4
 1131 083d 08       		.uleb128 0x8
 1132 083e D6000000 		.4byte	.LASF117
 1133 0842 0E       		.byte	0xe
 1134 0843 45       		.byte	0x45
 1135 0844 16       		.byte	0x16
 1136 0845 8F050000 		.4byte	0x58f
 1137 0849 08       		.byte	0x8
 1138 084a 08       		.uleb128 0x8
 1139 084b 93050000 		.4byte	.LASF71
 1140 084f 0E       		.byte	0xe
ARM GAS  C:\Users\nello\AppData\Local\Temp\cc46pQ2n.s 			page 21


 1141 0850 49       		.byte	0x49
 1142 0851 15       		.byte	0x15
 1143 0852 17010000 		.4byte	0x117
 1144 0856 0C       		.byte	0xc
 1145 0857 08       		.uleb128 0x8
 1146 0858 26000000 		.4byte	.LASF118
 1147 085c 0E       		.byte	0xe
 1148 085d 4D       		.byte	0x4d
 1149 085e 15       		.byte	0x15
 1150 085f FD070000 		.4byte	0x7fd
 1151 0863 10       		.byte	0x10
 1152 0864 07       		.uleb128 0x7
 1153 0865 61726700 		.ascii	"arg\000"
 1154 0869 0E       		.byte	0xe
 1155 086a 51       		.byte	0x51
 1156 086b 16       		.byte	0x16
 1157 086c 95050000 		.4byte	0x595
 1158 0870 14       		.byte	0x14
 1159 0871 00       		.byte	0
 1160 0872 03       		.uleb128 0x3
 1161 0873 A1000000 		.4byte	.LASF119
 1162 0877 0E       		.byte	0xe
 1163 0878 58       		.byte	0x58
 1164 0879 03       		.byte	0x3
 1165 087a 1A080000 		.4byte	0x81a
 1166 087e 0D       		.uleb128 0xd
 1167 087f 72080000 		.4byte	0x872
 1168 0883 03       		.uleb128 0x3
 1169 0884 B0020000 		.4byte	.LASF120
 1170 0888 0D       		.byte	0xd
 1171 0889 34       		.byte	0x34
 1172 088a 19       		.byte	0x19
 1173 088b 0A070000 		.4byte	0x70a
 1174 088f 0C       		.uleb128 0xc
 1175 0890 04       		.byte	0x4
 1176 0891 83080000 		.4byte	0x883
 1177 0895 04       		.uleb128 0x4
 1178 0896 01       		.byte	0x1
 1179 0897 02       		.byte	0x2
 1180 0898 09060000 		.4byte	.LASF121
 1181 089c 17       		.uleb128 0x17
 1182 089d 35000000 		.4byte	.LASF122
 1183 08a1 0F       		.byte	0xf
 1184 08a2 8A03     		.2byte	0x38a
 1185 08a4 06       		.byte	0x6
 1186 08a5 C4080000 		.4byte	0x8c4
 1187 08a9 18       		.uleb128 0x18
 1188 08aa 74717000 		.ascii	"tqp\000"
 1189 08ae 0F       		.byte	0xf
 1190 08af 8A03     		.2byte	0x38a
 1191 08b1 28       		.byte	0x28
 1192 08b2 C4080000 		.4byte	0x8c4
 1193 08b6 18       		.uleb128 0x18
 1194 08b7 6D736700 		.ascii	"msg\000"
 1195 08bb 0F       		.byte	0xf
 1196 08bc 8A03     		.2byte	0x38a
 1197 08be 33       		.byte	0x33
ARM GAS  C:\Users\nello\AppData\Local\Temp\cc46pQ2n.s 			page 22


 1198 08bf 23010000 		.4byte	0x123
 1199 08c3 00       		.byte	0
 1200 08c4 0C       		.uleb128 0xc
 1201 08c5 04       		.byte	0x4
 1202 08c6 2C060000 		.4byte	0x62c
 1203 08ca 17       		.uleb128 0x17
 1204 08cb 5A020000 		.4byte	.LASF123
 1205 08cf 0F       		.byte	0xf
 1206 08d0 7B03     		.2byte	0x37b
 1207 08d2 06       		.byte	0x6
 1208 08d3 F2080000 		.4byte	0x8f2
 1209 08d7 18       		.uleb128 0x18
 1210 08d8 74717000 		.ascii	"tqp\000"
 1211 08dc 0F       		.byte	0xf
 1212 08dd 7B03     		.2byte	0x37b
 1213 08df 29       		.byte	0x29
 1214 08e0 C4080000 		.4byte	0x8c4
 1215 08e4 18       		.uleb128 0x18
 1216 08e5 6D736700 		.ascii	"msg\000"
 1217 08e9 0F       		.byte	0xf
 1218 08ea 7B03     		.2byte	0x37b
 1219 08ec 34       		.byte	0x34
 1220 08ed 23010000 		.4byte	0x123
 1221 08f1 00       		.byte	0
 1222 08f2 19       		.uleb128 0x19
 1223 08f3 08090000 		.4byte	.LASF130
 1224 08f7 0F       		.byte	0xf
 1225 08f8 6603     		.2byte	0x366
 1226 08fa 07       		.byte	0x7
 1227 08fb 23010000 		.4byte	0x123
 1228 08ff 2B090000 		.4byte	0x92b
 1229 0903 18       		.uleb128 0x18
 1230 0904 74717000 		.ascii	"tqp\000"
 1231 0908 0F       		.byte	0xf
 1232 0909 6603     		.2byte	0x366
 1233 090b 2D       		.byte	0x2d
 1234 090c C4080000 		.4byte	0x8c4
 1235 0910 1A       		.uleb128 0x1a
 1236 0911 21030000 		.4byte	.LASF124
 1237 0915 0F       		.byte	0xf
 1238 0916 6603     		.2byte	0x366
 1239 0918 40       		.byte	0x40
 1240 0919 4A030000 		.4byte	0x34a
 1241 091d 1B       		.uleb128 0x1b
 1242 091e 25040000 		.4byte	.LASF127
 1243 0922 0F       		.byte	0xf
 1244 0923 6703     		.2byte	0x367
 1245 0925 0D       		.byte	0xd
 1246 0926 0B060000 		.4byte	0x60b
 1247 092a 00       		.byte	0
 1248 092b 17       		.uleb128 0x17
 1249 092c 02070000 		.4byte	.LASF125
 1250 0930 0F       		.byte	0xf
 1251 0931 4803     		.2byte	0x348
 1252 0933 06       		.byte	0x6
 1253 0934 53090000 		.4byte	0x953
 1254 0938 18       		.uleb128 0x18
ARM GAS  C:\Users\nello\AppData\Local\Temp\cc46pQ2n.s 			page 23


 1255 0939 74727000 		.ascii	"trp\000"
 1256 093d 0F       		.byte	0xf
 1257 093e 4803     		.2byte	0x348
 1258 0940 26       		.byte	0x26
 1259 0941 D6060000 		.4byte	0x6d6
 1260 0945 18       		.uleb128 0x18
 1261 0946 6D736700 		.ascii	"msg\000"
 1262 094a 0F       		.byte	0xf
 1263 094b 4803     		.2byte	0x348
 1264 094d 31       		.byte	0x31
 1265 094e 23010000 		.4byte	0x123
 1266 0952 00       		.byte	0
 1267 0953 17       		.uleb128 0x17
 1268 0954 93020000 		.4byte	.LASF126
 1269 0958 0F       		.byte	0xf
 1270 0959 3203     		.2byte	0x332
 1271 095b 06       		.byte	0x6
 1272 095c 92090000 		.4byte	0x992
 1273 0960 18       		.uleb128 0x18
 1274 0961 74727000 		.ascii	"trp\000"
 1275 0965 0F       		.byte	0xf
 1276 0966 3203     		.2byte	0x332
 1277 0968 27       		.byte	0x27
 1278 0969 D6060000 		.4byte	0x6d6
 1279 096d 18       		.uleb128 0x18
 1280 096e 6D736700 		.ascii	"msg\000"
 1281 0972 0F       		.byte	0xf
 1282 0973 3203     		.2byte	0x332
 1283 0975 32       		.byte	0x32
 1284 0976 23010000 		.4byte	0x123
 1285 097a 1C       		.uleb128 0x1c
 1286 097b BA060000 		.4byte	.LASF129
 1287 097f A2090000 		.4byte	0x9a2
 1288 0983 1D       		.uleb128 0x1d
 1289 0984 1E       		.uleb128 0x1e
 1290 0985 747000   		.ascii	"tp\000"
 1291 0988 0F       		.byte	0xf
 1292 0989 3503     		.2byte	0x335
 1293 098b 0F       		.byte	0xf
 1294 098c 0B060000 		.4byte	0x60b
 1295 0990 00       		.byte	0
 1296 0991 00       		.byte	0
 1297 0992 1F       		.uleb128 0x1f
 1298 0993 2D030000 		.4byte	0x32d
 1299 0997 A2090000 		.4byte	0x9a2
 1300 099b 20       		.uleb128 0x20
 1301 099c 30000000 		.4byte	0x30
 1302 09a0 0C       		.byte	0xc
 1303 09a1 00       		.byte	0
 1304 09a2 0D       		.uleb128 0xd
 1305 09a3 92090000 		.4byte	0x992
 1306 09a7 17       		.uleb128 0x17
 1307 09a8 81020000 		.4byte	.LASF128
 1308 09ac 0F       		.byte	0xf
 1309 09ad 1B03     		.2byte	0x31b
 1310 09af 06       		.byte	0x6
 1311 09b0 E6090000 		.4byte	0x9e6
ARM GAS  C:\Users\nello\AppData\Local\Temp\cc46pQ2n.s 			page 24


 1312 09b4 18       		.uleb128 0x18
 1313 09b5 74727000 		.ascii	"trp\000"
 1314 09b9 0F       		.byte	0xf
 1315 09ba 1B03     		.2byte	0x31b
 1316 09bc 27       		.byte	0x27
 1317 09bd D6060000 		.4byte	0x6d6
 1318 09c1 18       		.uleb128 0x18
 1319 09c2 6D736700 		.ascii	"msg\000"
 1320 09c6 0F       		.byte	0xf
 1321 09c7 1B03     		.2byte	0x31b
 1322 09c9 32       		.byte	0x32
 1323 09ca 23010000 		.4byte	0x123
 1324 09ce 1C       		.uleb128 0x1c
 1325 09cf BA060000 		.4byte	.LASF129
 1326 09d3 A2090000 		.4byte	0x9a2
 1327 09d7 1D       		.uleb128 0x1d
 1328 09d8 1E       		.uleb128 0x1e
 1329 09d9 747000   		.ascii	"tp\000"
 1330 09dc 0F       		.byte	0xf
 1331 09dd 1E03     		.2byte	0x31e
 1332 09df 0F       		.byte	0xf
 1333 09e0 0B060000 		.4byte	0x60b
 1334 09e4 00       		.byte	0
 1335 09e5 00       		.byte	0
 1336 09e6 19       		.uleb128 0x19
 1337 09e7 ED040000 		.4byte	.LASF131
 1338 09eb 0F       		.byte	0xf
 1339 09ec 0203     		.2byte	0x302
 1340 09ee 07       		.byte	0x7
 1341 09ef 23010000 		.4byte	0x123
 1342 09f3 270A0000 		.4byte	0xa27
 1343 09f7 18       		.uleb128 0x18
 1344 09f8 74727000 		.ascii	"trp\000"
 1345 09fc 0F       		.byte	0xf
 1346 09fd 0203     		.2byte	0x302
 1347 09ff 30       		.byte	0x30
 1348 0a00 D6060000 		.4byte	0x6d6
 1349 0a04 1A       		.uleb128 0x1a
 1350 0a05 21030000 		.4byte	.LASF124
 1351 0a09 0F       		.byte	0xf
 1352 0a0a 0203     		.2byte	0x302
 1353 0a0c 43       		.byte	0x43
 1354 0a0d 4A030000 		.4byte	0x34a
 1355 0a11 1E       		.uleb128 0x1e
 1356 0a12 747000   		.ascii	"tp\000"
 1357 0a15 0F       		.byte	0xf
 1358 0a16 0303     		.2byte	0x303
 1359 0a18 0D       		.byte	0xd
 1360 0a19 0B060000 		.4byte	0x60b
 1361 0a1d 1C       		.uleb128 0x1c
 1362 0a1e BA060000 		.4byte	.LASF129
 1363 0a22 370A0000 		.4byte	0xa37
 1364 0a26 00       		.byte	0
 1365 0a27 1F       		.uleb128 0x1f
 1366 0a28 2D030000 		.4byte	0x32d
 1367 0a2c 370A0000 		.4byte	0xa37
 1368 0a30 20       		.uleb128 0x20
ARM GAS  C:\Users\nello\AppData\Local\Temp\cc46pQ2n.s 			page 25


 1369 0a31 30000000 		.4byte	0x30
 1370 0a35 14       		.byte	0x14
 1371 0a36 00       		.byte	0
 1372 0a37 0D       		.uleb128 0xd
 1373 0a38 270A0000 		.4byte	0xa27
 1374 0a3c 19       		.uleb128 0x19
 1375 0a3d AE050000 		.4byte	.LASF132
 1376 0a41 0F       		.byte	0xf
 1377 0a42 E302     		.2byte	0x2e3
 1378 0a44 07       		.byte	0x7
 1379 0a45 23010000 		.4byte	0x123
 1380 0a49 700A0000 		.4byte	0xa70
 1381 0a4d 18       		.uleb128 0x18
 1382 0a4e 74727000 		.ascii	"trp\000"
 1383 0a52 0F       		.byte	0xf
 1384 0a53 E302     		.2byte	0x2e3
 1385 0a55 29       		.byte	0x29
 1386 0a56 D6060000 		.4byte	0x6d6
 1387 0a5a 1E       		.uleb128 0x1e
 1388 0a5b 747000   		.ascii	"tp\000"
 1389 0a5e 0F       		.byte	0xf
 1390 0a5f E402     		.2byte	0x2e4
 1391 0a61 0D       		.byte	0xd
 1392 0a62 0B060000 		.4byte	0x60b
 1393 0a66 1C       		.uleb128 0x1c
 1394 0a67 BA060000 		.4byte	.LASF129
 1395 0a6b 800A0000 		.4byte	0xa80
 1396 0a6f 00       		.byte	0
 1397 0a70 1F       		.uleb128 0x1f
 1398 0a71 2D030000 		.4byte	0x32d
 1399 0a75 800A0000 		.4byte	0xa80
 1400 0a79 20       		.uleb128 0x20
 1401 0a7a 30000000 		.4byte	0x30
 1402 0a7e 0D       		.byte	0xd
 1403 0a7f 00       		.byte	0
 1404 0a80 0D       		.uleb128 0xd
 1405 0a81 700A0000 		.4byte	0xa70
 1406 0a85 21       		.uleb128 0x21
 1407 0a86 AE080000 		.4byte	.LASF183
 1408 0a8a 0F       		.byte	0xf
 1409 0a8b D202     		.2byte	0x2d2
 1410 0a8d 06       		.byte	0x6
 1411 0a8e 19       		.uleb128 0x19
 1412 0a8f 70000000 		.4byte	.LASF133
 1413 0a93 0F       		.byte	0xf
 1414 0a94 BE02     		.2byte	0x2be
 1415 0a96 0B       		.byte	0xb
 1416 0a97 3E030000 		.4byte	0x33e
 1417 0a9b C70A0000 		.4byte	0xac7
 1418 0a9f 1A       		.uleb128 0x1a
 1419 0aa0 50000000 		.4byte	.LASF68
 1420 0aa4 0F       		.byte	0xf
 1421 0aa5 BE02     		.2byte	0x2be
 1422 0aa7 2D       		.byte	0x2d
 1423 0aa8 3E030000 		.4byte	0x33e
 1424 0aac 1A       		.uleb128 0x1a
 1425 0aad 24010000 		.4byte	.LASF65
ARM GAS  C:\Users\nello\AppData\Local\Temp\cc46pQ2n.s 			page 26


 1426 0ab1 0F       		.byte	0xf
 1427 0ab2 BE02     		.2byte	0x2be
 1428 0ab4 3D       		.byte	0x3d
 1429 0ab5 3E030000 		.4byte	0x33e
 1430 0ab9 1B       		.uleb128 0x1b
 1431 0aba 8E050000 		.4byte	.LASF134
 1432 0abe 0F       		.byte	0xf
 1433 0abf BF02     		.2byte	0x2bf
 1434 0ac1 0D       		.byte	0xd
 1435 0ac2 3E030000 		.4byte	0x33e
 1436 0ac6 00       		.byte	0
 1437 0ac7 17       		.uleb128 0x17
 1438 0ac8 37070000 		.4byte	.LASF135
 1439 0acc 0F       		.byte	0xf
 1440 0acd A502     		.2byte	0x2a5
 1441 0acf 06       		.byte	0x6
 1442 0ad0 EF0A0000 		.4byte	0xaef
 1443 0ad4 1A       		.uleb128 0x1a
 1444 0ad5 8E050000 		.4byte	.LASF134
 1445 0ad9 0F       		.byte	0xf
 1446 0ada A502     		.2byte	0x2a5
 1447 0adc 20       		.byte	0x20
 1448 0add 3E030000 		.4byte	0x33e
 1449 0ae1 1B       		.uleb128 0x1b
 1450 0ae2 78020000 		.4byte	.LASF136
 1451 0ae6 0F       		.byte	0xf
 1452 0ae7 A602     		.2byte	0x2a6
 1453 0ae9 11       		.byte	0x11
 1454 0aea 4A030000 		.4byte	0x34a
 1455 0aee 00       		.byte	0
 1456 0aef 17       		.uleb128 0x17
 1457 0af0 A3050000 		.4byte	.LASF137
 1458 0af4 0F       		.byte	0xf
 1459 0af5 9102     		.2byte	0x291
 1460 0af7 06       		.byte	0x6
 1461 0af8 0A0B0000 		.4byte	0xb0a
 1462 0afc 1A       		.uleb128 0x1a
 1463 0afd 8E050000 		.4byte	.LASF134
 1464 0b01 0F       		.byte	0xf
 1465 0b02 9102     		.2byte	0x291
 1466 0b04 1F       		.byte	0x1f
 1467 0b05 4A030000 		.4byte	0x34a
 1468 0b09 00       		.byte	0
 1469 0b0a 17       		.uleb128 0x17
 1470 0b0b 58040000 		.4byte	.LASF138
 1471 0b0f 0F       		.byte	0xf
 1472 0b10 7E02     		.2byte	0x27e
 1473 0b12 06       		.byte	0x6
 1474 0b13 240B0000 		.4byte	0xb24
 1475 0b17 18       		.uleb128 0x18
 1476 0b18 747000   		.ascii	"tp\000"
 1477 0b1b 0F       		.byte	0xf
 1478 0b1c 7E02     		.2byte	0x27e
 1479 0b1e 1F       		.byte	0x1f
 1480 0b1f 0B060000 		.4byte	0x60b
 1481 0b23 00       		.byte	0
 1482 0b24 19       		.uleb128 0x19
ARM GAS  C:\Users\nello\AppData\Local\Temp\cc46pQ2n.s 			page 27


 1483 0b25 B8020000 		.4byte	.LASF139
 1484 0b29 0F       		.byte	0xf
 1485 0b2a 5A02     		.2byte	0x25a
 1486 0b2c 09       		.byte	0x9
 1487 0b2d 17010000 		.4byte	0x117
 1488 0b31 660B0000 		.4byte	0xb66
 1489 0b35 1A       		.uleb128 0x1a
 1490 0b36 48040000 		.4byte	.LASF140
 1491 0b3a 0F       		.byte	0xf
 1492 0b3b 5A02     		.2byte	0x25a
 1493 0b3d 22       		.byte	0x22
 1494 0b3e 17010000 		.4byte	0x117
 1495 0b42 1B       		.uleb128 0x1b
 1496 0b43 25040000 		.4byte	.LASF127
 1497 0b47 0F       		.byte	0xf
 1498 0b48 5B02     		.2byte	0x25b
 1499 0b4a 0D       		.byte	0xd
 1500 0b4b 0B060000 		.4byte	0x60b
 1501 0b4f 1B       		.uleb128 0x1b
 1502 0b50 95040000 		.4byte	.LASF141
 1503 0b54 0F       		.byte	0xf
 1504 0b55 5C02     		.2byte	0x25c
 1505 0b57 0B       		.byte	0xb
 1506 0b58 17010000 		.4byte	0x117
 1507 0b5c 1C       		.uleb128 0x1c
 1508 0b5d BA060000 		.4byte	.LASF129
 1509 0b61 760B0000 		.4byte	0xb76
 1510 0b65 00       		.byte	0
 1511 0b66 1F       		.uleb128 0x1f
 1512 0b67 2D030000 		.4byte	0x32d
 1513 0b6b 760B0000 		.4byte	0xb76
 1514 0b6f 20       		.uleb128 0x20
 1515 0b70 30000000 		.4byte	0x30
 1516 0b74 10       		.byte	0x10
 1517 0b75 00       		.byte	0
 1518 0b76 0D       		.uleb128 0xd
 1519 0b77 660B0000 		.4byte	0xb66
 1520 0b7b 19       		.uleb128 0x19
 1521 0b7c 3D080000 		.4byte	.LASF142
 1522 0b80 0F       		.byte	0xf
 1523 0b81 3202     		.2byte	0x232
 1524 0b83 07       		.byte	0x7
 1525 0b84 23010000 		.4byte	0x123
 1526 0b88 BC0B0000 		.4byte	0xbbc
 1527 0b8c 18       		.uleb128 0x18
 1528 0b8d 747000   		.ascii	"tp\000"
 1529 0b90 0F       		.byte	0xf
 1530 0b91 3202     		.2byte	0x232
 1531 0b93 1B       		.byte	0x1b
 1532 0b94 0B060000 		.4byte	0x60b
 1533 0b98 1B       		.uleb128 0x1b
 1534 0b99 25040000 		.4byte	.LASF127
 1535 0b9d 0F       		.byte	0xf
 1536 0b9e 3302     		.2byte	0x233
 1537 0ba0 0D       		.byte	0xd
 1538 0ba1 0B060000 		.4byte	0x60b
 1539 0ba5 1E       		.uleb128 0x1e
ARM GAS  C:\Users\nello\AppData\Local\Temp\cc46pQ2n.s 			page 28


 1540 0ba6 6D736700 		.ascii	"msg\000"
 1541 0baa 0F       		.byte	0xf
 1542 0bab 3402     		.2byte	0x234
 1543 0bad 09       		.byte	0x9
 1544 0bae 23010000 		.4byte	0x123
 1545 0bb2 1C       		.uleb128 0x1c
 1546 0bb3 BA060000 		.4byte	.LASF129
 1547 0bb7 CC0B0000 		.4byte	0xbcc
 1548 0bbb 00       		.byte	0
 1549 0bbc 1F       		.uleb128 0x1f
 1550 0bbd 2D030000 		.4byte	0x32d
 1551 0bc1 CC0B0000 		.4byte	0xbcc
 1552 0bc5 20       		.uleb128 0x20
 1553 0bc6 30000000 		.4byte	0x30
 1554 0bca 09       		.byte	0x9
 1555 0bcb 00       		.byte	0
 1556 0bcc 0D       		.uleb128 0xd
 1557 0bcd BC0B0000 		.4byte	0xbbc
 1558 0bd1 17       		.uleb128 0x17
 1559 0bd2 1D090000 		.4byte	.LASF143
 1560 0bd6 0F       		.byte	0xf
 1561 0bd7 F901     		.2byte	0x1f9
 1562 0bd9 06       		.byte	0x6
 1563 0bda 020C0000 		.4byte	0xc02
 1564 0bde 18       		.uleb128 0x18
 1565 0bdf 6D736700 		.ascii	"msg\000"
 1566 0be3 0F       		.byte	0xf
 1567 0be4 F901     		.2byte	0x1f9
 1568 0be6 17       		.byte	0x17
 1569 0be7 23010000 		.4byte	0x123
 1570 0beb 1B       		.uleb128 0x1b
 1571 0bec 25040000 		.4byte	.LASF127
 1572 0bf0 0F       		.byte	0xf
 1573 0bf1 FA01     		.2byte	0x1fa
 1574 0bf3 0D       		.byte	0xd
 1575 0bf4 0B060000 		.4byte	0x60b
 1576 0bf8 1C       		.uleb128 0x1c
 1577 0bf9 BA060000 		.4byte	.LASF129
 1578 0bfd 120C0000 		.4byte	0xc12
 1579 0c01 00       		.byte	0
 1580 0c02 1F       		.uleb128 0x1f
 1581 0c03 2D030000 		.4byte	0x32d
 1582 0c07 120C0000 		.4byte	0xc12
 1583 0c0b 20       		.uleb128 0x20
 1584 0c0c 30000000 		.4byte	0x30
 1585 0c10 0A       		.byte	0xa
 1586 0c11 00       		.byte	0
 1587 0c12 0D       		.uleb128 0xd
 1588 0c13 020C0000 		.4byte	0xc02
 1589 0c17 17       		.uleb128 0x17
 1590 0c18 7D010000 		.4byte	.LASF144
 1591 0c1c 0F       		.byte	0xf
 1592 0c1d E101     		.2byte	0x1e1
 1593 0c1f 06       		.byte	0x6
 1594 0c20 320C0000 		.4byte	0xc32
 1595 0c24 18       		.uleb128 0x18
 1596 0c25 6D736700 		.ascii	"msg\000"
ARM GAS  C:\Users\nello\AppData\Local\Temp\cc46pQ2n.s 			page 29


 1597 0c29 0F       		.byte	0xf
 1598 0c2a E101     		.2byte	0x1e1
 1599 0c2c 16       		.byte	0x16
 1600 0c2d 23010000 		.4byte	0x123
 1601 0c31 00       		.byte	0
 1602 0c32 17       		.uleb128 0x17
 1603 0c33 CD060000 		.4byte	.LASF145
 1604 0c37 0F       		.byte	0xf
 1605 0c38 AF01     		.2byte	0x1af
 1606 0c3a 06       		.byte	0x6
 1607 0c3b 550C0000 		.4byte	0xc55
 1608 0c3f 18       		.uleb128 0x18
 1609 0c40 747000   		.ascii	"tp\000"
 1610 0c43 0F       		.byte	0xf
 1611 0c44 AF01     		.2byte	0x1af
 1612 0c46 1D       		.byte	0x1d
 1613 0c47 0B060000 		.4byte	0x60b
 1614 0c4b 1C       		.uleb128 0x1c
 1615 0c4c BA060000 		.4byte	.LASF129
 1616 0c50 A2090000 		.4byte	0x9a2
 1617 0c54 00       		.byte	0
 1618 0c55 19       		.uleb128 0x19
 1619 0c56 89040000 		.4byte	.LASF146
 1620 0c5a 0F       		.byte	0xf
 1621 0c5b 9501     		.2byte	0x195
 1622 0c5d 0B       		.byte	0xb
 1623 0c5e 0B060000 		.4byte	0x60b
 1624 0c62 7C0C0000 		.4byte	0xc7c
 1625 0c66 18       		.uleb128 0x18
 1626 0c67 747000   		.ascii	"tp\000"
 1627 0c6a 0F       		.byte	0xf
 1628 0c6b 9501     		.2byte	0x195
 1629 0c6d 21       		.byte	0x21
 1630 0c6e 0B060000 		.4byte	0x60b
 1631 0c72 1C       		.uleb128 0x1c
 1632 0c73 BA060000 		.4byte	.LASF129
 1633 0c77 8C0C0000 		.4byte	0xc8c
 1634 0c7b 00       		.byte	0
 1635 0c7c 1F       		.uleb128 0x1f
 1636 0c7d 2D030000 		.4byte	0x32d
 1637 0c81 8C0C0000 		.4byte	0xc8c
 1638 0c85 20       		.uleb128 0x20
 1639 0c86 30000000 		.4byte	0x30
 1640 0c8a 0B       		.byte	0xb
 1641 0c8b 00       		.byte	0
 1642 0c8c 0D       		.uleb128 0xd
 1643 0c8d 7C0C0000 		.4byte	0xc7c
 1644 0c91 19       		.uleb128 0x19
 1645 0c92 98050000 		.4byte	.LASF147
 1646 0c96 0F       		.byte	0xf
 1647 0c97 7F01     		.2byte	0x17f
 1648 0c99 0B       		.byte	0xb
 1649 0c9a 0B060000 		.4byte	0x60b
 1650 0c9e B80C0000 		.4byte	0xcb8
 1651 0ca2 18       		.uleb128 0x18
 1652 0ca3 747000   		.ascii	"tp\000"
 1653 0ca6 0F       		.byte	0xf
ARM GAS  C:\Users\nello\AppData\Local\Temp\cc46pQ2n.s 			page 30


 1654 0ca7 7F01     		.2byte	0x17f
 1655 0ca9 20       		.byte	0x20
 1656 0caa 0B060000 		.4byte	0x60b
 1657 0cae 1C       		.uleb128 0x1c
 1658 0caf BA060000 		.4byte	.LASF129
 1659 0cb3 120C0000 		.4byte	0xc12
 1660 0cb7 00       		.byte	0
 1661 0cb8 19       		.uleb128 0x19
 1662 0cb9 B8040000 		.4byte	.LASF148
 1663 0cbd 0F       		.byte	0xf
 1664 0cbe 4901     		.2byte	0x149
 1665 0cc0 0B       		.byte	0xb
 1666 0cc1 0B060000 		.4byte	0x60b
 1667 0cc5 1F0D0000 		.4byte	0xd1f
 1668 0cc9 18       		.uleb128 0x18
 1669 0cca 77737000 		.ascii	"wsp\000"
 1670 0cce 0F       		.byte	0xf
 1671 0ccf 4901     		.2byte	0x149
 1672 0cd1 23       		.byte	0x23
 1673 0cd2 95050000 		.4byte	0x595
 1674 0cd6 1A       		.uleb128 0x1a
 1675 0cd7 0E040000 		.4byte	.LASF149
 1676 0cdb 0F       		.byte	0xf
 1677 0cdc 4901     		.2byte	0x149
 1678 0cde 2F       		.byte	0x2f
 1679 0cdf 24000000 		.4byte	0x24
 1680 0ce3 1A       		.uleb128 0x1a
 1681 0ce4 93050000 		.4byte	.LASF71
 1682 0ce8 0F       		.byte	0xf
 1683 0ce9 4A01     		.2byte	0x14a
 1684 0ceb 25       		.byte	0x25
 1685 0cec 17010000 		.4byte	0x117
 1686 0cf0 18       		.uleb128 0x18
 1687 0cf1 706600   		.ascii	"pf\000"
 1688 0cf4 0F       		.byte	0xf
 1689 0cf5 4A01     		.2byte	0x14a
 1690 0cf7 33       		.byte	0x33
 1691 0cf8 FD070000 		.4byte	0x7fd
 1692 0cfc 18       		.uleb128 0x18
 1693 0cfd 61726700 		.ascii	"arg\000"
 1694 0d01 0F       		.byte	0xf
 1695 0d02 4A01     		.2byte	0x14a
 1696 0d04 3D       		.byte	0x3d
 1697 0d05 95050000 		.4byte	0x595
 1698 0d09 1E       		.uleb128 0x1e
 1699 0d0a 747000   		.ascii	"tp\000"
 1700 0d0d 0F       		.byte	0xf
 1701 0d0e 4B01     		.2byte	0x14b
 1702 0d10 0D       		.byte	0xd
 1703 0d11 0B060000 		.4byte	0x60b
 1704 0d15 1C       		.uleb128 0x1c
 1705 0d16 BA060000 		.4byte	.LASF129
 1706 0d1a 2F0D0000 		.4byte	0xd2f
 1707 0d1e 00       		.byte	0
 1708 0d1f 1F       		.uleb128 0x1f
 1709 0d20 2D030000 		.4byte	0x32d
 1710 0d24 2F0D0000 		.4byte	0xd2f
ARM GAS  C:\Users\nello\AppData\Local\Temp\cc46pQ2n.s 			page 31


 1711 0d28 20       		.uleb128 0x20
 1712 0d29 30000000 		.4byte	0x30
 1713 0d2d 11       		.byte	0x11
 1714 0d2e 00       		.byte	0
 1715 0d2f 0D       		.uleb128 0xd
 1716 0d30 1F0D0000 		.4byte	0xd1f
 1717 0d34 19       		.uleb128 0x19
 1718 0d35 C7050000 		.4byte	.LASF150
 1719 0d39 0F       		.byte	0xf
 1720 0d3a 2001     		.2byte	0x120
 1721 0d3c 0B       		.byte	0xb
 1722 0d3d 0B060000 		.4byte	0x60b
 1723 0d41 680D0000 		.4byte	0xd68
 1724 0d45 18       		.uleb128 0x18
 1725 0d46 74647000 		.ascii	"tdp\000"
 1726 0d4a 0F       		.byte	0xf
 1727 0d4b 2001     		.2byte	0x120
 1728 0d4d 32       		.byte	0x32
 1729 0d4e 680D0000 		.4byte	0xd68
 1730 0d52 1E       		.uleb128 0x1e
 1731 0d53 747000   		.ascii	"tp\000"
 1732 0d56 0F       		.byte	0xf
 1733 0d57 2101     		.2byte	0x121
 1734 0d59 0D       		.byte	0xd
 1735 0d5a 0B060000 		.4byte	0x60b
 1736 0d5e 1C       		.uleb128 0x1c
 1737 0d5f BA060000 		.4byte	.LASF129
 1738 0d63 8C0C0000 		.4byte	0xc8c
 1739 0d67 00       		.byte	0
 1740 0d68 0C       		.uleb128 0xc
 1741 0d69 04       		.byte	0x4
 1742 0d6a 7E080000 		.4byte	0x87e
 1743 0d6e 19       		.uleb128 0x19
 1744 0d6f C6010000 		.4byte	.LASF151
 1745 0d73 0F       		.byte	0xf
 1746 0d74 0B01     		.2byte	0x10b
 1747 0d76 0B       		.byte	0xb
 1748 0d77 0B060000 		.4byte	0x60b
 1749 0d7b 8D0D0000 		.4byte	0xd8d
 1750 0d7f 18       		.uleb128 0x18
 1751 0d80 74647000 		.ascii	"tdp\000"
 1752 0d84 0F       		.byte	0xf
 1753 0d85 0B01     		.2byte	0x10b
 1754 0d87 33       		.byte	0x33
 1755 0d88 680D0000 		.4byte	0xd68
 1756 0d8c 00       		.byte	0
 1757 0d8d 22       		.uleb128 0x22
 1758 0d8e 29030000 		.4byte	.LASF152
 1759 0d92 0F       		.byte	0xf
 1760 0d93 E2       		.byte	0xe2
 1761 0d94 0B       		.byte	0xb
 1762 0d95 0B060000 		.4byte	0x60b
 1763 0d99 BE0D0000 		.4byte	0xdbe
 1764 0d9d 23       		.uleb128 0x23
 1765 0d9e 74647000 		.ascii	"tdp\000"
 1766 0da2 0F       		.byte	0xf
 1767 0da3 E2       		.byte	0xe2
ARM GAS  C:\Users\nello\AppData\Local\Temp\cc46pQ2n.s 			page 32


 1768 0da4 3B       		.byte	0x3b
 1769 0da5 680D0000 		.4byte	0xd68
 1770 0da9 24       		.uleb128 0x24
 1771 0daa 747000   		.ascii	"tp\000"
 1772 0dad 0F       		.byte	0xf
 1773 0dae E3       		.byte	0xe3
 1774 0daf 0D       		.byte	0xd
 1775 0db0 0B060000 		.4byte	0x60b
 1776 0db4 1C       		.uleb128 0x1c
 1777 0db5 BA060000 		.4byte	.LASF129
 1778 0db9 370A0000 		.4byte	0xa37
 1779 0dbd 00       		.byte	0
 1780 0dbe 22       		.uleb128 0x22
 1781 0dbf 95010000 		.4byte	.LASF153
 1782 0dc3 0F       		.byte	0xf
 1783 0dc4 AB       		.byte	0xab
 1784 0dc5 0B       		.byte	0xb
 1785 0dc6 0B060000 		.4byte	0x60b
 1786 0dca EF0D0000 		.4byte	0xdef
 1787 0dce 23       		.uleb128 0x23
 1788 0dcf 74647000 		.ascii	"tdp\000"
 1789 0dd3 0F       		.byte	0xf
 1790 0dd4 AB       		.byte	0xab
 1791 0dd5 3C       		.byte	0x3c
 1792 0dd6 680D0000 		.4byte	0xd68
 1793 0dda 24       		.uleb128 0x24
 1794 0ddb 747000   		.ascii	"tp\000"
 1795 0dde 0F       		.byte	0xf
 1796 0ddf AC       		.byte	0xac
 1797 0de0 0D       		.byte	0xd
 1798 0de1 0B060000 		.4byte	0x60b
 1799 0de5 1C       		.uleb128 0x1c
 1800 0de6 BA060000 		.4byte	.LASF129
 1801 0dea FF0D0000 		.4byte	0xdff
 1802 0dee 00       		.byte	0
 1803 0def 1F       		.uleb128 0x1f
 1804 0df0 2D030000 		.4byte	0x32d
 1805 0df4 FF0D0000 		.4byte	0xdff
 1806 0df8 20       		.uleb128 0x20
 1807 0df9 30000000 		.4byte	0x30
 1808 0dfd 15       		.byte	0x15
 1809 0dfe 00       		.byte	0
 1810 0dff 0D       		.uleb128 0xd
 1811 0e00 EF0D0000 		.4byte	0xdef
 1812 0e04 22       		.uleb128 0x22
 1813 0e05 A1060000 		.4byte	.LASF154
 1814 0e09 0F       		.byte	0xf
 1815 0e0a 59       		.byte	0x59
 1816 0e0b 0B       		.byte	0xb
 1817 0e0c 0B060000 		.4byte	0x60b
 1818 0e10 440E0000 		.4byte	0xe44
 1819 0e14 23       		.uleb128 0x23
 1820 0e15 6F697000 		.ascii	"oip\000"
 1821 0e19 0F       		.byte	0xf
 1822 0e1a 59       		.byte	0x59
 1823 0e1b 2C       		.byte	0x2c
 1824 0e1c 45070000 		.4byte	0x745
ARM GAS  C:\Users\nello\AppData\Local\Temp\cc46pQ2n.s 			page 33


 1825 0e20 23       		.uleb128 0x23
 1826 0e21 747000   		.ascii	"tp\000"
 1827 0e24 0F       		.byte	0xf
 1828 0e25 5A       		.byte	0x5a
 1829 0e26 27       		.byte	0x27
 1830 0e27 0B060000 		.4byte	0x60b
 1831 0e2b 25       		.uleb128 0x25
 1832 0e2c 3E030000 		.4byte	.LASF32
 1833 0e30 0F       		.byte	0xf
 1834 0e31 5B       		.byte	0x5b
 1835 0e32 29       		.byte	0x29
 1836 0e33 1B030000 		.4byte	0x31b
 1837 0e37 25       		.uleb128 0x25
 1838 0e38 93050000 		.4byte	.LASF71
 1839 0e3c 0F       		.byte	0xf
 1840 0e3d 5C       		.byte	0x5c
 1841 0e3e 25       		.byte	0x25
 1842 0e3f 17010000 		.4byte	0x117
 1843 0e43 00       		.byte	0
 1844 0e44 26       		.uleb128 0x26
 1845 0e45 5F070000 		.4byte	.LASF155
 1846 0e49 0E       		.byte	0xe
 1847 0e4a EE01     		.2byte	0x1ee
 1848 0e4c 14       		.byte	0x14
 1849 0e4d 810E0000 		.4byte	0xe81
 1850 0e51 18       		.uleb128 0x18
 1851 0e52 74717000 		.ascii	"tqp\000"
 1852 0e56 0E       		.byte	0xe
 1853 0e57 EE01     		.2byte	0x1ee
 1854 0e59 39       		.byte	0x39
 1855 0e5a C4080000 		.4byte	0x8c4
 1856 0e5e 18       		.uleb128 0x18
 1857 0e5f 6D736700 		.ascii	"msg\000"
 1858 0e63 0E       		.byte	0xe
 1859 0e64 EE01     		.2byte	0x1ee
 1860 0e66 44       		.byte	0x44
 1861 0e67 23010000 		.4byte	0x123
 1862 0e6b 1E       		.uleb128 0x1e
 1863 0e6c 747000   		.ascii	"tp\000"
 1864 0e6f 0E       		.byte	0xe
 1865 0e70 EF01     		.2byte	0x1ef
 1866 0e72 0D       		.byte	0xd
 1867 0e73 0B060000 		.4byte	0x60b
 1868 0e77 1C       		.uleb128 0x1c
 1869 0e78 BA060000 		.4byte	.LASF129
 1870 0e7c 910E0000 		.4byte	0xe91
 1871 0e80 00       		.byte	0
 1872 0e81 1F       		.uleb128 0x1f
 1873 0e82 2D030000 		.4byte	0x32d
 1874 0e86 910E0000 		.4byte	0xe91
 1875 0e8a 20       		.uleb128 0x20
 1876 0e8b 30000000 		.4byte	0x30
 1877 0e8f 13       		.byte	0x13
 1878 0e90 00       		.byte	0
 1879 0e91 0D       		.uleb128 0xd
 1880 0e92 810E0000 		.4byte	0xe81
 1881 0e96 26       		.uleb128 0x26
ARM GAS  C:\Users\nello\AppData\Local\Temp\cc46pQ2n.s 			page 34


 1882 0e97 15030000 		.4byte	.LASF156
 1883 0e9b 0E       		.byte	0xe
 1884 0e9c BF01     		.2byte	0x1bf
 1885 0e9e 14       		.byte	0x14
 1886 0e9f BA0E0000 		.4byte	0xeba
 1887 0ea3 1A       		.uleb128 0x1a
 1888 0ea4 38050000 		.4byte	.LASF157
 1889 0ea8 0E       		.byte	0xe
 1890 0ea9 BF01     		.2byte	0x1bf
 1891 0eab 2E       		.byte	0x2e
 1892 0eac 4A030000 		.4byte	0x34a
 1893 0eb0 1C       		.uleb128 0x1c
 1894 0eb1 BA060000 		.4byte	.LASF129
 1895 0eb5 8C0C0000 		.4byte	0xc8c
 1896 0eb9 00       		.byte	0
 1897 0eba 27       		.uleb128 0x27
 1898 0ebb 87060000 		.4byte	.LASF167
 1899 0ebf 0E       		.byte	0xe
 1900 0ec0 8201     		.2byte	0x182
 1901 0ec2 1B       		.byte	0x1b
 1902 0ec3 8F050000 		.4byte	0x58f
 1903 0ec7 D80E0000 		.4byte	0xed8
 1904 0ecb 18       		.uleb128 0x18
 1905 0ecc 747000   		.ascii	"tp\000"
 1906 0ecf 0E       		.byte	0xe
 1907 0ed0 8201     		.2byte	0x182
 1908 0ed2 3A       		.byte	0x3a
 1909 0ed3 0B060000 		.4byte	0x60b
 1910 0ed7 00       		.byte	0
 1911 0ed8 28       		.uleb128 0x28
 1912 0ed9 92080000 		.4byte	.LASF158
 1913 0edd 0E       		.byte	0xe
 1914 0ede 5501     		.2byte	0x155
 1915 0ee0 19       		.byte	0x19
 1916 0ee1 0B060000 		.4byte	0x60b
 1917 0ee5 29       		.uleb128 0x29
 1918 0ee6 CF020000 		.4byte	.LASF159
 1919 0eea 10       		.byte	0x10
 1920 0eeb 7A       		.byte	0x7a
 1921 0eec 19       		.byte	0x19
 1922 0eed 3E030000 		.4byte	0x33e
 1923 0ef1 26       		.uleb128 0x26
 1924 0ef2 C0080000 		.4byte	.LASF160
 1925 0ef6 11       		.byte	0x11
 1926 0ef7 A501     		.2byte	0x1a5
 1927 0ef9 14       		.byte	0x14
 1928 0efa 080F0000 		.4byte	0xf08
 1929 0efe 1C       		.uleb128 0x1c
 1930 0eff BA060000 		.4byte	.LASF129
 1931 0f03 8C0C0000 		.4byte	0xc8c
 1932 0f07 00       		.byte	0
 1933 0f08 2A       		.uleb128 0x2a
 1934 0f09 C3060000 		.4byte	.LASF162
 1935 0f0d 11       		.byte	0x11
 1936 0f0e 9701     		.2byte	0x197
 1937 0f10 14       		.byte	0x14
 1938 0f11 29       		.uleb128 0x29
ARM GAS  C:\Users\nello\AppData\Local\Temp\cc46pQ2n.s 			page 35


 1939 0f12 29080000 		.4byte	.LASF161
 1940 0f16 12       		.byte	0x12
 1941 0f17 6F       		.byte	0x6f
 1942 0f18 19       		.byte	0x19
 1943 0f19 3E030000 		.4byte	0x33e
 1944 0f1d 2A       		.uleb128 0x2a
 1945 0f1e BA010000 		.4byte	.LASF163
 1946 0f22 0B       		.byte	0xb
 1947 0f23 1F03     		.2byte	0x31f
 1948 0f25 1B       		.byte	0x1b
 1949 0f26 2A       		.uleb128 0x2a
 1950 0f27 D7080000 		.4byte	.LASF164
 1951 0f2b 0B       		.byte	0xb
 1952 0f2c 0B03     		.2byte	0x30b
 1953 0f2e 1B       		.byte	0x1b
 1954 0f2f 26       		.uleb128 0x26
 1955 0f30 98070000 		.4byte	.LASF165
 1956 0f34 13       		.byte	0x13
 1957 0f35 EB01     		.2byte	0x1eb
 1958 0f37 1B       		.byte	0x1b
 1959 0f38 4A0F0000 		.4byte	0xf4a
 1960 0f3c 1A       		.uleb128 0x1a
 1961 0f3d AB010000 		.4byte	.LASF166
 1962 0f41 13       		.byte	0x13
 1963 0f42 EB01     		.2byte	0x1eb
 1964 0f44 32       		.byte	0x32
 1965 0f45 BE000000 		.4byte	0xbe
 1966 0f49 00       		.byte	0
 1967 0f4a 27       		.uleb128 0x27
 1968 0f4b 88000000 		.4byte	.LASF168
 1969 0f4f 0A       		.byte	0xa
 1970 0f50 3E01     		.2byte	0x13e
 1971 0f52 1B       		.byte	0x1b
 1972 0f53 BC030000 		.4byte	0x3bc
 1973 0f57 670F0000 		.4byte	0xf67
 1974 0f5b 18       		.uleb128 0x18
 1975 0f5c 7000     		.ascii	"p\000"
 1976 0f5e 0A       		.byte	0xa
 1977 0f5f 3E01     		.2byte	0x13e
 1978 0f61 38       		.byte	0x38
 1979 0f62 BC030000 		.4byte	0x3bc
 1980 0f66 00       		.byte	0
 1981 0f67 27       		.uleb128 0x27
 1982 0f68 35020000 		.4byte	.LASF169
 1983 0f6c 0A       		.byte	0xa
 1984 0f6d 1801     		.2byte	0x118
 1985 0f6f 1B       		.byte	0x1b
 1986 0f70 BC030000 		.4byte	0x3bc
 1987 0f74 900F0000 		.4byte	0xf90
 1988 0f78 18       		.uleb128 0x18
 1989 0f79 717000   		.ascii	"qp\000"
 1990 0f7c 0A       		.byte	0xa
 1991 0f7d 1801     		.2byte	0x118
 1992 0f7f 3C       		.byte	0x3c
 1993 0f80 BC030000 		.4byte	0x3bc
 1994 0f84 1E       		.uleb128 0x1e
 1995 0f85 7000     		.ascii	"p\000"
ARM GAS  C:\Users\nello\AppData\Local\Temp\cc46pQ2n.s 			page 36


 1996 0f87 0A       		.byte	0xa
 1997 0f88 1901     		.2byte	0x119
 1998 0f8a 0F       		.byte	0xf
 1999 0f8b BC030000 		.4byte	0x3bc
 2000 0f8f 00       		.byte	0
 2001 0f90 26       		.uleb128 0x26
 2002 0f91 1F020000 		.4byte	.LASF170
 2003 0f95 0A       		.byte	0xa
 2004 0f96 0601     		.2byte	0x106
 2005 0f98 14       		.byte	0x14
 2006 0f99 B50F0000 		.4byte	0xfb5
 2007 0f9d 18       		.uleb128 0x18
 2008 0f9e 717000   		.ascii	"qp\000"
 2009 0fa1 0A       		.byte	0xa
 2010 0fa2 0601     		.2byte	0x106
 2011 0fa4 30       		.byte	0x30
 2012 0fa5 BC030000 		.4byte	0x3bc
 2013 0fa9 18       		.uleb128 0x18
 2014 0faa 7000     		.ascii	"p\000"
 2015 0fac 0A       		.byte	0xa
 2016 0fad 0601     		.2byte	0x106
 2017 0faf 40       		.byte	0x40
 2018 0fb0 BC030000 		.4byte	0x3bc
 2019 0fb4 00       		.byte	0
 2020 0fb5 2B       		.uleb128 0x2b
 2021 0fb6 54050000 		.4byte	.LASF171
 2022 0fba 0A       		.byte	0xa
 2023 0fbb F9       		.byte	0xf9
 2024 0fbc 14       		.byte	0x14
 2025 0fbd 95080000 		.4byte	0x895
 2026 0fc1 D10F0000 		.4byte	0xfd1
 2027 0fc5 23       		.uleb128 0x23
 2028 0fc6 717000   		.ascii	"qp\000"
 2029 0fc9 0A       		.byte	0xa
 2030 0fca F9       		.byte	0xf9
 2031 0fcb 38       		.byte	0x38
 2032 0fcc D10F0000 		.4byte	0xfd1
 2033 0fd0 00       		.byte	0
 2034 0fd1 0C       		.uleb128 0xc
 2035 0fd2 04       		.byte	0x4
 2036 0fd3 8F030000 		.4byte	0x38f
 2037 0fd7 2C       		.uleb128 0x2c
 2038 0fd8 1B080000 		.4byte	.LASF172
 2039 0fdc 0A       		.byte	0xa
 2040 0fdd DE       		.byte	0xde
 2041 0fde 14       		.byte	0x14
 2042 0fdf EF0F0000 		.4byte	0xfef
 2043 0fe3 23       		.uleb128 0x23
 2044 0fe4 717000   		.ascii	"qp\000"
 2045 0fe7 0A       		.byte	0xa
 2046 0fe8 DE       		.byte	0xde
 2047 0fe9 2E       		.byte	0x2e
 2048 0fea BC030000 		.4byte	0x3bc
 2049 0fee 00       		.byte	0
 2050 0fef 2B       		.uleb128 0x2b
 2051 0ff0 F9080000 		.4byte	.LASF173
 2052 0ff4 0A       		.byte	0xa
ARM GAS  C:\Users\nello\AppData\Local\Temp\cc46pQ2n.s 			page 37


 2053 0ff5 CF       		.byte	0xcf
 2054 0ff6 1A       		.byte	0x1a
 2055 0ff7 7D030000 		.4byte	0x37d
 2056 0ffb 15100000 		.4byte	0x1015
 2057 0fff 23       		.uleb128 0x23
 2058 1000 6C7000   		.ascii	"lp\000"
 2059 1003 0A       		.byte	0xa
 2060 1004 CF       		.byte	0xcf
 2061 1005 34       		.byte	0x34
 2062 1006 7D030000 		.4byte	0x37d
 2063 100a 24       		.uleb128 0x24
 2064 100b 7000     		.ascii	"p\000"
 2065 100d 0A       		.byte	0xa
 2066 100e D1       		.byte	0xd1
 2067 100f 0E       		.byte	0xe
 2068 1010 7D030000 		.4byte	0x37d
 2069 1014 00       		.byte	0
 2070 1015 2C       		.uleb128 0x2c
 2071 1016 3B040000 		.4byte	.LASF174
 2072 101a 0A       		.byte	0xa
 2073 101b C0       		.byte	0xc0
 2074 101c 14       		.byte	0x14
 2075 101d 37100000 		.4byte	0x1037
 2076 1021 23       		.uleb128 0x23
 2077 1022 6C7000   		.ascii	"lp\000"
 2078 1025 0A       		.byte	0xa
 2079 1026 C0       		.byte	0xc0
 2080 1027 2C       		.byte	0x2c
 2081 1028 7D030000 		.4byte	0x37d
 2082 102c 23       		.uleb128 0x23
 2083 102d 7000     		.ascii	"p\000"
 2084 102f 0A       		.byte	0xa
 2085 1030 C0       		.byte	0xc0
 2086 1031 3B       		.byte	0x3b
 2087 1032 7D030000 		.4byte	0x37d
 2088 1036 00       		.byte	0
 2089 1037 2B       		.uleb128 0x2b
 2090 1038 4D060000 		.4byte	.LASF175
 2091 103c 0A       		.byte	0xa
 2092 103d B3       		.byte	0xb3
 2093 103e 14       		.byte	0x14
 2094 103f 95080000 		.4byte	0x895
 2095 1043 53100000 		.4byte	0x1053
 2096 1047 23       		.uleb128 0x23
 2097 1048 6C7000   		.ascii	"lp\000"
 2098 104b 0A       		.byte	0xa
 2099 104c B3       		.byte	0xb3
 2100 104d 30       		.byte	0x30
 2101 104e 7D030000 		.4byte	0x37d
 2102 1052 00       		.byte	0
 2103 1053 2C       		.uleb128 0x2c
 2104 1054 F3010000 		.4byte	.LASF176
 2105 1058 0A       		.byte	0xa
 2106 1059 99       		.byte	0x99
 2107 105a 14       		.byte	0x14
 2108 105b 6B100000 		.4byte	0x106b
 2109 105f 23       		.uleb128 0x23
ARM GAS  C:\Users\nello\AppData\Local\Temp\cc46pQ2n.s 			page 38


 2110 1060 6C7000   		.ascii	"lp\000"
 2111 1063 0A       		.byte	0xa
 2112 1064 99       		.byte	0x99
 2113 1065 2C       		.byte	0x2c
 2114 1066 7D030000 		.4byte	0x37d
 2115 106a 00       		.byte	0
 2116 106b 27       		.uleb128 0x27
 2117 106c 6C010000 		.4byte	.LASF177
 2118 1070 09       		.byte	0x9
 2119 1071 E401     		.2byte	0x1e4
 2120 1073 14       		.byte	0x14
 2121 1074 95080000 		.4byte	0x895
 2122 1078 A4100000 		.4byte	0x10a4
 2123 107c 1A       		.uleb128 0x1a
 2124 107d 8E050000 		.4byte	.LASF134
 2125 1081 09       		.byte	0x9
 2126 1082 E401     		.2byte	0x1e4
 2127 1084 2F       		.byte	0x2f
 2128 1085 3E030000 		.4byte	0x33e
 2129 1089 1A       		.uleb128 0x1a
 2130 108a CC080000 		.4byte	.LASF178
 2131 108e 09       		.byte	0x9
 2132 108f E501     		.2byte	0x1e5
 2133 1091 2F       		.byte	0x2f
 2134 1092 3E030000 		.4byte	0x33e
 2135 1096 18       		.uleb128 0x18
 2136 1097 656E6400 		.ascii	"end\000"
 2137 109b 09       		.byte	0x9
 2138 109c E601     		.2byte	0x1e6
 2139 109e 2F       		.byte	0x2f
 2140 109f 3E030000 		.4byte	0x33e
 2141 10a3 00       		.byte	0
 2142 10a4 2D       		.uleb128 0x2d
 2143 10a5 E5050000 		.4byte	.LASF179
 2144 10a9 09       		.byte	0x9
 2145 10aa CD01     		.2byte	0x1cd
 2146 10ac 1D       		.byte	0x1d
 2147 10ad 4A030000 		.4byte	0x34a
 2148 10b1 1A       		.uleb128 0x1a
 2149 10b2 CC080000 		.4byte	.LASF178
 2150 10b6 09       		.byte	0x9
 2151 10b7 CD01     		.2byte	0x1cd
 2152 10b9 33       		.byte	0x33
 2153 10ba 3E030000 		.4byte	0x33e
 2154 10be 18       		.uleb128 0x18
 2155 10bf 656E6400 		.ascii	"end\000"
 2156 10c3 09       		.byte	0x9
 2157 10c4 CD01     		.2byte	0x1cd
 2158 10c6 44       		.byte	0x44
 2159 10c7 3E030000 		.4byte	0x33e
 2160 10cb 00       		.byte	0
 2161 10cc 00       		.byte	0
 2162              		.section	.gnu.debuglto_.debug_abbrev,"e",%progbits
 2163              	.Ldebug_abbrev0:
 2164 0000 01       		.uleb128 0x1
 2165 0001 11       		.uleb128 0x11
 2166 0002 01       		.byte	0x1
ARM GAS  C:\Users\nello\AppData\Local\Temp\cc46pQ2n.s 			page 39


 2167 0003 25       		.uleb128 0x25
 2168 0004 0E       		.uleb128 0xe
 2169 0005 13       		.uleb128 0x13
 2170 0006 0B       		.uleb128 0xb
 2171 0007 03       		.uleb128 0x3
 2172 0008 0E       		.uleb128 0xe
 2173 0009 1B       		.uleb128 0x1b
 2174 000a 0E       		.uleb128 0xe
 2175 000b 10       		.uleb128 0x10
 2176 000c 17       		.uleb128 0x17
 2177 000d 00       		.byte	0
 2178 000e 00       		.byte	0
 2179 000f 02       		.uleb128 0x2
 2180 0010 24       		.uleb128 0x24
 2181 0011 00       		.byte	0
 2182 0012 0B       		.uleb128 0xb
 2183 0013 0B       		.uleb128 0xb
 2184 0014 3E       		.uleb128 0x3e
 2185 0015 0B       		.uleb128 0xb
 2186 0016 03       		.uleb128 0x3
 2187 0017 08       		.uleb128 0x8
 2188 0018 00       		.byte	0
 2189 0019 00       		.byte	0
 2190 001a 03       		.uleb128 0x3
 2191 001b 16       		.uleb128 0x16
 2192 001c 00       		.byte	0
 2193 001d 03       		.uleb128 0x3
 2194 001e 0E       		.uleb128 0xe
 2195 001f 3A       		.uleb128 0x3a
 2196 0020 0B       		.uleb128 0xb
 2197 0021 3B       		.uleb128 0x3b
 2198 0022 0B       		.uleb128 0xb
 2199 0023 39       		.uleb128 0x39
 2200 0024 0B       		.uleb128 0xb
 2201 0025 49       		.uleb128 0x49
 2202 0026 13       		.uleb128 0x13
 2203 0027 00       		.byte	0
 2204 0028 00       		.byte	0
 2205 0029 04       		.uleb128 0x4
 2206 002a 24       		.uleb128 0x24
 2207 002b 00       		.byte	0
 2208 002c 0B       		.uleb128 0xb
 2209 002d 0B       		.uleb128 0xb
 2210 002e 3E       		.uleb128 0x3e
 2211 002f 0B       		.uleb128 0xb
 2212 0030 03       		.uleb128 0x3
 2213 0031 0E       		.uleb128 0xe
 2214 0032 00       		.byte	0
 2215 0033 00       		.byte	0
 2216 0034 05       		.uleb128 0x5
 2217 0035 35       		.uleb128 0x35
 2218 0036 00       		.byte	0
 2219 0037 49       		.uleb128 0x49
 2220 0038 13       		.uleb128 0x13
 2221 0039 00       		.byte	0
 2222 003a 00       		.byte	0
 2223 003b 06       		.uleb128 0x6
ARM GAS  C:\Users\nello\AppData\Local\Temp\cc46pQ2n.s 			page 40


 2224 003c 13       		.uleb128 0x13
 2225 003d 01       		.byte	0x1
 2226 003e 03       		.uleb128 0x3
 2227 003f 0E       		.uleb128 0xe
 2228 0040 0B       		.uleb128 0xb
 2229 0041 0B       		.uleb128 0xb
 2230 0042 3A       		.uleb128 0x3a
 2231 0043 0B       		.uleb128 0xb
 2232 0044 3B       		.uleb128 0x3b
 2233 0045 0B       		.uleb128 0xb
 2234 0046 39       		.uleb128 0x39
 2235 0047 0B       		.uleb128 0xb
 2236 0048 01       		.uleb128 0x1
 2237 0049 13       		.uleb128 0x13
 2238 004a 00       		.byte	0
 2239 004b 00       		.byte	0
 2240 004c 07       		.uleb128 0x7
 2241 004d 0D       		.uleb128 0xd
 2242 004e 00       		.byte	0
 2243 004f 03       		.uleb128 0x3
 2244 0050 08       		.uleb128 0x8
 2245 0051 3A       		.uleb128 0x3a
 2246 0052 0B       		.uleb128 0xb
 2247 0053 3B       		.uleb128 0x3b
 2248 0054 0B       		.uleb128 0xb
 2249 0055 39       		.uleb128 0x39
 2250 0056 0B       		.uleb128 0xb
 2251 0057 49       		.uleb128 0x49
 2252 0058 13       		.uleb128 0x13
 2253 0059 38       		.uleb128 0x38
 2254 005a 0B       		.uleb128 0xb
 2255 005b 00       		.byte	0
 2256 005c 00       		.byte	0
 2257 005d 08       		.uleb128 0x8
 2258 005e 0D       		.uleb128 0xd
 2259 005f 00       		.byte	0
 2260 0060 03       		.uleb128 0x3
 2261 0061 0E       		.uleb128 0xe
 2262 0062 3A       		.uleb128 0x3a
 2263 0063 0B       		.uleb128 0xb
 2264 0064 3B       		.uleb128 0x3b
 2265 0065 0B       		.uleb128 0xb
 2266 0066 39       		.uleb128 0x39
 2267 0067 0B       		.uleb128 0xb
 2268 0068 49       		.uleb128 0x49
 2269 0069 13       		.uleb128 0x13
 2270 006a 38       		.uleb128 0x38
 2271 006b 0B       		.uleb128 0xb
 2272 006c 00       		.byte	0
 2273 006d 00       		.byte	0
 2274 006e 09       		.uleb128 0x9
 2275 006f 0D       		.uleb128 0xd
 2276 0070 00       		.byte	0
 2277 0071 03       		.uleb128 0x3
 2278 0072 08       		.uleb128 0x8
 2279 0073 3A       		.uleb128 0x3a
 2280 0074 0B       		.uleb128 0xb
ARM GAS  C:\Users\nello\AppData\Local\Temp\cc46pQ2n.s 			page 41


 2281 0075 3B       		.uleb128 0x3b
 2282 0076 05       		.uleb128 0x5
 2283 0077 39       		.uleb128 0x39
 2284 0078 0B       		.uleb128 0xb
 2285 0079 49       		.uleb128 0x49
 2286 007a 13       		.uleb128 0x13
 2287 007b 38       		.uleb128 0x38
 2288 007c 0B       		.uleb128 0xb
 2289 007d 00       		.byte	0
 2290 007e 00       		.byte	0
 2291 007f 0A       		.uleb128 0xa
 2292 0080 0D       		.uleb128 0xd
 2293 0081 00       		.byte	0
 2294 0082 03       		.uleb128 0x3
 2295 0083 0E       		.uleb128 0xe
 2296 0084 3A       		.uleb128 0x3a
 2297 0085 0B       		.uleb128 0xb
 2298 0086 3B       		.uleb128 0x3b
 2299 0087 05       		.uleb128 0x5
 2300 0088 39       		.uleb128 0x39
 2301 0089 0B       		.uleb128 0xb
 2302 008a 49       		.uleb128 0x49
 2303 008b 13       		.uleb128 0x13
 2304 008c 38       		.uleb128 0x38
 2305 008d 0B       		.uleb128 0xb
 2306 008e 00       		.byte	0
 2307 008f 00       		.byte	0
 2308 0090 0B       		.uleb128 0xb
 2309 0091 13       		.uleb128 0x13
 2310 0092 01       		.byte	0x1
 2311 0093 03       		.uleb128 0x3
 2312 0094 0E       		.uleb128 0xe
 2313 0095 0B       		.uleb128 0xb
 2314 0096 0B       		.uleb128 0xb
 2315 0097 3A       		.uleb128 0x3a
 2316 0098 0B       		.uleb128 0xb
 2317 0099 3B       		.uleb128 0x3b
 2318 009a 05       		.uleb128 0x5
 2319 009b 39       		.uleb128 0x39
 2320 009c 0B       		.uleb128 0xb
 2321 009d 01       		.uleb128 0x1
 2322 009e 13       		.uleb128 0x13
 2323 009f 00       		.byte	0
 2324 00a0 00       		.byte	0
 2325 00a1 0C       		.uleb128 0xc
 2326 00a2 0F       		.uleb128 0xf
 2327 00a3 00       		.byte	0
 2328 00a4 0B       		.uleb128 0xb
 2329 00a5 0B       		.uleb128 0xb
 2330 00a6 49       		.uleb128 0x49
 2331 00a7 13       		.uleb128 0x13
 2332 00a8 00       		.byte	0
 2333 00a9 00       		.byte	0
 2334 00aa 0D       		.uleb128 0xd
 2335 00ab 26       		.uleb128 0x26
 2336 00ac 00       		.byte	0
 2337 00ad 49       		.uleb128 0x49
ARM GAS  C:\Users\nello\AppData\Local\Temp\cc46pQ2n.s 			page 42


 2338 00ae 13       		.uleb128 0x13
 2339 00af 00       		.byte	0
 2340 00b0 00       		.byte	0
 2341 00b1 0E       		.uleb128 0xe
 2342 00b2 0F       		.uleb128 0xf
 2343 00b3 00       		.byte	0
 2344 00b4 0B       		.uleb128 0xb
 2345 00b5 0B       		.uleb128 0xb
 2346 00b6 00       		.byte	0
 2347 00b7 00       		.byte	0
 2348 00b8 0F       		.uleb128 0xf
 2349 00b9 17       		.uleb128 0x17
 2350 00ba 01       		.byte	0x1
 2351 00bb 0B       		.uleb128 0xb
 2352 00bc 0B       		.uleb128 0xb
 2353 00bd 3A       		.uleb128 0x3a
 2354 00be 0B       		.uleb128 0xb
 2355 00bf 3B       		.uleb128 0x3b
 2356 00c0 0B       		.uleb128 0xb
 2357 00c1 39       		.uleb128 0x39
 2358 00c2 0B       		.uleb128 0xb
 2359 00c3 01       		.uleb128 0x1
 2360 00c4 13       		.uleb128 0x13
 2361 00c5 00       		.byte	0
 2362 00c6 00       		.byte	0
 2363 00c7 10       		.uleb128 0x10
 2364 00c8 0D       		.uleb128 0xd
 2365 00c9 00       		.byte	0
 2366 00ca 03       		.uleb128 0x3
 2367 00cb 0E       		.uleb128 0xe
 2368 00cc 3A       		.uleb128 0x3a
 2369 00cd 0B       		.uleb128 0xb
 2370 00ce 3B       		.uleb128 0x3b
 2371 00cf 0B       		.uleb128 0xb
 2372 00d0 39       		.uleb128 0x39
 2373 00d1 0B       		.uleb128 0xb
 2374 00d2 49       		.uleb128 0x49
 2375 00d3 13       		.uleb128 0x13
 2376 00d4 00       		.byte	0
 2377 00d5 00       		.byte	0
 2378 00d6 11       		.uleb128 0x11
 2379 00d7 0D       		.uleb128 0xd
 2380 00d8 00       		.byte	0
 2381 00d9 03       		.uleb128 0x3
 2382 00da 0E       		.uleb128 0xe
 2383 00db 3A       		.uleb128 0x3a
 2384 00dc 0B       		.uleb128 0xb
 2385 00dd 3B       		.uleb128 0x3b
 2386 00de 05       		.uleb128 0x5
 2387 00df 39       		.uleb128 0x39
 2388 00e0 0B       		.uleb128 0xb
 2389 00e1 49       		.uleb128 0x49
 2390 00e2 13       		.uleb128 0x13
 2391 00e3 00       		.byte	0
 2392 00e4 00       		.byte	0
 2393 00e5 12       		.uleb128 0x12
 2394 00e6 16       		.uleb128 0x16
ARM GAS  C:\Users\nello\AppData\Local\Temp\cc46pQ2n.s 			page 43


 2395 00e7 00       		.byte	0
 2396 00e8 03       		.uleb128 0x3
 2397 00e9 0E       		.uleb128 0xe
 2398 00ea 3A       		.uleb128 0x3a
 2399 00eb 0B       		.uleb128 0xb
 2400 00ec 3B       		.uleb128 0x3b
 2401 00ed 05       		.uleb128 0x5
 2402 00ee 39       		.uleb128 0x39
 2403 00ef 0B       		.uleb128 0xb
 2404 00f0 49       		.uleb128 0x49
 2405 00f1 13       		.uleb128 0x13
 2406 00f2 00       		.byte	0
 2407 00f3 00       		.byte	0
 2408 00f4 13       		.uleb128 0x13
 2409 00f5 34       		.uleb128 0x34
 2410 00f6 00       		.byte	0
 2411 00f7 03       		.uleb128 0x3
 2412 00f8 08       		.uleb128 0x8
 2413 00f9 3A       		.uleb128 0x3a
 2414 00fa 0B       		.uleb128 0xb
 2415 00fb 3B       		.uleb128 0x3b
 2416 00fc 05       		.uleb128 0x5
 2417 00fd 39       		.uleb128 0x39
 2418 00fe 0B       		.uleb128 0xb
 2419 00ff 49       		.uleb128 0x49
 2420 0100 13       		.uleb128 0x13
 2421 0101 3F       		.uleb128 0x3f
 2422 0102 19       		.uleb128 0x19
 2423 0103 3C       		.uleb128 0x3c
 2424 0104 19       		.uleb128 0x19
 2425 0105 00       		.byte	0
 2426 0106 00       		.byte	0
 2427 0107 14       		.uleb128 0x14
 2428 0108 15       		.uleb128 0x15
 2429 0109 01       		.byte	0x1
 2430 010a 27       		.uleb128 0x27
 2431 010b 19       		.uleb128 0x19
 2432 010c 01       		.uleb128 0x1
 2433 010d 13       		.uleb128 0x13
 2434 010e 00       		.byte	0
 2435 010f 00       		.byte	0
 2436 0110 15       		.uleb128 0x15
 2437 0111 05       		.uleb128 0x5
 2438 0112 00       		.byte	0
 2439 0113 49       		.uleb128 0x49
 2440 0114 13       		.uleb128 0x13
 2441 0115 00       		.byte	0
 2442 0116 00       		.byte	0
 2443 0117 16       		.uleb128 0x16
 2444 0118 13       		.uleb128 0x13
 2445 0119 01       		.byte	0x1
 2446 011a 0B       		.uleb128 0xb
 2447 011b 0B       		.uleb128 0xb
 2448 011c 3A       		.uleb128 0x3a
 2449 011d 0B       		.uleb128 0xb
 2450 011e 3B       		.uleb128 0x3b
 2451 011f 0B       		.uleb128 0xb
ARM GAS  C:\Users\nello\AppData\Local\Temp\cc46pQ2n.s 			page 44


 2452 0120 39       		.uleb128 0x39
 2453 0121 0B       		.uleb128 0xb
 2454 0122 01       		.uleb128 0x1
 2455 0123 13       		.uleb128 0x13
 2456 0124 00       		.byte	0
 2457 0125 00       		.byte	0
 2458 0126 17       		.uleb128 0x17
 2459 0127 2E       		.uleb128 0x2e
 2460 0128 01       		.byte	0x1
 2461 0129 3F       		.uleb128 0x3f
 2462 012a 19       		.uleb128 0x19
 2463 012b 03       		.uleb128 0x3
 2464 012c 0E       		.uleb128 0xe
 2465 012d 3A       		.uleb128 0x3a
 2466 012e 0B       		.uleb128 0xb
 2467 012f 3B       		.uleb128 0x3b
 2468 0130 05       		.uleb128 0x5
 2469 0131 39       		.uleb128 0x39
 2470 0132 0B       		.uleb128 0xb
 2471 0133 27       		.uleb128 0x27
 2472 0134 19       		.uleb128 0x19
 2473 0135 01       		.uleb128 0x1
 2474 0136 13       		.uleb128 0x13
 2475 0137 00       		.byte	0
 2476 0138 00       		.byte	0
 2477 0139 18       		.uleb128 0x18
 2478 013a 05       		.uleb128 0x5
 2479 013b 00       		.byte	0
 2480 013c 03       		.uleb128 0x3
 2481 013d 08       		.uleb128 0x8
 2482 013e 3A       		.uleb128 0x3a
 2483 013f 0B       		.uleb128 0xb
 2484 0140 3B       		.uleb128 0x3b
 2485 0141 05       		.uleb128 0x5
 2486 0142 39       		.uleb128 0x39
 2487 0143 0B       		.uleb128 0xb
 2488 0144 49       		.uleb128 0x49
 2489 0145 13       		.uleb128 0x13
 2490 0146 00       		.byte	0
 2491 0147 00       		.byte	0
 2492 0148 19       		.uleb128 0x19
 2493 0149 2E       		.uleb128 0x2e
 2494 014a 01       		.byte	0x1
 2495 014b 3F       		.uleb128 0x3f
 2496 014c 19       		.uleb128 0x19
 2497 014d 03       		.uleb128 0x3
 2498 014e 0E       		.uleb128 0xe
 2499 014f 3A       		.uleb128 0x3a
 2500 0150 0B       		.uleb128 0xb
 2501 0151 3B       		.uleb128 0x3b
 2502 0152 05       		.uleb128 0x5
 2503 0153 39       		.uleb128 0x39
 2504 0154 0B       		.uleb128 0xb
 2505 0155 27       		.uleb128 0x27
 2506 0156 19       		.uleb128 0x19
 2507 0157 49       		.uleb128 0x49
 2508 0158 13       		.uleb128 0x13
ARM GAS  C:\Users\nello\AppData\Local\Temp\cc46pQ2n.s 			page 45


 2509 0159 01       		.uleb128 0x1
 2510 015a 13       		.uleb128 0x13
 2511 015b 00       		.byte	0
 2512 015c 00       		.byte	0
 2513 015d 1A       		.uleb128 0x1a
 2514 015e 05       		.uleb128 0x5
 2515 015f 00       		.byte	0
 2516 0160 03       		.uleb128 0x3
 2517 0161 0E       		.uleb128 0xe
 2518 0162 3A       		.uleb128 0x3a
 2519 0163 0B       		.uleb128 0xb
 2520 0164 3B       		.uleb128 0x3b
 2521 0165 05       		.uleb128 0x5
 2522 0166 39       		.uleb128 0x39
 2523 0167 0B       		.uleb128 0xb
 2524 0168 49       		.uleb128 0x49
 2525 0169 13       		.uleb128 0x13
 2526 016a 00       		.byte	0
 2527 016b 00       		.byte	0
 2528 016c 1B       		.uleb128 0x1b
 2529 016d 34       		.uleb128 0x34
 2530 016e 00       		.byte	0
 2531 016f 03       		.uleb128 0x3
 2532 0170 0E       		.uleb128 0xe
 2533 0171 3A       		.uleb128 0x3a
 2534 0172 0B       		.uleb128 0xb
 2535 0173 3B       		.uleb128 0x3b
 2536 0174 05       		.uleb128 0x5
 2537 0175 39       		.uleb128 0x39
 2538 0176 0B       		.uleb128 0xb
 2539 0177 49       		.uleb128 0x49
 2540 0178 13       		.uleb128 0x13
 2541 0179 00       		.byte	0
 2542 017a 00       		.byte	0
 2543 017b 1C       		.uleb128 0x1c
 2544 017c 34       		.uleb128 0x34
 2545 017d 00       		.byte	0
 2546 017e 03       		.uleb128 0x3
 2547 017f 0E       		.uleb128 0xe
 2548 0180 49       		.uleb128 0x49
 2549 0181 13       		.uleb128 0x13
 2550 0182 34       		.uleb128 0x34
 2551 0183 19       		.uleb128 0x19
 2552 0184 00       		.byte	0
 2553 0185 00       		.byte	0
 2554 0186 1D       		.uleb128 0x1d
 2555 0187 0B       		.uleb128 0xb
 2556 0188 01       		.byte	0x1
 2557 0189 00       		.byte	0
 2558 018a 00       		.byte	0
 2559 018b 1E       		.uleb128 0x1e
 2560 018c 34       		.uleb128 0x34
 2561 018d 00       		.byte	0
 2562 018e 03       		.uleb128 0x3
 2563 018f 08       		.uleb128 0x8
 2564 0190 3A       		.uleb128 0x3a
 2565 0191 0B       		.uleb128 0xb
ARM GAS  C:\Users\nello\AppData\Local\Temp\cc46pQ2n.s 			page 46


 2566 0192 3B       		.uleb128 0x3b
 2567 0193 05       		.uleb128 0x5
 2568 0194 39       		.uleb128 0x39
 2569 0195 0B       		.uleb128 0xb
 2570 0196 49       		.uleb128 0x49
 2571 0197 13       		.uleb128 0x13
 2572 0198 00       		.byte	0
 2573 0199 00       		.byte	0
 2574 019a 1F       		.uleb128 0x1f
 2575 019b 01       		.uleb128 0x1
 2576 019c 01       		.byte	0x1
 2577 019d 49       		.uleb128 0x49
 2578 019e 13       		.uleb128 0x13
 2579 019f 01       		.uleb128 0x1
 2580 01a0 13       		.uleb128 0x13
 2581 01a1 00       		.byte	0
 2582 01a2 00       		.byte	0
 2583 01a3 20       		.uleb128 0x20
 2584 01a4 21       		.uleb128 0x21
 2585 01a5 00       		.byte	0
 2586 01a6 49       		.uleb128 0x49
 2587 01a7 13       		.uleb128 0x13
 2588 01a8 2F       		.uleb128 0x2f
 2589 01a9 0B       		.uleb128 0xb
 2590 01aa 00       		.byte	0
 2591 01ab 00       		.byte	0
 2592 01ac 21       		.uleb128 0x21
 2593 01ad 2E       		.uleb128 0x2e
 2594 01ae 00       		.byte	0
 2595 01af 3F       		.uleb128 0x3f
 2596 01b0 19       		.uleb128 0x19
 2597 01b1 03       		.uleb128 0x3
 2598 01b2 0E       		.uleb128 0xe
 2599 01b3 3A       		.uleb128 0x3a
 2600 01b4 0B       		.uleb128 0xb
 2601 01b5 3B       		.uleb128 0x3b
 2602 01b6 05       		.uleb128 0x5
 2603 01b7 39       		.uleb128 0x39
 2604 01b8 0B       		.uleb128 0xb
 2605 01b9 27       		.uleb128 0x27
 2606 01ba 19       		.uleb128 0x19
 2607 01bb 00       		.byte	0
 2608 01bc 00       		.byte	0
 2609 01bd 22       		.uleb128 0x22
 2610 01be 2E       		.uleb128 0x2e
 2611 01bf 01       		.byte	0x1
 2612 01c0 3F       		.uleb128 0x3f
 2613 01c1 19       		.uleb128 0x19
 2614 01c2 03       		.uleb128 0x3
 2615 01c3 0E       		.uleb128 0xe
 2616 01c4 3A       		.uleb128 0x3a
 2617 01c5 0B       		.uleb128 0xb
 2618 01c6 3B       		.uleb128 0x3b
 2619 01c7 0B       		.uleb128 0xb
 2620 01c8 39       		.uleb128 0x39
 2621 01c9 0B       		.uleb128 0xb
 2622 01ca 27       		.uleb128 0x27
ARM GAS  C:\Users\nello\AppData\Local\Temp\cc46pQ2n.s 			page 47


 2623 01cb 19       		.uleb128 0x19
 2624 01cc 49       		.uleb128 0x49
 2625 01cd 13       		.uleb128 0x13
 2626 01ce 01       		.uleb128 0x1
 2627 01cf 13       		.uleb128 0x13
 2628 01d0 00       		.byte	0
 2629 01d1 00       		.byte	0
 2630 01d2 23       		.uleb128 0x23
 2631 01d3 05       		.uleb128 0x5
 2632 01d4 00       		.byte	0
 2633 01d5 03       		.uleb128 0x3
 2634 01d6 08       		.uleb128 0x8
 2635 01d7 3A       		.uleb128 0x3a
 2636 01d8 0B       		.uleb128 0xb
 2637 01d9 3B       		.uleb128 0x3b
 2638 01da 0B       		.uleb128 0xb
 2639 01db 39       		.uleb128 0x39
 2640 01dc 0B       		.uleb128 0xb
 2641 01dd 49       		.uleb128 0x49
 2642 01de 13       		.uleb128 0x13
 2643 01df 00       		.byte	0
 2644 01e0 00       		.byte	0
 2645 01e1 24       		.uleb128 0x24
 2646 01e2 34       		.uleb128 0x34
 2647 01e3 00       		.byte	0
 2648 01e4 03       		.uleb128 0x3
 2649 01e5 08       		.uleb128 0x8
 2650 01e6 3A       		.uleb128 0x3a
 2651 01e7 0B       		.uleb128 0xb
 2652 01e8 3B       		.uleb128 0x3b
 2653 01e9 0B       		.uleb128 0xb
 2654 01ea 39       		.uleb128 0x39
 2655 01eb 0B       		.uleb128 0xb
 2656 01ec 49       		.uleb128 0x49
 2657 01ed 13       		.uleb128 0x13
 2658 01ee 00       		.byte	0
 2659 01ef 00       		.byte	0
 2660 01f0 25       		.uleb128 0x25
 2661 01f1 05       		.uleb128 0x5
 2662 01f2 00       		.byte	0
 2663 01f3 03       		.uleb128 0x3
 2664 01f4 0E       		.uleb128 0xe
 2665 01f5 3A       		.uleb128 0x3a
 2666 01f6 0B       		.uleb128 0xb
 2667 01f7 3B       		.uleb128 0x3b
 2668 01f8 0B       		.uleb128 0xb
 2669 01f9 39       		.uleb128 0x39
 2670 01fa 0B       		.uleb128 0xb
 2671 01fb 49       		.uleb128 0x49
 2672 01fc 13       		.uleb128 0x13
 2673 01fd 00       		.byte	0
 2674 01fe 00       		.byte	0
 2675 01ff 26       		.uleb128 0x26
 2676 0200 2E       		.uleb128 0x2e
 2677 0201 01       		.byte	0x1
 2678 0202 03       		.uleb128 0x3
 2679 0203 0E       		.uleb128 0xe
ARM GAS  C:\Users\nello\AppData\Local\Temp\cc46pQ2n.s 			page 48


 2680 0204 3A       		.uleb128 0x3a
 2681 0205 0B       		.uleb128 0xb
 2682 0206 3B       		.uleb128 0x3b
 2683 0207 05       		.uleb128 0x5
 2684 0208 39       		.uleb128 0x39
 2685 0209 0B       		.uleb128 0xb
 2686 020a 27       		.uleb128 0x27
 2687 020b 19       		.uleb128 0x19
 2688 020c 01       		.uleb128 0x1
 2689 020d 13       		.uleb128 0x13
 2690 020e 00       		.byte	0
 2691 020f 00       		.byte	0
 2692 0210 27       		.uleb128 0x27
 2693 0211 2E       		.uleb128 0x2e
 2694 0212 01       		.byte	0x1
 2695 0213 03       		.uleb128 0x3
 2696 0214 0E       		.uleb128 0xe
 2697 0215 3A       		.uleb128 0x3a
 2698 0216 0B       		.uleb128 0xb
 2699 0217 3B       		.uleb128 0x3b
 2700 0218 05       		.uleb128 0x5
 2701 0219 39       		.uleb128 0x39
 2702 021a 0B       		.uleb128 0xb
 2703 021b 27       		.uleb128 0x27
 2704 021c 19       		.uleb128 0x19
 2705 021d 49       		.uleb128 0x49
 2706 021e 13       		.uleb128 0x13
 2707 021f 01       		.uleb128 0x1
 2708 0220 13       		.uleb128 0x13
 2709 0221 00       		.byte	0
 2710 0222 00       		.byte	0
 2711 0223 28       		.uleb128 0x28
 2712 0224 2E       		.uleb128 0x2e
 2713 0225 00       		.byte	0
 2714 0226 03       		.uleb128 0x3
 2715 0227 0E       		.uleb128 0xe
 2716 0228 3A       		.uleb128 0x3a
 2717 0229 0B       		.uleb128 0xb
 2718 022a 3B       		.uleb128 0x3b
 2719 022b 05       		.uleb128 0x5
 2720 022c 39       		.uleb128 0x39
 2721 022d 0B       		.uleb128 0xb
 2722 022e 27       		.uleb128 0x27
 2723 022f 19       		.uleb128 0x19
 2724 0230 49       		.uleb128 0x49
 2725 0231 13       		.uleb128 0x13
 2726 0232 00       		.byte	0
 2727 0233 00       		.byte	0
 2728 0234 29       		.uleb128 0x29
 2729 0235 2E       		.uleb128 0x2e
 2730 0236 00       		.byte	0
 2731 0237 03       		.uleb128 0x3
 2732 0238 0E       		.uleb128 0xe
 2733 0239 3A       		.uleb128 0x3a
 2734 023a 0B       		.uleb128 0xb
 2735 023b 3B       		.uleb128 0x3b
 2736 023c 0B       		.uleb128 0xb
ARM GAS  C:\Users\nello\AppData\Local\Temp\cc46pQ2n.s 			page 49


 2737 023d 39       		.uleb128 0x39
 2738 023e 0B       		.uleb128 0xb
 2739 023f 27       		.uleb128 0x27
 2740 0240 19       		.uleb128 0x19
 2741 0241 49       		.uleb128 0x49
 2742 0242 13       		.uleb128 0x13
 2743 0243 00       		.byte	0
 2744 0244 00       		.byte	0
 2745 0245 2A       		.uleb128 0x2a
 2746 0246 2E       		.uleb128 0x2e
 2747 0247 00       		.byte	0
 2748 0248 03       		.uleb128 0x3
 2749 0249 0E       		.uleb128 0xe
 2750 024a 3A       		.uleb128 0x3a
 2751 024b 0B       		.uleb128 0xb
 2752 024c 3B       		.uleb128 0x3b
 2753 024d 05       		.uleb128 0x5
 2754 024e 39       		.uleb128 0x39
 2755 024f 0B       		.uleb128 0xb
 2756 0250 27       		.uleb128 0x27
 2757 0251 19       		.uleb128 0x19
 2758 0252 00       		.byte	0
 2759 0253 00       		.byte	0
 2760 0254 2B       		.uleb128 0x2b
 2761 0255 2E       		.uleb128 0x2e
 2762 0256 01       		.byte	0x1
 2763 0257 03       		.uleb128 0x3
 2764 0258 0E       		.uleb128 0xe
 2765 0259 3A       		.uleb128 0x3a
 2766 025a 0B       		.uleb128 0xb
 2767 025b 3B       		.uleb128 0x3b
 2768 025c 0B       		.uleb128 0xb
 2769 025d 39       		.uleb128 0x39
 2770 025e 0B       		.uleb128 0xb
 2771 025f 27       		.uleb128 0x27
 2772 0260 19       		.uleb128 0x19
 2773 0261 49       		.uleb128 0x49
 2774 0262 13       		.uleb128 0x13
 2775 0263 01       		.uleb128 0x1
 2776 0264 13       		.uleb128 0x13
 2777 0265 00       		.byte	0
 2778 0266 00       		.byte	0
 2779 0267 2C       		.uleb128 0x2c
 2780 0268 2E       		.uleb128 0x2e
 2781 0269 01       		.byte	0x1
 2782 026a 03       		.uleb128 0x3
 2783 026b 0E       		.uleb128 0xe
 2784 026c 3A       		.uleb128 0x3a
 2785 026d 0B       		.uleb128 0xb
 2786 026e 3B       		.uleb128 0x3b
 2787 026f 0B       		.uleb128 0xb
 2788 0270 39       		.uleb128 0x39
 2789 0271 0B       		.uleb128 0xb
 2790 0272 27       		.uleb128 0x27
 2791 0273 19       		.uleb128 0x19
 2792 0274 01       		.uleb128 0x1
 2793 0275 13       		.uleb128 0x13
ARM GAS  C:\Users\nello\AppData\Local\Temp\cc46pQ2n.s 			page 50


 2794 0276 00       		.byte	0
 2795 0277 00       		.byte	0
 2796 0278 2D       		.uleb128 0x2d
 2797 0279 2E       		.uleb128 0x2e
 2798 027a 01       		.byte	0x1
 2799 027b 03       		.uleb128 0x3
 2800 027c 0E       		.uleb128 0xe
 2801 027d 3A       		.uleb128 0x3a
 2802 027e 0B       		.uleb128 0xb
 2803 027f 3B       		.uleb128 0x3b
 2804 0280 05       		.uleb128 0x5
 2805 0281 39       		.uleb128 0x39
 2806 0282 0B       		.uleb128 0xb
 2807 0283 27       		.uleb128 0x27
 2808 0284 19       		.uleb128 0x19
 2809 0285 49       		.uleb128 0x49
 2810 0286 13       		.uleb128 0x13
 2811 0287 00       		.byte	0
 2812 0288 00       		.byte	0
 2813 0289 00       		.byte	0
 2814              		.section	.gnu.debuglto_.debug_line,"e",%progbits
 2815              	.Ldebug_line0:
 2816 0000 13030000 		.4byte	.LELT0-.LSLT0
 2817              	.LSLT0:
 2818 0004 0400     		.2byte	0x4
 2819 0006 0D030000 		.4byte	.LELTP0-.LASLTP0
 2820              	.LASLTP0:
 2821 000a 01       		.byte	0x1
 2822 000b 01       		.byte	0x1
 2823 000c 01       		.byte	0x1
 2824 000d F6       		.byte	0xf6
 2825 000e F2       		.byte	0xf2
 2826 000f 0D       		.byte	0xd
 2827 0010 00       		.byte	0
 2828 0011 01       		.byte	0x1
 2829 0012 01       		.byte	0x1
 2830 0013 01       		.byte	0x1
 2831 0014 01       		.byte	0x1
 2832 0015 00       		.byte	0
 2833 0016 00       		.byte	0
 2834 0017 00       		.byte	0
 2835 0018 01       		.byte	0x1
 2836 0019 00       		.byte	0
 2837 001a 00       		.byte	0
 2838 001b 01       		.byte	0x1
 2839 001c 2E2E2F2E 		.ascii	"../../chibios2111/os/common/ext/ARM/CMSIS/Core/Incl"
 2839      2E2F6368 
 2839      6962696F 
 2839      73323131 
 2839      312F6F73 
 2840 004f 756465   		.ascii	"ude"
 2841 0052 00       		.byte	0
 2842 0053 2E2E2F2E 		.ascii	"../../chibios2111/os/common/ports/ARM-common"
 2842      2E2F6368 
 2842      6962696F 
 2842      73323131 
 2842      312F6F73 
ARM GAS  C:\Users\nello\AppData\Local\Temp\cc46pQ2n.s 			page 51


 2843 007f 00       		.byte	0
 2844 0080 2E2E2F2E 		.ascii	"../../chibios2111/os/common/ports/ARMv7-M-ALT"
 2844      2E2F6368 
 2844      6962696F 
 2844      73323131 
 2844      312F6F73 
 2845 00ad 00       		.byte	0
 2846 00ae 2E2E2F2E 		.ascii	"../../chibios2111/os/hal/osal/rt-nil"
 2846      2E2F6368 
 2846      6962696F 
 2846      73323131 
 2846      312F6F73 
 2847 00d2 00       		.byte	0
 2848 00d3 2E2E2F2E 		.ascii	"../../chibios2111/os/rt/include"
 2848      2E2F6368 
 2848      6962696F 
 2848      73323131 
 2848      312F6F73 
 2849 00f2 00       		.byte	0
 2850 00f3 2E2E2F2E 		.ascii	"../../chibios2111/os/rt/src"
 2850      2E2F6368 
 2850      6962696F 
 2850      73323131 
 2850      312F6F73 
 2851 010e 00       		.byte	0
 2852 010f 633A5C63 		.ascii	"c:\\chibistudio\\tools\\gnu tools arm embedded\\10."
 2852      68696269 
 2852      73747564 
 2852      696F5C74 
 2852      6F6F6C73 
 2853 013e 33203230 		.ascii	"3 2021.10\\arm-none-eabi\\include\\machine"
 2853      32312E31 
 2853      305C6172 
 2853      6D2D6E6F 
 2853      6E652D65 
 2854 0165 00       		.byte	0
 2855 0166 633A5C63 		.ascii	"c:\\chibistudio\\tools\\gnu tools arm embedded\\10."
 2855      68696269 
 2855      73747564 
 2855      696F5C74 
 2855      6F6F6C73 
 2856 0195 33203230 		.ascii	"3 2021.10\\arm-none-eabi\\include\\sys"
 2856      32312E31 
 2856      305C6172 
 2856      6D2D6E6F 
 2856      6E652D65 
 2857 01b8 00       		.byte	0
 2858 01b9 633A5C63 		.ascii	"c:\\chibistudio\\tools\\gnu tools arm embedded\\10."
 2858      68696269 
 2858      73747564 
 2858      696F5C74 
 2858      6F6F6C73 
 2859 01e8 33203230 		.ascii	"3 2021.10\\lib\\gcc\\arm-none-eabi\\10.3.1\\include"
 2859      32312E31 
 2859      305C6C69 
 2859      625C6763 
 2859      635C6172 
ARM GAS  C:\Users\nello\AppData\Local\Temp\cc46pQ2n.s 			page 52


 2860 0216 00       		.byte	0
 2861 0217 00       		.byte	0
 2862 0218 73746464 		.ascii	"stddef.h\000"
 2862      65662E68 
 2862      00
 2863 0221 09       		.uleb128 0x9
 2864 0222 00       		.uleb128 0
 2865 0223 00       		.uleb128 0
 2866 0224 5F646566 		.ascii	"_default_types.h\000"
 2866      61756C74 
 2866      5F747970 
 2866      65732E68 
 2866      00
 2867 0235 07       		.uleb128 0x7
 2868 0236 00       		.uleb128 0
 2869 0237 00       		.uleb128 0
 2870 0238 5F737464 		.ascii	"_stdint.h\000"
 2870      696E742E 
 2870      6800
 2871 0242 08       		.uleb128 0x8
 2872 0243 00       		.uleb128 0
 2873 0244 00       		.uleb128 0
 2874 0245 63687479 		.ascii	"chtypes.h\000"
 2874      7065732E 
 2874      6800
 2875 024f 02       		.uleb128 0x2
 2876 0250 00       		.uleb128 0
 2877 0251 00       		.uleb128 0
 2878 0252 63686561 		.ascii	"chearly.h\000"
 2878      726C792E 
 2878      6800
 2879 025c 05       		.uleb128 0x5
 2880 025d 00       		.uleb128 0
 2881 025e 00       		.uleb128 0
 2882 025f 63686F62 		.ascii	"chobjects.h\000"
 2882      6A656374 
 2882      732E6800 
 2883 026b 05       		.uleb128 0x5
 2884 026c 00       		.uleb128 0
 2885 026d 00       		.uleb128 0
 2886 026e 63687266 		.ascii	"chrfcu.h\000"
 2886      63752E68 
 2886      00
 2887 0277 05       		.uleb128 0x5
 2888 0278 00       		.uleb128 0
 2889 0279 00       		.uleb128 0
 2890 027a 63686465 		.ascii	"chdebug.h\000"
 2890      6275672E 
 2890      6800
 2891 0284 05       		.uleb128 0x5
 2892 0285 00       		.uleb128 0
 2893 0286 00       		.uleb128 0
 2894 0287 63687469 		.ascii	"chtime.h\000"
 2894      6D652E68 
 2894      00
 2895 0290 05       		.uleb128 0x5
 2896 0291 00       		.uleb128 0
ARM GAS  C:\Users\nello\AppData\Local\Temp\cc46pQ2n.s 			page 53


 2897 0292 00       		.uleb128 0
 2898 0293 63686C69 		.ascii	"chlists.h\000"
 2898      7374732E 
 2898      6800
 2899 029d 05       		.uleb128 0x5
 2900 029e 00       		.uleb128 0
 2901 029f 00       		.uleb128 0
 2902 02a0 6368636F 		.ascii	"chcore.h\000"
 2902      72652E68 
 2902      00
 2903 02a9 03       		.uleb128 0x3
 2904 02aa 00       		.uleb128 0
 2905 02ab 00       		.uleb128 0
 2906 02ac 63687365 		.ascii	"chsem.h\000"
 2906      6D2E6800 
 2907 02b4 05       		.uleb128 0x5
 2908 02b5 00       		.uleb128 0
 2909 02b6 00       		.uleb128 0
 2910 02b7 63686D74 		.ascii	"chmtx.h\000"
 2910      782E6800 
 2911 02bf 05       		.uleb128 0x5
 2912 02c0 00       		.uleb128 0
 2913 02c1 00       		.uleb128 0
 2914 02c2 63687468 		.ascii	"chthreads.h\000"
 2914      72656164 
 2914      732E6800 
 2915 02ce 05       		.uleb128 0x5
 2916 02cf 00       		.uleb128 0
 2917 02d0 00       		.uleb128 0
 2918 02d1 63687468 		.ascii	"chthreads.c\000"
 2918      72656164 
 2918      732E6300 
 2919 02dd 06       		.uleb128 0x6
 2920 02de 00       		.uleb128 0
 2921 02df 00       		.uleb128 0
 2922 02e0 63687674 		.ascii	"chvt.h\000"
 2922      2E6800
 2923 02e7 05       		.uleb128 0x5
 2924 02e8 00       		.uleb128 0
 2925 02e9 00       		.uleb128 0
 2926 02ea 63687379 		.ascii	"chsys.h\000"
 2926      732E6800 
 2927 02f2 05       		.uleb128 0x5
 2928 02f3 00       		.uleb128 0
 2929 02f4 00       		.uleb128 0
 2930 02f5 6368636F 		.ascii	"chcore_timer.h\000"
 2930      72655F74 
 2930      696D6572 
 2930      2E6800
 2931 0304 04       		.uleb128 0x4
 2932 0305 00       		.uleb128 0
 2933 0306 00       		.uleb128 0
 2934 0307 636D7369 		.ascii	"cmsis_gcc.h\000"
 2934      735F6763 
 2934      632E6800 
 2935 0313 01       		.uleb128 0x1
 2936 0314 00       		.uleb128 0
ARM GAS  C:\Users\nello\AppData\Local\Temp\cc46pQ2n.s 			page 54


 2937 0315 00       		.uleb128 0
 2938 0316 00       		.byte	0
 2939              	.LELTP0:
 2940              	.LELT0:
 2941              		.section	.gnu.debuglto_.debug_str,"eMS",%progbits,1
 2942              	.LASF108:
 2943 0000 72656164 		.ascii	"ready_list_t\000"
 2943      795F6C69 
 2943      73745F74 
 2943      00
 2944              	.LASF50:
 2945 000d 72666375 		.ascii	"rfcu\000"
 2945      00
 2946              	.LASF4:
 2947 0012 73697A65 		.ascii	"size_t\000"
 2947      5F7400
 2948              	.LASF74:
 2949 0019 64656C74 		.ascii	"delta\000"
 2949      6100
 2950              	.LASF96:
 2951 001f 7264796D 		.ascii	"rdymsg\000"
 2951      736700
 2952              	.LASF118:
 2953 0026 66756E63 		.ascii	"funcp\000"
 2953      7000
 2954              	.LASF18:
 2955 002c 75696E74 		.ascii	"uint64_t\000"
 2955      36345F74 
 2955      00
 2956              	.LASF122:
 2957 0035 63685468 		.ascii	"chThdDequeueAllI\000"
 2957      64446571 
 2957      75657565 
 2957      416C6C49 
 2957      00
 2958              	.LASF5:
 2959 0046 5F5F7569 		.ascii	"__uint8_t\000"
 2959      6E74385F 
 2959      7400
 2960              	.LASF68:
 2961 0050 70726576 		.ascii	"prev\000"
 2961      00
 2962              	.LASF78:
 2963 0055 706F7274 		.ascii	"port_intctx\000"
 2963      5F696E74 
 2963      63747800 
 2964              	.LASF60:
 2965 0061 73797374 		.ascii	"system_debug_t\000"
 2965      656D5F64 
 2965      65627567 
 2965      5F7400
 2966              	.LASF133:
 2967 0070 63685468 		.ascii	"chThdSleepUntilWindowed\000"
 2967      64536C65 
 2967      6570556E 
 2967      74696C57 
 2967      696E646F 
ARM GAS  C:\Users\nello\AppData\Local\Temp\cc46pQ2n.s 			page 55


 2968              	.LASF168:
 2969 0088 63685F71 		.ascii	"ch_queue_dequeue\000"
 2969      75657565 
 2969      5F646571 
 2969      75657565 
 2969      00
 2970              	.LASF49:
 2971 0099 636F7265 		.ascii	"core_id\000"
 2971      5F696400 
 2972              	.LASF119:
 2973 00a1 74687265 		.ascii	"thread_descriptor_t\000"
 2973      61645F64 
 2973      65736372 
 2973      6970746F 
 2973      725F7400 
 2974              	.LASF69:
 2975 00b5 63685F70 		.ascii	"ch_priority_queue_t\000"
 2975      72696F72 
 2975      6974795F 
 2975      71756575 
 2975      655F7400 
 2976              	.LASF81:
 2977 00c9 706F7274 		.ascii	"port_context\000"
 2977      5F636F6E 
 2977      74657874 
 2977      00
 2978              	.LASF117:
 2979 00d6 77656E64 		.ascii	"wend\000"
 2979      00
 2980              	.LASF14:
 2981 00db 6C6F6E67 		.ascii	"long long unsigned int\000"
 2981      206C6F6E 
 2981      6720756E 
 2981      7369676E 
 2981      65642069 
 2982              	.LASF97:
 2983 00f2 65786974 		.ascii	"exitcode\000"
 2983      636F6465 
 2983      00
 2984              	.LASF52:
 2985 00fb 6D61696E 		.ascii	"mainthread\000"
 2985      74687265 
 2985      616400
 2986              	.LASF100:
 2987 0106 73656E74 		.ascii	"sentmsg\000"
 2987      6D736700 
 2988              	.LASF87:
 2989 010e 76697274 		.ascii	"virtual_timers_list_t\000"
 2989      75616C5F 
 2989      74696D65 
 2989      72735F6C 
 2989      6973745F 
 2990              	.LASF65:
 2991 0124 6E657874 		.ascii	"next\000"
 2991      00
 2992              	.LASF92:
 2993 0129 63685F74 		.ascii	"ch_threads_queue\000"
ARM GAS  C:\Users\nello\AppData\Local\Temp\cc46pQ2n.s 			page 56


 2993      68726561 
 2993      64735F71 
 2993      75657565 
 2993      00
 2994              	.LASF8:
 2995 013a 73686F72 		.ascii	"short unsigned int\000"
 2995      7420756E 
 2995      7369676E 
 2995      65642069 
 2995      6E7400
 2996              	.LASF36:
 2997 014d 72656673 		.ascii	"refs\000"
 2997      00
 2998              	.LASF1:
 2999 0152 6C6F6E67 		.ascii	"long long int\000"
 2999      206C6F6E 
 2999      6720696E 
 2999      7400
 3000              	.LASF3:
 3001 0160 7369676E 		.ascii	"signed char\000"
 3001      65642063 
 3001      68617200 
 3002              	.LASF177:
 3003 016c 63685469 		.ascii	"chTimeIsInRangeX\000"
 3003      6D654973 
 3003      496E5261 
 3003      6E676558 
 3003      00
 3004              	.LASF144:
 3005 017d 63685468 		.ascii	"chThdExit\000"
 3005      64457869 
 3005      7400
 3006              	.LASF73:
 3007 0187 63685F64 		.ascii	"ch_delta_list\000"
 3007      656C7461 
 3007      5F6C6973 
 3007      7400
 3008              	.LASF153:
 3009 0195 63685468 		.ascii	"chThdCreateSuspendedI\000"
 3009      64437265 
 3009      61746553 
 3009      75737065 
 3009      6E646564 
 3010              	.LASF166:
 3011 01ab 62617365 		.ascii	"basePri\000"
 3011      50726900 
 3012              	.LASF47:
 3013 01b3 76746C69 		.ascii	"vtlist\000"
 3013      737400
 3014              	.LASF163:
 3015 01ba 706F7274 		.ascii	"port_unlock\000"
 3015      5F756E6C 
 3015      6F636B00 
 3016              	.LASF151:
 3017 01c6 63685468 		.ascii	"chThdCreateI\000"
 3017      64437265 
 3017      61746549 
ARM GAS  C:\Users\nello\AppData\Local\Temp\cc46pQ2n.s 			page 57


 3017      00
 3018              	.LASF37:
 3019 01d3 77616974 		.ascii	"waiting\000"
 3019      696E6700 
 3020              	.LASF34:
 3021 01db 73746174 		.ascii	"state\000"
 3021      6500
 3022              	.LASF10:
 3023 01e1 6C6F6E67 		.ascii	"long int\000"
 3023      20696E74 
 3023      00
 3024              	.LASF22:
 3025 01ea 74737461 		.ascii	"tstate_t\000"
 3025      74655F74 
 3025      00
 3026              	.LASF176:
 3027 01f3 63685F6C 		.ascii	"ch_list_init\000"
 3027      6973745F 
 3027      696E6974 
 3027      00
 3028              	.LASF54:
 3029 0200 63685F72 		.ascii	"ch_rfcu\000"
 3029      66637500 
 3030              	.LASF62:
 3031 0208 73797369 		.ascii	"sysinterval_t\000"
 3031      6E746572 
 3031      76616C5F 
 3031      7400
 3032              	.LASF67:
 3033 0216 63685F71 		.ascii	"ch_queue\000"
 3033      75657565 
 3033      00
 3034              	.LASF170:
 3035 021f 63685F71 		.ascii	"ch_queue_insert\000"
 3035      75657565 
 3035      5F696E73 
 3035      65727400 
 3036              	.LASF89:
 3037 022f 71756575 		.ascii	"queue\000"
 3037      6500
 3038              	.LASF169:
 3039 0235 63685F71 		.ascii	"ch_queue_fifo_remove\000"
 3039      75657565 
 3039      5F666966 
 3039      6F5F7265 
 3039      6D6F7665 
 3040              	.LASF72:
 3041 024a 63685F64 		.ascii	"ch_delta_list_t\000"
 3041      656C7461 
 3041      5F6C6973 
 3041      745F7400 
 3042              	.LASF123:
 3043 025a 63685468 		.ascii	"chThdDequeueNextI\000"
 3043      64446571 
 3043      75657565 
 3043      4E657874 
 3043      4900
ARM GAS  C:\Users\nello\AppData\Local\Temp\cc46pQ2n.s 			page 58


 3044              	.LASF88:
 3045 026c 63685F72 		.ascii	"ch_registry\000"
 3045      65676973 
 3045      74727900 
 3046              	.LASF136:
 3047 0278 696E7465 		.ascii	"interval\000"
 3047      7276616C 
 3047      00
 3048              	.LASF128:
 3049 0281 63685468 		.ascii	"chThdResumeI\000"
 3049      64526573 
 3049      756D6549 
 3049      00
 3050              	.LASF55:
 3051 028e 6D61736B 		.ascii	"mask\000"
 3051      00
 3052              	.LASF126:
 3053 0293 63685468 		.ascii	"chThdResumeS\000"
 3053      64526573 
 3053      756D6553 
 3053      00
 3054              	.LASF110:
 3055 02a0 6D61696E 		.ascii	"mainthread_base\000"
 3055      74687265 
 3055      61645F62 
 3055      61736500 
 3056              	.LASF120:
 3057 02b0 6D757465 		.ascii	"mutex_t\000"
 3057      785F7400 
 3058              	.LASF139:
 3059 02b8 63685468 		.ascii	"chThdSetPriority\000"
 3059      64536574 
 3059      5072696F 
 3059      72697479 
 3059      00
 3060              	.LASF27:
 3061 02c9 636E745F 		.ascii	"cnt_t\000"
 3061      7400
 3062              	.LASF159:
 3063 02cf 63685654 		.ascii	"chVTGetSystemTimeX\000"
 3063      47657453 
 3063      79737465 
 3063      6D54696D 
 3063      655800
 3064              	.LASF0:
 3065 02e2 756E7369 		.ascii	"unsigned int\000"
 3065      676E6564 
 3065      20696E74 
 3065      00
 3066              	.LASF76:
 3067 02ef 6C725F74 		.ascii	"lr_thd\000"
 3067      686400
 3068              	.LASF101:
 3069 02f6 77747365 		.ascii	"wtsemp\000"
 3069      6D7000
 3070              	.LASF99:
 3071 02fd 77747472 		.ascii	"wttrp\000"
ARM GAS  C:\Users\nello\AppData\Local\Temp\cc46pQ2n.s 			page 59


 3071      7000
 3072              	.LASF30:
 3073 0303 72717565 		.ascii	"rqueue\000"
 3073      756500
 3074              	.LASF66:
 3075 030a 63685F71 		.ascii	"ch_queue_t\000"
 3075      75657565 
 3075      5F7400
 3076              	.LASF156:
 3077 0315 63685468 		.ascii	"chThdSleepS\000"
 3077      64536C65 
 3077      65705300 
 3078              	.LASF124:
 3079 0321 74696D65 		.ascii	"timeout\000"
 3079      6F757400 
 3080              	.LASF152:
 3081 0329 63685468 		.ascii	"chThdCreateSuspended\000"
 3081      64437265 
 3081      61746553 
 3081      75737065 
 3081      6E646564 
 3082              	.LASF32:
 3083 033e 6E616D65 		.ascii	"name\000"
 3083      00
 3084              	.LASF180:
 3085 0343 474E5520 		.ascii	"GNU C17 10.3.1 20210824 (release) -mcpu=cortex-m4 -"
 3085      43313720 
 3085      31302E33 
 3085      2E312032 
 3085      30323130 
 3086 0376 6D746875 		.ascii	"mthumb -mfloat-abi=soft -march=armv7e-m -ggdb -O2 -"
 3086      6D62202D 
 3086      6D666C6F 
 3086      61742D61 
 3086      62693D73 
 3087 03a9 666F6D69 		.ascii	"fomit-frame-pointer -falign-functions=16 -ffunction"
 3087      742D6672 
 3087      616D652D 
 3087      706F696E 
 3087      74657220 
 3088 03dc 2D736563 		.ascii	"-sections -fdata-sections -fno-common -flto\000"
 3088      74696F6E 
 3088      73202D66 
 3088      64617461 
 3088      2D736563 
 3089              	.LASF42:
 3090 0408 6D706F6F 		.ascii	"mpool\000"
 3090      6C00
 3091              	.LASF149:
 3092 040e 73697A65 		.ascii	"size\000"
 3092      00
 3093              	.LASF79:
 3094 0413 62617365 		.ascii	"basepri\000"
 3094      70726900 
 3095              	.LASF44:
 3096 041b 63685F74 		.ascii	"ch_thread\000"
 3096      68726561 
ARM GAS  C:\Users\nello\AppData\Local\Temp\cc46pQ2n.s 			page 60


 3096      6400
 3097              	.LASF127:
 3098 0425 63757272 		.ascii	"currtp\000"
 3098      747000
 3099              	.LASF25:
 3100 042c 6D73675F 		.ascii	"msg_t\000"
 3100      7400
 3101              	.LASF39:
 3102 0432 6570656E 		.ascii	"epending\000"
 3102      64696E67 
 3102      00
 3103              	.LASF174:
 3104 043b 63685F6C 		.ascii	"ch_list_link\000"
 3104      6973745F 
 3104      6C696E6B 
 3104      00
 3105              	.LASF140:
 3106 0448 6E657770 		.ascii	"newprio\000"
 3106      72696F00 
 3107              	.LASF21:
 3108 0450 746D6F64 		.ascii	"tmode_t\000"
 3108      655F7400 
 3109              	.LASF138:
 3110 0458 63685468 		.ascii	"chThdTerminate\000"
 3110      64546572 
 3110      6D696E61 
 3110      746500
 3111              	.LASF64:
 3112 0467 63685F6C 		.ascii	"ch_list\000"
 3112      69737400 
 3113              	.LASF106:
 3114 046f 63685F72 		.ascii	"ch_ready_list\000"
 3114      65616479 
 3114      5F6C6973 
 3114      7400
 3115              	.LASF26:
 3116 047d 6576656E 		.ascii	"eventmask_t\000"
 3116      746D6173 
 3116      6B5F7400 
 3117              	.LASF146:
 3118 0489 63685468 		.ascii	"chThdAddRef\000"
 3118      64416464 
 3118      52656600 
 3119              	.LASF141:
 3120 0495 6F6C6470 		.ascii	"oldprio\000"
 3120      72696F00 
 3121              	.LASF80:
 3122 049d 6C725F65 		.ascii	"lr_exc\000"
 3122      786300
 3123              	.LASF38:
 3124 04a4 6D736771 		.ascii	"msgqueue\000"
 3124      75657565 
 3124      00
 3125              	.LASF20:
 3126 04ad 73746B61 		.ascii	"stkalign_t\000"
 3126      6C69676E 
 3126      5F7400
ARM GAS  C:\Users\nello\AppData\Local\Temp\cc46pQ2n.s 			page 61


 3127              	.LASF148:
 3128 04b8 63685468 		.ascii	"chThdCreateStatic\000"
 3128      64437265 
 3128      61746553 
 3128      74617469 
 3128      6300
 3129              	.LASF112:
 3130 04ca 69646C65 		.ascii	"idlethread_base\000"
 3130      74687265 
 3130      61645F62 
 3130      61736500 
 3131              	.LASF86:
 3132 04da 6C617374 		.ascii	"laststamp\000"
 3132      7374616D 
 3132      7000
 3133              	.LASF41:
 3134 04e4 7265616C 		.ascii	"realprio\000"
 3134      7072696F 
 3134      00
 3135              	.LASF131:
 3136 04ed 63685468 		.ascii	"chThdSuspendTimeoutS\000"
 3136      64537573 
 3136      70656E64 
 3136      54696D65 
 3136      6F757453 
 3137              	.LASF53:
 3138 0502 72666375 		.ascii	"rfcu_mask_t\000"
 3138      5F6D6173 
 3138      6B5F7400 
 3139              	.LASF91:
 3140 050e 74687265 		.ascii	"thread_reference_t\000"
 3140      61645F72 
 3140      65666572 
 3140      656E6365 
 3140      5F7400
 3141              	.LASF83:
 3142 0521 63685F76 		.ascii	"ch_virtual_timers_list\000"
 3142      69727475 
 3142      616C5F74 
 3142      696D6572 
 3142      735F6C69 
 3143              	.LASF157:
 3144 0538 7469636B 		.ascii	"ticks\000"
 3144      7300
 3145              	.LASF2:
 3146 053e 6C6F6E67 		.ascii	"long double\000"
 3146      20646F75 
 3146      626C6500 
 3147              	.LASF63:
 3148 054a 63685F6C 		.ascii	"ch_list_t\000"
 3148      6973745F 
 3148      7400
 3149              	.LASF171:
 3150 0554 63685F71 		.ascii	"ch_queue_notempty\000"
 3150      75657565 
 3150      5F6E6F74 
 3150      656D7074 
ARM GAS  C:\Users\nello\AppData\Local\Temp\cc46pQ2n.s 			page 62


 3150      7900
 3151              	.LASF109:
 3152 0566 63685F6F 		.ascii	"ch_os_instance_config\000"
 3152      735F696E 
 3152      7374616E 
 3152      63655F63 
 3152      6F6E6669 
 3153              	.LASF116:
 3154 057c 77626173 		.ascii	"wbase\000"
 3154      6500
 3155              	.LASF75:
 3156 0582 706F7274 		.ascii	"port_extctx\000"
 3156      5F657874 
 3156      63747800 
 3157              	.LASF134:
 3158 058e 74696D65 		.ascii	"time\000"
 3158      00
 3159              	.LASF71:
 3160 0593 7072696F 		.ascii	"prio\000"
 3160      00
 3161              	.LASF147:
 3162 0598 63685468 		.ascii	"chThdStart\000"
 3162      64537461 
 3162      727400
 3163              	.LASF137:
 3164 05a3 63685468 		.ascii	"chThdSleep\000"
 3164      64536C65 
 3164      657000
 3165              	.LASF132:
 3166 05ae 63685468 		.ascii	"chThdSuspendS\000"
 3166      64537573 
 3166      70656E64 
 3166      5300
 3167              	.LASF13:
 3168 05bc 5F5F7569 		.ascii	"__uint64_t\000"
 3168      6E743634 
 3168      5F7400
 3169              	.LASF150:
 3170 05c7 63685468 		.ascii	"chThdCreate\000"
 3170      64437265 
 3170      61746500 
 3171              	.LASF28:
 3172 05d3 636F7265 		.ascii	"core_id_t\000"
 3172      5F69645F 
 3172      7400
 3173              	.LASF23:
 3174 05dd 74726566 		.ascii	"trefs_t\000"
 3174      735F7400 
 3175              	.LASF179:
 3176 05e5 63685469 		.ascii	"chTimeDiffX\000"
 3176      6D654469 
 3176      66665800 
 3177              	.LASF24:
 3178 05f1 74707269 		.ascii	"tprio_t\000"
 3178      6F5F7400 
 3179              	.LASF57:
 3180 05f9 63685F73 		.ascii	"ch_system_debug\000"
ARM GAS  C:\Users\nello\AppData\Local\Temp\cc46pQ2n.s 			page 63


 3180      79737465 
 3180      6D5F6465 
 3180      62756700 
 3181              	.LASF121:
 3182 0609 5F426F6F 		.ascii	"_Bool\000"
 3182      6C00
 3183              	.LASF16:
 3184 060f 696E7433 		.ascii	"int32_t\000"
 3184      325F7400 
 3185              	.LASF6:
 3186 0617 756E7369 		.ascii	"unsigned char\000"
 3186      676E6564 
 3186      20636861 
 3186      7200
 3187              	.LASF181:
 3188 0625 2E2E2F2E 		.ascii	"../../chibios2111/os/rt/src/chthreads.c\000"
 3188      2E2F6368 
 3188      6962696F 
 3188      73323131 
 3188      312F6F73 
 3189              	.LASF175:
 3190 064d 63685F6C 		.ascii	"ch_list_notempty\000"
 3190      6973745F 
 3190      6E6F7465 
 3190      6D707479 
 3190      00
 3191              	.LASF56:
 3192 065e 72666375 		.ascii	"rfcu_t\000"
 3192      5F7400
 3193              	.LASF113:
 3194 0665 69646C65 		.ascii	"idlethread_end\000"
 3194      74687265 
 3194      61645F65 
 3194      6E6400
 3195              	.LASF7:
 3196 0674 73686F72 		.ascii	"short int\000"
 3196      7420696E 
 3196      7400
 3197              	.LASF85:
 3198 067e 6C617374 		.ascii	"lasttime\000"
 3198      74696D65 
 3198      00
 3199              	.LASF167:
 3200 0687 63685468 		.ascii	"chThdGetWorkingAreaX\000"
 3200      64476574 
 3200      576F726B 
 3200      696E6741 
 3200      72656158 
 3201              	.LASF77:
 3202 069c 78707372 		.ascii	"xpsr\000"
 3202      00
 3203              	.LASF154:
 3204 06a1 5F5F7468 		.ascii	"__thd_object_init\000"
 3204      645F6F62 
 3204      6A656374 
 3204      5F696E69 
 3204      7400
ARM GAS  C:\Users\nello\AppData\Local\Temp\cc46pQ2n.s 			page 64


 3205              	.LASF103:
 3206 06b3 65776D61 		.ascii	"ewmask\000"
 3206      736B00
 3207              	.LASF129:
 3208 06ba 5F5F6675 		.ascii	"__func__\000"
 3208      6E635F5F 
 3208      00
 3209              	.LASF162:
 3210 06c3 63685379 		.ascii	"chSysLock\000"
 3210      734C6F63 
 3210      6B00
 3211              	.LASF145:
 3212 06cd 63685468 		.ascii	"chThdRelease\000"
 3212      6452656C 
 3212      65617365 
 3212      00
 3213              	.LASF104:
 3214 06da 63685F73 		.ascii	"ch_semaphore\000"
 3214      656D6170 
 3214      686F7265 
 3214      00
 3215              	.LASF90:
 3216 06e7 72656769 		.ascii	"registry_t\000"
 3216      73747279 
 3216      5F7400
 3217              	.LASF17:
 3218 06f2 75696E74 		.ascii	"uint32_t\000"
 3218      33325F74 
 3218      00
 3219              	.LASF102:
 3220 06fb 77746D74 		.ascii	"wtmtxp\000"
 3220      787000
 3221              	.LASF125:
 3222 0702 63685468 		.ascii	"chThdResume\000"
 3222      64526573 
 3222      756D6500 
 3223              	.LASF31:
 3224 070e 6F776E65 		.ascii	"owner\000"
 3224      7200
 3225              	.LASF82:
 3226 0714 72656773 		.ascii	"regs\000"
 3226      00
 3227              	.LASF12:
 3228 0719 6C6F6E67 		.ascii	"long unsigned int\000"
 3228      20756E73 
 3228      69676E65 
 3228      6420696E 
 3228      7400
 3229              	.LASF33:
 3230 072b 77616261 		.ascii	"wabase\000"
 3230      736500
 3231              	.LASF59:
 3232 0732 63686172 		.ascii	"char\000"
 3232      00
 3233              	.LASF135:
 3234 0737 63685468 		.ascii	"chThdSleepUntil\000"
 3234      64536C65 
ARM GAS  C:\Users\nello\AppData\Local\Temp\cc46pQ2n.s 			page 65


 3234      6570556E 
 3234      74696C00 
 3235              	.LASF51:
 3236 0747 636F6E66 		.ascii	"config\000"
 3236      696700
 3237              	.LASF115:
 3238 074e 7466756E 		.ascii	"tfunc_t\000"
 3238      635F7400 
 3239              	.LASF29:
 3240 0756 74687265 		.ascii	"thread_t\000"
 3240      61645F74 
 3240      00
 3241              	.LASF155:
 3242 075f 63685468 		.ascii	"chThdDoDequeueNextI\000"
 3242      64446F44 
 3242      65717565 
 3242      75654E65 
 3242      78744900 
 3243              	.LASF84:
 3244 0773 646C6973 		.ascii	"dlist\000"
 3244      7400
 3245              	.LASF61:
 3246 0779 73797374 		.ascii	"systime_t\000"
 3246      696D655F 
 3246      7400
 3247              	.LASF9:
 3248 0783 5F5F696E 		.ascii	"__int32_t\000"
 3248      7433325F 
 3248      7400
 3249              	.LASF11:
 3250 078d 5F5F7569 		.ascii	"__uint32_t\000"
 3250      6E743332 
 3250      5F7400
 3251              	.LASF165:
 3252 0798 5F5F7365 		.ascii	"__set_BASEPRI\000"
 3252      745F4241 
 3252      53455052 
 3252      4900
 3253              	.LASF58:
 3254 07a6 70616E69 		.ascii	"panic_msg\000"
 3254      635F6D73 
 3254      6700
 3255              	.LASF95:
 3256 07b0 70717565 		.ascii	"pqueue\000"
 3256      756500
 3257              	.LASF45:
 3258 07b7 63685F6F 		.ascii	"ch_os_instance\000"
 3258      735F696E 
 3258      7374616E 
 3258      636500
 3259              	.LASF182:
 3260 07c6 433A5C43 		.ascii	"C:\\ChibiStudio\\workspace_user\\GestureLogicv3\000"
 3260      68696269 
 3260      53747564 
 3260      696F5C77 
 3260      6F726B73 
 3261              	.LASF43:
ARM GAS  C:\Users\nello\AppData\Local\Temp\cc46pQ2n.s 			page 66


 3262 07f3 6F735F69 		.ascii	"os_instance_t\000"
 3262      6E737461 
 3262      6E63655F 
 3262      7400
 3263              	.LASF48:
 3264 0801 7265676C 		.ascii	"reglist\000"
 3264      69737400 
 3265              	.LASF70:
 3266 0809 63685F70 		.ascii	"ch_priority_queue\000"
 3266      72696F72 
 3266      6974795F 
 3266      71756575 
 3266      6500
 3267              	.LASF172:
 3268 081b 63685F71 		.ascii	"ch_queue_init\000"
 3268      75657565 
 3268      5F696E69 
 3268      7400
 3269              	.LASF161:
 3270 0829 706F7274 		.ascii	"port_timer_get_time\000"
 3270      5F74696D 
 3270      65725F67 
 3270      65745F74 
 3270      696D6500 
 3271              	.LASF142:
 3272 083d 63685468 		.ascii	"chThdWait\000"
 3272      64576169 
 3272      7400
 3273              	.LASF111:
 3274 0847 6D61696E 		.ascii	"mainthread_end\000"
 3274      74687265 
 3274      61645F65 
 3274      6E6400
 3275              	.LASF107:
 3276 0856 63757272 		.ascii	"current\000"
 3276      656E7400 
 3277              	.LASF114:
 3278 085e 6F735F69 		.ascii	"os_instance_config_t\000"
 3278      6E737461 
 3278      6E63655F 
 3278      636F6E66 
 3278      69675F74 
 3279              	.LASF93:
 3280 0873 74687265 		.ascii	"threads_queue_t\000"
 3280      6164735F 
 3280      71756575 
 3280      655F7400 
 3281              	.LASF105:
 3282 0883 63685F6D 		.ascii	"ch_mutex\000"
 3282      75746578 
 3282      00
 3283              	.LASF46:
 3284 088c 726C6973 		.ascii	"rlist\000"
 3284      7400
 3285              	.LASF158:
 3286 0892 63685468 		.ascii	"chThdGetSelfX\000"
 3286      64476574 
ARM GAS  C:\Users\nello\AppData\Local\Temp\cc46pQ2n.s 			page 67


 3286      53656C66 
 3286      5800
 3287              	.LASF15:
 3288 08a0 75696E74 		.ascii	"uint8_t\000"
 3288      385F7400 
 3289              	.LASF35:
 3290 08a8 666C6167 		.ascii	"flags\000"
 3290      7300
 3291              	.LASF183:
 3292 08ae 63685468 		.ascii	"chThdYield\000"
 3292      64596965 
 3292      6C6400
 3293              	.LASF98:
 3294 08b9 77746F62 		.ascii	"wtobjp\000"
 3294      6A7000
 3295              	.LASF160:
 3296 08c0 63685379 		.ascii	"chSysUnlock\000"
 3296      73556E6C 
 3296      6F636B00 
 3297              	.LASF178:
 3298 08cc 73746172 		.ascii	"start\000"
 3298      7400
 3299              	.LASF94:
 3300 08d2 6C697374 		.ascii	"list\000"
 3300      00
 3301              	.LASF164:
 3302 08d7 706F7274 		.ascii	"port_lock\000"
 3302      5F6C6F63 
 3302      6B00
 3303              	.LASF40:
 3304 08e1 6D74786C 		.ascii	"mtxlist\000"
 3304      69737400 
 3305              	.LASF19:
 3306 08e9 706F7274 		.ascii	"port_stkalign_t\000"
 3306      5F73746B 
 3306      616C6967 
 3306      6E5F7400 
 3307              	.LASF173:
 3308 08f9 63685F6C 		.ascii	"ch_list_unlink\000"
 3308      6973745F 
 3308      756E6C69 
 3308      6E6B00
 3309              	.LASF130:
 3310 0908 63685468 		.ascii	"chThdEnqueueTimeoutS\000"
 3310      64456E71 
 3310      75657565 
 3310      54696D65 
 3310      6F757453 
 3311              	.LASF143:
 3312 091d 63685468 		.ascii	"chThdExitS\000"
 3312      64457869 
 3312      745300
 3313              		.text
 3314              		.section	.gnu.lto_.profile.6c44ca83,"e",%progbits
 3315 0000 789C6362 		.ascii	"x\234cb\000\001\000\000\022\000\003"
 3315      00010000 
 3315      120003
ARM GAS  C:\Users\nello\AppData\Local\Temp\cc46pQ2n.s 			page 68


 3316              		.text
 3317              		.section	.gnu.lto_.icf.6c44ca83,"e",%progbits
 3318 0000 789C01AD 		.ascii	"x\234\001\255\000R\377\241\000\000\000\000\000\000\000"
 3318      0052FFA1 
 3318      00000000 
 3318      000000
 3319 000f 00000000 		.ascii	"\000\000\000\000\033\000\237\270\311\015\001\376\255"
 3319      1B009FB8 
 3319      C90D01FE 
 3319      AD
 3320 001c E6F80302 		.ascii	"\346\370\003\002\345\210\300\214\006\005\374\267\264"
 3320      E588C08C 
 3320      0605FCB7 
 3320      B4
 3321 0029 9B0C06A4 		.ascii	"\233\014\006\244\371\315\275\006\007\333\362\340\223"
 3321      F9CDBD06 
 3321      07DBF2E0 
 3321      93
 3322 0036 02089993 		.ascii	"\002\010\231\223\367\277\013\011\360\275\373\242\002"
 3322      F7BF0B09 
 3322      F0BDFBA2 
 3322      02
 3323 0043 0AAB89CA 		.ascii	"\012\253\211\312\350\016\013\260\375\332\224\002\014"
 3323      E80E0BB0 
 3323      FDDA9402 
 3323      0C
 3324 0050 FCE8A4FF 		.ascii	"\374\350\244\377\003\015\262\324\262\337\016\016\355"
 3324      030DB2D4 
 3324      B2DF0E0E 
 3324      ED
 3325 005d D7A7EB05 		.ascii	"\327\247\353\005\017\336\361\307'\020\310\244\204\363"
 3325      0FDEF1C7 
 3325      2710C8A4 
 3325      84F3
 3326 006b 06118F96 		.ascii	"\006\021\217\226\233\243\003\022\201\346\252\216\001"
 3326      9BA30312 
 3326      81E6AA8E 
 3326      01
 3327 0078 13D187DC 		.ascii	"\023\321\207\334\322\012\024\270\364\246\267\005\025"
 3327      D20A14B8 
 3327      F4A6B705 
 3327      15
 3328 0085 FBD5A3FA 		.ascii	"\373\325\243\372\003\026\240\272\261\314\015\027\215"
 3328      0316A0BA 
 3328      B1CC0D17 
 3328      8D
 3329 0092 DCB6C906 		.ascii	"\334\266\311\006\030\246\330\376\030\031\244\252\200"
 3329      18A6D8FE 
 3329      1819A4AA 
 3329      80
 3330 009f B3021AC7 		.ascii	"\263\002\032\307\365\322\225\010\033\250\231\213\367"
 3330      F5D29508 
 3330      1BA8998B 
 3330      F7
 3331 00ac 091CDF9A 		.ascii	"\011\034\337\232\340\202\012\000\223\025R\224"
 3331      E0820A00 
 3331      93155294 
ARM GAS  C:\Users\nello\AppData\Local\Temp\cc46pQ2n.s 			page 69


 3332              		.text
 3333              		.section	.gnu.lto_.ipa_sra.6c44ca83,"e",%progbits
 3334 0000 789C7D50 		.ascii	"x\234}P\355\022\2020\014k\332\001CQQ\361\023\037\326"
 3334      ED128230 
 3334      0C6BDA01 
 3334      435151F1 
 3334      131FD6
 3335 0013 87D983BA 		.ascii	"\207\331\203\272R:9\316\263?\2664Ks\315\300Tj$\350\005"
 3335      523A39CE 
 3335      B33FB634 
 3335      4B73CDC0 
 3335      546A24E8 
 3336 0028 E8059ECE 		.ascii	"\350\005\236\316\251\017\264*a\324I(\011( \011'\221"
 3336      A90FB42A 
 3336      61D44928 
 3336      09282009 
 3336      2791
 3337 003a E0202A08 		.ascii	"\340 *\010I\252NA\2265\275\202\230\244\035B\366\013"
 3337      49AA4E41 
 3337      9635BD82 
 3337      98A41D42 
 3337      F60B
 3338 004c 52812235 		.ascii	"R\201\"5\002\274\2631\327s\247\276\234\271\216(6\306"
 3338      02BCB331 
 3338      D773A7BE 
 3338      9CB98E28 
 3338      36C6
 3339 005e 95DD605A 		.ascii	"\225\335`Z\212\325z\223i\033B\213\031l\014l\261\030"
 3339      8AD57A93 
 3339      691B428B 
 3339      196C0C6C 
 3339      B118
 3340 0070 43679DC5 		.ascii	"Cg\235\305S\264\263\\\026t\357\263\372~\360\246\267"
 3340      53B4B35C 
 3340      1674EFB3 
 3340      FA7EF0A6 
 3340      B7
 3341 0081 99A32999 		.ascii	"\231\243)\231\3743Nk\202\3355\327\231gV\035\226\017"
 3341      FC334E6B 
 3341      82DD35D7 
 3341      9967561D 
 3341      960F
 3342 0093 83BA5FFC 		.ascii	"\203\272_\374\345\352\301`\021u\017f\270\376\366\315"
 3342      E5EAC160 
 3342      11750F66 
 3342      B8FEF6CD 
 3343 00a3 4DB8172D 		.ascii	"M\270\027-\212\026\217_\344\363\277\353\270\374M=_k"
 3343      8A168F5F 
 3343      E4F3BFEB 
 3343      B8FC4D3D 
 3343      5F6B
 3344 00b5 823ED310 		.ascii	"\202>\323\020\015&"
 3344      0D26
 3345              		.text
 3346              		.section	.gnu.lto_.inline.6c44ca83,"e",%progbits
 3347 0000 789CAD55 		.ascii	"x\234\255U\313NTA\020=\335}\347u\347\316\013\020y\270"
 3347      CB4E5441 
ARM GAS  C:\Users\nello\AppData\Local\Temp\cc46pQ2n.s 			page 70


 3347      103DDD7D 
 3347      E775E7CE 
 3347      0B1079B8 
 3348 0014 20912F70 		.ascii	" \221/p\341\232/\230o\020d\006\342\316\03703\361\221"
 3348      E19A2F98 
 3348      6F106406 
 3348      E2CE1F30 
 3348      33F191
 3349 0027 185F83B8 		.ascii	"\030_\203\270\020\242\021\221\304G\224h$1\272@bbb\220"
 3349      10A21191 
 3349      C4479468 
 3349      2431BA40 
 3349      62626290 
 3350 003b B880A891 		.ascii	"\270\200\250\221\015\206D\\\240\211\011l\014\321XU="
 3350      0D86445C 
 3350      A089096C 
 3350      0CD15855 
 3350      3D
 3351 004c 77EE9DEB 		.ascii	"w\356\235\353\200,dAW\327\255\252s\372tu\315\2578\032"
 3351      802C6441 
 3351      57D7ADAA 
 3351      73FA7475 
 3351      CDAF381A 
 3352 0060 7FBD40D7 		.ascii	"\177\275@\327\352\203\367/\364\210\202\356\251V*\025"
 3352      EA83F72F 
 3352      F48882EE 
 3352      A9562A15 
 3353 0070 5D06BCD3 		.ascii	"]\006\274\323l\22444\205\3504\375S\265\242\361xS+\326"
 3353      6C943434 
 3353      85E834FD 
 3353      53B5A2F1 
 3353      78532BD6 
 3354 0084 8A0A1DF4 		.ascii	"\212\012\035\364\3751\345h\250\031\343\362wZ9N\267\321"
 3354      FD31E568 
 3354      A819E3F2 
 3354      775A394E 
 3354      B7D1
 3355 0096 9729AED1 		.ascii	"\227)\256\321I\306\202.\327k\3400mkzT\3059C\303\014"
 3355      49C6822E 
 3355      D76BE030 
 3355      6D6B7A54 
 3355      C53943C3 
 3356 00ab A06EF489 		.ascii	"\240n\364\211\021\207\251(\261\2220S\326\002\014\304"
 3356      1187A928 
 3356      B1923053 
 3356      D6020CC4 
 3357 00bb 70608E21 		.ascii	"p`\216!{\204+\230\021 ^av\303\\Y\2119\244\341P%\266"
 3357      7B842B98 
 3357      11205E61 
 3357      76C35C59 
 3357      8939A4E1 
 3358 00d2 CD713881 		.ascii	"\315q8\2017\331\210@2\360\346\003o>\360\366\005\336"
 3358      37D98840 
 3358      32F0E603 
 3358      6F3EF0F6 
 3358      05DE
 3359 00e4 BEC03B10 		.ascii	"\276\300;\020x\007\002oE\005n\246\215\030\222\262e\025"
ARM GAS  C:\Users\nello\AppData\Local\Temp\cc46pQ2n.s 			page 71


 3359      7807026F 
 3359      45056EA6 
 3359      8D1892B2 
 3359      6515
 3360 00f6 1D4BAF89 		.ascii	"\035K\257\211'\035\305\203b\025\343H\261B\206#\001\026"
 3360      271DC583 
 3360      6215E348 
 3360      B1428623 
 3360      0116
 3361 0108 FCD42E91 		.ascii	"\374\324.\221\2427\255\011\244YJ\263gm\271\031\370)"
 3361      A237AD09 
 3361      A4594AB3 
 3361      676DB919 
 3361      F829
 3362 011a 49F4D3E7 		.ascii	"I\364\323\347\317$\267\303\027\303^\3261\303\261\264"
 3362      CF24B7C3 
 3362      17C35ED6 
 3362      31C3B1B4 
 3363 012a 666975EA 		.ascii	"fiu\352{\347(_eDV-&K\351\003za\230\324~NkC]\011]0%\012"
 3363      7BE7285F 
 3363      6544562D 
 3363      264BE903 
 3363      7A6198D4 
 3364 0148 B54925D8 		.ascii	"\265I%\330lS\017M#\273s\367\322\035S\246\210\334\273"
 3364      6C530F4D 
 3364      23BB73F7 
 3364      D21D53A6 
 3364      88DCBB
 3365 015b B1C56543 		.ascii	"\261\305eC\021\251*'\01577\240\207\356k\325\371-\201"
 3365      11A92A27 
 3365      0D3737A0 
 3365      87EE6BD5 
 3365      F92D81
 3366 016e EDFFF6E5 		.ascii	"\355\377\366\345\373-n\263x5\004k#mg3z\310P\326\320"
 3366      FB2D6EB3 
 3366      7835046B 
 3366      236D6733 
 3366      7AC850D6 
 3367 0183 6925B532 		.ascii	"i%\2652\302wAP\375\3236\037\301G\315\2420\371t\343\014"
 3367      C2774150 
 3367      FDD3361F 
 3367      C147CDA2 
 3367      30F974E3 
 3368 0198 69099DFF 		.ascii	"i\011\235\377\2724\261\305\374\\1\"\221Q\364\034ro^"
 3368      BA34B1C5 
 3368      FC5C3122 
 3368      9151F41C 
 3368      726F5E
 3369 01ab 6DAE09DF 		.ascii	"m\256\011\337\316+g?\276\024\276a\014\305O\207\232\360"
 3369      CE2B673F 
 3369      BE14BE61 
 3369      0CC54F87 
 3369      9AF0
 3370 01bd 5F1A15F6 		.ascii	"_\032\025\366)8j\3056d\210\356\222t\213+O\260\264[h"
 3370      29386AC5 
 3370      366488EE 
 3370      92748B2B 
ARM GAS  C:\Users\nello\AppData\Local\Temp\cc46pQ2n.s 			page 72


 3370      4FB0B45B 
 3371 01d2 83A81047 		.ascii	"\203\250\020G;rt\252M\312\324\3344\271z\323\344$\205"
 3371      3B7274AA 
 3371      4DCAD4DC 
 3371      34B97AD3 
 3371      E42485
 3372 01e5 4AFE8C54 		.ascii	"J\376\214T\362e\363\366\250\331\021\222\2715q+\301\001"
 3372      F265F3F6 
 3372      A8D91192 
 3372      B935712B 
 3372      C101
 3373 01f7 B8323798 		.ascii	"\27027\230\265\274\017\306J\010\375\346\253\355\204"
 3373      B5BC0FC6 
 3373      4A08FDE6 
 3373      ABED84
 3374 0206 47DE7B14 		.ascii	"G\336{\024\250\230d\236\261ct\340\207\\8A,\237\333\004"
 3374      A898649E 
 3374      B16374E0 
 3374      875C3841 
 3374      2C9FDB04 
 3375 021a 1FCCE116 		.ascii	"\037\314\341\026\317D\311\035\204{\177\365\331o]\246"
 3375      CF44C91D 
 3375      847B7FF5 
 3375      D96F5DA6 
 3376 022a 777C9206 		.ascii	"w|\222\006\327U3c\012\312\0377\0056\342\255\036gx\260"
 3376      D7553363 
 3376      0ACA1F37 
 3376      0536E2AD 
 3376      1E6778B0 
 3377 023e C42C3B1E 		.ascii	"\304,;\036,\237.\256\217\351A\307N\241s\343+\223f\310"
 3377      2C9F2EAE 
 3377      8FE941C7 
 3377      4EA173E3 
 3377      2B9366C8 
 3378 0252 116426ED 		.ascii	"\021d&\355pktE\000\325\234\372\037`\376F\300\370\016"
 3378      706B7445 
 3378      00D59CFA 
 3378      1F60FE46 
 3378      C0F80E
 3379 0265 1C3BA0BB 		.ascii	"\034;\240\273\341\021\334\274\310\356n\324.?\221\216"
 3379      E111DCBC 
 3379      C8EE6ED4 
 3379      2E3F918E 
 3380 0275 7A7BFBC6 		.ascii	"z{\373\306z\364\201\326\212=r\355+\244\250\361\025e"
 3380      7AF481D6 
 3380      8A3D72ED 
 3380      2BA4A8F1 
 3380      1565
 3381 0287 5E6DF5B5 		.ascii	"^m\365\265\235't,E\312\236\227;i%\261\232\340\216\033"
 3381      9D27742C 
 3381      45CA9E97 
 3381      3B6925B1 
 3381      9AE08E1B 
 3382 029b B493D5DA 		.ascii	"\264\223\325\332\310\267\024\276\027\336\366\316\312"
 3382      C8B714BE 
 3382      17DEF6CE 
 3382      CA
ARM GAS  C:\Users\nello\AppData\Local\Temp\cc46pQ2n.s 			page 73


 3383 02a8 9429DB5F 		.ascii	"\224)\333_\016\037\244\203E\210%n~\270\260F\003\034"
 3383      0E1FA483 
 3383      4588256E 
 3383      7EB8B046 
 3383      031C
 3384 02ba 09623AFD 		.ascii	"\011b:\375\267\010\301(\017O%\377\365\035\2027\267="
 3384      B708C128 
 3384      0F4F25FF 
 3384      F51D8237 
 3384      B73D
 3385 02cc FD489F50 		.ascii	"\375H\237P\312/\255\275\037\257g\257\233Q:\373\342\354"
 3385      CA2FADBD 
 3385      1FAF67AF 
 3385      9B513AFB 
 3385      E2EC
 3386 02de F672E3C7 		.ascii	"\366r\343\307\250>\003\360\007\013;r\250"
 3386      A83E03F0 
 3386      070B3B72 
 3386      A8
 3387              		.text
 3388              		.section	.gnu.lto_.jmpfuncs.6c44ca83,"e",%progbits
 3389 0000 789CAD52 		.ascii	"x\234\255RmN\3030\014\365K\002\264\373\312\030\254["
 3389      6D4EC330 
 3389      0CF54B02 
 3389      B4FBCA18 
 3389      AC5B
 3390 0012 57246EBA 		.ascii	"W$n\272\334\2013\354\010h\202\177\334\200#\201\343\244"
 3390      DC8133EC 
 3390      0868827F 
 3390      DC802381 
 3390      E3A4
 3391 0024 9026A5E2 		.ascii	"\220&\245\342\253\222U\305\357\371=\333\311\253\241"
 3391      AB9255C5 
 3391      EFF93DDB 
 3391      C9ABA1
 3392 0033 8FAF2300 		.ascii	"\217\257#\000\356\244\347\212\010/\006\304\361\306\237"
 3392      EEA4E78A 
 3392      082F06C4 
 3392      F1C69F
 3393 0042 259327F2 		.ascii	"%\223'\3623\014\227\302r\361\314\013pl9\032\025\004"
 3393      330C97C2 
 3393      72F1CC0B 
 3393      706C391A 
 3393      1504
 3394 0054 77171EE5 		.ascii	"w\027\036\345\2772\307\242\364\262\307r\300\223\221"
 3394      BF32C7A2 
 3394      F4B2C772 
 3394      C09391
 3395 0063 E5AE22B9 		.ascii	"\345\256\"\271hH=\350\223\336\3433M4fVI'\270\347\246"
 3395      68483DE8 
 3395      93DEE333 
 3395      4D346656 
 3395      4927B8E7 
 3396 0078 961C0BDF 		.ascii	"\226\034\013\337$\307\312\237KM<\"\321\253\343v\314"
 3396      24C7CA9F 
 3396      4B4D3C22 
 3396      D1ABE376 
ARM GAS  C:\Users\nello\AppData\Local\Temp\cc46pQ2n.s 			page 74


 3396      CC
 3397 0089 886E469D 		.ascii	"\210nF\235E\352\274_\350H\311\"`\255\222\326\017\260"
 3397      45EABC5F 
 3397      E848C922 
 3397      60AD92D6 
 3397      0FB0
 3398 009b 825BA94F 		.ascii	"\202[\251OZ\001\274v\230\016\231MA\303\371\027\224b"
 3398      5A01BC76 
 3398      980E994D 
 3398      41C3F917 
 3398      9462
 3399 00ad F1CBB0E4 		.ascii	"\361\313\260\344v\330\265\243\325\3044\375\024\265\344"
 3399      76D8B5A3 
 3399      D5C434FD 
 3399      14B5E4
 3400 00bc EB09EF73 		.ascii	"\353\011\357s\360\026\204l\220lh\035\265\257\203\367"
 3400      F016846C 
 3400      906C681D 
 3400      B5AF83F7 
 3401 00cc DA44BD4A 		.ascii	"\332D\275J\310U\320+m7\241\314\032\205'$\324\211\007"
 3401      C855D02B 
 3401      6D37A1CC 
 3401      1A852724 
 3401      D48907
 3402 00df FC552B74 		.ascii	"\374U+t\303\257U{\261\377\022\274\345\330\206\006\273"
 3402      C3AF557B 
 3402      B1FF12BC 
 3402      E5D88606 
 3402      BB
 3403 00f0 7E3F5A08 		.ascii	"~?Z\010Z\010M4\354\234\014\214g$\2409\342{\236\203\273"
 3403      5A084D34 
 3403      EC9C0C8C 
 3403      6724A039 
 3403      E27B9E83 
 3404 0105 DC25926D 		.ascii	"\334%\222mq\261\373\036\365\267[<\367\201\243\243\366"
 3404      71B1FB1E 
 3404      F5B75B3C 
 3404      F781A3A3 
 3404      F6
 3405 0116 27E44324 		.ascii	"'\344C$o\\rwF\010\346\017\343t\211l9\316\335$J\357g"
 3405      6F5C7277 
 3405      4608E60F 
 3405      E374896C 
 3405      39CEDD24 
 3406 012d 6506B9   		.ascii	"e\006\271"
 3407              		.text
 3408              		.section	.gnu.lto_.pureconst.6c44ca83,"e",%progbits
 3409 0000 789C05C1 		.ascii	"x\234\005\301\207\021\200 \000\003@\360\022{\257(.\345"
 3409      87118020 
 3409      000340F0 
 3409      127BAF28 
 3409      2EE5
 3410 0012 7A1925D3 		.ascii	"z\031%\323\371\377\205\020r0\243P\010t,Se\326fc\266"
 3410      F9FF8510 
 3410      7230A350 
 3410      08742C53 
 3410      65D66663 
ARM GAS  C:\Users\nello\AppData\Local\Temp\cc46pQ2n.s 			page 75


 3411 0027 6667F6C2 		.ascii	"fg\366\302`\216\346d\316\346b\256\346f\356\346!\234"
 3411      608EE664 
 3411      CEE662AE 
 3411      E666EEE6 
 3411      219C
 3412 0039 C22524E1 		.ascii	"\302%$\3416\037!\013\257\360\0035!\024,"
 3412      361F210B 
 3412      AFF00335 
 3412      21142C
 3413              		.text
 3414              		.section	.gnu.lto_.lto.6c44ca83,"e",%progbits
 3415 0000 09000400 		.ascii	"\011\000\004\000\001\000\000\000"
 3415      01000000 
 3416              		.text
 3417              		.section	.gnu.lto___thd_object_init.335.6c44ca83,"e",%progbits
 3418 0000 789C8D54 		.ascii	"x\234\215T]L\034U\024\276\347\336a\226-\205\226\002"
 3418      5D4C1C55 
 3418      14BEE7DE 
 3418      61962D85 
 3418      9602
 3419 0012 6DD29248 		.ascii	"m\322\222HL\324j\"t54\352\223I\037\364\241o>\231\260"
 3419      4CD46A22 
 3419      743534EA 
 3419      93491FF4 
 3419      A16F3E99 
 3420 0027 3174D994 		.ascii	"1t\331\224\215\330]w\227\372`L\247@5\335h)?\341\241"
 3420      8DD85D77 
 3420      97FA604C 
 3420      A74035DD 
 3420      68293FE1 
 3421 003c 82D66563 		.ascii	"\202\326ech\214\377m\200\226\226\255\266`\021\004\266"
 3421      688CFF6D 
 3421      809696AD 
 3421      B6601104 
 3421      B6
 3422 004d AD3FB1B1 		.ascii	"\255?\261\261\021\022\005c*B\0254\264x\316\275wv\247"
 3422      11120563 
 3422      2A421534 
 3422      B478CEBD 
 3422      7776A7
 3423 0060 02C926FB 		.ascii	"\002\311&\3733s\346\373\276\363\235s\317\234\355n\306"
 3423      3373E6FB 
 3423      BEF39D73 
 3423      CF9CED6E 
 3423      C6
 3424 0071 3E638C3D 		.ascii	">c\214=\210_\020\014Z[b\234Y\226\365\264\213\303\341"
 3424      885F100C 
 3424      5A5B629C 
 3424      5996F5B4 
 3424      8BC3E1
 3425 0084 96D870CF 		.ascii	"\226\330p\317i\003\006A\006\200\035\342p\010\332D\247"
 3425      69030641 
 3425      06801DE2 
 3425      7008DA44 
 3425      A7
 3426 0095 80569140 		.ascii	"\200V\221@\260\241\257\000\312\036NZ\326\322\221\023"
 3426      B0A1AF00 
ARM GAS  C:\Users\nello\AppData\Local\Temp\cc46pQ2n.s 			page 76


 3426      CA1E4E5A 
 3426      D6D29113 
 3427 00a5 FDD36667 		.ascii	"\375\323fgO\322H\010\316\336A\300\031\200\323\200\312"
 3427      4FD24808 
 3427      CEDE41C0 
 3427      1980D380 
 3427      CA
 3428 00b6 0C81E279 		.ascii	"\014\201\342y\366\020\202&n\364Y\226\233%\204\200^\310"
 3428      F6108226 
 3428      6EF45996 
 3428      9B258480 
 3428      5EC8
 3429 00c8 60A00F30 		.ascii	"`\240\0170\344m/%dD\"\347\316N\267\025\034\3070\207"
 3429      E46D2F25 
 3429      644422E7 
 3429      CE4EB715 
 3429      1CC73087 
 3430 00dc 7E27F22C 		.ascii	"~'\362,\205\274'%\362\240B\236\353\356\220H\003\316"
 3430      85BC2725 
 3430      F2A0429E 
 3430      EBEE9048 
 3430      03CE
 3431 00ee 39910314 		.ascii	"9\221\003\024\362~ \221\257*\344@\267\322\314\201\363"
 3431      F27E2091 
 3431      AF2AE440 
 3431      B7D2CC81 
 3431      F3
 3432 00ff 4EE4050A 		.ascii	"N\344\005\012y{K\0313\231t>\010\214\352\224w\000I\220"
 3432      797B4B19 
 3432      3399743E 
 3432      088CEA94 
 3432      77004990 
 3433 0113 1558F28F 		.ascii	"\025X\362\217t\226:b\307\216n\357\264\250T\023.\002"
 3433      74963A62 
 3433      C78E6EEF 
 3433      B4A85413 
 3433      2E02
 3434 0125 81B4D417 		.ascii	"\201\264\324\027(ez\273\356C\344\003\204\234\270\362"
 3434      28657ABB 
 3434      EE43E403 
 3434      849CB8F2 
 3435 0135 F66E0436 		.ascii	"\366n\0046\225\331H\226A\352\316|t\257\356\375\027\033"
 3435      95D94896 
 3435      41EACE7C 
 3435      74AFEEFD 
 3435      171B
 3436 0147 AD67097D 		.ascii	"\255g\011}\311\251{Y\352\236Z[\367\222S\367\262\326"
 3436      C9A97B59 
 3436      EA9E5A5B 
 3436      F79253F7 
 3436      B2D6
 3437 0159 35F1D8FA 		.ascii	"5\361\330\372\376\362\300\020\300\227@%\241\032\325"
 3437      FEF2C010 
 3437      C0974025 
 3437      A11AD5
 3438 0168 07C37645 		.ascii	"\007\303vE\262<\016WTy\2378m\364\037\331\246\312s\301"
 3438      B23C0E57 
ARM GAS  C:\Users\nello\AppData\Local\Temp\cc46pQ2n.s 			page 77


 3438      54799F38 
 3438      6DF41FD9 
 3438      A6CA73C1 
 3439 017c 0810488B 		.ascii	"\010\020H\213\177\2156\\\336\233ek\330PH\226Afl,-z`"
 3439      7F8D365C 
 3439      DE9B656B 
 3439      D8504896 
 3439      41666C2C 
 3440 0193 547BE0D2 		.ascii	"T{\340\322\303\030\350\264\322\203\200qg\362\013\303"
 3440      C318E8B4 
 3440      D2838071 
 3440      67F20BC3 
 3441 01a3 DB9CBD15 		.ascii	"\333\234\275\025\266\344\204\354\301t\026\275\235p\366"
 3441      B6E484EC 
 3441      C17416BD 
 3441      9D70F6
 3442 01b2 E08E0726 		.ascii	"\340\216\007&ur!\223\247\200\362\021\344\343TN\322Z"
 3442      75722193 
 3442      A780F211 
 3442      E4E3544E 
 3442      D25A
 3443 01c4 5E69B6AC 		.ascii	"^i\266\254_w\3748\020w\357\000\034M\223\323\217\300"
 3443      5F77FC38 
 3443      1077EF00 
 3443      1C4D93D3 
 3443      8FC0
 3444 01d6 1F974157 		.ascii	"\037\227AW&\340\320\271\000\247$\017pP\013\001'\253"
 3444      26E0D0B9 
 3444      00A7240F 
 3444      70500B01 
 3444      27AB
 3445 01e8 881E30D6 		.ascii	"\210\0360\326,\350m\261\014\260\222\214\035\027\\\335"
 3445      2CE86DB1 
 3445      0CB0928C 
 3445      1D175CDD 
 3446 01f8 34E2CD6F 		.ascii	"4\342\315o`M\335\031\002v\013\032N\314\226\3527\205"
 3446      604DDD19 
 3446      02760B1A 
 3446      4ECC96EA 
 3446      3785
 3447 020a CB2ADFA7 		.ascii	"\313*\337\247\027j\206'Dn\034}_\223\261]\030\312M\010"
 3447      176A8627 
 3447      446E1C7D 
 3447      5F93B15D 
 3447      18CA4D08 
 3448 021e 375C872E 		.ascii	"7\\\207.\241\274S\250'?!6\300\267\030C\267\024\230)"
 3448      A1BC53A8 
 3448      273F2136 
 3448      C0B71843 
 3448      B7149829 
 3449 0232 A6E1FD0E 		.ascii	"\246\341\375\016\003\234\261\270p\311<+*\317\374L\351"
 3449      039CB1B8 
 3449      70C93C2B 
 3449      2ACFFC4C 
 3449      E9
 3450 0243 5AEA5A3A 		.ascii	"Z\352Z:\017~@\026j\223\221\215\300%\263e8\013f>\334"
 3450      0F7E4016 
ARM GAS  C:\Users\nello\AppData\Local\Temp\cc46pQ2n.s 			page 78


 3450      6A93918D 
 3450      C025B365 
 3450      380B663E 
 3451 0258 40A66133 		.ascii	"@\246a3Umm\303\216\332\326c\012\270\211\314\034r\232"
 3451      556D6DC3 
 3451      8EDAD663 
 3451      0AB889CC 
 3451      1C729A
 3452 026b 27595DD9 		.ascii	"'Y]\331\260r\340gd\231\231\372\336\315\306e\001L#\313"
 3452      B072E067 
 3452      649999FA 
 3452      DECDC665 
 3452      014C23CB 
 3453 027f A55C1668 		.ascii	"\245\\\026h\227g\262an\202_\220\231\253\230\2335s2\033"
 3453      9767B261 
 3453      6E825F90 
 3453      99AB989B 
 3453      3573321B 
 3454 0293 6621CC22 		.ascii	"f!\314\"\323mw\006$\363j65\032\360;27P\215\205\222u"
 3454      D36D7706 
 3454      24F36A36 
 3454      351AF03B 
 3454      3237508D 
 3455 02aa 5DB1DA63 		.ascii	"]\261\332c\020\027\240\307Ed\306\005)[\260\211p\313"
 3455      1017A0C7 
 3455      4564C605 
 3455      295BB089 
 3455      70CB
 3456 02bc 392D45F0 		.ascii	"9-E\360\007\212\3441G\250\030\3460\264\221\261&\315"
 3456      078AE431 
 3456      47A818E6 
 3456      30B491B1 
 3456      26CD
 3457 02ce 32E14FAC 		.ascii	"2\341O\254\310V\346\016\275\325\323W\014\013H\316w\222"
 3457      C856E60E 
 3457      BDD5D357 
 3457      0C0B48CE 
 3457      7792
 3458 02e0 6FCB7634 		.ascii	"o\313v4\224\341\012A_\352r\210\204\310\364\302\207\355"
 3458      94E10A41 
 3458      5FEA7288 
 3458      84C8F4C2 
 3458      87ED
 3459 02f2 9DAD1D80 		.ascii	"\235\255\035\200\013E\226\360i\312\015_\351\332\213"
 3459      0B4596F0 
 3459      69CA0D5F 
 3459      E9DA8B
 3460 0301 7509263C 		.ascii	"u\011&<!S\342\353RL\371\376V\035\350\341\364h\021\263"
 3460      2153E2EB 
 3460      524CF9FE 
 3460      561DE8E1 
 3460      F46811B3 
 3461 0315 15D03E52 		.ascii	"\025\320>R\322\326\324\347)I\037\230\335\032\027Ei\205"
 3461      D2D6D4E7 
 3461      29491F98 
 3461      DD1A1745 
 3461      6985
ARM GAS  C:\Users\nello\AppData\Local\Temp\cc46pQ2n.s 			page 79


 3462 0327 9D0E853C 		.ascii	"\235\016\205<\370'\335C\023\376E\201M$@\254\271\330"
 3462      F827DD43 
 3462      13FE4581 
 3462      4D2440AC 
 3462      B9D8
 3463 0339 185F3FD7 		.ascii	"\030_?\327\262\015Ee5\032\251UV\231\203^\004w5=\237"
 3463      B20D4565 
 3463      351AA955 
 3463      5699835E 
 3463      0477353D 
 3464 034e 1EAD64AC 		.ascii	"\036\255d\254\2527\247\327I_\345nF\346<\314\3239\211"
 3464      AA37A7D7 
 3464      495FE56E 
 3464      46E63CCC 
 3464      D33989
 3465 0361 D430F75E 		.ascii	"\3240\367^\367\371\275\270\207h\037\333\255T\323\366"
 3465      F7F9BDB8 
 3465      87681FDB 
 3465      AD54D3F6 
 3466 0371 932B7D44 		.ascii	"\223+}D\"=5%k\235Q\0114\242\352f}F3\264\216\241\211"
 3466      223D3525 
 3466      6B9D5109 
 3466      34A2EA66 
 3466      7D4633B4 
 3467 0388 6BB951E2 		.ascii	"k\271Q\342\353\223\231\217\341\311\214\251\276.\216"
 3467      EB93998F 
 3467      E1C98CA9 
 3467      BE2E8E
 3468 0397 B8E11BE5 		.ascii	"\270\341\033\345\367T\201.\327\005\327\322\365\226P"
 3468      F754812E 
 3468      D705D7D2 
 3468      F59650
 3469 03a6 9AD779DA 		.ascii	"\232\327y\332\272\013\336\300$\205\264\246\225 Z_P\326"
 3469      BA0BDEC0 
 3469      2485B4A6 
 3469      95205A5F 
 3469      50D6
 3470 03b8 47B5E3DB 		.ascii	"G\265\343\333\031\307\206\355\270g\353\332Su\024\305"
 3470      19C786ED 
 3470      B867EBDA 
 3470      537514C5 
 3471 03c8 B6381C9B 		.ascii	"\2668\034\233\020\263\035O\022_;^>\206\216S\312q\313"
 3471      10B31D4F 
 3471      125F3B5E 
 3471      3E868E53 
 3471      CA71CB
 3472 03db B81BAEFE 		.ascii	"\270\033\256\376\317\261\011\337\263{\016\370M\356h"
 3472      CFB109DF 
 3472      B37B0EF8 
 3472      4DEE68
 3473 03ea F65B5C9E 		.ascii	"\366[\\\236P\312\026\234j\033w\360\327!5\253\023\262"
 3473      50CA169C 
 3473      6A1B77F0 
 3473      D72135AB 
 3473      13B2
 3474 03fc 49744283 		.ascii	"ItB\203\262\314I]\346]\271\201\342\257)S#\300\346\241"
 3474      B2CC495D 
ARM GAS  C:\Users\nello\AppData\Local\Temp\cc46pQ2n.s 			page 80


 3474      E65DB981 
 3474      E2AF2953 
 3474      23C0E6A1 
 3475 0410 E164659C 		.ascii	"\341de\234\266\023m\177P\013\277!I\267\217\356y\252"
 3475      B6136D7F 
 3475      500BBF21 
 3475      49B78FEE 
 3475      79AA
 3476 0422 6A4F6D60 		.ascii	"jOm`_\340\271h}M X\365J0\374b$T\355\363\277P\037\361"
 3476      5FE0B968 
 3476      7D4D2058 
 3476      F54A30FC 
 3476      622454ED 
 3477 043b 87AB9EF1 		.ascii	"\207\253\236\361G\242\365a\377\336\340\376\200\357\340"
 3477      47A2F561 
 3477      FFDEE0FE 
 3477      80EFE0
 3478 044a E36C6779 		.ascii	"\343lgyy\005~|D\010F\036\363x<\025\301HE8Z\021\011\373"
 3478      79057E7C 
 3478      4408461E 
 3478      F3783C15 
 3478      C1484538 
 3479 0462 301AAD0D 		.ascii	"0\032\255\015\373\253k\"\345>&\202\201P\211#P\376\344"
 3479      FBAB6B22 
 3479      E53E2682 
 3479      81508923 
 3479      50FEE4
 3480 0475 EECACA6A 		.ascii	"\356\312\312j\377\276]\214GC\306\201\352\227\374F(\034"
 3480      FFBE5D8C 
 3480      4743C681 
 3480      EA97FC46 
 3480      281C
 3481 0487 08F29743 		.ascii	"\010\362\227C\217\254'\0318\340\253\253\257\361\343"
 3481      8FAC2719 
 3481      38E0ABAB 
 3481      AFF1E3
 3482 0496 93BA4024 		.ascii	"\223\272@$\032)\257e\020\342u\241\377\000\363Z\003\326"
 3482      1A29AF65 
 3482      10E275A1 
 3482      FF00F35A 
 3482      03D6
 3483              		.text
 3484              		.section	.gnu.lto_chThdCreateSuspendedI.336.6c44ca83,"e",%progbits
 3485 0000 789C8D57 		.ascii	"x\234\215WkLTG\024\236s\357\302\262<}\360P@]\220\247"
 3485      6B4C5447 
 3485      149E73EF 
 3485      C2B23C7D 
 3485      F050405D 
 3486 0016 89206D34 		.ascii	"\211 m4i\323\037M\374\321\376\360_\373\247\211\244A"
 3486      69D31F4D 
 3486      FCD1FEF0 
 3486      5FFBA789 
 3486      A441
 3487 0028 2095D40A 		.ascii	" \225\324\012e\301&M\032\257\200\032I+\010\324\246\026"
 3487      65C1264D 
 3487      1AAF801A 
 3487      492B08D4 
ARM GAS  C:\Users\nello\AppData\Local\Temp\cc46pQ2n.s 			page 81


 3487      A616
 3488 003a B0026D20 		.ascii	"\260\002m mj\244(\"\240\370\000\024\344\341\013\255"
 3488      6D6AA428 
 3488      22A0F800 
 3488      14E4E10B 
 3488      AD
 3489 004b 50695053 		.ascii	"PiPS\264\255%\240\225\264(=gf\356\336\273,+&:{\347\334"
 3489      B4AD25A0 
 3489      95B4283D 
 3489      6766EEDE 
 3489      BB2C2B26 
 3490 0063 F37DE73B 		.ascii	"\363}\347;g\316\314\\b\0261v\2021\026\207\377AePv\240"
 3490      67CECC5C 
 3490      62163176 
 3490      82311687 
 3490      FF416550 
 3491 0079 58619AA6 		.ascii	"Xa\232\246\275iU`\327\201\342\321\226&\013\264\0027"
 3491      BD695560 
 3491      D781E2D1 
 3491      96260BB4 
 3491      0237
 3492 008b 00DBA9C0 		.ascii	"\000\333\251\300N(W+U(S\353\320\331\"\237\000\354\211"
 3492      4E28572B 
 3492      552853EB 
 3492      D0D9229F 
 3492      00EC89
 3493 009e 1D9A36BD 		.ascii	"\035\2326\275\373\320\360}\357\312\372\016K\235\252"
 3493      FBD0F07D 
 3493      EFCAFA0E 
 3493      4B9DAA
 3494 00ad B06A7438 		.ascii	"\260jt8\016\320\004\310\314\320Q}\217\305\243\323\340"
 3494      0ED004C8 
 3494      CCD0517D 
 3494      8FC5A3D3 
 3494      E0
 3495 00be CC494DB3 		.ascii	"\314IM\263\261:U\205f0\371\240!\265?Bx:h\214E\347\211"
 3495      B13A5585 
 3495      6630F9A0 
 3495      21B53F42 
 3495      783A688C 
 3496 00d5 91EFF606 		.ascii	"\221\357\366\006\226\356\362A>h\001\027\306\324\333"
 3496      96EEF241 
 3496      3E680117 
 3496      C6D4DB
 3497 00e4 11DE0C4E 		.ascii	"\021\336\014N\001\305a\2144y3|\006h\003\246O\024h\347"
 3497      01C5618C 
 3497      3479337C 
 3497      066803A6 
 3497      4F1468E7 
 3498 00f8 1375078D 		.ascii	"\023u\007\215\024}\242\245\360\253\300R\250S-p\032\310"
 3498      147DA2A5 
 3498      F0ABC052 
 3498      A8532D70 
 3498      1AC8
 3499 010a 41F0C119 		.ascii	"A\360\301\0312\245VD\352q\207\357\357\021q\205\0373"
 3499      32A55644 
 3499      EA7187EF 
ARM GAS  C:\Users\nello\AppData\Local\Temp\cc46pQ2n.s 			page 82


 3499      EF117185 
 3499      1F33
 3500 011c FC44329C 		.ascii	"\374D2\234\353\324\335r\316%\2649\271\316\222)\365["
 3500      EBD4DD72 
 3500      CE25B439 
 3500      B9CE9229 
 3500      F55B
 3501 012e 772ED71C 		.ascii	"w.\327\034\320O\026\346S'ck\355A\316\350\005\347\315"
 3501      D04F16E6 
 3501      5327636B 
 3501      ED41CEE8 
 3501      05E7CD
 3502 0141 8C17C894 		.ascii	"\214\027\310\224\372\203;\243\360c\206\237d\334\351"
 3502      FA833BA3 
 3502      F063869F 
 3502      64DCE9
 3503 0150 646CAB15 		.ascii	"dl\253\025\032\275\241\313\314\330M\246\324fwF\341\307"
 3503      1ABDA1CB 
 3503      CCD84DA6 
 3503      D4667746 
 3503      E1C7
 3504 0162 0C3FC1E8 		.ascii	"\014?\301\350\215\0350\335W\253\302E\200N\200s\000\035"
 3504      8D1D30DD 
 3504      57ABC245 
 3504      804E8073 
 3504      001D
 3505 0174 F8B69528 		.ascii	"\370\266\225(e\265\341\022\350\325.\002=\374tu\361\376"
 3505      65B5E112 
 3505      E8D52E02 
 3505      3DFC7475 
 3505      F1FE
 3506 0186 7DE1951A 		.ascii	"}\341\225\032u\204\025z\201\326G2_F\005\326\324\252"
 3506      7584157A 
 3506      81D64732 
 3506      5F4605D6 
 3506      D4AA
 3507 0198 5552C1F4 		.ascii	"UR\301\364\340\245o6\240c\221]\367d\206\247\314\252"
 3507      E0A56F36 
 3507      A063915D 
 3507      F76486A7 
 3507      CCAA
 3508 01aa D19537FA 		.ascii	"\321\2257\372l\241\3666y\367\233y\0078o\303\374\274"
 3508      6CA1F636 
 3508      79F79B79 
 3508      07386FC3 
 3508      FCBC
 3509 01bc FD66DE01 		.ascii	"\375f\336\001Sn'\237\244\300 @\037\232{\210\215QFW\\"
 3509      536E279F 
 3509      A4C02040 
 3509      1F9A7B88 
 3509      8D514657 
 3510 01d1 9A49856B 		.ascii	"\232I\205k\"\275&\263\214\226\335a\"=\037\270\016\344"
 3510      22BD26B3 
 3510      8C96DD61 
 3510      223D1FB8 
 3510      0EE4
 3511 01e3 24C96FA0 		.ascii	"$\311o\240\014\237\324Q\373<2\204'3<M%~\232\002CR\203"
ARM GAS  C:\Users\nello\AppData\Local\Temp\cc46pQ2n.s 			page 83


 3511      0C9FD451 
 3511      FB3C3284 
 3511      27333C4D 
 3511      257E9A02 
 3512 01fa CA35DC04 		.ascii	"\3125\334\004\031\226k\260\300/\346\340\247\273\303"
 3512      19966BB0 
 3512      C02FE6E0 
 3512      A7BBC3
 3513 0209 CCB5B5E8 		.ascii	"\314\265\265\350\224\267y\015\356\276Dmo\233k\360,\005"
 3513      94B7790D 
 3513      EEBE446D 
 3513      6F9B6BF0 
 3513      2C05
 3514 021b 8665700B 		.ascii	"\206ep\013\017>\002\024\017]\0007\332\321\253^\035\332"
 3514      0F3E0214 
 3514      0F5D0037 
 3514      DAD1AB5E 
 3514      1DDA
 3515 022d CC6C89A6 		.ascii	"\314l\211\246\215\256\335w~\252\022\326\004\342\246"
 3515      8DAEDD77 
 3515      7EAA12D6 
 3515      04E2A6
 3516 023c F509C2C1 		.ascii	"\365\011\302\301\032JC\030\015+\000N\302J\332\230v\234"
 3516      1A4A4318 
 3516      0D2B004E 
 3516      C24ADA98 
 3516      769C
 3517 024e DAA26888 		.ascii	"\332\242h\210\306\301w5\016~18\370\307\342\020\020G"
 3517      C6C17735 
 3517      0E7E3138 
 3517      F8C7E210 
 3517      1047
 3518 0260 4FF13424 		.ascii	"O\3614$\340\340\225HO\214\225\250t\366h\026\320:\030"
 3518      E0E09548 
 3518      4F8C95A8 
 3518      74F66816 
 3518      D03A18
 3519 0273 2B551531 		.ascii	"+U\0251)\304\311C\320\306Zz\201\377\266\367\206\362"
 3519      29C4C943 
 3519      D0C65A7A 
 3519      81FFB6F7 
 3519      86F2
 3520 0285 DF33621E 		.ascii	"\3373b\036\355\034\306\006\375\346\030n\3155L\372\261"
 3520      ED1CC606 
 3520      FDE6186E 
 3520      CD354CFA 
 3520      B1
 3521 0296 4750D0D6 		.ascii	"GP\320\326\340_\243\332\345\351\245\362\222~O\207\034"
 3521      E05FA3DA 
 3521      E5E9A5F2 
 3521      927E4F87 
 3521      1C
 3522 02a7 6E80C01A 		.ascii	"n\200\300\032u\005\334\001\266\256\210O\203`\024\252"
 3522      7505DC01 
 3522      B6AE884F 
 3522      836014AA 
 3523 02b7 E8844158 		.ascii	"\350\204AXa\343\236\3655\352JD\212\343\257tvv6\010Y"
ARM GAS  C:\Users\nello\AppData\Local\Temp\cc46pQ2n.s 			page 84


 3523      61E39EF5 
 3523      35EA4A44 
 3523      8AE3AF74 
 3523      76763608 
 3524 02cc 0BEC982E 		.ascii	"\013\354\230.\276\340\001\236\241(\212\360 \244F\215"
 3524      BEE0019E 
 3524      A1288AF0 
 3524      20A4468D 
 3525 02dc 7A11EF18 		.ascii	"z\021\357\030\362\002\347-\230(~\002R\214\"Xu\340\270"
 3525      F202E72D 
 3525      98287E02 
 3525      528C2258 
 3525      75E0B8
 3526 02ef 52A72EC2 		.ascii	"R\247.\302\200p\017\221\202\310\006\367\021\2510\206"
 3526      80700F91 
 3526      82C806F7 
 3526      11A93086 
 3527 02ff FC3CE297 		.ascii	"\374<\342\227\375\262\014\310TQ\214B\242%W\000L<\327"
 3527      FDB20CC8 
 3527      54518C42 
 3527      A2255700 
 3527      4C3CD7
 3528 0312 B998E4F9 		.ascii	"\271\230\344\371\035X\021M\024\030\007\031\033L*\365"
 3528      1D58114D 
 3528      14180719 
 3528      1B4C2AF5 
 3529 0322 586892E1 		.ascii	"Xh\222\341\026\303C\014\207\025\220s_\370\003\347\026"
 3529      16C3430C 
 3529      87159073 
 3529      5FF803E7 
 3529      16
 3530 0333 0A1FED0C 		.ascii	"\012\037\355\014;\351\263\000\307_\202\3030-\201Gh\362"
 3530      3BE9B300 
 3530      C75F82C3 
 3530      302D8147 
 3530      68F2
 3531 0345 72D22E85 		.ascii	"r\322.\205\277q\216MG\302\227\302:'u\233\255F]\355\271"
 3531      BF718E4D 
 3531      47C297C2 
 3531      3A27759B 
 3531      AD465DED 
 3532 035a 8EC13089 		.ascii	"\216\3010\2118\253\250\343\314^\314>\006\375_.\261\307"
 3532      38ABA8E3 
 3532      CC5ECC3E 
 3532      06FD5F2E 
 3532      B1C7
 3533 036c EEA29ECC 		.ascii	"\356\242\236\314\021\365\017\316}(\327\030\027A\261"
 3533      11F50FCE 
 3533      7D28D718 
 3533      1741B1
 3534 037b 9E0585C0 		.ascii	"\236\005\205\3004bl&Aq\350\377r\202\376u\027\364\337"
 3534      34626C26 
 3534      4171E8FF 
 3534      7282FE75 
 3534      17F4DF
 3535 038e 1C413338 		.ascii	"\034A38\367%Aq/_\374\347\356\264\263sh5\245J\365\023"
 3535      F7254171 
ARM GAS  C:\Users\nello\AppData\Local\Temp\cc46pQ2n.s 			page 85


 3535      2F5FFCE7 
 3535      EEB4B373 
 3535      6835A54A 
 3536 03a4 C5F78767 		.ascii	"\305\367\207g\262\257\005=\317!\276\010\012\270kh5\341"
 3536      B2AF053D 
 3536      CF21BE08 
 3536      0AB86B68 
 3536      35E1
 3537 03b6 9CD910C0 		.ascii	"\234\331\020\300\327e\377\204a_@\221bP\357Fj\177R\034"
 3537      D765FF84 
 3537      615F4091 
 3537      6250EF46 
 3537      6A7F521C 
 3538 03ca 3FBF6237 		.ascii	"?\277b7\300^\004\004\350Z\310\350\272\205M\233\371D"
 3538      C05E0404 
 3538      E85AC8E8 
 3538      BA854D9B 
 3538      F944
 3539 03dc A0D8CC01 		.ascii	"\240\330\314\0015j\202s\307$\271.I}@\235\272\014\212"
 3539      356A8273 
 3539      C724B92E 
 3539      497D409D 
 3539      BA0C8A
 3540 03ef 913350AC 		.ascii	"\2213P\254\011\255_\242\356]\377\206\273\367r\370\034"
 3540      09AD5FA2 
 3540      EE5DFF86 
 3540      BBF772F8 
 3540      1C
 3541 0400 BD831813 		.ascii	"\275\203\030\023[\273C\317\323\302\363,\002\334\222"
 3541      5BBB43CF 
 3541      D3C2F32C 
 3541      02DC92
 3542 040f 967A514F 		.ascii	"\226zQO\276\257\302\241D\201\375\012\323Kd\201R\005"
 3542      BEAFC2A1 
 3542      4481FD0A 
 3542      D34B6481 
 3542      5205
 3543 0421 AF46813E 		.ascii	"\257F\201>'\017\006|\354\304\307\004\361x\021\037\023"
 3543      270F067C 
 3543      ECC4C704 
 3543      F178111F 
 3543      13
 3544 0432 2985BB53 		.ascii	")\205\273S]_\000^\235\342\350\350\262\341\341K\032\017"
 3544      5D5F005E 
 3544      9DE2E8E8 
 3544      B2E1E14B 
 3544      1A0F
 3545 0444 3D8874D9 		.ascii	"=\210t\331\265\306\202\322\201\020\001e(p\021]\271\322"
 3545      B5C682D2 
 3545      81100165 
 3545      2870115D 
 3545      B9D2
 3546 0456 4AB223A1 		.ascii	"J\262#\241\034\255\213\311\312\035\203\3512\257@\323"
 3546      1CAD8BC9 
 3546      CA1D83E9 
 3546      32AF40D3 
 3547 0466 1232C978 		.ascii	"\0222\311xc\263]<\300\344\270[\000\235}\005\034D\320"
ARM GAS  C:\Users\nello\AppData\Local\Temp\cc46pQ2n.s 			page 86


 3547      63B35D3C 
 3547      C0E4B85B 
 3547      009D7D05 
 3547      1C44D0
 3548 0479 520251D6 		.ascii	"R\002Q\326+A\341\300\003\335\013\001W\301\327\010\014"
 3548      2B41E1C0 
 3548      03DD0B01 
 3548      57C1D708 
 3548      0C
 3549 048a 3680E2D4 		.ascii	"6\200\342\324.\357\366\224\222\016\264@%\002Cd>\363"
 3549      2EEFF694 
 3549      920EB440 
 3549      25024364 
 3549      3EF3
 3550 049c 15B8DA28 		.ascii	"\025\270\332(0}\205\020\344\260\254\2616V\265`\000o"
 3550      307D8510 
 3550      E4B0ACB1 
 3550      3656B560 
 3550      006F
 3551 04ae 38820142 		.ascii	"8\202\001B\315u8\274`:v\250EP\230\236\216]\246s|A`\024"
 3551      CD7538BC 
 3551      603A76A8 
 3551      4550989E 
 3551      8E5DA673 
 3552 04c6 7C8FC065 		.ascii	"|\217\300e:\320_\002\257,\010\214\206\006\004.7\012"
 3552      3AD05F02 
 3552      AF2C088C 
 3552      8606042E 
 3552      370A
 3553 04d8 28F2BBB6 		.ascii	"(\362\273\266`~^\360#\002\303E~\011\034tC\200\370}\020"
 3553      607E5EF0 
 3553      2302C345 
 3553      7E091C74 
 3553      4380F87D 
 3554 04ed EAA197B0 		.ascii	"\352\241\227\260WW\303O\210\214 d\221\334\217V8\252"
 3554      5757C34F 
 3554      888C2064 
 3554      91DC8F56 
 3554      38AA
 3555 04ff 888EC446 		.ascii	"\210\216\304F\355\363\264\"\307\370\212\030D1\320\210"
 3555      EDF3B422 
 3555      C7F88A18 
 3555      4431D088 
 3556 050f 4491A69E 		.ascii	"D\221\246\236\344\354?\243q\205`/\220\354M\006\373 "
 3556      E4EC3FA3 
 3556      7185602F 
 3556      90EC4D06 
 3556      FB20
 3557 0521 8923B953 		.ascii	"\211#\271S\355\025\225e\007\001\277\270\270\370cWmp"
 3557      ED159565 
 3557      0701BFB8 
 3557      B8F86357 
 3557      6D70
 3558 0533 55261D2C 		.ascii	"U&\035,w\237\025.\316\232.\263\325\224\312\011qj\324"
 3558      779F152E 
 3558      CE9A2EB3 
 3558      D594CA09 
ARM GAS  C:\Users\nello\AppData\Local\Temp\cc46pQ2n.s 			page 87


 3558      716AD4
 3559 0546 2BF4BA19 		.ascii	"+\364\272\031C\255\244\2176\017\212[\314\212\333\306"
 3559      43ADA48F 
 3559      360F8A5B 
 3559      CC8ADBC6 
 3560 0556 EB4B5452 		.ascii	"\353KTR}j>\325\255\356\252\333\244jm\262\255\242q\211"
 3560      7D6A3ED5 
 3560      ADEEAADB 
 3560      A46A6DB2 
 3560      ADA27189 
 3561 056a B8E1436B 		.ascii	"\270\341Ck\3240\247\272\004\036\266\200\250\377\254"
 3561      D430A7BA 
 3561      041EB680 
 3561      A8FFAC
 3562 0579 0C17D1B1 		.ascii	"\014\027\321\261C\235z\341\214\002\247\205\336\266\222"
 3562      439D7AE1 
 3562      8C02A785 
 3562      DEB692
 3563 0588 CECBD7BD 		.ascii	"\316\313\327\275\010\324\201\201V\221fq\242\366)\236"
 3563      08D48181 
 3563      56916671 
 3563      A2F6299E 
 3564 0598 D33BA7BB 		.ascii	"\323;\247\273bP\321\210\356\025b&x\030\\\220\360\000"
 3564      6250D188 
 3564      EE156226 
 3564      78185C90 
 3564      F000
 3565 05aa 7AD5A957 		.ascii	"z\325\251WGV|\254\331\014\177\241\360n\263\360\276w"
 3565      47567CAC 
 3565      D90C7FA1 
 3565      F06EB3F0 
 3565      BE77
 3566 05bc F9521862 		.ascii	"\371R\030b\210\255`\342Hm\373&<\273\350\003Z_Z\321\365"
 3566      88AD60E2 
 3566      486DFB26 
 3566      3CBBE803 
 3566      5A5F5AD1 
 3567 05d1 77ACCE36 		.ascii	"w\254\3166\014\364t\244\205\324\251\261\320\203\224"
 3567      0CF474A4 
 3567      85D4A9B1 
 3567      D08394
 3568 05e0 76671F8E 		.ascii	"vg\037\216\323\3473\364\032\2552D\004\262U&\213\261"
 3568      D3E733F4 
 3568      1AAD3244 
 3568      04B25526 
 3568      8BB1
 3569 05f2 556E8A56 		.ascii	"Un\212Vy\332c\203[\"\223\206@Y\010\037\270gn\225X\012"
 3569      79DA6383 
 3569      5B229386 
 3569      4059081F 
 3569      B8676E95 
 3570 0608 D7A73877 		.ascii	"\327\2478w\213\017\364c\254(\372\266\026\234(\177J\310"
 3570      8B0FF463 
 3570      AC28FAB6 
 3570      169C287F 
 3570      4AC8
 3571 061a 1F92AA1F 		.ascii	"\037\222\252\037\033\252\203<\250\256\017\245\332\014"
ARM GAS  C:\Users\nello\AppData\Local\Temp\cc46pQ2n.s 			page 88


 3571      1BAA833C 
 3571      A8AE0FA5 
 3571      DA0C
 3572 0628 2253B48B 		.ascii	"\"S\264\213j+\\1T\017\023\201T=\263\037U\217\010\325"
 3572      6A2B5C31 
 3572      540F1381 
 3572      543DB31F 
 3572      558F08D5 
 3573 063c 07066CF0 		.ascii	"\007\006l\360\353\034\325V\030wk\360k\206j+\\\027K8"
 3573      EB1CD556 
 3573      18776BF0 
 3573      6B866A2B 
 3573      5C174B38 
 3574 0650 A2738E95 		.ascii	"\242s\216\225\017\230(<\200\206\304J\351 Z\2513<\325"
 3574      0F98283C 
 3574      8086C44A 
 3574      E9205AA9 
 3574      333CD5
 3575 0663 6199EA73 		.ascii	"a\231\352s+\375\324|&t\365p\341\2775\357\307[\251\225"
 3575      2BFDD47C 
 3575      2674F570 
 3575      E1BF35EF 
 3575      C75BA995 
 3576 0677 FF91A75F 		.ascii	"\377\221\247_cL\277\304\230~\20516\211\017t\2751\372"
 3576      634CBFC4 
 3576      987E8531 
 3576      36890F74 
 3576      BD31FA
 3577 068a 7207F1B1 		.ascii	"r\007\361\261^\320A\323\265\033_\337\274qk\326\226\254"
 3577      5ED041D3 
 3577      B51B5FDF 
 3577      BC716BD6 
 3577      96AC
 3578 069c 77F2F233 		.ascii	"w\362\3623\262\2627\177\222\235\373\241#'-=\363\375"
 3578      B2B2377F 
 3578      929DFBA1 
 3578      23272D3D 
 3578      F3FD
 3579 06ae 7C4766EE 		.ascii	"|Gf\356\346\2672\035y\371\271\231\233\262?\310J\337"
 3579      E6B7321D 
 3579      79F9B999 
 3579      9BB23FC8 
 3579      4ADF
 3580 06c0 F12A4B48 		.ascii	"\361*KHJJ\306\177\351\004\310v\274\222\222\222\222\234"
 3580      4A4AC67F 
 3580      E904C876 
 3580      BC929292 
 3580      929C
 3581 06d2 ED48CECD 		.ascii	"\355H\316\315Kv\344\246\2435oknfZ\206#)\235\251y\031"
 3581      4B76E4A6 
 3581      A3356F6B 
 3581      6E665A86 
 3581      23299DA9 
 3582 06e8 39212643 		.ascii	"9!&C\322k\033\326\257O\313\334\262\216)y9jvV\216e{\332"
 3582      D26B1BD6 
 3582      AF4FCBDC 
 3582      B28E2979 
ARM GAS  C:\Users\nello\AppData\Local\Temp\cc46pQ2n.s 			page 89


 3582      396A7656 
 3583 0700 4799969C 		.ascii	"G\231\226\234\334\254l\345\343\2345\236h\263\266\247"
 3583      DCAC6CE5 
 3583      E39C359E 
 3583      68B3B6A7 
 3584 0710 6FCBCFC8 		.ascii	"o\313\317\310\3047\333\262\034y\216\244\255\014r\224"
 3584      C437DBB2 
 3584      1C798EA4 
 3584      AD0C7294 
 3585 0720 6D39FF03 		.ascii	"m9\377\003O0\037i"
 3585      4F301F69 
 3586              		.text
 3587              		.section	.gnu.lto_chThdCreateSuspended.337.6c44ca83,"e",%progbits
 3588 0000 789C8D53 		.ascii	"x\234\215S[HTQ\024\335\373\236\353\250\037= \352#\241"
 3588      5B485451 
 3588      14DDFB9E 
 3588      EBA81F3D 
 3588      20EA23A1 
 3589 0014 34B007E8 		.ascii	"4\260\007\350\334,,\352#\222\371\010A!\264\237@\211"
 3589      DC2C2CEA 
 3589      2392F908 
 3589      4121B49F 
 3589      4089
 3590 0026 F17AC9A1 		.ascii	"\361z\311\241\246;\334;\366\370\352\372(\301>\246\024"
 3590      A63BDC3B 
 3590      F6F8EAFA 
 3590      28C13EA6 
 3590      14
 3591 0037 34741AAD 		.ascii	"4t\032\255\204\352+\002\363\375\2302\265\024\351AQh"
 3591      84EA2B02 
 3591      F3FD9832 
 3591      B514E941 
 3591      5168
 3592 0049 144850F4 		.ascii	"\024HP\364\224\231\"\301^\373\234;\351\024\025\301p"
 3592      949922C1 
 3592      5EFB9C3B 
 3592      E91415C1 
 3592      70
 3593 005a CF39EBAC 		.ascii	"\3179\353\254\275\367\332k\237\231`\000;\020`-\000 "
 3593      BDF7DA6B 
 3593      9F996000 
 3593      3B10602D 
 3593      0020
 3594 006c 03AC3B53 		.ascii	"\003\254;S+\201eY;\023%\2548S\373x\240]\306^\024\000"
 3594      2B816559 
 3594      3B1325AC 
 3594      3853FB78 
 3594      A05DC65E 
 3595 0082 C271098F 		.ascii	"\302q\011\217c=\0132\254cmD\226c;\304\324\015a\313\232"
 3595      633D0B32 
 3595      AC636D44 
 3595      96633BC4 
 3595      D40D61CB 
 3596 0097 3DD134F6 		.ascii	"=\3214\366\322\021\274\034\226\333\230\004!\"\\Gl\247"
 3596      D211BC1C 
 3596      96DB9804 
 3596      21225C47 
ARM GAS  C:\Users\nello\AppData\Local\Temp\cc46pQ2n.s 			page 90


 3596      6CA7
 3597 00a9 E4004464 		.ascii	"\344\000Dd{a\035\221\356\315uYV2\2641\206\235\030\307"
 3597      7B611D91 
 3597      EECD7559 
 3597      5632B431 
 3597      869D18C7 
 3598 00bd 21A0F85C 		.ascii	"!\240\370\\\212\3154\3717\235\3103\343\227j\026\237"
 3598      8ACD34F9 
 3598      379DC833 
 3598      E3976A16 
 3598      9F
 3599 00ce AE48A27C 		.ascii	"\256H\242|\330\215\277d,\276\222\342\000\354A^\007@"
 3599      D88DBF64 
 3599      2CBE92E2 
 3599      00EC415E 
 3599      0740
 3600 00e0 A20007D0 		.ascii	"\242\000\007\320\036\261\017y\264\203$w}\330\014$>D"
 3600      1EB10F79 
 3600      B4832477 
 3600      7DD80C24 
 3600      3E44
 3601 00f2 626248F0 		.ascii	"bbH\360\375\320S\212\352'\214\211J-\202\314u\315\206"
 3601      FDD0538A 
 3601      EA278C89 
 3601      4A2D82CC 
 3601      75CD86
 3602 0105 4E4DDD5D 		.ascii	"NM\335]\031\264\270x\031\007\221\247\262\213a\030\011"
 3602      19B4B878 
 3602      190791A7 
 3602      B28B6118 
 3602      09
 3603 0116 2AEE5B15 		.ascii	"*\356[\025\0235\333\021h\356\316\030\252\262n[\363\\"
 3603      1335DB11 
 3603      68EECE18 
 3603      AAB26E5B 
 3603      F35C
 3604 0128 58E0DADD 		.ascii	"X\340\332\335\212\372\217\202\016\274A\340\000\317\006"
 3604      8AFA8F82 
 3604      0EBC41E0 
 3604      00CF06
 3605 0137 A40F6FC6 		.ascii	"\244\017o\306\353\013\276j]m\013\224\027\004V}\"\201"
 3605      EB0BBE6A 
 3605      5D6D0B94 
 3605      1704567D 
 3605      2281
 3606 0149 B7084B80 		.ascii	"\267\010K\200\205z\203\377Uo\366\005\325\033!px\276"
 3606      857A83FF 
 3606      556FF605 
 3606      D51B2170 
 3606      78BE
 3607 015b DEA8A847 		.ascii	"\336\250\250G\034$\253\256>H\010[_\276\007\254p\315"
 3607      1C24ABAE 
 3607      3E48085B 
 3607      5FBE07AC 
 3607      70CD
 3608 016d A2B19AE9 		.ascii	"\242\261\232\351\2317\353h\310\330\205\262\360\021\002"
 3608      9937EB68 
ARM GAS  C:\Users\nello\AppData\Local\Temp\cc46pQ2n.s 			page 91


 3608      C8D885B2 
 3608      F01102
 3609 017c 8C0FDE92 		.ascii	"\214\017\336\222\321\012\003\234f\222}\250\242\303k"
 3609      D10A039C 
 3609      66927DA8 
 3609      A2C36B
 3610 018b B4A61BEF 		.ascii	"\264\246\033\357\242X\203K\370\262f\3763\335'\200hw"
 3610      A258834B 
 3610      F8B266FE 
 3610      33DD2780 
 3610      6877
 3611 019d E0595303 		.ascii	"\340YS\003\222\265\002\214N&\213\260\350\273PG\344\311"
 3611      92B5028C 
 3611      4E268BB0 
 3611      E8BB5047 
 3611      E4C9
 3612 01af 327240C0 		.ascii	"2r@\300\217\"g\221\343\225\251\344\013\17792n\024\264"
 3612      8F226791 
 3612      E395A9E4 
 3612      0B7F3932 
 3612      6E14B4
 3613 01c2 FE868EE7 		.ascii	"\376\206\216\347\347\220\354\021\264\336\347\3118\204"
 3613      E790EC11 
 3613      B4DEE7C9 
 3613      3884
 3614 01d0 F0012BD7 		.ascii	"\360\001+\327p\361\027\371t\323\332\245\223\364\016"
 3614      70F117F9 
 3614      74D3DAA5 
 3614      93F40E
 3615 01df 12682BF3 		.ascii	"\022h+\363\267:\206@+\216#\336\021\206\246u\212{\207"
 3615      B73A8640 
 3615      2B8E23DE 
 3615      1186A675 
 3615      8A7B87
 3616 01f2 B89CB0AB 		.ascii	"\270\234\260\253\314\274\015=\214$\001\237\001\317\033"
 3616      CCBC0D3D 
 3616      8C24019F 
 3616      01CF1B
 3617 0201 E90E7C9C 		.ascii	"\351\016|\234L\027\025>O\256\020\310\371\350\\\036M"
 3617      4C17153E 
 3617      4FAE10C8 
 3617      F9E85C1E 
 3617      4D
 3618 0212 0066B0BA 		.ascii	"\000f\260\2725\353\002\223\253Qjc\211!F\336]`\264M\262"
 3618      35EB0293 
 3618      AB516A63 
 3618      892146DE 
 3618      5D60B44D 
 3619 0227 C5F620DD 		.ascii	"\305\366 \335\211\300\373\266\015\324nS3\265{\313\026"
 3619      89C0FBB6 
 3619      0DD46E53 
 3619      33B57BCB 
 3619      16
 3620 0238 DC32D568 		.ascii	"\3342\325h\227\230\276\326l\027\350\237\302\337|z\230"
 3620      9798BED6 
 3620      6C17E89F 
 3620      C2DF7C7A 
ARM GAS  C:\Users\nello\AppData\Local\Temp\cc46pQ2n.s 			page 92


 3620      98
 3621 0249 1233E41B 		.ascii	"\0223\344\0337d\330\016\254\217\316\0332\0223\004\342"
 3621      3764D80E 
 3621      AC8FCE1B 
 3621      32123304 
 3621      E2
 3622 025a 0D195D30 		.ascii	"\015\031]0\344v\274!\261\326\357\011\023\342\373\255"
 3622      E476BC21 
 3622      B1D6EF09 
 3622      13E2FBAD 
 3623 026a 8B52BF23 		.ascii	"\213R\277#\261~[/~\345\377^\210`ek6\357\000\370\224"
 3623      B17E5B2F 
 3623      7EE5FF5E 
 3623      8860656B 
 3623      36EF00F8 
 3624 027f D11E6C65 		.ascii	"\321\036le\230\0373]\333\213\\e\236\022O\241\277\274"
 3624      981F335D 
 3624      DB8B5C65 
 3624      9E124FA1 
 3624      BFBC
 3625 0291 D4A3171D 		.ascii	"\324\243\027\035\321\215\003\246\317\255j\373\312M\315"
 3625      D18D03A6 
 3625      CFAD6AFB 
 3625      CA4DCD
 3626 02a0 28DAA599 		.ascii	"(\332\245\231\376rC\313\323\367{\324\303\233a\275\323"
 3626      FE7243CB 
 3626      D3F77BD4 
 3626      C39B61BD 
 3626      D3
 3627 02b1 A9D04FE5 		.ascii	"\251\320O\345\001\272\271)++K\321M\305\360+\246\241"
 3627      01BAB929 
 3627      2B2B4BD1 
 3627      4DC5F02B 
 3627      A6A1
 3628 02c3 12EA2F33 		.ascii	"\022\352/34w\251\351T\201\371K}\313\343\000\347\266"
 3628      3477A9E9 
 3628      5481F94B 
 3628      7DCBE300 
 3628      E7B6
 3629 02d5 2DD9D96E 		.ascii	"-\331\331n\255d#H~\337_\263x\016\251\007\313K5\2721"
 3629      AD642348 
 3629      7EDF5FB3 
 3629      780EA907 
 3629      CB4B35BA 
 3630 02ea 8F99CE32 		.ascii	"\217\231\3162H,q\233\332n\303\343\372c\200\252{\275"
 3630      482C719B 
 3630      DA6EC3E3 
 3630      FA6380AA 
 3630      7BBD
 3631 02fc FA21453B 		.ascii	"\372!E;\352Wr\012\362\025W~an\241\342\322\015M\311\375"
 3631      EA57720A 
 3631      F215577E 
 3631      616EA1E2 
 3631      D20D4DC9 
 3632 0311 99C76B7A 		.ascii	"\231\307kz\314}\373U\225rm\375W\016\237n\370M\236\345"
 3632      CC7DFB55 
 3632      95726DFD 
ARM GAS  C:\Users\nello\AppData\Local\Temp\cc46pQ2n.s 			page 93


 3632      570E9F6E 
 3632      F84D9EE5 
 3633 0325 F0D6CCFC 		.ascii	"\360\326\314\374\314\234\274=\304S)\023\305-\315/,H"
 3633      CC9CBC3D 
 3633      C4532913 
 3633      C52DCD2F 
 3633      2C48
 3634 0337 E53A7C86 		.ascii	"\345:|\206'#5\235\0320 \321\253yu\343\030\374\000\201"
 3634      2723359D 
 3634      1A3020D1 
 3634      AB7975E3 
 3634      18FC0081 
 3635 034b 12B20C   		.ascii	"\022\262\014"
 3636              		.text
 3637              		.section	.gnu.lto_chThdCreateI.338.6c44ca83,"e",%progbits
 3638 0000 789C4D4E 		.ascii	"x\234MN\261J\303P\024\27577M\361\003\\\234:\251\035"
 3638      B14AC350 
 3638      14BD3737 
 3638      4DF1035C 
 3638      9C3AA91D 
 3639 0014 4CAC5241 		.ascii	"L\254RA'\241\203\213\233\223P\2216\01568\244\344\245"
 3639      27A1838B 
 3639      9B935091 
 3639      360D3638 
 3639      A4E4A5
 3640 0027 3AF655EA 		.ascii	":\366U\352\322\245\266nZ\202\204\014n.\025\353\226\305"
 3640      D2A5B66E 
 3640      5A82840C 
 3640      6E2E15EB 
 3640      96C5
 3641 0039 C14DFC09 		.ascii	"\301M\374\011Q\007\305IA\250\367U\301\302;p\3579\347"
 3641      5107C549 
 3641      41A8F755 
 3641      C1C23B70 
 3641      EF39E7
 3642 004c 9E77BE00 		.ascii	"\236w\276\000\300g\3142\220\000{\335\266\006R\312\365"
 3642      C067CC32 
 3642      90007BDD 
 3642      B60652CA 
 3642      F5
 3643 005d B486CD6E 		.ascii	"\264\206\315n\373\355~\240\343-\216\011\204\206\206"
 3643      FBED7EA0 
 3643      E32D8E09 
 3643      848686
 3644 006c 0D3CA53E 		.ascii	"\015<\245>a\217b6\353\177\023b&\233H\371y|v\376l\364"
 3644      618F6236 
 3644      EB7F1362 
 3644      269B48F9 
 3644      797C76FE 
 3645 0082 2F133D26 		.ascii	"/\023=&\015B6\\#\016\220\223\201\215\264\015slzx\035"
 3645      0D42365C 
 3645      230E9093 
 3645      818DB40D 
 3645      736C7A78 
 3646 0097 4A390531 		.ascii	"J9\0051\021\336\340\204\207\211\235\321\014\200\001"
 3646      11DEE084 
 3646      87899DD1 
ARM GAS  C:\Users\nello\AppData\Local\Temp\cc46pQ2n.s 			page 94


 3646      0C8001
 3647 00a6 EA52B561 		.ascii	"\352R\265a\\=\246\022\371=\352Hy\367\204a\226+p2\177"
 3647      5C3DA612 
 3647      F93DEA48 
 3647      79F78461 
 3647      962B7032 
 3648 00bb 3744434D 		.ascii	"7DCM\000\035Re\245\2162\0018!\355wi\362\362\2022J\303"
 3648      001D5265 
 3648      A58E3201 
 3648      3821ED77 
 3648      69F2F282 
 3649 00d2 3BB62EF2 		.ascii	";\266.\362\021a\013\265\230\364\22084\"n\234RJ&\"c,"
 3649      11610BB5 
 3649      98F49038 
 3649      34226E9C 
 3649      524A2622 
 3650 00e8 18A1CA62 		.ascii	"\030\241\312b[Li\370\300#%\250\012\035\302\377t\200"
 3650      5B4C69F8 
 3650      C02325A8 
 3650      0A1DC2FF 
 3650      7480
 3651 00fa 85C25AB1 		.ascii	"\205\302Z\261Pu\313\356VP\257\270^\361\320\363\367E"
 3651      5075CBEE 
 3651      5650AFB8 
 3651      5EF1D0F3 
 3651      F745
 3652 010c AD643BBB 		.ascii	"\255d;\273u\341\370\305\015G\004u\337\331\364\366\\"
 3652      75E1F8C5 
 3652      0D470475 
 3652      DFD9F4F6 
 3652      5C
 3653 011d FB6019E6 		.ascii	"\373`\031\346M\323\342g\253\003O,\345r9\313\023\226"
 3653      4DD3E267 
 3653      AB034F2C 
 3653      E57239CB 
 3653      1396
 3654 012f 1F58C2B7 		.ascii	"\037X\302\267\231\015\252\276S\252\010\323\006\012*"
 3654      990DAABE 
 3654      53AA08D3 
 3654      060A2A
 3655 013e B5E909C2 		.ascii	"\265\351\011\302\\]\311\347KNy\021~\000\266't\257"
 3655      5C5DC9E7 
 3655      4B4E7911 
 3655      7E00B627 
 3655      74AF
 3656              		.text
 3657              		.section	.gnu.lto_chThdCreate.339.6c44ca83,"e",%progbits
 3658 0000 789C8D52 		.ascii	"x\234\215R[H\024Q\030\376\3779\343\256\026E\020\365"
 3658      5B481451 
 3658      18FEFF39 
 3658      E3AE1645 
 3658      10F5
 3659 0012 60105B60 		.ascii	"`\020[`\027\310\235\254,\352!\222}\210\240\205\310^"
 3659      17C89DAC 
 3659      2CEA2192 
 3659      7D88A085 
 3659      C85E
ARM GAS  C:\Users\nello\AppData\Local\Temp\cc46pQ2n.s 			page 95


 3660 0024 0225741C 		.ascii	"\002%t\034r\251m\226\231\265\313\223\223\227\004{X/"
 3660      72A96D96 
 3660      99B5CB93 
 3660      9397047B 
 3660      582F
 3661 0036 50E1AEAB 		.ascii	"P\341\256\253\225\017\365\024\201\231\232\346\226iV"
 3661      950FF514 
 3661      81999AE6 
 3661      966956
 3662 0045 74C18A42 		.ascii	"t\301\212B#\301z\250(\223\335\242}\210\352?g6\335\242"
 3662      23C17AA8 
 3662      2893DDA2 
 3662      7D88EA3F 
 3662      6736DDA2 
 3663 0059 2218E69C 		.ascii	"\"\030\346\234\363\235\357\377\376\357|\347\304\031"
 3663      F39DEFFF 
 3663      FEEF7CE7 
 3663      C419
 3664 0067 C0560458 		.ascii	"\300V\004X\001\000\310\000\233\032\353%\260,k\233S\302"
 3664      0100C800 
 3664      9B1AEB25 
 3664      B02C6B9B 
 3664      53C2
 3665 0079 E38DF5CF 		.ascii	"\343\215\365\317\036t\312x\015\005\200P)a%6\263\010"
 3665      1E74CA78 
 3665      0D058050 
 3665      29612536 
 3665      B308
 3666 008b C326D641 		.ascii	"\303&\326Ad95Ct\255\216YV\262\266e\344\255#r!&w0\011"
 3666      64393543 
 3666      74AD8E59 
 3666      56B2B665 
 3666      E4AD2372 
 3667 00a4 A244B882 		.ascii	"\242D\270\202\330I\342\000Dd{a%\221\036\275\353\266"
 3667      D849E200 
 3667      44647B61 
 3667      25911EBD 
 3667      EBB6
 3668 00b6 AC2CE860 		.ascii	"\254,\350`\014\257b\032\207\200\342\241l\233i\362\177"
 3668      0CAF621A 
 3668      8780E2A1 
 3668      6C9B69F2 
 3668      7F
 3669 00c7 0E91A7EF 		.ascii	"\016\221\247\357\\\254\233\337p<\223\364\260\007\177"
 3669      5CAC9BDF 
 3669      703C93F4 
 3669      B0077F
 3670 00d6 512C1ECD 		.ascii	"Q,\036\315v\000\366\"\357\003 Q\201\003h\216\330\207"
 3670      7600F622 
 3670      EF032051 
 3670      8103688E 
 3670      D887
 3671 00e8 BCDA4196 		.ascii	"\274\332A\226\223S\033\200\314G\311L\012\211L\015\276"
 3671      93531B80 
 3671      CC47C94C 
 3671      0A894C0D 
 3671      BE
ARM GAS  C:\Users\nello\AppData\Local\Temp\cc46pQ2n.s 			page 96


 3672 00f9 A0AA7EC2 		.ascii	"\240\252~\302\230\350\324&\310\334W2zr\374av\304\342"
 3672      98E8D426 
 3672      C8DC5732 
 3672      7A72FC61 
 3672      76C4E2
 3673 010c E6651C40 		.ascii	"\346e\034@.e7\303\030\022T\334\2674e*\331\025\012\367"
 3673      2E6537C3 
 3673      181254DC 
 3673      B734652A 
 3673      D9150AF7 
 3674 0120 AC19ACB6 		.ascii	"\254\031\254\266F\254\031.\314r\355\323\362n\335O#\016"
 3674      46AC192E 
 3674      CC72EDD3 
 3674      F26EDD4F 
 3674      230E
 3675 0132 BC41E075 		.ascii	"\274A\340u\256\006\344\017o\246\373\213\274i_i\033\224"
 3675      AE06E40F 
 3675      6FA6FB8B 
 3675      BC695F69 
 3675      1B94
 3676 0144 670D567F 		.ascii	"g\015V\177&\203\267\010\313\200\331~\003\377\325/\371"
 3676      2683B708 
 3676      CB80D97E 
 3676      03FFD52F 
 3676      F9
 3677 0155 9AFA0D13 		.ascii	"\232\372\015\02384\323\357\266\350G\034\244\250.\215"
 3677      3834D3EF 
 3677      B6E8471C 
 3677      A4A82E8D 
 3678 0165 66C4ACAF 		.ascii	"f\304\254\257\337CV\254n\336\310\333\360\304\003)SB"
 3678      DF4356AC 
 3678      6EDEC8DB 
 3678      F0C40329 
 3678      5342
 3679 0177 EC4659E4 		.ascii	"\354FY\344\010!\306/\336\222\321\212\00140\311^T\323"
 3679      0821C62F 
 3679      DE92D18A 
 3679      013430C9 
 3679      5E54D3
 3680 018a E21D5A93 		.ascii	"\342\035Z\223\315\217Q\214-\013\371\260|\3467\331+\200"
 3680      CD8F518C 
 3680      2D0BF9B0 
 3680      7CE637D9 
 3680      2B80
 3681 019c 444FE865 		.ascii	"DO\350e\313)\244h\005\230\030\313\022e\211\017\321\256"
 3681      CB29A468 
 3681      059818CB 
 3681      1265890F 
 3681      D1AE
 3682 01ae F8F38594 		.ascii	"\370\363\205\224\200\200\237\306\317 \307\253\\\224"
 3682      80809FC6 
 3682      CF20C7AB 
 3682      5C94
 3683 01bc 0B7F3932 		.ascii	"\013\17792\256\025\264\376S]\023\255H\361\010\332\265"
 3683      AE15B4FE 
 3683      535D13AD 
 3683      48F108DA 
ARM GAS  C:\Users\nello\AppData\Local\Temp\cc46pQ2n.s 			page 97


 3683      B5
 3684 01cd 892C1C44 		.ascii	"\211,\034D\370\210U\313\271\371\363\374v\227uJ'\350"
 3684      F88855CB 
 3684      B9F9F3FC 
 3684      7697754A 
 3684      27E8
 3685 01df 1D64D054 		.ascii	"\035d\320T\346o\365.\002\215x\017\361\216\010t\331U"
 3685      E66FF52E 
 3685      028D780F 
 3685      F18E0874 
 3685      D955
 3686 01f1 B1EF109B 		.ascii	"\261\357\020\233\367\355.\323\357\243O\342\231\300\357"
 3686      F7ED2ED3 
 3686      EFA34FE2 
 3686      99C0EF
 3687 0200 80EBC67B 		.ascii	"\200\353\306{B\237\306rD\207/c\213\005r\366U\330K7\000"
 3687      429FC672 
 3687      44872F63 
 3687      8B0572F6 
 3687      55D84B37 
 3688 0215 D358D39E 		.ascii	"\323X\323\236w\216\3115(u0g\224Qv\347\030M3m\263\275"
 3688      778EC935 
 3688      28753067 
 3688      945176E7 
 3688      184D336D 
 3689 022b 487BA270 		.ascii	"H{\242p\3401'\327\272@0\263\242\314\311\2312?\313\034"
 3689      E03127D7 
 3689      BA4030B3 
 3689      A2CCC999 
 3689      323FCB1C 
 3690 023f A4473C57 		.ascii	"\244G<W\260\036\375\314\244%L\231\334\262O\3256~\332"
 3690      B01EFDCC 
 3690      A4254C99 
 3690      DCB24FD5 
 3690      367EDA
 3691 0252 F6317939 		.ascii	"\3661y9l\273\350\037\307\337\302|\262$\225\3327\236"
 3691      6CBBE81F 
 3691      C7DFC27C 
 3691      B22495DA 
 3691      379E
 3692 0264 DA905DD8 		.ascii	"\332\220]\330\234\230Im8\225\032\244\247v{6\265\221"
 3692      9C98496D 
 3692      38951AA4 
 3692      A7767B36 
 3692      B591
 3693 0276 F4D452F9 		.ascii	"\364\324R\371\214\212\244\322CiJP(\303\251P\332\317"
 3693      8C8AA4D2 
 3693      43694A50 
 3693      28C3A950 
 3693      DACF
 3694 0288 B766F008 		.ascii	"\267f\360\010\342X\325\236\317\217\011\374)\240}\373"
 3694      E258D59E 
 3694      CF8F09FC 
 3694      29A07DFB 
 3695 0298 5531BECC 		.ascii	"U1\276\314\365l)\362\224\373J}\205\301\2122\237^tD7"
 3695      F56C29F2 
 3695      94FB4A7D 
ARM GAS  C:\Users\nello\AppData\Local\Temp\cc46pQ2n.s 			page 98


 3695      85C18A32 
 3695      9F5E7444 
 3696 02ad 0E988112 		.ascii	"\016\230\201\022U\333WajF\321v\315\014V\030\332N}\277"
 3696      55DB5761 
 3696      6A46D176 
 3696      CD0C5618 
 3696      DA4E7DBF 
 3697 02c1 4F3DBC1E 		.ascii	"O=\274\036V\271\335\012}*/\320\315uyyy\212n*FP1\015"
 3697      56B9DD0A 
 3697      7D2A2FD0 
 3697      CD757979 
 3697      798A6E2A 
 3698 02d9 95D060B9 		.ascii	"\225\320`\271\241\225\224\231n\025X\260,\260(\015po"
 3698      A1959499 
 3698      6E1558B0 
 3698      2CB0280D 
 3698      706F
 3699 02eb DE989F5F 		.ascii	"\336\230\237_\242\225\256\005)\030\370\253\212\357\220"
 3699      A295AE05 
 3699      2918F8AB 
 3699      8AEF90
 3700 02fa 7AB0A24C 		.ascii	"z\260\242L\243\035\363\230\351.\007gi\211\251\3552|"
 3700      A31DF398 
 3700      E92E0767 
 3700      6989A9ED 
 3700      327C
 3701 030c 9E3F16A8 		.ascii	"\236?\026\250\272\337\257\037R\264\243A\245`\267W\361"
 3701      BADFAF1F 
 3701      52B4A341 
 3701      A560B757 
 3701      F1
 3702 031d 780B7714 		.ascii	"x\013w\024*\036\335\320\224\035?u\374\246\317\334\267"
 3702      2A1EDDD0 
 3702      941D3F75 
 3702      FCA6CFDC 
 3702      B7
 3703 032e 5F55496B 		.ascii	"_UIk\323\2774\002\272\0214\271\312\341M\271\336\334"
 3703      D3BF3402 
 3703      BA1134B9 
 3703      CAE14DB9 
 3703      DEDC
 3704 0340 829D7B88 		.ascii	"\202\235{\210\247\222\022\325-\360\026\356vq\037\001"
 3704      A79212D5 
 3704      2DF016EE 
 3704      76711F01 
 3705 0350 C3B7C695 		.ascii	"\303\267\306\225C\0070\300\351\327\374\272q\014~\000"
 3705      430730C0 
 3705      E9D7FCBA 
 3705      710C7E00 
 3706 0360 4C7FBAFF 		.ascii	"L\177\272\377"
 3707              		.text
 3708              		.section	.gnu.lto_chThdCreateStatic.340.6c44ca83,"e",%progbits
 3709 0000 789C8D58 		.ascii	"x\234\215X}PT\327\025\277\347\275\375\344K\3037j\022"
 3709      7D5054D7 
 3709      15BFE7BD 
 3709      FDE44BC3 
 3709      376A12
ARM GAS  C:\Users\nello\AppData\Local\Temp\cc46pQ2n.s 			page 99


 3710 0013 A4B54D5B 		.ascii	"\244\265M[\005i\307\244\355_\315\360G\233\031\235\311"
 3710      0569C7A4 
 3710      ED5FCDF0 
 3710      479B199D 
 3710      C9
 3711 0024 C4FCD319 		.ascii	"\304\374\323\031w2\270nu\247\342\322]\314Gg2YW\300H"
 3711      7732B86E 
 3711      75A7E2D2 
 3711      5DCC4767 
 3711      325957C0 
 3712 0039 8D20588D 		.ascii	"\215 X\215\200\240H;\244\346\243\261\032Q@1F\324\250"
 3712      80A0483B 
 3712      A4E6A3B1 
 3712      1A514031 
 3712      46D4A8
 3713 004c 5509048B 		.ascii	"U\011\004\213\012\0121A\211\272YH\245\031\221\236s\357"
 3713      0A0A3141 
 3713      89BA5948 
 3713      A519919E 
 3713      73EF
 3714 005e 7DFBDEF2 		.ascii	"}\373\336\362\021\230q\336\276{\336\357\374\316\357"
 3714      119871DE 
 3714      BE7BDEEF 
 3714      FCCEEF
 3715 006d 9C7BEE07 		.ascii	"\234{\356\007\256\212g\254\002\030\373\021c\014T\006"
 3715      AE8A67AC 
 3715      0218FB11 
 3715      630C5406 
 3716 007d E5DB4A14 		.ascii	"\345\333J\024\346\367\373\177cU`\303\266\222\336\236"
 3716      E6F7FB7F 
 3716      635560C3 
 3716      B692DE9E 
 3717 008d 83263809 		.ascii	"\203&8\011\334\000\354\015\005\336\200\012\265Z\205"
 3717      DC00EC0D 
 3717      05DE800A 
 3717      B55A85
 3718 009c 72B51EC1 		.ascii	"r\265\036\301&\371\006\220\376\223V\277\177\244\250"
 3718      26F90690 
 3718      FE9356BF 
 3718      7FA4A8
 3719 00ab 72D7A0A5 		.ascii	"r\327\240\245\272\241\325T\257*\254\006\001\207\000"
 3719      BAA1D554 
 3719      AF2AAC06 
 3719      018700
 3720 00ba 0E223963 		.ascii	"\016\"9c\010T\177\317~\214\240K\347\032\375~;\253WU"
 3720      08547FCF 
 3720      7E8CA04B 
 3720      E71AFD7E 
 3720      3BAB5755 
 3721 00ce 380C060C 		.ascii	"8\014\006\014\032\034g\323\010\347\023\270^\2113\301"
 3721      1A1C67D3 
 3721      08E713B8 
 3721      5E8933C1 
 3722 00de 91489CC9 		.ascii	"\221H\234\311\3619\307\275\312q\301\312\375\025qeP\257"
 3722      F139C7BD 
 3722      CA71C1CA 
 3722      FD157165 
ARM GAS  C:\Users\nello\AppData\Local\Temp\cc46pQ2n.s 			page 100


 3722      50AF
 3723 00f0 9AA12912 		.ascii	"\232\241)\022gv\364s\334\353\202oP\362Y\240%\022gq\004"
 3723      6776F473 
 3723      DCEB826F 
 3723      50F259A0 
 3723      25126771 
 3724 0105 39CE0F02 		.ascii	"9\316\017\0028\032\026x|\274\300\207i\"\225B\240\237"
 3724      381A1678 
 3724      7CBCC087 
 3724      69229542 
 3724      A09F
 3725 0117 0514BE6A 		.ascii	"\005\024\276j\377\246\270\262\0156\314\030N@D\316\216"
 3725      FFA6B8B2 
 3725      0D36CC18 
 3725      4E4044CE 
 3725      8E
 3726 0128 CD732C0C 		.ascii	"\315s,\014>\006\252\004cft\2600|\007\370\204{[\260\250"
 3726      3E06AA04 
 3726      636674B0 
 3726      307C07F8 
 3726      847B5BB0 
 3727 013d 233D4B18 		.ascii	"#=K\030\226\267\006\313%-\325\245\247\256\241\327)\264"
 3727      96B706CB 
 3727      252DD5A5 
 3727      A7AEA1D7 
 3727      29B4
 3728 014f A93CD43F 		.ascii	"\251<\324?9\230\204\215\004\377r\365\342\234j?\225\327"
 3728      3998848D 
 3728      04FF72F5 
 3728      E29C6A3F 
 3728      95D7
 3729 0161 0AA781A8 		.ascii	"\012\247\201\250D08\203\371[\035\315OHQ##\245UG\026"
 3729      44303883 
 3729      F95B1DCD 
 3729      4F485123 
 3729      23A55547 
 3730 0176 9EDCE83F 		.ascii	"\236\334\350?\343\017c\231\216\025\363A\321\032;\253"
 3730      E30F6399 
 3730      8E15F341 
 3730      D11A3BAB 
 3731 0186 2D70168D 		.ascii	"-p\026\215m\304\306P\037|\032\326GbMp^\037\230\341\002"
 3731      6DC4C650 
 3731      1F7C1AD6 
 3731      47624D70 
 3731      5E1F98E1 
 3732 019b 1FA80795 		.ascii	"\037\250\007\225\260\246Kg\253\032Ah\262\301\277\201"
 3732      B0A64B67 
 3732      AB1A4168 
 3732      B2C1BF81 
 3733 01ab 4032CE45 		.ascii	"@2\316E\324dsl\237\247\025j\327`\261(\224\3001\035'"
 3733      D464736C 
 3733      9FA7156A 
 3733      D760B128 
 3733      94C0311D 
 3734 01c0 F4F0C93C 		.ascii	"\364\360\311<\332/&S\0243\314u\231L\216=\023\271\"\213"
 3734      DA2F2653 
 3734      1433CC75 
ARM GAS  C:\Users\nello\AppData\Local\Temp\cc46pQ2n.s 			page 101


 3734      994C8E3D 
 3734      13B9228B 
 3735 01d4 8E38D96B 		.ascii	"\2168\331k\215a\205\301\246};8\245\035>3Rv\220\311\261"
 3735      8D6185C1 
 3735      A67D3B38 
 3735      A51D3E33 
 3735      527690C9 
 3736 01e9 7F22A5C0 		.ascii	"\177\"\245\3001\035g\220\327\274\317\330ka\256\317\311"
 3736      311D6790 
 3736      D7BCCFD8 
 3736      6B61AECF 
 3736      C9
 3737 01fa E4383C91 		.ascii	"\3448<\221+\262'\021\247\227~\344^\221\012]\000\235"
 3737      2BB22711 
 3737      A7977EE4 
 3737      5E910A5D 
 3737      009D
 3738 020c 00ED0097 		.ascii	"\000\355\000\227@\364\201Y\026\033\256\200V\354\026"
 3738      40F48159 
 3738      161BAE80 
 3738      56EC16
 3739 021b BDD8653B 		.ascii	"\275\330e;\266n\226\015\020\005\335@\323#\231\257\242"
 3739      B66E960D 
 3739      1005DD40 
 3739      D32399AF 
 3739      A2
 3740 022c 8228C7EE 		.ascii	"\202(\307\356'\265\006\300iy\032\201\205\351\032\222"
 3740      27B506C0 
 3740      69791A81 
 3740      85E91A92 
 3741 023c E94859A2 		.ascii	"\351HY\242\301H\336\214\023\033\375\277#\364u#o\017"
 3741      C148DE8C 
 3741      131BFDBF 
 3741      23F47523 
 3741      6F0F
 3742 024e E77D6772 		.ascii	"\347}gr\336\353F\336\036c[}\233\015\275\000\327\320"
 3742      DEEB46DE 
 3742      1E635B7D 
 3742      9B0DBD00 
 3742      D7D0
 3743 0260 FC1F62E3 		.ascii	"\374\037b\343\215u\003\214\275d\201>\221\336]\243\214"
 3743      8D75038C 
 3743      BD64813E 
 3743      91DE5DA3 
 3743      8C
 3744 0271 23452922 		.ascii	"#E)\"\275h\350\007\002I\362/PF\264\2437}\022\031\002"
 3744      BD68E807 
 3744      0249F22F 
 3744      5046B4A3 
 3744      377D1219 
 3745 0286 C974A4A1 		.ascii	"\311t\244\241\304\017\262\341\226\324`\341\032\276\004"
 3745      C40FB2E1 
 3745      96D460E1 
 3745      1ABE04
 3746 0295 19966BB0 		.ascii	"\031\226k\260\302\000\030\202\037;\235b\254\255U\243"
 3746      C2001882 
 3746      1F3B9D62 
ARM GAS  C:\Users\nello\AppData\Local\Temp\cc46pQ2n.s 			page 102


 3746      ACAD55A3 
 3747 02a5 BCCD6BD0 		.ascii	"\274\315k\320?\203\332\3366\326`4\033\356\310\340V\036"
 3747      3F83DADE 
 3747      36D66034 
 3747      1BEEC8E0 
 3747      561E
 3748 02b7 7C10643C 		.ascii	"|\020d<\372|e\330,f\334\246\257\374\242oq\345\337E\233"
 3748      FA7C65D8 
 3748      2C66DCA6 
 3748      AFFCA26F 
 3748      71E5DF45 
 3749 02cc 5DDB5D70 		.ascii	"]\333]p!\037\237\321B\036\371\002\027\362}4\336\013"
 3749      211F9FD1 
 3749      421EF902 
 3749      17F27D34 
 3749      DE0B
 3750 02de 2FE4205F 		.ascii	"/\344 _\310\210\001\334\203>h7\267\372\037\216\225\372"
 3750      C88801DC 
 3750      833E6837 
 3750      B7FA1F8E 
 3750      95FA
 3751 02f0 5B37C556 		.ascii	"[7\305V\236\353\013~\375\263\205\200;Z\224B\017\025"
 3751      9EEB0B7E 
 3751      FDB38580 
 3751      3B5A9442 
 3751      0F15
 3752 0302 1FD11680 		.ascii	"\037\321\026\200f\260\002\264B\014\3001\210\243\235"
 3752      66B002B4 
 3752      420CC031 
 3752      88A39D
 3753 0311 2B1EE028 		.ascii	"+\036\340($\0004B\"BX\022>b\222\361\021\233B\217Tz\244"
 3753      24003442 
 3753      22425812 
 3753      3E6292F1 
 3753      119B428F 
 3754 0328 110163A5 		.ascii	"\021\001c\245*\035\032~\023\370[\031+S\0251\330\210"
 3754      2A1D1A7E 
 3754      13F85B19 
 3754      2B531531 
 3754      D888
 3755 033a 833BE0EF 		.ascii	"\203;\340\357;\214\215O\277G\223\351'#\374\350\353\036"
 3755      3B8C8D4F 
 3755      BF4793E9 
 3755      2723FCE8 
 3755      EB1E
 3756 034c 6FF88E1B 		.ascii	"o\370\216\033\206Z\266\367T\356\000\334\005\271q\250"
 3756      865AB6F7 
 3756      54EE00DC 
 3756      05B971A8 
 3757 035c DBCE7986 		.ascii	"\333\316y\206\276\251\375(t%\0017+n\356\014\275\015"
 3757      BEA9FD28 
 3757      74250137 
 3757      2B6EEE0C 
 3757      BD0D
 3758 036e 640FA4E3 		.ascii	"d\017\244\343\026F\307\220\025\026s\330\315\235\037"
 3758      1646C790 
 3758      151673D8 
ARM GAS  C:\Users\nello\AppData\Local\Temp\cc46pQ2n.s 			page 103


 3758      CD9D1F
 3759 037d F5EE06DC 		.ascii	"\365\356\006\334\3118\254\251\327\016\347\200\335\207"
 3759      C938ACA9 
 3759      D70EE780 
 3759      DD87
 3760 038b 40069523 		.ascii	"@\006\225#\250`\311\346oP\213qy\306\341\253\211\016"
 3760      A860C9E6 
 3760      6F508B71 
 3760      79C6E1AB 
 3760      890E
 3761 039d BE2160F8 		.ascii	"\276!`\370\013\303\000!>C\363\013\371\367Y\374\343\177"
 3761      0BC30021 
 3761      3E43F30B 
 3761      F9F759FC 
 3761      E37F
 3762 03af 459460B0 		.ascii	"E\224`\260\266#dc\264]\022o\250e\373p\367\002\036\341"
 3762      B6236463 
 3762      B45D126F 
 3762      A865FB70 
 3762      F7021EE1 
 3763 03c3 814823B4 		.ascii	"\201H#\264w\337\221e8\247\354\036l\254.>\005ujb\235"
 3763      77DF9165 
 3763      38A7EC1E 
 3763      6CAC2E3E 
 3763      05756A62 
 3764 03d8 1A2F4ECA 		.ascii	"\032/N\312\262\261\261\261Y\364\341@\361\222:5\256N"
 3764      B2B1B1B1 
 3764      59F4E140 
 3764      F1923A35 
 3764      AE4E
 3765 03ea 4DC0AF42 		.ascii	"M\300\257B\373\307\010\214\343<\265]\344\033\250|g\226"
 3765      FBC7088C 
 3765      E33CB55D 
 3765      E41BA87C 
 3765      6796
 3766 03fc 3C57152E 		.ascii	"<W\025.\346\357t\374\016(\365\352l\004\302\377\200-"
 3766      E6EF74FC 
 3766      0E28F5EA 
 3766      6C04C2FF 
 3766      802D
 3767 040e C631AA7B 		.ascii	"\3061\252{\014\276\203\335t\264 \233(s\027\210J\362"
 3767      0CBE83DD 
 3767      74B4209B 
 3767      28731788 
 3767      4AF2
 3768 0420 38489B84 		.ascii	"8H\233\204\016\"\376\015\031?\020,\001\215\322\2463"
 3768      0E22FE0D 
 3768      193F102C 
 3768      018DD2A6 
 3768      33
 3769 0431 A24992C6 		.ascii	"\242I\222\306\303(\222b\212r\034\003\217p\254P\220$"
 3769      C3289262 
 3769      8A721C03 
 3769      8F70AC50 
 3769      9024
 3770 0443 8D3C10B2 		.ascii	"\215<\020\262M\303\341W8\207nJ\200\015hR\303\264V\010"
 3770      4DC3E157 
ARM GAS  C:\Users\nello\AppData\Local\Temp\cc46pQ2n.s 			page 104


 3770      38876E4A 
 3770      800D6852 
 3770      C3B45608 
 3771 0457 E0986A1E 		.ascii	"\340\230j\036\012k\016<\334\204\232\223\353\324\230"
 3771      0A6B0E3C 
 3771      DC849A93 
 3771      EBD498
 3772 0466 99092D9C 		.ascii	"\231\011-\234\030\244h\\\220b\034\233I{rd\220\224:\\"
 3772      18A4685C 
 3772      90621C9B 
 3772      497B7264 
 3772      90943A5C 
 3773 047a 93330AF2 		.ascii	"\2233\012\362\346\304 \233\307\005)\301\261\205\202"
 3773      E6C4209B 
 3773      C70529C1 
 3773      B18582
 3774 0489 A4CCBC40 		.ascii	"\244\314\274@[&\322\2765\216v+\216\255\214\321\374\305"
 3774      5B26D2BE 
 3774      358E762B 
 3774      8EAD8CD1 
 3774      FCC5
 3775 049b C2289FBF 		.ascii	"\302(\237\277\210\034R\013!\300\241\2115\264\002\303"
 3775      881C520B 
 3775      21C0A189 
 3775      35B402C3 
 3776 04ab D990438C 		.ascii	"\331\220C\214\3368\010\3006H\202rE\247\256@j\033)N\235"
 3776      DE3808C0 
 3776      36488272 
 3776      45A7AE40 
 3776      6A1B294E 
 3777 04c0 5CF10487 		.ascii	"\\\361\004\207\277\242\203]\323B\306\310ekX\300GSDW"
 3777      BFA2835D 
 3777      D342C6C8 
 3777      656B58C0 
 3777      47534457 
 3778 04d4 5FD2A4D8 		.ascii	"_\322\244\330\270\224B\300\376\2655\250L\350\302M#\031"
 3778      B89442C0 
 3778      FEB535A8 
 3778      4CE8C24D 
 3778      2319
 3779 04e6 7629F0B6 		.ascii	"v)\360\266\302x\026\0151\004\254Th\365\240\373\036+"
 3779      C278160D 
 3779      3104AC54 
 3779      68F5A0FB 
 3779      1E2B
 3780 04f8 9E896255 		.ascii	"\236\211bU U'Q\315\337\"Vd!\024#|a\275\232\002\325\006"
 3780      20552751 
 3780      CDDF2256 
 3780      64211423 
 3780      7C61BD9A 
 3781 050f 7817C22D 		.ascii	"x\027\302-$\240\177\250\355-\300\323\223\213\031m\263"
 3781      24A07FA8 
 3781      ED2DC0D3 
 3781      938B196D 
 3781      B3
 3782 0520 E3FECBD7 		.ascii	"\343\376\313\327\324\355yZ\340q\323A\013+\025j0\301"
 3782      D4ED795A 
ARM GAS  C:\Users\nello\AppData\Local\Temp\cc46pQ2n.s 			page 105


 3782      E071D341 
 3782      0B2B156A 
 3782      30C1
 3783 0532 283A75A5 		.ascii	"(:u\245\265!\266^M\203Z\264F\223\225\003\023\351<\337"
 3783      B521B65E 
 3783      4D835AB4 
 3783      46939503 
 3783      13E93CDF 
 3784 0546 83A61832 		.ascii	"\203\246\0302\311x}cm<@h`B\000\215}\016\324\241S,9Q"
 3784      C9787D63 
 3784      6D3C4068 
 3784      6042008D 
 3784      7D0ED4A1 
 3785 055e 41E682C2 		.ascii	"A\346\202\302\035\267\235\236\316q\036\374\015\035\343"
 3785      1DB79D9E 
 3785      CE711EFC 
 3785      0D1DE3
 3786 056d 7447B19B 		.ascii	"tG\261\233V\234\236*%\315\321\006\015\3508K\3463Y\355"
 3786      569C9E2A 
 3786      25CDD106 
 3786      0DE8384B 
 3786      E63359ED 
 3787 0581 FFA1D79E 		.ascii	"\377\241\327\236.\"\344\262_\226\323\337\267{\332\000"
 3787      2E22E4B2 
 3787      5F96D3DF 
 3787      B77BDA00 
 3788 0591 66780F03 		.ascii	"fx\017\003\3146\326\241v\332t\036\207\017\320\3511-"
 3788      CC36D6A1 
 3788      76DA741E 
 3788      870FD0E9 
 3788      312D
 3789 05a3 9DC7653A 		.ascii	"\235\307e:\207\246u|\002\016\240c\274\346\030+\035/"
 3789      87A6757C 
 3789      020EA063 
 3789      BCE6182B 
 3789      1D2F
 3790 05b5 4FEBF824 		.ascii	"O\353\370$\034B\307\004\275\200\"\277\317\246\315\317"
 3790      1C42C704 
 3790      BD8022BF 
 3790      CFA6CDCF 
 3791 05c5 0E8DE898 		.ascii	"\016\215\350\230H\216\274\341\260F\321\306\226\303\303"
 3791      488EBCE1 
 3791      B046D1C6 
 3791      96C3C3
 3792 05d4 47706C2F 		.ascii	"Gpl/\301\002\300\024\255\205\375\232\016MH\224$\210"
 3792      C102C014 
 3792      AD85FD9A 
 3792      0E4D4894 
 3792      2488
 3793 05e6 84290A9A 		.ascii	"\204)\012\232\025\321\240\330\333\327\246\232\240c|"
 3793      15D1A0D8 
 3793      DBD7A69A 
 3793      A0637C
 3794 05f5 8274A2F9 		.ascii	"\202t\242\371p\034\211\222\015-\312\331[\321\230\"\330"
 3794      701C8992 
 3794      0D2DCAD9 
 3794      5BD19822 
ARM GAS  C:\Users\nello\AppData\Local\Temp\cc46pQ2n.s 			page 106


 3794      D8
 3795 0606 0392FD84 		.ascii	"\003\222\375\204\316\336K\342\370\221\270\367\335\352"
 3795      CEDE4BE2 
 3795      F891B8F7 
 3795      DDEA
 3796 0614 723C506F 		.ascii	"r<Po\010\361\037\266\333\341\246\254A\242\\\247Q\360"
 3796      08F11FB6 
 3796      DBE1A6AC 
 3796      41A25CA7 
 3796      51F0
 3797 0626 4B2D7A3A 		.ascii	"K-z:\245qR,\377\006\205>}\202aR\351\0127\205\3326\243"
 3797      A571522C 
 3797      FF06853E 
 3797      7D826152 
 3797      E90A3785 
 3798 063d DAE68186 		.ascii	"\332\346\201\206R\225\024\237\236L\361\231\211\212\317"
 3798      5295149F 
 3798      9E4CF199 
 3798      898ACF
 3799 064c 4AC5FED0 		.ascii	"J\305\376\320\236w\017\304\223\254\346\333x\014(aeO"
 3799      9E770FC4 
 3799      93ACE6DB 
 3799      780C2861 
 3799      654F
 3800 065e F1B001A2 		.ascii	"\361\260\001\242\036~?UD\307\211\010\353\205\363\012"
 3800      1E7E3F55 
 3800      44C78908 
 3800      EB85F30A 
 3801 066e 9C137A9B 		.ascii	"\234\023z\233\337<w\276\303LN\0270P\032i\026[\343\005"
 3801      DF3C77BE 
 3801      C34C4E17 
 3801      30501A69 
 3801      165BE305 
 3802 0682 65EAF42E 		.ascii	"e\352\364.jP\014*z\262}Bu\230\301]\201\313\322=\226"
 3802      6A500C2A 
 3802      7AB27D42 
 3802      7598C15D 
 3802      81CBD23D 
 3803 0697 3EB56BD5 		.ascii	">\265k\325\221\325\356;lt\377^\341\035F\341\027^$\266"
 3803      91D5EE3B 
 3803      6C74FF5E 
 3803      E11D46E1 
 3803      175E24B6 
 3804 06ab 4E5D0C9F 		.ascii	"N]\014\237\306\340\336}-Kq\033\243\353\2646\255b\001"
 3804      C6E0DE7D 
 3804      2D4B711B 
 3804      A3EBB436 
 3804      AD6201
 3805 06be F458C32D 		.ascii	"\364X\303-\250N\265\273%\325\253\031\320\205\224s\302"
 3805      A84EB5BB 
 3805      25D5AB19 
 3805      D0859473 
 3805      C2
 3806 06cf 3D384097 		.ascii	"=8@\227i\270\242\267\311-\"\220m\022*\3016\371R\244"
 3806      69B8A2B7 
 3806      C92D2290 
 3806      6D122AC1 
ARM GAS  C:\Users\nello\AppData\Local\Temp\cc46pQ2n.s 			page 107


 3806      36F952A4 
 3807 06e3 F1E0533B 		.ascii	"\361\340S;|%\257$q\262\020\321\320\021\256D\006\305"
 3807      7C25AF24 
 3807      71B210D1 
 3807      D011AE44 
 3807      06C5
 3808 06f5 EA56C2AB 		.ascii	"\352V\302\253&\032\256b\240\271t\315\026\204\250}Hh"
 3808      261AAE62 
 3808      A0B974CD 
 3808      1684A87D 
 3808      4868
 3809 0707 BF25250F 		.ascii	"\277%%\017\353\222\323\246\220\334\220L\205\271\216"
 3809      EB92D3A6 
 3809      90DC904C 
 3809      85B98E
 3810 0716 4CF32224 		.ascii	"L\363\"$GA\217.\371\016\021H\311\017\267\242\344A!y"
 3810      47418F2E 
 3810      F90E1148 
 3810      C90FB7A2 
 3810      E4412179 
 3811 072a DB453B7C 		.ascii	"\333E;|=Nr\024\\a\021s\177C\227\034\0057\305\344\015"
 3811      3D4E7214 
 3811      5C611173 
 3811      7F43971C 
 3811      0537C5E4 
 3812 073f 6A847D15 		.ascii	"j\204}\025\027\015\376S8\365\2139\322\234h\216\216\363"
 3812      170DFE53 
 3812      38F58B39 
 3812      D29C688E 
 3812      8EF3
 3813 0751 3CEFC83C 		.ascii	"<\357\310<\037Y\351\247\356u!\212\337D\0037\232vn\001"
 3813      1F59E9A7 
 3813      EE75218A 
 3813      DF440337 
 3813      9A766E01 
 3814 0765 9C7DFA63 		.ascii	"\234}\372cOd\321\256\275tj/]\332\213~+\274\214\266 "
 3814      4F64D1AE 
 3814      BD746A2F 
 3814      5DDA8B7E 
 3814      2BBC8CB6 
 3815 077a 14A533BE 		.ascii	"\024\2453\276\360~P\203'\022\223\367\272\037\222:q\007"
 3815      F07E5083 
 3815      271293F7 
 3815      BA1F923A 
 3815      7107
 3816 078c 6D4F9117 		.ascii	"mO\221\027\347\312*\254\306]Q\215\332\253;\245\236\017"
 3816      E7CA2AAC 
 3816      C65D518D 
 3816      DAAB3BA5 
 3816      9E0F
 3817 079e AB04ACE5 		.ascii	"\253\004\254\345*\214;\260;\346\312\253\365#\272Z\337"
 3817      2A8C3BB0 
 3817      3BE6CAAB 
 3817      F523BA5A 
 3817      DF
 3818 07af 138E1543 		.ascii	"\023\216\025C\341\253\365}y\265f\306\253uP\277Z\177"
 3818      E1ABF57D 
ARM GAS  C:\Users\nello\AppData\Local\Temp\cc46pQ2n.s 			page 108


 3818      79B566C6 
 3818      AB7550BF 
 3818      5A7F
 3819 07c1 63BC5ACB 		.ascii	"c\274Z\313K\364W\012\033ws.\037\302\233"
 3819      4BF4570A 
 3819      1B77732E 
 3819      1FC29B
 3820 07d0 F37D7973 		.ascii	"\363}ys\336\363\257\0263\355\243!<\272\3516L\377YR\252"
 3820      DEF3AF16 
 3820      33EDA321 
 3820      3CBAE936 
 3820      4CFF5952 
 3821 07e5 82F89B21 		.ascii	"\202\370\233!\320J\303E9\277^\221\263\306\275\322\275"
 3821      D04AC345 
 3821      39BF5E91 
 3821      B3C6BDD2 
 3821      BD
 3822 07f6 BC60FD2A 		.ascii	"\274`\375*\267g\305+\036\357\037}\371\271N\327K\353"
 3822      B767C52B 
 3822      1EEF1F7D 
 3822      F9B94ED7 
 3822      4BEB
 3823 0808 7D2EEF8A 		.ascii	"}.\357\212\337\272|\005\353\275\256\245\236\325n\347"
 3823      DFBA7C05 
 3823      EBBDAEA5 
 3823      9ED56EE7 
 3824 0818 CBBF604F 		.ascii	"\313\277`Oeff\341?'9x|?\317\316\316\316\362\370\262"
 3824      656666E1 
 3824      3F273978 
 3824      7C3FCFCE 
 3824      CECEF2F8 
 3825 082d BC05593E 		.ascii	"\274\005Y>\257\023\255\005k\274\256\334U\276L'S_\361"
 3825      AF13AD05 
 3825      6BBCAEDC 
 3825      55BE4C27 
 3825      535FF1
 3826 0840 E527190C 		.ascii	"\345'\031\014\231\277zz\311\222\\\327\312\305\314\344"
 3826      99BF7A7A 
 3826      C9925CD7 
 3826      CAC5CCE4 
 3827 0850 73FFD965 		.ascii	"s\377\331e\312\367\272=J\376\037\324\\\357j\245 \177"
 3827      CAF7BA3D 
 3827      4AFE1FD4 
 3827      5CEF6AA5 
 3827      207F
 3828 0862 4A5AF73A 		.ascii	"JZ\367:\347\332\365\253\\\370\305\367\232/s\015\263"
 3828      E7DAF5AB 
 3828      5CF8C5F7 
 3828      9A2F730D 
 3828      B3
 3829 0873 AECCF5B9 		.ascii	"\256\314\365\271\236\367\272s&upz\362\362<\353\262\\"
 3829      9EF7BA73 
 3829      2675707A 
 3829      F2F23CEB 
 3829      B25C
 3830 0885 AF16643D 		.ascii	"\257\026d=\373\302\262\254\234e\313\237[\236\225\343"
 3830      FBC2B2AC 
ARM GAS  C:\Users\nello\AppData\Local\Temp\cc46pQ2n.s 			page 109


 3830      9C65CB9F 
 3830      5B9E95E3 
 3831 0895 F1BAB29E 		.ascii	"\361\272\262\236\323x\362|n\337K\253\235N\344z\346\373"
 3831      D378F27C 
 3831      6EDF4BAB 
 3831      9D4EE47A 
 3831      E6FB
 3832 08a7 38F23DDE 		.ascii	"8\362=\336\002\037\261\274\374\314\242e\213\236]\372"
 3832      021FB1BC 
 3832      FCCCA265 
 3832      8B9E5DFA 
 3833 08b7 22E29CC8 		.ascii	"\"\342\234\310\204~\252\307\235oZ\227\233\347R\376\224"
 3833      847EAAC7 
 3833      9D6F5A97 
 3833      9BE752FE 
 3833      94
 3834 08c8 FFD3E985 		.ascii	"\377\323\351\205\257u\373\012H:\344+k\363g/[\376B:\345"
 3834      AF75FB0A 
 3834      483AE42B 
 3834      6BF3672F 
 3834      5BFE423A 
 3835 08dd 80F92F4C 		.ascii	"\200\371/L_\260\230)^f\315s\345y\274\2571\353:\017\261"
 3835      5FB09829 
 3835      5E66CD73 
 3835      E579BCAF 
 3835      31EB3A0F 
 3836 08f2 B2FF03BA 		.ascii	"\262\377\003\272O2J"
 3836      4F324A
 3837              		.text
 3838              		.section	.gnu.lto_chThdStart.341.6c44ca83,"e",%progbits
 3839 0000 789C8D53 		.ascii	"x\234\215SKh\023Q\024\275w^\232\266\013A\020\005+H\024"
 3839      4B681351 
 3839      14BD775E 
 3839      9AB60B41 
 3839      10052B48 
 3840 0015 EA076CA6 		.ascii	"\352\007l\246U[\321\225\222\205\024\014\210q#\004$\235"
 3840      555BD195 
 3840      9285140C 
 3840      88712304 
 3840      249D
 3841 0027 0E6DD038 		.ascii	"\016m\3208a&U\273rL\375\241\213\330\006\24241\376\262"
 3841      612655BB 
 3841      724CFDA1 
 3841      8BD806A2 
 3841      3431FEB2 
 3842 003b D085A8F8 		.ascii	"\320\205\250\370kmk\243\215Zq\341\007\005I\305BuQ\352"
 3842      6B6D6BA3 
 3842      8D5A71E1 
 3842      070549C5 
 3842      427551EA 
 3843 004f 424914B3 		.ascii	"BI\024\263\020\343}ob\032DE\010\231y\347\235{\317\271"
 3843      10E37D6F 
 3843      621A4445 
 3843      089979E7 
 3843      9D7BCFB9 
 3844 0063 E7BD39C6 		.ascii	"\347\2759\306\0006 \3002\000@\006\330\327{\\\002\323"
 3844      003620C0 
ARM GAS  C:\Users\nello\AppData\Local\Temp\cc46pQ2n.s 			page 110


 3844      32004006 
 3844      D8D77B5C 
 3844      02D3
 3845 0075 3437564B 		.ascii	"47VKx\260\367\370\267\351\2336\034D\001 \034\220\360"
 3845      78B0F7F8 
 3845      B7E99B36 
 3845      1C440120 
 3845      1C90F0
 3846 0088 00465982 		.ascii	"\000FY\202a\037K\021\331VzCt\254L\233f\341p\177\361"
 3846      611F4B11 
 3846      D9567A43 
 3846      74AC4C9B 
 3846      66E1707F 
 3847 009d A33D7129 		.ascii	"\243=q)mK1\011\222D\270\205x\223\232\003\020\221\355"
 3847      6D4B3109 
 3847      9244B885 
 3847      78939A03 
 3847      1091ED
 3848 00b0 80E5447A 		.ascii	"\200\345Dz>>`\232\265@\014\274\203\025\034\002\274\027"
 3848      3E3E609A 
 3848      B5400CBC 
 3848      83151C02 
 3848      BC17
 3849 00c2 1602D881 		.ascii	"\026\002\330\201W\002HT\"\336\021\357\"\257\267\223"
 3849      57024854 
 3849      22DE11EF 
 3849      22AFB793 
 3850 00d2 8942A605 		.ascii	"\211B\246\005\310N\222\332\227\220\304\314\330[;\340"
 3850      C84E92DA 
 3850      9790C4CC 
 3850      D85B3BE0 
 3851 00e2 10614CA8 		.ascii	"\020aL\250\304\005\231+\025b'&\236\325%Ln\207\341\010"
 3851      C405992B 
 3851      15622726 
 3851      9ED5254C 
 3851      6E87E108 
 3852 00f6 F2569618 		.ascii	"\362V\226\030\336C\202\274\303\213\211Y\317\231\311"
 3852      DE4382BC 
 3852      C38B8959 
 3852      CF99C9
 3853 0105 487C70D5 		.ascii	"H|p\325X\2179n\226\2710\313\265\374s\265\201\327\011"
 3853      588F396E 
 3853      96B930CB 
 3853      B5FC73B5 
 3853      81D709
 3854 0118 3B8E1238 		.ascii	";\216\0228\314\273q\257\230\256\364\227\230\276\266"
 3854      CCBB71AF 
 3854      98AEF497 
 3854      98BEB6
 3855 0127 D632689B 		.ascii	"\3262h\2335\330\363\225\014> \254\012f\365F\377K\257"
 3855      35D8F395 
 3855      0C3E20AC 
 3855      0A66F546 
 3855      FF4BAF
 3856 013a F081F432 		.ascii	"\360\201\3642\004\216\225\365\036\012=\316\271\372\262"
 3856      048E95F5 
 3856      1E0A3DCE 
ARM GAS  C:\Users\nello\AppData\Local\Temp\cc46pQ2n.s 			page 111


 3856      B9FAB2
 3857 0149 2A6D7E2F 		.ascii	"*m~/F\314\364\3219\305\023\321\342\264d\227\020\007"
 3857      46CCF4D1 
 3857      39C513D1 
 3857      E2B46497 
 3857      1007
 3858 015b 682BC2F8 		.ascii	"h+\302\370\021\23264\323\000'\231d-zh1\203\346T4\213"
 3858      119A3634 
 3858      D3002799 
 3858      642D7A68 
 3858      3183E654 
 3859 0171 FC99BF1C 		.ascii	"\374\231\277\034y\327\037C\212N\240\371l\255\330\316"
 3859      79D71F43 
 3859      8A4EA0F9 
 3859      6CADD8CE 
 3860 0181 8F246FE7 		.ascii	"\217$o\347\336\314\243\011\005\374:w\0329\036v\320\334"
 3860      DECCA309 
 3860      05FC3A77 
 3860      1A391E76 
 3860      D0DC
 3861 0193 FCAC1936 		.ascii	"\374\254\0316\012\332\225\330\355\3113H\343\013\332"
 3861      0ADA95D8 
 3861      EDC93348 
 3861      E30BDA
 3862 01a2 D0642DDE 		.ascii	"\320d-\336G\370\204\341\245\334\334Y~zK\256IGjR\214"
 3862      47F884E1 
 3862      A5DCDC59 
 3862      7E7A4BAE 
 3862      49476A52 
 3863 01b7 5F121BBF 		.ascii	"_\022\033\277]\343\010\364\304'\210\217E`Kn\210\375"
 3863      5DE308F4 
 3863      C427888F 
 3863      45604B6E 
 3863      88FD
 3864 01c9 2AB1F9D4 		.ascii	"*\261\371\324R\371<\234|\225\253\001\2361\357\233\273"
 3864      52F93C9C 
 3864      7C95AB01 
 3864      9E31EF9B 
 3864      BB
 3865 01da 1CF992AD 		.ascii	"\034\371\222\255\027\012\337\262\013\004r\376\342\013"
 3865      170ADFB2 
 3865      0B0472FE 
 3865      E20B
 3866 01e8 3725CCDF 		.ascii	"7%\314\337\227\226\377\246bu\360\031\017;\340\020J)"
 3866      9796FFA6 
 3866      6275F019 
 3866      0F3BE010 
 3866      4A29
 3867 01fa 664F324A 		.ascii	"fO2J\352\002\223\270_\272\266)V#H\247\353Js\367\307"
 3867      EA0293B8 
 3867      5FBAB629 
 3867      562348A7 
 3867      EB4A73F7 
 3868 020f 69EE0796 		.ascii	"i\356\007\226\363\263\023\247,\255\251\353qKid\342\367"
 3868      F3B313A7 
 3868      2CADA9EB 
 3868      714B6964 
ARM GAS  C:\Users\nello\AppData\Local\Temp\cc46pQ2n.s 			page 112


 3868      E2F7
 3869 0221 EEAF1695 		.ascii	"\356\257\026\225\222\371\301\223\031\263\012\243\371"
 3869      92F9C193 
 3869      19B30AA3 
 3869      F9
 3870 022e 72329952 		.ascii	"r2\231R2P\231\314\303\331d\036U&S\312\340\231H\243r"
 3870      325099CC 
 3870      C3D9641E 
 3870      552653CA 
 3870      E09948A3 
 3871 0243 F0BE3C0D 		.ascii	"\360\276<\015\236)\015~\356\375\213*>f\016\303\347\232"
 3871      9E290D7E 
 3871      EEFD8B2A 
 3871      3E660EC3 
 3871      E79A
 3872 0255 6914FE11 		.ascii	"i\024\376\021E\030Z'\031N\363e\203k\203\327\325\351"
 3872      45185A27 
 3872      194EF365 
 3872      836B83D7 
 3872      D5E9
 3873 0267 6FF37B42 		.ascii	"o\363{B]\355~\315\273O\323w\031A\237\242\356\3542T\335"
 3873      5DED7ECD 
 3873      BB4FD377 
 3873      19419FA2 
 3873      EEEC3254 
 3874 027c BB593542 		.ascii	"\273Y5B]\272\272E\353\360+{\327\300\012\247S\246\237"
 3874      5DBABA45 
 3874      EBF02B7B 
 3874      D7C00AA7 
 3874      53A69F
 3875 028f C20B3463 		.ascii	"\302\0134cuSS\223\254\031\262\036\222\015]!4\324\251"
 3875      75535393 
 3875      AC19B21E 
 3875      920D5D21 
 3875      34D4A9
 3876 02a2 ABBE76C3 		.ascii	"\253\276v\303\251\200\024\012\316\257X;\327\26747\373"
 3876      A980140A 
 3876      CEAF583B 
 3876      D7B73437 
 3876      FB
 3877 02b3 D4B6C6BF 		.ascii	"\324\266\306\277w\360\357Qvw\265\253\264ct\033\316N"
 3877      77F0EF51 
 3877      7677B5AB 
 3877      B463741B 
 3877      CE4E
 3878 02c5 A86EF319 		.ascii	"\250n\363\031\352V\335\357\372c\201\242\005\002\332"
 3878      EA56DDEF 
 3878      FA6381A2 
 3878      0502DA
 3879 02d4 1E59DD1F 		.ascii	"\036Y\335\037\2227ms\313.\267\247\325#\2734]\225[\177"
 3879      92376D73 
 3879      CB2EB7A7 
 3879      D523BB34 
 3879      5D955B7F 
 3880 02e8 F509187E 		.ascii	"\365\011\030~cg\207\242P\257u\377\352\021\324\364\220"
 3880      636787A2 
 3880      50AF75FF 
ARM GAS  C:\Users\nello\AppData\Local\Temp\cc46pQ2n.s 			page 113


 3880      EA11D4F4 
 3880      90
 3881 02f9 C1BBEC5D 		.ascii	"\301\273\354]\327\340n\330\264e;\361\024\352Dus\335"
 3881      D7E06ED8 
 3881      B4653BF1 
 3881      14EA4475 
 3881      73DD
 3882 030b 9E6D0EEE 		.ascii	"\236m\016\356#\250\373W9\352\033A\322\241:\240\0064"
 3882      23A8FB57 
 3882      39EA1B41 
 3882      D2A13AA0 
 3882      0634
 3883 031d BD1B7E02 		.ascii	"\275\033~\002\226\000\2317"
 3883      96009937 
 3884              		.text
 3885              		.section	.gnu.lto_chThdAddRef.342.6c44ca83,"e",%progbits
 3886 0000 789C8D52 		.ascii	"x\234\215R]H\024Q\030\375\276\231\331u}\010\202(\302"
 3886      5D481451 
 3886      18FDBE99 
 3886      D9757D08 
 3886      8228C2
 3887 0013 20D6C07E 		.ascii	" \326\300~@w\264P\251\247b\037\"h!\262\227`At\034r\251"
 3887      4077B450 
 3887      A9A7621F 
 3887      226821B2 
 3887      97604174 
 3888 002a 6D6466B5 		.ascii	"mdf\265|r\332\245\002{\330T\260\310m+\221\310\007\251"
 3888      7C72DAA5 
 3888      027BD854 
 3888      B0C86D2B 
 3888      91C807A9 
 3889 003e D04C4B73 		.ascii	"\320LKsk\355\217\350\337P\264\020$\312\224~\330-\332"
 3889      6BED8FE8 
 3889      DF50B410 
 3889      24CA947E 
 3889      D82DDA
 3890 0051 87A8BE7B 		.ascii	"\207\250\276{g\325%,\202\341\316\275\347\236\363\235"
 3890      67D5252C 
 3890      82E1CEBD 
 3890      E79EF39D 
 3891 0061 EF9E7B3F 		.ascii	"\357\236{?\212\000[\020`-\000\240\010\330\334\324(\200"
 3891      8A005B10 
 3891      602D00A0 
 3891      08D8DCD4 
 3891      2880
 3892 0073 699A5BB3 		.ascii	"i\232[\263\004<\322\324\370~\266G\302~\344\000B\203"
 3892      043CD2D4 
 3892      F87EB647 
 3892      C27EE400 
 3892      4283
 3893 0085 800DD822 		.ascii	"\200\015\330\"FDl\026;\210,\245g\210\316\0151\323L\035"
 3893      46446C16 
 3893      3B882CA5 
 3893      6788CE0D 
 3893      31D34C1D 
 3894 0099 3DD3F5D1 		.ascii	"=\323\365\321\036\271\024\223:D\001\242D\270\206\330"
 3894      1EB91493 
ARM GAS  C:\Users\nello\AppData\Local\Temp\cc46pQ2n.s 			page 114


 3894      3A4401A2 
 3894      44B886D8 
 3895 00a9 43C50188 		.ascii	"C\305\001\210(\356\205uDz\366\260\3174\263\201\030x"
 3895      28EE8575 
 3895      447AF6B0 
 3895      CF34B381 
 3895      1878
 3896 00bb 1D333804 		.ascii	"\03538\004x\337\255\004\260\003S\002\010$\341s\304\033"
 3896      78DFAD04 
 3896      B0035302 
 3896      0824E173 
 3896      C41B
 3897 00cd C8F4766A 		.ascii	"\310\364vj\"5Z\002\324N\224\312\247\221\310L\374\265"
 3897      22355A02 
 3897      D44E94CA 
 3897      A791C84C 
 3897      FCB5
 3898 00df 1DF02661 		.ascii	"\035\360&a\"wi\343d\346\224j=1\3614'b\262vD\034DV\312"
 3898      227769E3 
 3898      64E6946A 
 3898      3D31F134 
 3898      2762B276 
 3899 00f8 32C35B48 		.ascii	"2\303[H\220w`51\363\0303\032n\353\317\217\207\314\007"
 3899      90776035 
 3899      31F31833 
 3899      1A6EEBCF 
 3899      8F87CC07 
 3900 010c E63C1716 		.ascii	"\346<\027\026\270V\377\314\255\357U\304\216C\004\016"
 3900      B856FFCC 
 3900      ADEF55C4 
 3900      8E43040E 
 3901 011c B06AAC57 		.ascii	"\260j\254W\214e\366\027\231\236.\266\032\224\026\032"
 3901      8C65F617 
 3901      999E2EB6 
 3901      1A94161A 
 3902 012c 0C7DA306 		.ascii	"\014}\243\006\357\020f\203\005\277\241\377\362K\275"
 3902      EF106683 
 3902      05BFA1FF 
 3902      F24BBD
 3903 013b 25BF6102 		.ascii	"%\277a\002\343\363~w\271\037\343\\~a\213\231?~\205\315"
 3903      E3F37E77 
 3903      B91FE35C 
 3903      7E618B99 
 3903      3F7E85CD 
 3904 014f D8F1255D 		.ascii	"\330\361%]]-\237g\005\207\200\330\207\022e)\331\330"
 3904      5D2D9F67 
 3904      058780D8 
 3904      87126529 
 3904      D9D8
 3905 0161 001016D9 		.ascii	"\000\020\026\331e\232\022\2321\200\223\242`-B\264\230"
 3905      659A129A 
 3905      318093A2 
 3905      602D42B4 
 3905      98
 3906 0172 41736A72 		.ascii	"Asjr\034\331\277\2733<&Q\204\034K\216g\363\315\344`"
 3906      1CD9BFBB 
 3906      333C2651 
ARM GAS  C:\Users\nello\AppData\Local\Temp\cc46pQ2n.s 			page 115


 3906      841C4B8E 
 3906      67F3CDE4 
 3907 0187 B43731B6 		.ascii	"\26471\266\214N\312\341W\211\323\310\360\240\223\316"
 3907      8C4ECAE1 
 3907      5789D3C8 
 3907      F0A093CE 
 3908 0197 CFEE5CC4 		.ascii	"\317\356\\\304BN\353j\355\235<\213\024\003\247\335\234"
 3908      424EEB6A 
 3908      ED9D3C8B 
 3908      1403A7DD 
 3908      9C
 3909 01a8 CCC6DB08 		.ascii	"\314\306\333\010\2371\270\2065y\216\335b\356\025\341"
 3909      9F31B886 
 3909      35798EDD 
 3909      62EE15E1 
 3910 01b8 98A343B4 		.ascii	"\230\243C\264\321Tb\257\354\001\002\375\361!\342}\036"
 3910      D15462AF 
 3910      EC0102FD 
 3910      F121E27D 
 3910      1E
 3911 01c9 5C6E37DF 		.ascii	"\\n7\337\267\363\315G\226\313\227\201\350H\302\001,"
 3911      B7F3CD47 
 3911      96CB9781 
 3911      E848C201 
 3911      2C
 3912 01da 6B5637D1 		.ascii	"kV7\321\031\376:\236\307\035\276\217\257\340\310\205"
 3912      19FE3A9E 
 3912      C71DBE8F 
 3912      AFE0C885 
 3913 01ea D0A88792 		.ascii	"\320\250\207\222f\3635\363\303T\"\007>ap\340\203\320"
 3913      66F335F3 
 3913      C3542207 
 3913      3E6170E0 
 3913      83D0
 3914 01fc 2ECE3D4E 		.ascii	".\316=N\201\233\\do\230\\\262\332\011x\214Ph-\035\370"
 3914      819B5C64 
 3914      6F985CB2 
 3914      DA09788C 
 3914      50682D1D 
 3915 0211 04CFB2E7 		.ascii	"\004\317\262\347F\262P\344\330\033l\027m$e:\007\"\253"
 3915      46B250E4 
 3915      D81B6C17 
 3915      6D24653A 
 3915      0722AB
 3916 0224 F5A511E7 		.ascii	"\365\245\021\347\344\323\302\"\372\347\226\236t\274"
 3916      E4D3C222 
 3916      FAE7969E 
 3916      74BC
 3917 0232 816F56A4 		.ascii	"\201oV\244\311\316\360\231\266V\244k\347\350\271\211"
 3917      C9CEF099 
 3917      B656A46B 
 3917      E7E8B989 
 3918 0242 53D641A6 		.ascii	"S\326A\246\256\266Y\307\030\234\370\263\365\221U\351"
 3918      AEB659C7 
 3918      189CF8B3 
 3918      F59155E9 
 3919 0252 D87FB2D8 		.ascii	"\330\177\262\330\343\226\260%9\037\373p:v\310\214\375"
ARM GAS  C:\Users\nello\AppData\Local\Temp\cc46pQ2n.s 			page 116


 3919      E396B025 
 3919      391FFB70 
 3919      3A76C88C 
 3919      FD
 3920 0263 EE42ECF7 		.ascii	"\356B\354\3672cO\007\374\222G\235\231js\222R\035N\247"
 3920      32634F07 
 3920      FC92479D 
 3920      996A7392 
 3920      521D4EA7 
 3921 0277 7A3E3E6A 		.ascii	"z>>jc\031&0x\276\230\016\306r\010\213h=\222`\214-\013"
 3921      63192630 
 3921      78BE980E 
 3921      C672088B 
 3921      683D9260 
 3922 028e DC5BBCEE 		.ascii	"\334[\274\356j_\245\257,P[\345\323\274\2074}\277QS\241"
 3922      6A5FA5AF 
 3922      2C505BE5 
 3922      D3BC8734 
 3922      7DBF5153 
 3923 02a3 A8E5B586 		.ascii	"\250\345\265\206\252{\267\253F\240VWwj\373|J\335&X\357"
 3923      AA7BB7AB 
 3923      46A05657 
 3923      776AFB7C 
 3923      4ADD2658 
 3924 02b8 72C9F429 		.ascii	"r\311\364)L\240\031\033\213\212\212d\315\220\365\200"
 3924      4CA0191B 
 3924      8B8A8A64 
 3924      CD90F580 
 3925 02c8 6CE80AA1 		.ascii	"l\350\012\241\201j]\255\2502\\\012\010\201\232\345\031"
 3925      816A5DAD 
 3925      A8325C0A 
 3925      08819AE5 
 3925      19
 3926 02d9 6BD7E692 		.ascii	"k\327\346\222\342\342\012\265\262\360\357\025|\007\225"
 3926      E2E20AB5 
 3926      B2F0EF15 
 3926      7C0795
 3927 02e8 03B5552A 		.ascii	"\003\265U*\355\030\365\206\253\032\262*+\014u\227\356"
 3927      ED18F586 
 3927      AB1AB22A 
 3927      2B0C7597 
 3927      EE
 3928 02f9 732F2A50 		.ascii	"s/*P4\277_;(\253\207\003\362\266\335\036\331\355)\333"
 3928      34BF5F3B 
 3928      28AB8703 
 3928      F2B6DD1E 
 3928      D9ED29DB 
 3929 030d 5126BB35 		.ascii	"Q&\2735]\225w\314\325\361\033>\243|\237\242P\255\322"
 3929      5D9577CC 
 3929      D5F11B3E 
 3929      A37C9FA2 
 3929      50ADD2
 3930 0320 7FD5A8D1 		.ascii	"\177\325\250\321\364\200\301\252\324\225\026x\012\266"
 3930      F480C1AA 
 3930      D4951678 
 3930      0AB6
 3931 032e EDDC433C 		.ascii	"\355\334C<\205*\221n\251\247l\267\223\365Q\243\373\362"
ARM GAS  C:\Users\nello\AppData\Local\Temp\cc46pQ2n.s 			page 117


 3931      852A916E 
 3931      A9A76CB7 
 3931      93F551A3 
 3931      FBF2
 3932 0340 9D798520 		.ascii	"\235y\205 \350\220\345W\375\232^\017\277\001\376\030"
 3932      E890E557 
 3932      FD9A5E0F 
 3932      BF01FE18 
 3933 0350 B6C7     		.ascii	"\266\307"
 3934              		.text
 3935              		.section	.gnu.lto_chThdRelease.343.6c44ca83,"e",%progbits
 3936 0000 789C8D53 		.ascii	"x\234\215Smh[e\024>\347}o>:7\025d\"\033H7,*\254\271"
 3936      6D685B65 
 3936      143EE77D 
 3936      6F3E3A37 
 3936      1564221B 
 3937 001a ED6416F7 		.ascii	"\355d\026\367\313\221\0372X@V\021\204\300ho/k\320\354"
 3937      CB911F32 
 3937      58405611 
 3937      84C0686F 
 3937      2F6BD0EC 
 3938 002e 967BD3E9 		.ascii	"\226{\323\351~\355\256\251\033lB\232\326Ui\263\014\273"
 3938      7EEDAEA9 
 3938      1B6C429A 
 3938      D65569B3 
 3938      0CBB
 3939 0040 20F6C7FC 		.ascii	" \366\307\374\244\265sI\233\256\352fevn\353\030\315"
 3939      A4B57349 
 3939      9BAEEA66 
 3939      65766EEB 
 3939      18CD
 3940 0052 B64AF147 		.ascii	"\266J\361G7\241\253\211\342\220a=\357{o\223 S\274$\357"
 3940      37A1AB89 
 3940      E290613D 
 3940      EF7B6F93 
 3940      2053BC24 
 3941 0067 7DCFC773 		.ascii	"}\317\307s\316s>\356\210\002\260\035\001^\005\000\364"
 3941      CE733EEE 
 3941      8802B01D 
 3941      015E0500 
 3941      F4
 3942 0078 02F6268F 		.ascii	"\002\366&\2172\260m\373E\037c\361\3441\206g\360\363"
 3942      32B06DFB 
 3942      451F63F1 
 3942      E4318667 
 3942      F0F3
 3943 008a A591754A 		.ascii	"\245\221uJw\362\341\037\222\323[\025\216\307\375\216"
 3943      77F2E11F 
 3943      92D35B15 
 3943      8EC7FD8E 
 3944 009a 5DC1E3C9 		.ascii	"]\301\343\311\351S\271\353K\014s(5\036<TF#\034d\\\361"
 3944      E953B9EB 
 3944      4B0C7328 
 3944      351E3C54 
 3944      46231C64 
 3945 00b0 E041ECE3 		.ascii	"\340A\354\343\317\222\346\336\333\003\363\027\321\376"
 3945      CF92E6DE 
ARM GAS  C:\Users\nello\AppData\Local\Temp\cc46pQ2n.s 			page 118


 3945      DB03F317 
 3945      D1FE
 3946 00be 288F190E 		.ascii	"(\217\031\016\220\246\277|R\034{y\206#*\356\215a-\335"
 3946      90A6BF7C 
 3946      521C7B79 
 3946      86232AEE 
 3946      8D612DDD 
 3947 00d2 F86BF074 		.ascii	"\370k\360t\336\266/\345\306l\273\0062\234\343\227H\030"
 3947      DEB62FE5 
 3947      C66CBB06 
 3947      329CE397 
 3947      4818
 3948 00e4 1C451C41 		.ascii	"\034E\034A\3001\012\302\303\023O\000xe,\"\011\214`R"
 3948      C0310AC2 
 3948      C3134F00 
 3948      78652C22 
 3948      098C6052 
 3949 00f8 42FC0A61 		.ascii	"B\374\012aU`x\326\021\004\205\231&\341IJ\327\214Y\254"
 3949      556078D6 
 3949      11048599 
 3949      26E1494A 
 3949      D78C59AC 
 3950 010c 32A7EEC4 		.ascii	"2\247\356\304\177\247\006\344\310\201\013\035\037\224"
 3950      7FA706E4 
 3950      C8810B1D 
 3950      1F94
 3951 011a 26C1E35E 		.ascii	"&\301\343^\377\261\302\314\206\224\235W2\\\301\011\024"
 3951      FFB1C2CC 
 3951      86949D57 
 3951      325CC109 
 3951      14
 3952 012b 495C2AA2 		.ascii	"I\\*\242\036%\234}\222<\353\204g:1qf\313T\334\276`\227"
 3952      1E259C7D 
 3952      923CEB84 
 3952      673A3171 
 3952      66CB54DC 
 3953 0142 7DA1E2EB 		.ascii	"}\241\342\353T,\311\374\234\362\342$)\307E4Q\007\236"
 3953      542CC9FC 
 3953      9CF2E224 
 3953      29C74534 
 3953      51079E
 3954 0155 2B33176C 		.ascii	"+3\027l\0263.[\245Bp\352\006\021\374\232t\036\250\344"
 3954      16332E5B 
 3954      A54270EA 
 3954      0611FC9A 
 3954      741EA8E4 
 3955 0169 1BFC5FF9 		.ascii	"\033\374_\371\306f)\337\267\244\374\246\234\357\274"
 3955      C66629DF 
 3955      B7A4FCA6 
 3955      9CEFBC
 3956 0178 CC277C3E 		.ascii	"\314'|>\271\354\311\333\367W\022v\376\310\272\371\323"
 3956      B9ECC9DB 
 3956      F7571276 
 3956      FEC8BAF9 
 3956      D3
 3957 0189 BDE7FF64 		.ascii	"\275\347\377dk\031u\335\303\305\241\320\341\365\210"
 3957      6B1975DD 
ARM GAS  C:\Users\nello\AppData\Local\Temp\cc46pQ2n.s 			page 119


 3957      C3C5A1D0 
 3957      E1F588
 3958 0198 C38FD479 		.ascii	"\303\217\324y\200\004\207\025z8\332y\200\036\316\034"
 3958      80048715 
 3958      7A38DA79 
 3958      801ECE1C 
 3959 01a8 214EC21D 		.ascii	"!N\302\035\264\213\037\364\335\014\211y\320\2754\234"
 3959      B48B1FF4 
 3959      DD0C8979 
 3959      D0BD349C 
 3960 01b8 B835D08F 		.ascii	"\2705\320\217\304XH\013\245\271\032\351R\312\245G\213"
 3960      C458480B 
 3960      A5B91AE9 
 3960      52CAA547 
 3960      8B
 3961 01c9 D71F2326 		.ascii	"\327\037#&R=[|\037\205\276\253\226\370\211\025P\260"
 3961      523D5B7C 
 3961      1F85BEAB 
 3961      96F88915 
 3961      50B0
 3962 01db 41BA9DEE 		.ascii	"A\272\235\356\037\235?\201DS\272\235\235\257\301\013"
 3962      1F9D3F81 
 3962      4453BA9D 
 3962      9DAFC10B 
 3963 01eb 0877B16B 		.ascii	"\010w\261k\263 }R\314{\323\247\354\260?\303}tU\304\376"
 3963      B3207D52 
 3963      CC7BD3A7 
 3963      ECB03FC3 
 3963      7D7455C4 
 3964 0200 4E23D01B 		.ascii	"N#\320\033\277G\374N6r\323\027\322\356\227\306\213N"
 3964      BF47FC4E 
 3964      3672D317 
 3964      D2EE97C6 
 3964      8B4E
 3965 0212 96E56CFA 		.ascii	"\226\345l\372j\321\017\242\027\222\357p\342\267\271"
 3965      6AD10FA2 
 3965      1792EF70 
 3965      E2B7B9
 3966 0221 3A99E18F 		.ascii	":\231\341\217\271\307\235\012N\225+\330\\>\026\256m"
 3966      B9C79D0A 
 3966      4E952BD8 
 3966      5C3E16AE 
 3966      6D
 3967 0232 8425ECCA 		.ascii	"\204%\354\312\336fC\234\271\273\312e\222\017\305\362"
 3967      DE66439C 
 3967      B9BBCA65 
 3967      920FC5F2 
 3968 0242 53969A21 		.ascii	"S\226\232!\356\307\031\204\006G\\\203\227\360\204\\"
 3968      EEC71984 
 3968      06475C83 
 3968      97F0845C 
 3969 0252 F3258CA7 		.ascii	"\363%\214\247\016\337\304!\316\011*pkp\005E\260\345"
 3969      0EDFC421 
 3969      CE092A70 
 3969      6B700545 
 3969      B0E5
 3970 0264 A3B88A5F 		.ascii	"\243\270\212_d\017\010p\305\011@@\311\340\327\202D\215"
ARM GAS  C:\Users\nello\AppData\Local\Temp\cc46pQ2n.s 			page 120


 3970      640F0870 
 3970      C5094040 
 3970      C9E0D782 
 3970      448D
 3971 0276 0F3F35C4 		.ascii	"\017?5\304+\237\313O\212\214\001.>\000\215\016\334\213"
 3971      2B9FCB4F 
 3971      8A8C012E 
 3971      3E008D0E 
 3971      DC8B
 3972 0288 D7E492CE 		.ascii	"\327\344\222\316\242d\320\177\204\010x\010(P^\\9t\337"
 3972      A264D07F 
 3972      84087808 
 3972      28505E5C 
 3972      3974DF
 3973 029b 07B7B17B 		.ascii	"\007\267\261{qj\003\251\035\335#\362\213\354\341\274"
 3973      716A03A9 
 3973      1DDD23F2 
 3973      8BECE1BC 
 3974 02ab A7F4F12F 		.ascii	"\247\364\361/ \007\272L}\355F\342\366P\232{\005\023"
 3974      2007BA4C 
 3974      7DED46E2 
 3974      F6509A7B 
 3974      0513
 3975 02bd 0ABC563A 		.ascii	"\012\274V:)w\337\371\361\335\362\324\027&n\255N|`\220"
 3975      2977DFF9 
 3975      F1DDF2D4 
 3975      17266EAD 
 3975      4E7C6090 
 3976 02d1 269E7566 		.ascii	"&\236ufv\262\360\036\322\007%\357\237\015:]\316\025"
 3976      76B2F01E 
 3976      D20725EF 
 3976      9F0D3A5D 
 3976      CE15
 3977 02e3 FED9D9AB 		.ascii	"\376\331\331\253\033\335\255\370Kl\305\270\343\336W"
 3977      1BDDADF8 
 3977      4B6CC5B8 
 3977      E3DE57
 3978 02f2 2A6FC5A4 		.ascii	"*o\305\244\273\025P\275\025\347*[1U\275\025\356\374"
 3978      BB1550BD 
 3978      15E72A5B 
 3978      3155BD15 
 3978      EEFC
 3979 0304 0B7213AA 		.ascii	"\013r\023\252\207\336[\242\241O\242S\242\207zd+\222"
 3979      87DE5BA2 
 3979      A14FA253 
 3979      A2877A64 
 3979      2B92
 3980 0316 7D1199AC 		.ascii	"}\021\231\254;\301\321Qv\345\205X\037\334\036\016\266"
 3980      3BC1D151 
 3980      76E58558 
 3980      1FDC1E0E 
 3980      B6
 3981 0327 475A23CD 		.ascii	"GZ#\315\261\316\266\210\021~\3230_\267:Z4}O\247\245"
 3981      B1CEB688 
 3981      117ED330 
 3981      5FB73A5A 
 3981      347D4FA7 
ARM GAS  C:\Users\nello\AppData\Local\Temp\cc46pQ2n.s 			page 121


 3982 033c 9BE19774 		.ascii	"\233\341\227t+\326i\352\273\214\275\021m\377s\360L "
 3982      2BD669EA 
 3982      BB8CBD11 
 3982      6DFF73F0 
 3982      4C20
 3983 034e A0D24F13 		.ascii	"\240\322O\023\000\303\332\332\330\330\250\032\226j\306"
 3983      00C3DADA 
 3983      D8D8A81A 
 3983      966AC6
 3984 035d 54CBD448 		.ascii	"T\313\324H\033k7\365\2266+\240\001\213u\254\257\222"
 3984      1B6B37F5 
 3984      96362BA0 
 3984      018B75AC 
 3984      AF92
 3985 036f 032F3CBF 		.ascii	"\003/<\277m[\213\336\332\360\357\021\"\373\2647:\333"
 3985      6D5B8BDE 
 3985      DAF0EF11 
 3985      22FBB437 
 3985      3ADB
 3986 0381 74B25807 		.ascii	"t\262X\007\254@;\370Z[,\375e3\022| @3\242Qc\237\252"
 3986      AC403BF8 
 3986      5A5B2CFD 
 3986      6533127C 
 3986      204033A2 
 3987 0399 BF155377 		.ascii	"\277\025Sw\354\016\251\301P\363\316f5h\230\272\272s"
 3987      EC0EA9C1 
 3987      50F3CE66 
 3987      356898BA 
 3987      BA73
 3988 03ab 354ED48A 		.ascii	"5N\324\212X{\366j\032\305j\372\257\030\035\206\031\263"
 3988      587BF66A 
 3988      1AC56AFA 
 3988      AF181D86 
 3988      19B3
 3989 03bd 4494FD4D 		.ascii	"D\224\375M\365\241\372\035\273^!?\215\"\021\356\321"
 3989      F5A1FA1D 
 3989      BB5E213F 
 3989      8D2211EE 
 3989      D1
 3990 03ce 50F3EE5A 		.ascii	"P\363\356Z\301\243\303\214l\251\255k\000f\202/\252G"
 3990      C1A3C38C 
 3990      6CA9AD6B 
 3990      0066822F 
 3990      AA47
 3991 03e0 0DF300FC 		.ascii	"\015\363\000\374\015_7\375\027"
 3991      0D5F37FD 
 3991      17
 3992              		.text
 3993              		.section	.gnu.lto_chThdExit.344.6c44ca83,"e",%progbits
 3994 0000 789C7D52 		.ascii	"x\234}RAH\024a\024~o\376q\327=\004A\024\321!\326B,\320"
 3994      41481461 
 3994      147E6FFE 
 3994      71D73D04 
 3994      4114D121 
 3995 0018 1D2D4CAA 		.ascii	"\035-L\252K\262\207\020\\\010\267K\240\310:\016:\324"
 3995      4BB28710 
 3995      5C08B74B 
ARM GAS  C:\Users\nello\AppData\Local\Temp\cc46pQ2n.s 			page 122


 3995      A0C83A0E 
 3995      3AD4
 3996 002a 3A32FFAE 		.ascii	":2\377\256\345\311i\265\002\2036\015Ll]*\366\320\305"
 3996      E5C969B5 
 3996      0283360D 
 3996      4C6C5D2A 
 3996      F6D0C5
 3997 003d 4A28D3B4 		.ascii	"J(\323\264\232Z\211<\031\221\020\026iA\227:(k`\201P"
 3997      9A5A893C 
 3997      19911016 
 3997      6941973A 
 3997      286B6081 
 3998 0052 EFFF57AB 		.ascii	"\357\377W\253C5\3140\357}\357{\337\373\336?\023T\000"
 3998      4335CC30 
 3998      EF7DEF7B 
 3998      DFFBDE3F 
 3998      135400
 3999 0065 0E23C06E 		.ascii	"\016#\300n\000@\006\330\337\327\253\200\3438G\274\012"
 3999      004006D8 
 3999      DFD7AB80 
 3999      E33847BC 
 3999      0A
 4000 0076 9EEDEBF5 		.ascii	"\236\355\353\365\341\004\312\014\241K\301.\274\302\366"
 4000      E104CA0C 
 4000      A14BC12E 
 4000      BCC2F6
 4001 0085 52FAEDDC 		.ascii	"R\372\355\334\320\314,:\267\\\3140\2004=\362J1\354g"
 4001      D0CC2C3A 
 4001      B75CCC30 
 4001      80343DF2 
 4001      4A31EC67 
 4002 0099 1986A8AE 		.ascii	"\031\206\250\256G\012\372)b'\240\204\232^\336\036w\034"
 4002      470AFA29 
 4002      6227A084 
 4002      9A5EDE1E 
 4002      771C
 4003 00ab 1F6418C3 		.ascii	"\037d\030\303\007H=8\206x\237&\023\320\220\331\016\340"
 4003      07483D38 
 4003      86789F26 
 4003      13D090D9 
 4003      0EE0
 4004 00bd 5957426A 		.ascii	"YWBj\2211\342C\024\232\0361\361S\025\220\2254S6\220"
 4004      9131E243 
 4004      149A1E31 
 4004      F1531590 
 4004      95345336 
 4005 00d2 D497EC3B 		.ascii	"\324\227\354;\017\340$aL`,%\311%.\221\007/\276\235\335"
 4005      0FE02461 
 4005      4C602C25 
 4005      C9252E91 
 4005      072FBE9D 
 4006 00e7 91725C35 		.ascii	"\221r\\5\303T|\204B*?\014\037\223c\265aj'1\213\005\363"
 4006      C3547C84 
 4006      422A3F0C 
 4006      1F9363B5 
 4006      616A2731 
 4007 00fe 6EF2DA44 		.ascii	"n\362\332Di\266\333y\341\374\342\302on~'1m|.\345\301"
ARM GAS  C:\Users\nello\AppData\Local\Temp\cc46pQ2n.s 			page 123


 4007      69B6DB79 
 4007      E1FCE2C2 
 4007      6F6E7E27 
 4007      316D7C2E 
 4008 0114 27044E09 		.ascii	"'\004N\0115\341\025]\351Op\356\274*p\235\265\037I\307"
 4008      35E1155D 
 4008      E94F70EE 
 4008      BC2A709D 
 4008      B51F49C7 
 4009 0128 BDB06966 		.ascii	"\275\260if\351\322\352\232R\240 \216S)\311\304Y:*:."
 4009      E9D2EA9A 
 4009      52A0208E 
 4009      5329C9C4 
 4009      593A2A3A 
 4010 013d C065A6E4 		.ascii	"\300e\246\344\223nJ>\243\363\361\352\002\212\367\312"
 4010      936E4A3E 
 4010      A3F3F1EA 
 4010      028AF7CA 
 4011 014d 48F2FDD0 		.ascii	"H\362\375\320\000\322*\022]\231\367\311\362\312\207"
 4011      00D22A12 
 4011      5D99F7C9 
 4011      F2CA87
 4012 015c F458EECD 		.ascii	"\364X\356\315\026\232(\341\271\334 \012<\341'\037\342"
 4012      169A28E1 
 4012      B9DC200A 
 4012      3CE1271F 
 4012      E2
 4013 016d 70552C97 		.ascii	"pU,\227\264\321\201\261\205a$;\2226\271\340\303\247"
 4013      B4D181B1 
 4013      8561243B 
 4013      9236B9E0 
 4013      C3A7
 4014 017f 084B98D8 		.ascii	"\010K\230\330%\314]Wh\201\242Q\345|a\206\025P\250\212"
 4014      25CC5D57 
 4014      6881A251 
 4014      E57C6186 
 4014      1550A88A 
 4015 0193 03CE22D0 		.ascii	"\003\316\"\320\033\247\021\237\3113+\272'\353\036Y|"
 4015      1BA7119F 
 4015      C9332BBA 
 4015      27EB1E59 
 4015      7C
 4016 01a4 9E9FB2BC 		.ascii	"\236\237\262\274\230~\235+\004\261\263\320\315\215$"
 4016      987E9D2B 
 4016      04B1B3D0 
 4016      CD8D24
 4017 01b3 BFCE17CB 		.ascii	"\277\316\027\313\011\253\363\333$r#\373=D\237\004\226"
 4017      09ABF3DB 
 4017      247223FB 
 4017      3D449F04 
 4017      96
 4018 01c4 B1C70F3D 		.ascii	"\261\307\017=\250d\2307\315H\342&\243\260\020r\230X"
 4018      A8649837 
 4018      CD48E226 
 4018      A3B01072 
 4018      9858
 4019 01d6 1C6E94FF 		.ascii	"\034n\224\377E\222a~\361\204+\322\262\340\241\372`\253"
ARM GAS  C:\Users\nello\AppData\Local\Temp\cc46pQ2n.s 			page 124


 4019      4592617E 
 4019      F1842BD2 
 4019      B2E0A1FA 
 4019      60AB
 4020 01e8 D9648663 		.ascii	"\331d\206c\361f\323\252?m\331'y{D7\032\343\334\260\353"
 4020      F166D3AA 
 4020      3F6DD927 
 4020      797B4437 
 4020      1AE3DCB0 
 4021 01fd 8F1A3C16 		.ascii	"\217\032<\026\267\215Z\253\305\324;\366\303\236@@\243"
 4021      B78D5AAB 
 4021      C5D43BF6 
 4021      C39E4040 
 4021      A3
 4022 020e 5B170D16 		.ascii	"[\027\015\026\337WQQ\241Y\\\263c\032\267uBc\255\266"
 4022      DF575151 
 4022      A1595CB3 
 4022      631AB775 
 4022      4263ADB6 
 4023 0222 1169E601 		.ascii	"\021i\346\001\035X\224\267l\375\003\010\034<PY\0311"
 4023      1D5894B7 
 4023      6CFD0308 
 4023      1C3C5059 
 4023      1931
 4024 0234 9ACAFF2D 		.ascii	"\232\312\377-a\266\351\247\342\315\006Ux'\017\264\202"
 4024      61B6E9A7 
 4024      E2CD0655 
 4024      78270FB4 
 4024      82
 4025 0245 B729C28D 		.ascii	"\267)\302\215c\266\031\374k\203nE\243V\233f\234\211"
 4025      63B619FC 
 4025      6B836E45 
 4025      A3569B66 
 4025      9C89
 4026 0257 69D57521 		.ascii	"i\325u!-\030\012\327\204\265\240e\033Z\315\206N\224"
 4026      2D180AD7 
 4026      84B5A065 
 4026      1B5ACD86 
 4026      4E94
 4027 0269 9BBCB145 		.ascii	"\233\274\261E\327I\253\352\177\032\355\226\035\343B"
 4027      D749ABEA 
 4027      7F1AED96 
 4027      1DE342
 4028 0278 A5A3AA2C 		.ascii	"\245\243\252,TV]{\234x:)Q\337\346P\270\316/|\264\333"
 4028      54565D7B 
 4028      9C783A29 
 4028      51DFE650 
 4028      B8CE2F7C 
 4029 028e 66A9BFB8 		.ascii	"f\251\277\270\034\024\033\274Q#j\331\235\360\023\202"
 4029      1C141BBC 
 4029      51236AD9 
 4029      9DF01382 
 4030 029e 31259C   		.ascii	"1%\234"
 4031              		.text
 4032              		.section	.gnu.lto_chThdExitS.345.6c44ca83,"e",%progbits
 4033 0000 789C8595 		.ascii	"x\234\205\225olSU\024\300\357y\367\275\327v\203\015"
 4033      6F6C5355 
ARM GAS  C:\Users\nello\AppData\Local\Temp\cc46pQ2n.s 			page 125


 4033      14C0EF79 
 4033      F7BDD776 
 4033      830D
 4034 0012 74DD0689 		.ascii	"t\335\006\211\330\220\020\220h\007\"\006LLLH\360\213"
 4034      D8901090 
 4034      68072206 
 4034      4C4C4C48 
 4034      F08B
 4035 0024 DFFC64C2 		.ascii	"\337\374d\302bX\251l\021\335l7ML\014\217\321Q-\310V"
 4035      6258A96C 
 4035      11DD6C37 
 4035      4D4C0C8F 
 4035      D1512DC8 
 4036 0039 20D8C198 		.ascii	" \330\301\230\263T\031\237\026BP\220\215\025\2211\366"
 4036      B354199F 
 4036      16425090 
 4036      8D159131 
 4036      F6
 4037 004a 5F065344 		.ascii	"_\006SD\231\251A7\211\246\200\342&\013\363\234{\337"
 4037      99A94137 
 4037      89A680E2 
 4037      260BF39C 
 4037      7BDF
 4038 005c 6BDFCC10 		.ascii	"k\337\314\0202n\337=\177\177\347\334s\337[\352bl\204"
 4038      326EDF3D 
 4038      7F7FE7DC 
 4038      73DF5BEA 
 4038      626C84
 4039 006f 31F629FE 		.ascii	"1\366)\376\007\027\203=\321\210\302\014\303x\301\241"
 4039      0717833D 
 4039      D188C20C 
 4039      C378C1A1 
 4040 007f C0BE68E4 		.ascii	"\300\276h\344\327\367\017\257\207\323 \004\034\366\035"
 4040      D7F70FAF 
 4040      87D32004 
 4040      1CF61D
 4041 008e B394AAB2 		.ascii	"\263\224\252\262=\272SAM\177\343q]\255\213\346\035\377"
 4041      3DBA5341 
 4041      4D7FE371 
 4041      5DAD8BE6 
 4041      1DFF
 4042 00a0 A56FADAA 		.ascii	"\245o\255\252);\242\271B\022kH\201\020\351J\370\277"
 4042      293BA2B9 
 4042      42126B48 
 4042      8110E94A 
 4042      F8BF
 4043 00b2 2207C4F6 		.ascii	"\"\007\304\366\304''\302;{\327\303Y\031\332\011\333"
 4043      C42727C2 
 4043      3B7BD7C3 
 4043      5919DA09 
 4043      DB
 4044 00c3 A23DE10F 		.ascii	"\242=\341\017\257\307\026[\311\200mU\270\252\351\250"
 4044      AFC7165B 
 4044      C9806D55 
 4044      B8AAE9A8 
 4045 00d3 DAAAA82C 		.ascii	"\332\252\250,\373o/\177\002\015&\352\016L\016\202\321"
 4045      FB6F2F7F 
ARM GAS  C:\Users\nello\AppData\Local\Temp\cc46pQ2n.s 			page 126


 4045      020D26EA 
 4045      0E4C0E82 
 4045      D1
 4046 00e4 9A840467 		.ascii	"\232\204\004g\254\231\233\312&\016{x\202\003\250\346"
 4046      AC999BCA 
 4046      260E7B78 
 4046      8203A8E6 
 4047 00f4 93021E7C 		.ascii	"\223\002\036|\342\257\260\245\3504\324v\3220\\,\301"
 4047      E2AFB0A5 
 4047      E834D476 
 4047      D2305C2C 
 4047      C1
 4048 0105 397C01E8 		.ascii	"9|\001\350\003\237\003\234\000F\202\322\353E\302\233"
 4048      039F039C 
 4048      004682D2 
 4048      EB45C29B 
 4049 0115 07695D92 		.ascii	"\007i]\2224\214\364?m\341\274\206m\316\004W\341\224"
 4049      348CF43F 
 4049      6DE1BC86 
 4049      6DCE0457 
 4049      E194
 4050 0127 DD9AB1D2 		.ascii	"\335\232\261\322\233E:\203/A\346\245T:1\000\264\203"
 4050      9B453A83 
 4050      2F41E6A5 
 4050      543A3100 
 4050      B483
 4051 0139 88F12EAD 		.ascii	"\210\361.\255K1\306\304D\370\376\007\213\232\214\244"
 4051      4B31C6C4 
 4051      44F8FE07 
 4051      8B9A8CA4 
 4052 0149 9AE01A74 		.ascii	"\232\340\032t\000\331\310(p\006\301\265\322k\213\314"
 4052      00D9C828 
 4052      7006C1B5 
 4052      D26B8BCC 
 4053 0159 6C134317 		.ascii	"l\023C\027\247w9\214n#c\311\262\226\2620\235\312\036"
 4053      A777398C 
 4053      6E2363C9 
 4053      B296B230 
 4053      9DCA1E
 4054 016c 8CE54127 		.ascii	"\214\345A'\012OS,\206i!i\245\025\014\012|%\031\216\200"
 4054      0A4F532C 
 4054      86692169 
 4054      A5150C0A 
 4054      7C25198E 
 4055 0181 0DE266DD 		.ascii	"\015\342f\335B\011\241\3039 #3\364\327\010\241\227^"
 4055      4209A1C3 
 4055      39202333 
 4055      F4D708A1 
 4055      975E
 4056 0193 F0CC0221 		.ascii	"\360\314\002!-Y\3262\013q\262+\366\014\2347!\024\001"
 4056      2D59D632 
 4056      0B71B22B 
 4056      F60C9C37 
 4056      211401
 4057 01a6 D10566DE 		.ascii	"\321\005f\336%2\341\321\013\016L\030\362P\034*\206["
 4057      2532E1D1 
 4057      0B0E4C18 
ARM GAS  C:\Users\nello\AppData\Local\Temp\cc46pQ2n.s 			page 127


 4057      F2501C2A 
 4057      865B
 4058 01b8 71BA314E 		.ascii	"q\2721Ni\304#piC\252\213\031\324\364\307\341\203y\015"
 4058      69C42370 
 4058      6943AA8B 
 4058      19D4F4C7 
 4058      E183790D 
 4059 01cc 6065CF78 		.ascii	"`e\317x\365\010\316\351\307\037\316\331coVW\254\012"
 4059      F508CEE9 
 4059      C71FCED9 
 4059      636F5657 
 4059      AC0A
 4060 01de 7A4D4EFE 		.ascii	"zMN\376?t\314N\207\365@?>\367\201\011&\372\252\302 "
 4060      3F74CC4E 
 4060      87F5403F 
 4060      3EF78109 
 4060      26FAAAC2 
 4061 01f3 5871DBC7 		.ascii	"Xq\333\307\306:\2752\252*\252\037\002\322\222o\333%"
 4061      C63ABD32 
 4061      AA2AAA1F 
 4061      02D2926F 
 4061      DB25
 4062 0205 2D694C4D 		.ascii	"-iLM\327\033\306\340\326\366\246\266]\360\030\340t\351"
 4062      D71BC6E0 
 4062      D6F6A6B6 
 4062      5DF018E0 
 4062      74E9
 4063 0217 0A2E0E4E 		.ascii	"\012.\016N\213\212\213S\303\305\245\323\326A\213\223"
 4063      8B8A8B53 
 4063      C3C5A5D3 
 4063      D6418B93 
 4064 0227 643496AE 		.ascii	"d4\226\256\034\332\346\322\222\017p\022\346\343\223"
 4064      1CDAE6D2 
 4064      920F7012 
 4064      E6E393
 4065 0236 5A4001DC 		.ascii	"Z@\001\334\264\024\222I\021.Z1-\013\310\215\261z\316"
 4065      B4149249 
 4065      112E5A31 
 4065      2D0BC88D 
 4065      B17ACE
 4066 0249 6278AD38 		.ascii	"bx\2558\030I\306\032\270\"7\333q\363\033\030\251\277"
 4066      1849C61A 
 4066      B82237DB 
 4066      71F31B18 
 4066      A9BF
 4067 025b 46817EEF 		.ascii	"F\201~\357\214\357\377~\244\011\220THGG\\\360\015\260"
 4067      8CEFFF7E 
 4067      A4099054 
 4067      4847475C 
 4067      F00DB0
 4068 026e 3FA0B6FD 		.ascii	"?\240\266\375\350\3348\237o^\226\034Qb\010\024|l\345"
 4068      E8DC389F 
 4068      6F5E961C 
 4068      51620814 
 4068      7C6CE5
 4069 0281 A28F9F11 		.ascii	"\242\217\237\021\177.\014\003\\\022\312\025X?^\2119"
 4069      7F2E0C03 
ARM GAS  C:\Users\nello\AppData\Local\Temp\cc46pQ2n.s 			page 128


 4069      5C12CA15 
 4069      583F5E89 
 4069      39
 4070 0292 70190E71 		.ascii	"p\031\016qQ\272)Q\341\012J\200\311\024\265\351O\016"
 4070      51BA2951 
 4070      E10A4A80 
 4070      C914B5E9 
 4070      4F0E
 4071 02a4 4F9F7261 		.ascii	"O\237ra\217\360\232`\002\221\365\336\250Hy\340h\221"
 4071      8FF09A60 
 4071      0291F5DE 
 4071      A84879E0 
 4071      6891
 4072 02b6 994F0599 		.ascii	"\231O\005\231\002#\214\315Ip\"\201o\355i\362\340;\014"
 4072      02238CCD 
 4072      49702281 
 4072      6FED69F2 
 4072      E03B0C
 4073 02c9 AA3046FB 		.ascii	"\2520F\373\326<\272\270WQ\200\211\343<_\304\214\246"
 4073      D63CBAB8 
 4073      57518089 
 4073      E33C5FC4 
 4073      8CA6
 4074 02db 8AE937FE 		.ascii	"\212\3517\376\236\3305\342\216\232\300\307\372\032W"
 4074      9ED835E2 
 4074      8E9AC0C7 
 4074      FA1A57
 4075 02ea 657A7030 		.ascii	"ezp0\265\214\220Z\336\302a\210s\331\217[\365gv\037\002"
 4075      B58C905A 
 4075      DEC26188 
 4075      73D98F5B 
 4075      F567761F 
 4076 02ff 3C646131 		.ascii	"<da1<\340\202\001\301\335\362<\036~\234\273\205\370"
 4076      3CE08201 
 4076      C1DDF23C 
 4076      1E7E9CBB 
 4076      85F8
 4077 0311 CA80ECD1 		.ascii	"\312\200\354\321x~\234\027\230\314:d\332\202R7\\\003"
 4077      787E9C17 
 4077      98CC3A64 
 4077      DA825237 
 4077      5C03
 4078 0323 66C2EAF0 		.ascii	"f\302\352\360\003\262\25149\344\225\216\334\200\214"
 4078      03B2A934 
 4078      39E4958E 
 4078      DC808C
 4079 0332 CF65BBD3 		.ascii	"\317e\273\323|\270.\235\306\024\322\215Z^\230D\244\275"
 4079      7CB82E9D 
 4079      C614D28D 
 4079      5A5E9844 
 4079      A4BD
 4080 0344 3A60B670 		.ascii	":`\266p8\272\003\317\014{\210CL\022\017\015&KC\250e"
 4080      38BA03CF 
 4080      0C7B8843 
 4080      4C120F0D 
 4080      264B43A8 
 4081 0359 2D13A734 		.ascii	"-\023\2474\257\231k\324\013w\002[L\205\253\030\325P"
ARM GAS  C:\Users\nello\AppData\Local\Temp\cc46pQ2n.s 			page 129


 4081      AF996BD4 
 4081      0B77025B 
 4081      4C85AB18 
 4081      D550
 4082 036b 339537A6 		.ascii	"3\2257\246\272\005\313\276\310\025\252\334j\266s\266"
 4082      BA05CBBE 
 4082      C815AADC 
 4082      6AB673B6 
 4083 037b 5EE7430A 		.ascii	"^\347C\012A0\\\010\254z~\266\322\236\267\365md\347~"
 4083      41305C08 
 4083      AC7A7EB6 
 4083      D29EB7F5 
 4083      6D64E77E 
 4084 038f C0FB2EE2 		.ascii	"\300\373.\342_\353u\301\005\263Gn\304\230\255H\021\351"
 4084      5FEB75C1 
 4084      05B3476E 
 4084      C498AD48 
 4084      11E9
 4085 03a1 86ACB18B 		.ascii	"\206\254\261\213l\267_\012\023M!\206\224\215\256M\267"
 4085      6CB75F0A 
 4085      134D2186 
 4085      948DAE4D 
 4085      B7
 4086 03b2 9C8BD257 		.ascii	"\234\213\322W\206^*\024l*\214\032\005M\260\326:O\234"
 4086      865E2A14 
 4086      6C2A8C1A 
 4086      054DB0D6 
 4086      3A4F9C
 4087 03c5 F310E809 		.ascii	"\363\020\350\011\376H3\327\251X\205Z\352\2404\217\262"
 4087      FE4833D7 
 4087      A958855A 
 4087      EAA0348F 
 4087      B2
 4088 03d6 71088D9F 		.ascii	"q\010\215\237{\015-`L\274\231\261\005\332\314\013p\002"
 4088      7B0D2D60 
 4088      4CBC99B1 
 4088      05DACC0B 
 4088      7002
 4089 03e8 4742F0F1 		.ascii	"GB\360\3618Wgi\200\211X\000\343\210\210\361\011p\210"
 4089      38576769 
 4089      80895800 
 4089      E38888F1 
 4089      097088
 4090 03fb F26B684F 		.ascii	"\362khO\231\012lL:\212M&\307\014&\035\363gx\026\242"
 4090      990A6C4C 
 4090      3A8A4D26 
 4090      C70C261D 
 4090      F3677816 
 4091 0410 36CBA3FF 		.ascii	"6\313\243\377\330\034\361fp:p\026\005\316\2348w>\030"
 4091      D81CF166 
 4091      703A7016 
 4091      05CE9C38 
 4091      773E18
 4092 0423 C70DBF23 		.ascii	"\307\015\277#\216C\342\354\017+\230b\001:\020\217\023"
 4092      8E43E2EC 
 4092      0F2B9862 
 4092      013A108F 
ARM GAS  C:\Users\nello\AppData\Local\Temp\cc46pQ2n.s 			page 130


 4092      13
 4093 0434 B864A4DB 		.ascii	"\270d\244\333\025\347.\324Hq\0263\007\305&f\356\014"
 4093      15E72ED4 
 4093      48711633 
 4093      07C52666 
 4093      EE0C
 4094 0446 CC1C3B66 		.ascii	"\314\034;f\031j\263\230\216\216\361\376\354\340t\246"
 4094      196AB398 
 4094      8E8EF1FE 
 4094      ECE074A6 
 4095 0456 D688935F 		.ascii	"\326\210\223_n\320K\271#\264{\036N\233\306\216p\260"
 4095      6ED04BB9 
 4095      23B47B1E 
 4095      4E9BC68E 
 4095      70B0
 4096 0468 3EB3029C 		.ascii	">\263\002\234>G\263\315R!\334A|gv\2264\370\223\006Y"
 4096      3E47B3CD 
 4096      5221DC41 
 4096      7C677696 
 4096      34F89306 
 4097 047d 4E5327C0 		.ascii	"NS'\300mk\232\246\206\361\026&\3454E\361\255t\326|+"
 4097      6D6B9AA6 
 4097      86F11626 
 4097      E53445F1 
 4097      AD74D67C 
 4098 0492 E1E95B6F 		.ascii	"\341\351[o\011\015\326XsUH\231\356f\272\244\301\337"
 4098      090DD658 
 4098      73554899 
 4098      EE66BAA4 
 4098      C1DF
 4099 04a4 98C645DF 		.ascii	"\230\306E\337@\351\205\372\342\007\332N\242m\216e\233"
 4099      40E985FA 
 4099      E207DA4E 
 4099      A26D8E65 
 4099      9B
 4100 04b5 8EF42B99 		.ascii	"\216\364+\231\370\314\346S\004\367\244O\353\\RMYN\030"
 4100      F8CCE653 
 4100      04F7A44F 
 4100      EB5C524D 
 4100      594E18
 4101 04c8 5940EE1D 		.ascii	"Y@\356\035\261\373[^\3053\275\356[X\030Ox}4\002\242"
 4101      B1FB5B5E 
 4101      C533BDEE 
 4101      5B58184F 
 4101      787D3402 
 4102 04dd CBCE03B6 		.ascii	"\313\316\003\266\341\304\033~goW.\015~'\310\276\337"
 4102      E1C41B7E 
 4102      676F572E 
 4102      0D7E27C8 
 4102      BEDF
 4103 04ef C269C5FB 		.ascii	"\302i\305\373\355\221\327\273\250\231F@\236n~\302\004"
 4103      ED91D7BB 
 4103      A8994640 
 4103      9E6E7EC2 
 4103      04
 4104 0500 B85B463F 		.ascii	"\270[F?\213\345r\033j\177\232L9\305\241\324s\220\321"
 4104      8BE5721B 
ARM GAS  C:\Users\nello\AppData\Local\Temp\cc46pQ2n.s 			page 131


 4104      6A7F9A4C 
 4104      39C5A1D4 
 4104      7390D1
 4105 0513 6B93B47D 		.ascii	"k\223\264}j\335s\033\326\225W\224U\274\\]\263\251\242"
 4105      6ADD731B 
 4105      D6955794 
 4105      55BC5C5D 
 4105      B3A9A2
 4106 0526 72C33B95 		.ascii	"r\303;\225\201\327\203U\033}\376Wk\202\376\300\206\027"
 4106      81D78355 
 4106      1B7DFE57 
 4106      6B82FEC0 
 4106      8617
 4107 0538 FDC1EA9A 		.ascii	"\375\301\352\232\200\377\245\312\315\025\276\267W\261"
 4107      80FFA5CA 
 4107      CD15BEB7 
 4107      57B1
 4108 0546 655E6F09 		.ascii	"e^o\011\376\371\310\2412\370\364\312\225+K*\203%\201"
 4108      FEF9C8A1 
 4108      32F8F4CA 
 4108      952B4B2A 
 4108      832581
 4109 0559 EA9260C0 		.ascii	"\352\222`\300\207\322\352\362\200\177\343\246\240\327"
 4109      87D2EAF2 
 4109      807FE3A6 
 4109      A0D7
 4110 0567 C7F81BC1 		.ascii	"\307\370\033\301\315n\233\300\273\366\331\325\2537\372"
 4110      CD6E9BC0 
 4110      BBF6D9D5 
 4110      AB37FA
 4111 0576 CB5630DD 		.ascii	"\313V0\335W\023\010TWA\325\362\007\305\252x\323\267"
 4111      57130854 
 4111      5741D5F2 
 4111      07C5AA78 
 4111      D3B7
 4112 0588 A566931F 		.ascii	"\245f\223\0375[*\202\325Ao9S\266T=\371pk+Y9\373\027"
 4112      355B2A82 
 4112      D5416F39 
 4112      53B6543D 
 4112      F9706B2B 
 4113 05a0 65D541DF 		.ascii	"e\325A\337"
 4114              		.text
 4115              		.section	.gnu.lto_chThdWait.346.6c44ca83,"e",%progbits
 4116 0000 789C8D55 		.ascii	"x\234\215Ukl\024U\024\276g\356\354\354nk)\202P\202\206"
 4116      6B6C1455 
 4116      14BE67EE 
 4116      ECEC6E6B 
 4116      29825082 
 4117 0015 2C240424 		.ascii	",$\004$\320-\032$\370K\322D\203\241\211\241\376\321"
 4117      D02D1A24 
 4117      F84BD244 
 4117      83A189A1 
 4117      FED1
 4118 0027 6C42CAB2 		.ascii	"lB\312\262\320\215\224\335\314lQ~1\266\0135\305\320"
 4118      D08D94DD 
 4118      CC6C517E 
 4118      31B60B35 
ARM GAS  C:\Users\nello\AppData\Local\Temp\cc46pQ2n.s 			page 132


 4118      C5D0
 4119 0039 17D0272D 		.ascii	"\027\320'-lV-Fc\232\"\026heu\001y\277,\257\362LK\220"
 4119      6C562D46 
 4119      639A2216 
 4119      68657501 
 4119      79BF2CAF 
 4120 0051 1685A54B 		.ascii	"\026\205\245K\005c\005\317\275wfw\333\200\3304\3638"
 4120      056305CF 
 4120      BD776677 
 4120      DB80D834 
 4120      F338
 4121 0063 F39DEF7E 		.ascii	"\363\235\357~\347\273\347\334\255\265\021\022\002B\336"
 4121      E7BBE7DC 
 4121      ADB51112 
 4121      0242DE
 4122 0072 25848085 		.ascii	"%\204\200\205@uU\271Dt]\177\313*I\245U\033%\350\202"
 4122      407555B9 
 4122      44745D7F 
 4122      CB2A49A5 
 4122      551B25E8 
 4123 0087 F65BC717 		.ascii	"\366[\307\027\310\301\2521'\352\333\025\231\302\346"
 4123      C8C1AA31 
 4123      27EADB15 
 4123      99C2E6
 4124 0096 0442864F 		.ascii	"\004B\206O\253\312/\324G\337F\020\017\000Y'Q\031\326"
 4124      ABCA2FD4 
 4124      47DF4610 
 4124      0F005927 
 4124      5119D6
 4125 00a9 410D6DA2 		.ascii	"A\015m\242PM\303\224\200l<\0018^E\320\243\365\015\003"
 4125      504DC394 
 4125      806C3C01 
 4125      385E45D0 
 4125      A3F50D03 
 4126 00bd 6DAF34B5 		.ascii	"m\2574\265F\3440\225H3\002\276\007\330\205\002\010A"
 4126      46E43095 
 4126      483302BE 
 4126      07D88502 
 4126      0841
 4127 00cf 20FD80CC 		.ascii	" \375\200\314\210\350\372\351}\035\272n'aJ\341\007H"
 4127      88E8FAE9 
 4127      7D1DBA6E 
 4127      27614AE1 
 4127      0748
 4128 00e1 C160C0F5 		.ascii	"\301`\300\365y\226@\252\354:\035\031c\277\267\335\274"
 4128      799640AA 
 4128      EC3A1D19 
 4128      63BFB7DD 
 4128      BC
 4129 00f2 017AB50E 		.ascii	"\001z\265\016\310\010{`\004\247\353\213,\006^\303\301"
 4129      C8087B60 
 4129      04A7EB8B 
 4129      2C065EC3 
 4129      C1
 4130 0103 C81CBBD3 		.ascii	"\310\034\273\323\366\300\004S\3307\012\\\227\245\020"
 4130      F6C00453 
 4130      D8370A5C 
ARM GAS  C:\Users\nello\AppData\Local\Temp\cc46pQ2n.s 			page 133


 4130      97A510
 4131 0112 E804D80B 		.ascii	"\350\004\330\013L\031!L\273B\360\031\340G`\024\012\253"
 4131      4C19214C 
 4131      BB42F019 
 4131      E0476014 
 4131      0AAB
 4132 0124 E0603DA2 		.ascii	"\340`=\242\2720U2CM\377\224\016al?\306(\027\367%G\263"
 4132      BA305532 
 4132      434DFF94 
 4132      0E616C3F 
 4132      C62817F7 
 4133 013b 521E756E 		.ascii	"R\036un\274|jr\223\316\352\225\341'`\\bA\370\0315\310"
 4133      BC7C6A72 
 4133      93CEEA95 
 4133      E127605C 
 4133      6241F819 
 4134 0151 AECE2986 		.ascii	"\256\316)\206\264G\335\025\373\367\314\216\226\352\207"
 4134      B447DD15 
 4134      FBF7CC8E 
 4134      96EA87
 4135 0160 F5049624 		.ascii	"\365\004\226$\261\302 .\340f\223\002Q\014F\030\033A"
 4135      B1C2202E 
 4135      E0669302 
 4135      510C4618 
 4135      1B41
 4136 0172 81702021 		.ascii	"\201p !\220\251\225\341\020\177\241_K\011\031{k>+\313"
 4136      90A995E1 
 4136      107FA15F 
 4136      4B09197B 
 4136      6B3E2BCB 
 4137 0186 12322CF0 		.ascii	"\0222,\360\0130\220A}\030eX\\;\034\246\214\323g6\365"
 4137      0B309041 
 4137      7D186558 
 4137      5C3B1CA6 
 4137      8CD36736 
 4138 019b 0122830E 		.ascii	"\001\"\203\016\023J\222Pc\233.\216 \376m\212I|4\225"
 4138      134A9250 
 4138      639B2E8E 
 4138      20FE6D8A 
 4138      497C3495 
 4139 01af F81827FE 		.ascii	"\370\030'\376\346\031\304GS\211\217\245\226\367\244"
 4139      E619C447 
 4139      53898FA5 
 4139      96F7A4
 4140 01be 2E0D8E03 		.ascii	".\015\216\003\034\001\341\262\314+<\001FQ\274B\013\234"
 4140      1C01E1B2 
 4140      CC2B3C01 
 4140      4651BC42 
 4140      0B9C
 4141 01d0 4AEEC750 		.ascii	"J\356\307P\235K -\034y\032R>v\014\327\031\233\245$7"
 4141      9D4B202D 
 4141      1C791A52 
 4141      3E760CD7 
 4141      199BA524 
 4142 01e5 2B7A0563 		.ascii	"+z\005cg1f%I\357\033\377\227\367\035\347\320\373n\014"
 4142      67316625 
 4142      49EF1BFF 
ARM GAS  C:\Users\nello\AppData\Local\Temp\cc46pQ2n.s 			page 134


 4142      97F71DE7 
 4142      D0FB6E0C 
 4143 01f9 FE9AF0FE 		.ascii	"\376\232\360\376\034\367\0361\254o\276;k\211\350\303"
 4143      1CF71E31 
 4143      AC6FBE3B 
 4143      6B89E8C3 
 4144 0209 4F2AF448 		.ascii	"O*\364HY\306@\333\360\375\306vy\234D\360\003n{\007j"
 4144      59C640DB 
 4144      F0FDC676 
 4144      799C44F0 
 4144      036E7B07 
 4145 021e C7AEB3E2 		.ascii	"\307\256\263\342E\261\341\305\312:\334\226\306.\351"
 4145      45B1E1C5 
 4145      CA3ADC96 
 4145      C62EE9
 4146 022d 78B164B0 		.ascii	"x\261d\260\013!\025\224M\227.\203\036!\244\222J\342"
 4146      0B211594 
 4146      4D972E83 
 4146      1E21A492 
 4146      4AE2
 4147 023f A5145F06 		.ascii	"\245\024_\006@\357\275\3207\211\335\343\375\337\366"
 4147      40EFBDD0 
 4147      3789DDE3 
 4147      FDDFF6
 4148 024e 9C6F022C 		.ascii	"\234o\002,\226G\257\237\267\303\031 w\241\244sgF\210"
 4148      9647AF9F 
 4148      B7C31920 
 4148      77A1A473 
 4148      674688
 4149 0261 2AC6CCD9 		.ascii	"*\306\314\331\271\017A\220\360\261\225\362\"\2603\303"
 4149      B90F4190 
 4149      F0B195F2 
 4149      22B033C3 
 4150 0271 340D2E02 		.ascii	"4\015.\002\\\340\037s\220\335\026\246\351p\011\266Q"
 4150      5CE01F73 
 4150      90DD16A6 
 4150      E97009B6 
 4150      51
 4151 0282 EE9E11A1 		.ascii	"\356\236\021\241\320\203\021 b\211\222\330\216\366m"
 4151      D0831120 
 4151      628992D8 
 4151      8EF66D
 4152 0291 1B6A01AD 		.ascii	"\033j\001\255\304\001\301\025\370\262\227\204\230\336"
 4152      C401C115 
 4152      F8B29784 
 4152      98DE
 4153 029f 2B6E769B 		.ascii	"+nv\233\226\270\364\306x >Tq\255a+\240\325<\030\357"
 4153      96B8F4C6 
 4153      78203E54 
 4153      71AD612B 
 4153      A0D53C18 
 4154 02b4 B1F31AE2 		.ascii	"\261\363\032\342;[v\017^\034\217\026\362\360\271\301"
 4154      3B5B760F 
 4154      5E1C8F16 
 4154      F2F0B9C1 
 4155 02c4 3A60F112 		.ascii	":`\361\022\007\032\313T\313\220\303a\177m\335}}\033"
 4155      071ACB54 
ARM GAS  C:\Users\nello\AppData\Local\Temp\cc46pQ2n.s 			page 135


 4155      CB90C361 
 4155      7F6DDD7D 
 4155      7D1B
 4156 02d6 A0BF1CB6 		.ascii	"\240\277\034\266\357\272\035\316\003\271\007%\323\230"
 4156      EFBA1DCE 
 4156      03B90725 
 4156      D398
 4157 02e4 DB65EC84 		.ascii	"\333e\354\204\231ZG7\240\324\027\360Qf\347\327U x\207"
 4157      995A4737 
 4157      A0D417F0 
 4157      5166E7D7 
 4157      55207887 
 4158 02f8 6B005778 		.ascii	"k\000WxqS\033\371\367\014\376\361\206X%\326\332\322"
 4158      71531BF9 
 4158      F70CFEF1 
 4158      865825D6 
 4158      DAD2
 4159 030a 3D68236C 		.ascii	"=h#l\023\031\357\340P\305\203\236\351|\205\207=\023"
 4159      1319EFE0 
 4159      50C5839E 
 4159      E97C8587 
 4159      3D13
 4160 031c 7964474D 		.ascii	"ydGM\313!;\026:\252\246?G\0279\354\346\206\367\323\020"
 4160      CB213B16 
 4160      3AAAA63F 
 4160      471739EC 
 4160      E686F7D3 
 4161 0331 B51A8653 		.ascii	"\265\032\206S\020\036\013\013\307\2040\320\013\304p"
 4161      101E0B0B 
 4161      C78430D0 
 4161      0BC470
 4162 0340 3413FAD0 		.ascii	"4\023\372\320Q\011\265\334\205\322\263e\350\242\015"
 4162      5109B5DC 
 4162      85D2B365 
 4162      E8A20D
 4163 034f 33595A26 		.ascii	"3YZ&d2\252a\026\263c\230\304`\275#D\323\202\240\204"
 4163      6432AA61 
 4163      16B36398 
 4163      C460BD23 
 4163      44D382A0 
 4164 0364 E9D866CA 		.ascii	"\351\330f\312\316hjgH\033\340P\275H\372!\330\037\235"
 4164      CE686A67 
 4164      481BE050 
 4164      BD48FA21 
 4164      D81F9D
 4165 0377 8C081123 		.ascii	"\214\010\021#\374\257\222\322z<\253i\242W\236\364\315"
 4165      FCAF92D2 
 4165      7A3CAB69 
 4165      A2579EF4 
 4165      CD
 4166 0388 E4BECE62 		.ascii	"\344\276\316b\247dKWp\323X\211u\330WT$\230Jq\340>$I"
 4166      A7644B57 
 4166      70D35889 
 4166      75D85754 
 4166      24984A71 
 4167 03a0 B5C9A618 		.ascii	"\265\311\246\030\007\003(\030\273\"\310`\267Y2\334a"
 4167      07032818 
ARM GAS  C:\Users\nello\AppData\Local\Temp\cc46pQ2n.s 			page 136


 4167      BB22C860 
 4167      B75932DC 
 4167      61
 4168 03b1 2DC0C46E 		.ascii	"-\300\304n.G\261\351&\307\355\031\234@\031I0\036\376"
 4168      2E47B1E9 
 4168      26C7ED19 
 4168      9C401949 
 4168      301EFE
 4169 03c4 40029998 		.ascii	"@\002\231\230\241\326lFz\027c\226\021\244\367\314\006"
 4169      A1D66C46 
 4169      7A176396 
 4169      11A4F7CC 
 4169      06
 4170 03d5 3802D00F 		.ascii	"8\002\320\017\342\3618\243\027]\364e\345&\354\242\023"
 4170      E2F138A3 
 4170      175DF465 
 4170      E526ECA2 
 4170      13
 4171 03e6 A20FB69C 		.ascii	"\242\017\266\234\264\303I\321\352\375\231!\232a8o\201"
 4171      B4C349D1 
 4171      EAFD9921 
 4171      9A61386F 
 4171      81
 4172 03f7 EE447B8F 		.ascii	"\356D{\217c\225\334O\370n\201A\\Qag\010K\213\225_\205"
 4172      6395DC4F 
 4172      F86E8141 
 4172      5C516167 
 4172      084B8B95 
 4173 040d 44526A8E 		.ascii	"DRj\216\002\017DN+\0275d&\341\"|\345Z\261l\303\3161"
 4173      020F444E 
 4173      2B173564 
 4173      26E1227C 
 4173      E55AB16C 
 4174 0424 4F5B4854 		.ascii	"O[HT\3620\231\224\316\273m{\274\205\375<\262\323\314"
 4174      F2309994 
 4174      CEBB6D7B 
 4174      BC85FD3C 
 4174      B2D3CC
 4175 0437 AC4B6C4E 		.ascii	"\254KlN\345\012\334\345\240\203\360\351|\251\231\342"
 4175      E50ADCE5 
 4175      A083F0E9 
 4175      7CA999E2 
 4176 0447 6C30490A 		.ascii	"l0I\012\330\303t\002\337My\344\344o\2715)\321oR\302"
 4176      D8C37402 
 4176      DF4D79E4 
 4176      E46FB935 
 4176      29D16F52 
 4177 045c F78CA76D 		.ascii	"\367\214\247m\334D\370\033uX\211\250&\223\375.\016c"
 4177      DC44F81B 
 4177      755889A8 
 4177      2693FD2E 
 4177      0E63
 4178 046e 00DB8869 		.ascii	"\000\333\210i\330\236\211\347\021r\210\242nM2F\265\241"
 4178      D89E89E7 
 4178      117288A2 
 4178      6E4D3246 
 4178      B5A1
ARM GAS  C:\Users\nello\AppData\Local\Temp\cc46pQ2n.s 			page 137


 4179 0480 114DDE2F 		.ascii	"\021M\336/Ln\271\\k\310lk\024\303\321uy\364<t\277l\014"
 4179      4C6EB95C 
 4179      6BC86C6B 
 4179      14C3D175 
 4179      79F43C74 
 4180 0497 F36336CC 		.ascii	"\363c6\314\021\221X\023O\014s\324\030f\222:\314\007"
 4180      11915813 
 4180      4F0C73D4 
 4180      1866923A 
 4180      CC07
 4181 04a9 92C37C30 		.ascii	"\222\303|0u\230\215\261}\314\0078uV\253\3438\253QcV"
 4181      75988DB1 
 4181      7DCC0738 
 4181      7556ABE3 
 4181      38AB5163 
 4182 04be B7C7DB98 		.ascii	"\267\307\333\230\231)\306e5\32346\034\270\2228\212v"
 4182      9929C665 
 4182      35D33436 
 4182      1CB89238 
 4182      8A76
 4183 04d0 AD208358 		.ascii	"\255 \203X\342\274\020\0374<LA\270X\022a\257sr\337t"
 4183      E2BC101F 
 4183      343C4C41 
 4183      B8581261 
 4183      AF7372DF 
 4184 04e5 E5167A97 		.ascii	"\345\026z\227y\363\003\305\313\275>\327\307>\365#\315"
 4184      79F303C5 
 4184      CBBD3ED7 
 4184      C73EF523 
 4184      CD
 4185 04f6 5FE0F62C 		.ascii	"_\340\366,-\326<\252\353\035\217\026(V=\213}+\275\356"
 4185      2DD63CAA 
 4185      EB1D8F16 
 4185      28563D8B 
 4185      7D2BBDEE 
 4186 050a 35AF9399 		.ascii	"5\257\223\231\331\331N\374w\263\004\237\366\332\334"
 4186      D9D94EFC 
 4186      77B3049F 
 4186      F6DADC
 4187 0519 B9739D3E 		.ascii	"\271s\235>\315\251\006\234\232\352\306h\240P\365\024"
 4187      CDA9069C 
 4187      9AEAC668 
 4187      A050F514 
 4188 0529 2CD7B2DD 		.ascii	",\327\262\335D\012\370'\244\274g/xc\336\274\002\317"
 4188      440AF827 
 4188      A4BC672F 
 4188      7863DEBC 
 4188      02CF
 4189 053b B21C428B 		.ascii	"\262\034B\213\264\225\212\273XU\003\376g\222yW\273W"
 4189      B4958ABB 
 4189      585503FE 
 4189      67927957 
 4189      BB57
 4190 054d 152FF7E0 		.ascii	"\025/\367\340\027m\255\226]H\254\313\0124\317{\2527"
 4190      176DAD96 
 4190      5D48ACCB 
 4190      0A34CF7B 
ARM GAS  C:\Users\nello\AppData\Local\Temp\cc46pQ2n.s 			page 138


 4190      AA37
 4191 055f F7A9096E 		.ascii	"\367\251\011n_Q\221o\265\323\363I\300\271pI\23637/\177"
 4191      5F51916F 
 4191      B5D3F349 
 4191      C0B97049 
 4191      9E33372F 
 4192 0574 51BE33D7 		.ascii	"Q\2763\327\247z\234\213L\236\"\315\253-]\351v#\327\374"
 4192      A77A9C8B 
 4192      4C9E22CD 
 4192      AB2D5DE9 
 4192      7623D7FC 
 4193 0588 FFE2F0FB 		.ascii	"\377\342\360\373\324\200\306X\326\314\237\2237g\341"
 4193      D480C658 
 4193      D6CC9F93 
 4193      3767E1
 4194 0597 E2F711E7 		.ascii	"\342\367\021\347F&\314\223V\371g=_\357*\257\026`\212"
 4194      4626CC93 
 4194      56F9673D 
 4194      5FEF2AAF 
 4194      16608A
 4195 05aa C13FFBF9 		.ascii	"\301?\373\371`\323\235B26/\177\211\203\025\351W\275"
 4195      60D39D42 
 4195      32362F7F 
 4195      898315E9 
 4195      57BD
 4196 05bc B31DD373 		.ascii	"\263\035\323s\210\244\022k\221\247\310\247\256%\377"
 4196      88A4126B 
 4196      91A7C8A7 
 4196      AE25FF
 4197 05cb 02011051 		.ascii	"\002\001\020QG"
 4197      47
 4198              		.text
 4199              		.section	.gnu.lto_chThdSetPriority.347.6c44ca83,"e",%progbits
 4200 0000 789C8D55 		.ascii	"x\234\215UkL\034U\024\276g\356\354.k\2016Q\260\251i"
 4200      6B4C1C55 
 4200      14BE67EE 
 4200      EC2E6B81 
 4200      3651B0A9 
 4201 0015 B36D2456 		.ascii	"\263m$V\003,h\220hbbC\2426)\211)\3761\3014\3132\302"
 4201      032C6890 
 4201      68626243 
 4201      A2362989 
 4201      29FE31C1 
 4202 002d C6C29099 		.ascii	"\306\302\220\231\245\330\370\203\221GM\332D\036EQ\236"
 4202      A5D8F883 
 4202      91474DDA 
 4202      441E4551 
 4202      9E
 4203 003e 856E94FE 		.ascii	"\205n\224\3760M\263\226\262<\312\266\333\326Z\255\264"
 4203      304DB396 
 4203      B23CCAB6 
 4203      DBD65AAD 
 4203      B4
 4204 004f 0AAD02F2 		.ascii	"\012\255\002\362\012\0210Xq\227*&\215\365\334;\263\017"
 4204      0A113058 
 4204      71972A26 
 4204      8DF5DC3B 
ARM GAS  C:\Users\nello\AppData\Local\Temp\cc46pQ2n.s 			page 139


 4204      B30F
 4205 0061 1A7C2464 		.ascii	"\032|$dg\347;\337=\347;\337\375\200\027\314\204\274"
 4205      67E73BDF 
 4205      3DE73BDF 
 4205      FD8017CC 
 4205      84BC
 4206 0073 0384BC41 		.ascii	"\003\204\274A\010\0013\201\306\206\243\002\3214\355"
 4206      08013381 
 4206      C686A302 
 4206      D134ED
 4207 0082 458B20D4 		.ascii	"E\213 \3244\034\023`\010\226O\316&\211\325\015\211M"
 4207      341C1360 
 4207      08964FCE 
 4207      2689D50D 
 4207      894D
 4208 0094 931D4F89 		.ascii	"\223\035O\211\024\321MX\267\211\265\015\211\374)\302"
 4208      14D14D58 
 4208      B789B50D 
 4208      89FC29C2 
 4209 00a4 07913326 		.ascii	"\007\2213&x\267\341\350\375\366\300Kx\214\003@*\005"
 4209      78B7E1E8 
 4209      FDF6C04B 
 4209      788C0340 
 4209      2A05
 4210 00b6 2A9AA012 		.ascii	"*\232\240\022\216\3236\012\215\324C\011\210\3067\000"
 4210      8ED3360A 
 4210      8DD44309 
 4210      88C63700 
 4211 00c6 DB937E4D 		.ascii	"\333\223~M[\253m\351\367>~\241\272\366\025\017\025H"
 4211      5BAB6DE9 
 4211      F73E7EA1 
 4211      BAF6150F 
 4211      1548
 4212 00d8 0712CE02 		.ascii	"\007\022\316\002|\216\232\010A\"}\235<\201\244\033\327"
 4212      7C8E9A08 
 4212      41227D9D 
 4212      3C81A41B 
 4212      D7
 4213 00e9 FA34CD4A 		.ascii	"\3724\315J\220\001\347 \206\203\200\343l\262\316\254"
 4213      9001E720 
 4213      868380E3 
 4213      6CB2CEAC 
 4214 00f9 609F2948 		.ascii	"`\237)H^\031\364.\317\200\326\250\001\343\373`]O\307"
 4214      5E19F42E 
 4214      CF80D6A8 
 4214      01E3FB60 
 4214      5D4FC7
 4215 010c 48322357 		.ascii	"H2#WF\310\003\336\3250\231\302\300\003\344\213\311h"
 4215      46C803DE 
 4215      D53099C2 
 4215      C003E48B 
 4215      C968
 4216 011e CA20403F 		.ascii	"\312 @?0e\204\260-\320\262\016\024\177\036X\0133\356"
 4216      306584B0 
 4216      2DD0B20E 
 4216      147F1E58 
 4216      0B33EE
ARM GAS  C:\Users\nello\AppData\Local\Temp\cc46pQ2n.s 			page 140


 4217 0131 B976E763 		.ascii	"\271v\347cd\015\341Q!\014\265\275_{\027\261a\304(\027"
 4217      640DE151 
 4217      210CB5BD 
 4217      5F7B17B1 
 4217      61C42817 
 4218 0145 779AB3D9 		.ascii	"w\232\263\331*kS\307&F\266\265i~\321CE\270\000\254\227"
 4218      2A6B53C7 
 4218      2646B6B5 
 4218      697ED143 
 4218      45B800AC 
 4219 015a 3E102EA2 		.ascii	">\020.\242\006\3211\270\303\220\266\366{\335\260/5P"
 4219      06D131B8 
 4219      C390B6F6 
 4219      7BDDB02F 
 4219      3550
 4220 016c AD5DD522 		.ascii	"\255]\325\"\\\022\345\352\006q\001\363mf\010 \350g\335"
 4220      5C12E5EA 
 4220      067101F3 
 4220      6D660820 
 4220      E867DD
 4221 017f 080A844B 		.ascii	"\010\012\204K\021\201L\255\010W\"j\007\027\227\257\317"
 4221      11814CAD 
 4221      0857226A 
 4221      071797AF 
 4221      CF
 4222 0190 9A74BD22 		.ascii	"\232t\275\"\347~\0011\345\276\371\3602\246\3502\227"
 4222      E77E0131 
 4222      E5BEF9F0 
 4222      32A6E832 
 4222      97
 4223 01a1 2711FB12 		.ascii	"'\021\373\02213\211jk\375_\332\372\306P\333W\010^\213"
 4223      3133896A 
 4223      6BFD5FDA 
 4223      FAC650DB 
 4223      57085E8B 
 4224 01b5 68FB9A6B 		.ascii	"h\373\232kC\016\363\365\364\267&\277v\357~\235\346\177"
 4224      430EF3F5 
 4224      F4B726BF 
 4224      76EF7E9D 
 4224      E67F
 4225 01c7 2FA1DFBB 		.ascii	"/\241\337\273\034\\\364\212\361\024\357\025\265y\250"
 4225      1C5CF48A 
 4225      F114EF15 
 4225      B579A8
 4226 01d6 0975F683 		.ascii	"\011u\366\203\031\240\017\331u\224\245L\023A\363\023"
 4226      19A00FD9 
 4226      7594A54C 
 4226      1341F313 
 4227 01e6 524F05FD 		.ascii	"RO\005\375\245\032_~\006m\356\217\237\266\262g\350\263"
 4227      A51A5F7E 
 4227      066DEE8F 
 4227      9FB6B267 
 4227      E8B3
 4228 01f8 4FC76FB5 		.ascii	"O\307o\265\001\356\304\321\351[V\270\012\344\016T\015"
 4228      01EEC4D1 
 4228      E95B56B8 
 4228      0AE40E54 
ARM GAS  C:\Users\nello\AppData\Local\Temp\cc46pQ2n.s 			page 141


 4228      0D
 4229 0209 9E4AE8A6 		.ascii	"\236J\350\246\341\020\232\371\2725 \340\327\036\312"
 4229      E1109AF9 
 4229      BA3520E0 
 4229      D71ECA
 4230 0218 B57E0238 		.ascii	"\265~\0028\317\002#\000\337\360b\006v\217\363\3208\270"
 4230      CF022300 
 4230      DFF06206 
 4230      768FF3D0 
 4230      38B8
 4231 022a 01ED949B 		.ascii	"\001\355\224\233d \024n\"\002D\037Q\265\322\345=w\244"
 4231      6420146E 
 4231      2202441F 
 4231      51B5D2E5 
 4231      3D77A4
 4232 023d 19D031CC 		.ascii	"\031\3201\314\011N\340c\377\324\305\314\335{\223=vE"
 4232      094EE063 
 4232      FFD4C5CC 
 4232      DD7B933D 
 4232      7645
 4233 024f 3EE6EA8B 		.ascii	">\346\352\213\270H_\323T\313\207\200\216r04n\345;\204"
 4233      B8485FD3 
 4233      54CB8780 
 4233      8E723034 
 4233      6EE53B84 
 4234 0263 7EE9EC0D 		.ascii	"~\351\354\015~\3770:\305\341\261\340G\300\360*\033\372"
 4234      7EFF303A 
 4234      C5E1B1E0 
 4234      47C0F02A 
 4234      1BFA
 4235 0275 C7548B90 		.ascii	"\307T\213\220\301iC\315\275\323\355\2006r\332\300\264"
 4235      C16943CD 
 4235      BDD3ED80 
 4235      3672DAC0 
 4235      B4
 4236 0286 15AE03F9 		.ascii	"\025\256\003\371\025\252v1Sg\004\024\277\3637\341\010"
 4236      15AA7631 
 4236      53670414 
 4236      BFF337E1 
 4236      08
 4237 0297 4AB5E257 		.ascii	"J\265\342W\221\375f\217\002\301'\214\001|\307\227\333"
 4237      91FD668F 
 4237      02C1278C 
 4237      017CC797 
 4237      DB
 4238 02a8 B9CAEB0F 		.ascii	"\271\312\353\017\361\342m}\312\312r\347h0\216\260\273"
 4238      F1E26D7D 
 4238      CACA72E7 
 4238      68308EB0 
 4238      BB
 4239 02b9 627D83BE 		.ascii	"b}\203\276\246\325\361\024\335\332\361d\216t\235\364"
 4239      A6D5F114 
 4239      DDDAF164 
 4239      8E749DF4 
 4240 02c9 5DB1E2A2 		.ascii	"]\261\342\242\334\316%\264\323d\330IAw\020\015ZL\362"
 4240      DCCE25B4 
 4240      D364D849 
ARM GAS  C:\Users\nello\AppData\Local\Temp\cc46pQ2n.s 			page 142


 4240      4177100D 
 4240      5A4CF2
 4241 02dc D04D6803 		.ascii	"\320Mh\003\374\000\3040L\200q4L |\312\211l\274P<\311"
 4241      FC00C430 
 4241      4C807134 
 4241      4C207CCA 
 4241      896CBC50 
 4242 02f2 1B372F6C 		.ascii	"\0337/l\325\257f{7\025\303\035z6G;D\357!\036&\261\211"
 4242      D5AF667B 
 4242      3715C31D 
 4242      7A36473B 
 4242      44EF211E 
 4243 0309 7E5519C6 		.ascii	"~U\031\306\234\004\370\0211\334\201\001=\333\331\244"
 4243      9C04F811 
 4243      31DC8101 
 4243      3DDBD9A4 
 4244 0319 29044C38 		.ascii	")\004L8i\011j\026\003\333\260k7\177ey\241]\263wo\012"
 4244      69096A16 
 4244      03DBB06B 
 4244      377F6579 
 4244      A15DB377 
 4245 032f 2C2F80D5 		.ascii	",/\200\325\211@/\345e\263Q\026\317\324\325\336\026\""
 4245      89402FE5 
 4245      65B35116 
 4245      CFD4D5DE 
 4245      1622
 4246 0341 716A5DD8 		.ascii	"qj]\330\315\244\265,\355\210l\226\260\261\256\231u\272"
 4246      CDA4B52C 
 4246      ED886C96 
 4246      B0B1AE99 
 4246      75BA
 4247 0353 7A1E61BA 		.ascii	"z\036a\272f\243\272\026\037e\272\346t]\372\270zjZ\237"
 4247      66A3BA16 
 4247      1F65BAE6 
 4247      745DFAB8 
 4247      7A6A5A9F 
 4248 0367 DD4EDD87 		.ascii	"\335N\335\207\226S\311\221a\361\033\3308\257\333\310"
 4248      9653C991 
 4248      61F11BD8 
 4248      38AFDBC8 
 4249 0377 9AB0533E 		.ascii	"\232\260S><\265\002\3256\302s\234\330A-\354\357\341"
 4249      3CB502D5 
 4249      36C2739C 
 4249      D8412DEC 
 4249      EFE1
 4250 0389 665EEB0F 		.ascii	"f^\353\017\347\254\245\025s6\254'\245s\242Y\277\333"
 4250      E7ACA515 
 4250      7336AC27 
 4250      A573A259 
 4250      BFDB
 4251 039b B933ADFA 		.ascii	"\2713\255\372\315\016M\300\003\001\035}\314H\342_,\211"
 4251      CD0E4DC0 
 4251      03011D7D 
 4251      CC48E25F 
 4251      2C89
 4252 03ad 7EFDE0F1 		.ascii	"~\375\340\361P$\211\001#\211$6\211\227\242I\274\034"
 4252      50248901 
ARM GAS  C:\Users\nello\AppData\Local\Temp\cc46pQ2n.s 			page 143


 4252      23892436 
 4252      8997A249 
 4252      BC1C
 4253 03bf 9B442373 		.ascii	"\233D#s\013<}\261Ak\014a\320\002F\320N\204\006\330?"
 4253      0B3C7DB1 
 4253      416B0C61 
 4253      D00246D0 
 4253      4E8406D8 
 4254 03d4 0C12C474 		.ascii	"\014\022\304td\031\367UGA\267\250\312\317^\323r\236"
 4254      6419F755 
 4254      4741B7A8 
 4254      CACF5ED3 
 4254      729E
 4255 03e6 CFCF2976 		.ascii	"\317\317)v\025\270\362\334\345\205.9\277BV\336R\313"
 4255      15B8F2DC 
 4255      E5852E39 
 4255      BF4256DE 
 4255      52CB
 4256 03f8 1C4EE940 		.ascii	"\034N\351@\271*)\371/K\252\273\\\221\366\311E.\347\241"
 4256      B92A29F9 
 4256      2F4BAABB 
 4256      5C91F6C9 
 4256      452EE7A1 
 4257 040c 67C8EEF4 		.ascii	"g\310\356\364t;\3768\331\001Y}:33\323.\253v\305mW\025"
 4257      743BFE38 
 4257      D901597D 
 4257      3A3333D3 
 4257      2EAB76C5 
 4258 0423 27A2EE62 		.ascii	"'\242\356bEr\024\252\351Nb)\225*\312\024\227\234\024"
 4258      457214AA 
 4258      E94E6229 
 4258      952ACA14 
 4258      979C14
 4259 0436 03A63FF7 		.ascii	"\003\246?\367lV\226C*\310 \026\371`!\253\232\235\345"
 4259      6C569643 
 4259      2AC82016 
 4259      F96021AB 
 4259      9A9DE5
 4260 0449 8AE22EFB 		.ascii	"\212\342.\373\307\256\256R\347\301\362B\011+\352a5\275"
 4260      C7AEAE52 
 4260      E7C1F242 
 4260      092BEA61 
 4260      35BD
 4261 045b 98580A1C 		.ascii	"\230X\012\034\252\364\252\342\312\331\360\200S.)\221"
 4261      AAF4AAE2 
 4261      CAD9F080 
 4261      532E2991 
 4262 046b 4BEDD2DB 		.ascii	"K\355\322\333n\373\236\375\271\366\234\334\274\275y"
 4262      6EFB9EFD 
 4262      B9F69CDC 
 4262      BCBD79
 4263 047a F61C5991 		.ascii	"\366\034Y\221\354{\303}JT\227z\240\310\351\304^\331"
 4263      EC7BC37D 
 4263      4A54977A 
 4263      A0C8E9C4 
 4263      5ED9
 4264 048c FFD6A34C 		.ascii	"\377\326\243LV\334*\353r(;-7m\317\276\327\220\347\304"
ARM GAS  C:\Users\nello\AppData\Local\Temp\cc46pQ2n.s 			page 144


 4264      56DC2AEB 
 4264      72283B2D 
 4264      376DCFBE 
 4264      D790E7C4 
 4265 04a0 4E782EF5 		.ascii	"Nx.\365\277\305\2067.&[r\363\366\333\230h\3346\325\226"
 4265      BFC58637 
 4265      2E265B72 
 4265      F3F6DB98 
 4265      68DC36D5 
 4266 04b5 92410485 		.ascii	"\222A\004\205XJ\244\022Y9L\376\006D\363\232|"
 4266      584AA412 
 4266      59394CFE 
 4266      0644F39A 
 4266      7C
 4267              		.text
 4268              		.section	.gnu.lto_chThdTerminate.348.6c44ca83,"e",%progbits
 4269 0000 789C8D52 		.ascii	"x\234\215R]H\024Q\024\276g\356\270\356>\024A$R\020j"
 4269      5D481451 
 4269      14BE67EE 
 4269      B8EE3E14 
 4269      41245210 
 4270 0015 4805BAA3 		.ascii	"H\005\272\243\205I>%\373\020\202Bh/\301\202\3508\344"
 4270      85493E25 
 4270      FB108242 
 4270      682FC182 
 4270      E838E4
 4271 0028 52EBC8CC 		.ascii	"R\353\310\314j\371\344\244\224\240\017\233J\032\272"
 4271      6AF9E4A4 
 4271      94A00F9B 
 4271      4A1ABA
 4272 0037 AE284B28 		.ascii	"\256(K(\024\025\242ijn\376eD\231\245\020\032\011\322"
 4272      1415A269 
 4272      6A6EFE65 
 4272      4499A510 
 4272      1A09D2
 4273 004a 43F960B2 		.ascii	"C\371`\262[\344CX\347\336Y\327}\310h\330\235\271\347"
 4273      5BE44358 
 4273      E7DE59D7 
 4273      7DC868D8 
 4273      9DB9E7
 4274 005d BBE77CE7 		.ascii	"\273\347|\347\273\337=\363\224\220\034 \344\030!\004"
 4274      BBDF3DF3 
 4274      94901C20 
 4274      E4182104 
 4275 006d 288196E6 		.ascii	"(\201\226\346F\201\030\206q.^\200\033\315\2156\030\001"
 4275      46811886 
 4275      712E5E80 
 4275      1BCD8D36 
 4275      1801
 4276 007f 1E01A915 		.ascii	"\036\001\251\025\240\026Z\351I\014\267nvl\017$\032}"
 4276      A0165AE9 
 4276      490CB76E 
 4276      766C0F24 
 4276      1A7D
 4277 0091 410860B9 		.ascii	"A\010`\271\037\377\374\361Qh\241\001\012 FV\002$\341"
 4277      1FFFFCF1 
 4277      5168A101 
ARM GAS  C:\Users\nello\AppData\Local\Temp\cc46pQ2n.s 			page 145


 4277      0A204656 
 4277      0224E1
 4278 00a4 8A5E22C7 		.ascii	"\212^\"\307\203\206\361vb\3300l$@)<\001\254\201!\200"
 4278      8386F176 
 4278      62D8306C 
 4278      2440293C 
 4278      01AC8121 
 4279 00b9 41EC8C80 		.ascii	"A\354\214\200\263=\201\020K\204I\300\022\276\006x\012"
 4279      B33D8110 
 4279      4B8449C0 
 4279      12BE0678 
 4279      0A
 4280 00ca 8CD3821D 		.ascii	"\214\323\202\035\207\247;,\004\265\370\251\260\003\371"
 4280      87A73B2C 
 4280      04B5F8A9 
 4280      B003F9
 4281 00d9 D6A73E22 		.ascii	"\326\247>\"6\212\030e\030\355\344\331\254\325V[\323"
 4281      368A1865 
 4281      18EDE4D9 
 4281      ACD5565B 
 4281      D3
 4282 00ea CAFC619F 		.ascii	"\312\374a\237\021\024\003T\204q`\\f7x\206\222E\347\330"
 4282      11140354 
 4282      8471605C 
 4282      66377886 
 4282      9245E7D8 
 4283 00fe 51CC4C65 		.ascii	"Q\314Le\231~o\347H\332T\2751gDs\311n\256y(.`\311g\201"
 4283      997E6FE7 
 4283      48DA54BD 
 4283      31674473 
 4283      C96EAE79 
 4284 0118 0904C718 		.ascii	"\011\004\307\030\033\023\013\301X\201\276/}\213`*\024"
 4284      1B130BC1 
 4284      5881BE2F 
 4284      7D8B602A 
 4284      14
 4285 0129 7715D6FF 		.ascii	"w\025\326\377@\205\223\210\305\221\335\206\023\377\325"
 4285      40859388 
 4285      C591DD86 
 4285      13FFD5
 4286 0138 70EB3336 		.ascii	"p\35336\234Fp*\332p\2067d9\017\337\305\005\215_\277"
 4286      9C46702A 
 4286      DA708637 
 4286      64390FDF 
 4286      C5058D5F 
 4287 014d BD46B061 		.ascii	"\275F\260a\337\366\300\375P\323\240h\005t2N`/\021`\030"
 4287      DFF6C0FD 
 4287      50D3A068 
 4287      0574324E 
 4287      602F1160 
 4288 0162 B3BC945D 		.ascii	"\263\274\224]\244!\202\021$\3446\025\314\240\036\203"
 4288      A4218211 
 4288      24E43615 
 4288      CCA01E83 
 4289 0172 7530D69A 		.ascii	"u0\326\232\327\023\3317\334\357\375\324\321\006h#G\303"
 4289      D713D937 
 4289      DCEFFDD4 
ARM GAS  C:\Users\nello\AppData\Local\Temp\cc46pQ2n.s 			page 146


 4289      D1066823 
 4289      47C3
 4290 0184 CB36BE1D 		.ascii	"\3136\276\035\036\367\017\205>\034\304\323rx)t\027\030"
 4290      1EF70F85 
 4290      3E1CC4D3 
 4290      72782974 
 4290      1718
 4291 0196 5E97841E 		.ascii	"^\227\204\036\260\233\025!\203\247=h\033Z\355\002\264"
 4291      B09B1521 
 4291      83A73D68 
 4291      1B5AED02 
 4291      B4
 4292 01a7 82A78DAE 		.ascii	"\202\247\215\256\332\3409\220oP\227\302tv\263\253L~"
 4292      DAE03990 
 4292      6F5097C2 
 4292      7476B3AB 
 4292      4C7E
 4293 01b9 24DCB206 		.ascii	"$\334\262\006\250\005\227\"\233\2619 \370\205\227\000"
 4293      A8059722 
 4293      9BB13920 
 4293      F8859700 
 4294 01c9 2FB879C9 		.ascii	"/\270y\311\003|?\236o\2762\273l\216\371\027CV\302\374"
 4294      037C3F9E 
 4294      6FBE32BB 
 4294      6C8EF917 
 4294      4356C2FC 
 4295 01dd 66BCA17E 		.ascii	"f\274\241~\357\367\345T\336\341\347r\002GzZ\027f\331"
 4295      EFF7E554 
 4295      DEE1E772 
 4295      02477A5A 
 4295      1766D9
 4296 01f0 6C920DA8 		.ascii	"l\222\015\250\033\373\272\277\227Bd\344('\275\307\206"
 4296      1BFBBABF 
 4296      974264E4 
 4296      2827BDC7 
 4296      86
 4297 0201 1659ADBD 		.ascii	"\026Y\255\275\250\3645\220\014\264\305\006o\240\213"
 4297      A8F43590 
 4297      0CB4C506 
 4297      6FA08B
 4298 0210 8FEA06D4 		.ascii	"\217\352\006\324\2674@/\025z\315\2328T\206<\233\215"
 4298      B734402F 
 4298      157ACD9A 
 4298      3854863C 
 4298      9B8D
 4299 0222 B067E982 		.ascii	"\260g\351\202Y\2125\\\306\235\250y\035\235h\336\244"
 4299      598A355C 
 4299      C69DA879 
 4299      1D9D68DE 
 4299      A4
 4300 0233 79FCEE95 		.ascii	"y\374\356\225vS\360\332\343NS\356\370\012\337I\211\276"
 4300      7653F0DA 
 4300      E34E53EE 
 4300      F80ADF49 
 4300      89BE
 4301 0245 D6168F44 		.ascii	"\326\026\217D\354\335f\366N\231\205\255\341\250\275"
 4301      ECDD66F6 
ARM GAS  C:\Users\nello\AppData\Local\Temp\cc46pQ2n.s 			page 147


 4301      4E9985AD 
 4301      E1A8BD
 4302 0254 D3117B49 		.ascii	"\323\021{I\254\2753\273\366\316\306\332\0331\362=\267"
 4302      ACBD33BB 
 4302      F6CEC6DA 
 4302      1B31F23D 
 4302      B7
 4303 0265 34D6BD96 		.ascii	"4\326\275\2260\272\207\303CB\030\366\014,\314Z\231W"
 4303      30BA87C3 
 4303      434218F6 
 4303      0C2CCC5A 
 4303      9957
 4304 0277 ECF15230 		.ascii	"\354\361R0\347\240.\310\302tG\216\323Q\356*u\025y\252"
 4304      E7A02EC8 
 4304      C274478E 
 4304      D351EE2A 
 4304      751579AA 
 4305 028b CA5CAAF3 		.ascii	"\312\\\252\363\232\252]\321+Kd\245\270JW4\347yE\367"
 4305      9AAA5DD1 
 4305      2B4B64A5 
 4305      B84A5734 
 4305      E77945F7 
 4306 029f 54694ABE 		.ascii	"TiJ\276z\331%W\237&'\354v\011\1772+P\365S\231\231\231"
 4306      7AD92557 
 4306      9F2627EC 
 4306      76097F32 
 4306      2B50F553 
 4307 02b6 92AA4B9A 		.ascii	"\222\252K\232G\3225\031QO\271\246\224\224\351v\231\010"
 4307      47D23519 
 4307      514FB9A6 
 4307      9494E976 
 4307      9908
 4308 02c8 9ECA4331 		.ascii	"\236\312C1\261\375\354\231\254\254\022\2454co\006W\205"
 4308      B1FDEC99 
 4308      ACAC12A5 
 4308      34636F06 
 4308      5785
 4309 02da 7CB5AA4C 		.ascii	"|\265\252L\301\035\275F\267\227\223\370\322\022]\271"
 4309      C11DBD46 
 4309      B79793F8 
 4309      D2125DB9 
 4310 02ea A0B91C7F 		.ascii	"\240\271\034\177-\220U\267[\255\220\224\353\036)\267"
 4310      2D9055B7 
 4310      5BAD9094 
 4310      EB1E29B7 
 4311 02fa B0407214 		.ascii	"\260@r\024\024\345\025I\016US\244\274\035\036\267\356"
 4311      14E51549 
 4311      0E5553A4 
 4311      BC1D1EB7 
 4311      EE
 4312 030b D28B2FCB 		.ascii	"\322\213/\3132re\377\213\243R\325<:c\251\316N/H\317"
 4312      327265FF 
 4312      8BA352D5 
 4312      3C3A63A9 
 4312      CE4E2F48 
 4313 0320 CDBF8879 		.ascii	"\315\277\210y22a\335\201\202\242\302$\246\243Rs\245"
 4313      323261DD 
ARM GAS  C:\Users\nello\AppData\Local\Temp\cc46pQ2n.s 			page 148


 4313      8182A2C2 
 4313      24A6A352 
 4313      73A5
 4314 0332 25A56610 		.ascii	"%\245f\020A#\361n\305\255j5\344\017\313+\247\240"
 4314      4123F16E 
 4314      C5AD6A35 
 4314      E40FCB2B 
 4314      A7A0
 4315              		.text
 4316              		.section	.gnu.lto_chThdSleep.349.6c44ca83,"e",%progbits
 4317 0000 789C8D53 		.ascii	"x\234\215S]h\024W\024>g\356d\177\036\012\205\242\025"
 4317      5D681457 
 4317      143E67EE 
 4317      647F1E0A 
 4317      85A215
 4318 0013 4B655582 		.ascii	"KeU\202\012\311NRI\245B\241\262\017E0 \246/BP\222\311"
 4318      0AC94E52 
 4318      49A542A1 
 4318      B20F4530 
 4318      20A62F42 
 4319 002a 60A6769D 		.ascii	"`\246v\2350\263\261\365\311i\242-\330\207\255\011D\331"
 4319      30B3B1F5 
 4319      C969A22D 
 4319      D887AD09 
 4319      44D9
 4320 003c C4ADDAA5 		.ascii	"\304\255\332\245\324>XR\334\030\177b\266]\215\211\326"
 4320      D43E5852 
 4320      DC187F62 
 4320      B65D8D89 
 4320      D6
 4321 004d 6A4B5625 		.ascii	"jKV%)\012V\241H\241\262ki\036D{\316\235\331\037Jk;\354"
 4321      290A56A1 
 4321      48A1B26B 
 4321      691E447B 
 4321      CE9DD91F 
 4322 0065 EEDCFB9D 		.ascii	"\356\334\373\235\357\234\363\235\357\336}S\005\260\020"
 4322      EF9CF39D 
 4322      EFDE7D53 
 4322      05B010
 4323 0074 602500A0 		.ascii	"`%\000\240\000\0348x@\001\327u\337\012*\370\341\301"
 4323      001C3878 
 4323      4001D775 
 4323      DF0A2AF8 
 4323      E1C1
 4324 0086 03613C83 		.ascii	"\003a<\203r\207\260W\301\2758(\326\320va\177\352Dv\211"
 4324      7287B057 
 4324      C1BD3828 
 4324      D6D07661 
 4324      7FEA4476 
 4325 009b FB650E33 		.ascii	"\373e\0163\002 M_\371\214\010\034\020\031\201\250\372"
 4325      02204D5F 
 4325      F98C081C 
 4325      101981A8 
 4325      FA
 4326 00ac 2B0523B4 		.ascii	"+\005#\264\022[aU\316uoL\216\273n\0302B\340i\244\034"
 4326      125B6155 
 4326      CE756F4C 
ARM GAS  C:\Users\nello\AppData\Local\Temp\cc46pQ2n.s 			page 149


 4326      8EBB6E18 
 4326      3242E069 
 4327 00c2 1C43CC52 		.ascii	"\034C\314Rg\002\266=Y\004\020\360+\011J\221k\304\263"
 4327      6702B63D 
 4327      590410F0 
 4327      2B094A91 
 4327      6BC4B3
 4328 00d5 C83503DC 		.ascii	"\3105\003\334\261\220\012\000iI\013\245\014\215\374"
 4328      B1900A00 
 4328      69490BA5 
 4328      0C8DFC
 4329 00e4 96FF99B0 		.ascii	"\226\377\231\260s\204\011\306\304\021\311\346V\013\251"
 4329      738409C6 
 4329      C411C9E6 
 4329      560BA9
 4330 00f3 4FE6AF2F 		.ascii	"O\346\257/\035qsjF\2508\201\\\313\353\206\027H\262\272"
 4330      1D71736A 
 4330      46A83881 
 4330      5CCBEB86 
 4330      1748B2BA 
 4331 0107 EDFC3262 		.ascii	"\355\3742b\3263\363\233\344\360\231\206|\277;\355V\270"
 4331      D633F39B 
 4331      E4F09986 
 4331      7CBF3BED 
 4331      56B8
 4332 0119 50E57A43 		.ascii	"P\345zCq\267\361\302H\000'\011<\317\325X,\346*\002Y"
 4332      71B7F1C2 
 4332      48002709 
 4332      3CCFD558 
 4332      2CE62A02 
 4333 012e AD8ADFC9 		.ascii	"\255\212\337\311\2158\246Td\244\007\237]{\331\223!0"
 4333      8D38A654 
 4333      64A4079F 
 4333      5D7BD993 
 4333      2130
 4334 0140 8F4CF24B 		.ascii	"\217L\362K_D\036\373\363W\3132n\314|\225Gb\356\213\224"
 4334      5F441EFB 
 4334      F357CB32 
 4334      6ECC7C95 
 4334      4762EE8B 
 4335 0155 A950A5D6 		.ascii	"\251P\245\326\250\270\231\012\340%\364\234P\245\212"
 4335      A8B8990A 
 4335      E025F49C 
 4335      50A58A
 4336 0164 29F41B73 		.ascii	")\364\033s\374\366\315\245^\254\256\352R\377\037\344"
 4336      FCF6CDA5 
 4336      5EACAEEA 
 4336      52FF1FE4 
 4337 0174 D2346101 		.ascii	"\3224a\001\250\016=\371\277\206^\270OC_!p\2462\364U"
 4337      A80E3DF9 
 4337      BF865EB8 
 4337      4F435F21 
 4337      70A632F4 
 4338 0189 393473BE 		.ascii	"94s\276\376\251.\347>y\226ts\037\277p\"{\252x2\253\006"
 4338      FEA92EE7 
 4338      3E799674 
 4338      731FBF70 
ARM GAS  C:\Users\nello\AppData\Local\Temp\cc46pQ2n.s 			page 150


 4338      227BAA78 
 4339 01a0 14C4718A 		.ascii	"\024\304q\212%\005_!WE7\007\360\251P\274M?m\036\242"
 4339      25055F21 
 4339      57453707 
 4339      F0A950BC 
 4339      4D3F6D1E 
 4340 01b5 7BEFD6C3 		.ascii	"{\357\326\303%\374.\215&\357\244\206\220\016P\242\245"
 4340      25FC2E8D 
 4340      26EFA486 
 4340      900E50A2 
 4340      A5
 4341 01c6 B9B00C97 		.ascii	"\271\260\014\227\036\244\307\212\267_\"\237%\\(\036"
 4341      1EA4C78A 
 4341      B75F229F 
 4341      255C281E 
 4342 01d6 46C6FB22 		.ascii	"F\306\373\"\344>\337)\025\233$-;4v\367\010\322!H\332"
 4342      E43EDF29 
 4342      159B242D 
 4342      3B3476F7 
 4342      08D22148 
 4343 01eb B9BB61FC 		.ascii	"\271\273a\374\026\341w\354[\301\352f\025\232`\371\003"
 4343      16E177EC 
 4343      5BC1EA66 
 4343      159A60F9 
 4343      03
 4344 01fc E5A35046 		.ascii	"\345\243PF\324\321R\345\333\375\003\002\275\361:\342"
 4344      D4D152E5 
 4344      DBFD0302 
 4344      BDF13AE2 
 4345 020c 3569D8F2 		.ascii	"5i\330\362_e< \203?z]\036\335O\317\026C\300'\315u\213"
 4345      5F653C20 
 4345      833F7A5D 
 4345      1EDD4FCF 
 4345      1643C027 
 4346 0223 A3C9C773 		.ascii	"\243\311\307s\365\262\303\237s\213%r,_\230\342\177\205"
 4346      F5B2C39F 
 4346      738B2572 
 4346      2C5F98E2 
 4346      7F85
 4347 0235 A7E9121E 		.ascii	"\247\351\022\036\247\033\311z&\276x:L\323Lyz\006\357"
 4347      A71BC97A 
 4347      26BE783A 
 4347      4CD34C79 
 4347      7A06EF
 4348 0248 84F1B25C 		.ascii	"\204\361\262\\\256\250\374\334\033Z\006\217p\377\321"
 4348      AEA8FCDC 
 4348      1B5A068F 
 4348      70FFD1
 4349 0257 16D8874A 		.ascii	"\026\330\207JF\004\323\"\310t\036*\204!\252\223\021"
 4349      4604D322 
 4349      C8741E2A 
 4349      8421AA93 
 4349      11
 4350 0268 61A9A1DC 		.ascii	"a\251\241\334\202OZ&\316\275\353\033\226\342\026\323"
 4350      824F5A26 
 4350      CEBDEB1B 
 4350      96E216D3 
ARM GAS  C:\Users\nello\AppData\Local\Temp\cc46pQ2n.s 			page 151


 4351 0278 5E8BCFE6 		.ascii	"^\213\317\346\017\371\341\321aO\342\304\374\337;\316"
 4351      0FF9E1D1 
 4351      614FE2C4 
 4351      FCDF3BCE 
 4352 0288 BEE25BFA 		.ascii	"\276\342[\372\224-\235\361\265\225*\226^\361-\205ZK"
 4352      942D9DF1 
 4352      B5952A96 
 4352      5EF12D85 
 4352      5A4B
 4353 029a AF562DFD 		.ascii	"\257V-\375\276\326R\337\274\202\264\261\326\261\201"
 4353      BED652DF 
 4353      BC82B4B1 
 4353      D6B181
 4354 02a9 123946D7 		.ascii	"\0229F\327\004\212,\376\227\302T\210\375\341')\320;"
 4354      048A2CFE 
 4354      97C25488 
 4354      FDE12729 
 4354      D03B
 4355 02bb FBBE1C6F 		.ascii	"\373\276\034o\033c\353\333c\335f\247\331\226\350\355"
 4355      1B63EBDB 
 4355      63DD66A7 
 4355      D996E8ED 
 4356 02cb 32ADF6F7 		.ascii	"2\255\366\367-{\247\323\323\241\033\333{\035\303n\177"
 4356      2D7BA7D3 
 4356      D3A11BDB 
 4356      7B1DC36E 
 4356      7F
 4357 02dc DB7012BD 		.ascii	"\333p\022\275\266\261\311\332a\352\273\327\302\352h"
 4357      B6B1C9DA 
 4357      61EABBD7 
 4357      C2EA68
 4358 02eb 54A38FCE 		.ascii	"T\243\217\316\011\226\363Zss\263f9\232\235\320\034["
 4358      0996F35A 
 4358      7373B366 
 4358      399A9DD0 
 4358      1C5B
 4359 02fd 2734D16D 		.ascii	"'4\321m\033\035]NT\0075a\306\215E5H\364\215\327[Z:\214"
 4359      1B1D5D4E 
 4359      54073561 
 4359      C68D4535 
 4359      48F48DD7 
 4360 0315 CEA67FAF 		.ascii	"\316\246\177\257a\356\322\337\353\3552(\342\354q\242"
 4360      61EED2DF 
 4360      EBED3228 
 4360      E2EC71A2 
 4361 0325 DD10ECEC 		.ascii	"\335\020\354\354p\214\315\266\031\373\307\004\335\212"
 4361      708CCDB6 
 4361      19FBC704 
 4361      DD8A
 4362 0333 C7AD5D9A 		.ascii	"\307\255]\232\361AB\333\260\245U\213\265\266ml\323b"
 4362      F14142DB 
 4362      B0A5558B 
 4362      B5B66D6C 
 4362      D362
 4363 0345 966D681B 		.ascii	"\226mh\033\313u\342\216\351l\337\241\353Tk\335\363j"
 4363      CB75E28E 
 4363      E96CDFA1 
ARM GAS  C:\Users\nello\AppData\Local\Temp\cc46pQ2n.s 			page 152


 4363      EB546BDD 
 4363      F36A
 4364 0357 F45876C2 		.ascii	"\364Xv\302\341*\273\3275\2666n\330\364\016\361t\252"
 4364      E12ABBD7 
 4364      35B6366E 
 4364      D8F40EF1 
 4364      74AA
 4365 0369 44797509 		.ascii	"Dyu\011S\337\3514\374\267\344\362\240\335\360bk\333"
 4365      53DFE934 
 4365      FCB7E4F2 
 4365      A0DDF062 
 4365      6BDB
 4366 037b 96084BEF 		.ascii	"\226\010K\357\261\315\206H}\023(6\004\343F\334\262\367"
 4366      B1CD8648 
 4366      7D132836 
 4366      04E346DC 
 4366      B2F7
 4367 038d C05FA762 		.ascii	"\300_\247b\346 "
 4367      E620
 4368              		.text
 4369              		.section	.gnu.lto_chThdSleepUntil.350.6c44ca83,"e",%progbits
 4370 0000 789C8D54 		.ascii	"x\234\215TkL\024W\024\276g\356\354\013\037\3254\264"
 4370      6B4C1457 
 4370      14BE67EE 
 4370      EC0B1FD5 
 4370      34B4
 4371 0012 C6A6066D 		.ascii	"\306\246\006m\210\232\000+m\251\261i\223\032~\264&\222"
 4371      889A002B 
 4371      6DA9B169 
 4371      931A7EB4 
 4371      2692
 4372 0024 B4D23F4D 		.ascii	"\264\322?M\010fY&\262\021X33\320\372\313)\213\232\324"
 4372      08665926 
 4372      B2115833 
 4372      33D0FACB 
 4372      298B9AD4 
 4373 0038 342BD0D8 		.ascii	"4+\320\330\272\002>\272i\255\261i\015\005\221\227 -"
 4373      BA023EBA 
 4373      69ADB169 
 4373      0D059197 
 4373      202D
 4374 004a 208AA282 		.ascii	" \212\242\202\017\326b\261\246)\365\201\001Iij\245\347"
 4374      0FD662B1 
 4374      A629F581 
 4374      0149696A 
 4374      A5E7
 4375 005c DC995DD6 		.ascii	"\334\231]\326F\253\223\335;w\276\373\235\357<gn\332"
 4375      46AB93DD 
 4375      3B77BEFB 
 4375      9DEF3C67 
 4375      6EDA
 4376 006e 1973498C 		.ascii	"\031sI\214\275\307\030\003\033\203\312\212O$f\030\306"
 4376      BDC71803 
 4376      1B83CA8A 
 4376      4F246618 
 4376      C6
 4377 007f 5B0E490A 		.ascii	"[\016I\012T\354\220\240\031\352~;\275J.\257\230\333"
ARM GAS  C:\Users\nello\AppData\Local\Temp\cc46pQ2n.s 			page 153


 4377      54EC90A0 
 4377      19EA7E3B 
 4377      BD4A2EAF 
 4377      98DB
 4378 0091 B7BBCE2E 		.ascii	"\267\273\316.s\370\254\2427P32%\301I\020<\031>F\344"
 4378      73F8ACA2 
 4378      37503332 
 4378      25C14910 
 4378      3C193E46 
 4379 00a6 D3B11071 		.ascii	"\323\261\020q\005\002l\213\304e\330\002U|9\002S[C}\365"
 4379      05026C8B 
 4379      C465D802 
 4379      557C3902 
 4379      535B437D 
 4380 00bb 0B8C83ED 		.ascii	"\013\214\203\355\020\346\214\325\342_\\\325\034*y\230"
 4380      10E68CD5 
 4380      E25F5CD5 
 4380      1C2A7998 
 4381 00cb 03C8D64E 		.ascii	"\003\310\326N\202$\334\361\017\330\322v\303\350\357"
 4381      8224DCF1 
 4381      0FD8D276 
 4381      C3E8EF
 4382 00da 69340C17 		.ascii	"i4\014\027\013s\016G\001m\240\001\240\036\030\001\271"
 4382      0B730E47 
 4382      016DA001 
 4382      A01E1801 
 4382      B9
 4383 00eb 0389C29A 		.ascii	"\003\211\302\232\353\264&#\371\356\231\372\360\010\030"
 4383      EBB42623 
 4383      F9EE99FA 
 4383      F00818
 4384 00fa 95067A90 		.ascii	"\225\006z\220\341X<\237\261\334\221D;\203&0=\333\320"
 4384      E1583C9F 
 4384      B1DC9144 
 4384      3B832630 
 4384      3DDBD0
 4385 010d C44E5100 		.ascii	"\304NQ\000\264\000\331\333)\302;!\2444\243\235\024\205"
 4385      B400D9DB 
 4385      29C23B21 
 4385      A434A39D 
 4385      1485
 4386 011f AAFF094C 		.ascii	"\252\377\011L\"\326\212\030\027\316\276\022l\012m\252"
 4386      22D68A18 
 4386      17CEBE12 
 4386      6C0A6DAA 
 4387 012f 6547E4EC 		.ascii	"eG\344\354\302j\243]\016s\033\034\007\3222\275\001\245"
 4387      C26AA35D 
 4387      0E731B1C 
 4387      07D232BD 
 4387      01A5
 4388 0141 68CB6D59 		.ascii	"h\313mYd\30555\020<~,\2453`\364\0301.\233\341\232E\020"
 4388      64C53535 
 4388      103C7E2C 
 4388      A53360F4 
 4388      18312E9B 
 4389 0159 01DCA8B6 		.ascii	"\001\334\250\266C\007\202m\244\3060@8\021\013\220\242"
 4389      4307826D 
ARM GAS  C:\Users\nello\AppData\Local\Temp\cc46pQ2n.s 			page 154


 4389      A4C63040 
 4389      38110B90 
 4389      A2
 4390 016a 95E147F1 		.ascii	"\225\341G\361\300\017I\2610\372\253\246\373\2367\303"
 4390      C00F49B1 
 4390      30FAABA6 
 4390      FB9E37C3 
 4391 017a 90E12720 		.ascii	"\220\341' \222%\335Eu\310\375\362\305h\030\375\243\207"
 4391      9225DD45 
 4391      75C8FDF2 
 4391      C56818FD 
 4391      A387
 4392 018c 3B0199E5 		.ascii	";\001\231\345IQ*\233\241\306Eq;\224\000\335`VB\026Q"
 4392      49512A9B 
 4392      A1C64571 
 4392      3B9400DD 
 4392      60564216 
 4393 01a1 F480E598 		.ascii	"\364\200\345\230\316\033oE\313d\233)S\347U\304z\021"
 4393      CE1B6F45 
 4393      CB649B29 
 4393      53E755C4 
 4393      7A11
 4394 01b3 B3B399AC 		.ascii	"\263\263\231\254\367<U\326\215\203\230\365i\004O\305"
 4394      F73C55D6 
 4394      8D8398F5 
 4394      69044FC5 
 4395 01c3 B2EE7B28 		.ascii	"\262\356{(k\007\234\2159o\371\375\306\305\021n\272w"
 4395      6B079C8D 
 4395      396FF9FD 
 4395      C6C5116E 
 4395      BA77
 4396 01d5 C6C0D653 		.ascii	"\306\300\326S\323\373\021\354G\320!\004\316A\324\206"
 4396      D3FB11EC 
 4396      47D02104 
 4396      CE41D486 
 4397 01e5 045C70C1 		.ascii	"\004\\p\301,\333V\036+[C\250f\314\352\036\207\001 \222"
 4397      2CDB561E 
 4397      2B5B43A8 
 4397      66CCEA1E 
 4397      87012092 
 4398 01f9 15DB20D0 		.ascii	"\025\333 \320t\035Y\374\250\262\231T6C5\323\340\365"
 4398      741D59FC 
 4398      A8B29954 
 4398      364335D3 
 4398      E0F5
 4399 020b 0F09075F 		.ascii	"\017\011\007_\352\010\030\357\020\373R\274\360e!\334"
 4399      EA0818EF 
 4399      10FB52BC 
 4399      F06521DC 
 4400 021b F618E14B 		.ascii	"\366\030\341K\361\302\227\343\373q+\364\006\\\001\270"
 4400      F1C297E3 
 4400      FB712BF4 
 4400      065C01B8 
 4401 022b 68B5C425 		.ascii	"h\265\304%2\034\002J\212h\337\235\267\265\033\367\247"
 4401      321C024A 
 4401      8A68DF9D 
 4401      B7B51BF7 
ARM GAS  C:\Users\nello\AppData\Local\Temp\cc46pQ2n.s 			page 155


 4401      A7
 4402 023c 83863176 		.ascii	"\203\2061v\030FN\376}q\376\034\300\027\304.\341\342"
 4402      18464EFE 
 4402      7D71FE1C 
 4402      C017C42E 
 4402      E1E2
 4403 024e E0B4D801 		.ascii	"\340\264\330\001\032\301\201;\247\223\026\306\202\234"
 4403      1AC1813B 
 4403      A79316C6 
 4403      829C
 4404 025c 5E6E4306 		.ascii	"^nC\006\243\235\261\235\\2\037\002\370\360\007\030\327"
 4404      A39DB19D 
 4404      5C321F02 
 4404      F8F00718 
 4404      D7
 4405 026d 6B6E2E10 		.ascii	"kn.\020\367\3577\322mb28\034\332\005\330\\\001N\014"
 4405      F7EF37D2 
 4405      6D623238 
 4405      1CDA05D8 
 4405      5C014E0C 
 4406 0281 B9046BE2 		.ascii	"\271\004k\342\233\275\015\343\227\237\305\246\011xp"
 4406      9BBD0DE3 
 4406      979FC5A6 
 4406      097870
 4407 0290 FC0B20BC 		.ascii	"\374\013 \274,\011[I\257\261\015V\010\332_\273\032\256"
 4407      2C095B49 
 4407      AFB10D56 
 4407      08DA5FBB 
 4407      1AAE
 4408 02a2 D5007654 		.ascii	"\325\000vT\320\232\257\271\340\014\2601([B\301\037\343"
 4408      D09AAFB9 
 4408      E00CB031 
 4408      285B42C1 
 4408      1FE3
 4409 02b4 98E3E25E 		.ascii	"\230\343\342^\276\315\031\346.\334\312\364\371\371\031"
 4409      BECD19E6 
 4409      2EDCCAF4 
 4409      F9F919
 4410 02c3 18DE6118 		.ascii	"\030\336a\030\340\252\350\332\342>q\236 \016\1771\275"
 4410      E0AAE8DA 
 4410      E23E719E 
 4410      200E7F31 
 4410      BD
 4411 02d4 DC3DB877 		.ascii	"\334=\270w`\334\311hlHw|2xo(Yx\370s\3509\201\354\257"
 4411      60DCC968 
 4411      6C48777C 
 4411      32786F28 
 4411      5978F873 
 4412 02ed 8A74B9B0 		.ascii	"\212t\271\260^f\012\337\336\353\256\006\234\017A\231"
 4412      5E660ADF 
 4412      DEEBAE06 
 4412      9C0F4199 
 4413 02fd EEB652A8 		.ascii	"\356\266R\250om#\370\234\011_\350v\301y`w!\260/\343"
 4413      6F6D23F8 
 4413      9C095FE8 
 4413      76C17960 
 4413      7721B02F 
ARM GAS  C:\Users\nello\AppData\Local\Temp\cc46pQ2n.s 			page 156


 4414 0312 00779683 		.ascii	"\000w\226\203\024\346\263jy\002\235\207\371l\341\026"
 4414      14E6B36A 
 4414      79029D87 
 4414      F96CE116 
 4415 0322 55B70501 		.ascii	"U\267\005\001e\261\033\3101\023\276\202[\273\020\274"
 4415      65B11BC8 
 4415      3113BE82 
 4415      5BBB10BC 
 4416 0332 FD43D370 		.ascii	"\375C\323p-`oL\301a\027D\200\335\201@\355\266A\3448"
 4416      2D606F4C 
 4416      C1611744 
 4416      80DD8140 
 4416      EDB641E4 
 4417 0347 9066193D 		.ascii	"\220f\031=$\304\2422\326\246\211\270B\241\036;\201\346"
 4417      24C4A232 
 4417      D6A689B8 
 4417      42A11E3B 
 4417      81E6
 4418 0359 E7B7BF79 		.ascii	"\347\267\277y\200\023H\205\225\221v\007\312\356oG@B"
 4418      80134885 
 4418      95917607 
 4418      CAEE6F47 
 4418      4042
 4419 036b 1803DE9A 		.ascii	"\030\003\336\232t\200\363r\260\207\371\234Z>\2131< "
 4419      7480F372 
 4419      B087F99C 
 4419      5A3E8B31 
 4419      3C20
 4420 037d A60370E0 		.ascii	"\246\003p\340\346\262Q(\037\355\\\210\014\0233?\273"
 4420      E6B25128 
 4420      1FED5C88 
 4420      0C13333F 
 4420      BB
 4421 038e 3B39DF8D 		.ascii	";9\337\215_t\036k\372\321\233\313L\357\335Q\357\023"
 4421      5F741E6B 
 4421      FAD19BCB 
 4421      4CEFDD51 
 4421      EF13
 4422 03a0 FBBF7EB0 		.ascii	"\373\277~\260\007\033\337cfS\205\331\234\024\333%\261"
 4422      071BDF63 
 4422      665385D9 
 4422      9C14DB25 
 4422      B1
 4423 03b1 E5FAAE45 		.ascii	"\345\372\256E\344~_\006\023\325z\246\226\317&:9\232"
 4423      E47E5F06 
 4423      13D57AA6 
 4423      96CF263A 
 4423      399A
 4424 03c3 074ED409 		.ascii	"\007N\324\011\363\371\302\231\034?a\230}]\244+\201\222"
 4424      F3F9C299 
 4424      1C3F6198 
 4424      7D5DA42B 
 4424      8192
 4425 03d5 EF36FB77 		.ascii	"\3576\373w\275\331\0349\234\265\020\271l5]\356\215|"
 4425      BDD91C39 
 4425      9CB510B9 
 4425      6C355DEE 
ARM GAS  C:\Users\nello\AppData\Local\Temp\cc46pQ2n.s 			page 157


 4425      8D7C
 4426 03e7 6E9D1FD9 		.ascii	"n\235\037\331cv\2675\362\337\010\006^\260\246\361\001"
 4426      6376B735 
 4426      F2DF0806 
 4426      5EB0A6F1 
 4426      01
 4427 03f8 4D639B15 		.ascii	"Mc\233\025\353Dl\032;\254id\361\323xbf\032;\343\247"
 4427      EB446C1A 
 4427      3BAC6964 
 4427      F1D37862 
 4427      661A3BE3 
 4428 040d D19ABB51 		.ascii	"\321\232\273Q1\201\361\303V9\201\303\206_f6N\321\377"
 4428      3181F1C3 
 4428      563981C3 
 4428      865F6636 
 4428      4ED1FF
 4429 0420 1AE972D2 		.ascii	"\032\351r\322h\321\025\344`\346V\326N\217\251\231\257"
 4429      68D115E4 
 4429      60E656D6 
 4429      4E8FA999 
 4429      AF
 4430 0431 E76416F8 		.ascii	"\347d\026\370\362|\331zI\276\317\237\363\241_\335\250"
 4430      F27CD97A 
 4430      49BECF9F 
 4430      F3A15FDD 
 4430      A8
 4431 0442 6DF27895 		.ascii	"m\362x\225\365%\232\242\346\274\255hz\211\252\254\365"
 4431      F5259AA2 
 4431      E6BCAD68 
 4431      7A89AAAC 
 4431      F5
 4432 0453 6FF0794B 		.ascii	"o\360yK_a\313\322\322\334\370\363\222\201_{9==\335\355"
 4432      5F61CBD2 
 4432      D2DCF8F3 
 4432      92815F7B 
 4432      393D3DDD 
 4433 0468 D7DCAAEE 		.ascii	"\327\334\252\356\326T/\242z\201\252x\362\2654/\223u"
 4433      D6542FA2 
 4433      7A81AA78 
 4433      F2B5342F 
 4433      9375
 4434 047a 5F919218 		.ascii	"_\221\222\030\207\244\255z-#\303\243\344\255`N_\261"
 4434      87A4AD7A 
 4434      2D23C3A3 
 4434      E4AD604E 
 4434      5FB1
 4435 048c AEA8A59E 		.ascii	"\256\250\245\236\302\307\212\371\212\275\205%\371\012"
 4435      C2C78AF9 
 4435      8ABD8525 
 4435      F90A
 4436 049a 9E689BB5 		.ascii	"\236h\233\265\264\002\346\310\363h\312\273\252/\363"
 4436      B402E6C8 
 4436      F368CABB 
 4436      AA2FF3
 4437 04a9 91065E7F 		.ascii	"\221\006^\177Q\221\277\330\255|\244\273W\257\313rgf"
 4437      5191BFD8 
 4437      AD7CA4BB 
ARM GAS  C:\Users\nello\AppData\Local\Temp\cc46pQ2n.s 			page 158


 4437      57AFCB72 
 4437      6766
 4438 04bb 65AFC976 		.ascii	"e\257\311vg\372U\305\275&\252S\244\371\264\365\033\274"
 4438      67FA55C5 
 4438      BD26AA53 
 4438      A4F9B4F5 
 4438      1BBC
 4439 04cd 5ED45AF9 		.ascii	"^\324Z\371\177\032\233\374\252\256\221J\351\312\324"
 4439      7F1A9BFC 
 4439      AAAE914A 
 4439      E9CAD4
 4440 04dc ACD4D56B 		.ascii	"\254\324\325k\337G\236\027\225\320\316\246\373\274\033"
 4440      DF479E17 
 4440      95D0CEA6 
 4440      FBBC1B
 4441 04eb B5942787 		.ascii	"\265\224'\207\034\315\270\200-}2\271T'iM\367\250\372"
 4441      1CCDB880 
 4441      2D7D32B9 
 4441      5427694D 
 4441      F7A8FA
 4442 04fe F2A790C6 		.ascii	"\362\247\220\306\232\"\237+\305\371\363\262\262\327"
 4442      9A229F2B 
 4442      C5F9F3B2 
 4442      B2D7
 4443 050c 25515936 		.ascii	"%QY6\251\276\224\244\344\025LR\231\243H)\362\253\233"
 4443      A9BE94A4 
 4443      E4154C52 
 4443      99A34829 
 4443      F2AB9B
 4444 051f D9AB8F54 		.ascii	"\331\253\217T*\360\024\342\015\027UO-\366\025Z\231\255"
 4444      2AF014E2 
 4444      0D17554F 
 4444      2DF6155A 
 4444      99AD
 4445 0531 274D1545 		.ascii	"'M\025E\377\005!=\012U"
 4445      FF05213D 
 4445      0A55
 4446              		.text
 4447              		.section	.gnu.lto_chThdSleepUntilWindowed.351.6c44ca83,"e",%progbits
 4448 0000 789C8D55 		.ascii	"x\234\215UkL\024W\024\276g\356\354\023\265&\015\325"
 4448      6B4C1457 
 4448      14BE67EE 
 4448      EC13B526 
 4448      0DD5
 4449 0012 D8D4AC36 		.ascii	"\330\324\2546FM\200\325Vj\354\257\032\222\266&\2224"
 4449      464D80D5 
 4449      566AECAF 
 4449      1A92B626 
 4449      9234
 4450 0024 D23F4D0C 		.ascii	"\322?M\014\006\227\215l\024\226\314,\264\376h\234\262"
 4450      06978D6C 
 4450      1496CC2C 
 4450      B4FE689C 
 4450      B2
 4451 0035 A8694D83 		.ascii	"\250iM\203`\203\312\" nc\037\266\206(\026P\020\273\312"
 4451      6083CA22 
 4451      206E631F 
ARM GAS  C:\Users\nello\AppData\Local\Temp\cc46pQ2n.s 			page 159


 4451      B6862816 
 4451      5010BBCA 
 4452 0049 2A2C4A79 		.ascii	"*,JyX\013\010\210h\265&(\254\215\230(\364\334;\263\273"
 4452      580B0888 
 4452      68B52628 
 4452      AC8D9828 
 4452      F4DC3BB3 
 4453 005e 83C10A21 		.ascii	"\203\301\012!w\356\234\371\316w\276\363\270w;\314\204"
 4453      77EE9CF9 
 4453      CE77BEF3 
 4453      B8773BCC 
 4453      84
 4454 006f 58054236 		.ascii	"X\005B6\021B\300@\240\244\370\033\201(\212\362\201I"
 4454      1142C040 
 4454      A0A4F81B 
 4454      81288AF2 
 4454      8149
 4455 0081 10BCC5FB 		.ascii	"\020\274\305\373\004h\204SwC\353\304\302\342y\355\207"
 4455      04688453 
 4455      7743EBC4 
 4455      C2E279ED 
 4455      87
 4456 0092 4F19450A 		.ascii	"O\031E\012\337\025\267v\325\337\232\020\240\0338N\204"
 4456      DF15B776 
 4456      D5DF9A10 
 4456      A01B384E 
 4456      84
 4457 00a3 AF8A5BF7 		.ascii	"\257\212[\367~\033\362\235\026\021\314M@v\011T\204]"
 4457      7E1BF29D 
 4457      1611CC4D 
 4457      40760954 
 4457      845D
 4458 00b5 70809653 		.ascii	"p\200\226S(\241~J@\324v\000\266\225\315\2122\261\273"
 4458      28A17E4A 
 4458      40D47600 
 4458      B695CD8A 
 4458      32B1BB
 4459 00c8 6CB236E1 		.ascii	"l\2626\341\202w\367\307~*\220\012\004\324\002\234\006"
 4459      8277F7C7 
 4459      7E2A900A 
 4459      04D4029C 
 4459      06
 4460 00d9 54411048 		.ascii	"TA\020H?#\313\021\324q\263NQ,\004\021\360\033\3500h"
 4460      3F23CB11 
 4460      D471B34E 
 4460      512C0411 
 4460      F01BE830 
 4461 00ee 48AF8C67 		.ascii	"H\257\214g8\217\212{\036\305\325\277\210;\021\2572\356"
 4461      388F8A7B 
 4461      1EC5D5BF 
 4461      883B11AF 
 4461      32EE
 4462 0100 64EB3204 		.ascii	"d\3532\004?\232\252}<\004J\211\002\014\177\026\246\305"
 4462      3F9AAA7D 
 4462      3C044A89 
 4462      020C7F16 
 4462      A6C5
ARM GAS  C:\Users\nello\AppData\Local\Temp\cc46pQ2n.s 			page 160


 4463 0112 4EAF8F37 		.ascii	"N\257\2177\0228\007L\021!Ft1\022\334\0034\001\3637b"
 4463      1238074C 
 4463      11214674 
 4463      3112DC03 
 4463      3401F337 
 4464 0127 7A75411F 		.ascii	"zuA\037B\032\321O\210\230\312'\275\377\242\355<\332"
 4464      421AD14F 
 4464      8898CA27 
 4464      BDFFA2ED 
 4464      3CDA
 4465 0139 280F769C 		.ascii	"(\017v\234\243\231\264\211\246}}\327\026\225+\315\242"
 4465      A399B489 
 4465      A67D7DD7 
 4465      16952BCD 
 4465      A2
 4466 014a 9F52B800 		.ascii	"\237R\270\000\214K\215\006\277\243\000\232~n\261\246"
 4466      8C4B8D06 
 4466      BFA3009A 
 4466      7E6EB1A6 
 4467 015a 6BE27AD1 		.ascii	"k\342z\321\371\372\204\200W\271\254D\261$\206U\013\303"
 4467      F9FA8480 
 4467      57B9AC44 
 4467      B1248655 
 4467      0BC3
 4468 016c A24D8C94 		.ascii	"\242M\214\224\033!\200\306f\306FP \\\214\012djEh\341"
 4468      1B2180C6 
 4468      66C64650 
 4468      205C8C0A 
 4468      646A4568 
 4469 0181 2FF46721 		.ascii	"/\364g!*\243\363\300\221\207\232\014\001\202\300@\032"
 4469      2AA3F3C0 
 4469      91879A0C 
 4469      0182C040 
 4469      1A
 4470 0192 F5655687 		.ascii	"\365eV\207\364\232%\021\031\035c'o\033\021Yh\213@I\014"
 4470      F49A2511 
 4470      191D6327 
 4470      6F1B1159 
 4470      688B4049 
 4471 01a7 AAB5A76F 		.ascii	"\252\265\247o\032q\321\333\027\274\012\353#\264\352"
 4471      1A71D1DB 
 4471      17BC0AEB 
 4471      23B4EA
 4472 01b6 89DB3871 		.ascii	"\211\3338q\323K\210[\365\304m\272\364\352Z|V\010\001"
 4472      D34B885B 
 4472      F5C46DBA 
 4472      F4EA5A7C 
 4472      560801
 4473 01c9 5C01B5CA 		.ascii	"\\\001\265\312\"\317\260\035\264\244x\206\006\270\246"
 4473      22CFB01D 
 4473      B4A47886 
 4473      06B8A6
 4474 01d8 66381813 		.ascii	"f8\030\023Rvp\252}\201\232\241\010\035\300@\032\373"
 4474      527670AA 
 4474      7D819AA1 
 4474      081DC040 
 4474      1AFB
ARM GAS  C:\Users\nello\AppData\Local\Temp\cc46pQ2n.s 			page 161


 4475 01ea 1F28444C 		.ascii	"\037(DL?\366\326LBT(\211A_\020\322\251\2510p\025]\240"
 4475      3FF6D64C 
 4475      42542889 
 4475      415F10D2 
 4475      A9A93070 
 4476 0201 05E67DB8 		.ascii	"\005\346}\270\030\031\004cl\020\002\375h\353A\233\211"
 4476      18190463 
 4476      6C1002FD 
 4476      68EB419B 
 4476      89
 4477 0212 C4FAEA9B 		.ascii	"\304\372\352\233U_\353z\260\257\177\242\361z\264\257"
 4477      555FEB7A 
 4477      B0AF7FA2 
 4477      F17AB4AF 
 4478 0222 37A6F5D5 		.ascii	"7\246\365\325\014\275\321\340\347\356\375\320\177\224"
 4478      0CBDD1E0 
 4478      E7EEFDD0 
 4478      7F94
 4479 0230 AAE12DD1 		.ascii	"\252\341-\321\360?\265O\241\177\037\332\314\334\277"
 4479      F03FB54F 
 4479      A17F1FDA 
 4479      CCDCBF
 4480 023f 1F222ECC 		.ascii	"\037\".\314\337\012\003\240\353[\350\341\202\310@\260"
 4480      DF0A03A0 
 4480      EB5BE8E1 
 4480      82C840B0 
 4481 024f 53608D68 		.ascii	"S`\215h\032\344}{f\233\271o\372\003\203PU\276\306\330"
 4481      1AE47D7B 
 4481      669BB96F 
 4481      FA038350 
 4481      55BEC6D8 
 4482 0263 1E630CEA 		.ascii	"\036c\014\352\031oq\306\257g3b\267\2463^\2151\266\352"
 4482      196F71C6 
 4482      AF673362 
 4482      B7A6335E 
 4482      8D31B6EA 
 4483 0277 196F73C6 		.ascii	"\031os\306\322\331\314\326m\375\321\271\344\233\007"
 4483      D2D9CCD6 
 4483      6DFDD1B9 
 4483      E49B07
 4484 0286 2300C300 		.ascii	"#\000\303\000CZc\255\274Pw\200\325\206!Ov\032\232\225"
 4484      435A63AD 
 4484      BC507780 
 4484      D586214F 
 4484      761A9A95 
 4485 029a 6753458A 		.ascii	"gSE\212\362\344$\324\324L\204|\302|\300\233\304 \260"
 4485      F2E424D4 
 4485      D44C847C 
 4485      C27CC09B 
 4485      C420B0
 4486 02ad C5005007 		.ascii	"\305\000P\007F\200\0060\341\253\321\314\026v\361\230"
 4486      46800630 
 4486      E1ABD1CC 
 4486      1676F198 
 4487 02bd AC6C17C7 		.ascii	"\254l\027\307\026B\212(\273A\025\021\224fB\366SA}\361"
 4487      16428A28 
 4487      BB411511 
ARM GAS  C:\Users\nello\AppData\Local\Temp\cc46pQ2n.s 			page 162


 4487      946642F6 
 4487      53417DF1 
 4488 02d1 E2CB3FA0 		.ascii	"\342\313?\240\014O=X\310\237%9\354\021~Z4PV\01282\334"
 4488      0C4F3D58 
 4488      C89F2539 
 4488      EC117E5A 
 4488      3450560A 
 4489 02e8 18EEB570 		.ascii	"\030\356\265pT\370\227\3123\3437^\307Q\340\346\236\361"
 4489      54F897CA 
 4489      33E3375E 
 4489      C751E0E6 
 4489      9EF1
 4490 02fa 43C0EC05 		.ascii	"C\300\354\0056\034\020v\213RX\305a\317K\317\014\036"
 4490      361C1076 
 4490      8B5258C5 
 4490      61CF4BCF 
 4490      0C1E
 4491 030c 019C130E 		.ascii	"\001\234\023\016;;h\201\277\200<\204\202\245,\231\006"
 4491      3B3B6881 
 4491      BF803C84 
 4491      82A52C99 
 4491      06
 4492 031d 76FB2E69 		.ascii	"v\373.i\243{\314~j\306\255\310\356\370{@\360\011\367"
 4492      A37BCC7E 
 4492      6AC6ADC8 
 4492      EEF87B40 
 4492      F009F7
 4493 0330 01FEE6C3 		.ascii	"\001\376\346\303\260\344*\377n\341\037\037\250Q\036"
 4493      B0E42AFF 
 4493      6EE11F1F 
 4493      A8511E
 4494 033f 9DA8EC1E 		.ascii	"\235\250\354\0367\0236\214\214w\374i\321\343\336e<\302"
 4494      3713368C 
 4494      8C77FC69 
 4494      D1E3DE65 
 4494      3CC2
 4495 0351 93DE37B8 		.ascii	"\223\3367\270\345\350\261\261\026\013\326\217\213\370"
 4495      E5E8B1B1 
 4495      160BD68F 
 4495      8BF8
 4496 035f B1F671B0 		.ascii	"\261\366q\260\034p\354\324\374\202Z\012\365\215M\314"
 4496      1C70ECD4 
 4496      FC825A0A 
 4496      F58D4DCC 
 4497 036f DCAF9ABB 		.ascii	"\334\257\232\273\202\026\270\011\344\021x\253\222\253"
 4497      8216B809 
 4497      E41178AB 
 4497      92AB
 4498 037d A9B51004 		.ascii	"\251\265\020\004?\265V\3208\366\335O\343x\330\252cc"
 4498      3FB556D0 
 4498      38F6DD4F 
 4498      E378D8AA 
 4498      6363
 4499 038f 1F2229DE 		.ascii	"\037\")\336\277\210\340^\007G\027\252i\017i&\334\016"
 4499      BF88E05E 
 4499      074717AA 
 4499      690F6926 
ARM GAS  C:\Users\nello\AppData\Local\Temp\cc46pQ2n.s 			page 163


 4499      DC0E
 4500 03a1 E3D6A06E 		.ascii	"\343\326\240nGpk\344\301\276?~\250\022\313xG\015V\203"
 4500      47706BE4 
 4500      C1BE3F7E 
 4500      A812CB78 
 4500      470D5683 
 4501 03b5 85B80B64 		.ascii	"\205\270\013d\024\274\025{\332\205jjFg\346\304\015m"
 4501      14BC157B 
 4501      DA856A6A 
 4501      4667E6C4 
 4501      0D6D
 4502 03c7 5F565313 		.ascii	"_VS\023\372i\206\206\275\301\347k\252\251\205\033\315"
 4502      FA698686 
 4502      BDC1E76B 
 4502      AAA9851B 
 4502      CD
 4503 03d8 5CC7D153 		.ascii	"\\\307\321Sc-qL\310P\244\352\303\221\315\010nF\241\340"
 4503      632D714C 
 4503      C850A4EA 
 4503      C391CD08 
 4503      6E46A1E0 
 4504 03ec D95E8C8C 		.ascii	"\331^\214\214\377\026Lh\267\255\232\012\205`\364\323"
 4504      FF164C68 
 4504      B7AD9A0A 
 4504      8560F4D3 
 4505 03fc 3915740E 		.ascii	"9\025t\016!\325\352\017\035\216\212\237\316%\367\241"
 4505      21D5EA0F 
 4505      1D8E8A9F 
 4505      CE25F7A1 
 4506 040c F07E6011 		.ascii	"\360~`\021\"T\033\341\177\373)=\214?\2534:\024\207G"
 4506      22541BE1 
 4506      7FFB293D 
 4506      8C3FAB34 
 4506      3A148747 
 4507 0420 57A8FC57 		.ascii	"W\250\374Wby\206t\3115\014T\000\336\201j%\007,pUK\256"
 4507      62798674 
 4507      C9350C54 
 4507      00DE816A 
 4507      25072C70 
 4508 0437 0731713C 		.ascii	"\0071q<\027\253\252<0\326be\312\257D\004\207\"\233N"
 4508      17ABAA3C 
 4508      30D66265 
 4508      CAAF4404 
 4508      87229B4E 
 4509 044b 06E574B5 		.ascii	"\006\345t\265\277N\372\260V]*\335\001\244\353\346\333"
 4509      BF4EFAB0 
 4509      565D2ADD 
 4509      01A4EBE6 
 4509      DB
 4510 045c A5D165B8 		.ascii	"\245\321e\270t1K\254*\231\360>\315\253\240s\031\234"
 4510      74314BAC 
 4510      2A99F03E 
 4510      CDABA073 
 4510      199C
 4511 046e A5F01A60 		.ascii	"\245\360\032`1\343\374t>OC\324\317\266.|\247:9\303G"
 4511      31E3FC74 
 4511      3E4F43D4 
ARM GAS  C:\Users\nello\AppData\Local\Temp\cc46pQ2n.s 			page 164


 4511      CFB62E7C 
 4511      A73A39C3 
 4512 0483 78FFD894 		.ascii	"x\377\330\224\227\261\220\347\325\220\225}\007\265\357"
 4512      97B190E7 
 4512      D590957D 
 4512      07B5EF
 4513 0492 353E75AE 		.ascii	"5>u\256\032\373^T\320\375\246v\016&\3319h\326\264\206"
 4513      1AFB5E54 
 4513      D0FDA676 
 4513      0E26D939 
 4513      68D6B486 
 4514 04a6 A3E720A0 		.ascii	"\243\347 \240\235\003\242?\007\027c\347\340\222\376"
 4514      9D03A23F 
 4514      071763E7 
 4514      E092FE
 4515 04b5 1C68131F 		.ascii	"\034h\023\037\346\263\257\037\363\2220\216y@\033\363"
 4515      E6B3AF1F 
 4515      F392308E 
 4515      79401BF3 
 4516 04c5 2A6F988D 		.ascii	"*o\230\215\037\031\207\0026\243F\326\251\"\012j\212"
 4516      1F198702 
 4516      36A346D6 
 4516      A9220A6A 
 4516      8A
 4517 04d6 05CDEC35 		.ascii	"\005\315\35451\345\375\315)Y\256\255\2564O^\246\313"
 4517      31E5FDCD 
 4517      2959AEAD 
 4517      AE344F5E 
 4517      A6CB
 4518 04e8 BDF973B7 		.ascii	"\275\371s\267\264]\316\315p8\267\344\311Ni\363GN\331"
 4518      B45DCECD 
 4518      7038B7E4 
 4518      C94E69F3 
 4518      474ED9
 4519 04fb 93273937 		.ascii	"\223'97\272\267\271\034\371\357\222\025IIv\374w0\007"
 4519      BAB7B91C 
 4519      F9EF9215 
 4519      494976FC 
 4519      773007
 4520 050e B7FCCEEA 		.ascii	"\267\374\316\352\325\253\355n\331.y\354\262\344@\253"
 4520      D5ABED6E 
 4520      D92E79EC 
 4520      B2E440AB 
 4521 051e 274B7266 		.ascii	"'Krfd\312I\016\"\346J\316\374x\235%i\335{\311\311\031"
 4521      64CA490E 
 4521      22E64ACE 
 4521      FC789D25 
 4521      69DD7BC9 
 4522 0534 CEADAB88 		.ascii	"\316\255\253\210\230\343\374\302#z\\\331\316\227\262"
 4522      98E3FCC2 
 4522      237A5CD9 
 4522      CE97B2
 4523 0543 B9721C3B 		.ascii	"\271r\034;\3622\235\370E\336)'e\021\323\326\014\331"
 4523      F2329DF8 
 4523      45DE2927 
 4523      6511D3D6 
 4523      0CD9
ARM GAS  C:\Users\nello\AppData\Local\Temp\cc46pQ2n.s 			page 165


 4524 0555 F989E44A 		.ascii	"\371\211\344J\231\321\301\341\316\316v\347\330\221\325"
 4524      99D1C1E1 
 4524      CECE76E7 
 4524      D891D5
 4525 0564 BE7E53AA 		.ascii	"\276~S\252=%5mC\232=\305-9\355\033\"<\331\262K\336\262"
 4525      3D25356D 
 4525      439A3DC5 
 4525      2D39ED1B 
 4525      223CD9B2 
 4526 057b CDE140AE 		.ascii	"\315\341@\256\265\377\307\221\353\226<2c\311_\233\230"
 4526      B5FFC791 
 4526      EB963C32 
 4526      63C95F9B 
 4526      98
 4527 058c 9AB87EE3 		.ascii	"\232\270~\343\247\210s \023\372\031dO\206\344Y\371j"
 4527      A7887320 
 4527      13FA1964 
 4527      4F86E459 
 4527      F96A
 4528 059e C92C33C4 		.ascii	"\311,3\304SgN\246\301\343rl\227\023f\341\243\225)\213"
 4528      53674EA6 
 4528      C1E3726C 
 4528      971366E1 
 4528      A395298B 
 4529 05b2 2C7F3538 		.ascii	",\17758\337\203\270\371\251i\233l\254,\271\222+\301"
 4529      DF83B8F9 
 4529      A9699B6C 
 4529      AC2CB992 
 4529      2BC1
 4530 05c4 B66C1511 		.ascii	"\266l\025\021$b\312vf\273\245\235d\315\214\034Y\031"
 4530      2462CA76 
 4530      66BBA59D 
 4530      64CD8C1C 
 4530      5919
 4531 05d6 3BF0818B 		.ascii	";\360\201\213\344I\314q\355\3202\333\302\344JH\370\037"
 4531      E449CC71 
 4531      EDD032DB 
 4531      C2E44A48 
 4531      F81F
 4532 05e8 DC45ABCD 		.ascii	"\334E\253\315"
 4533              		.text
 4534              		.section	.gnu.lto_chThdYield.352.6c44ca83,"e",%progbits
 4535 0000 789C8D52 		.ascii	"x\234\215R]H\024Q\024\276g\356\376\350C\020D!\005\261"
 4535      5D481451 
 4535      14BE67EE 
 4535      FEE84310 
 4535      442105B1 
 4536 0014 1A5281EE 		.ascii	"\032R\201\356ha\222O\311>\204\240\020\332\243 \3538"
 4536      6861924F 
 4536      C93E84A0 
 4536      10DAA320 
 4536      EB38
 4537 0026 E850EBC8 		.ascii	"\350P\353\310\314\256\345\223\323\332\017\010\262\251"
 4537      CCAEE593 
 4537      D3DA0F08 
 4537      B2A9
 4538 0034 51A2DB86 		.ascii	"Q\242\333\206\260\017!\204\012\345jj\216nYA\024\224"
ARM GAS  C:\Users\nello\AppData\Local\Temp\cc46pQ2n.s 			page 166


 4538      B00F2184 
 4538      0AE56A6A 
 4538      8E6E5941 
 4538      1494
 4539 0046 46692548 		.ascii	"Fi%HB\365P\266\233\344CT\347\336]w\367\241\242a~\356"
 4539      42F550B6 
 4539      9BE44354 
 4539      E7DE5D77 
 4539      F7A1A261 
 4540 005c F9EE39DF 		.ascii	"\371\3569\337\371\276{\246\214\022R\012\204\354#\204"
 4540      F9BE7BA6 
 4540      8C12520A 
 4540      84EC2384 
 4541 006c 0025D0D3 		.ascii	"\000%\320\323\335)\020\3030\216\331\0058\327\335\231"
 4541      DD2910C3 
 4541      308ED905 
 4541      38D7DD99 
 4542 007c 0D778047 		.ascii	"\015w\200G@\332\005h\207^z\020\303\315\013\375C\221"
 4542      40DA0568 
 4542      875E7A10 
 4542      C3CD0BFD 
 4542      4391
 4543 008e 1CE3A609 		.ascii	"\034\343\246\011a,\017\341\223\274l\311H\010R\340k\200"
 4543      612C0FE1 
 4543      93BC6CC9 
 4543      480852E0 
 4543      6B80
 4544 00a0 31202CC0 		.ascii	"1 ,\300\252\361\227\0036\202|!*lA\301\211\350\033\304"
 4544      AAF19703 
 4544      36827C21 
 4544      2A6C41C1 
 4544      89E81BC4 
 4545 00b4 22885186 		.ascii	"\"\210Q\206\365\3200\226X\222+\001\034\270\242~\316"
 4545      F5D03096 
 4545      58922B01 
 4545      1CB8A27E 
 4545      CE
 4546 00c5 B0DFC4BE 		.ascii	"\260\337\304\276\267;\227\237\355\016\032\246%L)L\002"
 4546      B73B979F 
 4546      ED0E1AA6 
 4546      254C294C 
 4546      02
 4547 00d6 E3BF0B30 		.ascii	"\343\277\0130\001\004\246P\012}\012S{15\237\245\366"
 4547      0104A650 
 4547      0A7D0A53 
 4547      7B31359F 
 4547      A5F6
 4548 00e8 0506260A 		.ascii	"\005\006&\012\242\035\306##\225L\322\311\250qK\325b"
 4548      A21DC623 
 4548      23954CD2 
 4548      C9A8714B 
 4548      D562
 4549 00fa D006D308 		.ascii	"\320\006\323\010\2163:\346\000\356e\252\016~\030\177"
 4549      8E333AE6 
 4549      00EE65AA 
 4549      0E7E187F 
 4550 010a 0B09D996 		.ascii	"\013\011\331\226\264\354\216\015\224m\"f%\351\2063\377"
ARM GAS  C:\Users\nello\AppData\Local\Temp\cc46pQ2n.s 			page 167


 4550      B4EC8E0D 
 4550      946D2266 
 4550      25E98633 
 4550      FF
 4551 011b D570F33D 		.ascii	"\325p\363=6\234Cp6\3250\312\033\262\234\341\347V\323"
 4551      369C4370 
 4551      36D530CA 
 4551      1BB29CE1 
 4551      E756D3
 4552 012e F8F12B60 		.ascii	"\370\361+`\230\227\266\015E\246\276\016G,VB\002\224"
 4552      9897B60D 
 4552      45A6BE0E 
 4552      472C5642 
 4552      0294
 4553 0140 8DC4B080 		.ascii	"\215\304\260\200a\022r\231\012\211\240\003\203O`\254"
 4553      61127299 
 4553      0A89A003 
 4553      834F60AC 
 4554 0150 BEFE9CC3 		.ascii	"\276\376\234\303\276\361\265\256w\375W\001\017\223\243"
 4554      BEF1B5AE 
 4554      77FD5701 
 4554      0F93A3
 4555 015f F1A56CBE 		.ascii	"\361\245l\276\035\037\015\215\305^\355@{\034^\214\365"
 4555      1D1F0D8D 
 4555      C55EED40 
 4555      7B1C5E8C 
 4555      F5
 4556 0170 01C3FD0E 		.ascii	"\001\303\375\0164\315\016\231B\021O\373xel\345:\240"
 4556      34CD0E99 
 4556      42114FFB 
 4556      78656CE5 
 4556      3AA0
 4557 0182 779E36B9 		.ascii	"w\2366\271\222\0153@\276\200?\217\011\013\262\201\346"
 4557      920D3340 
 4557      BE803F8F 
 4557      090BB281 
 4557      E6
 4558 0193 DE122E66 		.ascii	"\336\022.f\205)\233\216\205\375-\363@\360\013\017\001"
 4558      85299B8E 
 4558      85FD2DF3 
 4558      40F00B0F 
 4558      01
 4559 01a4 1EF0D3CA 		.ascii	"\036\360\323\312\035\341\373V\276\3718\321e}$\264\020"
 4559      1DE1FB56 
 4559      BEF938D1 
 4559      657D24B4 
 4559      10
 4560 01b5 CB22EC80 		.ascii	"\313\"\354\200\031ol\255\353\333R>\357\360}i\027G\006"
 4560      196F6CAD 
 4560      EBDB523E 
 4560      EFF07D69 
 4560      174706
 4561 01c8 5F6CCCB3 		.ascii	"_l\314\263\277\214\254C\207\203\234\007!Lm!\212\247"
 4561      BF8CAC43 
 4561      87839C07 
 4561      214C6D21 
 4561      8AA7
ARM GAS  C:\Users\nello\AppData\Local\Temp\cc46pQ2n.s 			page 168


 4562 01da 12A6769E 		.ascii	"\022\246v\236\370\2469\351\256\177\000\335\231\011}"
 4562      F8A639E9 
 4562      AE7F00DD 
 4562      99097D
 4563 01e9 3796AF25 		.ascii	"7\226\257%\030WG\007\022|\323\313|'/\365Z]\330\223\364"
 4563      18574707 
 4563      127CD3CB 
 4563      7C272FF5 
 4563      5A5DD893 
 4564 01fe FF93F99F 		.ascii	"\377\223\371\237M\024\366\306S\376\347\222\376I\246"
 4564      4D14F6C6 
 4564      53FEE792 
 4564      FE49A6
 4565 020d FF68DAFF 		.ascii	"\377h\332\377\375L\377I\247O\270\347L{=q\264\207\343"
 4565      FD4CFF49 
 4565      A74FB8E7 
 4565      4C7B3D71 
 4565      B487E3
 4566 0220 24310C07 		.ascii	"$1\014\007\343\033\363Y\314\014\273\002\024\022\203"
 4566      E31BF359 
 4566      CC0CBB02 
 4566      141283
 4567 022f F29B2C2C 		.ascii	"\362\233,,t\225\325\272\232\224z\245\306\353kP\324\332"
 4567      7495D5BA 
 4567      9A947AA5 
 4567      C6EB6B50 
 4567      D4DA
 4568 0241 33AA764A 		.ascii	"3\252vJoqKr\235O\227\265\332\343\262\356\365ir\245\332"
 4568      6F714B72 
 4568      9D4F97B5 
 4568      DAE3B2EE 
 4568      F56972A5 
 4569 0256 A848AD87 		.ascii	"\250H\255\207\311\001\247S\304[b\005\252~\250\270\270"
 4569      C901A753 
 4569      C45B6205 
 4569      AA7EA8B8 
 4569      B8
 4570 0267 58547551 		.ascii	"XTuQ\363\212\272&!\352m\322dw\203\356\224\376\236\250"
 4570      F38ABA26 
 4570      21EA6DD2 
 4570      647783EE 
 4570      94FE9EA8 
 4571 027b 344BA77D 		.ascii	"4K\247}\0152\356\350m\272\263\211\330\353\335\272|B"
 4571      0D32EEE8 
 4571      6DBAB389 
 4571      D8EBDDBA 
 4571      7C42
 4572 028d 535C7F2C 		.ascii	"S\\\177,\220T\217Gm\026\345\263^\261\274\272JtU\325"
 4572      90548F47 
 4572      6D16E5B3 
 4572      5EB1BCBA 
 4572      4A7455D5 
 4573 02a1 54D4882E 		.ascii	"T\324\210.U\223\305\212-\036\217\256\350u\215\222\204"
 4573      5593C58A 
 4573      2D1E8FAE 
 4573      E8758D92 
 4573      84
ARM GAS  C:\Users\nello\AppData\Local\Temp\cc46pQ2n.s 			page 169


 4574 02b2 5C3B3314 		.ascii	"\\;3\0248\217\036))q\313\365E\244\364_\314-\252\346"
 4574      388F1E29 
 4574      2971CBF5 
 4574      45A4F45F 
 4574      CC2DAAE6 
 4575 02c6 D519776B 		.ascii	"\325\031wkiaUay\345I\314\223\220\037\331\266W\325T;"
 4575      69615561 
 4575      79E549CC 
 4575      93901FD9 
 4575      B657D554 
 4576 02db 98BA164D 		.ascii	"\230\272\026M)p\344\027\021A#v\217\354Q\2656\362\033"
 4576      2970E417 
 4576      11412376 
 4576      8FEC51B5 
 4576      36F21B
 4577 02ee 0FA180F4 		.ascii	"\017\241\200\364"
 4578              		.text
 4579              		.section	.gnu.lto_chThdSuspendS.353.6c44ca83,"e",%progbits
 4580 0000 789C7552 		.ascii	"x\234uRMHTQ\024>\337\273\317\371)%\002\205\026\022\022"
 4580      4D485451 
 4580      143EDFBB 
 4580      CFF92925 
 4580      02851612 
 4581 0015 940535A3 		.ascii	"\224\0055\243\225A\255\002\027m\202\026\255\002%t|\344"
 4581      9541AD02 
 4581      176D8216 
 4581      AD022574 
 4581      7CE4
 4582 0027 50F486F7 		.ascii	"P\364\206\367fj\351m\264\026n&\215\202L\205\206A\306"
 4582      666AE96D 
 4582      B4166E26 
 4582      8D824C85 
 4582      8641C6
 4583 003a 55118963 		.ascii	"U\021\211ci3fDe?b \344B\313M\326\302\206\012*\010\352"
 4583      69336644 
 4583      653F6220 
 4583      E442CB4D 
 4583      D6C2860A 
 4584 0051 DCF7267D 		.ascii	"\334\367&}\025\302\314\235{\317\371\316w\276\363\315"
 4584      15C2CC9D 
 4584      7BCFF9CE 
 4584      77BEF3CD 
 4585 0061 69104469 		.ascii	"i\020Di\"\332\301_\010BoO\267FR\312\303~\015\027z\272"
 4585      22DAC15F 
 4585      08426F4F 
 4585      B74652CA 
 4585      C37E0D17 
 4586 0077 DF4F741E 		.ascii	"\337Ot\036\303}8\001P\207\206\016\\\021\375\002\275"
 4586      C37D3801 
 4586      5087860E 
 4586      5C11FD02 
 4586      BD
 4587 0088 22C360BD 		.ascii	"\"\303`\275t\003jv1\344\373\305\276\351\321\352\376"
 4587      74036A76 
 4587      31E4FBC5 
 4587      BEE9D1EA 
 4587      FE
ARM GAS  C:\Users\nello\AppData\Local\Temp\cc46pQ2n.s 			page 170


 4588 0099 6C41CF08 		.ascii	"lA\317\010\215\006\0310\002\334\0053\023\003\305\011"
 4588      8D061930 
 4588      02DC0533 
 4588      1303C509 
 4589 00a9 AA2D4839 		.ascii	"\252-H9\363&'e\2202B`\024\036\014\007\232_T\272H[\235"
 4589      F3262765 
 4589      90324260 
 4589      141E0C07 
 4589      9A5F54BA 
 4590 00c0 DB195C7C 		.ascii	"\333\031\\|>\372\365-d\257DF\350\030\303_\234\315\363"
 4590      3EFAF52D 
 4590      64AF4446 
 4590      E818C35F 
 4590      9CCDF3
 4591 00d3 953EC23D 		.ascii	"\225>\302=\250ND\032\227\370\210\357\3008T\275\217\025"
 4591      A84E441A 
 4591      97F888EF 
 4591      C03854BD 
 4591      8F15
 4592 00e5 65AB88D5 		.ascii	"e\253\210\325s\2148\205\011o*\267rc\2777\231w\222\212"
 4592      738C3885 
 4592      096F2AB7 
 4592      7263BF37 
 4592      9977928A 
 4593 00f9 F8D66C59 		.ascii	"\370\326lYA\376\374\225\222rq\034\357\246\277-l\016"
 4593      41FEFC95 
 4593      9272711C 
 4593      EFA6BF2D 
 4593      6C0E
 4594 010b 6A2C4F67 		.ascii	"j,Og\346\034\374\352\026 5 \245\204rJ\352\220\005\242"
 4594      E61CFCEA 
 4594      16203520 
 4594      A584724A 
 4594      EA9005A2 
 4595 011f CB42731F 		.ascii	"\313Bs\037\235\374\370\010\271t\375\323\026\365\373"
 4595      9DFCF808 
 4595      B974FDD3 
 4595      16F5FB
 4596 012e 652C353F 		.ascii	"e,5?\327\017n\356D\027\347\202x\000ZAr|\270\"-\264\222"
 4596      D70F6EEE 
 4596      4417E782 
 4596      78005A41 
 4596      727CB822 
 4597 0145 83658EAE 		.ascii	"\203e\216\256.h|\315\012\307\205!p\027\037\036\002\223"
 4597      2E687CCD 
 4597      0AC78521 
 4597      70171F1E 
 4597      0293
 4598 0157 4EB28ED9 		.ascii	"N\262\216\331\003\031\341\307\024\006\2043M)\242\343"
 4598      0319E1C7 
 4598      14068433 
 4598      4D29A2E3 
 4599 0167 1147406E 		.ascii	"\021G@n\213d\361\346\324\217KW\301\243\2617\334\301"
 4599      8B64F1E6 
 4599      D48F4B57 
 4599      C1A3B137 
 4599      DCC1
ARM GAS  C:\Users\nello\AppData\Local\Temp\cc46pQ2n.s 			page 171


 4600 0179 693BE08A 		.ascii	"i;\340\212\331\266z,\3356\225\210k\303\345%\005L0\244"
 4600      D9B67A2C 
 4600      DD369588 
 4600      6BC3E525 
 4600      054C30A4 
 4601 018d FEE765B6 		.ascii	"\376\347e\266:\220\346\347c\320\237\352;\016\266\357"
 4601      3A90E6E7 
 4601      63D09FEA 
 4601      3B0EB6EF 
 4602 019d C3A61256 		.ascii	"\303\246\022V\207+P\301Yq\220qx\342\025\271\001OY\022"
 4602      872B50C1 
 4602      59719071 
 4602      78E215B9 
 4602      014F5912 
 4603 01b1 5BA4DED9 		.ascii	"[\244\336\331r\305\376\214\003j\327\370P\224#,\250\210"
 4603      72C5FE8C 
 4603      036AD7F8 
 4603      5094232C 
 4603      A888
 4604 01c3 AE1A7266 		.ascii	"\256\032rf\3368\250\300\212\272\034|T8\220\234\351\365"
 4604      DE38A8C0 
 4604      8ABA1C7C 
 4604      5438909C 
 4604      E9F5
 4605 01d5 2FBFE65F 		.ascii	"/\277\346_a\315?\377:\256\275\374\317\265W\256k\371"
 4605      61CD3FFF 
 4605      3AAEBDFC 
 4605      CFB557AE 
 4605      6BF9
 4606 01e7 35D7665C 		.ascii	"5\327f\\\327\362.\333\304rqa\262\226]K\213\300\352p"
 4606      D7F22EDB 
 4606      C4727161 
 4606      B2965D4B 
 4606      8BC0EA70 
 4607 01fb D5CE70FE 		.ascii	"\325\316p\376\177\207\233\365\014\267\225W\001\2579"
 4607      7F879BF5 
 4607      0CB79557 
 4607      01AF39
 4608 020a A0F3EA7C 		.ascii	"\240\363\352|F\262\206\353\325v\246\004\334}H\026\324"
 4608      46B286EB 
 4608      D576A604 
 4608      DC7D4816 
 4608      D4
 4609 021b 734FE3A1 		.ascii	"sO\343\241\246\306\366hk\364x<\321\0265\233\316\233"
 4609      A6C6F668 
 4609      6BF4783C 
 4609      D116359B 
 4609      CE9B
 4610 022d D6693BD6 		.ascii	"\326i;\326\0221N&l\303j:b\330\361\204e\0345OE#\347\366"
 4610      12314E26 
 4610      6CC36A3A 
 4610      62D8F184 
 4610      651C354F 
 4611 0245 D1CE5028 		.ascii	"\321\316P(\314\237\210*0\355\275\365\365\365a\323\016"
 4611      CC9F882A 
 4611      30EDBDF5 
 4611      F5F561D3 
ARM GAS  C:\Users\nello\AppData\Local\Temp\cc46pQ2n.s 			page 172


 4611      0E
 4612 0256 5BF1B06D 		.ascii	"[\361\260mE8\032o\267\214\2266;\024!\021\267bU\236@"
 4612      45381A6F 
 4612      B78C9636 
 4612      3B142111 
 4612      B762559E 
 4613 026b E8E08186 		.ascii	"\350\340\201\206\206\026\243\265\216\264xl\367z,\321"
 4613      8616A3B5 
 4613      8EB4786C 
 4613      F77A2CD1 
 4614 027b B3913389 		.ascii	"\263\2213\2116\303\303\324N\277\001\23363Z"
 4614      36C3C3D4 
 4614      4EBF019B 
 4614      36335A
 4615              		.text
 4616              		.section	.gnu.lto_chThdSuspendTimeoutS.354.6c44ca83,"e",%progbits
 4617 0000 789C7552 		.ascii	"x\234uRMHTQ\024\276\337\273o\336\314\224\243V\012\021"
 4617      4D485451 
 4617      14BEDFBB 
 4617      6FDECC94 
 4617      A3560A11 
 4618 0014 2D24880A 		.ascii	"-$\210\012jF\013\003\205@p\341\246]\253@\011\035\037"
 4618      6A460B03 
 4618      854070E1 
 4618      A65DAB40 
 4618      091D1F
 4619 0027 39F433F2 		.ascii	"9\3643\362\336\233Z\264\360632\240\240\215\366\247M"
 4619      DE9B5AB4 
 4619      F0363332 
 4619      A0A08DF6 
 4619      A74D
 4620 0039 430D838C 		.ascii	"C\015\203\214mZL\241\226\326\224-\224\224\244\205A\233"
 4620      6D5A4CA1 
 4620      96D6942D 
 4620      9494A485 
 4620      419B
 4621 004b C245680B 		.ascii	"\302Eh\013\021\013\264\020\352\3347j\343\"\2309\357"
 4621      110BB410 
 4621      EADC376A 
 4621      E3229839 
 4621      EF
 4622 005c BE73BE73 		.ascii	"\276s\276s\276\357|\367\325r\306\2360\306\032\350\017"
 4622      BEEF7CF7 
 4622      D572C69E 
 4622      30C61AE8 
 4622      0F
 4623 006d 07435FBC 		.ascii	"\007C_\274KaB\210:\247\242D\343\335\012&0;\220\325\324"
 4623      4B614288 
 4623      3AA7A244 
 4623      E3DD0A26 
 4623      303B90D5 
 4624 0082 48BC38FB 		.ascii	"H\2748\373m\246F\345\270\035\357Z\233\236\324l\214\212"
 4624      6DA646E5 
 4624      B81DEF5A 
 4624      9B9ED46C 
 4624      8C8A
 4625 0094 9BDB78B0 		.ascii	"\233\333x\260\016\205\253\350@?Op\364\3614gP7O@\305"
ARM GAS  C:\Users\nello\AppData\Local\Temp\cc46pQ2n.s 			page 173


 4625      0E85ABE8 
 4625      403F4F70 
 4625      F4F13467 
 4625      50374F40 
 4626 00a9 3102AD77 		.ascii	"1\002\255w\016v\215\035Ldrj\232+,I\200\347\3003\020"
 4626      0E768D1D 
 4626      4C64726A 
 4626      9A2B2C49 
 4626      80E7C033 
 4627 00be 3523203F 		.ascii	"5# ?\317\216\344\204\230[\034\025\302\315\322\234c\004"
 4627      CF8EE484 
 4627      985B1C15 
 4627      C2CDD29C 
 4627      6304
 4628 00d0 05184A34 		.ascii	"\005\030J4\255\355\22383\217\353\216\304D)MR1\266\023"
 4628      ADED9338 
 4628      338FEB8E 
 4628      C444294D 
 4628      5231B613 
 4629 00e4 A73645CB 		.ascii	"\2476E\313\362\023o\310x\230\300+\335c?\277B\364\011"
 4629      F2136FC8 
 4629      7898C02B 
 4629      DD633FBF 
 4629      42F409
 4630 00f7 A4B9032F 		.ascii	"\244\271\003/\261\203\273)^\2461\214C*\"\027\250Ect"
 4630      B183BB29 
 4630      5EA6318C 
 4630      432A2217 
 4630      A8456374 
 4631 010b 065E41F6 		.ascii	"\006^A\366\313U3\345\214\234\240\034\243\022^\333%\331"
 4631      CB5533E5 
 4631      8C9CA01C 
 4631      A3125EDB 
 4631      25D9
 4632 011d FBF4A323 		.ascii	"\373\364\243#'6\376\364\012\361i\012o\262\353\037\022"
 4632      2736FEF4 
 4632      0AF1690A 
 4632      6FB2EB1F 
 4632      12
 4633 012e 4A314882 		.ascii	"J1H\202\242Rp8(h\032\005\247S\006\027\360\002n`\024"
 4633      A2527038 
 4633      28681A05 
 4633      A7530617 
 4633      F0026E60 
 4634 0143 1E0961AC 		.ascii	"\036\011a\254\227K\353\204\012\221c\354\026W\362/\021"
 4634      974BEB84 
 4634      0A9163EC 
 4634      1657F22F 
 4634      11
 4635 0154 7AF90EB1 		.ascii	"z\371\016\261po\365>\210T\236\177\374\352\375<\237\000"
 4635      706FF53E 
 4635      88549E7F 
 4635      FCEAFD3C 
 4635      9F00
 4636 0166 11DB952F 		.ascii	"\021\333\225/\363n\344\300\226\021\036\037\366\244\370"
 4636      F36EE4C0 
 4636      96111E1F 
ARM GAS  C:\Users\nello\AppData\Local\Temp\cc46pQ2n.s 			page 174


 4636      F6A4F8
 4637 0175 96CB2E5B 		.ascii	"\226\313.[n\024\012\0353\334v`H\212q\343-\360\306.V"
 4637      6E140A1D 
 4637      33DC7660 
 4637      488A71E3 
 4637      2DF0C62E 
 4638 018a 12832BCD 		.ascii	"\022\203+\315wa\022\017\271\275\311f\306\201w\224\001"
 4638      7761120F 
 4638      B9BDC966 
 4638      C6817794 
 4638      01
 4639 019b CB538457 		.ascii	"\313S\204W\036g\343\261;\222\236|!\006\233\366\301\352"
 4639      1E67E3B1 
 4639      3B929E7C 
 4639      21069BF6 
 4639      C1EA
 4640 01ad 7EF93CB4 		.ascii	"~\371<\264\035\026\222\006\211\210\314\305\316\244\270"
 4640      1D169206 
 4640      8988CCC5 
 4640      CEA4B8
 4641 01bc 23C55D52 		.ascii	"#\305]R\204J\266\220\260\215\030\265i\224f+\350\254"
 4641      844AB690 
 4641      B08D18B5 
 4641      6994662B 
 4641      E8AC
 4642 01ce 48716714 		.ascii	"Hqg\024Z\232\357N\312\265\251 \221N\251\255\210-!\272"
 4642      5A9AEF4E 
 4642      CAB5A920 
 4642      914EA9AD 
 4642      882D21BA 
 4643 01e2 34798010 		.ascii	"4y\200\020\230\262o\203\214\340\003\364\255\361m#F\210"
 4643      98B26F83 
 4643      8CE003F4 
 4643      ADF16D23 
 4643      4688
 4644 01f4 9746DE1D 		.ascii	"\227F\336\035.\332\\\224t\016\201t/\322m\322\376nL\203"
 4644      2EDA5C94 
 4644      740E8174 
 4644      2FD26DD2 
 4644      FE6E4C83 
 4645 0208 6D891C95 		.ascii	"m\211\034\225\222\302\203K%\233X\007\362>H8\031SL8\274"
 4645      92C2834B 
 4645      259B5807 
 4645      F23E4838 
 4645      19534C38 
 4646 021d 2FF4A204 		.ascii	"/\364\242\0043\2649\311\222\357\231\"9}\226\022\\\352"
 4646      33B439C9 
 4646      92EF9922 
 4646      397D9612 
 4646      5CEA
 4647 022f 74DB2327 		.ascii	"t\333#'\210\237\266xT\235\342\036\333\335\322\244,\313"
 4647      889FB678 
 4647      549DE21E 
 4647      DBDDD2A4 
 4647      2CCB
 4648 0241 E97BC069 		.ascii	"\351{\300i\3574\337k\353V\377]\340*\302u4@n\364\033"
 4648      EF34DF6B 
ARM GAS  C:\Users\nello\AppData\Local\Temp\cc46pQ2n.s 			page 175


 4648      EB56FF5D 
 4648      E02AC275 
 4648      34406EF4 
 4649 0256 B610051D 		.ascii	"\266\020\005\035JO\177\254G\232J\203\370r\177\314C_"
 4649      4A4F7FAC 
 4649      479A4A83 
 4649      F8727FCC 
 4649      435F
 4650 0268 00F23DE1 		.ascii	"\000\362=\341\234\\\375D}mc}[\240%p\316\012\265\006"
 4650      9C5CFD44 
 4650      7D6D637D 
 4650      5BA02570 
 4650      CE0AB506 
 4651 027c 828DD783 		.ascii	"\202\215\327\203\306%\263\275\331\257_\010\231\272\321"
 4651      C625B3BD 
 4651      D9AF5F08 
 4651      99BAD1
 4652 028b D8A09B56 		.ascii	"\330\240\233V\310\320\317\006/\006\374\327N\261\243"
 4652      C8D0CF06 
 4652      2F06FCD7 
 4652      4EB1A3
 4653 029a 5EAF8F7E 		.ascii	"^\257\217~~\331\0204OVUU\371\202\246\317\260|\246\341"
 4653      7ED91034 
 4653      4F565555 
 4653      F982A6CF 
 4653      B07CA6E1 
 4654 02ae A7ACD566 		.ascii	"\247\254\325f\350\315\255\246\327\317\270e\264\227\027"
 4654      E8CDADA6 
 4654      D7CFB865 
 4654      B49717
 4655 02bd 24BC35A7 		.ascii	"$\2745\247\253\253\233\365\226J\346\264\002W\364`\310"
 4655      ABAB9BF5 
 4655      964AE6B4 
 4655      0257F460 
 4655      C8
 4656 02ce 52ACF6E3 		.ascii	"R\254\366\343\377\233\026\270\352\277\034j\325\013&"
 4656      FF9B16B8 
 4656      EABF1C6A 
 4656      D50B26
 4657 02dd B6B1BF35 		.ascii	"\266\261\2775)<\344"
 4657      293CE4
 4658              		.text
 4659              		.section	.gnu.lto_chThdResumeI.355.6c44ca83,"e",%progbits
 4660 0000 789C5550 		.ascii	"x\234UPQHSa\024>\337\375\357\246\013\014b\010\022\004"
 4660      51485361 
 4660      143EDFFD 
 4660      EFA60B0C 
 4660      62081204 
 4661 0014 2184F6D0 		.ascii	"!\204\366\320\346\012\003\203(\362\301\227\336z\012"
 4661      E60A0383 
 4661      28F2C197 
 4661      DE7A0A
 4662 0023 3662CEA1 		.ascii	"6b\316\241#b\343\336\273\244'\177\327\202\320`nI\224"
 4662      2362E3DE 
 4662      BBA4277F 
 4662      D782D060 
 4662      6E4994
ARM GAS  C:\Users\nello\AppData\Local\Temp\cc46pQ2n.s 			page 176


 4663 0036 A8D818B1 		.ascii	"\250\330\030\261\236z\311r\255lb=I$\275T/%\023\"}\010"
 4663      9E7AC972 
 4663      AD6C623D 
 4663      4924BD54 
 4663      2F251322 
 4664 004c 9B2F4146 		.ascii	"\233/AF\235\377\336\261\331\317\375\357=\347\273\337"
 4664      9DFFDEB1 
 4664      D9CFFDEF 
 4664      3DE7BBDF 
 4665 005c 39DF39DF 		.ascii	"9\3379\337\005\215\350\006\021\015\360\205\213\220\313"
 4665      058DE806 
 4665      110DF085 
 4665      8B90CB
 4666 006b 4E6824A5 		.ascii	"Nh$\245<\337\242i7\263\223\032\312X{8\333\251\247\263"
 4666      3CDFA269 
 4666      37B3931A 
 4666      CA587B38 
 4666      DBA9A7B3 
 4667 007f 0717BF6C 		.ascii	"\007\027\277l\036\321\005\246\033\014\035\343\331\011"
 4667      1ED105A6 
 4667      1B0C1DE3 
 4667      D909
 4668 008d 0F33EC0C 		.ascii	"\0173\354\0144\246\011\035c\270+\2163\360\353\326L\271"
 4668      34A6091D 
 4668      63B82B8E 
 4668      33F0EBD6 
 4668      4CB9
 4669 009f D4218B15 		.ascii	"\324!\213\025\024\004\321<_\373\314\012\344DA\000z="
 4669      1404D13C 
 4669      5FFBCC0A 
 4669      E4444100 
 4669      7A3D
 4670 00b1 D2709423 		.ascii	"\322p\224#q\231\272*R\256\277_\222\322C\005!\360\034"
 4670      7199BA2A 
 4670      52AEBF5F 
 4670      92D24305 
 4670      21F01C
 4671 00c4 5C8367C0 		.ascii	"\\\203g\300\"H\001\241\247^\3053\251\213\233\257o\327"
 4671      224801A1 
 4671      A75EC533 
 4671      A98B9BAF 
 4671      6FD7
 4672 00d6 793A4AFF 		.ascii	"y:J\377\363\364\320\212\227\310]W\204*\031U\242\307"
 4672      F3F4D08A 
 4672      97C85D57 
 4672      842A1955 
 4672      A2C7
 4673 00e8 B8FBCE72 		.ascii	"\270\373\316rio\0032'y$\027^\356/$\012}\362\272\011"
 4673      696F0332 
 4673      27792417 
 4673      5EEE2F24 
 4673      0A7DF2BA 
 4674 00fd AF40BC0F 		.ascii	"\257@\274\017\205>z\025\370\344\203\253\"\367\376f\244"
 4674      853E7A15 
 4674      F8E483AB 
 4674      22F7FE66 
 4674      A4
ARM GAS  C:\Users\nello\AppData\Local\Temp\cc46pQ2n.s 			page 177


 4675 010e FCBA869F 		.ascii	"\374\272\206\237\357\312\337\016y\300\032.\035X\202"
 4675      EFCADF0E 
 4675      79C01A2E 
 4675      1D5882
 4676 011d 1B78C1A4 		.ascii	"\033x\301\244\214PfH\035\262B4%4'\031\347d\033\262\372"
 4676      8C506648 
 4676      1DB24234 
 4676      25342719 
 4676      E7641BB2 
 4677 0132 BBD6413F 		.ascii	"\273\326A?\220\272?y6/P\337X\200\036)\313Z\013\302\235"
 4677      90BA3F79 
 4677      362F50DF 
 4677      58801E29 
 4677      CB5A0BC2 
 4678 0147 E70D5E73 		.ascii	"\347\015^s\227-\244\267V\017\347\035\202\033\216WSB"
 4678      972DA4B7 
 4678      560FE71D 
 4678      821B8E57 
 4678      5342
 4679 0159 7CBE53CD 		.ascii	"|\276S\315j\215n\177jE`\031\034\247\026\316\361\254"
 4679      6A8D6E7F 
 4679      6A456019 
 4679      1CA716CE 
 4679      F1AC
 4680 016b CCB7F1EC 		.ascii	"\314\267\361\354n\267\372v6^\325iS\311\326\212m\266"
 4680      6EB7FA76 
 4680      365ED569 
 4680      53C9D68A 
 4680      6DB6
 4681 017d D277AD29 		.ascii	"\322w\255)\205\025\247\346\236\315\230y\334^\237\312"
 4681      8515A7E6 
 4681      9ECD9879 
 4681      DC5E9FCA 
 4682 018d 05659343 		.ascii	"\005e\223C\347\264\205{c\325\306z\234Y[\361\006s\312"
 4682      E7B4857B 
 4682      63D5C67A 
 4682      9C595BF1 
 4682      0673CA
 4683 01a0 549517DB 		.ascii	"T\225\027\333\224\367o\031\340Y\363\302m\267|\300c\354"
 4683      94F76F19 
 4683      E059F3C2 
 4683      6DB77CC0 
 4683      63EC
 4684 01b2 20BDD047 		.ascii	" \275\320Gi\260\242g\336\371\311n\037\260\267\321\233"
 4684      69B0A267 
 4684      DEF9C96E 
 4684      1FB0B7D1 
 4684      9B
 4685 01c3 DED490DA 		.ascii	"\336\324\220\332\230\333\275\015e\266:\031\201\246\213"
 4685      98DBBD0D 
 4685      65B63A19 
 4685      81A68B
 4686 01d2 4427FACF 		.ascii	"D'\372\317\004\373Gb\203\261KVr(\026\017\216\306\215"
 4686      04FB4762 
 4686      83B14B56 
 4686      7228160F 
 4686      8EC68D
ARM GAS  C:\Users\nello\AppData\Local\Temp\cc46pQ2n.s 			page 178


 4687 01e5 AB66221C 		.ascii	"\253f\"\034\211^I\232Q#8\0205\255\244\021\275\030\037"
 4687      895E499A 
 4687      51233810 
 4687      35ADA411 
 4687      BD181F
 4688 01f8 8E45AE9F 		.ascii	"\216E\256\237\242n\237\317\317OD\025\304\315\223\201"
 4688      A26E9FCF 
 4688      CF4F4415 
 4688      C4CD9381 
 4689 0208 40C01F37 		.ascii	"@\300\0377\375\206\3457\215\010\243\326\210\021\015"
 4689      FD86E537 
 4689      8D08A3D6 
 4689      88110D
 4690 0217 0F99BE08 		.ascii	"\017\231\276\010\011\313H\264\357\003|}\247{{\303\321"
 4690      09CB48B4 
 4690      EF037C7D 
 4690      A77B7BC3 
 4690      D1
 4691 0228 C11E12D7 		.ascii	"\301\036\022\327\314a\315J\374\0034\272\353m"
 4691      CC61CD4A 
 4691      FC0334BA 
 4691      EB6D
 4692              		.text
 4693              		.section	.gnu.lto_chThdResumeS.356.6c44ca83,"e",%progbits
 4694 0000 789C4D50 		.ascii	"x\234MPMh\023Q\020\236og\263M\017\012\266\010E\020J"
 4694      4D681351 
 4694      109E6F67 
 4694      B34D0F0A 
 4694      B6084510 
 4695 0015 415A0F26 		.ascii	"AZ\017&F\251\240 \012=\364\342\315\223\220 i\272\264"
 4695      46A9A020 
 4695      0A3DF4E2 
 4695      CD939020 
 4695      69BAB4
 4696 0028 41246177 		.ascii	"A$awk\361\324\3274\005i\2054\321\203H)\032\202\344\346"
 4696      6BF1D4D7 
 4696      34056985 
 4696      34D18348 
 4696      291A82E4 
 4697 003d A9DAF81B 		.ascii	"\251\332\370\033\361(j\361\"E\320\020\017\332@\245&"
 4697      F1286AF1 
 4697      2245D010 
 4697      0FDA40A5 
 4697      26
 4698 004e 1E540A3A 		.ascii	"\036T\012:\273\011I\036\373vgf\277\237\231\371\013\242"
 4698      BB09491E 
 4698      FB766766 
 4698      BF9F99F9 
 4698      0BA2
 4699 0060 EB44342E 		.ascii	"\353D4.\027>B.\273\244\221R\352|\217\246-d\2275<\305"
 4699      173E422E 
 4699      BBA49152 
 4699      EA7C8FA6 
 4699      2D649735 
 4700 0076 9BFBAB43 		.ascii	"\233\373\253Cz:\273\177\375\363\327\303:\343v\033\241"
 4700      7A3ABB7F 
 4700      FDF3D7C3 
ARM GAS  C:\Users\nello\AppData\Local\Temp\cc46pQ2n.s 			page 179


 4700      3AE3761B 
 4700      A1
 4701 0087 633EBBD4 		.ascii	"c>\273\324+\010/\003\315i\254c\016\267\370\250\024~"
 4701      2B082F03 
 4701      CD69AC63 
 4701      0EB7F8A8 
 4701      147E
 4702 0099 2FDEAD95 		.ascii	"/\336\255\225\006T\261\214\002\023\255\311\365\316*"
 4702      0654B18C 
 4702      0213ADC9 
 4702      F5CE2A
 4703 00a8 23C70506 		.ascii	"#\307\005\006\364V\244aP\"\276D\303e\2456\337o(\325"
 4703      F456A461 
 4703      5022BE44 
 4703      C365A536 
 4703      DF6F28D5 
 4704 00bc 4B05663C 		.ascii	"K\005f<\206p\360\010X\007aCD8R\351s\2216\015\213\374"
 4704      8670F008 
 4704      58076143 
 4704      443852E9 
 4704      7391360D 
 4705 00d2 66AD85D4 		.ascii	"f\255\205\324Q\352F>\021\244\036\331\351#2<W\351\216"
 4705      51EA463E 
 4705      11A41ED9 
 4705      E923323C 
 4705      57E98E
 4706 00e5 E0D2665D 		.ascii	"\340\322f]\353#\342\261\273S\332\253@\345\224 }x\326"
 4706      EB23E2B1 
 4706      BB53DAAB 
 4706      40E59420 
 4706      7D78D6
 4707 00f8 4D7E2ECB 		.ascii	"M~.\313\210\244\373\015/\022&^ \262\320/Ez\370\301W"
 4707      88A4FB0D 
 4707      2F12265E 
 4707      20B2D02F 
 4707      457AF8C1 
 4708 010d 567BFF32 		.ascii	"V{\3772J}|\207\237o\033\337\016\370!\346>\035\322\233"
 4708      4A7D7C87 
 4708      9F6F1BDF 
 4708      0EF821E6 
 4708      3E1DD29B 
 4709 0121 01B125CA 		.ascii	"\001\261%\312\260\273\026\245C\225\211VXk&\363\222\324"
 4709      B0BB16A5 
 4709      43958956 
 4709      586B26F3 
 4709      92D4
 4710 0133 A0AA5B8D 		.ascii	"\240\252[\215\001\372\201\324\235\345\263yFkv\006=p"
 4710      01FA81D4 
 4710      9DE5B379 
 4710      466B7606 
 4710      3D70
 4711 0145 97E72FB0 		.ascii	"\227\347/\260\221\227I^\212\3126\322\333\257\017\345"
 4711      9197495E 
 4711      8ACA36D2 
 4711      DBAF0FE5 
 4712 0155 9B0003CD 		.ascii	"\233\000\003\315\255\2550o\335\254f\265\266\332\247"
 4712      ADAD306F 
ARM GAS  C:\Users\nello\AppData\Local\Temp\cc46pQ2n.s 			page 180


 4712      DDAC66B5 
 4712      B6DAA7
 4713 0164 46D1ED4E 		.ascii	"F\321\355N\342\324\275s\322\255\340\275\372\227\306"
 4713      E2D4BD73 
 4713      D2ADE0BD 
 4713      FA97C6
 4714 0173 88FB1D6A 		.ascii	"\210\373\035j\277\252u\333\265\255\027\367yN\337\265"
 4714      BFAA75DB 
 4714      B5AD17F7 
 4714      794EDFB5 
 4715 0183 8E155E35 		.ascii	"\216\025^59\277l\332\305\342 \245!?{\326D\211D.\317"
 4715      39BF6CDA 
 4715      C5E220A5 
 4715      213F7BD6 
 4715      4489442E 
 4716 0198 4681FD9E 		.ascii	"F\201\375\236\267\336\231\244\216T\345O\343\006\334"
 4716      B7DE99A4 
 4716      8E54E54F 
 4716      E306DC
 4717 01a7 B5BA27C3 		.ascii	"\265\272'\303\350\314Ltl\354Lxl:>\021\277\350\314L\306"
 4717      E8CC4C74 
 4717      6CEC4C78 
 4717      6C3A3E11 
 4717      BFE8CC4C 
 4718 01bc 13E1D984 		.ascii	"\023\341\331\204u\305NFc\346\345\031\333\264\302\343"
 4718      75C54E46 
 4718      63E6E519 
 4718      DBB4C2E3 
 4719 01cc A6EDCC58 		.ascii	"\246\355\314X\346\205\304T<v\355$\215\004\002Ayb.!a"
 4719      E685C454 
 4719      3C76ED24 
 4719      8D040241 
 4719      79622E21 
 4720 01e1 9F088542 		.ascii	"\237\010\205B\301\204\035\264\234\240m\305\244\352L"
 4720      C1841DB4 
 4720      9CA06DC5 
 4720      A4EA4C
 4721 01f0 5B6674D2 		.ascii	"[ft\322\016\304\210\035+y\260\253\0208}jt4jN\034'\276"
 4721      0EC4881D 
 4721      2B79B0AB 
 4721      10387D6A 
 4721      74346A4E 
 4722 0207 6A4F694E 		.ascii	"jOiN\362?9\261\331!"
 4722      F23F39B1 
 4722      D921
 4723              		.text
 4724              		.section	.gnu.lto_chThdResume.357.6c44ca83,"e",%progbits
 4725 0000 789C8D54 		.ascii	"x\234\215TmL[U\030>\357=\267-\235\331b \232eF\323\221"
 4725      6D4C5B55 
 4725      183EEF3D 
 4725      B72D9DD9 
 4725      62209A65 
 4726 0017 90CD64B4 		.ascii	"\220\315d\264\240\231\213&Fg\177,KFb\206\177L \013\224"
 4726      A0998B26 
 4726      46677F2C 
 4726      4B466286 
 4726      7F4C200B 
ARM GAS  C:\Users\nello\AppData\Local\Temp\cc46pQ2n.s 			page 181


 4727 002c 1B68B4BB 		.ascii	"\033h\264\273\315\275\005\335\257\335\265\235&\303\244"
 4727      CDBD05DD 
 4727      AFDDB59D 
 4727      26C3A4
 4728 003b 9499D940 		.ascii	"\224\231\331@\251ci\224\177\316\020XY\301Uq\262\311"
 4728      A9636994 
 4728      7FCE1058 
 4728      59C15571 
 4728      B2C9
 4729 004d 601D1F2A 		.ascii	"`\035\037*T\007\202\177X2W[7\371\261\250\3579\367\366"
 4729      5407827F 
 4729      5832575B 
 4729      37F9B1A8 
 4729      EF39F7F6 
 4730 0061 83458D4D 		.ascii	"\203E\215M\333{\316{\236\367y?\236\367\334\033&B^\003"
 4730      DB7BCE7B 
 4730      9EF7793F 
 4730      9EF7DC1B 
 4730      26425E03 
 4731 0075 420E1142 		.ascii	"B\016\021B\300D\2407|F \232\246\275j\021\204@\270[\200"
 4731      C044A037 
 4731      7C46209A 
 4731      A6BD6A11 
 4731      8440B85B 
 4732 008a 19981E8C 		.ascii	"\031\230\036\214V\213\301\360\216\221\333\353O\213\024"
 4732      568BC1F0 
 4732      8E91DBEB 
 4732      4F8B14
 4733 0099 3E2C2244 		.ascii	">,\"D8\025>c\205$\360\035\220\223\002\025\341$\234\245"
 4733      38153E63 
 4733      8524F01D 
 4733      90930215 
 4733      E1249CA5 
 4734 00ad CFA261F3 		.ascii	"\317\242a\363t_$\271S\033JA\234\022\022\303\037\377"
 4734      745F24B9 
 4734      531B4A41 
 4734      9C1212C3 
 4734      1FFF
 4735 00bf 4429F4D2 		.ascii	"D)\364\3228\005\020\215\225\0006\\\3217\311\236\224"
 4735      3805108D 
 4735      9500365C 
 4735      D137C99E 
 4735      94
 4736 00d0 A6A56713 		.ascii	"\246\245g\023\232f%qJ\341\022\240\017\214\002\214`v"
 4736      9A662571 
 4736      4AE112A0 
 4736      0F8C028C 
 4736      6076
 4737 00e2 68684E54 		.ascii	"hhNT2\234J\366 yz\303\300\2110\266\025'6_\255$\304l"
 4737      329C4AF6 
 4737      20797AC3 
 4737      C08930B6 
 4737      1527365F 
 4738 00fa 44A4E8C2 		.ascii	"D\244\350\302\327\000\343\300b\233\321913`&\230u\214"
 4738      D700E3C0 
 4738      629BD139 
 4738      31336026 
ARM GAS  C:\Users\nello\AppData\Local\Temp\cc46pQ2n.s 			page 182


 4738      98758C
 4739 010d 0A0553F4 		.ascii	"\012\005S\364\336\344\217h\233@\033e6z\236\243YJ\233"
 4739      DEE48F68 
 4739      9B401B65 
 4739      367A9EA3 
 4739      594A9B
 4740 0120 17BB3337 		.ascii	"\027\27337wE\265\224\030\247&\270\002\214K\217\006\254"
 4740      7745B594 
 4740      18A726B8 
 4740      028C4B8F 
 4740      06AC
 4741 0132 3453F3F8 		.ascii	"4S\363\3703\210\254a\310D\250\177l\337d@\273\246\025"
 4741      3388AC61 
 4741      C844A87F 
 4741      6CDF6440 
 4741      BBA615
 4742 0145 B1A484D5 		.ascii	"\261\244\204\325\213\347\011,F\315\360%\032\277`l,Y"
 4742      8BE7092C 
 4742      46CDF025 
 4742      1ABF606C 
 4742      2C59
 4743 0157 F8AA9820 		.ascii	"\370\252\230 \313V\204\257\371\206\306y\206\234<\275"
 4743      CB5684AF 
 4743      F986C679 
 4743      869C3CBD 
 4744 0167 31BB6EC1 		.ascii	"1\273n\3014\202\26685\303U`(\203\373\033\344n\016Vq"
 4744      3482B638 
 4744      35C35560 
 4744      2883FB1B 
 4744      E46E0E56 
 4745 017c 6FB6416F 		.ascii	"o\266Ao\230\202\346@\225QB\366\316\330\370\032h\225"
 4745      9882E640 
 4745      955142F6 
 4745      CED8F81A 
 4745      6895
 4746 018e 85B6161D 		.ascii	"\205\266\026\035\257\001k\354j\245\021#\033IFv\364\234"
 4746      AF016BEC 
 4746      6AA51123 
 4746      1B494676 
 4746      F49C
 4747 01a0 AA78B4FD 		.ascii	"\252x\264\375\210\323\223g\255G\262\241uN\246\367\276"
 4747      88D39367 
 4747      AD47B2A1 
 4747      754EA6F7 
 4747      BE
 4748 01b1 48F62DB0 		.ascii	"H\366-\260\356\337\345dZ9\331V\215\020W\352\304&J\001"
 4748      EEDFE564 
 4748      5A39D956 
 4748      8D1057EA 
 4748      C4264A01 
 4749 01c5 D300D741 		.ascii	"\323\000\327A\027D4Z\0007\300h\001\317\353\356\330\303"
 4749      1744345A 
 4749      0037C068 
 4749      01CFEBEE 
 4749      D8C3
 4750 01d7 55D07A35 		.ascii	"U\320z5(\224N\312K\307\006\302,\256gX\325\305\036\317"
 4750      28944ECA 
ARM GAS  C:\Users\nello\AppData\Local\Temp\cc46pQ2n.s 			page 183


 4750      4BC706C2 
 4750      2CAE6758 
 4750      D5C51ECF 
 4751 01eb 16443695 		.ascii	"\026D6\225D\016\334G[\032mfR\322\354\312\377\322l\363"
 4751      440EDC47 
 4751      5B1A6D66 
 4751      52D2ECCA 
 4751      FFD26CF3 
 4752 01ff 17D46C0E 		.ascii	"\027\324l\016\215\267\212\232\315s\315\030\346\2639"
 4752      8DB78A9A 
 4752      CD73CD18 
 4752      E6B339
 4753 020e 534A7BF8 		.ascii	"SJ{\370WHK\275\277=\222L\344\007\222\3426\001 \0018"
 4753      57484BBD 
 4753      BF3D924C 
 4753      E40792E2 
 4753      36012001 
 4754 0223 2B9741C4 		.ascii	"+\227A\304\261D|\210\262[\243\211\240\245\010\351\241"
 4754      B1447C88 
 4754      B25BA389 
 4754      A0A508E9 
 4754      A1
 4755 0234 82BE09E0 		.ascii	"\202\276\011\340\346\016hk#\017v\262g~\"t\273\357\034"
 4755      E60E686B 
 4755      230F76B2 
 4755      677E2274 
 4755      BBEF1C
 4756 0247 E024726B 		.ascii	"\340$rk~\331\312\217\363\277\305Fs?T\341\300p\363b."
 4756      7ED9CA8F 
 4756      F3BFC546 
 4756      733F54E1 
 4756      C070F362 
 4757 025c 02CCEEB7 		.ascii	"\002\314\356\267\341\030\261Kd\202:\016\373\371\334"
 4757      E118B14B 
 4757      64823A0E 
 4757      FBF9DC
 4758 026b E8CA00E0 		.ascii	"\350\312\000\3404qXr\305\012\223@\356\201\277\232\345"
 4758      34715872 
 4758      C50A9340 
 4758      EE81BF9A 
 4758      E5
 4759 027c F9A980B5 		.ascii	"\371\251\200\265\354N\010\357\241&\026\\\212\354\312"
 4759      EC4E08EF 
 4759      A126165C 
 4759      8AECCA
 4760 028b 7F07049F 		.ascii	"\177\007\004\237\360=\300\"\357\335\356$?\257\340\207"
 4760      F03DC022 
 4760      EFDDEE24 
 4760      3FAFE087 
 4761 029b 4B7A946C 		.ascii	"Kz\224l6\266\220\253 ld\031on\"\364\373r\015\217\360"
 4761      36B690AB 
 4761      206C6419 
 4761      6F6E22F4 
 4761      FB720D8F 
 4762 02b0 C7F293DC 		.ascii	"\307\362\223\33428<<\305^\004zN\327\341\002^-\276\234"
 4762      32383C3C 
 4762      C55E047A 
ARM GAS  C:\Users\nello\AppData\Local\Temp\cc46pQ2n.s 			page 184


 4762      4ED7E102 
 4762      5E2DBE9C 
 4763 02c4 C6256590 		.ascii	"\306%e\220\365\305\374E@Y\271\333R>\002(\027\371\025"
 4763      F5C5FC45 
 4763      4059B9DB 
 4763      523E0228 
 4763      17F915
 4764 02d7 FC91EE97 		.ascii	"\374\221\356\227/\320\302\273\000\033\373\011`\267\254"
 4764      2FD0C2BB 
 4764      001BFB09 
 4764      60B7AC
 4765 02e6 E80F198C 		.ascii	"\350\017\031\214\266\001\301\215\311]\010`\247V\320"
 4765      B601C18D 
 4765      C95D0860 
 4765      A756D0
 4766 02f5 5F213D94 		.ascii	"_!=\224.}\260\026\026\212\275\313\344\207\000n\362\340"
 4766      2E7DB016 
 4766      168ABDCB 
 4766      E487006E 
 4766      F2E0
 4767 0307 E75FC151 		.ascii	"\347_\301Q@<\267\257\344\367\262gu\361o-\247\262\230"
 4767      403CB7AF 
 4767      E4F7B267 
 4767      75F16F2D 
 4767      A7B298
 4768 031a B9A1ED5B 		.ascii	"\271\241\355[\302\300OzZ\367\021\237\205\3236\022\004"
 4768      C2C04F7A 
 4768      5AF7119F 
 4768      85D33612 
 4768      04
 4769 032b 214EB7C5 		.ascii	"!N\267\305\250\205%\214lXC\234>\306C\213\345\262\371"
 4769      A885258C 
 4769      6C58439C 
 4769      3EC6438B 
 4769      E5B2F9
 4770 033e 572F3DC0 		.ascii	"W/=\300J\222|\200\013\005\3539%\272\0149\373\372Q\316"
 4770      4A927C80 
 4770      0B05EB39 
 4770      25BA0C39 
 4770      FBFA51CE 
 4771 0352 B41EE0E3 		.ascii	"\264\036\340\343\314G\306\361\347\375z\003'2\360H\212"
 4771      CC47C6F1 
 4771      E7FD7A03 
 4771      2732F048 
 4771      8A
 4772 0363 0B4F1982 		.ascii	"\013O\031\202\377\311\004\277\245;\236\315\027\005\237"
 4772      FFC904BF 
 4772      A53B9ECD 
 4772      17059F
 4773 0372 330427E5 		.ascii	"3\004'\345\202\317\227\004_(\027\334\220v\225\213\\"
 4773      82CF9704 
 4773      5F2817DC 
 4773      9076958B 
 4773      5C
 4774 0383 AE676F1E 		.ascii	"\256go\036\365\304q&9\334\016\316\017OU0\365\330'DA"
 4774      F5C47126 
 4774      39DC0ECE 
ARM GAS  C:\Users\nello\AppData\Local\Temp\cc46pQ2n.s 			page 185


 4774      0F4F5530 
 4774      F5D82744 
 4775 0398 2FD19F62 		.ascii	"/\321\237b\333Z\347KM\316\016w\253\273\321\327\331\346"
 4775      DB5AE74B 
 4775      4DCE0E77 
 4775      ABBBD1D7 
 4775      D9E6
 4776 03aa 969BDE91 		.ascii	"\226\233\336\221\225\267To\213K:\326\251JJ\323!I\365"
 4776      95B7546F 
 4776      8B4B3AD6 
 4776      A94A4AD3 
 4776      2149F5
 4777 03bd 752AD211 		.ascii	"u*\322\021\271\335\355\352z\236\354\265\333\035\370"
 4777      B9DDEDEA 
 4777      7A9EECB5 
 4777      DB1DF8
 4778 03cc 75310759 		.ascii	"u1\007Y}\256\276\276\336!\253\016\305\347P\025\027Z"
 4778      7DAEBEBE 
 4778      DE21AB0E 
 4778      C5E75015 
 4778      175A
 4779 03de 7D1D8AD4 		.ascii	"}\035\212\324\322\246\332]\204\372\024\357\023e\006"
 4779      D2A6DA5D 
 4779      84FA14EF 
 4779      136506
 4780 03ed FB8B2FEC 		.ascii	"\373\213/\354\337\337\"\265\326\021\352Q\333\377\225"
 4780      DFDF22B5 
 4780      D611EA51 
 4780      DBFF95
 4781 03fc C67DDCF5 		.ascii	"\306}\334\365vg\233\204'\352\011\325\336A,\255-\252"
 4781      76679B84 
 4781      27EA09D5 
 4781      DE412CAD 
 4781      2DAA
 4782 040e F4BAE276 		.ascii	"\364\272\342v\376\243\203K\366x\344\343\016\351]\237"
 4782      FEA3834B 
 4782      F678E4E3 
 4782      0EE95D9F 
 4783 041e E3E0D106 		.ascii	"\343\340\321\006\207\263\241\361p\243\303)+\222\343"
 4783      87B3A1F1 
 4783      70A3C329 
 4783      2B92E3
 4784 042d 7081C7A3 		.ascii	"p\201\307\243\272\325c\355.\027r\035\370/\016\257\254"
 4784      BAD563ED 
 4784      2E17721D 
 4784      F82F0EAF 
 4784      AC
 4785 043e F854C6D2 		.ascii	"\370T\306\322u\240\266\241\366\340\2217\020\347B&\364"
 4785      75A0B6A1 
 4785      F6E09137 
 4785      10E74226 
 4785      F4
 4786 044f 137CDEC7 		.ascii	"\023|\336\307\033\032\217\332X*^\305\275\317VSG\004"
 4786      1B1A8FDA 
 4786      582A5EC5 
 4786      BDCF5653 
 4786      4704
ARM GAS  C:\Users\nello\AppData\Local\Temp\cc46pQ2n.s 			page 186


 4787 0461 85583C92 		.ascii	"\205X<\222GVN\220\277\001\245\322[<"
 4787      47564E90 
 4787      BF01A5D2 
 4787      5B3C
 4788              		.text
 4789              		.section	.gnu.lto_chThdEnqueueTimeoutS.358.6c44ca83,"e",%progbits
 4790 0000 789C8554 		.ascii	"x\234\205T]h[e\030\376\236\357;9Mj\263\315\340\037C"
 4790      5D685B65 
 4790      18FE9EEF 
 4790      3B394D6A 
 4790      B3CDE01F 
 4791 0015 B008A20E 		.ascii	"\260\010\242\016MWG\205\011\302`\027\363\302;\257\204"
 4791      4D574785 
 4791      09C26017 
 4791      F3C23BAF 
 4791      84
 4792 0026 16E9D260 		.ascii	"\026\351\322`\203\333\222\345\234\270\013/zL2\242\021"
 4792      83DB92E5 
 4792      9CB80B2F 
 4792      7A4C32A2 
 4792      11
 4793 0037 B6A516E7 		.ascii	"\266\245\026\347JR5\004io\374\241\226uf\233\351Z\335"
 4793      4A523504 
 4793      696FFCA1 
 4793      9675669B 
 4793      E95ADD
 4794 004a D4556B26 		.ascii	"\324Uk&\035\323\325\211\202\256^\214j\007-2\234\357"
 4794      1DD3D589 
 4794      82AE5E8C 
 4794      6A072D32 
 4794      9CEF
 4795 005c FB9D244D 		.ascii	"\373\235$M\301\"$_\276\363\276\317\373<\357\337\311"
 4795      C122245F 
 4795      BEF3BECF 
 4795      FB3CEFDF 
 4795      C9
 4796 006d 0E8F103F 		.ascii	"\016\217\020?\011!\366\320\027\036\201\301\\V\012\307"
 4796      0921F6D0 
 4796      171E81C1 
 4796      5C560AC7 
 4797 007d 7176B548 		.ascii	"qv\265H\231\316\275!q\006\263'\306M#\225\3334\376\333"
 4797      99CEBD21 
 4797      7106B327 
 4797      C64D2395 
 4797      DB34FEDB 
 4798 0091 C59D86C2 		.ascii	"\305\235\206\302P.{{a\332\324\030\003\2576\360\020\003"
 4798      502E7B7B 
 4798      61DAD418 
 4798      03AF36F0 
 4798      1003
 4799 00a3 521918C0 		.ascii	"R\031\030\300\233*\2570\250JJ\300\250\335\200\366G\011"
 4799      9B2AAF30 
 4799      A84A4AC0 
 4799      A8DD80F6 
 4799      4709
 4800 00b5 B47A78F8 		.ascii	"\264zx\370\233\362\375\371\321\212QRR\214\020`\002\370"
 4800      9BF2FDF9 
ARM GAS  C:\Users\nello\AppData\Local\Temp\cc46pQ2n.s 			page 187


 4800      D18A5152 
 4800      528C1060 
 4800      02F8
 4801 00c7 04242D08 		.ascii	"\004$-\010\250\236\027\017W\034gna\322q|\242\244\024"
 4801      A89E170F 
 4801      571C676E 
 4801      61D2717C 
 4801      A2A414
 4802 00da 4EA20943 		.ascii	"N\242\011C\206\236T\200q\226\213{-\225q\266\020\223"
 4802      869E5480 
 4802      71968B7B 
 4802      2D9571B6 
 4802      1093
 4803 00ec 8153EB71 		.ascii	"\201S\353qF\317\261\200\313\370\012\237\017\021x\351"
 4803      46CFB180 
 4803      CBF80A9F 
 4803      0F1178E9 
 4804 00fc DBF2CD9F 		.ascii	"\333\362\315\237\341\014:()\017\312X\247\335S\010\230"
 4804      E10C3A28 
 4804      290FCA58 
 4804      A7DD5308 
 4804      98
 4805 010d 02A7C119 		.ascii	"\002\247\301\031\011!)\304\024t\007\316B\263$\365\017"
 4805      092129C4 
 4805      147407CE 
 4805      42B324F5 
 4805      0F
 4806 011e 6BAE0E67 		.ascii	"k\256\016g\217\274\2765\357p\001&>\003\203\\\032T\210"
 4806      8FBCBE35 
 4806      EF700126 
 4806      3E03835C 
 4806      1A5488
 4807 0131 D9EC293C 		.ascii	"\331\354)<P\023\\\235\373\363\352\257 d\272\275\016"
 4807      50135C9D 
 4807      FBF3EAAF 
 4807      2064BABD 
 4807      0E
 4808 0142 156BD05A 		.ascii	"\025k\320Z\301\037\255'~p*\345<\303\350s\315\304\323"
 4808      C11FAD27 
 4808      7E702AE5 
 4808      3CC3E873 
 4808      CDC4D3
 4809 0155 9A786C03 		.ascii	"\232xl\003\342s\315\304\3235b\036\316\352\215\202\211"
 4809      E273CDC4 
 4809      D335621E 
 4809      CEEA8D82 
 4809      89
 4810 0166 19608AEC 		.ascii	"\031`\212\354g\230OPQ\370\274^\224\256P\342<\032\370"
 4810      67984F50 
 4810      51F8BC5E 
 4810      94AE50E2 
 4810      3C1AF8
 4811 0179 DF0BDD2E 		.ascii	"\337\013\335.Rj\344\005\260\223\011?\254z*\316\255\333"
 4811      526AE405 
 4811      B093093F 
 4811      AC7A2ACE 
 4811      ADDB
ARM GAS  C:\Users\nello\AppData\Local\Temp\cc46pQ2n.s 			page 188


 4812 018b 471D67E5 		.ascii	"G\035g\345*r\343\2237\0132\000js\213\244\303\253\370"
 4812      2A72E393 
 4812      370B3200 
 4812      6A738BA4 
 4812      C3ABF8
 4813 019e 30E8303D 		.ascii	"0\3500=tH/\035\036\037\360)Z\201I\264\261\315\317^!"
 4813      74482F1D 
 4813      1E1FF029 
 4813      5A8149B4 
 4813      B1CDCF5E 
 4814 01b3 8E2A5E14 		.ascii	"\216*^\024\307\200S\021\342\230\222\356C\212\036\376"
 4814      C7805311 
 4814      E29892EE 
 4814      438A1EFE 
 4815 01c3 80F3CB3B 		.ascii	"\200\363\313;+o\203\344\371\276<v\374\207\371<(\005"
 4815      2B6F83E4 
 4815      F9BE3C76 
 4815      FC87F93C 
 4815      2805
 4816 01d5 EDB936EF 		.ascii	"\355\2716\357\303\227\0207\220<=\346/*om\247|:\3654"
 4816      C3971037 
 4816      903C3DE6 
 4816      2F2A6F6D 
 4816      A77C3AF5 
 4817 01ea 245D4795 		.ascii	"$]G\225\256\373}N\253\025_\003_i\347vR\360\226\324\035"
 4817      AEFB7D4E 
 4817      AB155F03 
 4817      5F69E776 
 4817      52F096D4 
 4818 01ff B88882D2 		.ascii	"\270\210\202\3225\325,\036\314\222\005\302\225H.\275"
 4818      35D52C1E 
 4818      CC9205C2 
 4818      95482EBD 
 4819 020f B77C2A73 		.ascii	"\267|*s\234\345i\013HA\313\216\257\334G\232\251\271"
 4819      9CE5690B 
 4819      4841CB8E 
 4819      AFDC479A 
 4819      A9B9
 4820 0221 CCD34545 		.ascii	"\314\323EEF\037k\032\324\017\312\343V\206\014\222\314"
 4820      461F6B1A 
 4820      D40FCAE3 
 4820      56860C92 
 4820      CC
 4821 0232 620987DB 		.ascii	"b\011\207\333\213J\245a\226T\333\210\"\021r0\322\313"
 4821      8B4AA561 
 4821      9654DB88 
 4821      22117230 
 4821      D2CB
 4822 0244 A9F8C522 		.ascii	"\251\370\305\"\322\213\323[\011\201\357\364\252Q\335"
 4822      D28BD35B 
 4822      0981EFF4 
 4822      AA51DD
 4823 0253 EA04BD48 		.ascii	"\352\004\275H\252QwY\313$\207\262DY\177]\024\334j(\331"
 4823      AA517759 
 4823      CB2487B2 
 4823      44597F5D 
 4823      14DC6A28 
ARM GAS  C:\Users\nello\AppData\Local\Temp\cc46pQ2n.s 			page 189


 4824 0268 EBF796D4 		.ascii	"\353\367\226\324\246\"\025Um\256h3.Q\376R\210\264\306"
 4824      A6221555 
 4824      6DAE6833 
 4824      2E51FE52 
 4824      88B4C6
 4825 027b F086E07B 		.ascii	"\360\206\340{0a\262\235&NL\356u\246^\315\362\304P~\360"
 4825      3061B29D 
 4825      264E4CEE 
 4825      75A65ECD 
 4825      F2C4507E 
 4826 0290 2DD0FCB5 		.ascii	"-\320\374\265\350\307U\037\276\320-\035^\274\253&j\242"
 4826      E8C7551F 
 4826      BED02D1D 
 4826      5EBCAB26 
 4826      6AA2
 4827 02a2 D1C2CD14 		.ascii	"\321\302\315\024\205y\010V\033\225\354\272Lr\212\327"
 4827      85790856 
 4827      1B95ECBA 
 4827      4C728AD7 
 4828 02b2 C7A5A6EE 		.ascii	"\307\245\246\356T\335\211,\336ST\376\246\270\326z\234"
 4828      54DD892C 
 4828      DE5354FE 
 4828      A6B8D67A 
 4828      9C
 4829 02c3 97C3AE50 		.ascii	"\227\303\256P\230\301a\214]\312\316\312\215\025~\254"
 4829      98C1618C 
 4829      5DCACECA 
 4829      8D157EAC 
 4830 02d3 43894F2B 		.ascii	"C\211O+LT\233\022\254\007\371\033A~\016ZXK\313\035\332"
 4830      4C549B12 
 4830      AC07F91B 
 4830      417E0E5A 
 4830      584BCB1D 
 4831 02e8 C9FF0A6A 		.ascii	"\311\377\012j\344t]+][S\362\272\323\277T>\357\343\341"
 4831      E4745D2B 
 4831      5D5B53F2 
 4831      BAD3BF54 
 4831      3EEFE3E1 
 4832 02fc 4FD55B38 		.ascii	"O\325[8\003w8g\017\361\204\337\355*\2526\275h[F(Rp\267"
 4832      03773867 
 4832      0FF184DF 
 4832      ED2AAA36 
 4832      BD685B46 
 4833 0314 EE84413B 		.ascii	"\356\204A;QR\001=Scm\227\377Br\027-\001\375\255\212"
 4833      5152013D 
 4833      53636D97 
 4833      FF427217 
 4833      2D01FDAD 
 4834 0329 BFE161A8 		.ascii	"\277\341a\250\304\200\374\240\2349\302\373ED\352\237"
 4834      C480FCA0 
 4834      9C39C2FB 
 4834      4544EA9F 
 4835 0339 72C64F2F 		.ascii	"r\306O/\003\334\230d\205\327\342\361\335Ou\357\356\217"
 4835      03DC9864 
 4835      85D7E2F1 
 4835      DD4F75EF 
 4835      EE8F
ARM GAS  C:\Users\nello\AppData\Local\Temp\cc46pQ2n.s 			page 190


 4836 034b EC8D3C67 		.ascii	"\354\215<g'\372\"\321\356C\321\370KV\2547\024~!a\205"
 4836      27FA22D1 
 4836      EE43D1F8 
 4836      4B56AC37 
 4836      147E2161 
 4837 0360 E3DD7BC2 		.ascii	"\343\335{\302\226\235\210\207\237\215\276\030\011\275"
 4837      969D8887 
 4837      9F8DBE18 
 4837      09BD
 4838 036e BC433C12 		.ascii	"\274C<\022\014v\320'\304\001Q\353\211\316\316\316\216"
 4838      0C76D027 
 4838      C40151EB 
 4838      89CECECE 
 4838      8E
 4839 037f A8D511B7 		.ascii	"\250\325\021\267;\254x\210\254v\177<\334\333g\005CB"
 4839      3BAC7888 
 4839      AC767F3C 
 4839      DCDB6705 
 4839      4342
 4840 0391 D9076377 		.ascii	"\331\007cw7\031\202;\237\354\352\352\015\357\335.Z\354"
 4840      3719823B 
 4840      9FECEAEA 
 4840      0DEFDD2E 
 4840      5AEC
 4841 03a3 C8FE7034 		.ascii	"\310\376p4a\233\241D<n\307\344\301\330\266\215H#\007"
 4841      619BA144 
 4841      3C6EC7E4 
 4841      C1D8B68D 
 4841      482307
 4842 03b6 42FB127D 		.ascii	"B\373\022}a\362\354\213X\266\025\354\027\210=\366\377"
 4842      61F2EC8B 
 4842      58B615EC 
 4842      17883DF6 
 4842      FF
 4843 03c7 E0BA68BF 		.ascii	"\340\272h\277\370\027}[\350\375"
 4843      F8177D5B 
 4843      E8FD
 4844              		.text
 4845              		.section	.gnu.lto_chThdDequeueNextI.359.6c44ca83,"e",%progbits
 4846 0000 789C8554 		.ascii	"x\234\205TQL[e\024\376\317\375o[\012\014C\"f1\270\222"
 4846      514C5B65 
 4846      14FECFFD 
 4846      6F5B0A0C 
 4846      43226631 
 4847 0016 19B36966 		.ascii	"\031\263if\001\015&\372\242\311\036\364\301\027\343"
 4847      010D26FA 
 4847      A2C91EF4 
 4847      C117E3
 4848 0025 93098D61 		.ascii	"\223\011\215a\245\031\215s\355z\213{\334\265\324\020"
 4848      A5198D73 
 4848      ED7A8B7B 
 4848      DCB5D410 
 4849 0035 D94CD7B9 		.ascii	"\331L\327\271\360\260@\307jc\346\023OS& \235\214\301"
 4849      F0B040C7 
 4849      6A63E613 
 4849      4F532620 
 4849      9D8CC1
ARM GAS  C:\Users\nello\AppData\Local\Temp\cc46pQ2n.s 			page 191


 4850 0048 D890AE73 		.ascii	"\330\220\256sh3\323.e&C\215\251\240\2019'\236\363\377"
 4850      6833D32E 
 4850      6526438D 
 4850      A9A08139 
 4850      279EF3FF 
 4851 005c F7DE5E16 		.ascii	"\367\336^\026\235\204\266\377=\375\316\367\235\357\234"
 4851      9D84B6FF 
 4851      3DFDCEF7 
 4851      9DEF9C
 4852 006b F337E864 		.ascii	"\3637\350dl\2111\366\006\276\300\301\340Dr@a\272\256"
 4852      6C8931F6 
 4852      06BEC0C1 
 4852      E0447240 
 4852      61BAAE
 4853 007e BFE25294 		.ascii	"\277\342R\224\276\344Q\005\306\341\312\231\241\235j"
 4853      BEE45105 
 4853      C6E1CA99 
 4853      A19D6A
 4854 008d 3CD970AE 		.ascii	"<\331p\256\270\374\204\312\341dr~\2550\267\251\300\034"
 4854      B8FC84CA 
 4854      E164727E 
 4854      AD30B7A9 
 4854      C01C
 4855 009f 089C0AEF 		.ascii	"\010\234\012\357'\347\373>\272\230\"\254\210\000;\242"
 4855      27E7FB3E 
 4855      BA9822AC 
 4855      88003BA2 
 4856 00af 70158EC0 		.ascii	"p\025\216\300\307\374i\014l|p\352\336\370v\375l\026"
 4856      C7FC690C 
 4856      6C7C70EA 
 4856      DEF876FD 
 4856      6C16
 4857 00c1 329CB114 		.ascii	"2\234\261\024\276\304\337\020\207\023<\303\001T\343"
 4857      BEC4DF10 
 4857      87133CC3 
 4857      0154E3
 4858 00d0 A4400B9E 		.ascii	"\244@\013\236\370[lWV\327s\2051]w\263\014\347\360\005"
 4858      F85B6C57 
 4858      56D77385 
 4858      315D77B3 
 4858      0CE7F005 
 4859 00e4 600E7C0E 		.ascii	"`\016|\016p\016\030\005|\3375\022Nc\273\220<\367\213"
 4859      700E1805 
 4859      7CDF3512 
 4859      4E63BB90 
 4859      3CF78B
 4860 00f7 8153E1FC 		.ascii	"\201S\341\374V\234\352\273\335\310\230\323PT(\3450\211"
 4860      569CEABB 
 4860      DDC898D3 
 4860      505428E5 
 4860      3089
 4861 0109 3E85EC1B 		.ascii	">\205\354\033\253\375\347W\\Cz6\336\222\341\016\230"
 4861      ABFDE757 
 4861      5C437A36 
 4861      DE92E10E 
 4861      98
 4862 011a C04C3032 		.ascii	"\300L02a\022\263}q\017\"\235\342\201\276\372\012(\223"
ARM GAS  C:\Users\nello\AppData\Local\Temp\cc46pQ2n.s 			page 192


 4862      6112B37D 
 4862      710F229D 
 4862      E281BEFA 
 4862      0A2893
 4863 012d 67C02248 		.ascii	"g\300\"H\035-\215\232\004N\230B\002\305$\310\022\301"
 4863      1D2D8D9A 
 4863      044E9842 
 4863      02C524C8 
 4863      12C1
 4864 013f CFCD9220 		.ascii	"\317\315\222 K\004\012\\\020\231d\254R\034M5\034\007"
 4864      4B040A5C 
 4864      109964AC 
 4864      521C4D35 
 4864      1C07
 4865 0151 D39895F5 		.ascii	"\323\230\225\3655\205|\327\232M\201\\\2414\015\206\300"
 4865      35857CD7 
 4865      9A4D815C 
 4865      A1340D86 
 4865      C0
 4866 0162 D61E2054 		.ascii	"\326\036 T\266\217\374c!\305\304\223\027\372\364\327"
 4866      B68FFC63 
 4866      21C5C493 
 4866      17FAF4D7 
 4867 0172 CC16588C 		.ascii	"\314\026X\214\027\201\232P\024\214\372\003\214[\273"
 4867      17819A50 
 4867      148CFA03 
 4867      8C5BBB
 4868 0181 8550C9E8 		.ascii	"\205P\311\350D\334\330\346p-\314\000Lc|\234\370\036"
 4868      44DCD8E6 
 4868      702DCC00 
 4868      4C637C9C 
 4868      F81E
 4869 0193 E299D93D 		.ascii	"\342\231\331=3\351x\026\037/\201\341\230\177k\031\307"
 4869      33E97816 
 4869      1F2F81E1 
 4869      987F6B19 
 4869      C7
 4870 01a4 9E8F7DE8 		.ascii	"\236\217}\350\301t\225Z~\331\336\362y\254\324\341\333"
 4870      C174955A 
 4870      7ED9DEF2 
 4870      79ACD4E1 
 4870      DB
 4871 01b5 D851152A 		.ascii	"\330Q\025*&\352\254\351\\\266\013\315\333*\335\370\243"
 4871      26EAACE9 
 4871      5CB60BCD 
 4871      DB2ADDF8 
 4871      A3
 4872 01c6 9FC3150C 		.ascii	"\237\303\025\014\316\021\331Cf\313\354\263\305\225\200"
 4872      CE11D943 
 4872      66CBECB3 
 4872      C59580
 4873 01d5 053C5F35 		.ascii	"\005<_5\307*V\204\303buDw\373\345\210\\B\233\233\331"
 4873      C72A5684 
 4873      C3627544 
 4873      77FBE588 
 4873      5C429B9B 
 4874 01ea 390AF966 		.ascii	"9\012\371f<\3776\"\327\3262s\3662\377\036n\200kF79m"
ARM GAS  C:\Users\nello\AppData\Local\Temp\cc46pQ2n.s 			page 193


 4874      3CFF3622 
 4874      D7D63273 
 4874      F632FF1E 
 4874      6E806B46 
 4875 0201 24E481E4 		.ascii	"$\344\201\344\0103\232wd\365\2776\023\272^*Ar\361\223"
 4875      08339A77 
 4875      64F5BF36 
 4875      13BA5E2A 
 4875      4172F193 
 4876 0215 DF1BEB01 		.ascii	"\337\033\353\001\227\327\201\315\031\303\373\210''\300"
 4876      97D781CD 
 4876      19C3FB88 
 4876      2727C0
 4877 0224 97E0A213 		.ascii	"\227\340\242\023c\011NwSWA\3172v\234+\362\241\017\037"
 4877      63094E77 
 4877      535741CF 
 4877      32769C2B 
 4877      F2A10F1F 
 4878 0238 7E02BD7C 		.ascii	"~\002\275|o};\373\025b'\007\026x\232\203q\253dc>\245"
 4878      6F7D3BFB 
 4878      15622707 
 4878      16789A83 
 4878      71AB6463 
 4879 024e 9B796747 		.ascii	"\233ygG\206\327\2441\"\207\322\206\241\232\014w\303"
 4879      86D7A431 
 4879      2287D286 
 4879      A19A0C77 
 4879      C3
 4880 025f 0D18A62B 		.ascii	"\015\030\246+\022\027\230fj\332\022\020c\254\005\313"
 4880      12179866 
 4880      6ADA1210 
 4880      63AC05CB 
 4881 026f 4626225F 		.ascii	"F&\"_\3731\261\232\030\004\254\\H\255/\272\341:\220"
 4881      FB31B19A 
 4881      1804AC5C 
 4881      48AD2FBA 
 4881      E13A90
 4882 0282 DAC44A53 		.ascii	"\332\304JS\232;\0141\227!\206\325\326\222\320\367\300"
 4882      9A3B0C31 
 4882      972186D5 
 4882      D692D0F7 
 4882      C0
 4883 0293 DAE242A5 		.ascii	"\332\342B\245\016\012\250\002L\022\304*g\256O\315\326"
 4883      0E0AA802 
 4883      4C12C42A 
 4883      67AE4FCD 
 4883      D6
 4884 02a4 6147A831 		.ascii	"aG\2501l\005\342+\323\217\243R\232L2\262\306\013\307"
 4884      6C05E22B 
 4884      D38FA352 
 4884      9A4C32B2 
 4884      C60BC7
 4885 02b7 CA49C5B2 		.ascii	"\312I\305\262v\177}\267,h\0321\\\036g\360\350\024\265"
 4885      767F7DB7 
 4885      2C681A31 
 4885      5C1E67F0 
 4885      E814B5
ARM GAS  C:\Users\nello\AppData\Local\Temp\cc46pQ2n.s 			page 194


 4886 02ca 4D0E4E9C 		.ascii	"M\016N\234\306\332.\311\332\246Jn\334\010q\314{\350"
 4886      C6DA2EC9 
 4886      DAA64A6E 
 4886      DC0871CC 
 4886      7BE8
 4887 02dc 63A7F556 		.ascii	"c\247\365V^\242@l\244\035\327\246j\254\222\037\006\\"
 4887      5EA2406C 
 4887      A41DD7A6 
 4887      6AAC921F 
 4887      065C
 4888 02ee 070158CB 		.ascii	"\007\001X\313\273\341\033Q\342\310\313\270&T\220\360"
 4888      BBE11B51 
 4888      E2C8CBB8 
 4888      265490F0 
 4889 02fe 9B37CC3E 		.ascii	"\2337\314>\226\346.\303\254\243j\326\2158\270\211fe"
 4889      96E62EC3 
 4889      ACA36AD6 
 4889      8D38B889 
 4889      6665
 4890 0310 4B1DF083 		.ascii	"K\035\360\2034{UdU\006n(6$7\221w\024\202\026M(2\013"
 4890      347B5564 
 4890      55066E28 
 4890      36243791 
 4890      77148216 
 4891 0328 ADBB52EB 		.ascii	"\255\273R\353\324gM\266$\227\225\264\215\222na\222\""
 4891      D4674DB6 
 4891      249795B4 
 4891      8D926E61 
 4891      9222
 4892 033a 9364DDF7 		.ascii	"\223d\335\367\215\276N\016.\235>\006\350\237.\206\354"
 4892      8DBE4E0E 
 4892      2E9D3E06 
 4892      E89F2E86 
 4892      EC
 4893 034b D3827998 		.ascii	"\323\202y\230\265\354\334,\301\003\215)z\244\346\243"
 4893      B5ECDC2C 
 4893      C1038D29 
 4893      7AA4E6A3 
 4894 035b 863967D5 		.ascii	"\2069g\325\\=\231+[+CUo\203e,\200\323E\247\320\331z"
 4894      5C3D992B 
 4894      5B2B4355 
 4894      6F83652C 
 4894      80D345A7 
 4895 0372 FA45B98D 		.ascii	"\372E\271\215!\225B\306X\312\277\241J\005\342#\035\270"
 4895      219542C6 
 4895      58CABFA1 
 4895      4A05E223 
 4895      1DB8
 4896 0384 5A98D490 		.ascii	"Z\230\324\220B\020\316\010\3512\374\0211e\325\276\300"
 4896      4210CE08 
 4896      E932FC11 
 4896      3165D5BE 
 4896      C0
 4897 0395 B814CB53 		.ascii	"\270\024\313S\263\265\264\024\323f\3113v\023\253\020"
 4897      B3B5B414 
 4897      D366C933 
 4897      7613AB10 
ARM GAS  C:\Users\nello\AppData\Local\Temp\cc46pQ2n.s 			page 195


 4898 03a5 BB95FCB3 		.ascii	"\273\225\374\263FlH\202\203\314\215e\351\361\331\275"
 4898      466C4882 
 4898      83CC8D65 
 4898      E9F1D9BD 
 4899 03b5 2F75EEED 		.ascii	"/u\356\355\011\356\013\276\031\355\355\016\206:\017"
 4899      09EE0BBE 
 4899      19EDED0E 
 4899      863A0F
 4900 03c4 8722EF68 		.ascii	"\207\"\357h\341.\177\340\355^-\020\351|5\240E{#\201"
 4900      E12E7FE0 
 4900      ED5E2D10 
 4900      E97C35A0 
 4900      457B2381 
 4901 03d8 D743FB83 		.ascii	"\327C\373\203\376\367\236g\273\275\336V\374\367SBH{"
 4901      FEF79E67 
 4901      BBBDDE56 
 4901      FCF75342 
 4901      487B
 4902 03ea AEBDBDBD 		.ascii	"\256\275\275\2755\244\265F\242\255Z\304\217\321hO$\320"
 4902      35A4B546 
 4902      A2AD5AC4 
 4902      8FD1684F 
 4902      24D0
 4903 03fc D5AD79FD 		.ascii	"\325\255y\375\214G\017\205\233l\001\357\213/ttt\005"
 4903      8C470F85 
 4903      9B6C01EF 
 4903      8B2F7474 
 4903      7405
 4904 040e F6B531FE 		.ascii	"\366\2651\376\256\266\037\302\317\374\027Q\360\240\377"
 4904      AEB61FC2 
 4904      CFFC1751 
 4904      F0A0FF
 4905 041d 406F7700 		.ascii	"@ow\000\2779\020\324\242\232\267\207)\321\360\236\377"
 4905      BF3910D4 
 4905      A29AB787 
 4905      29D1F09E 
 4905      FF
 4906 042e 479B4A88 		.ascii	"G\233J\210?\024\376\007\356\037c\327"
 4906      3F14FE07 
 4906      EE1F63D7 
 4907              		.text
 4908              		.section	.gnu.lto_chThdDequeueAllI.360.6c44ca83,"e",%progbits
 4909 0000 789C8554 		.ascii	"x\234\205T_lSe\024\377\316\375no\327\261\315\2200\303"
 4909      5F6C5365 
 4909      14FFCEFD 
 4909      6E6FD7B1 
 4909      CD9030C3 
 4910 0014 03591794 		.ascii	"\003Y\027\224\200D;\246\316\240/\232\220\250\017\276"
 4910      80443BA6 
 4910      CEA02F9A 
 4910      90A80FBE 
 4911 0024 F964B2C6 		.ascii	"\371d\262\306\214\256\262\006\264\245\267\223G\256]"
 4911      8CAEB206 
 4911      B4A5B793 
 4911      47AE5D
 4912 0033 97C6A129 		.ascii	"\227\306\241)\305e\017\013t0\253\214\027\027\023\305"
 4912      C5650F0B 
ARM GAS  C:\Users\nello\AppData\Local\Temp\cc46pQ2n.s 			page 196


 4912      7430AB8C 
 4912      171713C5 
 4913 0043 CD6DECC2 		.ascii	"\315m\354\302\204\315\341\376u04\323n.\022\255$\246"
 4913      84CDE1FE 
 4913      753034D3 
 4913      6E2E12AD 
 4913      24A6
 4914 0055 320DA3D1 		.ascii	"2\015\243\321\3409\337\375\323\226(6\355\275\337=\337"
 4914      E039DFFD 
 4914      D3962836 
 4914      EDBDDF3D 
 4914      DF
 4915 0066 EFFCCEF9 		.ascii	"\357\374\316\371\235\337w\033U\030[b\214\035\304\037"
 4915      9DDF771B 
 4915      55185B62 
 4915      8C1DC41F 
 4916 0076 280C4E24 		.ascii	"(\014N$\273$\246i\332\013N\011\272\223]?\347>|\021F"
 4916      BB24A669 
 4916      DA0B4E09 
 4916      BA935D3F 
 4916      E73E7C11 
 4917 008b 40043874 		.ascii	"@\0048t\177:}vy\352\336v\2305\"\262\324\221<&\341~&"
 4917      7F3A7D76 
 4917      79EADE76 
 4917      983522B2 
 4917      D4913C26 
 4918 00a2 5FD82B77 		.ascii	"_\330+w&k>It:e\007\274\223\234\356\230\231\253\023\030"
 4918      266B3E49 
 4918      743A6507 
 4918      BC939CEE 
 4918      9899AB13 
 4919 00b7 6047258E 		.ascii	"`G%\216\261\243\222\314\212\237\017\370c\270\273\321"
 4919      B1A392CC 
 4919      8A9F0FF8 
 4919      63B8BBD1 
 4920 00c7 D9DB3BB6 		.ascii	"\331\333;\266U\033\320!\315\031Kqs\363$\207\023<\315"
 4920      551BD021 
 4920      CD194B71 
 4920      73F32487 
 4920      133CCD
 4921 00da 01647325 		.ascii	"\001ds%A=\256\370kl\247\256i\363\337\016i\232\213\245"
 4921      413DAEF8 
 4921      6B6CA7AE 
 4921      69F3DF0E 
 4921      699A8BA5 
 4922 00ee 39872F00 		.ascii	"9\207/\000s\340<\300\347\300(\340=\267\231p*\333\211"
 4922      73E03CC0 
 4922      E7C028E0 
 4922      3DB79970 
 4922      2ADB89
 4923 0101 E4F3B74C 		.ascii	"\344\363\267L\234\014\303\3458\331{~3c\212YQ\302\024"
 4923      9C0CC3E5 
 4923      38D97B7E 
 4923      33638A59 
 4923      51C214
 4924 0114 B1061805 		.ascii	"\261\006\030\005\252\315\217\320\225Jm\374\021\277\033"
 4924      AACD8FD0 
ARM GAS  C:\Users\nello\AppData\Local\Temp\cc46pQ2n.s 			page 197


 4924      954A6DFC 
 4924      11BF1B
 4925 0123 AF3BA9E9 		.ascii	"\257;\251\351r\232;`\014\010c\260\300\005l\331\341\275"
 4925      729A3B60 
 4925      0C0863B0 
 4925      C0056CD9 
 4925      E1BD
 4926 0135 EC46E40E 		.ascii	"\354F\344\016B\316/\344&\000\221\261z\013\312\212PC"
 4926      42CE2FE4 
 4926      260091B1 
 4926      7A0BCA8A 
 4926      5043
 4927 0147 93824D0D 		.ascii	"\223\202M\015\315\246\236\206q\014\216\020\031\365\000"
 4927      CDA69E86 
 4927      710C8E10 
 4927      19F500
 4928 0156 BA5DF723 		.ascii	"\272]\367#q\333a\024\036\3169M:\005.!X\262\350&\220"
 4928      71DB6114 
 4928      1ECE394D 
 4928      3A052E21 
 4928      58B2E826 
 4929 016b CE1B738B 		.ascii	"\316\033s\213\256\351\201\266\2762\010\316\026\011>"
 4929      AEE981B6 
 4929      BE3208CE 
 4929      16093E
 4930 017a 3BB63268 		.ascii	";\2662h\0218\3412\022p\213\340\012\021\334\332f\020"
 4930      1138E132 
 4930      12708BE0 
 4930      0A11DCDA 
 4930      6610
 4931 018c 5C21020E 		.ascii	"\\!\002\016\223`i\316g\007S5\307\301\032\257\2355E!"
 4931      936069CE 
 4931      67075335 
 4931      C7C11AAF 
 4931      9D354521 
 4932 01a0 EFC2B67F 		.ascii	"\357\302\266\177\023\\\356\004B\015\301\344\0026\222"
 4932      135CEE04 
 4932      420DC1E4 
 4932      023692
 4933 01af 4D3C72B1 		.ascii	"M<r\261C{\3312\302f\234\006\262\"+\030\265\373\030\313"
 4933      437BD932 
 4933      C2669C06 
 4933      B2222B18 
 4933      B5FB18CB 
 4934 01c3 3D436871 		.ascii	"=Chq\204\033\263\251J\270\012\360\2659E\376\000\315"
 4934      841BB3A9 
 4934      4AB80AF0 
 4934      B53945FE 
 4934      00CD
 4935 01d5 AC543333 		.ascii	"\254T33\024\317\340\3437P\242\030\207=\364\256\333p"
 4935      14CFE0E3 
 4935      3750A218 
 4935      873DF4AE 
 4935      DB70
 4936 01e7 5911D6D9 		.ascii	"Y\021\326\331\263\236\303\026\025\357F]\261B6\261\311"
 4936      B39EC316 
 4936      15EF465D 
ARM GAS  C:\Users\nello\AppData\Local\Temp\cc46pQ2n.s 			page 198


 4936      B14236B1 
 4936      C9
 4937 01f8 B6A5CCE5 		.ascii	"\266\245\314\345\271\322\026\377\214s\230\307\340,\221"
 4937      B9D216FF 
 4937      8C7398C7 
 4937      E02C91
 4938 0207 3DC05456 		.ascii	"=\300TVj*\236\006\310\340z\001\310O\012\014f\034\272"
 4938      6A2A9E06 
 4938      C8E07A01 
 4938      C84F0A0C 
 4938      661CBA
 4939 021a F6D7BD84 		.ascii	"\366\327\275\204\246\307\253{\307V\327\373\306\344*"
 4939      A6C7AB7B 
 4939      C756D7FB 
 4939      C6E42A
 4940 0229 C003ACC8 		.ascii	"\300\003\254\310\000C\340\000\370\022\005\341\243\223"
 4940      0043E000 
 4940      F81205E1 
 4940      A393
 4941 0237 2E8C2538 		.ascii	".\214%8\313\027\006\366\202\2463v\234Kb\335\201\353"
 4941      CB1706F6 
 4941      82A63376 
 4941      9C4B62DD 
 4941      81EB
 4942 0249 5F415B1B 		.ascii	"_A[\033.le\024\345\311\316\033\223\334\016\217\024v"
 4942      2E6C6514 
 4942      E5C9CE1B 
 4942      93DC0E8F 
 4942      1476
 4943 025b E13D5A8F 		.ascii	"\341=Z\217\323\354\347\262\261\274\212K\007\355\256"
 4943      D3ECE7B2 
 4943      B1BC8A4B 
 4943      07EDAE
 4944 026a E77A46FB 		.ascii	"\347zF\373z\000\247%\260\343+.\024$\226\0317\335\266"
 4944      7A00A725 
 4944      B0E32B2E 
 4944      14249619 
 4944      37DDB6
 4945 027d DB97B525 		.ascii	"\333\227\265%\012DO7\242\352~\016Fr\"\2379\005\250F"
 4945      0A444F37 
 4945      A2EA7E0E 
 4945      4672229F 
 4945      3905A846 
 4946 0291 00D6332E 		.ascii	"\000\3263.X\004\001z\036U\366s\247\010\337A\301\277"
 4946      5804017A 
 4946      1E55F673 
 4946      A708DF41 
 4946      C1BF
 4947 02a3 417434F7 		.ascii	"At4\367p?W\314\267]\021\316|LB+\020\007\327\200\355"
 4947      703F57CC 
 4947      B75D11CE 
 4947      7C4C422B 
 4947      1007D780 
 4948 02b8 C1A156D0 		.ascii	"\301\241V\320\316u8\205\357,\221bV\276\353\272T\202"
 4948      CE753885 
 4948      EF2C9162 
 4948      56BEEBBA 
ARM GAS  C:\Users\nello\AppData\Local\Temp\cc46pQ2n.s 			page 199


 4948      5482
 4949 02ca 942DE42F 		.ascii	"\224-\344/\022AoXPd\026\265\356\032\265z\317\325\226"
 4949      12416F58 
 4949      506416B5 
 4949      EE1AB57A 
 4949      CFD596
 4950 02dd 24297652 		.ascii	"$)vR5%}\207I`$\031}\377\235\021M\347s=K}\357\001\352"
 4950      35257D87 
 4950      49602419 
 4950      7DFF9D11 
 4950      4DE7733D 
 4951 02f6 275F8D39 		.ascii	"'_\2159e\254\305\214-gy\005\356\033L\326m\324\334b\212"
 4951      65ACC58C 
 4951      2D677905 
 4951      EE1B4CD6 
 4951      6DD4DC62 
 4952 030b 7316C5B9 		.ascii	"s\026\305\271H\334\262x\266\272\256\204\357\261\001"
 4952      48DCB278 
 4952      B6BAAE84 
 4952      EFB101
 4953 031a 890E2885 		.ascii	"\211\016(\205\006\252\350M\370\001C\234B\246-k\277c"
 4953      06AAE84D 
 4953      F801439C 
 4953      42A62D6B 
 4953      BF63
 4954 032c 953CC44E 		.ascii	"\225<\304N7\261\030`\322\246\024\202\320#\244K\363*"
 4954      37B11860 
 4954      D2A61482 
 4954      D023A44B 
 4954      F32A
 4955 033e E1B28CC9 		.ascii	"\341\262\214\311\232l\272\034\315\237Y\\\234\254\304"
 4955      9A6CBA1C 
 4955      CD9F595C 
 4955      9CACC4
 4956 034d 9785DE19 		.ascii	"\227\205\336\031\313\3432\021t>\246\304t\272\273nr\324"
 4956      CBE33211 
 4956      743EA6C4 
 4956      74BABB6E 
 4956      72D4
 4957 035f 6E76CBCD 		.ascii	"nv\313\315n\251\227G\323\274\232\206\274jw\214\216T"
 4957      6EA99747 
 4957      D3BC9A86 
 4957      BC6A778C 
 4957      8E54
 4958 0371 C08FD81D 		.ascii	"\300\217\330\035\376\263\307\004\246\216f\270fq\217"
 4958      FEB3C704 
 4958      A68E66B8 
 4958      66718F
 4959 0380 979C85DB 		.ascii	"\227\234\205\333\011<H\2721\323;s.\270h\372^\213]\233"
 4959      093C48BA 
 4959      31D33B73 
 4959      2EB868FA 
 4959      5E8B5D9B 
 4960 0394 C51CC5D1 		.ascii	"\305\034\305\321\324P\241\237\320\230\230\250\362\020"
 4960      D450A19F 
 4960      D09898A8 
 4960      F210
ARM GAS  C:\Users\nello\AppData\Local\Temp\cc46pQ2n.s 			page 200


 4961 03a2 DC34CCD4 		.ascii	"\3344\314\324\0153\316L,\306\337\007\022\204\177\245"
 4961      0D33CE4C 
 4961      2CC6DF07 
 4961      12847FA5 
 4962 03b2 2C07B1DC 		.ascii	",\007\261\334\304\033X\212\\`B\277\303>\373\267!\272"
 4962      C41B588A 
 4962      5C6042BF 
 4962      C33EFBB7 
 4962      21BA
 4963 03c4 3A5EA810 		.ascii	":^\250\020\361\004\007\021\217\352\364\364\304\276\347"
 4963      F1040711 
 4963      8FEAF4F4 
 4963      C4BEE7
 4964 03d3 9AF7B505 		.ascii	"\232\367\265\005\366\007^\215\264\267\006\202\315G\202"
 4964      F6075E8D 
 4964      B4B70682 
 4964      CD4782
 4965 03e2 E1836AA8 		.ascii	"\341\203j\250\305\347\177\275]\365\207\233_\362\253"
 4965      C5E77FBD 
 4965      5DF5879B 
 4965      5FF2AB
 4966 03f1 91F6B0FF 		.ascii	"\221\366\260\377\225\340\201\200\357\355\247\330.\217"
 4966      95E08180 
 4966      EFEDA7D8 
 4966      2E8F
 4967 03ff A701BF3E 		.ascii	"\247\001\277>J\010\252O6666\004\325\206p\244A\015\373"
 4967      4A08AA4F 
 4967      36363636 
 4967      04D58670 
 4967      A4410DFB 
 4968 0413 301A690B 		.ascii	"0\032i\013\373[ZU\217\217\361\310\341PmI\300\363\354"
 4968      FB5B5A55 
 4968      8F8FF1C8 
 4968      E1506D49 
 4968      C0F3EC
 4969 0426 334D4D2D 		.ascii	"3MM-\376\375{\030\177S= \035\016\355\376/\246\300[\276"
 4969      FEFD7B18 
 4969      7F533D20 
 4969      1D0EEDFE 
 4969      2FA6C05B 
 4970 043b 43EDAD7E 		.ascii	"C\355\255~\3349\024P#\252\247\215AH\212\204\036\377"
 4970      DC391450 
 4970      23AAA78D 
 4970      41488A84 
 4970      1EFF
 4971 044d 7FBC55AC 		.ascii	"\177\274U\254\215\375\003$TxB"
 4971      8DFD0324 
 4971      547842
 4972              		.text
 4973              		.section	.gnu.lto_chThdRelease.part.0.409.6c44ca83,"e",%progbits
 4974 0000 789C9556 		.ascii	"x\234\225Vkl\024U\024\276g\356<v\213\320\252A\215\306"
 4974      6B6C1455 
 4974      14BE67EE 
 4974      3C768BD0 
 4974      AA418DC6 
 4975 0014 A6601A15 		.ascii	"\246`\032\025\241[4\200\372\013\322\037\206\204&\206"
 4975      A15B3480 
ARM GAS  C:\Users\nello\AppData\Local\Temp\cc46pQ2n.s 			page 201


 4975      FA0BD21F 
 4975      86842686 
 4976 0024 AA89B109 		.ascii	"\252\211\261\011)\313\206n\244l\335\331\"\374b\372\362"
 4976      29CB866E 
 4976      A46CDDD9 
 4976      22FC62FA 
 4976      F2
 4977 0035 B1A2BB6D 		.ascii	"\261\242\273m\261<Z\0124\253<\324\250\211\301\"\255"
 4977      B13C5A0A 
 4977      34AB3CD4 
 4977      A889C122 
 4977      AD
 4978 0046 54412DD0 		.ascii	"TA-\320Z\244\364!\305\326 F$\024J+\221\012\264\236s"
 4978      5AA4F421 
 4978      C5D62046 
 4978      24144A2B 
 4978      910AB49E 
 4979 005b 6766770A 		.ascii	"gfw\012-\350\006\356\3349\367;\3379\337\271\347\316"
 4979      2DE806EE 
 4979      DC39F73B 
 4979      DF39DFB9 
 4979      E7CE
 4980 006d 6DD4CDD8 		.ascii	"m\324\315\330F`,\300\030\003\027\203M.f\030\306BM\203"
 4980      46602CC0 
 4980      18031783 
 4980      4D2E6618 
 4980      C6424D83 
 4981 0081 7BC453E2 		.ascii	"{\304S\342\345\025I\037u\356\235\256\226Z\3172\353\311"
 4981      E515491F 
 4981      75EE9DAE 
 4981      965ACF32 
 4981      EBC9
 4982 0093 E1FD8A70 		.ascii	"\341\375\212p\373\325\014h\004\201\224\351}x\255\230"
 4982      FBD50C68 
 4982      048194E9 
 4982      7D78AD98 
 4983 00a3 2B505D11 		.ascii	"+P]\021\2764\222$^T(\256\010K&-\260\365H)+*\254\207"
 4983      BE349224 
 4983      5E5428AE 
 4983      084B262D 
 4983      B0F54829 
 4984 00bb 2A5ECBE1 		.ascii	"*^\313\341q4_-\337\332\337\006\306\356f\210q\306\352"
 4984      71345F2D 
 4984      DFDADF06 
 4984      C6EE6688 
 4984      71C6EA
 4985 00ce F0BFF8D1 		.ascii	"\360\277\370\321R4a\005\312\360\013\034\321\253\222"
 4985      52346105 
 4985      CAF00B1C 
 4985      D1AB92
 4986 00dd C738806C 		.ascii	"\3078\200l\315$H\303\031\177\231V\036m6\214\343M\015"
 4986      CD2448C3 
 4986      197F9956 
 4986      1E6D368C 
 4986      E34D0D
 4987 00f0 86E16631 		.ascii	"\206\341f1\316\241\001\220\016\276\004\330\007\014\366"
 4987      CEA10190 
ARM GAS  C:\Users\nello\AppData\Local\Temp\cc46pQ2n.s 			page 202


 4987      0EBE04D8 
 4987      070CF6
 4988 00ff 2313CF3D 		.ascii	"#\023\317=\370\000a\242\265F\263l#`\034\202\211\020"
 4988      F80061A2 
 4988      B546B36C 
 4988      23601C82 
 4988      8910
 4989 0111 AAC8040E 		.ascii	"\252\310\004\016\000\0233\0203\333.A\023\304A\034\276"
 4989      00133310 
 4989      33DB2E41 
 4989      13C4411C 
 4989      BE
 4990 0122 365F484A 		.ascii	"6_HJ\373\002\206\005A\243\265\014\007\301\261\\{\276"
 4990      FB028605 
 4990      41A3B50C 
 4990      07C1B15C 
 4990      7BBE
 4991 0134 F48ACAA0 		.ascii	"\364\212\312\240\031\0012\331x\015\330I_\255~\247\267"
 4991      190132D9 
 4991      780DD849 
 4991      5FAD7EA7 
 4991      B7
 4992 0145 FD41332B 		.ascii	"\375A3+\031\276\005\012beu\010\263\222s\033S\021\231"
 4992      19BE050A 
 4992      62657508 
 4992      B392731B 
 4992      531199
 4993 0158 4EC8BAC8 		.ascii	"N\310\272\310\301\375\263\017\225\032-F\034\013\011"
 4993      C1FDB30F 
 4993      951A2D46 
 4993      1C0B09
 4994 0167 AC953E25 		.ascii	"\254\225>%s\266V\205\303h\374\206\330H\007|\007\316"
 4994      73B65685 
 4994      C368FC86 
 4994      D848077C 
 4994      07CE
 4995 0179 CC15F821 		.ascii	"\314\025\370!\021\177\2642\334\226\352\254\212bs\266"
 4995      117FB432 
 4995      DC96EAAC 
 4995      8A6273B6 
 4996 0189 88BA1D7B 		.ascii	"\210\272\035{\330\216\177|d`\203fF\277\251~-\316\350"
 4996      D88E7F7C 
 4996      64608366 
 4996      46BFA97E 
 4996      2DCEE8
 4997 019c DF776B70 		.ascii	"\337wkp\004\314r(\"\372Q\260\002\022\315`\177\333kw"
 4997      04CC7228 
 4997      22FA51B0 
 4997      0212CD60 
 4997      7FDB6B77 
 4998 01b0 E26838BC 		.ascii	"\342h8\274K\201\326q\034m6\207P\240B\273x\341\255R\\"
 4998      4B81D671 
 4998      1C6D3687 
 4998      50A042BB 
 4998      78E1AD52 
 4999 01c5 4863F5E8 		.ascii	"Hc\365\350\333\226\020\005\216\003\201,\352\237P\210"
 4999      DB961005 
ARM GAS  C:\Users\nello\AppData\Local\Temp\cc46pQ2n.s 			page 203


 4999      8E03812C 
 4999      EA9F5088 
 5000 01d5 92DB9B3A 		.ascii	"\222\333\233:\201\020\023\011\011\244C\310\365\227\340"
 5000      81101309 
 5000      09A443C8 
 5000      F597E0
 5001 01e4 8495832A 		.ascii	"\204\225\203*r\350\000+,-o\276\241:\267\034-\215\270"
 5001      72E8002B 
 5001      2C2D6FBE 
 5001      A13AB71C 
 5001      2D8DB8
 5002 01f7 CBF31974 		.ascii	"\313\363\031t\332\273\374\3777\255\033\215]\361M\353"
 5002      DABBFCFF 
 5002      37AD1B8D 
 5002      5DF14DEB 
 5003 0207 896F1AB5 		.ascii	"\211o\032\265\320\271\230\325bZ\242\253\016\235\306"
 5003      D0B998D5 
 5003      625AA2AB 
 5003      0E9DC6
 5004 0216 1C4EA1CD 		.ascii	"\034N\241\315\345\210W\363\237\3425tb\274\323h\354\215"
 5004      E58857F3 
 5004      9FE23574 
 5004      62BCD368 
 5004      EC8D
 5005 0228 C7FB45C4 		.ascii	"\307\373E\304C\214D\007\324\352\215\201i\265\273\251"
 5005      438C4407 
 5005      D4EA8D81 
 5005      69B5BBA9 
 5006 0238 A42A4B74 		.ascii	"\244*Kt\006\376\322\233\313\254:\226\213H*s\304\351"
 5006      06FED29B 
 5006      CBAC3A96 
 5006      8B482A73 
 5006      C4E9
 5007 024a 070B1145 		.ascii	"\007\013\021E\337\26246\321\362\247'\024\303\270>\026"
 5007      DFB23436 
 5007      D1F2A727 
 5007      14C3B83E 
 5007      16
 5008 025b 4119B3EE 		.ascii	"A\031\263\356O\001\200\257@B\240\302i\220q\320\024\032"
 5008      4F0180AF 
 5008      4042A0C2 
 5008      699071D0 
 5008      141A
 5009 026d 5472D670 		.ascii	"Tr\326pp\271\004\015\213p6266F\237\205\010\327\314)"
 5009      70B9040D 
 5009      8B703632 
 5009      3636469F 
 5009      8508D7CC 
 5010 0282 67512ED9 		.ascii	"gQ.\331\323\363`\234\031z\005+\205\263\222\264Y(up{"
 5010      D3F3609C 
 5010      197A052B 
 5010      85B392B4 
 5010      59287570 
 5011 0297 53D97B29 		.ascii	"S\331{)\022\362\262]\326G\306\372\202pQ\336\017\001"
 5011      12F2B25D 
 5011      D647C6FA 
 5011      827051DE 
ARM GAS  C:\Users\nello\AppData\Local\Temp\cc46pQ2n.s 			page 204


 5011      0F01
 5012 02a9 A9DDF598 		.ascii	"\251\335\365\230\340o\342=\323\334\374\030O\202\263"
 5012      E06FE23D 
 5012      D3DCFC18 
 5012      4F82B3
 5013 02b8 B08D3CCA 		.ascii	"\260\215<\312\350S\347\242n\371\035lf\354\0158CScx\344"
 5013      E853E7A2 
 5013      6EF91D6C 
 5013      66EC0D38 
 5013      43536378 
 5014 02cd E3EB1DDB 		.ascii	"\343\353\035\333\000\333C\004\257\350r\303I`\027\241"
 5014      00DB4304 
 5014      AFE872C3 
 5014      496017A1 
 5015 02dd A4718F54 		.ascii	"\244q\217T\317%+\226\002O\333\261\222(\326\037\3002"
 5015      CF252B96 
 5015      024FDBB1 
 5015      9228D61F 
 5015      C032
 5016 02ef 6DD67318 		.ascii	"m\326s\030\006\250\277L\257\373\3529\237\024{\036\261"
 5016      06A8BF4C 
 5016      AFFBEA39 
 5016      9F147B1E 
 5016      B1
 5017 0300 928D1D0C 		.ascii	"\222\215\035\014\267%\370\231\303G\202\013\246\317\356"
 5017      B725F899 
 5017      C347820B 
 5017      A6CFEE
 5018 030f A9B43460 		.ascii	"\251\2644`;!\263H\262\252\313\351o{\361\361^\227\354"
 5018      3B21B348 
 5018      B2AACBE9 
 5018      6F7BF1F1 
 5018      5E97EC
 5019 0322 B4904F78 		.ascii	"\264\220Oxm\352\022\332\007wV\365\277\210u\240\343!"
 5019      6DEA12DA 
 5019      077756F5 
 5019      BF8875A0 
 5019      E321
 5020 0334 EC7F3D24 		.ascii	"\354\177=$\352\260'\262\265\246\032\360\000\010\343"
 5020      EAB027B2 
 5020      B5A61AF0 
 5020      0008E3
 5021 0343 F6DE4DD6 		.ascii	"\366\336M\326\362\3475\351\342\331\324+Vf\306\2073'"
 5021      F2E735E9 
 5021      E2D9D42B 
 5021      5666C687 
 5021      3327
 5022 0355 4DC7A6BA 		.ascii	"M\307\246\272\321\241\236{\241\313t\254\032\336,\034"
 5022      D1A19E7B 
 5022      A1CB74AC 
 5022      1ADE2C1C 
 5023 0365 B1C6DD42 		.ascii	"\261\306\335B\232l\362\014\177R\275\257\037\353\334"
 5023      9A6CF20C 
 5023      7F52BDAF 
 5023      1FEBDC
 5024 0374 63C20EF4 		.ascii	"c\302\016\364\273\341g`\227\240d&u\355\010\011\231\021"
 5024      BBE16760 
ARM GAS  C:\Users\nello\AppData\Local\Temp\cc46pQ2n.s 			page 205


 5024      97A06426 
 5024      75ED0809 
 5024      9911
 5025 0386 E66F6095 		.ascii	"\346o`\225\246\340T\246{c\010\030>a\030\340\262(\317"
 5025      A6E054A6 
 5025      7B630818 
 5025      3E6118E0 
 5025      B228CF
 5026 0399 8C77C5FA 		.ascii	"\214w\305\372]b\361\212\031e\260\261\256r\030\257\300"
 5026      5D62F18A 
 5026      1965B0B1 
 5026      AE7218AF 
 5026      C0
 5027 03aa 6E33CAD0 		.ascii	"n3\312\320\316\016!Nl\305\237\311\365\\\276\271E\254"
 5027      CE0E214E 
 5027      6CC59FC9 
 5027      F55CBEB9 
 5027      45AC
 5028 03bc AD980A7F 		.ascii	"\255\230\012\177c}\250=.Bi\365\233\022\253\347\012\242"
 5028      637DA83D 
 5028      2E4269F5 
 5028      9B12ABE7 
 5028      0AA2
 5029 03ce 29610DFB 		.ascii	")a\015\373p\000\312v<\201<hE\202G\014\372\205\245q7"
 5029      7000CA76 
 5029      3C813C68 
 5029      4582470C 
 5029      FA85A571 
 5030 03e3 DD2D7671 		.ascii	"\335-vq\327\375\203\343f(\306/L\253Ff\006\327`\002\354"
 5030      D7FD83E3 
 5030      6628C62F 
 5030      4CAB4666 
 5030      06D76002 
 5031 03f8 6D396E24 		.ascii	"m9n$\356K\015@\260\365\214\251\010\2001\254\325\250"
 5031      EE4B0D40 
 5031      B0F58CA9 
 5031      088031AC 
 5031      D5A8
 5032 040a CDB7C3F8 		.ascii	"\315\267\303\370lC\004=\331\255\224;\350\016v9(\213"
 5032      6C43043D 
 5032      D9AD943B 
 5032      E80E7639 
 5032      288B
 5033 041c 2507A524 		.ascii	"%\007\245$(i\031J\261\257J$\341\030\345\274ko\347^@"
 5033      2869194A 
 5033      B1AF4A24 
 5033      E118E5BC 
 5033      6B6FE75E 
 5034 0431 F517A078 		.ascii	"\365\027\240x\241\010$ND\337\224\370\251i\305\202\230"
 5034      A108244E 
 5034      44DF94F8 
 5034      A969C582 
 5034      98
 5035 0442 A7E6C607 		.ascii	"\247\346\306\007\033O\341n\266\231\230-\247\334\360"
 5035      1B4FE16E 
 5035      B699982D 
 5035      A7DCF0
ARM GAS  C:\Users\nello\AppData\Local\Temp\cc46pQ2n.s 			page 206


 5036 0451 A3D5FFD3 		.ascii	"\243\325\377\323\352\271:I\321U(\227\266\341\347\325"
 5036      EAB93A49 
 5036      D1552897 
 5036      B6E1E7D5 
 5037 0461 74C34E2C 		.ascii	"t\303N,\275\274\307M\255\210\267\005\033\304\222'\343"
 5037      BDBCC74D 
 5037      AD88B705 
 5037      1BC49227 
 5037      E3
 5038 0472 61C54A4C 		.ascii	"a\305JL\253\343\370\027\016\362\304x\262\340\257L\025"
 5038      ABE3F817 
 5038      0EF2C478 
 5038      B2E0AF4C 
 5038      15
 5039 0483 09CA8E04 		.ascii	"\011\312\216\004\177\335\322'Q\352\264\\\323\307\343"
 5039      7FDDD227 
 5039      51EAB45C 
 5039      D3C7E3
 5040 0492 674F9B24 		.ascii	"gO\233$\266\013\336\302\330\012\263z\363\310\315J\216"
 5040      B60BDEC2 
 5040      D80AB37A 
 5040      F3C8CD4A 
 5040      8E
 5041 04a3 26941C4B 		.ascii	"&\224\034K(qM\252$l*9j)\351\270|E(9\"\224\224\333JR"
 5041      28714DAA 
 5041      246C2A39 
 5041      6A29E9B8 
 5041      7C452839 
 5042 04bd EA781229 		.ascii	"\352x\022)\321\220*\306\357\026!jM1\012\355\273\034"
 5042      D1902AC6 
 5042      EF16216A 
 5042      4D310AED 
 5042      BB1C
 5043 04cf AFF635EB 		.ascii	"\257\3665\353\\\364%Q\265\243\222\321\"\013\230j\303"
 5043      5CF42551 
 5043      B5A392D1 
 5043      220B986A 
 5043      C3
 5044 04e0 86A064A1 		.ascii	"\206\240d\241\271\305\021\016\246\2216nN\326\263\271"
 5044      B9C5110E 
 5044      A691366E 
 5044      4ED6B3B9 
 5045 04f0 59F9FEE5 		.ascii	"Y\371\376\345\376\234P\321\012\177 \367\365@\360U\275"
 5045      FE9C50D1 
 5045      0A7F20F7 
 5045      F540F055 
 5045      BD
 5046 0501 30CFEB5B 		.ascii	"0\317\353[V\244\373\202\271\317\371\364PQ\320\267$\260"
 5046      56A4FB82 
 5046      B9CFF9F4 
 5046      5051D0B7 
 5046      24B0
 5047 0513 D2EF5DF3 		.ascii	"\322\357]\363\024{,#\303\203\377\274\344\020\320\237"
 5047      147B2C23 
 5047      C383FFBC 
 5047      E410D09F 
 5048 0523 9C3B77AE 		.ascii	"\234;w\256'\240{\202!\217\036\364\2425\224\037\364\345"
ARM GAS  C:\Users\nello\AppData\Local\Temp\cc46pQ2n.s 			page 207


 5048      27A07B82 
 5048      218F1EF4 
 5048      A235941F 
 5048      F4E5
 5049 0535 ADD033BC 		.ascii	"\255\3203\274L\012\025Nw\274g<3\177\336\274<\337\362"
 5049      4C0A154E 
 5049      77BC673C 
 5049      337FDEBC 
 5049      3CDFF2
 5050 0548 CCC919FC 		.ascii	"\314\311\031\374\253\275\253\212V\370pE_\247g\3443m"
 5050      ABBDAB8A 
 5050      56F87045 
 5050      5FA767E4 
 5050      336D
 5051 055a 799EEE7B 		.ascii	"y\236\356{>\350\317\232\320\301\033((\010\254\366\370"
 5051      3EE8CF9A 
 5051      D0C11B28 
 5051      2808ACF6 
 5051      F8
 5052 056b D6863C8B 		.ascii	"\326\206<\213\226f{\262\262s\026\347x\262\002A\237g"
 5052      96667BB2 
 5052      B27316E7 
 5052      78B20241 
 5052      9F67
 5053 057d B1CD53A0 		.ascii	"\261\315S\240\373\365e+\275^\344Zp;\216\302@0\244\023"
 5053      FBF5652B 
 5053      BD5EE45A 
 5053      703B8EC2 
 5053      4030A413 
 5054 0591 CB9A0573 		.ascii	"\313\232\005s\262\347,Z\362\002\342\274\310\204~\263"
 5054      B2E72C5A 
 5054      F202E2BC 
 5054      C8847EB3 
 5055 05a1 EF9CAC2D 		.ascii	"\357\234\254-1\237A\341\254;\303W\371\365\020\201S\262"
 5055      319F41E1 
 5055      AC3BC357 
 5055      F9F51081 
 5055      53B2
 5056 05b3 7396A691 		.ascii	"s\226\246\221\302\302\240\177vZz&\223\202L+\360\025"
 5056      C2C2A07F 
 5056      765A7A26 
 5056      93824C2B 
 5056      F015
 5057 05c5 0482EBD8 		.ascii	"\004\202\353\330\277\335\243}\273"
 5057      BFDDA37D 
 5057      BB
 5058              		.text
 5059              		.section	.gnu.lto_.symbol_nodes.6c44ca83,"e",%progbits
 5060 0000 789C75D4 		.ascii	"x\234u\324;o\323P\024\007\360{\377\247\211\3338\215"
 5060      3B6FD350 
 5060      1407F07B 
 5060      FFA789DB 
 5060      388D
 5061 0012 5BBB4D5A 		.ascii	"[\273MZ\367\341$M\031YX\230\371*\360)X\216S\205\005"
 5061      F7E1244D 
 5061      19595898 
 5061      F92AF029 
ARM GAS  C:\Users\nello\AppData\Local\Temp\cc46pQ2n.s 			page 208


 5061      588E5385 
 5062 0027 31B41B61 		.ascii	"1\264\033a@\014\036P\007\026&\030\253H]*\336m)P\036"
 5062      400C1E50 
 5062      07162618 
 5062      AB485D2A 
 5062      DE6D2950 
 5063 003c 2594F210 		.ascii	"%\224\362\020 \001\342%d\234\370\272\251D\317\235\376"
 5063      2001E225 
 5063      649CF8BA 
 5063      A944CF9D 
 5063      FE
 5064 004d 3ABF738F 		.ascii	":\277s\217\257\254k\177\314)\245\320&V\277\3428&\275"
 5064      AFAC6B7F 
 5064      CC29A5D0 
 5064      2656BFE2 
 5064      3826BD
 5065 0060 7C472956 		.ascii	"|G)V\352V\253\331\014\241\264\352-\334\005\3530YC\031"
 5065      EA56ABD9 
 5065      0CA1B4EA 
 5065      2DDC05EB 
 5065      30594319 
 5066 0074 DF0E9B3A 		.ascii	"\337\016\233:\303{`H\250\337\201)6+\3507(\025^\013{"
 5066      C37B6048 
 5066      A8DF8129 
 5066      362BE837 
 5066      28155E0B 
 5067 0089 9A7B0F55 		.ascii	"\232{\017U\355\015\270\017\036\022\247?\000\347D|\010"
 5067      ED0DB80F 
 5067      1E12A73F 
 5067      00E7447C 
 5067      08
 5068 009a CE8BF808 		.ascii	"\316\213\370\010l\211\270\011\036\026q\013<\"\3426\270"
 5068      6C89B809 
 5068      1E16710B 
 5068      3C22E236 
 5068      B8
 5069 00ab 101F7D55 		.ascii	"\020\037}UGq\007l_\276\271\277q,>\006\027\305\261O\300"
 5069      4771076C 
 5069      5FBEB9BF 
 5069      712C3E06 
 5069      17C5B14F 
 5070 00c0 A3223E05 		.ascii	"\243\">\005\227D|\006vD\334\005\217\211\370\034<.\342"
 5070      97447C06 
 5070      7644DC05 
 5070      8F89F81C 
 5070      3C2EE2
 5071 00d3 0BB02BE2 		.ascii	"\013\260+\342K\260'\342+\360\204\210{\340I\021_\203"
 5071      4BB027E2 
 5071      2BF08488 
 5071      7BE04911 
 5071      5F83
 5072 00e5 CB2276C1 		.ascii	"\313\"v\301\025\021\337\200\247D\334\007O\213\370\026"
 5072      1511DF80 
 5072      A744DC07 
 5072      4F8BF816 
 5073 00f5 EC8B7800 		.ascii	"\354\213x\000\236\371\362\373\372\351\343\256\3667\360"
 5073      9EF9F2FB 
ARM GAS  C:\Users\nello\AppData\Local\Temp\cc46pQ2n.s 			page 209


 5073      FAE9E3AE 
 5073      F637F0
 5074 0104 EC7F573B 		.ascii	"\354\177W;\354_m\375\035<'\331'\360\274d\237\301\201"
 5074      EC5F6DFD 
 5074      1D3C27D9 
 5074      27F0BC64 
 5074      9FC181
 5075 0117 643FC155 		.ascii	"d?\301U\311~\200k\222\375\001\327%\373\013^\220,\006"
 5075      C97E806B 
 5075      92FD01D7 
 5075      25FB0B5E 
 5075      902C06
 5076 012a 37240B89 		.ascii	"7$\013\211\027\005#5\277\265\272\271\252u\344\223\232"
 5076      17052335 
 5076      BFB5BAB9 
 5076      AA75E493 
 5076      9A
 5077 013b 4B63D7A3 		.ascii	"Kc\327\243\234\371G\254\025(o\342\031\312\007i:G\326"
 5077      9CF947AC 
 5077      15286FE2 
 5077      19CA0769 
 5077      3A47D6
 5078 014e 80AD6A1A 		.ascii	"\200\255j\032#\233\206M\354\234\247\221\254Z [-\177"
 5078      239B864D 
 5078      EC9CA791 
 5078      AC5A205B 
 5078      2D7F
 5079 0160 BDF141E9 		.ascii	"\275\361A\351\245\022\025\203\203\215\366)\335\261\251"
 5079      A5121583 
 5079      838DF629 
 5079      DDB1A9
 5080 016f 584FBDE5 		.ascii	"XO\275\345&1\375\004;^\022w\257^<\251\243\012\025kW"
 5080      2631FD04 
 5080      3B5E1277 
 5080      AF5E3CA9 
 5080      A30A156B 
 5081 0184 FAC55640 		.ascii	"\372\305V@\243\346+\\\263\2504\330U\252\265\323\006"
 5081      A3E62B5C 
 5081      B3A834D8 
 5081      55AAB5D3 
 5081      06
 5082 0195 9F4A765A 		.ascii	"\237JvZ]:K\316\2029\201K\343\015\323k\223\273\230\306"
 5082      5D3A4BCE 
 5082      8239814B 
 5082      E30DD36B 
 5082      93BB98C6 
 5083 01a9 6E815C33 		.ascii	"n\201\\3\241\353\220\3330\023\312\344\015\032\274\372"
 5083      A1EB90DB 
 5083      3013CAE4 
 5083      0D1ABCFA 
 5084 01b9 E104CF34 		.ascii	"\341\004\3174t|\2328a\252\026M\326\016c9;N\022Mo2\241"
 5084      747C9A38 
 5084      61AA164D 
 5084      D60E6339 
 5084      3B4E124D 
 5085 01d0 12EC5CDA 		.ascii	"\022\354\\\332[A\257a\252\232\306\244a:\213\016\371"
 5085      5B41AF61 
ARM GAS  C:\Users\nello\AppData\Local\Temp\cc46pQ2n.s 			page 210


 5085      AA9AC6A4 
 5085      613A8B0E 
 5085      F9
 5086 01e1 665B9427 		.ascii	"f[\224'?;\203C3f[\344\321l\260ra{=y\260\243\376\001"
 5086      3F3B8343 
 5086      33665BE4 
 5086      D16CB072 
 5086      617B3D79 
 5087 01f9 6BD8CEBA 		.ascii	"k\330\316\272"
 5088              		.text
 5089              		.section	.gnu.lto_.refs.6c44ca83,"e",%progbits
 5090 0000 789C8B66 		.ascii	"x\234\213f```ebbVa`b\261\006\3423@>\3139\006\006F\226"
 5090      60606065 
 5090      62625661 
 5090      6062B106 
 5090      E233403E 
 5091 001a CB40090E 		.ascii	"\313@\011\016&fM\240\240\035\020\237\007I\\\004I\\\003"
 5091      26664DA0 
 5091      A01D109F 
 5091      07495C04 
 5091      495C03
 5092 002d 123C0C2C 		.ascii	"\022<\014,,\014\214|`\222\037D2\211\202H\006\026!\006"
 5092      2C0C8C7C 
 5092      60921F44 
 5092      32898248 
 5092      06162106 
 5093 0041 4631B0A8 		.ascii	"F1\260\250\024\230\017\000\247\244\007\010"
 5093      14980F00 
 5093      A7A40708 
 5094              		.text
 5095              		.section	.gnu.lto_.decls.6c44ca83,"e",%progbits
 5096 0000 789CAD7B 		.ascii	"x\234\255{yXTW\266\357\331g\327D\001\202\2421\351N\214"
 5096      79585457 
 5096      B6EFD967 
 5096      D7440182 
 5096      A231E94E 
 5097 0015 C9352FE6 		.ascii	"\3115/\346v\022\207\214}\357\037mn\322\351k\017\351"
 5097      7612878C 
 5097      7DEF1F6D 
 5097      6ED2E96B 
 5097      0FE9
 5098 0027 7C31DD49 		.ascii	"|1\335I\336\355\367\270\004J\344\205\251\253\012\215"
 5098      DEEDF7B8 
 5098      044AE485 
 5098      A9AB0A8D 
 5099 0037 F7766E17 		.ascii	"\367vn\027\012\002*\2038\241\240\340<c\251(\010\016"
 5099      0A022A83 
 5099      38A1A0E0 
 5099      3C63A928 
 5099      080E
 5100 0049 080E200E 		.ascii	"\010\016 \0168\343\204\2422(\250\010\016 (o\255\275"
 5100      38E384A2 
 5100      3228A808 
 5100      0E20286F 
 5100      ADBD
 5101 005b CF545587 		.ascii	"\317TU\207\304\373\276G\262\352\234\263\317\032~k\355"
 5101      C4FBBE47 
ARM GAS  C:\Users\nello\AppData\Local\Temp\cc46pQ2n.s 			page 211


 5101      B2EA9CB3 
 5101      CF1A7E6B 
 5101      ED
 5102 006c B5D71EAA 		.ascii	"\265\327\036\252\254\370'A\030\347/\0109\301\202\320"
 5102      ACF82741 
 5102      18E72F08 
 5102      39C182D0 
 5103 007c 077F2F0A 		.ascii	"\007\177/\012\202p\002\010\257\273\200v\003\035\002"
 5103      82700208 
 5103      AFBB8076 
 5103      031D02
 5104 008b AA023A02 		.ascii	"\252\002:\002t\024\350\024\320i\2403@g\201.\023A\250"
 5104      7414E814 
 5104      D069A033 
 5104      4067812E 
 5104      1341A8
 5105 009e 07BA0A14 		.ascii	"\007\272\012\024\011\317\327\340\272\006\310\015t\035"
 5105      09CFD7E0 
 5105      BA06C80D 
 5105      741D
 5106 00ac E826D02D 		.ascii	"\350&\320-\240V\2402x_\017\324\015\367&\270\372\021"
 5106      A056A032 
 5106      785F0FD4 
 5106      0DF726B8 
 5106      FA11
 5107 00be 6EEB315C 		.ascii	"n\3531\\\361\357\177\000\211\"\264\003\005\003\205\000"
 5107      F1EF7F00 
 5107      8922B403 
 5107      05038500 
 5108 00ce 0D011A0A 		.ascii	"\015\001\032\012\364\002\320+@\257\001\275\016D\200"
 5108      F402D02B 
 5108      40AF01BD 
 5108      0E4480
 5109 00dd 7E01F416 		.ascii	"~\001\364\026\320\030\240\367\200>\000\372g\240_\001"
 5109      D018A0F7 
 5109      803E00FA 
 5109      67A05F01 
 5110 00ed 7D02F429 		.ascii	"}\002\364)\320o\201\376\010\364%\320\237\201\276\006"
 5110      D06F81FE 
 5110      08F425D0 
 5110      9F81BE06 
 5111 00fd FA77201B 		.ascii	"\372w \033P$P\024\220\035\310\0114\025\350\007\240T"
 5111      50245014 
 5111      901DC809 
 5111      3415E807 
 5111      A054
 5112 010f A0994099 		.ascii	"\240\231@\231@\331@\363\320\036`[ \012\036\177!\006"
 5112      40D940F3 
 5112      D01E605B 
 5112      200A1E7F 
 5112      2106
 5113 0121 41780EAE 		.ascii	"Ax\016\256\203\200\006\013<\016\2275~\242\337\013A&"
 5113      8380060B 
 5113      3C0E9735 
 5113      7EA2DF0B 
 5113      4126
 5114 0133 05AE76A0 		.ascii	"\005\256v\240X\2407%\237\337\200k>\274k\202\373\327"
ARM GAS  C:\Users\nello\AppData\Local\Temp\cc46pQ2n.s 			page 212


 5114      58A03725 
 5114      9FDF806B 
 5114      3EBC6B82 
 5114      FBD7
 5115 0145 815E83E7 		.ascii	"\201^\203\347K@\313\201:\341\371\011\352\007\232\014"
 5115      4B40CB81 
 5115      3AE1F909 
 5115      EA079A0C 
 5116 0155 CF0EA018 		.ascii	"\317\016\240\030\240$\240\277\001M\001r\001\375\027"
 5116      A024A0BF 
 5116      014D0172 
 5116      01FD17
 5117 0164 5022D054 		.ascii	"P\"\320T\240\357\201N\001\025\000\375'P\007\310\336"
 5117      A0EF814E 
 5117      011500FD 
 5117      275007C8 
 5117      DE
 5118 0175 034A86FB 		.ascii	"\003J\206\373^\270\376\007\\\015\002\217\355J\240\265"
 5118      5EB8FE07 
 5118      5C0D028F 
 5118      ED4AA0B5 
 5119 0185 401BBDFC 		.ascii	"@\033\275\374\301\277W\014\274\037\264>u\367\343\327"
 5119      C1BF570C 
 5119      BC1FB43E 
 5119      75F7E3D7 
 5120 0195 41B8DF0B 		.ascii	"A\270\337\013\327\223\222\017\330\377]\204\347\014\372"
 5120      D793920F 
 5120      D8FF5D84 
 5120      E70CFA
 5121 01a4 1C0AF447 		.ascii	"\034\012\364G\240q\204\347\015\346L9\360\227\210<\277"
 5121      A07184E7 
 5121      0DE64C39 
 5121      F097883C 
 5121      BF
 5122 01b5 30A72EFD 		.ascii	"0\247.\375Dl^\223\342\201q\301\230\374\003\320\003\270"
 5122      446C5E93 
 5122      E28171C1 
 5122      98FC03D0 
 5122      03B8
 5123 01c7 BF07340D 		.ascii	"\277\0074\015h\006\320\377\002\372\337@\237\001\265"
 5123      6806D0FF 
 5123      02FADF40 
 5123      9F01B5
 5124 01d6 037D0174 		.ascii	"\003}\001t\037\350K\240\011@;@W1\320C\214\013\371\357"
 5124      1FE84BA0 
 5124      09403B40 
 5124      5731D043 
 5124      8C0BF9EF 
 5125 01ea C5F43F35 		.ascii	"\305\364?5q\325\213)\346q\260\024S?M\\C\372\311\231"
 5125      71D58B29 
 5125      E671B014 
 5125      533F4D5C 
 5125      43FAC999 
 5126 01fe 5F407CFD 		.ascii	"_@|\375t\342\2131\252\000\336C@U@A\222\234Y\340c\340"
 5126      74E28B31 
 5126      AA00DE43 
 5126      40554041 
ARM GAS  C:\Users\nello\AppData\Local\Temp\cc46pQ2n.s 			page 213


 5126      929C59E0 
 5127 0214 18502DD0 		.ascii	"\030P-\320)\2403@u\322\030\361\376\033\005\372-:\372"
 5127      29A03340 
 5127      75D218F1 
 5127      FE1B05FA 
 5127      2D3AFA
 5128 0227 659DE781 		.ascii	"e\235\347\201FHrT\340c+X\312\177\357\277w@W\3003b\275"
 5128      46487254 
 5128      E0632B58 
 5128      CA7FEFBF 
 5128      774057C0 
 5129 023e 20F2587C 		.ascii	" \362X|/\351A\014/\374\010\356\251:\366>\326\311=\314"
 5129      2FE9410C 
 5129      2FFC08EE 
 5129      A93AF63E 
 5129      D6C93DCC 
 5130 0252 29AC2D98 		.ascii	")\254-\230w\327$\333r.\312y\2109\210\371'c\302\334\303"
 5130      77D724DB 
 5130      722ECA79 
 5130      883988F9 
 5130      2763C2DC 
 5131 0267 DC94F34F 		.ascii	"\334\224\363O\3169\314\265\213\342\177/\337\264~\275"
 5131      CE39CCB5 
 5131      8BE27F2F 
 5131      DFB47EBD 
 5132 0277 24E8E7DC 		.ascii	"$\350\347\334\027:\271\366\3773\307\260\017^\361\212"
 5132      173AB9F6 
 5132      FF33C7B0 
 5132      0F5EF18A 
 5133 0287 A577BEC9 		.ascii	"\245w\276\311\261\015\221b\253\227{\277\323\311=m_z"
 5133      B10D9162 
 5133      AB977BBF 
 5133      D3C93D6D 
 5133      5F7A
 5134 0299 F721E6DE 		.ascii	"\367!\346\336k\375\364\241^\377\375\261\037\375/z\365"
 5134      6BFDF4A1 
 5134      5EFFFDB1 
 5134      1FFD2F7A 
 5134      F5
 5135 02aa 0DC618F1 		.ascii	"\015\306\030\361M\225\306\317\353\375\330\360\376\243"
 5135      4D95C6CF 
 5135      EBFDD8F0 
 5135      FEA3
 5136 02b8 A03F10AE 		.ascii	"\240?\020\256\223\372\261\361\215\216\235K\250GT\355"
 5136      93FAB1F1 
 5136      8D8E9D4B 
 5136      A84754ED 
 5137 02c8 A14F44B2 		.ascii	"\241OD\262'\333\221\355\212:6\377M\362Ik\323\317+n\227"
 5137      27DB91ED 
 5137      8A3A36FF 
 5137      4DF2496B 
 5137      D3CF2B6E 
 5138 02dd 81FE5192 		.ascii	"\201\376Q\2225\012|N\322\372\363\013\035\275_\201\336"
 5138      350A7C4E 
 5138      D2FAF30B 
 5138      1DBD5F81 
 5138      DE
ARM GAS  C:\Users\nello\AppData\Local\Temp\cc46pQ2n.s 			page 214


 5139 02ee 1774F4A2 		.ascii	"\027t\364\242?r^cl\320\257\006\221\347<\346o\025\341"
 5139      3F725E63 
 5139      6CD0AF06 
 5139      91E73CE6 
 5139      6F15E1
 5140 0301 BE0D95F2 		.ascii	"\276\015\225\362S\036\317\327\200\256\213\334\3477\244"
 5140      531ECFD7 
 5140      80AE8BDC 
 5140      E737A4
 5141 0310 1CBE01CF 		.ascii	"\034\276\001\317\177\003\202)^8\013m\373\201~\000zI"
 5141      7F038229 
 5141      5E380B6D 
 5141      FB817E00 
 5141      7A49
 5142 0322 CAAD6429 		.ascii	"\312\255d)\007\377&\345 \346\035\346\037\216]\304\334"
 5142      07FF26E5 
 5142      20E61DE6 
 5142      1F8E5DC4 
 5142      DC
 5143 0333 02D406D4 		.ascii	"\002\324\006\324\016\324)\325\010\234\033q\216\024\245"
 5143      0ED429D5 
 5143      089C1B71 
 5143      8E14A5
 5144 0342 FCDAE7E5 		.ascii	"\374\332\347\345W\270\344\227\267O\343$\237d\177\320"
 5144      57B8E497 
 5144      B74FE324 
 5144      9F647FD0 
 5145 0352 37AD4FDA 		.ascii	"7\255O\332~\303q)\373\203>\342x\225}\031\252\351S?\215"
 5145      7EC37129 
 5145      FB833EE2 
 5145      78957D19 
 5145      AAE9533F 
 5146 0367 5F38C692 		.ascii	"_8\306\222\245\332\376W\311?\331W\364\177\214W\237w"
 5146      A5DAFE57 
 5146      C93FD957 
 5146      F47F8C57 
 5146      9F77
 5147 0379 493EC97D 		.ascii	"I>\311}$\373E~\304\267\357\300\267`m\356i\362\357\365"
 5147      24FB457E 
 5147      C4B7EFC0 
 5147      B7606DEE 
 5147      69F2EFF5 
 5148 038d 1FF147AE 		.ascii	"\037\361G\2567X\207\006I\276\313\270]\304\263V`\354"
 5148      37588706 
 5148      49BECBB8 
 5148      5DC4B356 
 5148      60EC
 5149 039f DFF3C2AA 		.ascii	"\337\363\302\252\3059\263\237\261\035\007\330\254?2"
 5149      C539B39F 
 5149      B11D07D8 
 5149      AC3F32
 5150 03ae 36B478DE 		.ascii	"6\264x\336\220\306\337\337\244\361\367\3013\216\277"
 5150      90C6DFDF 
 5150      A4F1F7C1 
 5150      338EBF
 5151 03bd 293A36DC 		.ascii	"):6\334^c\241[\352\343\014I\036\375\371g/\375=\032\033"
 5151      5E63A15B 
ARM GAS  C:\Users\nello\AppData\Local\Temp\cc46pQ2n.s 			page 215


 5151      EAE30C49 
 5151      1EFDF967 
 5151      2FFD3D1A 
 5152 03d2 993A76FE 		.ascii	"\231:v\376n\340\372\265v\3445%\332\222\363G[\363{\201"
 5152      6EE0FAB5 
 5152      76E43525 
 5152      DA92F347 
 5152      5BF37B81 
 5153 03e6 E668C681 		.ascii	"\346h\306\2017\016\254\033\277\362\212k\217\006\323"
 5153      370EAC1B 
 5153      BFF28A6B 
 5153      8F06D3
 5154 03f5 53E48309 		.ascii	"S\344\203\011\321H\371\232/\265\037li\200m\240\027\256"
 5154      D148F99A 
 5154      2FB51F6C 
 5154      69806DA0 
 5154      17AE
 5155 0407 71123619 		.ascii	"q\0226\031\023\342{V\\\003\004\276V\325\342B\014z\330"
 5155      13E27B56 
 5155      5C0304BE 
 5155      56D5E242 
 5155      0C7AD8
 5156 041a FC7F025B 		.ascii	"\374\177\002[\2724\367k\343\246\355\0339\377\360\017"
 5156      BA34F76B 
 5156      E3A6ED1B 
 5156      39FFF00F 
 5157 042a EBE0A7FD 		.ascii	"\353\340\247\375\364\373<\035\335\363\015\034\253v\\"
 5157      F4FB3C1D 
 5157      DDF30D1C 
 5157      AB765C
 5158 0439 3F26EA9A 		.ascii	"?&\352\232W\316\373\353\232\372tC\362\025\307-\326E"
 5158      57CEFBEB 
 5158      9AFA7443 
 5158      F215C72D 
 5158      D645
 5159 044b 6D0D7A01 		.ascii	"m\015z\001\350g\204\257A~+\345\370\017\375\344v\276"
 5159      E86784AF 
 5159      417E2BE5 
 5159      F80FFDE4 
 5159      76BE
 5160 045d 81AF85BD 		.ascii	"\201\257\205\275m\273%\373z\365D\216\267\026\2176\366"
 5160      6DBB25FB 
 5160      7AF5448E 
 5160      B7168F36 
 5160      F6
 5161 046e 061D3CD8 		.ascii	"\006\035<\330\366G\011\213\034c=<\353\014\274\246h\343"
 5161      F647098B 
 5161      1C633D3C 
 5161      EB0CBCA6 
 5161      68E3
 5162 0480 8C78E45A 		.ascii	"\214x\344Z\247\265)\327gT\361\203\3443\336\343~Do\315"
 5162      A7B529D7 
 5162      6754F183 
 5162      E433DEE3 
 5162      7E446FCD 
 5163 0494 B54967BE 		.ascii	"\265Ig\276\361\326\215\363\264<G\343\005\3675z\363\361"
 5163      F1D68DF3 
ARM GAS  C:\Users\nello\AppData\Local\Temp\cc46pQ2n.s 			page 216


 5163      B43C47E3 
 5163      05F7357A 
 5163      F3F1
 5164 04a6 1669FDA6 		.ascii	"\026i\375\246\247k\234\244O\316\015o\275\230G_{\345"
 5164      A76B9CA4 
 5164      4FCE0D6F 
 5164      BD98475F 
 5164      7BE5
 5165 04b8 C79FC51F 		.ascii	"\307\237\305\037\237\377\367\351\364\323MM?\335\372"
 5165      9FFFF7E9 
 5165      F4D34D4D 
 5165      3FDDFA
 5166 04c7 89BE6A91 		.ascii	"\211\276j\221\346-m?i\363\246\211\250\353#l\307}\334"
 5166      E62D6D3F 
 5166      69F3A689 
 5166      A8EB236C 
 5166      C77DDC
 5167 04da CA67E8AF 		.ascii	"\312g\350\257\032\251nk\343pS\212\303-\011[ U\355\007"
 5167      1AA96E6B 
 5167      E370538A 
 5167      C32D095B 
 5167      2055ED07 
 5168 04ee 50BE5FF5 		.ascii	"P\276_\365\356C\264\251\305 \367'\266\343~2\010\344"
 5168      EE43B4A9 
 5168      C520F727 
 5168      B6E37E32 
 5168      08E4
 5169 0500 06020DA5 		.ascii	"\006\002\015\245\372}{\374Gp\240}\031\013b\360\266\215"
 5169      FA7D7BFC 
 5169      4770A07D 
 5169      190B62F0 
 5169      B68D
 5170 0512 D8645C68 		.ascii	"\330d\\h\317\033C\223\324\216{Z\264/c\321\303a\324\251"
 5170      CF1B4393 
 5170      D48E7B5A 
 5170      B42F63D1 
 5170      C361D4A9 
 5171 0526 AFF25C81 		.ascii	"\257\362\\\201\030p\355\214\361\217\224p \0369Op\356"
 5171      1870ED8C 
 5171      F18F9470 
 5171      201E394F 
 5171      70EE
 5172 0538 C0FD1E9E 		.ascii	"\300\375\036\236\023<\017\372\377*\365\247v\375\200"
 5172      133C0FFA 
 5172      FF2AF5A7 
 5172      76FD80
 5173 0547 F30AAE93 		.ascii	"\363\012\256\223\377.\315\275lN\365\252q/R\276\276\220"
 5173      FF2ECDBD 
 5173      6C4EF5AA 
 5173      712F52BE 
 5173      BE90
 5174 0559 734BDE87 		.ascii	"sK\336\207c\377y\317\273\331\224\014\"\006\370\034L"
 5174      63FF79CF 
 5174      BBD9940C 
 5174      2206F81C 
 5174      4C
 5175 056a 865351C8 		.ascii	"\206SQ\310\245\246'\247\317\324\232\255?'\004\376/w"
ARM GAS  C:\Users\nello\AppData\Local\Temp\cc46pQ2n.s 			page 217


 5175      A5A627A7 
 5175      CFD49AAD 
 5175      3F2704FE 
 5175      2F77
 5176 057c B95A5C15 		.ascii	"\271Z\\\025\211T \357\220\321\002\331AH1\021H\011!;"
 5176      895420EF 
 5176      90D102D9 
 5176      41483111 
 5176      4809213B 
 5177 0590 8908B7D3 		.ascii	"\211\010\267\323\\\256\336\227\341\232K\305\202\247"
 5177      5CAEDE97 
 5177      E19A4BC5 
 5177      82A7
 5178 059e B5EBFCAD 		.ascii	"\265\353\374\255\310_\256\317\017<W\226\344\317\011"
 5178      C85FAECF 
 5178      0F3C5796 
 5178      E4CF09
 5179 05ad 08009E76 		.ascii	"\010\000\236vWA\205\201\224\022\262\235\220\"\2340\313"
 5179      57418581 
 5179      9412B29D 
 5179      90229C30 
 5179      CB
 5180 05be E00318B6 		.ascii	"\340\003\030\266g\247\25472\206r}\206\3443M\255A\252"
 5180      67A7AC37 
 5180      3286727D 
 5180      86E4334D 
 5180      AD41AA
 5181 05d1 86329561 		.ascii	"\2062\225a7a\276\214$\177g\237\0025\013\243\\\354\357"
 5181      3761BE8C 
 5181      247F679F 
 5181      02350BA3 
 5181      5CECEF
 5182 05e4 DA508194 		.ascii	"\332P\201\224\023\346\354\207\376\3643\356\261\205y"
 5182      13E6EC87 
 5182      FEF433EE 
 5182      B18579
 5183 05f3 5C8E3AA7 		.ascii	"\\\216:\247\325\347\256\265 \362\373\256\362\234,\223"
 5183      D5E7AEB5 
 5183      20F2FBAE 
 5183      F29C2C93 
 5184 0603 40F61352 		.ascii	"@\366\023R\011\250+\010\350\331G\310^B\366 \372\243"
 5184      09A82B08 
 5184      E8D947C8 
 5184      5E42F620 
 5184      FAA3
 5185 0615 D366EF1E 		.ascii	"\323f\357\036\240\332>\240\332>\310\301]\315:q\305\242"
 5185      A0DA3EA0 
 5185      DA3EC8C1 
 5185      5DCD3A71 
 5185      C5A2
 5186 0627 A2F765C8 		.ascii	"\242\367e\310\332\276\273\320\242j8\2502Tq\364\257\023"
 5186      DABEBBD0 
 5186      A26A38A8 
 5186      325471F4 
 5186      AF13
 5187 0639 3C2A0A62 		.ascii	"<*\012bw\002\375\006e\032V]\3142[\231\322\362$?A\222"
 5187      7702FD06 
ARM GAS  C:\Users\nello\AppData\Local\Temp\cc46pQ2n.s 			page 218


 5187      651A565D 
 5187      CC325B99 
 5187      D2F2243F 
 5188 064f 20350458 		.ascii	" 5\004X\000\334aB\252\021\\\316\256\252+\006U\365\353"
 5188      00DC6142 
 5188      AA115CCE 
 5188      AEAA2B06 
 5188      55F5EB
 5189 0662 8AE6A3DC 		.ascii	"\212\346\243\334\364\315\256\244\326 \254\301$\222\304"
 5189      F4CDAEA4 
 5189      D620ACC1 
 5189      2492C4
 5190 0671 B108882C 		.ascii	"\261\010\210,\002\301\360\256\347F\321tq(D\252\315\345"
 5190      02C1F0AE 
 5190      E746D174 
 5190      712844AA 
 5190      CDE5
 5191 0683 1A4C2691 		.ascii	"\032L&\221ZB\216\243\350\011\260s\214\213'e$\327\233"
 5191      5A428EA3 
 5191      E809B073 
 5191      8C8B2765 
 5191      24D79B
 5192 0696 54F52754 		.ascii	"T\365'T\344'\011\300@\226\375\213/\344ZU\357\365Xfv"
 5192      E42709C0 
 5192      4096FD8B 
 5192      2FE45A55 
 5192      EFF55866 
 5193 06ab 9C495095 		.ascii	"\234IP\225\234T9Ns+;W\264\255\011TULR\336G\362\370\236"
 5193      9C54394E 
 5193      732B3B57 
 5193      B4AD0954 
 5193      554C52DE 
 5194 06c3 DDF31755 		.ascii	"\335\363\027U<Ry{\226Hi\274\226\260\313\207\354\263"
 5194      3C52797B 
 5194      964869BC 
 5194      96B0CB87 
 5194      ECB3
 5195 06d5 5D600EBA 		.ascii	"]`\016\272\3144\214\277m\021h4\2529\343:\232\307\372"
 5195      CC348CBF 
 5195      6D116834 
 5195      AA39E33A 
 5195      9AC7FA
 5196 06e8 BBDDD56F 		.ascii	"\273\335\325oD\231\300U\201&\010\364\007\224\271\321"
 5196      4499C055 
 5196      812608F4 
 5196      0794B9D1 
 5197 06f8 B9F17E50 		.ascii	"\271\361~P\010\317'\236K\244\201\220k\3141\206\355\356"
 5197      08CF279E 
 5197      4BA48190 
 5197      6BCC3186 
 5197      EDEE
 5198 070a D545859A 		.ascii	"\325E\205\232\324\276\246\372\206\305\237\302\256\226"
 5198      D4BEA6FA 
 5198      86C59FC2 
 5198      AE96
 5199 0718 66B2181C 		.ascii	"f\262\030\034|P3\337\350k\275\321\307z\235@sAj%\320"
 5199      7C5033DF 
ARM GAS  C:\Users\nello\AppData\Local\Temp\cc46pQ2n.s 			page 219


 5199      E86BBDD1 
 5199      C77A9D40 
 5199      73416A25 
 5200 072d 3A2679ED 		.ascii	":&y\355\376\2465\242'\206[\204\264J\030\350V\3064\367"
 5200      FEA635A2 
 5200      27865B84 
 5200      B44A18E8 
 5200      56C634F7 
 5201 0741 705AABD5 		.ascii	"pZ\253\325\223\251MeB-\267\247Wir\360\266\012\364\016"
 5201      93A94D65 
 5201      422DB7A7 
 5201      576972F0 
 5201      B60AF40E 
 5202 0755 02DD8D5A 		.ascii	"\002\335\215ZL\347\356\334\313\367\017\0311\002\224"
 5202      4CE7EEDC 
 5202      CBF70F19 
 5202      310294
 5203 0764 24811E83 		.ascii	"$\201\036\2032&\300`;\352\"\035\204\340)\221\000\212"
 5203      3226C060 
 5203      3BEA221D 
 5203      84E02991 
 5203      008A
 5204 0776 BAE667DC 		.ascii	"\272\346g\334\277\376\017\313RR\\Y\211\024\264\220\273"
 5204      BFFE0FCB 
 5204      52525C59 
 5204      8914B490 
 5204      BB
 5205 0787 8C49563B 		.ascii	"\214IV;J@'\221\321\2351=\305\025\234\024\200<7}x\306"
 5205      4A402791 
 5205      D19D313D 
 5205      C5159C14 
 5205      803C377D 
 5206 079d 20BAC6CE 		.ascii	" \272\306\316k'\002B|\314\266y\233e\021\252\205\010"
 5206      6B270242 
 5206      7CCCB679 
 5206      9B6511AA 
 5206      8508
 5207 07af 89025D21 		.ascii	"\211\002]!\262\364[\331u\213z:\376\220\220Grt60\246"
 5207      B2F45BD9 
 5207      758B7A3A 
 5207      FE909047 
 5207      72743630 
 5208 07c4 75EEFB73 		.ascii	"u\356\373s\315\236L]*\0230,"
 5208      CD9E4C5D 
 5208      2A13302C 
 5209 07d0 BF579662 		.ascii	"\277W\226bT\243\323\255B|\314R\324\320\267k\31591\004"
 5209      54A3D3AD 
 5209      427CCC52 
 5209      D4D0B76B 
 5209      CD393104 
 5210 07e4 03D3CE11 		.ascii	"\003\323\316\021J\375\007\266z\030\302^)*\356\356\022"
 5210      4AFD07B6 
 5210      7A18C25E 
 5210      292AEEEE 
 5210      12
 5211 07f5 97CB2F00 		.ascii	"\227\313/\000\344\320\327\036\035_\327>x\270\332\020"
 5211      E4D0D71E 
ARM GAS  C:\Users\nello\AppData\Local\Temp\cc46pQ2n.s 			page 220


 5211      1D5FD73E 
 5211      78B8DA10 
 5212 0805 E2A3A9CB 		.ascii	"\342\243\251\313C\023\335\016\036\026\003\355\001:\000"
 5212      4313DD0E 
 5212      1E1603ED 
 5212      013A00
 5213 0814 74847BDB 		.ascii	"t\204{\333x*\313\350\351\3104\221L\027\025G\016>*\334"
 5213      782ACBE8 
 5213      E9C83491 
 5213      4C171547 
 5213      0E3E2ADC 
 5214 0828 A02994F0 		.ascii	"\240)\224\360F\266\237\004\023\001\205\231\017Bhb\345"
 5214      46B69F04 
 5214      13018599 
 5214      0F426862 
 5214      E5
 5215 0839 C6CCEE50 		.ascii	"\306\314\356P\323\367\264\201i\277{\366L\205\311\352"
 5215      D3F7B481 
 5215      69BF7BF6 
 5215      4C85C9EA 
 5216 0849 F2CED154 		.ascii	"\362\316\321T\021\370\000X\212Hf\210\264\031\300\334"
 5216      11F80058 
 5216      8A486688 
 5216      B419C0DC 
 5217 0859 66EC4929 		.ascii	"f\354I)\213\252\275\022s\226HfK`\350#\316\364 \377\241"
 5217      8BAABD12 
 5217      73964866 
 5217      4B60E823 
 5217      CEF420FF 
 5218 086e 17E27495 		.ascii	"\027\342t\225\011\030\316.Z\264YT\021g\250\210q\351"
 5218      0918CE2E 
 5218      5AB45954 
 5218      1167A888 
 5218      71E9
 5219 0880 415D9431 		.ascii	"A]\2241\335_S\037\250\303D\262D\306\006,\315\315\213"
 5219      DD5F531F 
 5219      A8C344B2 
 5219      44C6062C 
 5219      CDCD8B
 5220 0893 57F8AB2C 		.ascii	"W\370\253,sT=\270\274\247s\251@\027\003\255@}\203n\224"
 5220      73543DB8 
 5220      BCA773A9 
 5220      401703AD 
 5220      407D836E 
 5221 08a8 B52E2723 		.ascii	"\265.'#\006\217\340\177\230\314E\271{\252\007\345\201"
 5221      068FE07F 
 5221      98CC45B9 
 5221      7BAA07E5 
 5221      81
 5222 08b9 DF013072 		.ascii	"\337\0010r\211K$\013E\257\256\363\3561\001Y ,\213E\262"
 5222      894B240B 
 5222      45AFAEF3 
 5222      EE310159 
 5222      202C8B45 
 5223 08ce 44247922 		.ascii	"D$y\"Y$\222\034\221,\025\311\002\221\344\342\022\001"
 5223      5924921C 
 5223      912C15C9 
ARM GAS  C:\Users\nello\AppData\Local\Temp\cc46pQ2n.s 			page 221


 5223      0291E4E2 
 5223      1201
 5224 08e0 25F2D665 		.ascii	"%\362\326e\017\300\361\221&\222d\035\245\2107\263\232"
 5224      0FC0F191 
 5224      2692641D 
 5224      A58837B3 
 5224      9A
 5225 08f1 B3648B64 		.ascii	"\263d\213df?vo\255Q\264\314\327\327\342>\226\306\007"
 5225      663F766F 
 5225      AD51B4CC 
 5225      D7D7E23E 
 5225      96C607
 5226 0904 5913217D 		.ascii	"Y\023!}D\337P\252d(\222\314\355\307N\267jg^?h7IJ\222"
 5226      44DF50AA 
 5226      642892CC 
 5226      EDC74EB7 
 5226      6A675E3F 
 5227 091d 4492A8C3 		.ascii	"D\222\250\303\302\212\357h6N\253\004z\216b\303\213\200"
 5227      C28AEF68 
 5227      364EAB04 
 5227      7A8E62C3 
 5227      8B80
 5228 092f 885D047A 		.ascii	"\210]\004z\211ug\361\225\304\345|\321\240Yd\254\024"
 5228      897567F1 
 5228      95C4E57C 
 5228      D1A05964 
 5228      AC14
 5229 0941 8103E2B9 		.ascii	"\201\003\342\271B$\313\371$5\222\336\200\036\273\305"
 5229      4224CBF9 
 5229      243592DE 
 5229      801EBBC5 
 5230 0951 44EE6EBD 		.ascii	"D\356n\275\324\034\350-\262V+B;\200\271\2131_\356\336"
 5230      D41CE82D 
 5230      B2562B42 
 5230      3B80B98B 
 5230      315FEEDE 
 5231 0965 78CA8779 		.ascii	"x\312\207y\203\007s\242\201\027\223r\201\246\032\004"
 5231      830773A2 
 5231      81179372 
 5231      81A61A04 
 5232 0975 0ADB3C3A 		.ascii	"\012\333<:\327\200\262\033w\314^i\360L\330-\"\331*g"
 5232      D780B21B 
 5232      77CC5E69 
 5232      F04CD82D 
 5232      22D92A67 
 5233 0989 F572C654 		.ascii	"\365r\306TPYv\314\253\352lS\231p\312\277t[3-\027\251"
 5233      505976CC 
 5233      ABEA6C53 
 5233      9970CABF 
 5233      745B332D 
 5234 099f 51DA8EC9 		.ascii	"Q\332\216\311\350\226\214\277\311\334\274*\322b\251"
 5234      E8968CBF 
 5234      C9DCBC2A 
 5234      D262A9
 5235 09ae 61245F9E 		.ascii	"a$_\236\210\264Lj\030N!\341\350!f\264\355\300\315#\201"
 5235      88B44C6A 
 5235      184E21E1 
ARM GAS  C:\Users\nello\AppData\Local\Temp\cc46pQ2n.s 			page 222


 5235      E82166B4 
 5235      EDC0CD23 
 5236 09c3 BE53C85E 		.ascii	"\276S\310^Q3\205\320ZI\360yz\032\004\353\244\247`z\021"
 5236      513385D0 
 5236      5A49F079 
 5236      7A1A04EB 
 5236      A4A7607A 
 5237 09d8 9EEA811A 		.ascii	"\236\352\201\032\200n\0005\003\335\002\352@\325\317"
 5237      806E0035 
 5237      03DD02EA 
 5237      40D5CF
 5238 09e7 1DDF73F7 		.ascii	"\035\337s\367\2368bD\310\010\315\210\350m\276z\345\265"
 5238      9E386244 
 5238      C808CD88 
 5238      E86DBE7A 
 5238      E5B5
 5239 09f9 CAE9AEAA 		.ascii	"\312\351\256\252rX\017\212d\277H\216\253n\340\322UJ"
 5239      72580F8A 
 5239      64BF488E 
 5239      AB6EE0D2 
 5239      554A
 5240 0a0b BCAE749E 		.ascii	"\274\256t\236x\300S\343\301\243\244\225T\324\313DR*"
 5240      78C053E3 
 5240      C1A3A495 
 5240      54D4CB44 
 5240      522A
 5241 0a1d 0AE40863 		.ascii	"\012\344\010c\002\300\307DrR$\247ER+\222\263\"9!\222"
 5241      02C0C744 
 5241      725224A7 
 5241      45522B92 
 5241      B3223921 
 5242 0a32 A3223927 		.ascii	"\243\"9'\2223\"\301\325+S\336\243*\257\362P^I\324\371"
 5242      923322C1 
 5242      D52B53DE 
 5242      A32AAFF2 
 5242      505E49D4 
 5243 0a47 E589CA74 		.ascii	"\345\211\312t\320\203\351\200\2502u\253L\207}`J<\263"
 5243      D083E980 
 5243      A83275AB 
 5243      4C877D60 
 5243      4A3CB3
 5244 0a5a 33159E3D 		.ascii	"3\025\236=\036<\2735\212\036\253\212\252}!\361\230\244"
 5244      1E3CBB35 
 5244      8A1EAB8A 
 5244      AA7D21F1 
 5244      98A4
 5245 0a6c AA8AF6F9 		.ascii	"\252\212\366\371*\342<\275\252\236C\276\2509O\237\312"
 5245      2AE23CBD 
 5245      AA9E43BE 
 5245      A8394F9F 
 5245      CA
 5246 0a7d 53E91B7F 		.ascii	"S\351\033\177\000Dw\030\005\272\323\210\351\321\225"
 5246      00447718 
 5246      05BAD388 
 5246      E9D195
 5247 0a8c 727DFD00 		.ascii	"r}\375\000\317\234</\222\013jN\3466]\275\253\231\033"
 5247      CF9C3C2F 
ARM GAS  C:\Users\nello\AppData\Local\Temp\cc46pQ2n.s 			page 223


 5247      920B6A4E 
 5247      E6365DBD 
 5247      AB991B
 5248 0a9f 2EA8DAF0 		.ascii	".\250\332\360\000\237\036@-\246%\371G\022)d\002\262"
 5248      009F1E40 
 5248      2DA625F9 
 5248      47122964 
 5248      02B2
 5249 0ab1 551DCF60 		.ascii	"U\035\317`C\375\242H\352DrE\257`To\376\0149\000\331"
 5249      43FDA248 
 5249      EA447245 
 5249      AF60546F 
 5249      FE0C3900 
 5250 0ac6 2EC6C1FB 		.ascii	".\306\301\373X\011\252\332\371%\260o\200\316\277\304"
 5250      5809AADA 
 5250      F925B06F 
 5250      80CEBFC4 
 5251 0ad6 B8A0F32F 		.ascii	"\270\240\363/\213\244^\224g\364\000>\016\004z\022\274"
 5251      8BA45E94 
 5251      67F4003E 
 5251      0E047A12 
 5251      BC
 5252 0ae7 390B7499 		.ascii	"9\013t\231y\224\273\273\315\3455m\337\020I\243<\024"
 5252      7994BBBB 
 5252      CDE5356D 
 5252      DF1049A3 
 5252      3C14
 5253 0af9 EF32A6A6 		.ascii	"\3572\246\246\365\007\333\210'S\223\312\004\014\356"
 5253      F507DB88 
 5253      275393CA 
 5253      040CEE
 5254 0b08 F233BB35 		.ascii	"\3623\2735k\330f\325\015\334+\321\351&`\262\024\316"
 5254      6BD866D5 
 5254      0DDC2BD1 
 5254      E92660B2 
 5254      14CE
 5255 0b1a 3FDC62C1 		.ascii	"?\334b\301\374\307\314\257\315,\254\034\300\347\202"
 5255      FCC7CCAF 
 5255      CD2CAC1C 
 5255      C0E782
 5256 0b29 1611A7F1 		.ascii	"\026\021\247\361\326\376\223\272A\204\361\313p\2652"
 5256      D6FE93BA 
 5256      4184F1CB 
 5256      70B532
 5257 0b38 BF6E89A4 		.ascii	"\277n\211\244M$\267\345\374\335,-}@\317]\037=<\241\332"
 5257      4D24B7E5 
 5257      FCDD2C2D 
 5257      7D40CF5D 
 5257      1F3D3CA1 
 5258 0b4d 4B56F030 		.ascii	"KV\3600\327\303\222A\324\362H\011\005>,s\337/0\205\370"
 5258      D7C39241 
 5258      D4F24809 
 5258      053E2C73 
 5258      DF2F3085 
 5259 0b62 586DD2B1 		.ascii	"Xm\322\261JSM\002\315`N5?]\333\020\210\263\234\213M"
 5259      4A534D02 
 5259      CD604E35 
ARM GAS  C:\Users\nello\AppData\Local\Temp\cc46pQ2n.s 			page 224


 5259      3F5DDB10 
 5259      88B39C8B 
 5260 0b77 70475649 		.ascii	"pGVI\023\334\023XV\211\244\343\247\234\022\220\005\224"
 5260      13DC1358 
 5260      5689A4E3 
 5260      A79C1290 
 5260      0594
 5261 0b89 DF13C97D 		.ascii	"\337\023\311}\221tJ3\232\373\322*\027_\315\211\344:"
 5261      91744A33 
 5261      9AFBD22A 
 5261      175FCD89 
 5261      E43A
 5262 0b9b D322732B 		.ascii	"\323\"s+Z\334u\022K',\012\031\013_\317\311,t.\302{5"
 5262      5ADC7512 
 5262      4B272C0A 
 5262      190B5FCF 
 5262      C92C742E 
 5263 0bb2 AD6DF626 		.ascii	"\255m\366&2B\373\207\365\007\263\352\362*#V\035\020"
 5263      3242FB87 
 5263      F507B3EA 
 5263      F22A2356 
 5263      1D10
 5264 0bc4 BC06AB1B 		.ascii	"\274\006\253\033\352e\001c\326s\200\317B\333E\342f,"
 5264      EA650163 
 5264      D67380CF 
 5264      42DB45E2 
 5264      662C
 5265 0bd6 B22B85EA 		.ascii	"\262+\205\352\340IM\341\261\207\335\342f_\036)\370\233"
 5265      E0494DE1 
 5265      B187DDE2 
 5265      665F1E29 
 5265      F89B
 5266 0be8 D76407BA 		.ascii	"\327d\007\272]\224\254\022\3112\306\204s\205@\012\220"
 5266      5D94AC12 
 5266      C932C684 
 5266      7385400A 
 5266      90
 5267 0bf9 255F64DE 		.ascii	"%_d\336\264\256S\274i!\310\"{\323L\024\217\357\250\036"
 5267      B4AE53BC 
 5267      6921C822 
 5267      7BD34C14 
 5267      8FEFA81E 
 5268 0c0d EF10B53C 		.ascii	"\357\020\265<ujQX\177h\206+81\200\254\023\311\032oS"
 5268      756A5158 
 5268      7F68862B 
 5268      383180AC 
 5268      13C91A6F 
 5269 0c22 ABB9A93A 		.ascii	"\253\271\251:i\022\207i\365)\321B\276\257\250iO\255"
 5269      69128769 
 5269      F529D142 
 5269      BEAFA869 
 5269      4FAD
 5270 0c34 E1AEC332 		.ascii	"\341\256\3032\345\252\007\317\025MI\314\235\305\025"
 5270      E5AA07CF 
 5270      154D49CC 
 5270      9DC515
 5271 0c43 4592071E 		.ascii	"E\222\007\036\256_Ry\332go\310\226\363\3562\361a\342"
ARM GAS  C:\Users\nello\AppData\Local\Temp\cc46pQ2n.s 			page 225


 5271      AE5F5279 
 5271      DA676FC8 
 5271      96F3EE32 
 5271      F161E2
 5272 0c56 98BBD555 		.ascii	"\230\273\325U\305\015_c\034\320\242C\\\017\354k7y\030"
 5272      C50D5F63 
 5272      1CD0A243 
 5272      5C0FEC6B 
 5272      377918
 5273 0c69 2B10BDF2 		.ascii	"+\020\275\362\352\002!\347\011[%\002\027d\326CXQR\322"
 5273      EA0221E7 
 5273      095B2502 
 5273      1764D643 
 5273      585152D2 
 5274 0c7d 23924722 		.ascii	"#\222G\"\351\022\3114XUP\322+\222n\221<\201\365\022"
 5274      E912C934 
 5274      585550D2 
 5274      2B926E91 
 5274      3C81F512 
 5275 0c91 258F6191 		.ascii	"%\217a\221A\311S\221@\017\365Ic\252}\251\324e\033E\262"
 5275      41C95391 
 5275      400FF549 
 5275      63AA7DA9 
 5275      D4651B45 
 5276 0ca6 DE3B8EBC 		.ascii	"\336;\216\274\346\270/K\260!\323\037\370\306Qb\272)"
 5276      E6B82F4B 
 5276      B021D31F 
 5276      F8C65162 
 5276      BA29
 5277 0cb8 F51914A4 		.ascii	"\365\031\024\244\235L\017\257Q\352\334\002\003\357\301"
 5277      9D4C0FAF 
 5277      51EADC02 
 5277      03EFC1
 5278 0cc7 AC930B2D 		.ascii	"\254\223\013-!>\036\244\377\277{@\027\301\370,\300\001"
 5278      213E1EA4 
 5278      FFBF7B40 
 5278      17C1F82C 
 5278      C001
 5279 0cd9 20D62D38 		.ascii	" \326-8\225\347U\272\322(\231I\245\372\266\2031\355"
 5279      95E755BA 
 5279      D2289949 
 5279      A5FAB683 
 5279      31ED
 5280 0ceb 2F2A7C81 		.ascii	"/*|\201\361\224+\213l\225\007\336\257\332U\277US\325"
 5280      F1942B8B 
 5280      6C9507DE 
 5280      AFDA55BF 
 5280      5553D5
 5281 0cfe 67ABBEA6 		.ascii	"g\253\276\246S\251\274\216\2465`\263\026\250\016\350"
 5281      53A9BC8E 
 5281      A63560B3 
 5281      16A80EE8 
 5282 0d0e 3253BB67 		.ascii	"2S\273gz\351,?\337\305\004;\202P\317\027\014{\247%\317"
 5282      7AE92C3F 
 5282      DFC5043B 
 5282      8250CF17 
 5282      0C7BA725 
ARM GAS  C:\Users\nello\AppData\Local\Temp\cc46pQ2n.s 			page 226


 5283 0d23 14D96C50 		.ascii	"\024\331lP\262\365\221\353\035^?\346R2\207\222\371T"
 5283      B2F591EB 
 5283      1D5E3FE6 
 5283      52328792 
 5283      F954
 5284 0d35 673EF0D8 		.ascii	"g>\360\330\322d1&\3206\017O\244\351\\3\032\236\263`"
 5284      D2643126 
 5284      D0360F4F 
 5284      A4E95C33 
 5284      1A9EB360 
 5285 0d49 B59FEFEE 		.ascii	"\265\237\357\356g\201'\353b3\"\377F9\026\371\006f\272"
 5285      678127EB 
 5285      623322FF 
 5285      463916F9 
 5285      0666BA
 5286 0d5c E54C7CE5 		.ascii	"\345L|\345\214\363}:\373\350\\\344\301\3058%\213(\335"
 5286      8CF37D3A 
 5286      FBE85CE4 
 5286      C1C53825 
 5286      8B28DD
 5287 0d6f 68166811 		.ascii	"h\026h\021\262\033\226W\345\345ZC|7\264K)\311g\366\012"
 5287      B21B9657 
 5287      E5E55A43 
 5287      7C37B44B 
 5287      29C967F6 
 5288 0d84 282F6B25 		.ascii	"(/k%E\271\263_ck\035^\264\362\251w\321*g\366\253f-\314"
 5288      45B9B35F 
 5288      636B1D5E 
 5288      B4F2A977 
 5288      D12A67F6 
 5289 0d9c 0AF2DDA9 		.ascii	"\012\362\335\251.\363\320\307Wq\204\326\000\216\223"
 5289      2EF3D0C7 
 5289      577184D6 
 5289      008E93
 5290 0dab 401799E8 		.ascii	"@\027\231\350\266\351K\347\006\370B_\255\0159m\004\366"
 5290      B6E94BE7 
 5290      06F8425F 
 5290      AD0D396D 
 5290      04F6
 5291 0dbd 56C67EF0 		.ascii	"V\306~\360du\207Wv\254\243d\275\234\035\335\\\347\255"
 5291      64758757 
 5291      76ACA364 
 5291      BD9C1DDD 
 5291      5CE7AD
 5292 0dd0 E243264F 		.ascii	"\342C&O\246\015*\0230\334_\222\266\312\254\246\307F"
 5292      A60D2A13 
 5292      30DC5F92 
 5292      B6CAACA6 
 5292      C746
 5293 0de2 B5D33601 		.ascii	"\265\3236\001R\232f\021h\246\005\031\217U\225?\034\340"
 5293      529A6611 
 5293      68A60519 
 5293      8F55953F 
 5293      1CE0
 5294 0df4 8B6EB367 		.ascii	"\213n\263gBX\272\236\364\3156\252\023\345\361\025\322"
 5294      4258BA9E 
 5294      F4CD36AA 
ARM GAS  C:\Users\nello\AppData\Local\Temp\cc46pQ2n.s 			page 227


 5294      13E5F115 
 5294      D2
 5295 0e05 44E9A6A4 		.ascii	"D\351\246\244\220\222\255\324{\362\362\231\263\3261"
 5295      9092ADD4 
 5295      7BF2F299 
 5295      B3D631
 5296 0e14 2ED05844 		.ascii	".\320XD\3116J\266PiT\037\253\344\263\340&\2123\345V"
 5296      C9364AB6 
 5296      5069541F 
 5296      ABE4B3E0 
 5296      268A33E5 
 5297 0e29 AA3353BA 		.ascii	"\2523S\272\217J\263)\360\334\364\341a\023eJ\325\315"
 5297      8F4AB329 
 5297      F0DCF4E1 
 5297      6113654A 
 5297      D5CD
 5298 0e3b 2B56DF89 		.ascii	"+V\337\211r\203\216Q\272\004|/\002\332\303\374\337\321"
 5298      72838E51 
 5298      BA047C2F 
 5298      02DAC3FC 
 5298      DFD1
 5299 0e4d 985B67B5 		.ascii	"\230[g\265^\3659\016,\241\036\307\201\226\323\033\363"
 5299      5EF5390E 
 5299      2CA11EC7 
 5299      8196D31B 
 5299      F3
 5300 0e5e 52D85299 		.ascii	"R\330R\231O\252u+\006%\262\000l\247d-%\273\274'\253"
 5300      4FAA752B 
 5300      0625B200 
 5300      6CA7642D 
 5300      25BBBC27 
 5301 0e73 062CA22B 		.ascii	"\006,\242+\000v\016\244\326NJ\212\031\217\234Z\007<"
 5301      00760EA4 
 5301      D64E4A8A 
 5301      198F9C5A 
 5301      073C
 5302 0e85 2AE4F302 		.ascii	"*\344\363\002YAqiGv0.\260ZJ\311nJ\312\244 \271[\245"
 5302      59417169 
 5302      4776302E 
 5302      B05A4AC9 
 5302      6E4ACAA4 
 5303 0e9d 00AC8109 		.ascii	"\000\254\201\011\213\261x/\207\351!\346\314\266\244"
 5303      8BB1782F 
 5303      87E921E6 
 5303      CCB6A4
 5304 0eac 82FDC610 		.ascii	"\202\375\306\020\037\265{t\324\362\3232B/C$\256\003"
 5304      1FB57B74 
 5304      D4F2D332 
 5304      422F4324 
 5304      AE03
 5305 0ebe DD4305A6 		.ascii	"\335C\005\246}\0259\351\330\315\3303G\245\011'\023\026"
 5305      7D1539E9 
 5305      D8CDD833 
 5305      47A50927 
 5305      1316
 5306 0ed0 A1941CF0 		.ascii	"\241\224\034\3605\252\206\273\234\242K\244\202\261\201"
 5306      35AA86BB 
ARM GAS  C:\Users\nello\AppData\Local\Temp\cc46pQ2n.s 			page 228


 5306      9CA24BA4 
 5306      82B181
 5307 0edf 9D83E0AA 		.ascii	"\235\203\340\2524\300\332\2537|\301\016\212\330\262"
 5307      34C0DAAB 
 5307      377CC10E 
 5307      8AD8B2
 5308 0eee E180779C 		.ascii	"\341\200w\234h7\003\236^t\242\322\030\342\243\360\220"
 5308      6837039E 
 5308      5E74A2D2 
 5308      18E2A3F0 
 5308      90
 5309 0eff B74256D7 		.ascii	"\267BV\327\334\204\203\367\2473\374\004:\023h\261\037"
 5309      DC8483F7 
 5309      A733FC04 
 5309      3A1368B1 
 5309      1F
 5310 0f10 2AC9EE5C 		.ascii	"*\311\356\\\321\021\030p\265\337\363f\303\326\374]3"
 5310      D1111870 
 5310      B5DFF366 
 5310      C3D6FC5D 
 5310      33
 5311 0f21 FC468440 		.ascii	"\374F\204@\337t\345lh\3302z?\337\345\034\243\344(%\265"
 5311      DF74E56C 
 5311      68D8327A 
 5311      3FDFE51C 
 5311      A3E42825 
 5312 0f36 3F59D78E 		.ascii	"?Y\327\2160&@s\234\345\321qf\264\274\344\336V\253oa"
 5312      30264073 
 5312      9CE5D171 
 5312      66B4BCE4 
 5312      DE56AB6F 
 5313 0f4b 3BE1C19B 		.ascii	";\341\301\233K\007\255p\265\236\036\240\354\264x\022"
 5313      4B07AD70 
 5313      B59E1EA0 
 5313      ECB47812 
 5314 0f5b EDDC2425 		.ascii	"\355\334$%\321rJ\226PrZM\220R\357\0049LI5e[\322\323"
 5314      D1724A96 
 5314      50725A4D 
 5314      9052EF04 
 5314      394C4935 
 5315 0f73 4CED594A 		.ascii	"L\355YJ\316Qr\212\222\363\224\234\241\344\002%u\260"
 5315      CE51728A 
 5315      92F3949C 
 5315      A1E40225 
 5315      75B0
 5316 0f85 609762EE 		.ascii	"`\227b\356>\"\355\037\026B\3571\275\262g\031T\235\007"
 5316      3E22ED1F 
 5316      1642EF31 
 5316      BDB26719 
 5316      549D07
 5317 0f98 976EE2F3 		.ascii	"\227n\342\363`\025(d"
 5317      60152864 
 5318 0fa0 4C3CE8DA 		.ascii	"L<\350\332\005\335zd\301\014\336K\311J\306\3033J\233"
 5318      05DD7A64 
 5318      C10CDE4B 
 5318      C94AC6C3 
 5318      334A9B
ARM GAS  C:\Users\nello\AppData\Local\Temp\cc46pQ2n.s 			page 229


 5319 0fb3 C1EECB92 		.ascii	"\301\356\313\222\236\024\000@\220\207O\226\322\032H"
 5319      9E140040 
 5319      90874F96 
 5319      D21A48
 5320 0fc2 1AC27B24 		.ascii	"\032\302{$Dy\224\344\370\"\342\013\212\363Gy\302\245"
 5320      447994E4 
 5320      F822E20B 
 5320      8AF34779 
 5320      C2A5
 5321 0fd4 5392EAC1 		.ascii	"S\222\352\301S\247\324\224\366\233\2338\317IJj<x\316"
 5321      53A7D494 
 5321      F69B9B38 
 5321      CF494A6A 
 5321      3C78CE
 5322 0fe7 A99377EE 		.ascii	"\251\223w\356\241\273w-!>\261\333\366\323\261\303\257"
 5322      A1BB772D 
 5322      213EB1DB 
 5322      F6D3B1C3 
 5322      AF
 5323 0ff8 1CAE760F 		.ascii	"\034\256v\017S\353\346%"
 5323      53EBE625 
 5324 1000 D5C065CA 		.ascii	"\325\300e\312\336'\326\235;\257)\254)*C=\253\276\264"
 5324      DE27D69D 
 5324      3BAF29AC 
 5324      292A433D 
 5324      ABBEB4
 5325 1013 5ECAC547 		.ascii	"^\312\305GU&\337\262z\305c\276jd\254\353\323\226^\245"
 5325      5526DFB2 
 5325      7AC563BE 
 5325      6A64ACEB 
 5325      D3965EA5 
 5326 1027 3A87EDA4 		.ascii	":\207\355\244\201\252g\351wn\237i\033\240c\026O\302"
 5326      81AA67E9 
 5326      776E9F69 
 5326      1BA06316 
 5326      4FC2
 5327 1039 24C3B751 		.ascii	"$\303\267Q\233\241+oi\201Eg\346\273AI#\363\276IN\222"
 5327      9BA12B6F 
 5327      69814567 
 5327      E6BB4149 
 5327      23F3BE49 
 5328 104f 0D1EABF5 		.ascii	"\015\036\253\365F\237\211\357)C7\263g\177\242\316\304"
 5328      469F89EF 
 5328      294337B3 
 5328      677FA2CE 
 5328      C4
 5329 1060 D7ECA10E 		.ascii	"\327\354\241\016\370N$5Ui\216\352Z\324\270\334\344\201"
 5329      F84E2435 
 5329      55698EEA 
 5329      5AD4B8DC 
 5329      E481
 5330 1072 3BBC6B76 		.ascii	";\274kv\236\346\310\274S\035\235\2678Czu\313Q\263\372"
 5330      9EE6C8BC 
 5330      531D9DB7 
 5330      38437A75 
 5330      CB51B3FA 
 5331 1086 75801703 		.ascii	"u\200\027\003\315\260\012t\036\320\"\240|+\010\014h"
ARM GAS  C:\Users\nello\AppData\Local\Temp\cc46pQ2n.s 			page 230


 5331      CDB00A74 
 5331      1ED022A0 
 5331      7C2B080C 
 5331      68
 5332 1097 5B53F5C8 		.ascii	"[S\365\310\"m\037pZZ\260\355\304\266w+\370\230\276F"
 5332      226D1F70 
 5332      5A5AB0ED 
 5332      C4B6772B 
 5332      F898BE46 
 5333 10ab 491B259D 		.ascii	"I\033%\235*\012uw\335\236V9K^\270\336\361\340\321l\316"
 5333      2A0A7577 
 5333      DD9E5639 
 5333      4B5EB8DE 
 5333      F1E0D16C 
 5334 10c0 16AD98A5 		.ascii	"\026\255\230\245\331\234u\376X\361\223\207D'_\031Rr"
 5334      D99C75FE 
 5334      58F19387 
 5334      44275F19 
 5334      5272
 5335 10d2 8F920794 		.ascii	"\217\222\007\224tP\322N\311}y\236['\031\215$w}qI\203"
 5335      7450D24E 
 5335      C97D799E 
 5335      5B27198D 
 5335      24777D71 
 5336 10e8 245D2AF3 		.ascii	"$]*\363\000\3546\3651\312W\346O\37093\337\334tz\327"
 5336      00EC36F5 
 5336      31CA57E6 
 5336      4FF83933 
 5336      DFDC747A 
 5337 10fd 2C5A8B91 		.ascii	",Z\213\221\021\363\247\337\256\340\347\352\345\032\210"
 5337      11F3A7DF 
 5337      AEE0E7EA 
 5337      E51A88
 5338 110c E411FD11 		.ascii	"\344\021\375\021\220x\0066\343p=Q\273\250K\325\336\315"
 5338      90780636 
 5338      E3703D51 
 5338      BBA84BD5 
 5338      DECD
 5339 111e BBE85ADA 		.ascii	"\273\350Z\332\266S\232N\276\2562<\346\014\033\256\227"
 5339      B6539A4E 
 5339      BEAE323C 
 5339      E60C1BAE 
 5339      97
 5340 112f 5D0E6824 		.ascii	"]\016h$\354\253tC\004!\244\356}\370\260\012\377\223"
 5340      ECAB7443 
 5340      0421A4EE 
 5340      7DF8B00A 
 5340      FF93
 5341 1141 0A835DA2 		.ascii	"\012\203]\242K4EP\321J\2554\302ZE\206\215\274O\307Y"
 5341      4B344550 
 5341      D14AAD34 
 5341      C25A4586 
 5341      8DBC4FC7 
 5342 1156 C4914156 		.ascii	"\304\221AV\313\332J\022l5ZD\261\305\034a\035\371\030"
 5342      CBDA4A12 
 5342      6C355A44 
 5342      B1C51C61 
ARM GAS  C:\Users\nello\AppData\Local\Temp\cc46pQ2n.s 			page 231


 5342      1DF918
 5343 1169 96F805A6 		.ascii	"\226\370\005\246\341\343\\\206\210\331CZ\314.1\353\263"
 5343      E1E35C86 
 5343      88D9435A 
 5343      CC2E31EB 
 5343      B3
 5344 117a C1EF8C83 		.ascii	"\301\357\214\203\317\026s\025\211\000\251\317\015\226"
 5344      CF167315 
 5344      8900A9CF 
 5344      0D96
 5345 1188 60B86B31 		.ascii	"`\270k1[\357\323\202tS\304Q1\365uRE\254\021c\007\203"
 5345      5BEFD382 
 5345      7453C451 
 5345      31F57552 
 5345      45AC1163 
 5346 119e CFE32C96 		.ascii	"\317\343,\226aA\025\264\202~*\010\026\213\273p\210\265"
 5346      614115B4 
 5346      827E2A08 
 5346      168BBB70 
 5346      88B5
 5347 11b0 C51C042A 		.ascii	"\305\034\004*FF\014\017\216\030\036TE\214\021\021\326"
 5347      46460C0F 
 5347      8E181E54 
 5347      458C1111 
 5347      D6
 5348 11c1 C1230500 		.ascii	"\301#\005\000\0211v\3548\321\012\232\015\226*2\226\222"
 5348      113176EC 
 5348      38D10A9A 
 5348      0D962A32 
 5348      9692
 5349 11d3 80B1AE86 		.ascii	"\200\261\256\206\326\241V\243\325o\330\360\221\202\020"
 5349      D6A156A3 
 5349      D56FD8F0 
 5349      918210
 5350 11e2 217C2A82 		.ascii	"!|*\202^\332'\377\0213\330\214P\037\011\031i\025\307"
 5350      5EDA27FF 
 5350      1133D88C 
 5350      501F0919 
 5350      6915C7
 5351 11f5 8AF4772D 		.ascii	"\212\364w-f\374Zv8\014,\203% \200\270\340\342\027\372"
 5351      66FC5A76 
 5351      380C2C83 
 5351      252080B8 
 5351      E0E217FA 
 5352 1209 BB88CFC7 		.ascii	"\273\210\317\307Z\205\026\263\010\257\006\033\360pY"
 5352      5A8516B3 
 5352      08AF061B 
 5352      F07059
 5353 1218 95B4C24A 		.ascii	"\225\264\302J\203\034\3717\030I\354?\374 \322\007\301"
 5353      831CF937 
 5353      1849EC3F 
 5353      FC20D207 
 5353      C1
 5354 1229 47C27F46 		.ascii	"G\302\177F.\233a\355\354\353_\211\033Yx\253r\221\356"
 5354      2E9B61ED 
 5354      ECEB5F89 
 5354      1B5978AB 
ARM GAS  C:\Users\nello\AppData\Local\Temp\cc46pQ2n.s 			page 232


 5354      7291EE
 5355 123c 914194F4 		.ascii	"\221A\224\364\310_X\023.#\031\301O\215r\205\205H,\262"
 5355      C85F5813 
 5355      2E2319C1 
 5355      4F8D7285 
 5355      85482CB2 
 5356 1250 1E2E2331 		.ascii	"\036.#1(\262\322-\332`\314\242V\206\311y\000WU\012\212"
 5356      28B2D22D 
 5356      DA60CCA2 
 5356      5686C979 
 5356      0057550A 
 5357 1265 5A1992C0 		.ascii	"Z\031\222\300\037 o\366\315\275\230bl\302o%\256\336"
 5357      1F206FF6 
 5357      CDBD9862 
 5357      6CC26F25 
 5357      AEDE
 5358 1277 59BEDB9F 		.ascii	"Y\276\333\237\014\311\032'\020\372\004\206\372\034\177"
 5358      0CC91A27 
 5358      10FA0486 
 5358      FA1C7F
 5359 1286 9699D9AB 		.ascii	"\226\231\331\253\352-\354\373LX\215\304A\303\305\302"
 5359      EA2DECFB 
 5359      4C588DC4 
 5359      41C3C5C2 
 5360 1296 F4D354E7 		.ascii	"\364\323T\347KL\027d{\037\317\305\207G\267\2571\277"
 5360      4B4C1764 
 5360      7B1FCFC5 
 5360      8747B7AF 
 5360      31BF
 5361 12a8 9A93E3EA 		.ascii	"\232\223\343\352\352-\275w\361\005X\257Ns\271\022\241"
 5361      EA2DBD77 
 5361      F10558AF 
 5361      4E73B912 
 5361      A1
 5362 12b9 1F0CE4A9 		.ascii	"\037\014\344\251\264P&\211x/\220^\330\313\321\017\267"
 5362      B4502689 
 5362      782F905E 
 5362      D8CBD10F 
 5362      B7
 5363 12ca 3EFF6A56 		.ascii	">\377jV\216++\257\240\\t\301\266\015\370\236h\370\236"
 5363      8E2B2BAF 
 5363      A05C74C1 
 5363      B60DF89E 
 5363      68F89E
 5364 12dd C87CB0D8 		.ascii	"\310|\260\330b\230\346n\313*\016`\230\240H \246e\373"
 5364      6298E66E 
 5364      CB2A0E60 
 5364      98A04820 
 5364      A665FB
 5365 12f0 D3D34CAC 		.ascii	"\323\323L\254\001Fg\222\001Z\226\316\357\275f\222a'"
 5365      01466792 
 5365      015A96CE 
 5365      EFBD6692 
 5365      6127
 5366 1302 63CBB623 		.ascii	"c\313\266#\311+\271#\333a\013\211-\213W\327\374Vq\004"
 5366      C92BB923 
 5366      DB610B89 
ARM GAS  C:\Users\nello\AppData\Local\Temp\cc46pQ2n.s 			page 233


 5366      2D8B57D7 
 5366      FC567104 
 5367 1316 D8644F52 		.ascii	"\330dOR\301\223\024\003\363d\372\223\275\323\002\320"
 5367      C1931403 
 5367      F364FA93 
 5367      BDD302D0 
 5368 1326 93F69DD7 		.ascii	"\223\366\235\327g\014\250u\271\012\\\004\336\223\351"
 5368      670CA875 
 5368      B90A5C04 
 5368      DE93E9
 5369 1335 06095E1A 		.ascii	"\006\011^\032\336\313n$\275H\3173\200\027\223\267dx"
 5369      DECB6E24 
 5369      BD48CF33 
 5369      801793B7 
 5369      6478
 5370 1347 EE246013 		.ascii	"\356$`\023iP\266\010{K\222\032\202<\267\230P 4\014M"
 5370      6950B608 
 5370      7B4B921A 
 5370      823CB798 
 5370      5020340C 
 5371 135c 0B2BCBFC 		.ascii	"\013+\313\3744[L\203\272\305\344\270z\0323~\306|I7\260"
 5371      345B4C83 
 5371      BAC5E4B8 
 5371      7A1A337E 
 5371      C67C4937 
 5372 1371 00AC3B72 		.ascii	"\000\254;r\251\313\244\347K&\200\313\3402\363\246]\037"
 5372      A9CBA4E7 
 5372      4B2680CB 
 5372      E032F3A6 
 5372      5D1F
 5373 1383 8AAEB82F 		.ascii	"\212\256\270/&C\261\203\036\2010g\032\310L\311\254\000"
 5373      2643B183 
 5373      1E813067 
 5373      1AC84CC9 
 5373      AC00
 5374 1395 77B2237B 		.ascii	"w\262#{~N\3572GR\3122j\254:\235\235\015\254qLk\316\301"
 5374      7E4EEF32 
 5374      4752CA32 
 5374      6AAC3A9D 
 5374      9D0DAC71 
 5375 13ad A693A657 		.ascii	"\246\223\246Ws\330\361u\326#SN\211+\311\210\357\311"
 5375      73D8F175 
 5375      D623534E 
 5375      892BC988 
 5375      EFC9
 5376 13bf 1C45EF1C 		.ascii	"\034E\357\034D*\320\351\001\310\377tiO\265U\312\215"
 5376      442AD0E9 
 5376      01C8FF74 
 5376      694FB555 
 5376      CA8D
 5377 13d1 65DD6FEE 		.ascii	"e\335o\356\233\356Z\213\225\003\221\314S$\346)H\322"
 5377      9BEE5A8B 
 5377      950391CC 
 5377      5324E629 
 5377      48D2
 5378 13e3 7F4E7398 		.ascii	"\177Ns\230\334\301\262\023\033\215\014~n\232\026\376"
 5378      DCC1B213 
ARM GAS  C:\Users\nello\AppData\Local\Temp\cc46pQ2n.s 			page 234


 5378      1B8D0C7E 
 5378      6E9A16FE 
 5379 13f3 02456881 		.ascii	"\002Eh\201\"t\347gt\025\023\252]Z\233\035\304\204\252"
 5379      2274E767 
 5379      741513AA 
 5379      5D5A9B1D 
 5379      C484AA
 5380 1406 3C847214 		.ascii	"<\204r\024\241\034E\250\350gtK\200\3177\370\370\263"
 5380      A11C45A8 
 5380      E867744B 
 5380      80CF37F8 
 5380      F8B3
 5381 1418 85736507 		.ascii	"\205se\007\374\3313Lm\271\2308\225e\313_\221\323/\017"
 5381      FCD9334C 
 5381      6DB99838 
 5381      9565CB5F 
 5381      91D32F0F 
 5382 142c 1B8A672E 		.ascii	"\033\212g.\330CX\313UXObK\355\241\353\225VI\311Rl\350"
 5382      D84358CB 
 5382      55584F62 
 5382      4BEDA1EB 
 5382      955649C9 
 5383 1443 D8D7DE64 		.ascii	"\330\327\336d\326\353\241\002@\220\317{h\321\203\232"
 5383      D6EBA102 
 5383      4090CF7B 
 5383      68D1839A 
 5384 1453 4C366EDC 		.ascii	"L6n\334\213f)p\013\014d\261\002w\261\002\267\344\005"
 5384      8B662970 
 5384      0B0C64B1 
 5384      0277B102 
 5384      B7E405
 5385 1466 5A19A03B 		.ascii	"Z\031\240;@\227\335\357\275b\324\263\264\022\347#ni"
 5385      4097DDEF 
 5385      BD62D4B3 
 5385      B412E723 
 5385      6E69
 5386 1478 FF911237 		.ascii	"\377\221\0227\217f\237ji\245\201,W,-W,\315y\201\036"
 5386      8F669F6A 
 5386      69A5812C 
 5386      572C2D57 
 5386      2CCD7981 
 5387 148d 6396CA97 		.ascii	"c\226\312\227'\276\311d6\245keV+2\253\025\2313\317\323"
 5387      27BEC964 
 5387      36A56B65 
 5387      562B32AB 
 5387      159933CF 
 5388 14a2 0B4CA675 		.ascii	"\013L\246uO\337d\006.\215\203K;\222\323g\326I\250\365"
 5388      4FDF6406 
 5388      2E8D834B 
 5388      3B92D367 
 5388      D649A8F5 
 5389 14b6 20BA8E63 		.ascii	" \272\216c;P\334Q\3012\244\275\373\370_yr\2547\220\265"
 5389      3B50DC51 
 5389      C132A4BD 
 5389      FBF85F79 
 5389      72AC3790 
 5390 14cb 8A95B58A 		.ascii	"\212\225\265\212\225\023Ci#\263rm\377\251B?\006\255"
ARM GAS  C:\Users\nello\AppData\Local\Temp\cc46pQ2n.s 			page 235


 5390      95134369 
 5390      23B3726D 
 5390      FFA9423F 
 5390      06AD
 5391 14dd 3A538106 		.ascii	":S\201\006B\033\025\241\215\212\320\302\347\351]\375"
 5391      421B15A1 
 5391      8D8AD0C2 
 5391      E7E95DFD 
 5392 14ed C0E5BA67 		.ascii	"\300\345\272g\225\016P\260\245\251\201s\203\360f\016"
 5392      950E50B0 
 5392      A5A98173 
 5392      83F0660E 
 5393 14fd AE6D7162 		.ascii	"\256mqb\004\303vkK\036\326\003\027\324\003\267\201\024"
 5393      04C3766B 
 5393      4B1ED603 
 5393      17D403B7 
 5393      8114
 5394 150f 2A860A15 		.ascii	"*\206\012\025C=\317\321\356\000\335r\325\262\317=C5"
 5394      433DCFD1 
 5394      EE00DD72 
 5394      D5B2CF3D 
 5394      4335
 5395 1521 048DB2A1 		.ascii	"\004\215\262\241\"\020\336&\215\326\316\252\345,\027"
 5395      2210DE26 
 5395      8DD6CEAA 
 5395      E52C17
 5396 1530 DA4BB7DD 		.ascii	"\332K\267\335\270J\\3\201=\030\030\310V\305\324V\305"
 5396      B84A5C33 
 5396      813D1818 
 5396      C856C5D4 
 5396      56C5
 5397 1542 D4CAE7E8 		.ascii	"\324\312\347\350\314@\224\252\357[\314\306x\373\323"
 5397      CC4094AA 
 5397      EF5BCCC6 
 5397      78FBD3
 5398 1551 6D39323C 		.ascii	"m92<\010\305\016Ef\207\"3\3639\272\210\311\234\332\374"
 5398      08C50E45 
 5398      66872233 
 5398      F339BA88 
 5398      C99CDAFC 
 5399 1565 F03C8F83 		.ascii	"\360<\217\203\2332xW.\336_\344\257\323G\245 \273\223"
 5399      9B327857 
 5399      2EDE5FE4 
 5399      AFD347A5 
 5399      20BB93
 5400 1578 A35B5F78 		.ascii	"\243[_x\256\230\365\221{\335\366x\336G\245\006R\242"
 5400      AE98F591 
 5400      7BDDF678 
 5400      DE47A506 
 5400      52A2
 5401 158a 982951CC 		.ascii	"\230)Q\314\334\035BW23\235\363\037\335\246\314\314\032"
 5401      DC1D4257 
 5401      32339DF3 
 5401      1FDDA6CC 
 5401      CC1A
 5402 159c 6E66C1B4 		.ascii	"nf\301\264\352\007zf\366\200\354nnf\303\223\353\311"
 5402      EA077A66 
ARM GAS  C:\Users\nello\AppData\Local\Temp\cc46pQ2n.s 			page 236


 5402      F680EC6E 
 5402      6E66C393 
 5402      EBC9
 5403 15ae BC5F8FCA 		.ascii	"\274_\217\312f\366\030\310.\305\314.\305\314\241!\264"
 5403      66F618C8 
 5403      2EC5CC2E 
 5403      C5CCA121 
 5403      B4
 5404 15bf 48DFCCD3 		.ascii	"H\337\314\323\356MEAr\303>\034\212\025\331\027.[\024"
 5404      EE4D4541 
 5404      72C33E1C 
 5404      8A15D917 
 5404      2E5B14
 5405 15d2 C3D02A5B 		.ascii	"\303\320*[\256\004u\025\334rG\356\322j\023\217\344\366"
 5405      AE047515 
 5405      DC7247EE 
 5405      D26A138F 
 5405      E4F6
 5406 15e4 3625FC95 		.ascii	"6%\374\225\006R\256\030/W\214g\014\241G\230\361\202"
 5406      0652AE18 
 5406      2F578C67 
 5406      0CA14798 
 5406      F182
 5407 15f6 1D5BEE50 		.ascii	"\035[\356P&\265\276X\211?\324\302\003\212\320\001E("
 5407      26B5BE58 
 5407      893FD4C2 
 5407      038AD001 
 5407      4528
 5408 1608 79083DC7 		.ascii	"y\010=\307\204\372N\325\336\344\210\263\2451\322\370"
 5408      84FA4ED5 
 5408      DEE488B3 
 5408      A531D2F8 
 5409 1618 A0C2AA97 		.ascii	"\240\302\252\227\207\325 \\\305\361\365\316[\267\224"
 5409      87D5205C 
 5409      C5F1F5CE 
 5409      5BB794
 5410 1627 5BAA2956 		.ascii	"[\252)V\022\261\332@\016)\226\016)\226v\015\246\215"
 5410      12B1DA40 
 5410      0E29960E 
 5410      2996760D 
 5410      A68D
 5411 1639 FA3DBD61 		.ascii	"\372=\275af\3614\"\233>\202\261y\260\353\312\361@=\333"
 5411      66F13422 
 5411      9B3E82B1 
 5411      79B0EBCA 
 5411      F1403DDB 
 5412 164d C740DD51 		.ascii	"\307@\335Qn{\311\274\305\311\274\363g\356\224z\345\230"
 5412      6E7BC9BC 
 5412      C5C9BCF3 
 5412      67EE947A 
 5412      E598
 5413 165f 81D42896 		.ascii	"\201\324(\226k\024\313M!\364q\240^\031\230\177\357\362"
 5413      6B14CB4D 
 5413      21F471A0 
 5413      5E19987F 
 5413      EFF2
 5414 1671 FE00D9F0 		.ascii	"\376\000\331\360\0114\2747\257:y\200N6\234\002e'\271"
ARM GAS  C:\Users\nello\AppData\Local\Temp\cc46pQ2n.s 			page 237


 5414      0934BC37 
 5414      AF3A7980 
 5414      4E369C02 
 5414      6527B9
 5415 1684 DD96CCB6 		.ascii	"\335\226\314\266\363,\033\332\313v*\321=e \265\212\345"
 5415      F32C1BDA 
 5415      CB762AD1 
 5415      3D6520B5 
 5415      8AE5
 5416 1696 5AC5F29A 		.ascii	"Z\305\362\232\020\2322\000\2056\255\257)\2650\260\267"
 5416      109A3200 
 5416      8536ADAF 
 5416      29B530B0 
 5416      B7
 5417 16a7 18D8AC71 		.ascii	"\030\330\254q(rF\236\277\317\342\275,tj\020\235\307"
 5417      2872469E 
 5417      BFCFE2BD 
 5417      2C746A10 
 5417      9DC7
 5418 16b9 84CE3625 		.ascii	"\204\3166%\226\020&\224S&y\010B\347\024;\347\024\221"
 5418      96102694 
 5418      53267908 
 5418      42E7143B 
 5418      E71491
 5419 16cc 0D8368C1 		.ascii	"\015\203h\301\000\335\330^\276\334\271\334\353\240\020"
 5419      00DDD85E 
 5419      BEDCB9DC 
 5419      EBA010
 5420 16db 768217D5 		.ascii	"v\202\027\325I\376\356\226\355\225\001\236\014\315\036"
 5420      49FEEE96 
 5420      ED95019E 
 5420      0CCD1E
 5421 16ea 0C7DA7CF 		.ascii	"\014}\247\317=\326l\012.\251\253\200\313\322(\274]\275"
 5421      3DD66C0A 
 5421      2EA9AB80 
 5421      CBD228BC 
 5421      5DBD
 5422 16fc 9D77DF65 		.ascii	"\235w\337e\003\271\200Q<\260\260\261<H\257\373\256\000"
 5422      03B98051 
 5422      3CB0B0B1 
 5422      3C48AFFB 
 5422      AE00
 5423 170e E27A2E95 		.ascii	"\342z.\225\337[\265\310\237\205\361X\231\222:W\014\344"
 5423      DF5BB5C8 
 5423      9F85F158 
 5423      99923A57 
 5423      0CE4
 5424 1720 BCE2DE79 		.ascii	"\274\342\336y\305\275\216\201t\373\000\275\016\\w{\244"
 5424      C5BD8E81 
 5424      74FB00BD 
 5424      0E5C777B 
 5424      A4
 5425 1731 6CF81A1A 		.ascii	"l\370\032\032\236y5\377\277tz\357\006h\272\316\315\246"
 5425      9E7935FF 
 5425      BF747AEF 
 5425      0668BACE 
 5425      CDA6
ARM GAS  C:\Users\nello\AppData\Local\Temp\cc46pQ2n.s 			page 238


 5426 1743 3C38BB99 		.ascii	"<8\273\231\227\365\2362\245\367n\030H\203b\266A1{x "
 5426      97F59E32 
 5426      A5F76E18 
 5426      488362B6 
 5426      41317B78 
 5427 1758 3DC4CCF6 		.ascii	"=\304\314\366\225\316\230\311{o\361n\251#@\244I\021"
 5427      95CE98C9 
 5427      7B6FF16E 
 5427      A92340A4 
 5427      4911
 5428 176a 695244F2 		.ascii	"iRD\362\006\322:&\222|\275n\267\205-H\026<J<1|\337\364"
 5428      06D23A26 
 5428      927CBD6E 
 5428      B7852D48 
 5428      163C4A3C 
 5429 1782 8291B8B3 		.ascii	"\202\221\270\263oQdZ\370rd^\220\336d\257\267rk\223D"
 5429      6F51645A 
 5429      F872645E 
 5429      90DE64AF 
 5429      B7726B93 
 5430 1797 693E1369 		.ascii	"i>\023il=4\327\337\263\337n\033\024&`8\275\272\354\214"
 5430      6C3D34D7 
 5430      DFB3DF6E 
 5430      1B142660 
 5430      38BDBAEC 
 5431 17ac E6975F77 		.ascii	"\346\227_w\324~\273\313C\361pV[:7z\327@Z1|\267\213\027"
 5431      D47EBBCB 
 5431      43F17056 
 5431      5B3A377A 
 5431      D7405A31 
 5432 17c4 ACD25B54 		.ascii	"\254\322[T\337\003\377\332\271P\311\302"
 5432      DF03FFDA 
 5432      B950C9C2 
 5433 17d0 19FB985F 		.ascii	"\031\373\230_%\245=\373\276\312sU\210\360\226\334R\334"
 5433      25A53DFB 
 5433      BECA7355 
 5433      88F096DC 
 5433      52DC
 5434 17e2 BAC5DDAA 		.ascii	"\272\305\335\252g\030\217\354\255\337NX\020\212\372"
 5434      67188FEC 
 5434      ADDF4E58 
 5434      108AFA
 5435 17f1 EE9D7997 		.ascii	"\356\235y\227\005\001\246\352N\205\273S\012B\260\356"
 5435      0501A6EA 
 5435      4E85BB53 
 5435      0A42B0EE 
 5436 1801 E85C54D8 		.ascii	"\350\\T\330\251\314\214\017\021\237\273\342\324q=|]"
 5436      A9CC8C0F 
 5436      119FBBE2 
 5436      D4713D7C 
 5436      5D
 5437 1812 80EF11C7 		.ascii	"\200\357\021\307\227v\247/\205\231l/M\236\221\341\""
 5437      9776A72F 
 5437      85996C2F 
 5437      4D9E91E1 
 5437      22
 5438 1823 9FC34BF2 		.ascii	"\237\303K\362@1\370\200\033\\\306\014V\256\315/\026"
ARM GAS  C:\Users\nello\AppData\Local\Temp\cc46pQ2n.s 			page 239


 5438      4031F880 
 5438      1B5CC60C 
 5438      56AECD2F 
 5438      16
 5439 1834 99818DDC 		.ascii	"\231\201\215\334\342\326\254;W\003u\364\367\202\376"
 5439      E2D6AC3B 
 5439      570375F4 
 5439      F782FE
 5440 1843 1EAEBFA9 		.ascii	"\036\256\277\251\256\267\324\017\365\273K\222S\312\203"
 5440      AEB7D40F 
 5440      F5BB4B92 
 5440      53CA83
 5441 1852 4578471E 		.ascii	"ExG\036+\352\037s\365\233\203\005Z\316Lt\324_Z\213\025"
 5441      2BEA1F73 
 5441      F59B8305 
 5441      5ACE4C74 
 5441      D45F5A8B 
 5442 1867 86F4C107 		.ascii	"\206\364\301\007=\310\332\212Z\347\346\342\317\206I"
 5442      3DC8DA8A 
 5442      5AE7E6E2 
 5442      CF8649
 5443 1876 222C515D 		.ascii	"\",Q]FZ\303Z+.66\233\261u:\264N3BK\363\266Es\0060x&"
 5443      465AC35A 
 5443      2B2E3636 
 5443      9BB1753A 
 5443      B44E3342 
 5444 1893 862E67DF 		.ascii	"\206.g\337\356\371f\3519\031\031\246\365V\326\252\025"
 5444      EEF966E9 
 5444      391919A6 
 5444      F556D6AA 
 5444      15
 5445 18a4 DAA4C04D 		.ascii	"\332\244\300M\001\0153\214\014\356\205\272\333+-\257"
 5445      010D338C 
 5445      0CEE85BA 
 5445      DB2B2DAF 
 5446 18b4 E6A5BA52 		.ascii	"\346\245\272RS\312?\237\356*/\021\341-y\312\001\023"
 5446      53CA3F9F 
 5446      EE2A2F11 
 5446      E12D79CA 
 5446      0113
 5447 18c6 5C233FE5 		.ascii	"\\#?\345\220O1\020\327f\235\334C\231we\334;\2305\322"
 5447      904F3110 
 5447      D7669DDC 
 5447      43997765 
 5447      DC3B9835 
 5448 18db 8CB27769 		.ascii	"\214\262wiF\306z#X\267\322l>\233\277\325*Gs6\342;\321"
 5448      46C67A23 
 5448      58B7D26C 
 5448      3E9BBFD5 
 5448      2A477336 
 5449 18f2 90BBC94F 		.ascii	"\220\273\311O\257\014d\200\335t\016p\351\261\207IF\326"
 5449      AF0C6480 
 5449      DD740E70 
 5449      E9B18749 
 5449      46D6
 5450 1904 5F3B57F1 		.ascii	"_;W\361\376\3120\222Y\212\311Y\334d73\371\370|R\217"
 5450      FECA3092 
ARM GAS  C:\Users\nello\AppData\Local\Temp\cc46pQ2n.s 			page 240


 5450      598AC959 
 5450      DC643733 
 5450      F9F87C52 
 5451 1919 596FC69C 		.ascii	"Yo\306\234c\224\367\001[V7v\360}@\336\372\345\233\315"
 5451      6394F701 
 5451      5B563776 
 5451      F07D40DE 
 5451      FAE59BCD 
 5452 192d 2C3FE718 		.ascii	",?\347\030I\226\2420\213+,\033\310\334\335r2\307\"\347"
 5452      4996A230 
 5452      8B2B2C1B 
 5452      C8DCDD72 
 5452      32C722E7 
 5453 1941 E7393E48 		.ascii	"\3479>H\301\343\271\012\367\\\316]\315\270\347\235\315"
 5453      C1E3B90A 
 5453      F75CCE5D 
 5453      CDB8E79D 
 5453      CD
 5454 1952 280E780D 		.ascii	"(\016x\015\271K\013\263\267\3742\333U\220J\361\200p"
 5454      B94B0BB3 
 5454      B7FC32DB 
 5454      55904AF1 
 5454      8070
 5455 1964 BE917D51 		.ascii	"\276\221}Q\302\016\031\005x\022>l\017\002\366\223\355"
 5455      C20E1905 
 5455      78123E6C 
 5455      0F02F693 
 5455      ED
 5456 1975 87EA353F 		.ascii	"\207\3525?L{\242\036g-\004\255\364!\323\271\257\250"
 5456      4C7BA21E 
 5456      672D04AD 
 5456      F421D3B9 
 5456      AFA8
 5457 1987 B1D0EBC7 		.ascii	"\261\320\353\307\0339F\355\017M\223\217\327k\177\330"
 5457      1B3946ED 
 5457      0F4D938F 
 5457      D76B7FD8 
 5458 1997 B7C8A868 		.ascii	"\267\310\250hY\314\002h\311\237\273\245\332\"}\201\356"
 5458      59CC0268 
 5458      C99FBBA5 
 5458      DA227D81 
 5458      EE
 5459 19a8 7978DE40 		.ascii	"yx\336@H.\203\266\324H\362\214d\011\372\202\307d\275"
 5459      482E83B6 
 5459      D448F28C 
 5459      6409FA82 
 5459      C764BD
 5460 19bb 9B2B8E4B 		.ascii	"\233+\216K\337\336d\262\257\321s\215z\007MO\371A\323"
 5460      DFDE64B2 
 5460      AFD1738D 
 5460      7A074D4F 
 5460      F941D3
 5461 19ce 62237EE7 		.ascii	"b#~\347\342\315\302\017\300\332\037w\030\324\257\316"
 5461      E2CDC20F 
 5461      C0DA1F77 
 5461      18D4AFCE 
 5462 19de 80C7F304 		.ascii	"\200\307\363\004\021\267\273K[\0225?\260\324\250\311"
ARM GAS  C:\Users\nello\AppData\Local\Temp\cc46pQ2n.s 			page 241


 5462      11B7BB4B 
 5462      5B12353F 
 5462      B0D4A8C9 
 5463 19ee C720AC19 		.ascii	"\307 \254\031\204Lkk/\255\345\211~\207\257L3\347\367"
 5463      844C6B6B 
 5463      2FADE589 
 5463      7E87AF4C 
 5463      33E7F7
 5464 1a01 ACF1971B 		.ascii	"\254\361\227\033\226a*\271\036\365<\265\350\214\314"
 5464      96612AB9 
 5464      1EF53CB5 
 5464      E88CCC
 5465 1a10 15D0F3CB 		.ascii	"\025\320\363\313A\023n\334\273j33\322\374\3716\177\237"
 5465      41136EDC 
 5465      BB6A3333 
 5465      D2FCF936 
 5465      7F9F
 5466 1a22 015E9102 		.ascii	"\001^\221\002\251#\311J\274\227kt\326\313\264\230\331"
 5466      A923C94A 
 5466      BC976B74 
 5466      D6CBB498 
 5466      D9
 5467 1a33 5D7A30BD 		.ascii	"]z0\275\200\027\300\307\334n\355\252\343[\365~\031\275"
 5467      8017C0C7 
 5467      DC6EEDAA 
 5467      E35BF57E 
 5467      19BD
 5468 1a45 0664574B 		.ascii	"\006dWKV\334;\245}+\230Xc$\253d\023k\361^\231\302\207"
 5468      56DC3BA5 
 5468      7D2B9858 
 5468      6324AB64 
 5468      136BF15E 
 5469 1a5c D3FDFAAE 		.ascii	"\323\375\372\256\345\036\330\320\020\244cb\003\310\256"
 5469      E51ED8D0 
 5469      10A46362 
 5469      03C8AE
 5470 1a6b 974DEC49 		.ascii	"\227M\354IQLl0\222u\262\211\215x/\2338\3672=9H\240\347"
 5470      514C6C30 
 5470      9275B289 
 5470      8D782F9B 
 5470      38F7323D 
 5471 1a83 802E0035 		.ascii	"\200.\0005\0005\002\265\000\265\002\335\031$}\303#\346"
 5471      003502B5 
 5471      00B502DD 
 5471      19247DC3 
 5471      23E6
 5472 1a95 D241578E 		.ascii	"\322AW\216\316\273O\224\237y\261\034h.8\247\371\221"
 5472      CEBB4F94 
 5472      9F79B11C 
 5472      682E38A7 
 5472      F991
 5473 1aa7 57A19194 		.ascii	"W\241\221\224\250]\243\371\221W\231\372C\244M\276<\036"
 5473      A85DA3F9 
 5473      915799FA 
 5473      43A44DBE 
 5473      3C1E
 5474 1ab9 C7A0DB8D 		.ascii	"\307\240\333\215\370+'\374\355Q\011\313\272\335F\262"
ARM GAS  C:\Users\nello\AppData\Local\Temp\cc46pQ2n.s 			page 242


 5474      F82B27FC 
 5474      ED5109CB 
 5474      BADD46B2 
 5475 1ac9 CB484A8D 		.ascii	"\313HJ\215\244\314H\366\030\311N#\331a$\305R\022\272"
 5475      A4CC48F6 
 5475      18C94E23 
 5475      D96124C5 
 5475      5212BA
 5476 1adc 77AA8A37 		.ascii	"w\252\2127{(\326\236\207\026\252L[=\2304i\272Y\345\331"
 5476      7B28D69E 
 5476      8716AA4C 
 5476      5B3D9834 
 5476      69BA59E5 
 5477 1af1 E2CB2329 		.ascii	"\342\313#)\332\2442m\363`\322|\311\270Q\345)\362\341"
 5477      DAA4326D 
 5477      F360D27C 
 5477      C9B851E5 
 5477      29F2E1
 5478 1b04 E1B64A54 		.ascii	"\341\266JT\026\267/h\226\360I\3136\034\327\374\254U"
 5478      16B72F68 
 5478      96F049CB 
 5478      361CD7FC 
 5478      AC55
 5479 1b16 C3B39717 		.ascii	"\303\263\227\027\274\303\227\334=\232i9[\235\226\313"
 5479      BCC397DC 
 5479      3D9A6939 
 5479      5B9D96CB 
 5480 1b26 39C3F63B 		.ascii	"9\303\366;\275n\243\362k\\2Hy\277\017\372~\024\031\015"
 5480      BD6EA3F2 
 5480      6B5C3248 
 5480      79BF0FFA 
 5480      7E14190D 
 5481 1b3a 2C67563C 		.ascii	",gV<\336E\007\361\320\377;)Vwn\025F\306\306\277&3\001"
 5481      DE4507F1 
 5481      D0FF3B29 
 5481      56776E15 
 5481      46C6C6BF 
 5482 1b51 E79A9DA9 		.ascii	"\347\232\235\2515~z\312\3663e\225F\306if\251\362!V\365"
 5482      357E7ACA 
 5482      F6336595 
 5482      46C66966 
 5482      A9F22156 
 5483 1b66 EB4D1541 		.ascii	"\353M\025AZ\315\007\215\344\200\021\327\361F&\203\000"
 5483      5ACD078D 
 5483      E48011D7 
 5483      F1462683 
 5483      00
 5484 1b77 77ED5D39 		.ascii	"w\355]9W\363\015H\246\352A\025\216\351{\220}},\371g"
 5484      57F30D48 
 5484      A6EA4115 
 5484      8EE97B90 
 5484      7D7D2CF9 
 5485 1b8c 5554E6E1 		.ascii	"UT\346\341\351\0279\314\005\263RO\277\317\306B9\237"
 5485      E91739CC 
 5485      05B3524F 
 5485      BFCFC642 
 5485      399F
ARM GAS  C:\Users\nello\AppData\Local\Temp\cc46pQ2n.s 			page 243


 5486 1b9e 6E2FA42F 		.ascii	"n/\244/J\323\333\205\037\005[G\344A]Z\272\265\347\255"
 5486      4AD3DB85 
 5486      1F055B47 
 5486      E4415D5A 
 5486      BAB5E7AD 
 5487 1bb2 4A763E93 		.ascii	"Jv>\223U%\302;R\315\307\003\2511\222c\370$\217\210\315"
 5487      5525C23B 
 5487      52CDC703 
 5487      A9319263 
 5487      F8248F88 
 5488 1bc7 C3E88910 		.ascii	"\303\350\211\020I\250\260\343\314\230\012.\364\257\030"
 5488      49A8B0E3 
 5488      CC980A2E 
 5488      F4AF18
 5489 1bd6 E3E3F218 		.ascii	"\343\343\362\030\2525\302\275,\221:\214^\014\361A\312"
 5489      AA35C2BD 
 5489      2C913A8C 
 5489      5E0CF141 
 5489      CA
 5490 1be7 34F436BB 		.ascii	"4\3646\273\347\232\313\240\004&\273\\\323\336`GI'$\273"
 5490      E79ACBA0 
 5490      0426BB5C 
 5490      D3DE6047 
 5490      492724BB 
 5491 1bfb 278DE494 		.ascii	"'\215\344\224\021\236d-\253\207\321F\305\356\311\363"
 5491      119E642D 
 5491      AB87D146 
 5491      C5EEC9F3 
 5492 1c0b 1E764FCB 		.ascii	"\036vO\313v\317\030\341^\226\270\367\022\275\327\257"
 5492      76CF18E1 
 5492      5E96B8F7 
 5492      12BDD7AF 
 5493 1c1b DDF6855E 		.ascii	"\335\366\205^v\317Jv\317\031I\235\021\236d-K\206\341"
 5493      76CF4A76 
 5493      CF19499D 
 5493      119E642D 
 5493      4B86E1
 5494 1c2e 115C7B5F 		.ascii	"\021\\{_\266\346\027\247+\325\3168\317\203^\360\270"
 5494      B6E617A7 
 5494      2BD5CE38 
 5494      CF835EF0 
 5494      B8
 5495 1c3f B9437388 		.ascii	"\271Cs\210\327\2452\\\340\014\353W\317\327~/sH\315\330"
 5495      D7A5325C 
 5495      E00CEB57 
 5495      CFD77E2F 
 5495      7348CDD8 
 5496 1c53 8B9CA163 		.ascii	"\213\234\241cV\305M\315\024\344R5\\\342\014;\317\234"
 5496      56C54DCD 
 5496      14E45235 
 5496      5CE20C3B 
 5496      CF9C
 5497 1c65 5EA2F96E 		.ascii	"^\242\371nj\275f\207\200\011\361\004]5\225\316,Za\340"
 5497      6ABD6687 
 5497      8009F104 
 5497      5D3595CE 
 5497      2C5A61E0 
ARM GAS  C:\Users\nello\AppData\Local\Temp\cc46pQ2n.s 			page 244


 5498 1c79 FFCAC84F 		.ascii	"\377\312\310O$\015\306ix8\322`,\307\037\353&\005H\277"
 5498      240DC669 
 5498      7838D260 
 5498      2CC71FEB 
 5498      260548BF 
 5499 1c8d D5AD3742 		.ascii	"\325\2557B\023l\023\214\344*V\375\265\363\334\0174c"
 5499      136C138C 
 5499      E42A56FD 
 5499      B5F3DC0F 
 5499      3463
 5500 1c9f 25458576 		.ascii	"%E\205v\215[^R\363\350\001_\260\225\367\267\002\232"
 5500      8D5B5E52 
 5500      F3E8015F 
 5500      B095F7B7 
 5500      029A
 5501 1cb1 7EB47996 		.ascii	"~\264y\226f@\366\252\340n \270\351\203u\313\364\265"
 5501      6640F6AA 
 5501      E06E20B8 
 5501      E98375CB 
 5501      F4B5
 5502 1cc3 ED5BD6AA 		.ascii	"\355[\326\252'\231w\324\021\326\014\232\233\244\316"
 5502      279977D4 
 5502      11D60C9A 
 5502      9BA4CE
 5503 1cd2 2AA9CD7C 		.ascii	"*\251\315|\232f\226:\273\331H\032\345\316n\301{e\027"
 5503      9A66963A 
 5503      BBD9481A 
 5503      E5CE6EC1 
 5503      7B6517
 5504 1ce5 318CCE1B 		.ascii	"1\214\316\033\254;\335\344n+~D\024#\015F\305H+\010\337"
 5504      AC3BDDE4 
 5504      6E2B7E44 
 5504      14230D46 
 5504      C5482B08 
 5505 1cfa 928CB4B7 		.ascii	"\222\214\264\267&\317bG\276Y~\320Nn\3126\332\360^\266"
 5505      26CF6247 
 5505      BE597ED0 
 5505      4E6ECA36 
 5505      DAF05EB6 
 5506 1d0e 513C9CAE 		.ascii	"Q<\234\256\322\267\221]S|K]\203=V\035\271\013\302wd"
 5506      D2B7915D 
 5506      537C4B5D 
 5506      833D561D 
 5506      B90BC277 
 5507 1d23 1BF98732 		.ascii	"\033\371\2072\270\015\230\310\215\344\266l\243\035\357"
 5507      B80D98C8 
 5507      8DE4B66C 
 5507      A31DEF
 5508 1d32 95239497 		.ascii	"\225#\224\227i\021\263q\350Q\355N\253\336\311^\007_"
 5508      6911B371 
 5508      E851ED4E 
 5508      ABDEC95E 
 5508      075F
 5509 1d44 86B13C5E 		.ascii	"\206\261<^\260\355\304\366\327\344ak\200W\344\236\254"
 5509      B0EDC4F6 
 5509      D7E4616B 
 5509      8057E49E 
ARM GAS  C:\Users\nello\AppData\Local\Temp\cc46pQ2n.s 			page 245


 5509      AC
 5510 1d55 B513EF65 		.ascii	"\265\023\357e\255u/\321\012}\344+\357/~b\222\033\036"
 5510      AD752FD1 
 5510      0A7DE42B 
 5510      EF2F7E62 
 5510      921B1E
 5511 1d68 603A9CDE 		.ascii	"`:\234\336\275~\263\237N\275x\004\332\036\252\213\200"
 5511      BD7EB39F 
 5511      4EBD7804 
 5511      DA1EAA8B 
 5511      80
 5512 1d79 D4147511 		.ascii	"\324\024u\021\360\310H\356\313v\273\360^\266;\1778("
 5512      F0C848EE 
 5512      CB76BBF0 
 5512      5EB63B7F 
 5512      3828
 5513 1d8b AC49ED49 		.ascii	"\254I\355I\324\214\215\0145\277\27217\216\017\346\335"
 5513      D48C8D0C 
 5513      35BFBA31 
 5513      378E0FE6 
 5513      DD
 5514 1d9c BC60DBBD 		.ascii	"\274`\333\275+DQY\012\013~Ye\217\021\356e\225\013^\002"
 5514      2B445159 
 5514      0A0B7E59 
 5514      658F11EE 
 5514      65950B5E 
 5515 1db1 9547575F 		.ascii	"\225GW_{\240\031\013sT\225\275\250\362\"W\011\253\323"
 5515      7BA0190B 
 5515      735495BD 
 5515      A8F22257 
 5515      09ABD3
 5516 1dc4 8EB21195 		.ascii	"\216\262\021\225r\241\000\256'\262\312\247x\257\034"
 5516      72A100AE 
 5516      27B2CAA7 
 5516      78AF1C
 5517 1dd3 7A0EA377 		.ascii	"z\016\243w%\020\363n-\377\225\202\001\004\372d\001\227"
 5517      2510F36E 
 5517      2DFF9582 
 5517      0104FA64 
 5517      0197
 5518 1de5 09EE6581 		.ascii	"\011\356e\201\306\227\350\372!?}\0005\015\347\206\263"
 5518      C697E8FA 
 5518      213F7D00 
 5518      350DE786 
 5518      B3
 5519 1df6 255DE9EA 		.ascii	"%]\351\352\011\255[]N'\231`\027b\202x\316\003\244\227"
 5519      09AD5B5D 
 5519      4E279960 
 5519      17628278 
 5519      CE03A497 
 5520 1e0a 5A4F76BE 		.ascii	"ZOv\276\247 M2\221D\223d8\031\357\225\263\277W\350\325"
 5520      A7204D32 
 5520      91449364 
 5520      3819EF95 
 5520      B3BF57E8 
 5521 1e1f 67309C82 		.ascii	"g0\234\202\206\263\347_\333\341'\267\244b\313\371-\331"
 5521      86B3E75F 
ARM GAS  C:\Users\nello\AppData\Local\Temp\cc46pQ2n.s 			page 246


 5521      DBE127B7 
 5521      A462CBF9 
 5521      2DD9
 5522 1e31 574C7A23 		.ascii	"WLz#a&\030H\223\240\264\037\311\234%g\351L\023\231!"
 5522      61261848 
 5522      93A0B41F 
 5522      C99C2567 
 5522      E94C1399 
 5523 1e46 E39885F7 		.ascii	"\343\230\205\3672\216V\354\327\203\353\213\367\2334"
 5523      328E56EC 
 5523      D783EB8B 
 5523      F79B34
 5524 1e55 5F7FF6F7 		.ascii	"_\177\366\367\317\212\200\365\370\265\214\022My\230"
 5524      CF8A80F5 
 5524      F8B58C12 
 5524      4D7998
 5525 1e64 6D52BFE3 		.ascii	"mR\277\3430\341d6D\316\252\222\233\003\224\360\303X"
 5525      30E16436 
 5525      44CEAA92 
 5525      9B0394F0 
 5525      C358
 5526 1e76 CF90AD67 		.ascii	"\317\220\255g\232\340^\266\336<\214\316xN\036\000\015"
 5526      9AE05EB6 
 5526      DE3C8CCE 
 5526      784E1E00 
 5526      0D
 5527 1e87 3DEA5470 		.ascii	"=\352Tp\303@\262d\2119&\222\245H\354\177\221.~\016\201"
 5527      C340B264 
 5527      89392692 
 5527      A548EC7F 
 5527      912E7E0E 
 5528 1e9c 5CBAD1D1 		.ascii	"\\\272\321\321i\365\3746\306\363_re<I\037\247\002\235"
 5528      69F5FC36 
 5528      C6F35F72 
 5528      653C491F 
 5528      A7029D
 5529 1eaf AB029D67 		.ascii	"\253\002\235gb\357\357U4\034\343\213\346y|\277x`\323"
 5529      62EFEF55 
 5529      341CE38B 
 5529      E6797CBF 
 5529      7860D3
 5530 1ec2 FC0EAB5E 		.ascii	"\374\016\253^P\027\200\365\371&\245\206u\247\230\345"
 5530      501780F5 
 5530      F926A586 
 5530      75A798E5 
 5531 1ed2 61BAC044 		.ascii	"a\272\300D\262e\230\013\361^\206\271\375e\334\000\365"
 5531      B265980B 
 5531      F15E86B9 
 5531      FD65DC00 
 5531      F5
 5532 1ee3 76E56926 		.ascii	"v\345i&\376{j)\315\301Xm|N\367<;\265\255\351\254\012"
 5532      FE7B6A29 
 5532      CDC1586D 
 5532      7C4EF73C 
 5532      3BB5ADE9 
 5533 1ef9 E3A05A81 		.ascii	"\343\240Z\201rA\373b\223R/\226\235xK\255\027\271&\262"
 5533      7241FB62 
ARM GAS  C:\Users\nello\AppData\Local\Temp\cc46pQ2n.s 			page 247


 5533      93522F96 
 5533      9D784BAD 
 5533      17B926B2 
 5534 1f0d 48069287 		.ascii	"H\006\222\207\3672\220\322\227\004C\370\2440\373\353"
 5534      F73290D2 
 5534      970443F8 
 5534      A430FBEB 
 5535 1f1d 6FBF3D0A 		.ascii	"o\277=\012\376\017\237\024\365mT\234c\354\2301cF\305"
 5535      FE0F9F14 
 5535      F56D549C 
 5535      63EC9831 
 5535      6346C5
 5536 1f30 3946D99D 		.ascii	"9F\331\235\243\034\366phuN\262\333\302\"\034o\207[~"
 5536      A31CF670 
 5536      68754EB2 
 5536      DBC2221C 
 5536      6F875B7E 
 5537 1f44 F3D99F86 		.ascii	"\363\331\237\206\177<\346\003a\210\246\361\355_\276"
 5537      7F3CE603 
 5537      6188A6F1 
 5537      ED5FBE
 5538 1f53 FFDE7B61 		.ascii	"\377\336{a\266oG\013V\207\363\273\260\350\250\310\330"
 5538      B66F470B 
 5538      5687F3BB 
 5538      B0E8A8C8 
 5538      D8
 5539 1f64 50A7D919 		.ascii	"P\247\331\031o\217\212\013uZc\302\242b9\253\005>\242"
 5539      6F8F8A0B 
 5539      755A63C2 
 5539      A26239AB 
 5539      053EA2
 5540 1f77 B1D51CE3 		.ascii	"\261\325\034\343\374>:\312\341\264\204O\012\215Ip\332"
 5540      FC3E3ACA 
 5540      E1B4844F 
 5540      0A8D4970 
 5540      DA
 5541 1f88 BEB7D8E2 		.ascii	"\276\267\330\342m\261\021Q\261\221\376\266\311\266X"
 5541      6DB11151 
 5541      B191FEB6 
 5541      C9B658
 5542 1f97 674C98E3 		.ascii	"gL\230\343\273P\247%\306"
 5542      BB50A725 
 5542      C6
 5543 1fa0 11F9D704 		.ascii	"\021\371\327\004[\202\315\020k\373\236\361\262'\253"
 5543      5B82CD10 
 5543      6BFB9EF1 
 5543      B227AB
 5544 1faf 7C13EA34 		.ascii	"|\023\3524\304\333m\223\337\372\370\237\376\3621\342"
 5544      C4DB6D93 
 5544      DFFAF89F 
 5544      FEF231E2 
 5545 1fbf 9EE04C88 		.ascii	"\236\340L\210\210\212\373\313\2248\373w\216\370\260"
 5545      888AFBCB 
 5545      9438FB77 
 5545      8EF8B0
 5546 1fce 705B6882 		.ascii	"p[h\202\303f\377\313ol\016g\202\335\366\373\270\310"
 5546      C366FFCB 
ARM GAS  C:\Users\nello\AppData\Local\Temp\cc46pQ2n.s 			page 248


 5546      6F6C0E67 
 5546      82DDF6FB 
 5546      B8C8
 5547 1fe0 A8F0C9EF 		.ascii	"\250\360\311\357\010\377\330\237\243Q\261\341\321\011"
 5547      08FFD89F 
 5547      A351B1E1 
 5547      D109
 5548 1fee 11367883 		.ascii	"\0216x\203\310\034oO\022\314S\302\242\234\200\311\014"
 5548      C81C6F4F 
 5548      12CC53C2 
 5548      A29C80C9 
 5548      0C
 5549 1fff 06       		.ascii	"\006"
 5550 2000 B1CD4FBA 		.ascii	"\261\315O\272\206:I\202\3116\005A\232\2468\301\225x"
 5550      863A4982 
 5550      C9360541 
 5550      9AA638C1 
 5550      9578
 5551 2012 B8386C31 		.ascii	"\2708l1\361\001\300\000\327\260\370Iqv\233\331\201\216"
 5551      F101C000 
 5551      D7B0F849 
 5551      71769BD9 
 5551      818E
 5552 2024 38228D40 		.ascii	"8\"\215@\241N\343\024\247\323\036\217\032\244P\360K"
 5552      A14EE314 
 5552      A7D31E8F 
 5552      1AA450F0 
 5552      4B
 5553 2035 A8739074 		.ascii	"\250s\220tc\267M\264\331m\261\200\332\011\332\342\276"
 5553      63B74DB4 
 5553      D96DB180 
 5553      DA09DAE2 
 5553      BE
 5554 2046 FD3FF116 		.ascii	"\375?\361\026\333\367Q\316\360\270\010\233\311\0361"
 5554      DBF751CE 
 5554      F0B8089B 
 5554      C91E31
 5555 2055 1594BCF9 		.ascii	"\025\224\274\371\323\310A\314\026\316\260\033@\237\303"
 5555      D3C841CC 
 5555      16CEB01B 
 5555      409FC3
 5556 2064 ECC44F30 		.ascii	"\354\304O0>1:,\022\236b@\031<9\234aN\233\305\311.h-"
 5556      3E313A2C 
 5556      129E6240 
 5556      193C399C 
 5556      614E9BC5 
 5557 207c ECDB3007 		.ascii	"\354\3330\007\3048,\306f\214\233\022k\263\017\000\224"
 5557      C4382CC6 
 5557      668C9B12 
 5557      6BB30F00 
 5557      94
 5558 208d 718ED0A8 		.ascii	"q\216\320\250X\340\000@\201\232{`\267\263\330\323p\347"
 5558      58E00040 
 5558      819A7B60 
 5558      B7B3D8D3 
 5558      70E7
 5559 209f F76023D2 		.ascii	"\367`#\322a\212\266\207\332\276\017\267$@'\27736\324"
ARM GAS  C:\Users\nello\AppData\Local\Temp\cc46pQ2n.s 			page 249


 5559      618AB687 
 5559      DABE0FB7 
 5559      244027BF 
 5559      3336D4
 5560 20b2 49ED63C6 		.ascii	"I\355c\306\000\215\026\355\277\024\355\037\212\366\017"
 5560      008D16ED 
 5560      BF14ED1F 
 5560      8AF60F
 5561 20c1 44FBFBA2 		.ascii	"D\373\373\242\375=\321\376\256\031\315@\357\373\307"
 5561      FD3DD1FE 
 5561      AE19CD40 
 5561      EFFBC7
 5562 20d0 C7D99DA0 		.ascii	"\307\331\235\240\321\011*>\320\365)<.&&.v\024\3629F"
 5562      D1092A3E 
 5562      D0F5293C 
 5562      2E26262E 
 5562      7614F239 
 5563 20e5 7DF4C51F 		.ascii	"}\364\305\037&\177\360\326\037\336\372\350\367_\002"
 5563      267FF0D6 
 5563      1FDEFAE8 
 5563      F75F02
 5564 20f4 5F384416 		.ascii	"_8D\026\334\023\035\361\\\015$\006\250\011`\367\341"
 5564      DC131DF1 
 5564      5C0D2406 
 5564      A80960F7 
 5564      E1
 5565 2105 71B1904A 		.ascii	"q\261\220JN:)\302n\212g(\007\202'\230o\366(\347T\236"
 5565      4E3A29C2 
 5565      6E8A6728 
 5565      07822798 
 5565      6FF628E7 
 5566 211b 33213E2D 		.ascii	"3!>-,\213\242\342\214<\323\260\177\2151\361qq\321&P"
 5566      2C8BA2E2 
 5566      8C3CD3B0 
 5566      7F8D31F1 
 5566      7171D126 
 5567 2130 37312A72 		.ascii	"71*r\210g0By\353`\337&\320c\237\030\236\200\311\202"
 5567      88673042 
 5567      79EB60DF 
 5567      26D0639F 
 5567      189E80C9 
 5568 2145 5703A687 		.ascii	"W\003\246\207?\336\205\362l~\343\247\273\017\271\301"
 5568      3FDE85F2 
 5568      6C7EE3A7 
 5568      BB0FB9C1 
 5569 2155 39139372 		.ascii	"9\023\223r\232\321\327\320\250\010?\351\012-\020p\004"
 5569      9AD1D7D0 
 5569      A8083FE9 
 5569      0A2D1070 
 5569      04
 5570 2166 E88F366C 		.ascii	"\350\2176l\221pg\237j\225o\240k&;\331\240\212\016s8"
 5570      9170679F 
 5570      6A956FA0 
 5570      6B263BD9 
 5570      A08A0E73 
 5571 217b 9D513136 		.ascii	"\235Q16?\307T\007^\241\313#\360E \210E\330\242\235a"
 5571      3FC75407 
ARM GAS  C:\Users\nello\AppData\Local\Temp\cc46pQ2n.s 			page 250


 5571      5EA1CB23 
 5571      F0452088 
 5571      45D8A29D 
 5572 2190 2C8B833C 		.ascii	",\213\203<\236\220\007\037\002A\006\272\306f\237\034"
 5572      9E90071F 
 5572      024106BA 
 5572      C6669F1C 
 5573 21a0 161DEA7C 		.ascii	"\026\035\352|\016x&G\331\235\011\370\000\232\354\016"
 5573      0E782647 
 5573      D99D09F8 
 5573      009AEC0E 
 5574 21b0 3E10D002 		.ascii	">\020\320\0028\037\023\317\272\375\375wC\235Ct\330@"
 5574      381F13CF 
 5574      BAFDFD77 
 5574      439D4374 
 5574      D840
 5575 21c2 A75DB68B 		.ascii	"\247]\266\2139>\225\265\232\303\023\354\220\350\316"
 5575      393E95B5 
 5575      9AC313EC 
 5575      90E8CE
 5576 21d1 00B509B2 		.ascii	"\000\265\011\262&\342\333H\004\204\210m1\200\353\333"
 5576      26E2DB48 
 5576      0484886D 
 5576      3180EBDB 
 5577 21e1 8448BFF8 		.ascii	"\204H\277\370\260\330\250\360P\310\374g\030\263L\002"
 5577      B0D8A8F0 
 5577      50C8FC67 
 5577      18B34C02 
 5578 21f1 623740AB 		.ascii	"b7@\253\001B\342\210\372\017\033\326\242\211\011\261"
 5578      0142E288 
 5578      FA0F1BD6 
 5578      A28909B1 
 5579 2201 E1A1CE60 		.ascii	"\341\241\316`e\3749x\347\007y<\341H\001\276x\303\024"
 5579      65FC3978 
 5579      E707793C 
 5579      E14801BE 
 5579      78C314
 5580 2214 2846C629 		.ascii	"(F\306)\230\2574\314\376,\003O.\205\223\204\020i<G\330"
 5580      98AF34CC 
 5580      FE2C034F 
 5580      2E859384 
 5580      10693C47 
 5581 2229 1CE1F6A8 		.ascii	"\034\341\366\250xg\234\035\274\033\363\276\340\027f"
 5581      78679C1D 
 5581      BC1BF3BE 
 5581      E01766
 5582 2238 8F99FC81 		.ascii	"\217\231\374\201\355\255\030\301\012\375\011y\372V\314"
 5582      EDAD18C1 
 5582      0AFD0979 
 5582      FA56CC
 5583 2247 BB0264E3 		.ascii	"\273\002d\343\227\223\"\276\260E\333\300\324\333\361"
 5583      979322BE 
 5583      B045DBC0 
 5583      D4DBF1
 5584 2256 6176E7DB 		.ascii	"av\347\333\243\003\264m#\237\261,\013\003C\301\261\210"
 5584      A303B46D 
 5584      239FB12C 
ARM GAS  C:\Users\nello\AppData\Local\Temp\cc46pQ2n.s 			page 251


 5584      0B0343C1 
 5584      B188
 5585 2268 505E0020 		.ascii	"P^\000 5\243\234C\230\236\217\201\301i\233\220\340\300"
 5585      35A39C43 
 5585      989E8F81 
 5585      C1699B90 
 5585      E0C0
 5586 227a FA6A8B18 		.ascii	"\372j\213\030\037\022\032\312\306\212\204\022:\321\356"
 5586      1F121ACA 
 5586      C68A8412 
 5586      3AD1EE
 5587 2289 1CACC719 		.ascii	"\034\254\307\031\240i\034\357\257y\030\250\345\206\022"
 5587      A0691CEF 
 5587      AF7918A8 
 5587      E58612
 5588 2298 12156E65 		.ascii	"\022\025ne-\023P\025g\374(\002\360O\344\315\277\206"
 5588      2D135015 
 5588      67FC2802 
 5588      F04FE4CD 
 5588      BF86
 5589 22aa 2236C14F 		.ascii	"\"6\301O\271\345w_Aa\015\346R6\347\347\322p\034\300"
 5589      B9E5775F 
 5589      41610DE6 
 5589      5236E7E7 
 5589      D2701CC0 
 5590 22be 1ABEB4D9 		.ascii	"\032\276\264\331c\242bA\267\2445\332f\213\017Ro\377"
 5590      63A26241 
 5590      B7A435DA 
 5590      668B0F52 
 5590      6FFF
 5591 22d0 14EB8C8A 		.ascii	"\024\353\214\212\036\352\365\374UTlD\334\024[\004\027"
 5591      1EEAF5FC 
 5591      55546C44 
 5591      DC145B04 
 5591      17
 5592 22e1 F926CA16 		.ascii	"\371&\312\026\035\021\310Y\2707\023\006k\237\276\204"
 5592      1D11C859 
 5592      B8371306 
 5592      6B9FBE84 
 5593 22f1 0C8D4B70 		.ascii	"\014\215KpN\220\003\355H\210\261\215\327>L\360\327<"
 5593      4E9003ED 
 5593      4888B18D 
 5593      D73E4CF0 
 5593      D73C
 5594 2303 70D15FC7 		.ascii	"p\321_\307\262\004\221Ey\014>\261\261\306\317\240\346"
 5594      B2049145 
 5594      790C3EB1 
 5594      B1C6CFA0 
 5594      E6
 5595 2314 8C0FD6B6 		.ascii	"\214\017\326\266|\024\035=\036\260\374\253-,\376S\273"
 5595      7C141D3D 
 5595      1EB0FCAB 
 5595      2D2CFE53 
 5595      BB
 5596 2325 CD365AB7 		.ascii	"\3156Z\267\023\343\034\321Q\337jR(\306\0263\011\004"
 5596      13E31CD1 
 5596      51DF6A52 
ARM GAS  C:\Users\nello\AppData\Local\Temp\cc46pQ2n.s 			page 252


 5596      28C61633 
 5596      0904
 5597 2337 308740F6 		.ascii	"0\207@\366s\250@(\033\010\315q0\270\261\"\205:\237Y"
 5597      73A84028 
 5597      1B08CD71 
 5597      30B8B122 
 5597      853A9F59 
 5598 234b 13B2A326 		.ascii	"\023\262\243&\360dB\370\244/p\244\215\177\206\002\344"
 5598      F06442F8 
 5598      A42F70A4 
 5598      8D7F8602 
 5598      E4
 5599 235c 80810452 		.ascii	"\200\201\004R\001L\352\253\260\357l\011\361\023\002"
 5599      014CEAAB 
 5599      B0EF6C09 
 5599      F11302
 5600 236b D9C36FE2 		.ascii	"\331\303o\342X\270'\004\207\206~\233\020\025\015\323"
 5600      58B82704 
 5600      87867E9B 
 5600      10150DD3 
 5601 237b 2294DE78 		.ascii	"\"\224\336x\3105#T?\207\323\000\331:\321\034\033\007"
 5601      C8352354 
 5601      3F87D300 
 5601      D93AD11C 
 5601      1B07
 5602 238d 69153725 		.ascii	"i\0257%X2\012\332l\021\011\3216\014\277\252B\011\277"
 5602      58320ADA 
 5602      6C1109D1 
 5602      360CBFAA 
 5602      4209BF
 5603 23a0 C3F91B9B 		.ascii	"\303\371\033\233\363\343\270\004\2546\357\352b\233\024"
 5603      F3E3B804 
 5603      AC36EFEA 
 5603      629B14
 5604 23af 160D17F8 		.ascii	"\026\015\027\370\260;\337\212\215\212\226\312?/1\000"
 5604      B03BDF8A 
 5604      8D8A96CA 
 5604      3F2F3100 
 5605 23bf 9323FB24 		.ascii	"\223#\373$\216u\370\004\032>it\277\303E\343\342T6\265"
 5605      8E75F804 
 5605      1A3E6974 
 5605      BFC345E3 
 5605      E25436B5 
 5606 23d3 B35547A8 		.ascii	"\263UG\250\363\031\004`~\007\201 e\321\001e\337fw\006"
 5606      F3190460 
 5606      7E078120 
 5606      65D10165 
 5606      DF667706 
 5607 23e7 C86B011C 		.ascii	"\310k\001\034j\201\232\227QN\303\367\361\016\273\030"
 5607      6A819A97 
 5607      514EC3F7 
 5607      F10EBB18 
 5608 23f7 1F8E3323 		.ascii	"\037\2163#\214I\230\014\307\212\366wD;|\216\021\355"
 5608      8C49980C 
 5608      C78AF677 
 5608      443B7C8E 
 5608      11ED
ARM GAS  C:\Users\nello\AppData\Local\Temp\cc46pQ2n.s 			page 253


 5609 2409 A3034361 		.ascii	"\243\003Ca\215\340\014\375\227\217&\374\372\363/\306"
 5609      8DE00CFD 
 5609      978F26FC 
 5609      FAF32FC6 
 5610 2419 0786454F 		.ascii	"\007\206EO\011\233\212\223ItT\254\355\343\037\233\016"
 5610      099B8A93 
 5610      497454AC 
 5610      EDE31F9B 
 5610      0E
 5611 242a 21CD7032 		.ascii	"!\315p2\034\365\361\037&\214\2370\352c\210\304\250\361"
 5611      1CF5F11F 
 5611      268C9F30 
 5611      EA6388C4 
 5611      A8F1
 5612 243c 32CA1847 		.ascii	"2\312\030G\224#42<\034\220\302\010\2330\325\361\373"
 5612      94233432 
 5612      3C1C90C2 
 5612      089B30D5 
 5612      F1FB
 5613 244e B8F0EFFC 		.ascii	"\270\360\357\374\330H\217\206;\177\326\366\247Xv\317"
 5613      D8488F86 
 5613      3B7FD6F6 
 5613      A75876CF 
 5614 245e 5A13D8BD 		.ascii	"Z\023\330\2751\364_ Q\202\025\370\021<\177\203e\347"
 5614      31F45F20 
 5614      518215F8 
 5614      113C7F83 
 5614      65E7
 5615 2470 A0432197 		.ascii	"\240C!\227\330\320\344\015\011\010\363;>\270\240\367"
 5615      D8D0E40D 
 5615      0908F33B 
 5615      3EB8A0F7 
 5616 2480 26D8A227 		.ascii	"&\330\242'~\255\204\002_\371\253CsB\010\2574\330[\241"
 5616      7EAD8402 
 5616      5FF9AB43 
 5616      734208AF 
 5616      34D85BA1 
 5617 2494 91367E37 		.ascii	"\2216~7(|\322\237\277DIV\2461\027\276\356w\351\251\366"
 5617      287CD29F 
 5617      BF444956 
 5617      A63117BE 
 5617      EE77E9A9 
 5618 24a9 C16427CF 		.ascii	"\301d'\317e\344\377$j\342\304\257\237!\227\321\032H"
 5618      65E4FF24 
 5618      6AE2C4AF 
 5618      9F2197D1 
 5618      1A48
 5619 24bb 0573A9F1 		.ascii	"\005s\251\361\216\361\261_\204\305F\332\276\036\254"
 5619      8EF1B15F 
 5619      84C546DA 
 5619      BE1EAC
 5620 24ca 783B316A 		.ascii	"x;1jb\034LL1q\223m\274\020\177\022\247\035\322\003\025"
 5620      621C4C4C 
 5620      3171936D 
 5620      BC107F12 
 5620      A71DD203 
 5621 24df 46390C83 		.ascii	"F9\014\203e\277\277\202%&,\014?\202\"\370\365\377\005"
ARM GAS  C:\Users\nello\AppData\Local\Temp\cc46pQ2n.s 			page 254


 5621      65BFBF82 
 5621      25262C0C 
 5621      3F8222F8 
 5621      F5FF05
 5622 24f2 8449A42E 		.ascii	"\204I\244."
 5623              		.text
 5624              		.section	.gnu.lto_.symtab.6c44ca83,"e",%progbits
 5625 0000 5F5F7468 		.ascii	"__thd_object_init\000"
 5625      645F6F62 
 5625      6A656374 
 5625      5F696E69 
 5625      7400
 5626 0012 00       		.ascii	"\000"
 5627 0013 00       		.ascii	"\000"
 5628 0014 00       		.ascii	"\000"
 5629 0015 00000000 		.ascii	"\000\000\000\000\000\000\000\000"
 5629      00000000 
 5630 001d 09020000 		.ascii	"\011\002\000\000"
 5631 0021 63685468 		.ascii	"chThdCreateSuspendedI\000"
 5631      64437265 
 5631      61746553 
 5631      75737065 
 5631      6E646564 
 5632 0037 00       		.ascii	"\000"
 5633 0038 00       		.ascii	"\000"
 5634 0039 00       		.ascii	"\000"
 5635 003a 00000000 		.ascii	"\000\000\000\000\000\000\000\000"
 5635      00000000 
 5636 0042 10020000 		.ascii	"\020\002\000\000"
 5637 0046 63685468 		.ascii	"chThdCreateSuspended\000"
 5637      64437265 
 5637      61746553 
 5637      75737065 
 5637      6E646564 
 5638 005b 00       		.ascii	"\000"
 5639 005c 00       		.ascii	"\000"
 5640 005d 00       		.ascii	"\000"
 5641 005e 00000000 		.ascii	"\000\000\000\000\000\000\000\000"
 5641      00000000 
 5642 0066 15020000 		.ascii	"\025\002\000\000"
 5643 006a 63685468 		.ascii	"chThdCreateI\000"
 5643      64437265 
 5643      61746549 
 5643      00
 5644 0077 00       		.ascii	"\000"
 5645 0078 00       		.ascii	"\000"
 5646 0079 00       		.ascii	"\000"
 5647 007a 00000000 		.ascii	"\000\000\000\000\000\000\000\000"
 5647      00000000 
 5648 0082 17020000 		.ascii	"\027\002\000\000"
 5649 0086 63685468 		.ascii	"chThdCreate\000"
 5649      64437265 
 5649      61746500 
 5650 0092 00       		.ascii	"\000"
 5651 0093 00       		.ascii	"\000"
 5652 0094 00       		.ascii	"\000"
 5653 0095 00000000 		.ascii	"\000\000\000\000\000\000\000\000"
ARM GAS  C:\Users\nello\AppData\Local\Temp\cc46pQ2n.s 			page 255


 5653      00000000 
 5654 009d 19020000 		.ascii	"\031\002\000\000"
 5655 00a1 63685468 		.ascii	"chThdCreateStatic\000"
 5655      64437265 
 5655      61746553 
 5655      74617469 
 5655      6300
 5656 00b3 00       		.ascii	"\000"
 5657 00b4 00       		.ascii	"\000"
 5658 00b5 00       		.ascii	"\000"
 5659 00b6 00000000 		.ascii	"\000\000\000\000\000\000\000\000"
 5659      00000000 
 5660 00be 21020000 		.ascii	"!\002\000\000"
 5661 00c2 63685468 		.ascii	"chThdStart\000"
 5661      64537461 
 5661      727400
 5662 00cd 00       		.ascii	"\000"
 5663 00ce 00       		.ascii	"\000"
 5664 00cf 00       		.ascii	"\000"
 5665 00d0 00000000 		.ascii	"\000\000\000\000\000\000\000\000"
 5665      00000000 
 5666 00d8 25020000 		.ascii	"%\002\000\000"
 5667 00dc 63685468 		.ascii	"chThdAddRef\000"
 5667      64416464 
 5667      52656600 
 5668 00e8 00       		.ascii	"\000"
 5669 00e9 00       		.ascii	"\000"
 5670 00ea 00       		.ascii	"\000"
 5671 00eb 00000000 		.ascii	"\000\000\000\000\000\000\000\000"
 5671      00000000 
 5672 00f3 27020000 		.ascii	"'\002\000\000"
 5673 00f7 63685468 		.ascii	"chThdRelease\000"
 5673      6452656C 
 5673      65617365 
 5673      00
 5674 0104 00       		.ascii	"\000"
 5675 0105 00       		.ascii	"\000"
 5676 0106 00       		.ascii	"\000"
 5677 0107 00000000 		.ascii	"\000\000\000\000\000\000\000\000"
 5677      00000000 
 5678 010f 01020000 		.ascii	"\001\002\000\000"
 5679 0113 63685468 		.ascii	"chThdExitS\000"
 5679      64457869 
 5679      745300
 5680 011e 00       		.ascii	"\000"
 5681 011f 00       		.ascii	"\000"
 5682 0120 00       		.ascii	"\000"
 5683 0121 00000000 		.ascii	"\000\000\000\000\000\000\000\000"
 5683      00000000 
 5684 0129 2B020000 		.ascii	"+\002\000\000"
 5685 012d 63685468 		.ascii	"chThdExit\000"
 5685      64457869 
 5685      7400
 5686 0137 00       		.ascii	"\000"
 5687 0138 00       		.ascii	"\000"
 5688 0139 00       		.ascii	"\000"
 5689 013a 00000000 		.ascii	"\000\000\000\000\000\000\000\000"
ARM GAS  C:\Users\nello\AppData\Local\Temp\cc46pQ2n.s 			page 256


 5689      00000000 
 5690 0142 2D020000 		.ascii	"-\002\000\000"
 5691 0146 63685468 		.ascii	"chThdWait\000"
 5691      64576169 
 5691      7400
 5692 0150 00       		.ascii	"\000"
 5693 0151 00       		.ascii	"\000"
 5694 0152 00       		.ascii	"\000"
 5695 0153 00000000 		.ascii	"\000\000\000\000\000\000\000\000"
 5695      00000000 
 5696 015b 31020000 		.ascii	"1\002\000\000"
 5697 015f 63685468 		.ascii	"chThdSetPriority\000"
 5697      64536574 
 5697      5072696F 
 5697      72697479 
 5697      00
 5698 0170 00       		.ascii	"\000"
 5699 0171 00       		.ascii	"\000"
 5700 0172 00       		.ascii	"\000"
 5701 0173 00000000 		.ascii	"\000\000\000\000\000\000\000\000"
 5701      00000000 
 5702 017b 35020000 		.ascii	"5\002\000\000"
 5703 017f 63685468 		.ascii	"chThdTerminate\000"
 5703      64546572 
 5703      6D696E61 
 5703      746500
 5704 018e 00       		.ascii	"\000"
 5705 018f 00       		.ascii	"\000"
 5706 0190 00       		.ascii	"\000"
 5707 0191 00000000 		.ascii	"\000\000\000\000\000\000\000\000"
 5707      00000000 
 5708 0199 37020000 		.ascii	"7\002\000\000"
 5709 019d 63685468 		.ascii	"chThdSleep\000"
 5709      64536C65 
 5709      657000
 5710 01a8 00       		.ascii	"\000"
 5711 01a9 00       		.ascii	"\000"
 5712 01aa 00       		.ascii	"\000"
 5713 01ab 00000000 		.ascii	"\000\000\000\000\000\000\000\000"
 5713      00000000 
 5714 01b3 3B020000 		.ascii	";\002\000\000"
 5715 01b7 63685468 		.ascii	"chThdSleepUntil\000"
 5715      64536C65 
 5715      6570556E 
 5715      74696C00 
 5716 01c7 00       		.ascii	"\000"
 5717 01c8 00       		.ascii	"\000"
 5718 01c9 00       		.ascii	"\000"
 5719 01ca 00000000 		.ascii	"\000\000\000\000\000\000\000\000"
 5719      00000000 
 5720 01d2 3F020000 		.ascii	"?\002\000\000"
 5721 01d6 63685468 		.ascii	"chThdSleepUntilWindowed\000"
 5721      64536C65 
 5721      6570556E 
 5721      74696C57 
 5721      696E646F 
 5722 01ee 00       		.ascii	"\000"
ARM GAS  C:\Users\nello\AppData\Local\Temp\cc46pQ2n.s 			page 257


 5723 01ef 00       		.ascii	"\000"
 5724 01f0 00       		.ascii	"\000"
 5725 01f1 00000000 		.ascii	"\000\000\000\000\000\000\000\000"
 5725      00000000 
 5726 01f9 44020000 		.ascii	"D\002\000\000"
 5727 01fd 63685468 		.ascii	"chThdYield\000"
 5727      64596965 
 5727      6C6400
 5728 0208 00       		.ascii	"\000"
 5729 0209 00       		.ascii	"\000"
 5730 020a 00       		.ascii	"\000"
 5731 020b 00000000 		.ascii	"\000\000\000\000\000\000\000\000"
 5731      00000000 
 5732 0213 46020000 		.ascii	"F\002\000\000"
 5733 0217 63685468 		.ascii	"chThdSuspendS\000"
 5733      64537573 
 5733      70656E64 
 5733      5300
 5734 0225 00       		.ascii	"\000"
 5735 0226 00       		.ascii	"\000"
 5736 0227 00       		.ascii	"\000"
 5737 0228 00000000 		.ascii	"\000\000\000\000\000\000\000\000"
 5737      00000000 
 5738 0230 4A020000 		.ascii	"J\002\000\000"
 5739 0234 63685468 		.ascii	"chThdSuspendTimeoutS\000"
 5739      64537573 
 5739      70656E64 
 5739      54696D65 
 5739      6F757453 
 5740 0249 00       		.ascii	"\000"
 5741 024a 00       		.ascii	"\000"
 5742 024b 00       		.ascii	"\000"
 5743 024c 00000000 		.ascii	"\000\000\000\000\000\000\000\000"
 5743      00000000 
 5744 0254 4F020000 		.ascii	"O\002\000\000"
 5745 0258 63685468 		.ascii	"chThdResumeI\000"
 5745      64526573 
 5745      756D6549 
 5745      00
 5746 0265 00       		.ascii	"\000"
 5747 0266 00       		.ascii	"\000"
 5748 0267 00       		.ascii	"\000"
 5749 0268 00000000 		.ascii	"\000\000\000\000\000\000\000\000"
 5749      00000000 
 5750 0270 54020000 		.ascii	"T\002\000\000"
 5751 0274 63685468 		.ascii	"chThdResumeS\000"
 5751      64526573 
 5751      756D6553 
 5751      00
 5752 0281 00       		.ascii	"\000"
 5753 0282 00       		.ascii	"\000"
 5754 0283 00       		.ascii	"\000"
 5755 0284 00000000 		.ascii	"\000\000\000\000\000\000\000\000"
 5755      00000000 
 5756 028c 56020000 		.ascii	"V\002\000\000"
 5757 0290 63685468 		.ascii	"chThdResume\000"
 5757      64526573 
ARM GAS  C:\Users\nello\AppData\Local\Temp\cc46pQ2n.s 			page 258


 5757      756D6500 
 5758 029c 00       		.ascii	"\000"
 5759 029d 00       		.ascii	"\000"
 5760 029e 00       		.ascii	"\000"
 5761 029f 00000000 		.ascii	"\000\000\000\000\000\000\000\000"
 5761      00000000 
 5762 02a7 58020000 		.ascii	"X\002\000\000"
 5763 02ab 63685468 		.ascii	"chThdEnqueueTimeoutS\000"
 5763      64456E71 
 5763      75657565 
 5763      54696D65 
 5763      6F757453 
 5764 02c0 00       		.ascii	"\000"
 5765 02c1 00       		.ascii	"\000"
 5766 02c2 00       		.ascii	"\000"
 5767 02c3 00000000 		.ascii	"\000\000\000\000\000\000\000\000"
 5767      00000000 
 5768 02cb 60020000 		.ascii	"`\002\000\000"
 5769 02cf 63685468 		.ascii	"chThdDequeueNextI\000"
 5769      64446571 
 5769      75657565 
 5769      4E657874 
 5769      4900
 5770 02e1 00       		.ascii	"\000"
 5771 02e2 00       		.ascii	"\000"
 5772 02e3 00       		.ascii	"\000"
 5773 02e4 00000000 		.ascii	"\000\000\000\000\000\000\000\000"
 5773      00000000 
 5774 02ec 65020000 		.ascii	"e\002\000\000"
 5775 02f0 63685468 		.ascii	"chThdDequeueAllI\000"
 5775      64446571 
 5775      75657565 
 5775      416C6C49 
 5775      00
 5776 0301 00       		.ascii	"\000"
 5777 0302 00       		.ascii	"\000"
 5778 0303 00       		.ascii	"\000"
 5779 0304 00000000 		.ascii	"\000\000\000\000\000\000\000\000"
 5779      00000000 
 5780 030c 67020000 		.ascii	"g\002\000\000"
 5781 0310 5F5F706F 		.ascii	"__port_thread_start\000"
 5781      72745F74 
 5781      68726561 
 5781      645F7374 
 5781      61727400 
 5782 0324 00       		.ascii	"\000"
 5783 0325 02       		.ascii	"\002"
 5784 0326 00       		.ascii	"\000"
 5785 0327 00000000 		.ascii	"\000\000\000\000\000\000\000\000"
 5785      00000000 
 5786 032f 13020000 		.ascii	"\023\002\000\000"
 5787 0333 63683000 		.ascii	"ch0\000"
 5788 0337 00       		.ascii	"\000"
 5789 0338 02       		.ascii	"\002"
 5790 0339 00       		.ascii	"\000"
 5791 033a 00000000 		.ascii	"\000\000\000\000\000\000\000\000"
 5791      00000000 
ARM GAS  C:\Users\nello\AppData\Local\Temp\cc46pQ2n.s 			page 259


 5792 0342 96020000 		.ascii	"\226\002\000\000"
 5793 0346 63684865 		.ascii	"chHeapFree\000"
 5793      61704672 
 5793      656500
 5794 0351 00       		.ascii	"\000"
 5795 0352 02       		.ascii	"\002"
 5796 0353 00       		.ascii	"\000"
 5797 0354 00000000 		.ascii	"\000\000\000\000\000\000\000\000"
 5797      00000000 
 5798 035c 69020000 		.ascii	"i\002\000\000"
 5799 0360 6368506F 		.ascii	"chPoolFree\000"
 5799      6F6C4672 
 5799      656500
 5800 036b 00       		.ascii	"\000"
 5801 036c 02       		.ascii	"\002"
 5802 036d 00       		.ascii	"\000"
 5803 036e 00000000 		.ascii	"\000\000\000\000\000\000\000\000"
 5803      00000000 
 5804 0376 72020000 		.ascii	"r\002\000\000"
 5805 037a 63685363 		.ascii	"chSchReadyI\000"
 5805      68526561 
 5805      64794900 
 5806 0386 00       		.ascii	"\000"
 5807 0387 02       		.ascii	"\002"
 5808 0388 00       		.ascii	"\000"
 5809 0389 00000000 		.ascii	"\000\000\000\000\000\000\000\000"
 5809      00000000 
 5810 0391 74020000 		.ascii	"t\002\000\000"
 5811 0395 63685363 		.ascii	"chSchWakeupS\000"
 5811      6857616B 
 5811      65757053 
 5811      00
 5812 03a2 00       		.ascii	"\000"
 5813 03a3 02       		.ascii	"\002"
 5814 03a4 00       		.ascii	"\000"
 5815 03a5 00000000 		.ascii	"\000\000\000\000\000\000\000\000"
 5815      00000000 
 5816 03ad 79020000 		.ascii	"y\002\000\000"
 5817 03b1 63685363 		.ascii	"chSchGoSleepS\000"
 5817      68476F53 
 5817      6C656570 
 5817      5300
 5818 03bf 00       		.ascii	"\000"
 5819 03c0 02       		.ascii	"\002"
 5820 03c1 00       		.ascii	"\000"
 5821 03c2 00000000 		.ascii	"\000\000\000\000\000\000\000\000"
 5821      00000000 
 5822 03ca 7D020000 		.ascii	"}\002\000\000"
 5823 03ce 63685363 		.ascii	"chSchRescheduleS\000"
 5823      68526573 
 5823      63686564 
 5823      756C6553 
 5823      00
 5824 03df 00       		.ascii	"\000"
 5825 03e0 02       		.ascii	"\002"
 5826 03e1 00       		.ascii	"\000"
 5827 03e2 00000000 		.ascii	"\000\000\000\000\000\000\000\000"
ARM GAS  C:\Users\nello\AppData\Local\Temp\cc46pQ2n.s 			page 260


 5827      00000000 
 5828 03ea 8A020000 		.ascii	"\212\002\000\000"
 5829 03ee 63685363 		.ascii	"chSchGoSleepTimeoutS\000"
 5829      68476F53 
 5829      6C656570 
 5829      54696D65 
 5829      6F757453 
 5830 0403 00       		.ascii	"\000"
 5831 0404 02       		.ascii	"\002"
 5832 0405 00       		.ascii	"\000"
 5833 0406 00000000 		.ascii	"\000\000\000\000\000\000\000\000"
 5833      00000000 
 5834 040e 8F020000 		.ascii	"\217\002\000\000"
 5835 0412 73744765 		.ascii	"stGetCounter\000"
 5835      74436F75 
 5835      6E746572 
 5835      00
 5836 041f 00       		.ascii	"\000"
 5837 0420 02       		.ascii	"\002"
 5838 0421 00       		.ascii	"\000"
 5839 0422 00000000 		.ascii	"\000\000\000\000\000\000\000\000"
 5839      00000000 
 5840 042a 92020000 		.ascii	"\222\002\000\000"
 5841 042e 63685363 		.ascii	"chSchDoYieldS\000"
 5841      68446F59 
 5841      69656C64 
 5841      5300
 5842 043c 00       		.ascii	"\000"
 5843 043d 02       		.ascii	"\002"
 5844 043e 00       		.ascii	"\000"
 5845 043f 00000000 		.ascii	"\000\000\000\000\000\000\000\000"
 5845      00000000 
 5846 0447 94020000 		.ascii	"\224\002\000\000"
 5847              		.text
 5848              		.section	.gnu.lto_.ext_symtab.6c44ca83,"e",%progbits
 5849 0000 01       		.ascii	"\001"
 5850 0001 01       		.ascii	"\001"
 5851 0002 00       		.ascii	"\000"
 5852 0003 01       		.ascii	"\001"
 5853 0004 00       		.ascii	"\000"
 5854 0005 01       		.ascii	"\001"
 5855 0006 00       		.ascii	"\000"
 5856 0007 01       		.ascii	"\001"
 5857 0008 00       		.ascii	"\000"
 5858 0009 01       		.ascii	"\001"
 5859 000a 00       		.ascii	"\000"
 5860 000b 01       		.ascii	"\001"
 5861 000c 00       		.ascii	"\000"
 5862 000d 01       		.ascii	"\001"
 5863 000e 00       		.ascii	"\000"
 5864 000f 01       		.ascii	"\001"
 5865 0010 00       		.ascii	"\000"
 5866 0011 01       		.ascii	"\001"
 5867 0012 00       		.ascii	"\000"
 5868 0013 01       		.ascii	"\001"
 5869 0014 00       		.ascii	"\000"
 5870 0015 01       		.ascii	"\001"
ARM GAS  C:\Users\nello\AppData\Local\Temp\cc46pQ2n.s 			page 261


 5871 0016 00       		.ascii	"\000"
 5872 0017 01       		.ascii	"\001"
 5873 0018 00       		.ascii	"\000"
 5874 0019 01       		.ascii	"\001"
 5875 001a 00       		.ascii	"\000"
 5876 001b 01       		.ascii	"\001"
 5877 001c 00       		.ascii	"\000"
 5878 001d 01       		.ascii	"\001"
 5879 001e 00       		.ascii	"\000"
 5880 001f 01       		.ascii	"\001"
 5881 0020 00       		.ascii	"\000"
 5882 0021 01       		.ascii	"\001"
 5883 0022 00       		.ascii	"\000"
 5884 0023 01       		.ascii	"\001"
 5885 0024 00       		.ascii	"\000"
 5886 0025 01       		.ascii	"\001"
 5887 0026 00       		.ascii	"\000"
 5888 0027 01       		.ascii	"\001"
 5889 0028 00       		.ascii	"\000"
 5890 0029 01       		.ascii	"\001"
 5891 002a 00       		.ascii	"\000"
 5892 002b 01       		.ascii	"\001"
 5893 002c 00       		.ascii	"\000"
 5894 002d 01       		.ascii	"\001"
 5895 002e 00       		.ascii	"\000"
 5896 002f 01       		.ascii	"\001"
 5897 0030 00       		.ascii	"\000"
 5898 0031 01       		.ascii	"\001"
 5899 0032 00       		.ascii	"\000"
 5900 0033 01       		.ascii	"\001"
 5901 0034 00       		.ascii	"\000"
 5902 0035 01       		.ascii	"\001"
 5903 0036 00       		.ascii	"\000"
 5904 0037 02       		.ascii	"\002"
 5905 0038 01       		.ascii	"\001"
 5906 0039 01       		.ascii	"\001"
 5907 003a 00       		.ascii	"\000"
 5908 003b 01       		.ascii	"\001"
 5909 003c 00       		.ascii	"\000"
 5910 003d 01       		.ascii	"\001"
 5911 003e 00       		.ascii	"\000"
 5912 003f 01       		.ascii	"\001"
 5913 0040 00       		.ascii	"\000"
 5914 0041 01       		.ascii	"\001"
 5915 0042 00       		.ascii	"\000"
 5916 0043 01       		.ascii	"\001"
 5917 0044 00       		.ascii	"\000"
 5918 0045 01       		.ascii	"\001"
 5919 0046 00       		.ascii	"\000"
 5920 0047 01       		.ascii	"\001"
 5921 0048 00       		.ascii	"\000"
 5922 0049 01       		.ascii	"\001"
 5923 004a 00       		.ascii	"\000"
 5924              		.text
 5925              		.section	.gnu.lto_.opts,"e",%progbits
 5926 0000 272D666E 		.ascii	"'-fno-openmp' '-fno-openacc' '-fno-pie' '-fcf-prote"
 5926      6F2D6F70 
ARM GAS  C:\Users\nello\AppData\Local\Temp\cc46pQ2n.s 			page 262


 5926      656E6D70 
 5926      2720272D 
 5926      666E6F2D 
 5927 0033 6374696F 		.ascii	"ction=none' '-g' '-mcpu=cortex-m4' '-mthumb' '-mflo"
 5927      6E3D6E6F 
 5927      6E652720 
 5927      272D6727 
 5927      20272D6D 
 5928 0066 61742D61 		.ascii	"at-abi=soft' '-mlibarch=armv7e-m' '-march=armv7e-m'"
 5928      62693D73 
 5928      6F667427 
 5928      20272D6D 
 5928      6C696261 
 5929 0099 20272D4F 		.ascii	" '-O2' '-fomit-frame-pointer' '-falign-functions=16"
 5929      32272027 
 5929      2D666F6D 
 5929      69742D66 
 5929      72616D65 
 5930 00cc 2720272D 		.ascii	"' '-ffunction-sections' '-fdata-sections' '-fno-com"
 5930      6666756E 
 5930      6374696F 
 5930      6E2D7365 
 5930      6374696F 
 5931 00ff 6D6F6E27 		.ascii	"mon' '-flto' '-Xassembler' '-alms=./build/lst/chthr"
 5931      20272D66 
 5931      6C746F27 
 5931      20272D58 
 5931      61737365 
 5932 0132 65616473 		.ascii	"eads.lst'\000"
 5932      2E6C7374 
 5932      2700
 5933              		.text
 5934              		.comm	__gnu_lto_slim,1,1
 5935              		.ident	"GCC: (GNU Arm Embedded Toolchain 10.3-2021.10) 10.3.1 20210824 (release)"
ARM GAS  C:\Users\nello\AppData\Local\Temp\cc46pQ2n.s 			page 263


DEFINED SYMBOLS
                            *ABS*:00000000 chthreads.c
C:\Users\nello\AppData\Local\Temp\cc46pQ2n.s:37     .gnu.debuglto_.debug_info:00000000 chthreads.c.9655aeb0
                            *COM*:00000001 __gnu_lto_slim

NO UNDEFINED SYMBOLS
