ARM GAS  C:\Users\nello\AppData\Local\Temp\ccQFdKYI.s 			page 1


   1              		.cpu cortex-m4
   2              		.arch armv7e-m
   3              		.fpu softvfp
   4              		.eabi_attribute 20, 1
   5              		.eabi_attribute 21, 1
   6              		.eabi_attribute 23, 3
   7              		.eabi_attribute 24, 1
   8              		.eabi_attribute 25, 1
   9              		.eabi_attribute 26, 1
  10              		.eabi_attribute 30, 2
  11              		.eabi_attribute 34, 1
  12              		.eabi_attribute 18, 4
  13              		.file	"main.c"
  14              		.file 1 "c:\\chibistudio\\tools\\gnu tools arm embedded\\10.3 2021.10\\lib\\gcc\\arm-none-eabi\\10
  15              		.file 2 "c:\\chibistudio\\tools\\gnu tools arm embedded\\10.3 2021.10\\arm-none-eabi\\include\\mac
  16              		.file 3 "c:\\chibistudio\\tools\\gnu tools arm embedded\\10.3 2021.10\\arm-none-eabi\\include\\sys
  17              		.file 4 "../../chibios2111/os/common/ports/ARM-common/chtypes.h"
  18              		.file 5 "../../chibios2111/os/rt/include/chearly.h"
  19              		.file 6 "../../chibios2111/os/rt/include/chobjects.h"
  20              		.file 7 "../../chibios2111/os/rt/include/chrfcu.h"
  21              		.file 8 "../../chibios2111/os/rt/include/chdebug.h"
  22              		.file 9 "../../chibios2111/os/rt/include/chtime.h"
  23              		.file 10 "../../chibios2111/os/rt/include/chlists.h"
  24              		.file 11 "../../chibios2111/os/common/ext/ST/STM32G4xx/stm32g474xx.h"
  25              		.file 12 "../../chibios2111/os/common/ports/ARMv7-M-ALT/chcore.h"
  26              		.file 13 "../../chibios2111/os/rt/include/chsem.h"
  27              		.file 14 "../../chibios2111/os/rt/include/chmtx.h"
  28              		.file 15 "../../chibios2111/os/rt/include/chevents.h"
  29              		.file 16 "../../chibios2111/os/hal/include/hal_streams.h"
  30              		.file 17 "../../chibios2111/os/hal/include/hal_queues.h"
  31              		.file 18 "../../chibios2111/os/hal/ports/STM32/LLD/GPIOv2/stm32_gpio.h"
  32              		.file 19 "../../chibios2111/os/hal/ports/STM32/LLD/GPIOv2/hal_pal_lld.h"
  33              		.file 20 "../../chibios2111/os/hal/include/hal_serial.h"
  34              		.file 21 "../../chibios2111/os/rt/include/chsys.h"
  35              		.file 22 "../../chibios2111/os/hal/ports/STM32/LLD/USARTv3/hal_serial_lld.h"
  36              		.file 23 "main.c"
  37              		.file 24 "../../chibios2111/os/rt/include/chregistry.h"
  38              		.file 25 "./gesture/gesture_events.h"
  39              		.section	.gnu.debuglto_.debug_info,"e",%progbits
  40              	.Ldebug_info0:
  41              		.hidden	main.c.42423c79
  42              		.weak	main.c.42423c79
  43              	main.c.42423c79:
  44 0000 310F0000 		.4byte	0xf31
  45 0004 0400     		.2byte	0x4
  46 0006 00000000 		.4byte	.Ldebug_abbrev0
  47 000a 04       		.byte	0x4
  48 000b 01       		.uleb128 0x1
  49 000c F0020000 		.4byte	.LASF186
  50 0010 0C       		.byte	0xc
  51 0011 83060000 		.4byte	.LASF187
  52 0015 89010000 		.4byte	.LASF188
  53 0019 00000000 		.4byte	.Ldebug_line0
  54 001d 02       		.uleb128 0x2
  55 001e 04       		.byte	0x4
  56 001f 05       		.byte	0x5
  57 0020 696E7400 		.ascii	"int\000"
ARM GAS  C:\Users\nello\AppData\Local\Temp\ccQFdKYI.s 			page 2


  58 0024 03       		.uleb128 0x3
  59 0025 17000000 		.4byte	.LASF4
  60 0029 01       		.byte	0x1
  61 002a D1       		.byte	0xd1
  62 002b 17       		.byte	0x17
  63 002c 35000000 		.4byte	0x35
  64 0030 04       		.uleb128 0x4
  65 0031 24000000 		.4byte	0x24
  66 0035 05       		.uleb128 0x5
  67 0036 04       		.byte	0x4
  68 0037 07       		.byte	0x7
  69 0038 87020000 		.4byte	.LASF0
  70 003c 05       		.uleb128 0x5
  71 003d 08       		.byte	0x8
  72 003e 05       		.byte	0x5
  73 003f 08010000 		.4byte	.LASF1
  74 0043 05       		.uleb128 0x5
  75 0044 08       		.byte	0x8
  76 0045 04       		.byte	0x4
  77 0046 02050000 		.4byte	.LASF2
  78 004a 05       		.uleb128 0x5
  79 004b 01       		.byte	0x1
  80 004c 06       		.byte	0x6
  81 004d 16010000 		.4byte	.LASF3
  82 0051 03       		.uleb128 0x3
  83 0052 34000000 		.4byte	.LASF5
  84 0056 02       		.byte	0x2
  85 0057 2B       		.byte	0x2b
  86 0058 18       		.byte	0x18
  87 0059 5D000000 		.4byte	0x5d
  88 005d 05       		.uleb128 0x5
  89 005e 01       		.byte	0x1
  90 005f 08       		.byte	0x8
  91 0060 EF050000 		.4byte	.LASF6
  92 0064 05       		.uleb128 0x5
  93 0065 02       		.byte	0x2
  94 0066 05       		.byte	0x5
  95 0067 22060000 		.4byte	.LASF7
  96 006b 03       		.uleb128 0x3
  97 006c 08070000 		.4byte	.LASF8
  98 0070 02       		.byte	0x2
  99 0071 39       		.byte	0x39
 100 0072 19       		.byte	0x19
 101 0073 77000000 		.4byte	0x77
 102 0077 05       		.uleb128 0x5
 103 0078 02       		.byte	0x2
 104 0079 07       		.byte	0x7
 105 007a 6C070000 		.4byte	.LASF9
 106 007e 03       		.uleb128 0x3
 107 007f 2C070000 		.4byte	.LASF10
 108 0083 02       		.byte	0x2
 109 0084 4D       		.byte	0x4d
 110 0085 18       		.byte	0x18
 111 0086 8A000000 		.4byte	0x8a
 112 008a 05       		.uleb128 0x5
 113 008b 04       		.byte	0x4
 114 008c 05       		.byte	0x5
ARM GAS  C:\Users\nello\AppData\Local\Temp\ccQFdKYI.s 			page 3


 115 008d 66010000 		.4byte	.LASF11
 116 0091 03       		.uleb128 0x3
 117 0092 08020000 		.4byte	.LASF12
 118 0096 02       		.byte	0x2
 119 0097 4F       		.byte	0x4f
 120 0098 19       		.byte	0x19
 121 0099 9D000000 		.4byte	0x9d
 122 009d 05       		.uleb128 0x5
 123 009e 04       		.byte	0x4
 124 009f 07       		.byte	0x7
 125 00a0 DE060000 		.4byte	.LASF13
 126 00a4 03       		.uleb128 0x3
 127 00a5 88050000 		.4byte	.LASF14
 128 00a9 02       		.byte	0x2
 129 00aa 69       		.byte	0x69
 130 00ab 19       		.byte	0x19
 131 00ac B0000000 		.4byte	0xb0
 132 00b0 05       		.uleb128 0x5
 133 00b1 08       		.byte	0x8
 134 00b2 07       		.byte	0x7
 135 00b3 8F000000 		.4byte	.LASF15
 136 00b7 03       		.uleb128 0x3
 137 00b8 14080000 		.4byte	.LASF16
 138 00bc 03       		.byte	0x3
 139 00bd 18       		.byte	0x18
 140 00be 13       		.byte	0x13
 141 00bf 51000000 		.4byte	0x51
 142 00c3 06       		.uleb128 0x6
 143 00c4 B7000000 		.4byte	0xb7
 144 00c8 03       		.uleb128 0x3
 145 00c9 9B020000 		.4byte	.LASF17
 146 00cd 03       		.byte	0x3
 147 00ce 24       		.byte	0x24
 148 00cf 14       		.byte	0x14
 149 00d0 6B000000 		.4byte	0x6b
 150 00d4 03       		.uleb128 0x3
 151 00d5 E7050000 		.4byte	.LASF18
 152 00d9 03       		.byte	0x3
 153 00da 2C       		.byte	0x2c
 154 00db 13       		.byte	0x13
 155 00dc 7E000000 		.4byte	0x7e
 156 00e0 03       		.uleb128 0x3
 157 00e1 BC070000 		.4byte	.LASF19
 158 00e5 03       		.byte	0x3
 159 00e6 30       		.byte	0x30
 160 00e7 14       		.byte	0x14
 161 00e8 91000000 		.4byte	0x91
 162 00ec 04       		.uleb128 0x4
 163 00ed E0000000 		.4byte	0xe0
 164 00f1 03       		.uleb128 0x3
 165 00f2 2B000000 		.4byte	.LASF20
 166 00f6 03       		.byte	0x3
 167 00f7 3C       		.byte	0x3c
 168 00f8 14       		.byte	0x14
 169 00f9 A4000000 		.4byte	0xa4
 170 00fd 04       		.uleb128 0x4
 171 00fe F1000000 		.4byte	0xf1
ARM GAS  C:\Users\nello\AppData\Local\Temp\ccQFdKYI.s 			page 4


 172 0102 03       		.uleb128 0x3
 173 0103 BA060000 		.4byte	.LASF21
 174 0107 04       		.byte	0x4
 175 0108 48       		.byte	0x48
 176 0109 1D       		.byte	0x1d
 177 010a F1000000 		.4byte	0xf1
 178 010e 03       		.uleb128 0x3
 179 010f 76040000 		.4byte	.LASF22
 180 0113 05       		.byte	0x5
 181 0114 50       		.byte	0x50
 182 0115 19       		.byte	0x19
 183 0116 02010000 		.4byte	0x102
 184 011a 03       		.uleb128 0x3
 185 011b 48060000 		.4byte	.LASF23
 186 011f 05       		.byte	0x5
 187 0120 53       		.byte	0x53
 188 0121 19       		.byte	0x19
 189 0122 B7000000 		.4byte	0xb7
 190 0126 03       		.uleb128 0x3
 191 0127 13020000 		.4byte	.LASF24
 192 012b 05       		.byte	0x5
 193 012c 54       		.byte	0x54
 194 012d 19       		.byte	0x19
 195 012e B7000000 		.4byte	0xb7
 196 0132 03       		.uleb128 0x3
 197 0133 A7050000 		.4byte	.LASF25
 198 0137 05       		.byte	0x5
 199 0138 55       		.byte	0x55
 200 0139 19       		.byte	0x19
 201 013a B7000000 		.4byte	0xb7
 202 013e 03       		.uleb128 0x3
 203 013f C1050000 		.4byte	.LASF26
 204 0143 05       		.byte	0x5
 205 0144 57       		.byte	0x57
 206 0145 19       		.byte	0x19
 207 0146 E0000000 		.4byte	0xe0
 208 014a 03       		.uleb128 0x3
 209 014b 0A040000 		.4byte	.LASF27
 210 014f 05       		.byte	0x5
 211 0150 58       		.byte	0x58
 212 0151 19       		.byte	0x19
 213 0152 D4000000 		.4byte	0xd4
 214 0156 03       		.uleb128 0x3
 215 0157 60040000 		.4byte	.LASF28
 216 015b 05       		.byte	0x5
 217 015c 5A       		.byte	0x5a
 218 015d 19       		.byte	0x19
 219 015e E0000000 		.4byte	0xe0
 220 0162 03       		.uleb128 0x3
 221 0163 FD030000 		.4byte	.LASF29
 222 0167 05       		.byte	0x5
 223 0168 5B       		.byte	0x5b
 224 0169 19       		.byte	0x19
 225 016a E0000000 		.4byte	0xe0
 226 016e 03       		.uleb128 0x3
 227 016f 7B020000 		.4byte	.LASF30
 228 0173 05       		.byte	0x5
ARM GAS  C:\Users\nello\AppData\Local\Temp\ccQFdKYI.s 			page 5


 229 0174 5C       		.byte	0x5c
 230 0175 19       		.byte	0x19
 231 0176 D4000000 		.4byte	0xd4
 232 017a 03       		.uleb128 0x3
 233 017b 9D050000 		.4byte	.LASF31
 234 017f 05       		.byte	0x5
 235 0180 80       		.byte	0x80
 236 0181 12       		.byte	0x12
 237 0182 35000000 		.4byte	0x35
 238 0186 03       		.uleb128 0x3
 239 0187 13070000 		.4byte	.LASF32
 240 018b 05       		.byte	0x5
 241 018c 85       		.byte	0x85
 242 018d 1A       		.byte	0x1a
 243 018e 92010000 		.4byte	0x192
 244 0192 07       		.uleb128 0x7
 245 0193 E8030000 		.4byte	.LASF47
 246 0197 70       		.byte	0x70
 247 0198 06       		.byte	0x6
 248 0199 9C       		.byte	0x9c
 249 019a 08       		.byte	0x8
 250 019b 75020000 		.4byte	0x275
 251 019f 08       		.uleb128 0x8
 252 01a0 68647200 		.ascii	"hdr\000"
 253 01a4 06       		.byte	0x6
 254 01a5 AD       		.byte	0xad
 255 01a6 05       		.byte	0x5
 256 01a7 32070000 		.4byte	0x732
 257 01ab 00       		.byte	0
 258 01ac 08       		.uleb128 0x8
 259 01ad 63747800 		.ascii	"ctx\000"
 260 01b1 06       		.byte	0x6
 261 01b2 B1       		.byte	0xb1
 262 01b3 21       		.byte	0x21
 263 01b4 59060000 		.4byte	0x659
 264 01b8 0C       		.byte	0xc
 265 01b9 09       		.uleb128 0x9
 266 01ba C8020000 		.4byte	.LASF33
 267 01be 06       		.byte	0x6
 268 01bf B6       		.byte	0xb6
 269 01c0 21       		.byte	0x21
 270 01c1 C2030000 		.4byte	0x3c2
 271 01c5 38       		.byte	0x38
 272 01c6 09       		.uleb128 0x9
 273 01c7 CA060000 		.4byte	.LASF34
 274 01cb 06       		.byte	0x6
 275 01cc BB       		.byte	0xbb
 276 01cd 22       		.byte	0x22
 277 01ce 3F080000 		.4byte	0x83f
 278 01d2 40       		.byte	0x40
 279 01d3 09       		.uleb128 0x9
 280 01d4 EB020000 		.4byte	.LASF35
 281 01d8 06       		.byte	0x6
 282 01d9 C0       		.byte	0xc0
 283 01da 22       		.byte	0x22
 284 01db 4E030000 		.4byte	0x34e
 285 01df 44       		.byte	0x44
ARM GAS  C:\Users\nello\AppData\Local\Temp\ccQFdKYI.s 			page 6


 286 01e0 09       		.uleb128 0x9
 287 01e1 F0060000 		.4byte	.LASF36
 288 01e5 06       		.byte	0x6
 289 01e6 C9       		.byte	0xc9
 290 01e7 22       		.byte	0x22
 291 01e8 89060000 		.4byte	0x689
 292 01ec 48       		.byte	0x48
 293 01ed 09       		.uleb128 0x9
 294 01ee 60010000 		.4byte	.LASF37
 295 01f2 06       		.byte	0x6
 296 01f3 CE       		.byte	0xce
 297 01f4 21       		.byte	0x21
 298 01f5 26010000 		.4byte	0x126
 299 01f9 4C       		.byte	0x4c
 300 01fa 09       		.uleb128 0x9
 301 01fb 1C080000 		.4byte	.LASF38
 302 01ff 06       		.byte	0x6
 303 0200 D2       		.byte	0xd2
 304 0201 21       		.byte	0x21
 305 0202 1A010000 		.4byte	0x11a
 306 0206 4D       		.byte	0x4d
 307 0207 09       		.uleb128 0x9
 308 0208 F9000000 		.4byte	.LASF39
 309 020c 06       		.byte	0x6
 310 020d D7       		.byte	0xd7
 311 020e 21       		.byte	0x21
 312 020f 32010000 		.4byte	0x132
 313 0213 4E       		.byte	0x4e
 314 0214 0A       		.uleb128 0xa
 315 0215 7500     		.ascii	"u\000"
 316 0217 06       		.byte	0x6
 317 0218 2801     		.2byte	0x128
 318 021a 21       		.byte	0x21
 319 021b 60070000 		.4byte	0x760
 320 021f 50       		.byte	0x50
 321 0220 0B       		.uleb128 0xb
 322 0221 1C020000 		.4byte	.LASF40
 323 0225 06       		.byte	0x6
 324 0226 2D01     		.2byte	0x12d
 325 0228 21       		.byte	0x21
 326 0229 95030000 		.4byte	0x395
 327 022d 54       		.byte	0x54
 328 022e 0B       		.uleb128 0xb
 329 022f 50010000 		.4byte	.LASF41
 330 0233 06       		.byte	0x6
 331 0234 3301     		.2byte	0x133
 332 0236 21       		.byte	0x21
 333 0237 C2030000 		.4byte	0x3c2
 334 023b 58       		.byte	0x58
 335 023c 0B       		.uleb128 0xb
 336 023d 10040000 		.4byte	.LASF42
 337 0241 06       		.byte	0x6
 338 0242 3901     		.2byte	0x139
 339 0244 21       		.byte	0x21
 340 0245 56010000 		.4byte	0x156
 341 0249 60       		.byte	0x60
 342 024a 0B       		.uleb128 0xb
ARM GAS  C:\Users\nello\AppData\Local\Temp\ccQFdKYI.s 			page 7


 343 024b 49080000 		.4byte	.LASF43
 344 024f 06       		.byte	0x6
 345 0250 4001     		.2byte	0x140
 346 0252 22       		.byte	0x22
 347 0253 39080000 		.4byte	0x839
 348 0257 64       		.byte	0x64
 349 0258 0B       		.uleb128 0xb
 350 0259 D5060000 		.4byte	.LASF44
 351 025d 06       		.byte	0x6
 352 025e 4401     		.2byte	0x144
 353 0260 21       		.byte	0x21
 354 0261 3E010000 		.4byte	0x13e
 355 0265 68       		.byte	0x68
 356 0266 0B       		.uleb128 0xb
 357 0267 BB030000 		.4byte	.LASF45
 358 026b 06       		.byte	0x6
 359 026c 4B01     		.2byte	0x14b
 360 026e 22       		.byte	0x22
 361 026f 8F060000 		.4byte	0x68f
 362 0273 6C       		.byte	0x6c
 363 0274 00       		.byte	0
 364 0275 03       		.uleb128 0x3
 365 0276 45070000 		.4byte	.LASF46
 366 027a 05       		.byte	0x5
 367 027b 8A       		.byte	0x8a
 368 027c 1F       		.byte	0x1f
 369 027d 81020000 		.4byte	0x281
 370 0281 0C       		.uleb128 0xc
 371 0282 4A050000 		.4byte	.LASF48
 372 0286 B0       		.byte	0xb0
 373 0287 06       		.byte	0x6
 374 0288 8A01     		.2byte	0x18a
 375 028a 08       		.byte	0x8
 376 028b 00030000 		.4byte	0x300
 377 028f 0B       		.uleb128 0xb
 378 0290 01080000 		.4byte	.LASF49
 379 0294 06       		.byte	0x6
 380 0295 8E01     		.2byte	0x18e
 381 0297 21       		.byte	0x21
 382 0298 70080000 		.4byte	0x870
 383 029c 00       		.byte	0
 384 029d 0B       		.uleb128 0xb
 385 029e 49010000 		.4byte	.LASF50
 386 02a2 06       		.byte	0x6
 387 02a3 9201     		.2byte	0x192
 388 02a5 21       		.byte	0x21
 389 02a6 C6060000 		.4byte	0x6c6
 390 02aa 10       		.byte	0x10
 391 02ab 0B       		.uleb128 0xb
 392 02ac 64070000 		.4byte	.LASF51
 393 02b0 06       		.byte	0x6
 394 02b1 9901     		.2byte	0x199
 395 02b3 21       		.byte	0x21
 396 02b4 ED060000 		.4byte	0x6ed
 397 02b8 28       		.byte	0x28
 398 02b9 0B       		.uleb128 0xb
 399 02ba 60000000 		.4byte	.LASF52
ARM GAS  C:\Users\nello\AppData\Local\Temp\ccQFdKYI.s 			page 8


 400 02be 06       		.byte	0x6
 401 02bf 9E01     		.2byte	0x19e
 402 02c1 21       		.byte	0x21
 403 02c2 7A010000 		.4byte	0x17a
 404 02c6 30       		.byte	0x30
 405 02c7 0B       		.uleb128 0xb
 406 02c8 12000000 		.4byte	.LASF53
 407 02cc 06       		.byte	0x6
 408 02cd A401     		.2byte	0x1a4
 409 02cf 21       		.byte	0x21
 410 02d0 27030000 		.4byte	0x327
 411 02d4 34       		.byte	0x34
 412 02d5 0B       		.uleb128 0xb
 413 02d6 01070000 		.4byte	.LASF54
 414 02da 06       		.byte	0x6
 415 02db A901     		.2byte	0x1a9
 416 02dd 22       		.byte	0x22
 417 02de E4080000 		.4byte	0x8e4
 418 02e2 38       		.byte	0x38
 419 02e3 0B       		.uleb128 0xb
 420 02e4 F2030000 		.4byte	.LASF55
 421 02e8 06       		.byte	0x6
 422 02e9 AD01     		.2byte	0x1ad
 423 02eb 21       		.byte	0x21
 424 02ec 86010000 		.4byte	0x186
 425 02f0 3C       		.byte	0x3c
 426 02f1 0A       		.uleb128 0xa
 427 02f2 64626700 		.ascii	"dbg\000"
 428 02f6 06       		.byte	0x6
 429 02f7 B101     		.2byte	0x1b1
 430 02f9 21       		.byte	0x21
 431 02fa 65030000 		.4byte	0x365
 432 02fe AC       		.byte	0xac
 433 02ff 00       		.byte	0
 434 0300 03       		.uleb128 0x3
 435 0301 B4040000 		.4byte	.LASF56
 436 0305 07       		.byte	0x7
 437 0306 3F       		.byte	0x3f
 438 0307 12       		.byte	0x12
 439 0308 E0000000 		.4byte	0xe0
 440 030c 07       		.uleb128 0x7
 441 030d 81010000 		.4byte	.LASF57
 442 0311 04       		.byte	0x4
 443 0312 07       		.byte	0x7
 444 0313 44       		.byte	0x44
 445 0314 10       		.byte	0x10
 446 0315 27030000 		.4byte	0x327
 447 0319 09       		.uleb128 0x9
 448 031a F3070000 		.4byte	.LASF58
 449 031e 07       		.byte	0x7
 450 031f 48       		.byte	0x48
 451 0320 21       		.byte	0x21
 452 0321 00030000 		.4byte	0x300
 453 0325 00       		.byte	0
 454 0326 00       		.byte	0
 455 0327 03       		.uleb128 0x3
 456 0328 0C060000 		.4byte	.LASF59
ARM GAS  C:\Users\nello\AppData\Local\Temp\ccQFdKYI.s 			page 9


 457 032c 07       		.byte	0x7
 458 032d 49       		.byte	0x49
 459 032e 03       		.byte	0x3
 460 032f 0C030000 		.4byte	0x30c
 461 0333 07       		.uleb128 0x7
 462 0334 D1050000 		.4byte	.LASF60
 463 0338 04       		.byte	0x4
 464 0339 08       		.byte	0x8
 465 033a 3E       		.byte	0x3e
 466 033b 10       		.byte	0x10
 467 033c 4E030000 		.4byte	0x34e
 468 0340 09       		.uleb128 0x9
 469 0341 36070000 		.4byte	.LASF61
 470 0345 08       		.byte	0x8
 471 0346 46       		.byte	0x46
 472 0347 24       		.byte	0x24
 473 0348 54030000 		.4byte	0x354
 474 034c 00       		.byte	0
 475 034d 00       		.byte	0
 476 034e 0D       		.uleb128 0xd
 477 034f 04       		.byte	0x4
 478 0350 60030000 		.4byte	0x360
 479 0354 04       		.uleb128 0x4
 480 0355 4E030000 		.4byte	0x34e
 481 0359 05       		.uleb128 0x5
 482 035a 01       		.byte	0x1
 483 035b 08       		.byte	0x8
 484 035c FC060000 		.4byte	.LASF62
 485 0360 06       		.uleb128 0x6
 486 0361 59030000 		.4byte	0x359
 487 0365 03       		.uleb128 0x3
 488 0366 51000000 		.4byte	.LASF63
 489 036a 08       		.byte	0x8
 490 036b 51       		.byte	0x51
 491 036c 03       		.byte	0x3
 492 036d 33030000 		.4byte	0x333
 493 0371 03       		.uleb128 0x3
 494 0372 22070000 		.4byte	.LASF64
 495 0376 09       		.byte	0x9
 496 0377 6D       		.byte	0x6d
 497 0378 12       		.byte	0x12
 498 0379 E0000000 		.4byte	0xe0
 499 037d 03       		.uleb128 0x3
 500 037e 6D020000 		.4byte	.LASF65
 501 0382 09       		.byte	0x9
 502 0383 79       		.byte	0x79
 503 0384 12       		.byte	0x12
 504 0385 E0000000 		.4byte	0xe0
 505 0389 03       		.uleb128 0x3
 506 038a DA020000 		.4byte	.LASF66
 507 038e 09       		.byte	0x9
 508 038f 9B       		.byte	0x9b
 509 0390 12       		.byte	0x12
 510 0391 F1000000 		.4byte	0xf1
 511 0395 03       		.uleb128 0x3
 512 0396 DE030000 		.4byte	.LASF67
 513 039a 0A       		.byte	0xa
ARM GAS  C:\Users\nello\AppData\Local\Temp\ccQFdKYI.s 			page 10


 514 039b 32       		.byte	0x32
 515 039c 18       		.byte	0x18
 516 039d A1030000 		.4byte	0x3a1
 517 03a1 07       		.uleb128 0x7
 518 03a2 4A040000 		.4byte	.LASF68
 519 03a6 04       		.byte	0x4
 520 03a7 0A       		.byte	0xa
 521 03a8 38       		.byte	0x38
 522 03a9 08       		.byte	0x8
 523 03aa BC030000 		.4byte	0x3bc
 524 03ae 09       		.uleb128 0x9
 525 03af DD000000 		.4byte	.LASF69
 526 03b3 0A       		.byte	0xa
 527 03b4 39       		.byte	0x39
 528 03b5 1A       		.byte	0x1a
 529 03b6 BC030000 		.4byte	0x3bc
 530 03ba 00       		.byte	0
 531 03bb 00       		.byte	0
 532 03bc 0D       		.uleb128 0xd
 533 03bd 04       		.byte	0x4
 534 03be 95030000 		.4byte	0x395
 535 03c2 03       		.uleb128 0x3
 536 03c3 CF020000 		.4byte	.LASF70
 537 03c7 0A       		.byte	0xa
 538 03c8 3F       		.byte	0x3f
 539 03c9 19       		.byte	0x19
 540 03ca CE030000 		.4byte	0x3ce
 541 03ce 07       		.uleb128 0x7
 542 03cf B6010000 		.4byte	.LASF71
 543 03d3 08       		.byte	0x8
 544 03d4 0A       		.byte	0xa
 545 03d5 45       		.byte	0x45
 546 03d6 08       		.byte	0x8
 547 03d7 F6030000 		.4byte	0x3f6
 548 03db 09       		.uleb128 0x9
 549 03dc DD000000 		.4byte	.LASF69
 550 03e0 0A       		.byte	0xa
 551 03e1 46       		.byte	0x46
 552 03e2 1A       		.byte	0x1a
 553 03e3 F6030000 		.4byte	0x3f6
 554 03e7 00       		.byte	0
 555 03e8 09       		.uleb128 0x9
 556 03e9 00000000 		.4byte	.LASF72
 557 03ed 0A       		.byte	0xa
 558 03ee 47       		.byte	0x47
 559 03ef 1A       		.byte	0x1a
 560 03f0 F6030000 		.4byte	0x3f6
 561 03f4 04       		.byte	0x4
 562 03f5 00       		.byte	0
 563 03f6 0D       		.uleb128 0xd
 564 03f7 04       		.byte	0x4
 565 03f8 C2030000 		.4byte	0x3c2
 566 03fc 03       		.uleb128 0x3
 567 03fd 75000000 		.4byte	.LASF73
 568 0401 0A       		.byte	0xa
 569 0402 4E       		.byte	0x4e
 570 0403 22       		.byte	0x22
ARM GAS  C:\Users\nello\AppData\Local\Temp\ccQFdKYI.s 			page 11


 571 0404 08040000 		.4byte	0x408
 572 0408 07       		.uleb128 0x7
 573 0409 7F070000 		.4byte	.LASF74
 574 040d 0C       		.byte	0xc
 575 040e 0A       		.byte	0xa
 576 040f 55       		.byte	0x55
 577 0410 08       		.byte	0x8
 578 0411 3D040000 		.4byte	0x43d
 579 0415 09       		.uleb128 0x9
 580 0416 DD000000 		.4byte	.LASF69
 581 041a 0A       		.byte	0xa
 582 041b 56       		.byte	0x56
 583 041c 1A       		.byte	0x1a
 584 041d 3D040000 		.4byte	0x43d
 585 0421 00       		.byte	0
 586 0422 09       		.uleb128 0x9
 587 0423 00000000 		.4byte	.LASF72
 588 0427 0A       		.byte	0xa
 589 0428 57       		.byte	0x57
 590 0429 1A       		.byte	0x1a
 591 042a 3D040000 		.4byte	0x43d
 592 042e 04       		.byte	0x4
 593 042f 09       		.uleb128 0x9
 594 0430 6B050000 		.4byte	.LASF75
 595 0434 0A       		.byte	0xa
 596 0435 58       		.byte	0x58
 597 0436 19       		.byte	0x19
 598 0437 3E010000 		.4byte	0x13e
 599 043b 08       		.byte	0x8
 600 043c 00       		.byte	0
 601 043d 0D       		.uleb128 0xd
 602 043e 04       		.byte	0x4
 603 043f FC030000 		.4byte	0x3fc
 604 0443 03       		.uleb128 0x3
 605 0444 D7010000 		.4byte	.LASF76
 606 0448 0A       		.byte	0xa
 607 0449 5F       		.byte	0x5f
 608 044a 1E       		.byte	0x1e
 609 044b 4F040000 		.4byte	0x44f
 610 044f 07       		.uleb128 0x7
 611 0450 2C010000 		.4byte	.LASF77
 612 0454 0C       		.byte	0xc
 613 0455 0A       		.byte	0xa
 614 0456 64       		.byte	0x64
 615 0457 08       		.byte	0x8
 616 0458 84040000 		.4byte	0x484
 617 045c 09       		.uleb128 0x9
 618 045d DD000000 		.4byte	.LASF69
 619 0461 0A       		.byte	0xa
 620 0462 65       		.byte	0x65
 621 0463 1A       		.byte	0x1a
 622 0464 84040000 		.4byte	0x484
 623 0468 00       		.byte	0
 624 0469 09       		.uleb128 0x9
 625 046a 00000000 		.4byte	.LASF72
 626 046e 0A       		.byte	0xa
 627 046f 66       		.byte	0x66
ARM GAS  C:\Users\nello\AppData\Local\Temp\ccQFdKYI.s 			page 12


 628 0470 1A       		.byte	0x1a
 629 0471 84040000 		.4byte	0x484
 630 0475 04       		.byte	0x4
 631 0476 09       		.uleb128 0x9
 632 0477 1E000000 		.4byte	.LASF78
 633 047b 0A       		.byte	0xa
 634 047c 67       		.byte	0x67
 635 047d 19       		.byte	0x19
 636 047e 7D030000 		.4byte	0x37d
 637 0482 08       		.byte	0x8
 638 0483 00       		.byte	0
 639 0484 0D       		.uleb128 0xd
 640 0485 04       		.byte	0x4
 641 0486 43040000 		.4byte	0x443
 642 048a 0E       		.uleb128 0xe
 643 048b 30       		.byte	0x30
 644 048c 0B       		.byte	0xb
 645 048d 8303     		.2byte	0x383
 646 048f 09       		.byte	0x9
 647 0490 3D050000 		.4byte	0x53d
 648 0494 0A       		.uleb128 0xa
 649 0495 43523100 		.ascii	"CR1\000"
 650 0499 0B       		.byte	0xb
 651 049a 8503     		.2byte	0x385
 652 049c 11       		.byte	0x11
 653 049d EC000000 		.4byte	0xec
 654 04a1 00       		.byte	0
 655 04a2 0A       		.uleb128 0xa
 656 04a3 43523200 		.ascii	"CR2\000"
 657 04a7 0B       		.byte	0xb
 658 04a8 8603     		.2byte	0x386
 659 04aa 11       		.byte	0x11
 660 04ab EC000000 		.4byte	0xec
 661 04af 04       		.byte	0x4
 662 04b0 0A       		.uleb128 0xa
 663 04b1 43523300 		.ascii	"CR3\000"
 664 04b5 0B       		.byte	0xb
 665 04b6 8703     		.2byte	0x387
 666 04b8 11       		.byte	0x11
 667 04b9 EC000000 		.4byte	0xec
 668 04bd 08       		.byte	0x8
 669 04be 0A       		.uleb128 0xa
 670 04bf 42525200 		.ascii	"BRR\000"
 671 04c3 0B       		.byte	0xb
 672 04c4 8803     		.2byte	0x388
 673 04c6 11       		.byte	0x11
 674 04c7 EC000000 		.4byte	0xec
 675 04cb 0C       		.byte	0xc
 676 04cc 0B       		.uleb128 0xb
 677 04cd 27010000 		.4byte	.LASF79
 678 04d1 0B       		.byte	0xb
 679 04d2 8903     		.2byte	0x389
 680 04d4 11       		.byte	0x11
 681 04d5 EC000000 		.4byte	0xec
 682 04d9 10       		.byte	0x10
 683 04da 0B       		.uleb128 0xb
 684 04db 40070000 		.4byte	.LASF80
ARM GAS  C:\Users\nello\AppData\Local\Temp\ccQFdKYI.s 			page 13


 685 04df 0B       		.byte	0xb
 686 04e0 8A03     		.2byte	0x38a
 687 04e2 11       		.byte	0x11
 688 04e3 EC000000 		.4byte	0xec
 689 04e7 14       		.byte	0x14
 690 04e8 0A       		.uleb128 0xa
 691 04e9 52515200 		.ascii	"RQR\000"
 692 04ed 0B       		.byte	0xb
 693 04ee 8B03     		.2byte	0x38b
 694 04f0 11       		.byte	0x11
 695 04f1 EC000000 		.4byte	0xec
 696 04f5 18       		.byte	0x18
 697 04f6 0A       		.uleb128 0xa
 698 04f7 49535200 		.ascii	"ISR\000"
 699 04fb 0B       		.byte	0xb
 700 04fc 8C03     		.2byte	0x38c
 701 04fe 11       		.byte	0x11
 702 04ff EC000000 		.4byte	0xec
 703 0503 1C       		.byte	0x1c
 704 0504 0A       		.uleb128 0xa
 705 0505 49435200 		.ascii	"ICR\000"
 706 0509 0B       		.byte	0xb
 707 050a 8D03     		.2byte	0x38d
 708 050c 11       		.byte	0x11
 709 050d EC000000 		.4byte	0xec
 710 0511 20       		.byte	0x20
 711 0512 0A       		.uleb128 0xa
 712 0513 52445200 		.ascii	"RDR\000"
 713 0517 0B       		.byte	0xb
 714 0518 8E03     		.2byte	0x38e
 715 051a 11       		.byte	0x11
 716 051b EC000000 		.4byte	0xec
 717 051f 24       		.byte	0x24
 718 0520 0A       		.uleb128 0xa
 719 0521 54445200 		.ascii	"TDR\000"
 720 0525 0B       		.byte	0xb
 721 0526 8F03     		.2byte	0x38f
 722 0528 11       		.byte	0x11
 723 0529 EC000000 		.4byte	0xec
 724 052d 28       		.byte	0x28
 725 052e 0B       		.uleb128 0xb
 726 052f FA010000 		.4byte	.LASF81
 727 0533 0B       		.byte	0xb
 728 0534 9003     		.2byte	0x390
 729 0536 11       		.byte	0x11
 730 0537 EC000000 		.4byte	0xec
 731 053b 2C       		.byte	0x2c
 732 053c 00       		.byte	0
 733 053d 0F       		.uleb128 0xf
 734 053e 25040000 		.4byte	.LASF82
 735 0542 0B       		.byte	0xb
 736 0543 9103     		.2byte	0x391
 737 0545 03       		.byte	0x3
 738 0546 8A040000 		.4byte	0x48a
 739 054a 0C       		.uleb128 0xc
 740 054b 3E050000 		.4byte	.LASF83
 741 054f 20       		.byte	0x20
ARM GAS  C:\Users\nello\AppData\Local\Temp\ccQFdKYI.s 			page 14


 742 0550 0C       		.byte	0xc
 743 0551 9301     		.2byte	0x193
 744 0553 08       		.byte	0x8
 745 0554 C4050000 		.4byte	0x5c4
 746 0558 0A       		.uleb128 0xa
 747 0559 723000   		.ascii	"r0\000"
 748 055c 0C       		.byte	0xc
 749 055d 9401     		.2byte	0x194
 750 055f 19       		.byte	0x19
 751 0560 E0000000 		.4byte	0xe0
 752 0564 00       		.byte	0
 753 0565 0A       		.uleb128 0xa
 754 0566 723100   		.ascii	"r1\000"
 755 0569 0C       		.byte	0xc
 756 056a 9501     		.2byte	0x195
 757 056c 19       		.byte	0x19
 758 056d E0000000 		.4byte	0xe0
 759 0571 04       		.byte	0x4
 760 0572 0A       		.uleb128 0xa
 761 0573 723200   		.ascii	"r2\000"
 762 0576 0C       		.byte	0xc
 763 0577 9601     		.2byte	0x196
 764 0579 19       		.byte	0x19
 765 057a E0000000 		.4byte	0xe0
 766 057e 08       		.byte	0x8
 767 057f 0A       		.uleb128 0xa
 768 0580 723300   		.ascii	"r3\000"
 769 0583 0C       		.byte	0xc
 770 0584 9701     		.2byte	0x197
 771 0586 19       		.byte	0x19
 772 0587 E0000000 		.4byte	0xe0
 773 058b 0C       		.byte	0xc
 774 058c 0A       		.uleb128 0xa
 775 058d 72313200 		.ascii	"r12\000"
 776 0591 0C       		.byte	0xc
 777 0592 9801     		.2byte	0x198
 778 0594 19       		.byte	0x19
 779 0595 E0000000 		.4byte	0xe0
 780 0599 10       		.byte	0x10
 781 059a 0B       		.uleb128 0xb
 782 059b 94020000 		.4byte	.LASF84
 783 059f 0C       		.byte	0xc
 784 05a0 9901     		.2byte	0x199
 785 05a2 19       		.byte	0x19
 786 05a3 E0000000 		.4byte	0xe0
 787 05a7 14       		.byte	0x14
 788 05a8 0A       		.uleb128 0xa
 789 05a9 706300   		.ascii	"pc\000"
 790 05ac 0C       		.byte	0xc
 791 05ad 9A01     		.2byte	0x19a
 792 05af 19       		.byte	0x19
 793 05b0 E0000000 		.4byte	0xe0
 794 05b4 18       		.byte	0x18
 795 05b5 0B       		.uleb128 0xb
 796 05b6 35060000 		.4byte	.LASF85
 797 05ba 0C       		.byte	0xc
 798 05bb 9B01     		.2byte	0x19b
ARM GAS  C:\Users\nello\AppData\Local\Temp\ccQFdKYI.s 			page 15


 799 05bd 19       		.byte	0x19
 800 05be E0000000 		.4byte	0xe0
 801 05c2 1C       		.byte	0x1c
 802 05c3 00       		.byte	0
 803 05c4 0C       		.uleb128 0xc
 804 05c5 45000000 		.4byte	.LASF86
 805 05c9 28       		.byte	0x28
 806 05ca 0C       		.byte	0xc
 807 05cb B701     		.2byte	0x1b7
 808 05cd 08       		.byte	0x8
 809 05ce 59060000 		.4byte	0x659
 810 05d2 0B       		.uleb128 0xb
 811 05d3 D6030000 		.4byte	.LASF87
 812 05d7 0C       		.byte	0xc
 813 05d8 B801     		.2byte	0x1b8
 814 05da 19       		.byte	0x19
 815 05db E0000000 		.4byte	0xe0
 816 05df 00       		.byte	0
 817 05e0 0A       		.uleb128 0xa
 818 05e1 723400   		.ascii	"r4\000"
 819 05e4 0C       		.byte	0xc
 820 05e5 B901     		.2byte	0x1b9
 821 05e7 19       		.byte	0x19
 822 05e8 E0000000 		.4byte	0xe0
 823 05ec 04       		.byte	0x4
 824 05ed 0A       		.uleb128 0xa
 825 05ee 723500   		.ascii	"r5\000"
 826 05f1 0C       		.byte	0xc
 827 05f2 BA01     		.2byte	0x1ba
 828 05f4 19       		.byte	0x19
 829 05f5 E0000000 		.4byte	0xe0
 830 05f9 08       		.byte	0x8
 831 05fa 0A       		.uleb128 0xa
 832 05fb 723600   		.ascii	"r6\000"
 833 05fe 0C       		.byte	0xc
 834 05ff BB01     		.2byte	0x1bb
 835 0601 19       		.byte	0x19
 836 0602 E0000000 		.4byte	0xe0
 837 0606 0C       		.byte	0xc
 838 0607 0A       		.uleb128 0xa
 839 0608 723700   		.ascii	"r7\000"
 840 060b 0C       		.byte	0xc
 841 060c BC01     		.2byte	0x1bc
 842 060e 19       		.byte	0x19
 843 060f E0000000 		.4byte	0xe0
 844 0613 10       		.byte	0x10
 845 0614 0A       		.uleb128 0xa
 846 0615 723800   		.ascii	"r8\000"
 847 0618 0C       		.byte	0xc
 848 0619 BD01     		.2byte	0x1bd
 849 061b 19       		.byte	0x19
 850 061c E0000000 		.4byte	0xe0
 851 0620 14       		.byte	0x14
 852 0621 0A       		.uleb128 0xa
 853 0622 723900   		.ascii	"r9\000"
 854 0625 0C       		.byte	0xc
 855 0626 BE01     		.2byte	0x1be
ARM GAS  C:\Users\nello\AppData\Local\Temp\ccQFdKYI.s 			page 16


 856 0628 19       		.byte	0x19
 857 0629 E0000000 		.4byte	0xe0
 858 062d 18       		.byte	0x18
 859 062e 0A       		.uleb128 0xa
 860 062f 72313000 		.ascii	"r10\000"
 861 0633 0C       		.byte	0xc
 862 0634 BF01     		.2byte	0x1bf
 863 0636 19       		.byte	0x19
 864 0637 E0000000 		.4byte	0xe0
 865 063b 1C       		.byte	0x1c
 866 063c 0A       		.uleb128 0xa
 867 063d 72313100 		.ascii	"r11\000"
 868 0641 0C       		.byte	0xc
 869 0642 C001     		.2byte	0x1c0
 870 0644 19       		.byte	0x19
 871 0645 E0000000 		.4byte	0xe0
 872 0649 20       		.byte	0x20
 873 064a 0B       		.uleb128 0xb
 874 064b 19040000 		.4byte	.LASF88
 875 064f 0C       		.byte	0xc
 876 0650 C401     		.2byte	0x1c4
 877 0652 19       		.byte	0x19
 878 0653 E0000000 		.4byte	0xe0
 879 0657 24       		.byte	0x24
 880 0658 00       		.byte	0
 881 0659 0C       		.uleb128 0xc
 882 065a 31050000 		.4byte	.LASF89
 883 065e 2C       		.byte	0x2c
 884 065f 0C       		.byte	0xc
 885 0660 DF01     		.2byte	0x1df
 886 0662 08       		.byte	0x8
 887 0663 83060000 		.4byte	0x683
 888 0667 0A       		.uleb128 0xa
 889 0668 737000   		.ascii	"sp\000"
 890 066b 0C       		.byte	0xc
 891 066c E001     		.2byte	0x1e0
 892 066e 1A       		.byte	0x1a
 893 066f 83060000 		.4byte	0x683
 894 0673 00       		.byte	0
 895 0674 0B       		.uleb128 0xb
 896 0675 D0060000 		.4byte	.LASF90
 897 0679 0C       		.byte	0xc
 898 067a E101     		.2byte	0x1e1
 899 067c 19       		.byte	0x19
 900 067d C4050000 		.4byte	0x5c4
 901 0681 04       		.byte	0x4
 902 0682 00       		.byte	0
 903 0683 0D       		.uleb128 0xd
 904 0684 04       		.byte	0x4
 905 0685 4A050000 		.4byte	0x54a
 906 0689 0D       		.uleb128 0xd
 907 068a 04       		.byte	0x4
 908 068b 0E010000 		.4byte	0x10e
 909 068f 10       		.uleb128 0x10
 910 0690 04       		.byte	0x4
 911 0691 07       		.uleb128 0x7
 912 0692 E5040000 		.4byte	.LASF91
ARM GAS  C:\Users\nello\AppData\Local\Temp\ccQFdKYI.s 			page 17


 913 0696 18       		.byte	0x18
 914 0697 06       		.byte	0x6
 915 0698 64       		.byte	0x64
 916 0699 10       		.byte	0x10
 917 069a C6060000 		.4byte	0x6c6
 918 069e 09       		.uleb128 0x9
 919 069f 1C070000 		.4byte	.LASF92
 920 06a3 06       		.byte	0x6
 921 06a4 68       		.byte	0x68
 922 06a5 21       		.byte	0x21
 923 06a6 43040000 		.4byte	0x443
 924 06aa 00       		.byte	0
 925 06ab 09       		.uleb128 0x9
 926 06ac 2C060000 		.4byte	.LASF93
 927 06b0 06       		.byte	0x6
 928 06b1 73       		.byte	0x73
 929 06b2 21       		.byte	0x21
 930 06b3 71030000 		.4byte	0x371
 931 06b7 0C       		.byte	0xc
 932 06b8 09       		.uleb128 0x9
 933 06b9 91040000 		.4byte	.LASF94
 934 06bd 06       		.byte	0x6
 935 06be 79       		.byte	0x79
 936 06bf 21       		.byte	0x21
 937 06c0 FD000000 		.4byte	0xfd
 938 06c4 10       		.byte	0x10
 939 06c5 00       		.byte	0
 940 06c6 03       		.uleb128 0x3
 941 06c7 BC000000 		.4byte	.LASF95
 942 06cb 06       		.byte	0x6
 943 06cc 7B       		.byte	0x7b
 944 06cd 03       		.byte	0x3
 945 06ce 91060000 		.4byte	0x691
 946 06d2 07       		.uleb128 0x7
 947 06d3 E7010000 		.4byte	.LASF96
 948 06d7 08       		.byte	0x8
 949 06d8 06       		.byte	0x6
 950 06d9 80       		.byte	0x80
 951 06da 10       		.byte	0x10
 952 06db ED060000 		.4byte	0x6ed
 953 06df 09       		.uleb128 0x9
 954 06e0 B5030000 		.4byte	.LASF97
 955 06e4 06       		.byte	0x6
 956 06e5 84       		.byte	0x84
 957 06e6 21       		.byte	0x21
 958 06e7 C2030000 		.4byte	0x3c2
 959 06eb 00       		.byte	0
 960 06ec 00       		.byte	0
 961 06ed 03       		.uleb128 0x3
 962 06ee 97060000 		.4byte	.LASF98
 963 06f2 06       		.byte	0x6
 964 06f3 85       		.byte	0x85
 965 06f4 03       		.byte	0x3
 966 06f5 D2060000 		.4byte	0x6d2
 967 06f9 03       		.uleb128 0x3
 968 06fa C9040000 		.4byte	.LASF99
 969 06fe 06       		.byte	0x6
ARM GAS  C:\Users\nello\AppData\Local\Temp\ccQFdKYI.s 			page 18


 970 06ff 8A       		.byte	0x8a
 971 0700 14       		.byte	0x14
 972 0701 05070000 		.4byte	0x705
 973 0705 0D       		.uleb128 0xd
 974 0706 04       		.byte	0x4
 975 0707 86010000 		.4byte	0x186
 976 070b 07       		.uleb128 0x7
 977 070c E2000000 		.4byte	.LASF100
 978 0710 08       		.byte	0x8
 979 0711 06       		.byte	0x6
 980 0712 8F       		.byte	0x8f
 981 0713 10       		.byte	0x10
 982 0714 26070000 		.4byte	0x726
 983 0718 09       		.uleb128 0x9
 984 0719 B5030000 		.4byte	.LASF97
 985 071d 06       		.byte	0x6
 986 071e 93       		.byte	0x93
 987 071f 21       		.byte	0x21
 988 0720 C2030000 		.4byte	0x3c2
 989 0724 00       		.byte	0
 990 0725 00       		.byte	0
 991 0726 03       		.uleb128 0x3
 992 0727 73060000 		.4byte	.LASF101
 993 072b 06       		.byte	0x6
 994 072c 94       		.byte	0x94
 995 072d 03       		.byte	0x3
 996 072e 0B070000 		.4byte	0x70b
 997 0732 11       		.uleb128 0x11
 998 0733 0C       		.byte	0xc
 999 0734 06       		.byte	0x6
 1000 0735 A0       		.byte	0xa0
 1001 0736 03       		.byte	0x3
 1002 0737 60070000 		.4byte	0x760
 1003 073b 12       		.uleb128 0x12
 1004 073c 3F080000 		.4byte	.LASF102
 1005 0740 06       		.byte	0x6
 1006 0741 A4       		.byte	0xa4
 1007 0742 21       		.byte	0x21
 1008 0743 95030000 		.4byte	0x395
 1009 0747 12       		.uleb128 0x12
 1010 0748 B5030000 		.4byte	.LASF97
 1011 074c 06       		.byte	0x6
 1012 074d A8       		.byte	0xa8
 1013 074e 21       		.byte	0x21
 1014 074f C2030000 		.4byte	0x3c2
 1015 0753 12       		.uleb128 0x12
 1016 0754 59010000 		.4byte	.LASF103
 1017 0758 06       		.byte	0x6
 1018 0759 AC       		.byte	0xac
 1019 075a 21       		.byte	0x21
 1020 075b FC030000 		.4byte	0x3fc
 1021 075f 00       		.byte	0
 1022 0760 11       		.uleb128 0x11
 1023 0761 04       		.byte	0x4
 1024 0762 06       		.byte	0x6
 1025 0763 EB       		.byte	0xeb
 1026 0764 03       		.byte	0x3
ARM GAS  C:\Users\nello\AppData\Local\Temp\ccQFdKYI.s 			page 19


 1027 0765 D0070000 		.4byte	0x7d0
 1028 0769 12       		.uleb128 0x12
 1029 076a 24000000 		.4byte	.LASF104
 1030 076e 06       		.byte	0x6
 1031 076f F2       		.byte	0xf2
 1032 0770 21       		.byte	0x21
 1033 0771 4A010000 		.4byte	0x14a
 1034 0775 12       		.uleb128 0x12
 1035 0776 AC000000 		.4byte	.LASF105
 1036 077a 06       		.byte	0x6
 1037 077b F9       		.byte	0xf9
 1038 077c 21       		.byte	0x21
 1039 077d 4A010000 		.4byte	0x14a
 1040 0781 13       		.uleb128 0x13
 1041 0782 22080000 		.4byte	.LASF106
 1042 0786 06       		.byte	0x6
 1043 0787 0001     		.2byte	0x100
 1044 0789 22       		.byte	0x22
 1045 078a 8F060000 		.4byte	0x68f
 1046 078e 13       		.uleb128 0x13
 1047 078f C2020000 		.4byte	.LASF107
 1048 0793 06       		.byte	0x6
 1049 0794 0701     		.2byte	0x107
 1050 0796 22       		.byte	0x22
 1051 0797 D0070000 		.4byte	0x7d0
 1052 079b 13       		.uleb128 0x13
 1053 079c 51080000 		.4byte	.LASF108
 1054 07a0 06       		.byte	0x6
 1055 07a1 0C01     		.2byte	0x10c
 1056 07a3 21       		.byte	0x21
 1057 07a4 4A010000 		.4byte	0x14a
 1058 07a8 13       		.uleb128 0x13
 1059 07a9 B4020000 		.4byte	.LASF109
 1060 07ad 06       		.byte	0x6
 1061 07ae 1501     		.2byte	0x115
 1062 07b0 22       		.byte	0x22
 1063 07b1 FE070000 		.4byte	0x7fe
 1064 07b5 13       		.uleb128 0x13
 1065 07b6 B3060000 		.4byte	.LASF110
 1066 07ba 06       		.byte	0x6
 1067 07bb 1E01     		.2byte	0x11e
 1068 07bd 22       		.byte	0x22
 1069 07be 39080000 		.4byte	0x839
 1070 07c2 13       		.uleb128 0x13
 1071 07c3 3A060000 		.4byte	.LASF111
 1072 07c7 06       		.byte	0x6
 1073 07c8 2601     		.2byte	0x126
 1074 07ca 21       		.byte	0x21
 1075 07cb 56010000 		.4byte	0x156
 1076 07cf 00       		.byte	0
 1077 07d0 0D       		.uleb128 0xd
 1078 07d1 04       		.byte	0x4
 1079 07d2 F9060000 		.4byte	0x6f9
 1080 07d6 07       		.uleb128 0x7
 1081 07d7 8A060000 		.4byte	.LASF112
 1082 07db 0C       		.byte	0xc
 1083 07dc 0D       		.byte	0xd
ARM GAS  C:\Users\nello\AppData\Local\Temp\ccQFdKYI.s 			page 20


 1084 07dd 34       		.byte	0x34
 1085 07de 10       		.byte	0x10
 1086 07df FE070000 		.4byte	0x7fe
 1087 07e3 09       		.uleb128 0x9
 1088 07e4 B5030000 		.4byte	.LASF97
 1089 07e8 0D       		.byte	0xd
 1090 07e9 35       		.byte	0x35
 1091 07ea 19       		.byte	0x19
 1092 07eb C2030000 		.4byte	0x3c2
 1093 07ef 00       		.byte	0
 1094 07f0 08       		.uleb128 0x8
 1095 07f1 636E7400 		.ascii	"cnt\000"
 1096 07f5 0D       		.byte	0xd
 1097 07f6 37       		.byte	0x37
 1098 07f7 19       		.byte	0x19
 1099 07f8 6E010000 		.4byte	0x16e
 1100 07fc 08       		.byte	0x8
 1101 07fd 00       		.byte	0
 1102 07fe 0D       		.uleb128 0xd
 1103 07ff 04       		.byte	0x4
 1104 0800 D6070000 		.4byte	0x7d6
 1105 0804 07       		.uleb128 0x7
 1106 0805 EA070000 		.4byte	.LASF113
 1107 0809 10       		.byte	0x10
 1108 080a 0E       		.byte	0xe
 1109 080b 39       		.byte	0x39
 1110 080c 08       		.byte	0x8
 1111 080d 39080000 		.4byte	0x839
 1112 0811 09       		.uleb128 0x9
 1113 0812 B5030000 		.4byte	.LASF97
 1114 0816 0E       		.byte	0xe
 1115 0817 3A       		.byte	0x3a
 1116 0818 19       		.byte	0x19
 1117 0819 C2030000 		.4byte	0x3c2
 1118 081d 00       		.byte	0
 1119 081e 09       		.uleb128 0x9
 1120 081f CA060000 		.4byte	.LASF34
 1121 0823 0E       		.byte	0xe
 1122 0824 3C       		.byte	0x3c
 1123 0825 1A       		.byte	0x1a
 1124 0826 05070000 		.4byte	0x705
 1125 082a 08       		.byte	0x8
 1126 082b 09       		.uleb128 0x9
 1127 082c DD000000 		.4byte	.LASF69
 1128 0830 0E       		.byte	0xe
 1129 0831 3E       		.byte	0x3e
 1130 0832 1A       		.byte	0x1a
 1131 0833 03090000 		.4byte	0x903
 1132 0837 0C       		.byte	0xc
 1133 0838 00       		.byte	0
 1134 0839 0D       		.uleb128 0xd
 1135 083a 04       		.byte	0x4
 1136 083b 04080000 		.4byte	0x804
 1137 083f 0D       		.uleb128 0xd
 1138 0840 04       		.byte	0x4
 1139 0841 75020000 		.4byte	0x275
 1140 0845 0C       		.uleb128 0xc
ARM GAS  C:\Users\nello\AppData\Local\Temp\ccQFdKYI.s 			page 21


 1141 0846 52040000 		.4byte	.LASF114
 1142 084a 10       		.byte	0x10
 1143 084b 06       		.byte	0x6
 1144 084c 5C01     		.2byte	0x15c
 1145 084e 10       		.byte	0x10
 1146 084f 70080000 		.4byte	0x870
 1147 0853 0B       		.uleb128 0xb
 1148 0854 59010000 		.4byte	.LASF103
 1149 0858 06       		.byte	0x6
 1150 0859 6101     		.2byte	0x161
 1151 085b 21       		.byte	0x21
 1152 085c FC030000 		.4byte	0x3fc
 1153 0860 00       		.byte	0
 1154 0861 0B       		.uleb128 0xb
 1155 0862 80050000 		.4byte	.LASF115
 1156 0866 06       		.byte	0x6
 1157 0867 6501     		.2byte	0x165
 1158 0869 22       		.byte	0x22
 1159 086a 05070000 		.4byte	0x705
 1160 086e 0C       		.byte	0xc
 1161 086f 00       		.byte	0
 1162 0870 0F       		.uleb128 0xf
 1163 0871 05000000 		.4byte	.LASF116
 1164 0875 06       		.byte	0x6
 1165 0876 6601     		.2byte	0x166
 1166 0878 03       		.byte	0x3
 1167 0879 45080000 		.4byte	0x845
 1168 087d 0C       		.uleb128 0xc
 1169 087e 1B050000 		.4byte	.LASF117
 1170 0882 14       		.byte	0x14
 1171 0883 06       		.byte	0x6
 1172 0884 6B01     		.2byte	0x16b
 1173 0886 10       		.byte	0x10
 1174 0887 D2080000 		.4byte	0x8d2
 1175 088b 0B       		.uleb128 0xb
 1176 088c EB020000 		.4byte	.LASF35
 1177 0890 06       		.byte	0x6
 1178 0891 6F01     		.2byte	0x16f
 1179 0893 22       		.byte	0x22
 1180 0894 4E030000 		.4byte	0x34e
 1181 0898 00       		.byte	0
 1182 0899 0B       		.uleb128 0xb
 1183 089a 31020000 		.4byte	.LASF118
 1184 089e 06       		.byte	0x6
 1185 089f 7501     		.2byte	0x175
 1186 08a1 22       		.byte	0x22
 1187 08a2 89060000 		.4byte	0x689
 1188 08a6 04       		.byte	0x4
 1189 08a7 0B       		.uleb128 0xb
 1190 08a8 AD070000 		.4byte	.LASF119
 1191 08ac 06       		.byte	0x6
 1192 08ad 7901     		.2byte	0x179
 1193 08af 22       		.byte	0x22
 1194 08b0 89060000 		.4byte	0x689
 1195 08b4 08       		.byte	0x8
 1196 08b5 0B       		.uleb128 0xb
 1197 08b6 81040000 		.4byte	.LASF120
ARM GAS  C:\Users\nello\AppData\Local\Temp\ccQFdKYI.s 			page 22


 1198 08ba 06       		.byte	0x6
 1199 08bb 7F01     		.2byte	0x17f
 1200 08bd 22       		.byte	0x22
 1201 08be 89060000 		.4byte	0x689
 1202 08c2 0C       		.byte	0xc
 1203 08c3 0B       		.uleb128 0xb
 1204 08c4 13060000 		.4byte	.LASF121
 1205 08c8 06       		.byte	0x6
 1206 08c9 8301     		.2byte	0x183
 1207 08cb 22       		.byte	0x22
 1208 08cc 89060000 		.4byte	0x689
 1209 08d0 10       		.byte	0x10
 1210 08d1 00       		.byte	0
 1211 08d2 0F       		.uleb128 0xf
 1212 08d3 CF070000 		.4byte	.LASF122
 1213 08d7 06       		.byte	0x6
 1214 08d8 8501     		.2byte	0x185
 1215 08da 03       		.byte	0x3
 1216 08db 7D080000 		.4byte	0x87d
 1217 08df 06       		.uleb128 0x6
 1218 08e0 D2080000 		.4byte	0x8d2
 1219 08e4 0D       		.uleb128 0xd
 1220 08e5 04       		.byte	0x4
 1221 08e6 DF080000 		.4byte	0x8df
 1222 08ea 14       		.uleb128 0x14
 1223 08eb 63683000 		.ascii	"ch0\000"
 1224 08ef 15       		.byte	0x15
 1225 08f0 4101     		.2byte	0x141
 1226 08f2 16       		.byte	0x16
 1227 08f3 75020000 		.4byte	0x275
 1228 08f7 03       		.uleb128 0x3
 1229 08f8 41020000 		.4byte	.LASF123
 1230 08fc 0E       		.byte	0xe
 1231 08fd 34       		.byte	0x34
 1232 08fe 19       		.byte	0x19
 1233 08ff 04080000 		.4byte	0x804
 1234 0903 0D       		.uleb128 0xd
 1235 0904 04       		.byte	0x4
 1236 0905 F7080000 		.4byte	0x8f7
 1237 0909 03       		.uleb128 0x3
 1238 090a 53070000 		.4byte	.LASF124
 1239 090e 0F       		.byte	0xf
 1240 090f 34       		.byte	0x34
 1241 0910 1F       		.byte	0x1f
 1242 0911 15090000 		.4byte	0x915
 1243 0915 07       		.uleb128 0x7
 1244 0916 62080000 		.4byte	.LASF125
 1245 091a 14       		.byte	0x14
 1246 091b 0F       		.byte	0xf
 1247 091c 39       		.byte	0x39
 1248 091d 08       		.byte	0x8
 1249 091e 64090000 		.4byte	0x964
 1250 0922 09       		.uleb128 0x9
 1251 0923 DD000000 		.4byte	.LASF69
 1252 0927 0F       		.byte	0xf
 1253 0928 3A       		.byte	0x3a
 1254 0929 1A       		.byte	0x1a
ARM GAS  C:\Users\nello\AppData\Local\Temp\ccQFdKYI.s 			page 23


 1255 092a 64090000 		.4byte	0x964
 1256 092e 00       		.byte	0
 1257 092f 09       		.uleb128 0x9
 1258 0930 DC040000 		.4byte	.LASF126
 1259 0934 0F       		.byte	0xf
 1260 0935 3D       		.byte	0x3d
 1261 0936 1A       		.byte	0x1a
 1262 0937 05070000 		.4byte	0x705
 1263 093b 04       		.byte	0x4
 1264 093c 09       		.uleb128 0x9
 1265 093d A2060000 		.4byte	.LASF127
 1266 0941 0F       		.byte	0xf
 1267 0942 3F       		.byte	0x3f
 1268 0943 19       		.byte	0x19
 1269 0944 56010000 		.4byte	0x156
 1270 0948 08       		.byte	0x8
 1271 0949 09       		.uleb128 0x9
 1272 094a 1C080000 		.4byte	.LASF38
 1273 094e 0F       		.byte	0xf
 1274 094f 41       		.byte	0x41
 1275 0950 19       		.byte	0x19
 1276 0951 62010000 		.4byte	0x162
 1277 0955 0C       		.byte	0xc
 1278 0956 09       		.uleb128 0x9
 1279 0957 F3010000 		.4byte	.LASF128
 1280 095b 0F       		.byte	0xf
 1281 095c 43       		.byte	0x43
 1282 095d 19       		.byte	0x19
 1283 095e 62010000 		.4byte	0x162
 1284 0962 10       		.byte	0x10
 1285 0963 00       		.byte	0
 1286 0964 0D       		.uleb128 0xd
 1287 0965 04       		.byte	0x4
 1288 0966 09090000 		.4byte	0x909
 1289 096a 07       		.uleb128 0x7
 1290 096b 07080000 		.4byte	.LASF129
 1291 096f 04       		.byte	0x4
 1292 0970 0F       		.byte	0xf
 1293 0971 4A       		.byte	0x4a
 1294 0972 10       		.byte	0x10
 1295 0973 85090000 		.4byte	0x985
 1296 0977 09       		.uleb128 0x9
 1297 0978 DD000000 		.4byte	.LASF69
 1298 097c 0F       		.byte	0xf
 1299 097d 4B       		.byte	0x4b
 1300 097e 1A       		.byte	0x1a
 1301 097f 64090000 		.4byte	0x964
 1302 0983 00       		.byte	0
 1303 0984 00       		.byte	0
 1304 0985 03       		.uleb128 0x3
 1305 0986 5E020000 		.4byte	.LASF130
 1306 098a 0F       		.byte	0xf
 1307 098b 4E       		.byte	0x4e
 1308 098c 03       		.byte	0x3
 1309 098d 6A090000 		.4byte	0x96a
 1310 0991 05       		.uleb128 0x5
 1311 0992 01       		.byte	0x1
ARM GAS  C:\Users\nello\AppData\Local\Temp\ccQFdKYI.s 			page 24


 1312 0993 02       		.byte	0x2
 1313 0994 E1050000 		.4byte	.LASF131
 1314 0998 0D       		.uleb128 0xd
 1315 0999 04       		.byte	0x4
 1316 099a B7000000 		.4byte	0xb7
 1317 099e 07       		.uleb128 0x7
 1318 099f 50060000 		.4byte	.LASF132
 1319 09a3 14       		.byte	0x14
 1320 09a4 10       		.byte	0x10
 1321 09a5 48       		.byte	0x48
 1322 09a6 08       		.byte	0x8
 1323 09a7 ED090000 		.4byte	0x9ed
 1324 09ab 09       		.uleb128 0x9
 1325 09ac 2F080000 		.4byte	.LASF133
 1326 09b0 10       		.byte	0x10
 1327 09b1 49       		.byte	0x49
 1328 09b2 03       		.byte	0x3
 1329 09b3 24000000 		.4byte	0x24
 1330 09b7 00       		.byte	0
 1331 09b8 09       		.uleb128 0x9
 1332 09b9 9B040000 		.4byte	.LASF134
 1333 09bd 10       		.byte	0x10
 1334 09be 49       		.byte	0x49
 1335 09bf 03       		.byte	0x3
 1336 09c0 110A0000 		.4byte	0xa11
 1337 09c4 04       		.byte	0x4
 1338 09c5 09       		.uleb128 0x9
 1339 09c6 F7060000 		.4byte	.LASF135
 1340 09ca 10       		.byte	0x10
 1341 09cb 49       		.byte	0x49
 1342 09cc 03       		.byte	0x3
 1343 09cd 300A0000 		.4byte	0xa30
 1344 09d1 08       		.byte	0x8
 1345 09d2 08       		.uleb128 0x8
 1346 09d3 70757400 		.ascii	"put\000"
 1347 09d7 10       		.byte	0x10
 1348 09d8 49       		.byte	0x49
 1349 09d9 03       		.byte	0x3
 1350 09da 4A0A0000 		.4byte	0xa4a
 1351 09de 0C       		.byte	0xc
 1352 09df 08       		.uleb128 0x8
 1353 09e0 67657400 		.ascii	"get\000"
 1354 09e4 10       		.byte	0x10
 1355 09e5 49       		.byte	0x49
 1356 09e6 03       		.byte	0x3
 1357 09e7 5F0A0000 		.4byte	0xa5f
 1358 09eb 10       		.byte	0x10
 1359 09ec 00       		.byte	0
 1360 09ed 06       		.uleb128 0x6
 1361 09ee 9E090000 		.4byte	0x99e
 1362 09f2 15       		.uleb128 0x15
 1363 09f3 24000000 		.4byte	0x24
 1364 09f7 0B0A0000 		.4byte	0xa0b
 1365 09fb 16       		.uleb128 0x16
 1366 09fc 8F060000 		.4byte	0x68f
 1367 0a00 16       		.uleb128 0x16
 1368 0a01 0B0A0000 		.4byte	0xa0b
ARM GAS  C:\Users\nello\AppData\Local\Temp\ccQFdKYI.s 			page 25


 1369 0a05 16       		.uleb128 0x16
 1370 0a06 24000000 		.4byte	0x24
 1371 0a0a 00       		.byte	0
 1372 0a0b 0D       		.uleb128 0xd
 1373 0a0c 04       		.byte	0x4
 1374 0a0d C3000000 		.4byte	0xc3
 1375 0a11 0D       		.uleb128 0xd
 1376 0a12 04       		.byte	0x4
 1377 0a13 F2090000 		.4byte	0x9f2
 1378 0a17 15       		.uleb128 0x15
 1379 0a18 24000000 		.4byte	0x24
 1380 0a1c 300A0000 		.4byte	0xa30
 1381 0a20 16       		.uleb128 0x16
 1382 0a21 8F060000 		.4byte	0x68f
 1383 0a25 16       		.uleb128 0x16
 1384 0a26 98090000 		.4byte	0x998
 1385 0a2a 16       		.uleb128 0x16
 1386 0a2b 24000000 		.4byte	0x24
 1387 0a2f 00       		.byte	0
 1388 0a30 0D       		.uleb128 0xd
 1389 0a31 04       		.byte	0x4
 1390 0a32 170A0000 		.4byte	0xa17
 1391 0a36 15       		.uleb128 0x15
 1392 0a37 4A010000 		.4byte	0x14a
 1393 0a3b 4A0A0000 		.4byte	0xa4a
 1394 0a3f 16       		.uleb128 0x16
 1395 0a40 8F060000 		.4byte	0x68f
 1396 0a44 16       		.uleb128 0x16
 1397 0a45 B7000000 		.4byte	0xb7
 1398 0a49 00       		.byte	0
 1399 0a4a 0D       		.uleb128 0xd
 1400 0a4b 04       		.byte	0x4
 1401 0a4c 360A0000 		.4byte	0xa36
 1402 0a50 15       		.uleb128 0x15
 1403 0a51 4A010000 		.4byte	0x14a
 1404 0a55 5F0A0000 		.4byte	0xa5f
 1405 0a59 16       		.uleb128 0x16
 1406 0a5a 8F060000 		.4byte	0x68f
 1407 0a5e 00       		.byte	0
 1408 0a5f 0D       		.uleb128 0xd
 1409 0a60 04       		.byte	0x4
 1410 0a61 500A0000 		.4byte	0xa50
 1411 0a65 17       		.uleb128 0x17
 1412 0a66 04       		.byte	0x4
 1413 0a67 10       		.byte	0x10
 1414 0a68 53       		.byte	0x53
 1415 0a69 09       		.byte	0x9
 1416 0a6a 7C0A0000 		.4byte	0xa7c
 1417 0a6e 08       		.uleb128 0x8
 1418 0a6f 766D7400 		.ascii	"vmt\000"
 1419 0a73 10       		.byte	0x10
 1420 0a74 55       		.byte	0x55
 1421 0a75 29       		.byte	0x29
 1422 0a76 7C0A0000 		.4byte	0xa7c
 1423 0a7a 00       		.byte	0
 1424 0a7b 00       		.byte	0
 1425 0a7c 0D       		.uleb128 0xd
ARM GAS  C:\Users\nello\AppData\Local\Temp\ccQFdKYI.s 			page 26


 1426 0a7d 04       		.byte	0x4
 1427 0a7e ED090000 		.4byte	0x9ed
 1428 0a82 03       		.uleb128 0x3
 1429 0a83 49020000 		.4byte	.LASF136
 1430 0a87 10       		.byte	0x10
 1431 0a88 57       		.byte	0x57
 1432 0a89 03       		.byte	0x3
 1433 0a8a 650A0000 		.4byte	0xa65
 1434 0a8e 15       		.uleb128 0x15
 1435 0a8f 4A010000 		.4byte	0x14a
 1436 0a93 A70A0000 		.4byte	0xaa7
 1437 0a97 16       		.uleb128 0x16
 1438 0a98 8F060000 		.4byte	0x68f
 1439 0a9c 16       		.uleb128 0x16
 1440 0a9d B7000000 		.4byte	0xb7
 1441 0aa1 16       		.uleb128 0x16
 1442 0aa2 7D030000 		.4byte	0x37d
 1443 0aa6 00       		.byte	0
 1444 0aa7 0D       		.uleb128 0xd
 1445 0aa8 04       		.byte	0x4
 1446 0aa9 8E0A0000 		.4byte	0xa8e
 1447 0aad 15       		.uleb128 0x15
 1448 0aae 4A010000 		.4byte	0x14a
 1449 0ab2 C10A0000 		.4byte	0xac1
 1450 0ab6 16       		.uleb128 0x16
 1451 0ab7 8F060000 		.4byte	0x68f
 1452 0abb 16       		.uleb128 0x16
 1453 0abc 7D030000 		.4byte	0x37d
 1454 0ac0 00       		.byte	0
 1455 0ac1 0D       		.uleb128 0xd
 1456 0ac2 04       		.byte	0x4
 1457 0ac3 AD0A0000 		.4byte	0xaad
 1458 0ac7 15       		.uleb128 0x15
 1459 0ac8 24000000 		.4byte	0x24
 1460 0acc E50A0000 		.4byte	0xae5
 1461 0ad0 16       		.uleb128 0x16
 1462 0ad1 8F060000 		.4byte	0x68f
 1463 0ad5 16       		.uleb128 0x16
 1464 0ad6 0B0A0000 		.4byte	0xa0b
 1465 0ada 16       		.uleb128 0x16
 1466 0adb 24000000 		.4byte	0x24
 1467 0adf 16       		.uleb128 0x16
 1468 0ae0 7D030000 		.4byte	0x37d
 1469 0ae4 00       		.byte	0
 1470 0ae5 0D       		.uleb128 0xd
 1471 0ae6 04       		.byte	0x4
 1472 0ae7 C70A0000 		.4byte	0xac7
 1473 0aeb 15       		.uleb128 0x15
 1474 0aec 24000000 		.4byte	0x24
 1475 0af0 090B0000 		.4byte	0xb09
 1476 0af4 16       		.uleb128 0x16
 1477 0af5 8F060000 		.4byte	0x68f
 1478 0af9 16       		.uleb128 0x16
 1479 0afa 98090000 		.4byte	0x998
 1480 0afe 16       		.uleb128 0x16
 1481 0aff 24000000 		.4byte	0x24
 1482 0b03 16       		.uleb128 0x16
ARM GAS  C:\Users\nello\AppData\Local\Temp\ccQFdKYI.s 			page 27


 1483 0b04 7D030000 		.4byte	0x37d
 1484 0b08 00       		.byte	0
 1485 0b09 0D       		.uleb128 0xd
 1486 0b0a 04       		.byte	0x4
 1487 0b0b EB0A0000 		.4byte	0xaeb
 1488 0b0f 15       		.uleb128 0x15
 1489 0b10 4A010000 		.4byte	0x14a
 1490 0b14 280B0000 		.4byte	0xb28
 1491 0b18 16       		.uleb128 0x16
 1492 0b19 8F060000 		.4byte	0x68f
 1493 0b1d 16       		.uleb128 0x16
 1494 0b1e 35000000 		.4byte	0x35
 1495 0b22 16       		.uleb128 0x16
 1496 0b23 8F060000 		.4byte	0x68f
 1497 0b27 00       		.byte	0
 1498 0b28 0D       		.uleb128 0xd
 1499 0b29 04       		.byte	0x4
 1500 0b2a 0F0B0000 		.4byte	0xb0f
 1501 0b2e 03       		.uleb128 0x3
 1502 0b2f D2000000 		.4byte	.LASF137
 1503 0b33 11       		.byte	0x11
 1504 0b34 3A       		.byte	0x3a
 1505 0b35 19       		.byte	0x19
 1506 0b36 3A0B0000 		.4byte	0xb3a
 1507 0b3a 07       		.uleb128 0x7
 1508 0b3b C0040000 		.4byte	.LASF138
 1509 0b3f 24       		.byte	0x24
 1510 0b40 11       		.byte	0x11
 1511 0b41 4B       		.byte	0x4b
 1512 0b42 08       		.byte	0x8
 1513 0b43 B00B0000 		.4byte	0xbb0
 1514 0b47 09       		.uleb128 0x9
 1515 0b48 FE000000 		.4byte	.LASF139
 1516 0b4c 11       		.byte	0x11
 1517 0b4d 4C       		.byte	0x4c
 1518 0b4e 19       		.byte	0x19
 1519 0b4f 26070000 		.4byte	0x726
 1520 0b53 00       		.byte	0
 1521 0b54 09       		.uleb128 0x9
 1522 0b55 A9060000 		.4byte	.LASF140
 1523 0b59 11       		.byte	0x11
 1524 0b5a 4D       		.byte	0x4d
 1525 0b5b 19       		.byte	0x19
 1526 0b5c 30000000 		.4byte	0x30
 1527 0b60 08       		.byte	0x8
 1528 0b61 09       		.uleb128 0x9
 1529 0b62 BF010000 		.4byte	.LASF141
 1530 0b66 11       		.byte	0x11
 1531 0b67 4E       		.byte	0x4e
 1532 0b68 1A       		.byte	0x1a
 1533 0b69 98090000 		.4byte	0x998
 1534 0b6d 0C       		.byte	0xc
 1535 0b6e 09       		.uleb128 0x9
 1536 0b6f E4070000 		.4byte	.LASF142
 1537 0b73 11       		.byte	0x11
 1538 0b74 4F       		.byte	0x4f
 1539 0b75 1A       		.byte	0x1a
ARM GAS  C:\Users\nello\AppData\Local\Temp\ccQFdKYI.s 			page 28


 1540 0b76 98090000 		.4byte	0x998
 1541 0b7a 10       		.byte	0x10
 1542 0b7b 09       		.uleb128 0x9
 1543 0b7c C8010000 		.4byte	.LASF143
 1544 0b80 11       		.byte	0x11
 1545 0b81 51       		.byte	0x51
 1546 0b82 1A       		.byte	0x1a
 1547 0b83 98090000 		.4byte	0x998
 1548 0b87 14       		.byte	0x14
 1549 0b88 09       		.uleb128 0x9
 1550 0b89 C9050000 		.4byte	.LASF144
 1551 0b8d 11       		.byte	0x11
 1552 0b8e 52       		.byte	0x52
 1553 0b8f 1A       		.byte	0x1a
 1554 0b90 98090000 		.4byte	0x998
 1555 0b94 18       		.byte	0x18
 1556 0b95 09       		.uleb128 0x9
 1557 0b96 F8070000 		.4byte	.LASF145
 1558 0b9a 11       		.byte	0x11
 1559 0b9b 53       		.byte	0x53
 1560 0b9c 19       		.byte	0x19
 1561 0b9d B00B0000 		.4byte	0xbb0
 1562 0ba1 1C       		.byte	0x1c
 1563 0ba2 09       		.uleb128 0x9
 1564 0ba3 D0010000 		.4byte	.LASF146
 1565 0ba7 11       		.byte	0x11
 1566 0ba8 54       		.byte	0x54
 1567 0ba9 1A       		.byte	0x1a
 1568 0baa 8F060000 		.4byte	0x68f
 1569 0bae 20       		.byte	0x20
 1570 0baf 00       		.byte	0
 1571 0bb0 03       		.uleb128 0x3
 1572 0bb1 6C040000 		.4byte	.LASF147
 1573 0bb5 11       		.byte	0x11
 1574 0bb6 41       		.byte	0x41
 1575 0bb7 10       		.byte	0x10
 1576 0bb8 BC0B0000 		.4byte	0xbbc
 1577 0bbc 0D       		.uleb128 0xd
 1578 0bbd 04       		.byte	0x4
 1579 0bbe C20B0000 		.4byte	0xbc2
 1580 0bc2 18       		.uleb128 0x18
 1581 0bc3 CD0B0000 		.4byte	0xbcd
 1582 0bc7 16       		.uleb128 0x16
 1583 0bc8 CD0B0000 		.4byte	0xbcd
 1584 0bcc 00       		.byte	0
 1585 0bcd 0D       		.uleb128 0xd
 1586 0bce 04       		.byte	0x4
 1587 0bcf 2E0B0000 		.4byte	0xb2e
 1588 0bd3 03       		.uleb128 0x3
 1589 0bd4 A1040000 		.4byte	.LASF148
 1590 0bd8 11       		.byte	0x11
 1591 0bd9 61       		.byte	0x61
 1592 0bda 14       		.byte	0x14
 1593 0bdb 2E0B0000 		.4byte	0xb2e
 1594 0bdf 03       		.uleb128 0x3
 1595 0be0 3A010000 		.4byte	.LASF149
 1596 0be4 11       		.byte	0x11
ARM GAS  C:\Users\nello\AppData\Local\Temp\ccQFdKYI.s 			page 29


 1597 0be5 6D       		.byte	0x6d
 1598 0be6 14       		.byte	0x14
 1599 0be7 2E0B0000 		.4byte	0xb2e
 1600 0beb 17       		.uleb128 0x17
 1601 0bec 04       		.byte	0x4
 1602 0bed 12       		.byte	0x12
 1603 0bee 5B       		.byte	0x5b
 1604 0bef 05       		.byte	0x5
 1605 0bf0 0F0C0000 		.4byte	0xc0f
 1606 0bf4 08       		.uleb128 0x8
 1607 0bf5 73657400 		.ascii	"set\000"
 1608 0bf9 12       		.byte	0x12
 1609 0bfa 5C       		.byte	0x5c
 1610 0bfb 19       		.byte	0x19
 1611 0bfc C8000000 		.4byte	0xc8
 1612 0c00 00       		.byte	0
 1613 0c01 09       		.uleb128 0x9
 1614 0c02 FC040000 		.4byte	.LASF150
 1615 0c06 12       		.byte	0x12
 1616 0c07 5D       		.byte	0x5d
 1617 0c08 19       		.byte	0x19
 1618 0c09 C8000000 		.4byte	0xc8
 1619 0c0d 02       		.byte	0x2
 1620 0c0e 00       		.byte	0
 1621 0c0f 11       		.uleb128 0x11
 1622 0c10 04       		.byte	0x4
 1623 0c11 12       		.byte	0x12
 1624 0c12 59       		.byte	0x59
 1625 0c13 0C       		.byte	0xc
 1626 0c14 2D0C0000 		.4byte	0xc2d
 1627 0c18 19       		.uleb128 0x19
 1628 0c19 5700     		.ascii	"W\000"
 1629 0c1b 12       		.byte	0x12
 1630 0c1c 5A       		.byte	0x5a
 1631 0c1d 19       		.byte	0x19
 1632 0c1e E0000000 		.4byte	0xe0
 1633 0c22 19       		.uleb128 0x19
 1634 0c23 4800     		.ascii	"H\000"
 1635 0c25 12       		.byte	0x12
 1636 0c26 5E       		.byte	0x5e
 1637 0c27 07       		.byte	0x7
 1638 0c28 EB0B0000 		.4byte	0xbeb
 1639 0c2c 00       		.byte	0
 1640 0c2d 04       		.uleb128 0x4
 1641 0c2e 0F0C0000 		.4byte	0xc0f
 1642 0c32 17       		.uleb128 0x17
 1643 0c33 28       		.byte	0x28
 1644 0c34 12       		.byte	0x12
 1645 0c35 51       		.byte	0x51
 1646 0c36 09       		.byte	0x9
 1647 0c37 BE0C0000 		.4byte	0xcbe
 1648 0c3b 09       		.uleb128 0x9
 1649 0c3c 89000000 		.4byte	.LASF151
 1650 0c40 12       		.byte	0x12
 1651 0c41 53       		.byte	0x53
 1652 0c42 19       		.byte	0x19
 1653 0c43 EC000000 		.4byte	0xec
ARM GAS  C:\Users\nello\AppData\Local\Temp\ccQFdKYI.s 			page 30


 1654 0c47 00       		.byte	0
 1655 0c48 09       		.uleb128 0x9
 1656 0c49 3E000000 		.4byte	.LASF152
 1657 0c4d 12       		.byte	0x12
 1658 0c4e 54       		.byte	0x54
 1659 0c4f 19       		.byte	0x19
 1660 0c50 EC000000 		.4byte	0xec
 1661 0c54 04       		.byte	0x4
 1662 0c55 09       		.uleb128 0x9
 1663 0c56 00020000 		.4byte	.LASF153
 1664 0c5a 12       		.byte	0x12
 1665 0c5b 55       		.byte	0x55
 1666 0c5c 19       		.byte	0x19
 1667 0c5d EC000000 		.4byte	0xec
 1668 0c61 08       		.byte	0x8
 1669 0c62 09       		.uleb128 0x9
 1670 0c63 A6000000 		.4byte	.LASF154
 1671 0c67 12       		.byte	0x12
 1672 0c68 56       		.byte	0x56
 1673 0c69 19       		.byte	0x19
 1674 0c6a EC000000 		.4byte	0xec
 1675 0c6e 0C       		.byte	0xc
 1676 0c6f 08       		.uleb128 0x8
 1677 0c70 49445200 		.ascii	"IDR\000"
 1678 0c74 12       		.byte	0x12
 1679 0c75 57       		.byte	0x57
 1680 0c76 19       		.byte	0x19
 1681 0c77 EC000000 		.4byte	0xec
 1682 0c7b 10       		.byte	0x10
 1683 0c7c 08       		.uleb128 0x8
 1684 0c7d 4F445200 		.ascii	"ODR\000"
 1685 0c81 12       		.byte	0x12
 1686 0c82 58       		.byte	0x58
 1687 0c83 19       		.byte	0x19
 1688 0c84 EC000000 		.4byte	0xec
 1689 0c88 14       		.byte	0x14
 1690 0c89 09       		.uleb128 0x9
 1691 0c8a 22010000 		.4byte	.LASF155
 1692 0c8e 12       		.byte	0x12
 1693 0c8f 5F       		.byte	0x5f
 1694 0c90 05       		.byte	0x5
 1695 0c91 2D0C0000 		.4byte	0xc2d
 1696 0c95 18       		.byte	0x18
 1697 0c96 09       		.uleb128 0x9
 1698 0c97 3A040000 		.4byte	.LASF156
 1699 0c9b 12       		.byte	0x12
 1700 0c9c 60       		.byte	0x60
 1701 0c9d 19       		.byte	0x19
 1702 0c9e EC000000 		.4byte	0xec
 1703 0ca2 1C       		.byte	0x1c
 1704 0ca3 09       		.uleb128 0x9
 1705 0ca4 98050000 		.4byte	.LASF157
 1706 0ca8 12       		.byte	0x12
 1707 0ca9 61       		.byte	0x61
 1708 0caa 19       		.byte	0x19
 1709 0cab EC000000 		.4byte	0xec
 1710 0caf 20       		.byte	0x20
ARM GAS  C:\Users\nello\AppData\Local\Temp\ccQFdKYI.s 			page 31


 1711 0cb0 09       		.uleb128 0x9
 1712 0cb1 93050000 		.4byte	.LASF158
 1713 0cb5 12       		.byte	0x12
 1714 0cb6 62       		.byte	0x62
 1715 0cb7 19       		.byte	0x19
 1716 0cb8 EC000000 		.4byte	0xec
 1717 0cbc 24       		.byte	0x24
 1718 0cbd 00       		.byte	0
 1719 0cbe 03       		.uleb128 0x3
 1720 0cbf 24020000 		.4byte	.LASF159
 1721 0cc3 12       		.byte	0x12
 1722 0cc4 63       		.byte	0x63
 1723 0cc5 03       		.byte	0x3
 1724 0cc6 320C0000 		.4byte	0xc32
 1725 0cca 03       		.uleb128 0x3
 1726 0ccb 68000000 		.4byte	.LASF160
 1727 0ccf 13       		.byte	0x13
 1728 0cd0 C2       		.byte	0xc2
 1729 0cd1 12       		.byte	0x12
 1730 0cd2 E0000000 		.4byte	0xe0
 1731 0cd6 03       		.uleb128 0x3
 1732 0cd7 59080000 		.4byte	.LASF161
 1733 0cdb 13       		.byte	0x13
 1734 0cdc CC       		.byte	0xcc
 1735 0cdd 12       		.byte	0x12
 1736 0cde E0000000 		.4byte	0xe0
 1737 0ce2 1A       		.uleb128 0x1a
 1738 0ce3 07       		.byte	0x7
 1739 0ce4 01       		.byte	0x1
 1740 0ce5 5D000000 		.4byte	0x5d
 1741 0ce9 14       		.byte	0x14
 1742 0cea 58       		.byte	0x58
 1743 0ceb 0E       		.byte	0xe
 1744 0cec 030D0000 		.4byte	0xd03
 1745 0cf0 1B       		.uleb128 0x1b
 1746 0cf1 40040000 		.4byte	.LASF162
 1747 0cf5 00       		.byte	0
 1748 0cf6 1B       		.uleb128 0x1b
 1749 0cf7 AF050000 		.4byte	.LASF163
 1750 0cfb 01       		.byte	0x1
 1751 0cfc 1B       		.uleb128 0x1b
 1752 0cfd A4070000 		.4byte	.LASF164
 1753 0d01 02       		.byte	0x2
 1754 0d02 00       		.byte	0
 1755 0d03 03       		.uleb128 0x3
 1756 0d04 C5070000 		.4byte	.LASF165
 1757 0d08 14       		.byte	0x14
 1758 0d09 5C       		.byte	0x5c
 1759 0d0a 03       		.byte	0x3
 1760 0d0b E20C0000 		.4byte	0xce2
 1761 0d0f 03       		.uleb128 0x3
 1762 0d10 0E050000 		.4byte	.LASF166
 1763 0d14 14       		.byte	0x14
 1764 0d15 61       		.byte	0x61
 1765 0d16 22       		.byte	0x22
 1766 0d17 1B0D0000 		.4byte	0xd1b
 1767 0d1b 07       		.uleb128 0x7
ARM GAS  C:\Users\nello\AppData\Local\Temp\ccQFdKYI.s 			page 32


 1768 0d1c 6F010000 		.4byte	.LASF167
 1769 0d20 60       		.byte	0x60
 1770 0d21 14       		.byte	0x14
 1771 0d22 7B       		.byte	0x7b
 1772 0d23 08       		.byte	0x8
 1773 0d24 910D0000 		.4byte	0xd91
 1774 0d28 08       		.uleb128 0x8
 1775 0d29 766D7400 		.ascii	"vmt\000"
 1776 0d2d 14       		.byte	0x14
 1777 0d2e 7D       		.byte	0x7d
 1778 0d2f 21       		.byte	0x21
 1779 0d30 330E0000 		.4byte	0xe33
 1780 0d34 00       		.byte	0
 1781 0d35 09       		.uleb128 0x9
 1782 0d36 C1030000 		.4byte	.LASF168
 1783 0d3a 14       		.byte	0x14
 1784 0d3b 7E       		.byte	0x7e
 1785 0d3c 03       		.byte	0x3
 1786 0d3d 85090000 		.4byte	0x985
 1787 0d41 04       		.byte	0x4
 1788 0d42 09       		.uleb128 0x9
 1789 0d43 60010000 		.4byte	.LASF37
 1790 0d47 14       		.byte	0x14
 1791 0d48 7E       		.byte	0x7e
 1792 0d49 03       		.byte	0x3
 1793 0d4a 030D0000 		.4byte	0xd03
 1794 0d4e 08       		.byte	0x8
 1795 0d4f 09       		.uleb128 0x9
 1796 0d50 BB020000 		.4byte	.LASF169
 1797 0d54 14       		.byte	0x14
 1798 0d55 7E       		.byte	0x7e
 1799 0d56 03       		.byte	0x3
 1800 0d57 D30B0000 		.4byte	0xbd3
 1801 0d5b 0C       		.byte	0xc
 1802 0d5c 09       		.uleb128 0x9
 1803 0d5d 41060000 		.4byte	.LASF170
 1804 0d61 14       		.byte	0x14
 1805 0d62 7E       		.byte	0x7e
 1806 0d63 03       		.byte	0x3
 1807 0d64 DF0B0000 		.4byte	0xbdf
 1808 0d68 30       		.byte	0x30
 1809 0d69 09       		.uleb128 0x9
 1810 0d6a 81020000 		.4byte	.LASF171
 1811 0d6e 14       		.byte	0x14
 1812 0d6f 7E       		.byte	0x7e
 1813 0d70 03       		.byte	0x3
 1814 0d71 390E0000 		.4byte	0xe39
 1815 0d75 54       		.byte	0x54
 1816 0d76 09       		.uleb128 0x9
 1817 0d77 29080000 		.4byte	.LASF172
 1818 0d7b 14       		.byte	0x14
 1819 0d7c 7E       		.byte	0x7e
 1820 0d7d 03       		.byte	0x3
 1821 0d7e E0000000 		.4byte	0xe0
 1822 0d82 58       		.byte	0x58
 1823 0d83 09       		.uleb128 0x9
 1824 0d84 B5000000 		.4byte	.LASF173
ARM GAS  C:\Users\nello\AppData\Local\Temp\ccQFdKYI.s 			page 33


 1825 0d88 14       		.byte	0x14
 1826 0d89 7E       		.byte	0x7e
 1827 0d8a 03       		.byte	0x3
 1828 0d8b B7000000 		.4byte	0xb7
 1829 0d8f 5C       		.byte	0x5c
 1830 0d90 00       		.byte	0
 1831 0d91 14       		.uleb128 0x14
 1832 0d92 53443200 		.ascii	"SD2\000"
 1833 0d96 16       		.byte	0x16
 1834 0d97 9302     		.2byte	0x293
 1835 0d99 15       		.byte	0x15
 1836 0d9a 0F0D0000 		.4byte	0xd0f
 1837 0d9e 07       		.uleb128 0x7
 1838 0d9f A4020000 		.4byte	.LASF174
 1839 0da3 28       		.byte	0x28
 1840 0da4 14       		.byte	0x14
 1841 0da5 70       		.byte	0x70
 1842 0da6 08       		.byte	0x8
 1843 0da7 2E0E0000 		.4byte	0xe2e
 1844 0dab 09       		.uleb128 0x9
 1845 0dac 2F080000 		.4byte	.LASF133
 1846 0db0 14       		.byte	0x14
 1847 0db1 71       		.byte	0x71
 1848 0db2 03       		.byte	0x3
 1849 0db3 24000000 		.4byte	0x24
 1850 0db7 00       		.byte	0
 1851 0db8 09       		.uleb128 0x9
 1852 0db9 9B040000 		.4byte	.LASF134
 1853 0dbd 14       		.byte	0x14
 1854 0dbe 71       		.byte	0x71
 1855 0dbf 03       		.byte	0x3
 1856 0dc0 110A0000 		.4byte	0xa11
 1857 0dc4 04       		.byte	0x4
 1858 0dc5 09       		.uleb128 0x9
 1859 0dc6 F7060000 		.4byte	.LASF135
 1860 0dca 14       		.byte	0x14
 1861 0dcb 71       		.byte	0x71
 1862 0dcc 03       		.byte	0x3
 1863 0dcd 300A0000 		.4byte	0xa30
 1864 0dd1 08       		.byte	0x8
 1865 0dd2 08       		.uleb128 0x8
 1866 0dd3 70757400 		.ascii	"put\000"
 1867 0dd7 14       		.byte	0x14
 1868 0dd8 71       		.byte	0x71
 1869 0dd9 03       		.byte	0x3
 1870 0dda 4A0A0000 		.4byte	0xa4a
 1871 0dde 0C       		.byte	0xc
 1872 0ddf 08       		.uleb128 0x8
 1873 0de0 67657400 		.ascii	"get\000"
 1874 0de4 14       		.byte	0x14
 1875 0de5 71       		.byte	0x71
 1876 0de6 03       		.byte	0x3
 1877 0de7 5F0A0000 		.4byte	0xa5f
 1878 0deb 10       		.byte	0x10
 1879 0dec 09       		.uleb128 0x9
 1880 0ded AF040000 		.4byte	.LASF175
 1881 0df1 14       		.byte	0x14
ARM GAS  C:\Users\nello\AppData\Local\Temp\ccQFdKYI.s 			page 34


 1882 0df2 71       		.byte	0x71
 1883 0df3 03       		.byte	0x3
 1884 0df4 A70A0000 		.4byte	0xaa7
 1885 0df8 14       		.byte	0x14
 1886 0df9 09       		.uleb128 0x9
 1887 0dfa E6020000 		.4byte	.LASF176
 1888 0dfe 14       		.byte	0x14
 1889 0dff 71       		.byte	0x71
 1890 0e00 03       		.byte	0x3
 1891 0e01 C10A0000 		.4byte	0xac1
 1892 0e05 18       		.byte	0x18
 1893 0e06 09       		.uleb128 0x9
 1894 0e07 33040000 		.4byte	.LASF177
 1895 0e0b 14       		.byte	0x14
 1896 0e0c 71       		.byte	0x71
 1897 0e0d 03       		.byte	0x3
 1898 0e0e E50A0000 		.4byte	0xae5
 1899 0e12 1C       		.byte	0x1c
 1900 0e13 09       		.uleb128 0x9
 1901 0e14 F3000000 		.4byte	.LASF178
 1902 0e18 14       		.byte	0x14
 1903 0e19 71       		.byte	0x71
 1904 0e1a 03       		.byte	0x3
 1905 0e1b 090B0000 		.4byte	0xb09
 1906 0e1f 20       		.byte	0x20
 1907 0e20 08       		.uleb128 0x8
 1908 0e21 63746C00 		.ascii	"ctl\000"
 1909 0e25 14       		.byte	0x14
 1910 0e26 71       		.byte	0x71
 1911 0e27 03       		.byte	0x3
 1912 0e28 280B0000 		.4byte	0xb28
 1913 0e2c 24       		.byte	0x24
 1914 0e2d 00       		.byte	0
 1915 0e2e 06       		.uleb128 0x6
 1916 0e2f 9E0D0000 		.4byte	0xd9e
 1917 0e33 0D       		.uleb128 0xd
 1918 0e34 04       		.byte	0x4
 1919 0e35 2E0E0000 		.4byte	0xe2e
 1920 0e39 0D       		.uleb128 0xd
 1921 0e3a 04       		.byte	0x4
 1922 0e3b 3D050000 		.4byte	0x53d
 1923 0e3f 1C       		.uleb128 0x1c
 1924 0e40 C7030000 		.4byte	.LASF179
 1925 0e44 19       		.byte	0x19
 1926 0e45 29       		.byte	0x29
 1927 0e46 17       		.byte	0x17
 1928 0e47 85090000 		.4byte	0x985
 1929 0e4b 1D       		.uleb128 0x1d
 1930 0e4c 63687000 		.ascii	"chp\000"
 1931 0e50 17       		.byte	0x17
 1932 0e51 28       		.byte	0x28
 1933 0e52 1E       		.byte	0x1e
 1934 0e53 570E0000 		.4byte	0xe57
 1935 0e57 0D       		.uleb128 0xd
 1936 0e58 04       		.byte	0x4
 1937 0e59 820A0000 		.4byte	0xa82
 1938 0e5d 1E       		.uleb128 0x1e
ARM GAS  C:\Users\nello\AppData\Local\Temp\ccQFdKYI.s 			page 35


 1939 0e5e 0E010000 		.4byte	0x10e
 1940 0e62 6D0E0000 		.4byte	0xe6d
 1941 0e66 1F       		.uleb128 0x1f
 1942 0e67 35000000 		.4byte	0x35
 1943 0e6b 31       		.byte	0x31
 1944 0e6c 00       		.byte	0
 1945 0e6d 20       		.uleb128 0x20
 1946 0e6e B7050000 		.4byte	.LASF180
 1947 0e72 17       		.byte	0x17
 1948 0e73 30       		.byte	0x30
 1949 0e74 08       		.byte	0x8
 1950 0e75 5D0E0000 		.4byte	0xe5d
 1951 0e79 20       		.uleb128 0x20
 1952 0e7a 68060000 		.4byte	.LASF181
 1953 0e7e 17       		.byte	0x17
 1954 0e7f 48       		.byte	0x48
 1955 0e80 08       		.byte	0x8
 1956 0e81 5D0E0000 		.4byte	0xe5d
 1957 0e85 21       		.uleb128 0x21
 1958 0e86 44080000 		.4byte	.LASF189
 1959 0e8a 17       		.byte	0x17
 1960 0e8b 78       		.byte	0x78
 1961 0e8c 05       		.byte	0x5
 1962 0e8d 1D000000 		.4byte	0x1d
 1963 0e91 22       		.uleb128 0x22
 1964 0e92 70050000 		.4byte	.LASF183
 1965 0e96 17       		.byte	0x17
 1966 0e97 49       		.byte	0x49
 1967 0e98 08       		.byte	0x8
 1968 0e99 CF0E0000 		.4byte	0xecf
 1969 0e9d 23       		.uleb128 0x23
 1970 0e9e 61726700 		.ascii	"arg\000"
 1971 0ea2 17       		.byte	0x17
 1972 0ea3 49       		.byte	0x49
 1973 0ea4 08       		.byte	0x8
 1974 0ea5 8F060000 		.4byte	0x68f
 1975 0ea9 1D       		.uleb128 0x1d
 1976 0eaa 656C00   		.ascii	"el\000"
 1977 0ead 17       		.byte	0x17
 1978 0eae 4F       		.byte	0x4f
 1979 0eaf 14       		.byte	0x14
 1980 0eb0 09090000 		.4byte	0x909
 1981 0eb4 24       		.uleb128 0x24
 1982 0eb5 20       		.uleb128 0x20
 1983 0eb6 20040000 		.4byte	.LASF182
 1984 0eba 17       		.byte	0x17
 1985 0ebb 53       		.byte	0x53
 1986 0ebc 12       		.byte	0x12
 1987 0ebd 56010000 		.4byte	0x156
 1988 0ec1 20       		.uleb128 0x20
 1989 0ec2 1C080000 		.4byte	.LASF38
 1990 0ec6 17       		.byte	0x17
 1991 0ec7 54       		.byte	0x54
 1992 0ec8 12       		.byte	0x12
 1993 0ec9 62010000 		.4byte	0x162
 1994 0ecd 00       		.byte	0
 1995 0ece 00       		.byte	0
ARM GAS  C:\Users\nello\AppData\Local\Temp\ccQFdKYI.s 			page 36


 1996 0ecf 22       		.uleb128 0x22
 1997 0ed0 FD050000 		.4byte	.LASF184
 1998 0ed4 17       		.byte	0x17
 1999 0ed5 31       		.byte	0x31
 2000 0ed6 08       		.byte	0x8
 2001 0ed7 E80E0000 		.4byte	0xee8
 2002 0edb 23       		.uleb128 0x23
 2003 0edc 61726700 		.ascii	"arg\000"
 2004 0ee0 17       		.byte	0x17
 2005 0ee1 31       		.byte	0x31
 2006 0ee2 08       		.byte	0x8
 2007 0ee3 8F060000 		.4byte	0x68f
 2008 0ee7 00       		.byte	0
 2009 0ee8 22       		.uleb128 0x22
 2010 0ee9 59050000 		.4byte	.LASF185
 2011 0eed 0F       		.byte	0xf
 2012 0eee C2       		.byte	0xc2
 2013 0eef 14       		.byte	0x14
 2014 0ef0 190F0000 		.4byte	0xf19
 2015 0ef4 23       		.uleb128 0x23
 2016 0ef5 65737000 		.ascii	"esp\000"
 2017 0ef9 0F       		.byte	0xf
 2018 0efa C2       		.byte	0xc2
 2019 0efb 36       		.byte	0x36
 2020 0efc 190F0000 		.4byte	0xf19
 2021 0f00 23       		.uleb128 0x23
 2022 0f01 656C7000 		.ascii	"elp\000"
 2023 0f05 0F       		.byte	0xf
 2024 0f06 C3       		.byte	0xc3
 2025 0f07 38       		.byte	0x38
 2026 0f08 64090000 		.4byte	0x964
 2027 0f0c 25       		.uleb128 0x25
 2028 0f0d A2060000 		.4byte	.LASF127
 2029 0f11 0F       		.byte	0xf
 2030 0f12 C4       		.byte	0xc4
 2031 0f13 32       		.byte	0x32
 2032 0f14 56010000 		.4byte	0x156
 2033 0f18 00       		.byte	0
 2034 0f19 0D       		.uleb128 0xd
 2035 0f1a 04       		.byte	0x4
 2036 0f1b 85090000 		.4byte	0x985
 2037 0f1f 26       		.uleb128 0x26
 2038 0f20 91070000 		.4byte	.LASF190
 2039 0f24 18       		.byte	0x18
 2040 0f25 A5       		.byte	0xa5
 2041 0f26 14       		.byte	0x14
 2042 0f27 25       		.uleb128 0x25
 2043 0f28 EB020000 		.4byte	.LASF35
 2044 0f2c 18       		.byte	0x18
 2045 0f2d A5       		.byte	0xa5
 2046 0f2e 33       		.byte	0x33
 2047 0f2f 4E030000 		.4byte	0x34e
 2048 0f33 00       		.byte	0
 2049 0f34 00       		.byte	0
 2050              		.section	.gnu.debuglto_.debug_abbrev,"e",%progbits
 2051              	.Ldebug_abbrev0:
 2052 0000 01       		.uleb128 0x1
ARM GAS  C:\Users\nello\AppData\Local\Temp\ccQFdKYI.s 			page 37


 2053 0001 11       		.uleb128 0x11
 2054 0002 01       		.byte	0x1
 2055 0003 25       		.uleb128 0x25
 2056 0004 0E       		.uleb128 0xe
 2057 0005 13       		.uleb128 0x13
 2058 0006 0B       		.uleb128 0xb
 2059 0007 03       		.uleb128 0x3
 2060 0008 0E       		.uleb128 0xe
 2061 0009 1B       		.uleb128 0x1b
 2062 000a 0E       		.uleb128 0xe
 2063 000b 10       		.uleb128 0x10
 2064 000c 17       		.uleb128 0x17
 2065 000d 00       		.byte	0
 2066 000e 00       		.byte	0
 2067 000f 02       		.uleb128 0x2
 2068 0010 24       		.uleb128 0x24
 2069 0011 00       		.byte	0
 2070 0012 0B       		.uleb128 0xb
 2071 0013 0B       		.uleb128 0xb
 2072 0014 3E       		.uleb128 0x3e
 2073 0015 0B       		.uleb128 0xb
 2074 0016 03       		.uleb128 0x3
 2075 0017 08       		.uleb128 0x8
 2076 0018 00       		.byte	0
 2077 0019 00       		.byte	0
 2078 001a 03       		.uleb128 0x3
 2079 001b 16       		.uleb128 0x16
 2080 001c 00       		.byte	0
 2081 001d 03       		.uleb128 0x3
 2082 001e 0E       		.uleb128 0xe
 2083 001f 3A       		.uleb128 0x3a
 2084 0020 0B       		.uleb128 0xb
 2085 0021 3B       		.uleb128 0x3b
 2086 0022 0B       		.uleb128 0xb
 2087 0023 39       		.uleb128 0x39
 2088 0024 0B       		.uleb128 0xb
 2089 0025 49       		.uleb128 0x49
 2090 0026 13       		.uleb128 0x13
 2091 0027 00       		.byte	0
 2092 0028 00       		.byte	0
 2093 0029 04       		.uleb128 0x4
 2094 002a 35       		.uleb128 0x35
 2095 002b 00       		.byte	0
 2096 002c 49       		.uleb128 0x49
 2097 002d 13       		.uleb128 0x13
 2098 002e 00       		.byte	0
 2099 002f 00       		.byte	0
 2100 0030 05       		.uleb128 0x5
 2101 0031 24       		.uleb128 0x24
 2102 0032 00       		.byte	0
 2103 0033 0B       		.uleb128 0xb
 2104 0034 0B       		.uleb128 0xb
 2105 0035 3E       		.uleb128 0x3e
 2106 0036 0B       		.uleb128 0xb
 2107 0037 03       		.uleb128 0x3
 2108 0038 0E       		.uleb128 0xe
 2109 0039 00       		.byte	0
ARM GAS  C:\Users\nello\AppData\Local\Temp\ccQFdKYI.s 			page 38


 2110 003a 00       		.byte	0
 2111 003b 06       		.uleb128 0x6
 2112 003c 26       		.uleb128 0x26
 2113 003d 00       		.byte	0
 2114 003e 49       		.uleb128 0x49
 2115 003f 13       		.uleb128 0x13
 2116 0040 00       		.byte	0
 2117 0041 00       		.byte	0
 2118 0042 07       		.uleb128 0x7
 2119 0043 13       		.uleb128 0x13
 2120 0044 01       		.byte	0x1
 2121 0045 03       		.uleb128 0x3
 2122 0046 0E       		.uleb128 0xe
 2123 0047 0B       		.uleb128 0xb
 2124 0048 0B       		.uleb128 0xb
 2125 0049 3A       		.uleb128 0x3a
 2126 004a 0B       		.uleb128 0xb
 2127 004b 3B       		.uleb128 0x3b
 2128 004c 0B       		.uleb128 0xb
 2129 004d 39       		.uleb128 0x39
 2130 004e 0B       		.uleb128 0xb
 2131 004f 01       		.uleb128 0x1
 2132 0050 13       		.uleb128 0x13
 2133 0051 00       		.byte	0
 2134 0052 00       		.byte	0
 2135 0053 08       		.uleb128 0x8
 2136 0054 0D       		.uleb128 0xd
 2137 0055 00       		.byte	0
 2138 0056 03       		.uleb128 0x3
 2139 0057 08       		.uleb128 0x8
 2140 0058 3A       		.uleb128 0x3a
 2141 0059 0B       		.uleb128 0xb
 2142 005a 3B       		.uleb128 0x3b
 2143 005b 0B       		.uleb128 0xb
 2144 005c 39       		.uleb128 0x39
 2145 005d 0B       		.uleb128 0xb
 2146 005e 49       		.uleb128 0x49
 2147 005f 13       		.uleb128 0x13
 2148 0060 38       		.uleb128 0x38
 2149 0061 0B       		.uleb128 0xb
 2150 0062 00       		.byte	0
 2151 0063 00       		.byte	0
 2152 0064 09       		.uleb128 0x9
 2153 0065 0D       		.uleb128 0xd
 2154 0066 00       		.byte	0
 2155 0067 03       		.uleb128 0x3
 2156 0068 0E       		.uleb128 0xe
 2157 0069 3A       		.uleb128 0x3a
 2158 006a 0B       		.uleb128 0xb
 2159 006b 3B       		.uleb128 0x3b
 2160 006c 0B       		.uleb128 0xb
 2161 006d 39       		.uleb128 0x39
 2162 006e 0B       		.uleb128 0xb
 2163 006f 49       		.uleb128 0x49
 2164 0070 13       		.uleb128 0x13
 2165 0071 38       		.uleb128 0x38
 2166 0072 0B       		.uleb128 0xb
ARM GAS  C:\Users\nello\AppData\Local\Temp\ccQFdKYI.s 			page 39


 2167 0073 00       		.byte	0
 2168 0074 00       		.byte	0
 2169 0075 0A       		.uleb128 0xa
 2170 0076 0D       		.uleb128 0xd
 2171 0077 00       		.byte	0
 2172 0078 03       		.uleb128 0x3
 2173 0079 08       		.uleb128 0x8
 2174 007a 3A       		.uleb128 0x3a
 2175 007b 0B       		.uleb128 0xb
 2176 007c 3B       		.uleb128 0x3b
 2177 007d 05       		.uleb128 0x5
 2178 007e 39       		.uleb128 0x39
 2179 007f 0B       		.uleb128 0xb
 2180 0080 49       		.uleb128 0x49
 2181 0081 13       		.uleb128 0x13
 2182 0082 38       		.uleb128 0x38
 2183 0083 0B       		.uleb128 0xb
 2184 0084 00       		.byte	0
 2185 0085 00       		.byte	0
 2186 0086 0B       		.uleb128 0xb
 2187 0087 0D       		.uleb128 0xd
 2188 0088 00       		.byte	0
 2189 0089 03       		.uleb128 0x3
 2190 008a 0E       		.uleb128 0xe
 2191 008b 3A       		.uleb128 0x3a
 2192 008c 0B       		.uleb128 0xb
 2193 008d 3B       		.uleb128 0x3b
 2194 008e 05       		.uleb128 0x5
 2195 008f 39       		.uleb128 0x39
 2196 0090 0B       		.uleb128 0xb
 2197 0091 49       		.uleb128 0x49
 2198 0092 13       		.uleb128 0x13
 2199 0093 38       		.uleb128 0x38
 2200 0094 0B       		.uleb128 0xb
 2201 0095 00       		.byte	0
 2202 0096 00       		.byte	0
 2203 0097 0C       		.uleb128 0xc
 2204 0098 13       		.uleb128 0x13
 2205 0099 01       		.byte	0x1
 2206 009a 03       		.uleb128 0x3
 2207 009b 0E       		.uleb128 0xe
 2208 009c 0B       		.uleb128 0xb
 2209 009d 0B       		.uleb128 0xb
 2210 009e 3A       		.uleb128 0x3a
 2211 009f 0B       		.uleb128 0xb
 2212 00a0 3B       		.uleb128 0x3b
 2213 00a1 05       		.uleb128 0x5
 2214 00a2 39       		.uleb128 0x39
 2215 00a3 0B       		.uleb128 0xb
 2216 00a4 01       		.uleb128 0x1
 2217 00a5 13       		.uleb128 0x13
 2218 00a6 00       		.byte	0
 2219 00a7 00       		.byte	0
 2220 00a8 0D       		.uleb128 0xd
 2221 00a9 0F       		.uleb128 0xf
 2222 00aa 00       		.byte	0
 2223 00ab 0B       		.uleb128 0xb
ARM GAS  C:\Users\nello\AppData\Local\Temp\ccQFdKYI.s 			page 40


 2224 00ac 0B       		.uleb128 0xb
 2225 00ad 49       		.uleb128 0x49
 2226 00ae 13       		.uleb128 0x13
 2227 00af 00       		.byte	0
 2228 00b0 00       		.byte	0
 2229 00b1 0E       		.uleb128 0xe
 2230 00b2 13       		.uleb128 0x13
 2231 00b3 01       		.byte	0x1
 2232 00b4 0B       		.uleb128 0xb
 2233 00b5 0B       		.uleb128 0xb
 2234 00b6 3A       		.uleb128 0x3a
 2235 00b7 0B       		.uleb128 0xb
 2236 00b8 3B       		.uleb128 0x3b
 2237 00b9 05       		.uleb128 0x5
 2238 00ba 39       		.uleb128 0x39
 2239 00bb 0B       		.uleb128 0xb
 2240 00bc 01       		.uleb128 0x1
 2241 00bd 13       		.uleb128 0x13
 2242 00be 00       		.byte	0
 2243 00bf 00       		.byte	0
 2244 00c0 0F       		.uleb128 0xf
 2245 00c1 16       		.uleb128 0x16
 2246 00c2 00       		.byte	0
 2247 00c3 03       		.uleb128 0x3
 2248 00c4 0E       		.uleb128 0xe
 2249 00c5 3A       		.uleb128 0x3a
 2250 00c6 0B       		.uleb128 0xb
 2251 00c7 3B       		.uleb128 0x3b
 2252 00c8 05       		.uleb128 0x5
 2253 00c9 39       		.uleb128 0x39
 2254 00ca 0B       		.uleb128 0xb
 2255 00cb 49       		.uleb128 0x49
 2256 00cc 13       		.uleb128 0x13
 2257 00cd 00       		.byte	0
 2258 00ce 00       		.byte	0
 2259 00cf 10       		.uleb128 0x10
 2260 00d0 0F       		.uleb128 0xf
 2261 00d1 00       		.byte	0
 2262 00d2 0B       		.uleb128 0xb
 2263 00d3 0B       		.uleb128 0xb
 2264 00d4 00       		.byte	0
 2265 00d5 00       		.byte	0
 2266 00d6 11       		.uleb128 0x11
 2267 00d7 17       		.uleb128 0x17
 2268 00d8 01       		.byte	0x1
 2269 00d9 0B       		.uleb128 0xb
 2270 00da 0B       		.uleb128 0xb
 2271 00db 3A       		.uleb128 0x3a
 2272 00dc 0B       		.uleb128 0xb
 2273 00dd 3B       		.uleb128 0x3b
 2274 00de 0B       		.uleb128 0xb
 2275 00df 39       		.uleb128 0x39
 2276 00e0 0B       		.uleb128 0xb
 2277 00e1 01       		.uleb128 0x1
 2278 00e2 13       		.uleb128 0x13
 2279 00e3 00       		.byte	0
 2280 00e4 00       		.byte	0
ARM GAS  C:\Users\nello\AppData\Local\Temp\ccQFdKYI.s 			page 41


 2281 00e5 12       		.uleb128 0x12
 2282 00e6 0D       		.uleb128 0xd
 2283 00e7 00       		.byte	0
 2284 00e8 03       		.uleb128 0x3
 2285 00e9 0E       		.uleb128 0xe
 2286 00ea 3A       		.uleb128 0x3a
 2287 00eb 0B       		.uleb128 0xb
 2288 00ec 3B       		.uleb128 0x3b
 2289 00ed 0B       		.uleb128 0xb
 2290 00ee 39       		.uleb128 0x39
 2291 00ef 0B       		.uleb128 0xb
 2292 00f0 49       		.uleb128 0x49
 2293 00f1 13       		.uleb128 0x13
 2294 00f2 00       		.byte	0
 2295 00f3 00       		.byte	0
 2296 00f4 13       		.uleb128 0x13
 2297 00f5 0D       		.uleb128 0xd
 2298 00f6 00       		.byte	0
 2299 00f7 03       		.uleb128 0x3
 2300 00f8 0E       		.uleb128 0xe
 2301 00f9 3A       		.uleb128 0x3a
 2302 00fa 0B       		.uleb128 0xb
 2303 00fb 3B       		.uleb128 0x3b
 2304 00fc 05       		.uleb128 0x5
 2305 00fd 39       		.uleb128 0x39
 2306 00fe 0B       		.uleb128 0xb
 2307 00ff 49       		.uleb128 0x49
 2308 0100 13       		.uleb128 0x13
 2309 0101 00       		.byte	0
 2310 0102 00       		.byte	0
 2311 0103 14       		.uleb128 0x14
 2312 0104 34       		.uleb128 0x34
 2313 0105 00       		.byte	0
 2314 0106 03       		.uleb128 0x3
 2315 0107 08       		.uleb128 0x8
 2316 0108 3A       		.uleb128 0x3a
 2317 0109 0B       		.uleb128 0xb
 2318 010a 3B       		.uleb128 0x3b
 2319 010b 05       		.uleb128 0x5
 2320 010c 39       		.uleb128 0x39
 2321 010d 0B       		.uleb128 0xb
 2322 010e 49       		.uleb128 0x49
 2323 010f 13       		.uleb128 0x13
 2324 0110 3F       		.uleb128 0x3f
 2325 0111 19       		.uleb128 0x19
 2326 0112 3C       		.uleb128 0x3c
 2327 0113 19       		.uleb128 0x19
 2328 0114 00       		.byte	0
 2329 0115 00       		.byte	0
 2330 0116 15       		.uleb128 0x15
 2331 0117 15       		.uleb128 0x15
 2332 0118 01       		.byte	0x1
 2333 0119 27       		.uleb128 0x27
 2334 011a 19       		.uleb128 0x19
 2335 011b 49       		.uleb128 0x49
 2336 011c 13       		.uleb128 0x13
 2337 011d 01       		.uleb128 0x1
ARM GAS  C:\Users\nello\AppData\Local\Temp\ccQFdKYI.s 			page 42


 2338 011e 13       		.uleb128 0x13
 2339 011f 00       		.byte	0
 2340 0120 00       		.byte	0
 2341 0121 16       		.uleb128 0x16
 2342 0122 05       		.uleb128 0x5
 2343 0123 00       		.byte	0
 2344 0124 49       		.uleb128 0x49
 2345 0125 13       		.uleb128 0x13
 2346 0126 00       		.byte	0
 2347 0127 00       		.byte	0
 2348 0128 17       		.uleb128 0x17
 2349 0129 13       		.uleb128 0x13
 2350 012a 01       		.byte	0x1
 2351 012b 0B       		.uleb128 0xb
 2352 012c 0B       		.uleb128 0xb
 2353 012d 3A       		.uleb128 0x3a
 2354 012e 0B       		.uleb128 0xb
 2355 012f 3B       		.uleb128 0x3b
 2356 0130 0B       		.uleb128 0xb
 2357 0131 39       		.uleb128 0x39
 2358 0132 0B       		.uleb128 0xb
 2359 0133 01       		.uleb128 0x1
 2360 0134 13       		.uleb128 0x13
 2361 0135 00       		.byte	0
 2362 0136 00       		.byte	0
 2363 0137 18       		.uleb128 0x18
 2364 0138 15       		.uleb128 0x15
 2365 0139 01       		.byte	0x1
 2366 013a 27       		.uleb128 0x27
 2367 013b 19       		.uleb128 0x19
 2368 013c 01       		.uleb128 0x1
 2369 013d 13       		.uleb128 0x13
 2370 013e 00       		.byte	0
 2371 013f 00       		.byte	0
 2372 0140 19       		.uleb128 0x19
 2373 0141 0D       		.uleb128 0xd
 2374 0142 00       		.byte	0
 2375 0143 03       		.uleb128 0x3
 2376 0144 08       		.uleb128 0x8
 2377 0145 3A       		.uleb128 0x3a
 2378 0146 0B       		.uleb128 0xb
 2379 0147 3B       		.uleb128 0x3b
 2380 0148 0B       		.uleb128 0xb
 2381 0149 39       		.uleb128 0x39
 2382 014a 0B       		.uleb128 0xb
 2383 014b 49       		.uleb128 0x49
 2384 014c 13       		.uleb128 0x13
 2385 014d 00       		.byte	0
 2386 014e 00       		.byte	0
 2387 014f 1A       		.uleb128 0x1a
 2388 0150 04       		.uleb128 0x4
 2389 0151 01       		.byte	0x1
 2390 0152 3E       		.uleb128 0x3e
 2391 0153 0B       		.uleb128 0xb
 2392 0154 0B       		.uleb128 0xb
 2393 0155 0B       		.uleb128 0xb
 2394 0156 49       		.uleb128 0x49
ARM GAS  C:\Users\nello\AppData\Local\Temp\ccQFdKYI.s 			page 43


 2395 0157 13       		.uleb128 0x13
 2396 0158 3A       		.uleb128 0x3a
 2397 0159 0B       		.uleb128 0xb
 2398 015a 3B       		.uleb128 0x3b
 2399 015b 0B       		.uleb128 0xb
 2400 015c 39       		.uleb128 0x39
 2401 015d 0B       		.uleb128 0xb
 2402 015e 01       		.uleb128 0x1
 2403 015f 13       		.uleb128 0x13
 2404 0160 00       		.byte	0
 2405 0161 00       		.byte	0
 2406 0162 1B       		.uleb128 0x1b
 2407 0163 28       		.uleb128 0x28
 2408 0164 00       		.byte	0
 2409 0165 03       		.uleb128 0x3
 2410 0166 0E       		.uleb128 0xe
 2411 0167 1C       		.uleb128 0x1c
 2412 0168 0B       		.uleb128 0xb
 2413 0169 00       		.byte	0
 2414 016a 00       		.byte	0
 2415 016b 1C       		.uleb128 0x1c
 2416 016c 34       		.uleb128 0x34
 2417 016d 00       		.byte	0
 2418 016e 03       		.uleb128 0x3
 2419 016f 0E       		.uleb128 0xe
 2420 0170 3A       		.uleb128 0x3a
 2421 0171 0B       		.uleb128 0xb
 2422 0172 3B       		.uleb128 0x3b
 2423 0173 0B       		.uleb128 0xb
 2424 0174 39       		.uleb128 0x39
 2425 0175 0B       		.uleb128 0xb
 2426 0176 49       		.uleb128 0x49
 2427 0177 13       		.uleb128 0x13
 2428 0178 3F       		.uleb128 0x3f
 2429 0179 19       		.uleb128 0x19
 2430 017a 3C       		.uleb128 0x3c
 2431 017b 19       		.uleb128 0x19
 2432 017c 00       		.byte	0
 2433 017d 00       		.byte	0
 2434 017e 1D       		.uleb128 0x1d
 2435 017f 34       		.uleb128 0x34
 2436 0180 00       		.byte	0
 2437 0181 03       		.uleb128 0x3
 2438 0182 08       		.uleb128 0x8
 2439 0183 3A       		.uleb128 0x3a
 2440 0184 0B       		.uleb128 0xb
 2441 0185 3B       		.uleb128 0x3b
 2442 0186 0B       		.uleb128 0xb
 2443 0187 39       		.uleb128 0x39
 2444 0188 0B       		.uleb128 0xb
 2445 0189 49       		.uleb128 0x49
 2446 018a 13       		.uleb128 0x13
 2447 018b 00       		.byte	0
 2448 018c 00       		.byte	0
 2449 018d 1E       		.uleb128 0x1e
 2450 018e 01       		.uleb128 0x1
 2451 018f 01       		.byte	0x1
ARM GAS  C:\Users\nello\AppData\Local\Temp\ccQFdKYI.s 			page 44


 2452 0190 49       		.uleb128 0x49
 2453 0191 13       		.uleb128 0x13
 2454 0192 01       		.uleb128 0x1
 2455 0193 13       		.uleb128 0x13
 2456 0194 00       		.byte	0
 2457 0195 00       		.byte	0
 2458 0196 1F       		.uleb128 0x1f
 2459 0197 21       		.uleb128 0x21
 2460 0198 00       		.byte	0
 2461 0199 49       		.uleb128 0x49
 2462 019a 13       		.uleb128 0x13
 2463 019b 2F       		.uleb128 0x2f
 2464 019c 0B       		.uleb128 0xb
 2465 019d 00       		.byte	0
 2466 019e 00       		.byte	0
 2467 019f 20       		.uleb128 0x20
 2468 01a0 34       		.uleb128 0x34
 2469 01a1 00       		.byte	0
 2470 01a2 03       		.uleb128 0x3
 2471 01a3 0E       		.uleb128 0xe
 2472 01a4 3A       		.uleb128 0x3a
 2473 01a5 0B       		.uleb128 0xb
 2474 01a6 3B       		.uleb128 0x3b
 2475 01a7 0B       		.uleb128 0xb
 2476 01a8 39       		.uleb128 0x39
 2477 01a9 0B       		.uleb128 0xb
 2478 01aa 49       		.uleb128 0x49
 2479 01ab 13       		.uleb128 0x13
 2480 01ac 00       		.byte	0
 2481 01ad 00       		.byte	0
 2482 01ae 21       		.uleb128 0x21
 2483 01af 2E       		.uleb128 0x2e
 2484 01b0 00       		.byte	0
 2485 01b1 3F       		.uleb128 0x3f
 2486 01b2 19       		.uleb128 0x19
 2487 01b3 03       		.uleb128 0x3
 2488 01b4 0E       		.uleb128 0xe
 2489 01b5 3A       		.uleb128 0x3a
 2490 01b6 0B       		.uleb128 0xb
 2491 01b7 3B       		.uleb128 0x3b
 2492 01b8 0B       		.uleb128 0xb
 2493 01b9 39       		.uleb128 0x39
 2494 01ba 0B       		.uleb128 0xb
 2495 01bb 27       		.uleb128 0x27
 2496 01bc 19       		.uleb128 0x19
 2497 01bd 49       		.uleb128 0x49
 2498 01be 13       		.uleb128 0x13
 2499 01bf 00       		.byte	0
 2500 01c0 00       		.byte	0
 2501 01c1 22       		.uleb128 0x22
 2502 01c2 2E       		.uleb128 0x2e
 2503 01c3 01       		.byte	0x1
 2504 01c4 03       		.uleb128 0x3
 2505 01c5 0E       		.uleb128 0xe
 2506 01c6 3A       		.uleb128 0x3a
 2507 01c7 0B       		.uleb128 0xb
 2508 01c8 3B       		.uleb128 0x3b
ARM GAS  C:\Users\nello\AppData\Local\Temp\ccQFdKYI.s 			page 45


 2509 01c9 0B       		.uleb128 0xb
 2510 01ca 39       		.uleb128 0x39
 2511 01cb 0B       		.uleb128 0xb
 2512 01cc 27       		.uleb128 0x27
 2513 01cd 19       		.uleb128 0x19
 2514 01ce 01       		.uleb128 0x1
 2515 01cf 13       		.uleb128 0x13
 2516 01d0 00       		.byte	0
 2517 01d1 00       		.byte	0
 2518 01d2 23       		.uleb128 0x23
 2519 01d3 05       		.uleb128 0x5
 2520 01d4 00       		.byte	0
 2521 01d5 03       		.uleb128 0x3
 2522 01d6 08       		.uleb128 0x8
 2523 01d7 3A       		.uleb128 0x3a
 2524 01d8 0B       		.uleb128 0xb
 2525 01d9 3B       		.uleb128 0x3b
 2526 01da 0B       		.uleb128 0xb
 2527 01db 39       		.uleb128 0x39
 2528 01dc 0B       		.uleb128 0xb
 2529 01dd 49       		.uleb128 0x49
 2530 01de 13       		.uleb128 0x13
 2531 01df 00       		.byte	0
 2532 01e0 00       		.byte	0
 2533 01e1 24       		.uleb128 0x24
 2534 01e2 0B       		.uleb128 0xb
 2535 01e3 01       		.byte	0x1
 2536 01e4 00       		.byte	0
 2537 01e5 00       		.byte	0
 2538 01e6 25       		.uleb128 0x25
 2539 01e7 05       		.uleb128 0x5
 2540 01e8 00       		.byte	0
 2541 01e9 03       		.uleb128 0x3
 2542 01ea 0E       		.uleb128 0xe
 2543 01eb 3A       		.uleb128 0x3a
 2544 01ec 0B       		.uleb128 0xb
 2545 01ed 3B       		.uleb128 0x3b
 2546 01ee 0B       		.uleb128 0xb
 2547 01ef 39       		.uleb128 0x39
 2548 01f0 0B       		.uleb128 0xb
 2549 01f1 49       		.uleb128 0x49
 2550 01f2 13       		.uleb128 0x13
 2551 01f3 00       		.byte	0
 2552 01f4 00       		.byte	0
 2553 01f5 26       		.uleb128 0x26
 2554 01f6 2E       		.uleb128 0x2e
 2555 01f7 01       		.byte	0x1
 2556 01f8 03       		.uleb128 0x3
 2557 01f9 0E       		.uleb128 0xe
 2558 01fa 3A       		.uleb128 0x3a
 2559 01fb 0B       		.uleb128 0xb
 2560 01fc 3B       		.uleb128 0x3b
 2561 01fd 0B       		.uleb128 0xb
 2562 01fe 39       		.uleb128 0x39
 2563 01ff 0B       		.uleb128 0xb
 2564 0200 27       		.uleb128 0x27
 2565 0201 19       		.uleb128 0x19
ARM GAS  C:\Users\nello\AppData\Local\Temp\ccQFdKYI.s 			page 46


 2566 0202 00       		.byte	0
 2567 0203 00       		.byte	0
 2568 0204 00       		.byte	0
 2569              		.section	.gnu.debuglto_.debug_line,"e",%progbits
 2570              	.Ldebug_line0:
 2571 0000 BC030000 		.4byte	.LELT0-.LSLT0
 2572              	.LSLT0:
 2573 0004 0400     		.2byte	0x4
 2574 0006 B6030000 		.4byte	.LELTP0-.LASLTP0
 2575              	.LASLTP0:
 2576 000a 01       		.byte	0x1
 2577 000b 01       		.byte	0x1
 2578 000c 01       		.byte	0x1
 2579 000d F6       		.byte	0xf6
 2580 000e F2       		.byte	0xf2
 2581 000f 0D       		.byte	0xd
 2582 0010 00       		.byte	0
 2583 0011 01       		.byte	0x1
 2584 0012 01       		.byte	0x1
 2585 0013 01       		.byte	0x1
 2586 0014 01       		.byte	0x1
 2587 0015 00       		.byte	0
 2588 0016 00       		.byte	0
 2589 0017 00       		.byte	0
 2590 0018 01       		.byte	0x1
 2591 0019 00       		.byte	0
 2592 001a 00       		.byte	0
 2593 001b 01       		.byte	0x1
 2594 001c 2E2E2F2E 		.ascii	"../../chibios2111/os/common/ext/ST/STM32G4xx"
 2594      2E2F6368 
 2594      6962696F 
 2594      73323131 
 2594      312F6F73 
 2595 0048 00       		.byte	0
 2596 0049 2E2E2F2E 		.ascii	"../../chibios2111/os/common/ports/ARM-common"
 2596      2E2F6368 
 2596      6962696F 
 2596      73323131 
 2596      312F6F73 
 2597 0075 00       		.byte	0
 2598 0076 2E2E2F2E 		.ascii	"../../chibios2111/os/common/ports/ARMv7-M-ALT"
 2598      2E2F6368 
 2598      6962696F 
 2598      73323131 
 2598      312F6F73 
 2599 00a3 00       		.byte	0
 2600 00a4 2E2E2F2E 		.ascii	"../../chibios2111/os/hal/include"
 2600      2E2F6368 
 2600      6962696F 
 2600      73323131 
 2600      312F6F73 
 2601 00c4 00       		.byte	0
 2602 00c5 2E2E2F2E 		.ascii	"../../chibios2111/os/hal/ports/STM32/LLD/GPIOv2"
 2602      2E2F6368 
 2602      6962696F 
 2602      73323131 
 2602      312F6F73 
ARM GAS  C:\Users\nello\AppData\Local\Temp\ccQFdKYI.s 			page 47


 2603 00f4 00       		.byte	0
 2604 00f5 2E2E2F2E 		.ascii	"../../chibios2111/os/hal/ports/STM32/LLD/USARTv3"
 2604      2E2F6368 
 2604      6962696F 
 2604      73323131 
 2604      312F6F73 
 2605 0125 00       		.byte	0
 2606 0126 2E2E2F2E 		.ascii	"../../chibios2111/os/rt/include"
 2606      2E2F6368 
 2606      6962696F 
 2606      73323131 
 2606      312F6F73 
 2607 0145 00       		.byte	0
 2608 0146 633A5C63 		.ascii	"c:\\chibistudio\\tools\\gnu tools arm embedded\\10."
 2608      68696269 
 2608      73747564 
 2608      696F5C74 
 2608      6F6F6C73 
 2609 0175 33203230 		.ascii	"3 2021.10\\arm-none-eabi\\include\\machine"
 2609      32312E31 
 2609      305C6172 
 2609      6D2D6E6F 
 2609      6E652D65 
 2610 019c 00       		.byte	0
 2611 019d 633A5C63 		.ascii	"c:\\chibistudio\\tools\\gnu tools arm embedded\\10."
 2611      68696269 
 2611      73747564 
 2611      696F5C74 
 2611      6F6F6C73 
 2612 01cc 33203230 		.ascii	"3 2021.10\\arm-none-eabi\\include\\sys"
 2612      32312E31 
 2612      305C6172 
 2612      6D2D6E6F 
 2612      6E652D65 
 2613 01ef 00       		.byte	0
 2614 01f0 633A5C63 		.ascii	"c:\\chibistudio\\tools\\gnu tools arm embedded\\10."
 2614      68696269 
 2614      73747564 
 2614      696F5C74 
 2614      6F6F6C73 
 2615 021f 33203230 		.ascii	"3 2021.10\\lib\\gcc\\arm-none-eabi\\10.3.1\\include"
 2615      32312E31 
 2615      305C6C69 
 2615      625C6763 
 2615      635C6172 
 2616 024d 00       		.byte	0
 2617 024e 67657374 		.ascii	"gesture"
 2617      757265
 2618 0255 00       		.byte	0
 2619 0256 00       		.byte	0
 2620 0257 73746464 		.ascii	"stddef.h\000"
 2620      65662E68 
 2620      00
 2621 0260 0A       		.uleb128 0xa
 2622 0261 00       		.uleb128 0
 2623 0262 00       		.uleb128 0
 2624 0263 5F646566 		.ascii	"_default_types.h\000"
ARM GAS  C:\Users\nello\AppData\Local\Temp\ccQFdKYI.s 			page 48


 2624      61756C74 
 2624      5F747970 
 2624      65732E68 
 2624      00
 2625 0274 08       		.uleb128 0x8
 2626 0275 00       		.uleb128 0
 2627 0276 00       		.uleb128 0
 2628 0277 5F737464 		.ascii	"_stdint.h\000"
 2628      696E742E 
 2628      6800
 2629 0281 09       		.uleb128 0x9
 2630 0282 00       		.uleb128 0
 2631 0283 00       		.uleb128 0
 2632 0284 63687479 		.ascii	"chtypes.h\000"
 2632      7065732E 
 2632      6800
 2633 028e 02       		.uleb128 0x2
 2634 028f 00       		.uleb128 0
 2635 0290 00       		.uleb128 0
 2636 0291 63686561 		.ascii	"chearly.h\000"
 2636      726C792E 
 2636      6800
 2637 029b 07       		.uleb128 0x7
 2638 029c 00       		.uleb128 0
 2639 029d 00       		.uleb128 0
 2640 029e 63686F62 		.ascii	"chobjects.h\000"
 2640      6A656374 
 2640      732E6800 
 2641 02aa 07       		.uleb128 0x7
 2642 02ab 00       		.uleb128 0
 2643 02ac 00       		.uleb128 0
 2644 02ad 63687266 		.ascii	"chrfcu.h\000"
 2644      63752E68 
 2644      00
 2645 02b6 07       		.uleb128 0x7
 2646 02b7 00       		.uleb128 0
 2647 02b8 00       		.uleb128 0
 2648 02b9 63686465 		.ascii	"chdebug.h\000"
 2648      6275672E 
 2648      6800
 2649 02c3 07       		.uleb128 0x7
 2650 02c4 00       		.uleb128 0
 2651 02c5 00       		.uleb128 0
 2652 02c6 63687469 		.ascii	"chtime.h\000"
 2652      6D652E68 
 2652      00
 2653 02cf 07       		.uleb128 0x7
 2654 02d0 00       		.uleb128 0
 2655 02d1 00       		.uleb128 0
 2656 02d2 63686C69 		.ascii	"chlists.h\000"
 2656      7374732E 
 2656      6800
 2657 02dc 07       		.uleb128 0x7
 2658 02dd 00       		.uleb128 0
 2659 02de 00       		.uleb128 0
 2660 02df 73746D33 		.ascii	"stm32g474xx.h\000"
 2660      32673437 
ARM GAS  C:\Users\nello\AppData\Local\Temp\ccQFdKYI.s 			page 49


 2660      3478782E 
 2660      6800
 2661 02ed 01       		.uleb128 0x1
 2662 02ee 00       		.uleb128 0
 2663 02ef 00       		.uleb128 0
 2664 02f0 6368636F 		.ascii	"chcore.h\000"
 2664      72652E68 
 2664      00
 2665 02f9 03       		.uleb128 0x3
 2666 02fa 00       		.uleb128 0
 2667 02fb 00       		.uleb128 0
 2668 02fc 63687365 		.ascii	"chsem.h\000"
 2668      6D2E6800 
 2669 0304 07       		.uleb128 0x7
 2670 0305 00       		.uleb128 0
 2671 0306 00       		.uleb128 0
 2672 0307 63686D74 		.ascii	"chmtx.h\000"
 2672      782E6800 
 2673 030f 07       		.uleb128 0x7
 2674 0310 00       		.uleb128 0
 2675 0311 00       		.uleb128 0
 2676 0312 63686576 		.ascii	"chevents.h\000"
 2676      656E7473 
 2676      2E6800
 2677 031d 07       		.uleb128 0x7
 2678 031e 00       		.uleb128 0
 2679 031f 00       		.uleb128 0
 2680 0320 68616C5F 		.ascii	"hal_streams.h\000"
 2680      73747265 
 2680      616D732E 
 2680      6800
 2681 032e 04       		.uleb128 0x4
 2682 032f 00       		.uleb128 0
 2683 0330 00       		.uleb128 0
 2684 0331 68616C5F 		.ascii	"hal_queues.h\000"
 2684      71756575 
 2684      65732E68 
 2684      00
 2685 033e 04       		.uleb128 0x4
 2686 033f 00       		.uleb128 0
 2687 0340 00       		.uleb128 0
 2688 0341 73746D33 		.ascii	"stm32_gpio.h\000"
 2688      325F6770 
 2688      696F2E68 
 2688      00
 2689 034e 05       		.uleb128 0x5
 2690 034f 00       		.uleb128 0
 2691 0350 00       		.uleb128 0
 2692 0351 68616C5F 		.ascii	"hal_pal_lld.h\000"
 2692      70616C5F 
 2692      6C6C642E 
 2692      6800
 2693 035f 05       		.uleb128 0x5
 2694 0360 00       		.uleb128 0
 2695 0361 00       		.uleb128 0
 2696 0362 68616C5F 		.ascii	"hal_serial.h\000"
 2696      73657269 
ARM GAS  C:\Users\nello\AppData\Local\Temp\ccQFdKYI.s 			page 50


 2696      616C2E68 
 2696      00
 2697 036f 04       		.uleb128 0x4
 2698 0370 00       		.uleb128 0
 2699 0371 00       		.uleb128 0
 2700 0372 63687379 		.ascii	"chsys.h\000"
 2700      732E6800 
 2701 037a 07       		.uleb128 0x7
 2702 037b 00       		.uleb128 0
 2703 037c 00       		.uleb128 0
 2704 037d 68616C5F 		.ascii	"hal_serial_lld.h\000"
 2704      73657269 
 2704      616C5F6C 
 2704      6C642E68 
 2704      00
 2705 038e 06       		.uleb128 0x6
 2706 038f 00       		.uleb128 0
 2707 0390 00       		.uleb128 0
 2708 0391 6D61696E 		.ascii	"main.c\000"
 2708      2E6300
 2709 0398 00       		.uleb128 0
 2710 0399 00       		.uleb128 0
 2711 039a 00       		.uleb128 0
 2712 039b 63687265 		.ascii	"chregistry.h\000"
 2712      67697374 
 2712      72792E68 
 2712      00
 2713 03a8 07       		.uleb128 0x7
 2714 03a9 00       		.uleb128 0
 2715 03aa 00       		.uleb128 0
 2716 03ab 67657374 		.ascii	"gesture_events.h\000"
 2716      7572655F 
 2716      6576656E 
 2716      74732E68 
 2716      00
 2717 03bc 0B       		.uleb128 0xb
 2718 03bd 00       		.uleb128 0
 2719 03be 00       		.uleb128 0
 2720 03bf 00       		.byte	0
 2721              	.LELTP0:
 2722              	.LELT0:
 2723              		.section	.gnu.debuglto_.debug_str,"eMS",%progbits,1
 2724              	.LASF72:
 2725 0000 70726576 		.ascii	"prev\000"
 2725      00
 2726              	.LASF116:
 2727 0005 72656164 		.ascii	"ready_list_t\000"
 2727      795F6C69 
 2727      73745F74 
 2727      00
 2728              	.LASF53:
 2729 0012 72666375 		.ascii	"rfcu\000"
 2729      00
 2730              	.LASF4:
 2731 0017 73697A65 		.ascii	"size_t\000"
 2731      5F7400
 2732              	.LASF78:
ARM GAS  C:\Users\nello\AppData\Local\Temp\ccQFdKYI.s 			page 51


 2733 001e 64656C74 		.ascii	"delta\000"
 2733      6100
 2734              	.LASF104:
 2735 0024 7264796D 		.ascii	"rdymsg\000"
 2735      736700
 2736              	.LASF20:
 2737 002b 75696E74 		.ascii	"uint64_t\000"
 2737      36345F74 
 2737      00
 2738              	.LASF5:
 2739 0034 5F5F7569 		.ascii	"__uint8_t\000"
 2739      6E74385F 
 2739      7400
 2740              	.LASF152:
 2741 003e 4F545950 		.ascii	"OTYPER\000"
 2741      455200
 2742              	.LASF86:
 2743 0045 706F7274 		.ascii	"port_intctx\000"
 2743      5F696E74 
 2743      63747800 
 2744              	.LASF63:
 2745 0051 73797374 		.ascii	"system_debug_t\000"
 2745      656D5F64 
 2745      65627567 
 2745      5F7400
 2746              	.LASF52:
 2747 0060 636F7265 		.ascii	"core_id\000"
 2747      5F696400 
 2748              	.LASF160:
 2749 0068 696F706F 		.ascii	"ioportmask_t\000"
 2749      72746D61 
 2749      736B5F74 
 2749      00
 2750              	.LASF73:
 2751 0075 63685F70 		.ascii	"ch_priority_queue_t\000"
 2751      72696F72 
 2751      6974795F 
 2751      71756575 
 2751      655F7400 
 2752              	.LASF151:
 2753 0089 4D4F4445 		.ascii	"MODER\000"
 2753      5200
 2754              	.LASF15:
 2755 008f 6C6F6E67 		.ascii	"long long unsigned int\000"
 2755      206C6F6E 
 2755      6720756E 
 2755      7369676E 
 2755      65642069 
 2756              	.LASF154:
 2757 00a6 50555044 		.ascii	"PUPDR\000"
 2757      5200
 2758              	.LASF105:
 2759 00ac 65786974 		.ascii	"exitcode\000"
 2759      636F6465 
 2759      00
 2760              	.LASF173:
 2761 00b5 72786D61 		.ascii	"rxmask\000"
ARM GAS  C:\Users\nello\AppData\Local\Temp\ccQFdKYI.s 			page 52


 2761      736B00
 2762              	.LASF95:
 2763 00bc 76697274 		.ascii	"virtual_timers_list_t\000"
 2763      75616C5F 
 2763      74696D65 
 2763      72735F6C 
 2763      6973745F 
 2764              	.LASF137:
 2765 00d2 696F5F71 		.ascii	"io_queue_t\000"
 2765      75657565 
 2765      5F7400
 2766              	.LASF69:
 2767 00dd 6E657874 		.ascii	"next\000"
 2767      00
 2768              	.LASF100:
 2769 00e2 63685F74 		.ascii	"ch_threads_queue\000"
 2769      68726561 
 2769      64735F71 
 2769      75657565 
 2769      00
 2770              	.LASF178:
 2771 00f3 72656164 		.ascii	"readt\000"
 2771      7400
 2772              	.LASF39:
 2773 00f9 72656673 		.ascii	"refs\000"
 2773      00
 2774              	.LASF139:
 2775 00fe 715F7761 		.ascii	"q_waiting\000"
 2775      6974696E 
 2775      6700
 2776              	.LASF1:
 2777 0108 6C6F6E67 		.ascii	"long long int\000"
 2777      206C6F6E 
 2777      6720696E 
 2777      7400
 2778              	.LASF3:
 2779 0116 7369676E 		.ascii	"signed char\000"
 2779      65642063 
 2779      68617200 
 2780              	.LASF155:
 2781 0122 42535252 		.ascii	"BSRR\000"
 2781      00
 2782              	.LASF79:
 2783 0127 47545052 		.ascii	"GTPR\000"
 2783      00
 2784              	.LASF77:
 2785 012c 63685F64 		.ascii	"ch_delta_list\000"
 2785      656C7461 
 2785      5F6C6973 
 2785      7400
 2786              	.LASF149:
 2787 013a 6F757470 		.ascii	"output_queue_t\000"
 2787      75745F71 
 2787      75657565 
 2787      5F7400
 2788              	.LASF50:
 2789 0149 76746C69 		.ascii	"vtlist\000"
ARM GAS  C:\Users\nello\AppData\Local\Temp\ccQFdKYI.s 			page 53


 2789      737400
 2790              	.LASF41:
 2791 0150 6D736771 		.ascii	"msgqueue\000"
 2791      75657565 
 2791      00
 2792              	.LASF103:
 2793 0159 70717565 		.ascii	"pqueue\000"
 2793      756500
 2794              	.LASF37:
 2795 0160 73746174 		.ascii	"state\000"
 2795      6500
 2796              	.LASF11:
 2797 0166 6C6F6E67 		.ascii	"long int\000"
 2797      20696E74 
 2797      00
 2798              	.LASF167:
 2799 016f 68616C5F 		.ascii	"hal_serial_driver\000"
 2799      73657269 
 2799      616C5F64 
 2799      72697665 
 2799      7200
 2800              	.LASF57:
 2801 0181 63685F72 		.ascii	"ch_rfcu\000"
 2801      66637500 
 2802              	.LASF188:
 2803 0189 433A5C43 		.ascii	"C:\\ChibiStudio\\workspace_user\\GestureLogicv3\000"
 2803      68696269 
 2803      53747564 
 2803      696F5C77 
 2803      6F726B73 
 2804              	.LASF71:
 2805 01b6 63685F71 		.ascii	"ch_queue\000"
 2805      75657565 
 2805      00
 2806              	.LASF141:
 2807 01bf 715F6275 		.ascii	"q_buffer\000"
 2807      66666572 
 2807      00
 2808              	.LASF143:
 2809 01c8 715F7772 		.ascii	"q_wrptr\000"
 2809      70747200 
 2810              	.LASF146:
 2811 01d0 715F6C69 		.ascii	"q_link\000"
 2811      6E6B00
 2812              	.LASF76:
 2813 01d7 63685F64 		.ascii	"ch_delta_list_t\000"
 2813      656C7461 
 2813      5F6C6973 
 2813      745F7400 
 2814              	.LASF96:
 2815 01e7 63685F72 		.ascii	"ch_registry\000"
 2815      65676973 
 2815      74727900 
 2816              	.LASF128:
 2817 01f3 77666C61 		.ascii	"wflags\000"
 2817      677300
 2818              	.LASF81:
ARM GAS  C:\Users\nello\AppData\Local\Temp\ccQFdKYI.s 			page 54


 2819 01fa 50524553 		.ascii	"PRESC\000"
 2819      4300
 2820              	.LASF153:
 2821 0200 4F535045 		.ascii	"OSPEEDR\000"
 2821      45445200 
 2822              	.LASF12:
 2823 0208 5F5F7569 		.ascii	"__uint32_t\000"
 2823      6E743332 
 2823      5F7400
 2824              	.LASF24:
 2825 0213 74737461 		.ascii	"tstate_t\000"
 2825      74655F74 
 2825      00
 2826              	.LASF40:
 2827 021c 77616974 		.ascii	"waiting\000"
 2827      696E6700 
 2828              	.LASF159:
 2829 0224 73746D33 		.ascii	"stm32_gpio_t\000"
 2829      325F6770 
 2829      696F5F74 
 2829      00
 2830              	.LASF118:
 2831 0231 6D61696E 		.ascii	"mainthread_base\000"
 2831      74687265 
 2831      61645F62 
 2831      61736500 
 2832              	.LASF123:
 2833 0241 6D757465 		.ascii	"mutex_t\000"
 2833      785F7400 
 2834              	.LASF136:
 2835 0249 42617365 		.ascii	"BaseSequentialStream\000"
 2835      53657175 
 2835      656E7469 
 2835      616C5374 
 2835      7265616D 
 2836              	.LASF130:
 2837 025e 6576656E 		.ascii	"event_source_t\000"
 2837      745F736F 
 2837      75726365 
 2837      5F7400
 2838              	.LASF65:
 2839 026d 73797369 		.ascii	"sysinterval_t\000"
 2839      6E746572 
 2839      76616C5F 
 2839      7400
 2840              	.LASF30:
 2841 027b 636E745F 		.ascii	"cnt_t\000"
 2841      7400
 2842              	.LASF171:
 2843 0281 75736172 		.ascii	"usart\000"
 2843      7400
 2844              	.LASF0:
 2845 0287 756E7369 		.ascii	"unsigned int\000"
 2845      676E6564 
 2845      20696E74 
 2845      00
 2846              	.LASF84:
ARM GAS  C:\Users\nello\AppData\Local\Temp\ccQFdKYI.s 			page 55


 2847 0294 6C725F74 		.ascii	"lr_thd\000"
 2847      686400
 2848              	.LASF17:
 2849 029b 75696E74 		.ascii	"uint16_t\000"
 2849      31365F74 
 2849      00
 2850              	.LASF174:
 2851 02a4 53657269 		.ascii	"SerialDriverVMT\000"
 2851      616C4472 
 2851      69766572 
 2851      564D5400 
 2852              	.LASF109:
 2853 02b4 77747365 		.ascii	"wtsemp\000"
 2853      6D7000
 2854              	.LASF169:
 2855 02bb 69717565 		.ascii	"iqueue\000"
 2855      756500
 2856              	.LASF107:
 2857 02c2 77747472 		.ascii	"wttrp\000"
 2857      7000
 2858              	.LASF33:
 2859 02c8 72717565 		.ascii	"rqueue\000"
 2859      756500
 2860              	.LASF70:
 2861 02cf 63685F71 		.ascii	"ch_queue_t\000"
 2861      75657565 
 2861      5F7400
 2862              	.LASF66:
 2863 02da 74696D65 		.ascii	"time_conv_t\000"
 2863      5F636F6E 
 2863      765F7400 
 2864              	.LASF176:
 2865 02e6 67657474 		.ascii	"gett\000"
 2865      00
 2866              	.LASF35:
 2867 02eb 6E616D65 		.ascii	"name\000"
 2867      00
 2868              	.LASF186:
 2869 02f0 474E5520 		.ascii	"GNU C17 10.3.1 20210824 (release) -mcpu=cortex-m4 -"
 2869      43313720 
 2869      31302E33 
 2869      2E312032 
 2869      30323130 
 2870 0323 6D746875 		.ascii	"mthumb -mfloat-abi=soft -march=armv7e-m -ggdb -O2 -"
 2870      6D62202D 
 2870      6D666C6F 
 2870      61742D61 
 2870      62693D73 
 2871 0356 666F6D69 		.ascii	"fomit-frame-pointer -falign-functions=16 -ffunction"
 2871      742D6672 
 2871      616D652D 
 2871      706F696E 
 2871      74657220 
 2872 0389 2D736563 		.ascii	"-sections -fdata-sections -fno-common -flto\000"
 2872      74696F6E 
 2872      73202D66 
 2872      64617461 
ARM GAS  C:\Users\nello\AppData\Local\Temp\ccQFdKYI.s 			page 56


 2872      2D736563 
 2873              	.LASF97:
 2874 03b5 71756575 		.ascii	"queue\000"
 2874      6500
 2875              	.LASF45:
 2876 03bb 6D706F6F 		.ascii	"mpool\000"
 2876      6C00
 2877              	.LASF168:
 2878 03c1 6576656E 		.ascii	"event\000"
 2878      7400
 2879              	.LASF179:
 2880 03c7 67657374 		.ascii	"gesture_events\000"
 2880      7572655F 
 2880      6576656E 
 2880      747300
 2881              	.LASF87:
 2882 03d6 62617365 		.ascii	"basepri\000"
 2882      70726900 
 2883              	.LASF67:
 2884 03de 63685F6C 		.ascii	"ch_list_t\000"
 2884      6973745F 
 2884      7400
 2885              	.LASF47:
 2886 03e8 63685F74 		.ascii	"ch_thread\000"
 2886      68726561 
 2886      6400
 2887              	.LASF55:
 2888 03f2 6D61696E 		.ascii	"mainthread\000"
 2888      74687265 
 2888      616400
 2889              	.LASF29:
 2890 03fd 6576656E 		.ascii	"eventflags_t\000"
 2890      74666C61 
 2890      67735F74 
 2890      00
 2891              	.LASF27:
 2892 040a 6D73675F 		.ascii	"msg_t\000"
 2892      7400
 2893              	.LASF42:
 2894 0410 6570656E 		.ascii	"epending\000"
 2894      64696E67 
 2894      00
 2895              	.LASF88:
 2896 0419 6C725F65 		.ascii	"lr_exc\000"
 2896      786300
 2897              	.LASF182:
 2898 0420 65767473 		.ascii	"evts\000"
 2898      00
 2899              	.LASF82:
 2900 0425 55534152 		.ascii	"USART_TypeDef\000"
 2900      545F5479 
 2900      70654465 
 2900      6600
 2901              	.LASF177:
 2902 0433 77726974 		.ascii	"writet\000"
 2902      657400
 2903              	.LASF156:
ARM GAS  C:\Users\nello\AppData\Local\Temp\ccQFdKYI.s 			page 57


 2904 043a 4C4F434B 		.ascii	"LOCKR\000"
 2904      5200
 2905              	.LASF162:
 2906 0440 53445F55 		.ascii	"SD_UNINIT\000"
 2906      4E494E49 
 2906      5400
 2907              	.LASF68:
 2908 044a 63685F6C 		.ascii	"ch_list\000"
 2908      69737400 
 2909              	.LASF114:
 2910 0452 63685F72 		.ascii	"ch_ready_list\000"
 2910      65616479 
 2910      5F6C6973 
 2910      7400
 2911              	.LASF28:
 2912 0460 6576656E 		.ascii	"eventmask_t\000"
 2912      746D6173 
 2912      6B5F7400 
 2913              	.LASF147:
 2914 046c 716E6F74 		.ascii	"qnotify_t\000"
 2914      6966795F 
 2914      7400
 2915              	.LASF22:
 2916 0476 73746B61 		.ascii	"stkalign_t\000"
 2916      6C69676E 
 2916      5F7400
 2917              	.LASF120:
 2918 0481 69646C65 		.ascii	"idlethread_base\000"
 2918      74687265 
 2918      61645F62 
 2918      61736500 
 2919              	.LASF94:
 2920 0491 6C617374 		.ascii	"laststamp\000"
 2920      7374616D 
 2920      7000
 2921              	.LASF134:
 2922 049b 77726974 		.ascii	"write\000"
 2922      6500
 2923              	.LASF148:
 2924 04a1 696E7075 		.ascii	"input_queue_t\000"
 2924      745F7175 
 2924      6575655F 
 2924      7400
 2925              	.LASF175:
 2926 04af 70757474 		.ascii	"putt\000"
 2926      00
 2927              	.LASF56:
 2928 04b4 72666375 		.ascii	"rfcu_mask_t\000"
 2928      5F6D6173 
 2928      6B5F7400 
 2929              	.LASF138:
 2930 04c0 696F5F71 		.ascii	"io_queue\000"
 2930      75657565 
 2930      00
 2931              	.LASF99:
 2932 04c9 74687265 		.ascii	"thread_reference_t\000"
 2932      61645F72 
ARM GAS  C:\Users\nello\AppData\Local\Temp\ccQFdKYI.s 			page 58


 2932      65666572 
 2932      656E6365 
 2932      5F7400
 2933              	.LASF126:
 2934 04dc 6C697374 		.ascii	"listener\000"
 2934      656E6572 
 2934      00
 2935              	.LASF91:
 2936 04e5 63685F76 		.ascii	"ch_virtual_timers_list\000"
 2936      69727475 
 2936      616C5F74 
 2936      696D6572 
 2936      735F6C69 
 2937              	.LASF150:
 2938 04fc 636C6561 		.ascii	"clear\000"
 2938      7200
 2939              	.LASF2:
 2940 0502 6C6F6E67 		.ascii	"long double\000"
 2940      20646F75 
 2940      626C6500 
 2941              	.LASF166:
 2942 050e 53657269 		.ascii	"SerialDriver\000"
 2942      616C4472 
 2942      69766572 
 2942      00
 2943              	.LASF117:
 2944 051b 63685F6F 		.ascii	"ch_os_instance_config\000"
 2944      735F696E 
 2944      7374616E 
 2944      63655F63 
 2944      6F6E6669 
 2945              	.LASF89:
 2946 0531 706F7274 		.ascii	"port_context\000"
 2946      5F636F6E 
 2946      74657874 
 2946      00
 2947              	.LASF83:
 2948 053e 706F7274 		.ascii	"port_extctx\000"
 2948      5F657874 
 2948      63747800 
 2949              	.LASF48:
 2950 054a 63685F6F 		.ascii	"ch_os_instance\000"
 2950      735F696E 
 2950      7374616E 
 2950      636500
 2951              	.LASF185:
 2952 0559 63684576 		.ascii	"chEvtRegisterMask\000"
 2952      74526567 
 2952      69737465 
 2952      724D6173 
 2952      6B00
 2953              	.LASF75:
 2954 056b 7072696F 		.ascii	"prio\000"
 2954      00
 2955              	.LASF183:
 2956 0570 636F6E73 		.ascii	"consumer_thread\000"
 2956      756D6572 
ARM GAS  C:\Users\nello\AppData\Local\Temp\ccQFdKYI.s 			page 59


 2956      5F746872 
 2956      65616400 
 2957              	.LASF115:
 2958 0580 63757272 		.ascii	"current\000"
 2958      656E7400 
 2959              	.LASF14:
 2960 0588 5F5F7569 		.ascii	"__uint64_t\000"
 2960      6E743634 
 2960      5F7400
 2961              	.LASF158:
 2962 0593 41465248 		.ascii	"AFRH\000"
 2962      00
 2963              	.LASF157:
 2964 0598 4146524C 		.ascii	"AFRL\000"
 2964      00
 2965              	.LASF31:
 2966 059d 636F7265 		.ascii	"core_id_t\000"
 2966      5F69645F 
 2966      7400
 2967              	.LASF25:
 2968 05a7 74726566 		.ascii	"trefs_t\000"
 2968      735F7400 
 2969              	.LASF163:
 2970 05af 53445F53 		.ascii	"SD_STOP\000"
 2970      544F5000 
 2971              	.LASF180:
 2972 05b7 7761426C 		.ascii	"waBlinker\000"
 2972      696E6B65 
 2972      7200
 2973              	.LASF26:
 2974 05c1 74707269 		.ascii	"tprio_t\000"
 2974      6F5F7400 
 2975              	.LASF144:
 2976 05c9 715F7264 		.ascii	"q_rdptr\000"
 2976      70747200 
 2977              	.LASF60:
 2978 05d1 63685F73 		.ascii	"ch_system_debug\000"
 2978      79737465 
 2978      6D5F6465 
 2978      62756700 
 2979              	.LASF131:
 2980 05e1 5F426F6F 		.ascii	"_Bool\000"
 2980      6C00
 2981              	.LASF18:
 2982 05e7 696E7433 		.ascii	"int32_t\000"
 2982      325F7400 
 2983              	.LASF6:
 2984 05ef 756E7369 		.ascii	"unsigned char\000"
 2984      676E6564 
 2984      20636861 
 2984      7200
 2985              	.LASF184:
 2986 05fd 626C696E 		.ascii	"blinker_thread\000"
 2986      6B65725F 
 2986      74687265 
 2986      616400
 2987              	.LASF59:
ARM GAS  C:\Users\nello\AppData\Local\Temp\ccQFdKYI.s 			page 60


 2988 060c 72666375 		.ascii	"rfcu_t\000"
 2988      5F7400
 2989              	.LASF121:
 2990 0613 69646C65 		.ascii	"idlethread_end\000"
 2990      74687265 
 2990      61645F65 
 2990      6E6400
 2991              	.LASF7:
 2992 0622 73686F72 		.ascii	"short int\000"
 2992      7420696E 
 2992      7400
 2993              	.LASF93:
 2994 062c 6C617374 		.ascii	"lasttime\000"
 2994      74696D65 
 2994      00
 2995              	.LASF85:
 2996 0635 78707372 		.ascii	"xpsr\000"
 2996      00
 2997              	.LASF111:
 2998 063a 65776D61 		.ascii	"ewmask\000"
 2998      736B00
 2999              	.LASF170:
 3000 0641 6F717565 		.ascii	"oqueue\000"
 3000      756500
 3001              	.LASF23:
 3002 0648 746D6F64 		.ascii	"tmode_t\000"
 3002      655F7400 
 3003              	.LASF132:
 3004 0650 42617365 		.ascii	"BaseSequentialStreamVMT\000"
 3004      53657175 
 3004      656E7469 
 3004      616C5374 
 3004      7265616D 
 3005              	.LASF181:
 3006 0668 7761436F 		.ascii	"waConsumer\000"
 3006      6E73756D 
 3006      657200
 3007              	.LASF101:
 3008 0673 74687265 		.ascii	"threads_queue_t\000"
 3008      6164735F 
 3008      71756575 
 3008      655F7400 
 3009              	.LASF187:
 3010 0683 6D61696E 		.ascii	"main.c\000"
 3010      2E6300
 3011              	.LASF112:
 3012 068a 63685F73 		.ascii	"ch_semaphore\000"
 3012      656D6170 
 3012      686F7265 
 3012      00
 3013              	.LASF98:
 3014 0697 72656769 		.ascii	"registry_t\000"
 3014      73747279 
 3014      5F7400
 3015              	.LASF127:
 3016 06a2 6576656E 		.ascii	"events\000"
 3016      747300
ARM GAS  C:\Users\nello\AppData\Local\Temp\ccQFdKYI.s 			page 61


 3017              	.LASF140:
 3018 06a9 715F636F 		.ascii	"q_counter\000"
 3018      756E7465 
 3018      7200
 3019              	.LASF110:
 3020 06b3 77746D74 		.ascii	"wtmtxp\000"
 3020      787000
 3021              	.LASF21:
 3022 06ba 706F7274 		.ascii	"port_stkalign_t\000"
 3022      5F73746B 
 3022      616C6967 
 3022      6E5F7400 
 3023              	.LASF34:
 3024 06ca 6F776E65 		.ascii	"owner\000"
 3024      7200
 3025              	.LASF90:
 3026 06d0 72656773 		.ascii	"regs\000"
 3026      00
 3027              	.LASF44:
 3028 06d5 7265616C 		.ascii	"realprio\000"
 3028      7072696F 
 3028      00
 3029              	.LASF13:
 3030 06de 6C6F6E67 		.ascii	"long unsigned int\000"
 3030      20756E73 
 3030      69676E65 
 3030      6420696E 
 3030      7400
 3031              	.LASF36:
 3032 06f0 77616261 		.ascii	"wabase\000"
 3032      736500
 3033              	.LASF135:
 3034 06f7 72656164 		.ascii	"read\000"
 3034      00
 3035              	.LASF62:
 3036 06fc 63686172 		.ascii	"char\000"
 3036      00
 3037              	.LASF54:
 3038 0701 636F6E66 		.ascii	"config\000"
 3038      696700
 3039              	.LASF8:
 3040 0708 5F5F7569 		.ascii	"__uint16_t\000"
 3040      6E743136 
 3040      5F7400
 3041              	.LASF32:
 3042 0713 74687265 		.ascii	"thread_t\000"
 3042      61645F74 
 3042      00
 3043              	.LASF92:
 3044 071c 646C6973 		.ascii	"dlist\000"
 3044      7400
 3045              	.LASF64:
 3046 0722 73797374 		.ascii	"systime_t\000"
 3046      696D655F 
 3046      7400
 3047              	.LASF10:
 3048 072c 5F5F696E 		.ascii	"__int32_t\000"
ARM GAS  C:\Users\nello\AppData\Local\Temp\ccQFdKYI.s 			page 62


 3048      7433325F 
 3048      7400
 3049              	.LASF61:
 3050 0736 70616E69 		.ascii	"panic_msg\000"
 3050      635F6D73 
 3050      6700
 3051              	.LASF80:
 3052 0740 52544F52 		.ascii	"RTOR\000"
 3052      00
 3053              	.LASF46:
 3054 0745 6F735F69 		.ascii	"os_instance_t\000"
 3054      6E737461 
 3054      6E63655F 
 3054      7400
 3055              	.LASF124:
 3056 0753 6576656E 		.ascii	"event_listener_t\000"
 3056      745F6C69 
 3056      7374656E 
 3056      65725F74 
 3056      00
 3057              	.LASF51:
 3058 0764 7265676C 		.ascii	"reglist\000"
 3058      69737400 
 3059              	.LASF9:
 3060 076c 73686F72 		.ascii	"short unsigned int\000"
 3060      7420756E 
 3060      7369676E 
 3060      65642069 
 3060      6E7400
 3061              	.LASF74:
 3062 077f 63685F70 		.ascii	"ch_priority_queue\000"
 3062      72696F72 
 3062      6974795F 
 3062      71756575 
 3062      6500
 3063              	.LASF190:
 3064 0791 63685265 		.ascii	"chRegSetThreadName\000"
 3064      67536574 
 3064      54687265 
 3064      61644E61 
 3064      6D6500
 3065              	.LASF164:
 3066 07a4 53445F52 		.ascii	"SD_READY\000"
 3066      45414459 
 3066      00
 3067              	.LASF119:
 3068 07ad 6D61696E 		.ascii	"mainthread_end\000"
 3068      74687265 
 3068      61645F65 
 3068      6E6400
 3069              	.LASF19:
 3070 07bc 75696E74 		.ascii	"uint32_t\000"
 3070      33325F74 
 3070      00
 3071              	.LASF165:
 3072 07c5 73647374 		.ascii	"sdstate_t\000"
 3072      6174655F 
ARM GAS  C:\Users\nello\AppData\Local\Temp\ccQFdKYI.s 			page 63


 3072      7400
 3073              	.LASF122:
 3074 07cf 6F735F69 		.ascii	"os_instance_config_t\000"
 3074      6E737461 
 3074      6E63655F 
 3074      636F6E66 
 3074      69675F74 
 3075              	.LASF142:
 3076 07e4 715F746F 		.ascii	"q_top\000"
 3076      7000
 3077              	.LASF113:
 3078 07ea 63685F6D 		.ascii	"ch_mutex\000"
 3078      75746578 
 3078      00
 3079              	.LASF58:
 3080 07f3 6D61736B 		.ascii	"mask\000"
 3080      00
 3081              	.LASF145:
 3082 07f8 715F6E6F 		.ascii	"q_notify\000"
 3082      74696679 
 3082      00
 3083              	.LASF49:
 3084 0801 726C6973 		.ascii	"rlist\000"
 3084      7400
 3085              	.LASF129:
 3086 0807 6576656E 		.ascii	"event_source\000"
 3086      745F736F 
 3086      75726365 
 3086      00
 3087              	.LASF16:
 3088 0814 75696E74 		.ascii	"uint8_t\000"
 3088      385F7400 
 3089              	.LASF38:
 3090 081c 666C6167 		.ascii	"flags\000"
 3090      7300
 3091              	.LASF106:
 3092 0822 77746F62 		.ascii	"wtobjp\000"
 3092      6A7000
 3093              	.LASF172:
 3094 0829 636C6F63 		.ascii	"clock\000"
 3094      6B00
 3095              	.LASF133:
 3096 082f 696E7374 		.ascii	"instance_offset\000"
 3096      616E6365 
 3096      5F6F6666 
 3096      73657400 
 3097              	.LASF102:
 3098 083f 6C697374 		.ascii	"list\000"
 3098      00
 3099              	.LASF189:
 3100 0844 6D61696E 		.ascii	"main\000"
 3100      00
 3101              	.LASF43:
 3102 0849 6D74786C 		.ascii	"mtxlist\000"
 3102      69737400 
 3103              	.LASF108:
 3104 0851 73656E74 		.ascii	"sentmsg\000"
ARM GAS  C:\Users\nello\AppData\Local\Temp\ccQFdKYI.s 			page 64


 3104      6D736700 
 3105              	.LASF161:
 3106 0859 696F6C69 		.ascii	"ioline_t\000"
 3106      6E655F74 
 3106      00
 3107              	.LASF125:
 3108 0862 6576656E 		.ascii	"event_listener\000"
 3108      745F6C69 
 3108      7374656E 
 3108      657200
 3109              		.text
 3110              		.section	.gnu.lto_.profile.6c44194f,"e",%progbits
 3111 0000 789C6362 		.ascii	"x\234cb\000\001\000\000\022\000\003"
 3111      00010000 
 3111      120003
 3112              		.text
 3113              		.section	.gnu.lto_.icf.6c44194f,"e",%progbits
 3114 0000 789C5363 		.ascii	"x\234Sc@\0006\206\235\207\037\354bf\372\265n_7\037\313"
 3114      40003686 
 3114      9D871FEC 
 3114      6266FAB5 
 3114      6E5F371F 
 3115 0015 C2ED9F6E 		.ascii	"\302\355\237n\363\261^X\360\177\0373\373\202Gs\272\270"
 3115      F3B15E58 
 3115      F07F1F33 
 3115      FB824773 
 3115      BAB8
 3116 0027 38C02403 		.ascii	"8\300$\003\000oo\022&"
 3116      006F6F12 
 3116      26
 3117              		.text
 3118              		.section	.gnu.lto_.ipa_sra.6c44194f,"e",%progbits
 3119 0000 789CF364 		.ascii	"x\234\363d@\000f\006F \311\312\010\244\030\231\020L"
 3119      40006606 
 3119      4620C9CA 
 3119      08A41899 
 3119      104C
 3120 0012 B0289064 		.ascii	"\260(\220d\005+ \006\002\000!\177\000\177"
 3120      052B2006 
 3120      0200217F 
 3120      007F
 3121              		.text
 3122              		.section	.gnu.lto_.inline.6c44194f,"e",%progbits
 3123 0000 789CF367 		.ascii	"x\234\363gd\200\003f\006\006\256\363\377\347\257g\312"
 3123      64800366 
 3123      0606AEF3 
 3123      FFE7AF67 
 3123      CA
 3124 0011 636460E2 		.ascii	"cd`\342\330\367\377\377t\346,\006\006\026\206\306\206"
 3124      D8F7FFFF 
 3124      74E62C06 
 3124      061686C6 
 3124      86
 3125 0022 86863A26 		.ascii	"\206\206:&\006&\240\022&n\240zF8%\242|\363\376\345\265"
 3125      0626A012 
 3125      266EA07A 
 3125      463825A2 
ARM GAS  C:\Users\nello\AppData\Local\Temp\ccQFdKYI.s 			page 65


 3125      7CF3FEE5 
 3126 0037 CC0540A6 		.ascii	"\314\005@\246\314\257\333;\3761\345\241\251g\346\001"
 3126      CCAFDB3B 
 3126      FE31E5A1 
 3126      A967E601 
 3127 0047 2A649AE0 		.ascii	"*d\232\340\007d0ac\200\214\002S\254|\014 \255@\300\312"
 3127      07643061 
 3127      63808C02 
 3127      53AC7C0C 
 3127      20AD40C0 
 3128 005c 7099E1F2 		.ascii	"p\231\341\362\377\377\027\231r\201\222\022@\243\032"
 3128      FFFF1799 
 3128      72819212 
 3128      40A31A
 3129 006b 98D3B0BB 		.ascii	"\230\323\260\273\202\215\037\254\034\004\220\230,\274"
 3129      828D1FAC 
 3129      1C049098 
 3129      2CBC
 3130 0079 10AF509F 		.ascii	"\020\257P\237\301\304\015$\030'\3701\363\2008\330T0"
 3130      C1C40D24 
 3130      1827F831 
 3130      F38038D8 
 3130      5430
 3131 008b 7231C049 		.ascii	"r1\300I\006\000\346\320$$"
 3131      0600E6D0 
 3131      2424
 3132              		.text
 3133              		.section	.gnu.lto_.jmpfuncs.6c44194f,"e",%progbits
 3134 0000 789C9D54 		.ascii	"x\234\235T=K\303P\024}\347\275\264\211\201`\177\302"
 3134      3D4BC350 
 3134      147DE7BD 
 3134      B4898160 
 3134      7FC2
 3135 0012 0B0EEA50 		.ascii	"\013\016\352P\335\304A\204\240\035\002~\200\015\016"
 3135      DDC44184 
 3135      A01D027E 
 3135      800D0E
 3136 0021 8A430741 		.ascii	"\212C\007A\027\277\335\237\016\322E(\342\354\324\301"
 3136      17BFDD9F 
 3136      0ED24528 
 3136      E2ECD4C1 
 3137 0031 1F200A22 		.ascii	"\037 \012\"Z?\300\305\037\344 \350\313{im\322$\266>"
 3137      5A3FC0C5 
 3137      1FE420E8 
 3137      CB7B696D 
 3137      D224B63E 
 3138 0045 6803E7DE 		.ascii	"h\003\347\336s\316\275\367\335\344\274@\310%\321\207"
 3138      73CEBDF7 
 3138      DDE4BC40 
 3138      C825D187 
 3139 0055 11809026 		.ascii	"\021\200\220&#\224^\260&\003\352\243\004-C>\344\037"
 3139      23945EB0 
 3139      2603EAA3 
 3139      042D433E 
 3139      E41F
 3140 0067 91286E10 		.ascii	"\221(n\020\003\242t\203(\224\310\337\267<\303\204\271"
 3140      03A27483 
ARM GAS  C:\Users\nello\AppData\Local\Temp\ccQFdKYI.s 			page 66


 3140      2894C8DF 
 3140      B73CC384 
 3140      B9
 3141 0078 38B39A8C 		.ascii	"8\263\232\214v\340\257\020\206R\225\262\372\241RS\250"
 3141      76E0AF10 
 3141      865295B2 
 3141      FAA15253 
 3141      A8
 3142 0089 D321D548 		.ascii	"\323!\325HRq\013\334!%}?L/\244\247S\222\201G\375\351"
 3142      52710BDC 
 3142      21257D3F 
 3142      4C2FA4A7 
 3142      53928147 
 3143 009f 6E540AB1 		.ascii	"nT\012\261\3305\313H\317R\301}\267@\244\251\353B\273"
 3143      D835CB48 
 3143      CF52C17D 
 3143      B740A4A9 
 3143      EB42BB
 3144 00b2 42152AA4 		.ascii	"B\025*\244\014\317\226~\350\010\177\306\204C\245\"\032"
 3144      0CCF967E 
 3144      E8087FC6 
 3144      8443A522 
 3144      1A
 3145 00c3 4C851BAC 		.ascii	"L\205\033\254[^h\216\320\236\354\212%&\242\311\246\036"
 3145      5B5E688E 
 3145      D09EEC8A 
 3145      2526A2C9 
 3145      A61E
 3146 00d5 B2A9318A 		.ascii	"\262\2511\212\211\270\2212\247\031\346x@\212\357\211"
 3146      89B89132 
 3146      A719E678 
 3146      408AEF89 
 3147 00e5 064F3ABE 		.ascii	"\006O:\276H\372\342\021xB\257W1\272vQ\027-#\247a\300"
 3147      48FAE211 
 3147      7842AF57 
 3147      31BA7651 
 3147      172D23A7 
 3148 00fb 5251EBD7 		.ascii	"RQ\353\327\326\212\335P\221\3429ob\000WQ\036-\347\353"
 3148      D68ADD50 
 3148      91E2396F 
 3148      62005751 
 3148      1E2DE7EB 
 3149 010f 60E4928A 		.ascii	"`\344\222\212\226\376G\026\272va\015JO\354P\222\030"
 3149      96FE4716 
 3149      BA76610D 
 3149      4A4FEC50 
 3149      9218
 3150 0121 8D4EFC35 		.ascii	"\215N\3745:\241\303\302\310\360\177\377\243|\275\014"
 3150      3AA1C3C2 
 3150      C8F07FFF 
 3150      A37CBD0C 
 3151 0131 820E4AC7 		.ascii	"\202\016J\307\033rg\236M\354\253\357Fv\337\271\0024"
 3151      1B72679E 
 3151      4DECABEF 
 3151      4676DFB9 
 3151      0234
 3152 0143 F99D30E4 		.ascii	"\371\2350\344\302\263\214\3278\364\032\352z\311\333"
ARM GAS  C:\Users\nello\AppData\Local\Temp\ccQFdKYI.s 			page 67


 3152      C2B38CD7 
 3152      38F41AEA 
 3152      7AC9DB
 3153 0152 6B9B53FC 		.ascii	"k\233S\374\013zW\365\324T\330\251\331\347\314uc\355"
 3153      0B7A57F5 
 3153      D454D8A9 
 3153      D9E7CC75 
 3153      63ED
 3154 0164 0BFB4037 		.ascii	"\013\373@7[\236)\307.\227\313\263\334[\363\227\227*"
 3154      5B9E29C7 
 3154      2E97CBB3 
 3154      DC5BF397 
 3154      972A
 3155 0176 7CBE520D 		.ascii	"|\276R\015V<\276\342/TV\275\300s\371\330bmg\227{{\233"
 3155      563CBEE2 
 3155      2F5456BD 
 3155      C073F9D8 
 3155      626D6797 
 3156 018d 0747B5C9 		.ascii	"\007G\265\311\271\255\355\343\303\332\270c\223i\307"
 3156      B9ADEDE3 
 3156      C3DAB863 
 3156      9369C7
 3157 019c 9E91BC36 		.ascii	"\236\221\2746\255\352/\371\375\021G\034{\335u\335\015"
 3157      ADEA2FF9 
 3157      FD11471C 
 3157      7BDD75DD 
 3157      0D
 3158 01ad 49A90695 		.ascii	"I\251\006\225E\217{A\340K\3062W\260c\313\234\037\322"
 3158      458F7B41 
 3158      E04BC632 
 3158      57B063CB 
 3158      9C1FD2
 3159 01c0 66810B   		.ascii	"f\201\013"
 3160              		.text
 3161              		.section	.gnu.lto_.pureconst.6c44194f,"e",%progbits
 3162 0000 789CE362 		.ascii	"x\234\343b```f\330\312\302\264\225\205u+\013\000\013"
 3162      60606066 
 3162      D8CAC2B4 
 3162      9585752B 
 3162      0B000B
 3163 0013 9E0240   		.ascii	"\236\002@"
 3164              		.text
 3165              		.section	.gnu.lto_.lto.6c44194f,"e",%progbits
 3166 0000 09000400 		.ascii	"\011\000\004\000\001\000\000\000"
 3166      01000000 
 3167              		.text
 3168              		.section	.gnu.lto_chp.402.6c44194f,"e",%progbits
 3169 0000 789C1364 		.ascii	"x\234\023d``0g\200\200\026\306\246\206\206?M\275kj\226"
 3169      60603067 
 3169      808016C6 
 3169      A686863F 
 3169      4DBD6B6A 
 3170 0015 3033AC60 		.ascii	"03\254`\006\212\350:[\3058gd&e\006\227\224\246d\346"
 3170      068AE83A 
 3170      5BC53867 
 3170      64266506 
 3170      9794A664 
ARM GAS  C:\Users\nello\AppData\Local\Temp\ccQFdKYI.s 			page 68


 3171 002a C794E717 		.ascii	"\307\224\347\027e\027\027$&\247\306\227\026\247\026"
 3171      65171724 
 3171      26A7C697 
 3171      16A716
 3172 0039 C5B8A716 		.ascii	"\305\270\247\026\227\224\026\245\372\344\247g&\227\031"
 3172      979416A5 
 3172      FAE4A767 
 3172      269719
 3173 0048 33B0E726 		.ascii	"3\260\347&f\346\351%3\000\000\364G\032\212"
 3173      66E6E925 
 3173      330000F4 
 3173      471A8A
 3174              		.text
 3175              		.section	.gnu.lto_blinker_thread.404.6c44194f,"e",%progbits
 3176 0000 789C7D53 		.ascii	"x\234}S[HTQ\024\335\353\236;\316LO{\021D\305\004\205"
 3176      5B485451 
 3176      14DDEB9E 
 3176      3BCE4C4F 
 3176      7B1144C5 
 3177 0016 F4E18CA3 		.ascii	"\364\341\214\243B\017\374\010\374\010\242\276\374\025"
 3177      420FFC08 
 3177      FC08A2BE 
 3177      FC15
 3178 0024 42C78B0E 		.ascii	"B\307\213\016\352L\314\243\350\253\203\332 E\370\212"
 3178      EA4CCCA3 
 3178      E8AB83DA 
 3178      2045F88A 
 3179 0034 3EC4246B 		.ascii	">\304$k0\375\210\212\320^V\203\025Yf\366\260\010*\212"
 3179      30FD888A 
 3179      D05E5683 
 3179      155966F6 
 3179      B0082A8A 
 3180 0048 40B0A012 		.ascii	"@\260\240\022\355\303 \250}\316\275\216\220\3200sg\235"
 3180      EDC320A8 
 3180      7DCEBD8E 
 3180      90D03073 
 3180      679D
 3181 005a FD586BAF 		.ascii	"\375Xk\257}\357-\023D\315D\264\217\177p\021\332\333"
 3181      7DEF2D13 
 3181      44CD44B4 
 3181      8F7F7011 
 3181      DADB
 3182 006c 4E1824A5 		.ascii	"N\030$\245\334\3436\320\321\366\344\302\300\247K\006"
 3182      DCE336D0 
 3182      D1F6E4C2 
 3182      C0A74B06 
 3183 007c EE414704 		.ascii	"\356AG\004Ng\263&:\202\032\200\216\031\302\004_h\341"
 3183      4E67B326 
 3183      3A821A80 
 3183      8E19C204 
 3183      5F68E1
 3184 008f D321B673 		.ascii	"\323!\266sr\356x\347\227\002\331\227A\232s\335\363\371"
 3184      72EE78E7 
 3184      9702D997 
 3184      419A73DD 
 3184      F3F9
 3185 00a1 2E817691 		.ascii	".\201v\221\026\200\351 \003>Fb'\345e\244l\355\222\031"
ARM GAS  C:\Users\nello\AppData\Local\Temp\ccQFdKYI.s 			page 69


 3185      1680E920 
 3185      033E4662 
 3185      27E565A4 
 3185      6CED9219 
 3186 00b5 332D04AE 		.ascii	"3-\004\256\203;0\010\014\200\210\003%\3576\021\3458"
 3186      833B3008 
 3186      0C808803 
 3186      25EF3611 
 3186      E538
 3187 00c7 3CE0068D 		.ascii	"<\340\006\215\201[P\214\342\200\272*\202\271\211\324"
 3187      815B508C 
 3187      E280BA2A 
 3187      82B989D4 
 3188 00d7 D8E4069B 		.ascii	"\330\344\006\233\305\304m\250\032\233\005C<\210Yrq3"
 3188      C5C46DA8 
 3188      1A9B0543 
 3188      3C885972 
 3188      7133
 3189 00e9 576E5395 		.ascii	"WnS\225\317\037\247\032\335rDf+i\241\322\0364\207]\334"
 3189      CF1FA71A 
 3189      DD724466 
 3189      2B69A1D2 
 3189      1E34875D 
 3190 00fe 1814B8C3 		.ascii	"\030\024\270\303\261\233\212JM\200\273ZU\225\\~\351"
 3190      B19B8A4A 
 3190      4D80BB5A 
 3190      55955C7E 
 3190      E9
 3191 010f CAC8DF7F 		.ascii	"\312\310\337\177Z\244\034\357\305\344/\227\327\315\243"
 3191      5AA41CEF 
 3191      C5E42F97 
 3191      D7CDA3
 3192 011e BA885A04 		.ascii	"\272\210Z\004=\370\321\354\202\314\020\265\012C\343"
 3192      3DF8D1EC 
 3192      82CC10B5 
 3192      0A43E3
 3193 012d 46C65F21 		.ascii	"F\306_!gz\256}3\231L\341\317o\325_\203\217\371Yl\213"
 3193      677AAE7D 
 3193      33994CE1 
 3193      CF6FD55F 
 3193      838FF959 
 3194 0143 44CA9316 		.ascii	"D\312\223\0269MHI\331\267>-\334\310\300\251\234\355"
 3194      394D4849 
 3194      D9B73E2D 
 3194      DCC8C0A9 
 3194      9CED
 3195 0155 3FD579F2 		.ascii	"?\325y\362\014XZ\367]\035\365\362M\241\357h\030\362"
 3195      0C585AF7 
 3195      5D1DF5F2 
 3195      4DA1EF68 
 3195      18F2
 3196 0167 9E176E67 		.ascii	"\236\027ng\221\036\275\212&\030\014\373\2046\320\013"
 3196      911EBD8A 
 3196      26180CFB 
 3196      8436D00B 
 3197 0177 1EC88BFB 		.ascii	"\036\310\213\373\300\260N\026\260!\326X\202\0078+\264"
 3197      C0B04E16 
ARM GAS  C:\Users\nello\AppData\Local\Temp\ccQFdKYI.s 			page 70


 3197      B021D658 
 3197      8207382B 
 3197      B4
 3198 0188 1527E2C2 		.ascii	"\025'\342\302C\216@E\024mg\377V\207\324\205,\317R\226"
 3198      438E4045 
 3198      146D67FF 
 3198      5687D485 
 3198      2CCF5296 
 3199 019c C223906A 		.ascii	"\302#\220j\231\332\250\2266\302=\206\352\3213\017M]"
 3199      99DAA896 
 3199      36C23D86 
 3199      EAD1330F 
 3199      4D5D
 3200 01ae 993516C6 		.ascii	"\2315\026\306V\326\005\227JSy\007\033=\227\307q\265"
 3200      56D60597 
 3200      4A537907 
 3200      1B3D97C7 
 3200      71B5
 3201 01c0 4C6DE2BD 		.ascii	"Lm\342\275\355\345\343:\026\034\236\3618z\313@Y\304"
 3201      EDE5E33A 
 3201      161C9EF1 
 3201      387ACB40 
 3201      59C4
 3202 01d2 BD1953AB 		.ascii	"\275\031S\253\333C.\307S`\3246\322\243#+0\306#\330^"
 3202      DB432EC7 
 3202      5360D436 
 3202      D2A3232B 
 3202      30C623D8 
 3203 01e7 9DD04A3C 		.ascii	"\235\320J<\343\220I\344\234s1\316g\276)\212s\025|Zt"
 3203      E39049E4 
 3203      9C7331CE 
 3203      67BE298A 
 3203      73157C5A 
 3204 01fc 1A348D26 		.ascii	"\0324\215&\037\351e\255\356f\023:\275\006\315yi\261"
 3204      1FE965AD 
 3204      EE66133A 
 3204      BD06CD79 
 3204      69B1
 3205 020e 5697CC20 		.ascii	"V\227\314 ;\327\377\364'\026\353\277\376G\377\015\237"
 3205      3BD7FFF4 
 3205      2716EBBF 
 3205      FE47FF0D 
 3205      9F
 3206 021f D573F3C2 		.ascii	"\325s\363\3026\374s\2616^a^\366\203E\352\3711\355\305"
 3206      36FC73B1 
 3206      365E615E 
 3206      F68345EA 
 3206      F931EDC5 
 3207 0233 8121C8AD 		.ascii	"\201!\310\255\336\233\374\322\335\345\2455\341\312p"
 3207      DE9BFCD2 
 3207      DDE5A535 
 3207      E1CA70
 3208 0242 59225915 		.ascii	"Y\"Y\025\216\226\037\211\306j\343\207*B\326\301d\334"
 3208      8E961F89 
 3208      C66AE387 
 3208      2A42D6C1 
 3208      64DC
ARM GAS  C:\Users\nello\AppData\Local\Temp\ccQFdKYI.s 			page 71


 3209 0254 8A95EFB5 		.ascii	"\212\225\357\265\342\211d\314\332\037\255\016\207\016"
 3209      E28964CC 
 3209      DA1FAD0E 
 3209      870E
 3210 0262 1791BBBE 		.ascii	"\027\221\273\276\"\034\361\207HT\304\252sm\354/.,.,"
 3210      221CF187 
 3210      4854C4AA 
 3210      736DEC2F 
 3210      2E2C2E2C 
 3211 0276 0AEDD845 		.ascii	"\012\355\330Ef\244\242\336\312\367\373\003\374\015)"
 3211      66A4A2DE 
 3211      CAF7FB03 
 3211      FC0D29
 3212 0285 CA68BC30 		.ascii	"\312h\2740\030\014\006\242\361@,\021\010GBu\311*\213"
 3212      180C06A2 
 3212      F1402C11 
 3212      08474275 
 3212      C92A8B
 3213 0298 3331AB3A 		.ascii	"31\253:\034O\304\216\372k\310SY\027\216\324Z1\372\013"
 3213      1C4FC48E 
 3213      FA6BC853 
 3213      59178ED4 
 3213      5A31FA0B 
 3214 02ac DFFB31FE 		.ascii	"\337\3731\376"
 3215              		.text
 3216              		.section	.gnu.lto_consumer_thread.406.6c44194f,"e",%progbits
 3217 0000 789C8D94 		.ascii	"x\234\215\224kl\024U\024\307\357\231;;\373\240[*\362"
 3217      6B6C1455 
 3217      14C7EF99 
 3217      3B3BFBA0 
 3217      5B2AF2
 3218 0013 904271D6 		.ascii	"\220Bq\326G\020M[Z\210\242\331\0307\330\230\306\026"
 3218      47104D5B 
 3218      5A88A2D9 
 3218      1837D898 
 3218      C616
 3219 0025 0C347E50 		.ascii	"\0144~P\214Y\226\241ll\273\315>j\374\304\320n\333\244"
 3219      8C5996A1 
 3219      6C6CBBCD 
 3219      3E6AFCC4 
 3219      D06EDBA4 
 3220 0039 45BB85A6 		.ascii	"E\273\205\246B\323\326\332l\264\250Q*\"\250\200\345"
 3220      42D3D6DA 
 3220      6CB4A851 
 3220      2A22A880 
 3220      E5
 3221 004a 6157404A 		.ascii	"aW@J\013U\004%\321&\304\342\007]\205\010\022\011\236"
 3221      0B550425 
 3221      D126C4E2 
 3221      075D8508 
 3221      12099E
 3222 005d 7BEFECEC 		.ascii	"{\357\354\354\226\224\350f\263s\366\316\377\177\316"
 3222      9694E866 
 3222      B373F6CE 
 3222      FF7FCE
 3223 006c EF9E7B66 		.ascii	"\357\236{f\216X\011\331\010\204\034#\204\300\014\002"
 3223      8E5809D9 
ARM GAS  C:\Users\nello\AppData\Local\Temp\ccQFdKYI.s 			page 72


 3223      08841C23 
 3223      84C00C02 
 3224 007c DBDA5B24 		.ascii	"\333\332[$\242\353\372SV\011\266\267\237\2702v}\277"
 3224      A2EBFA53 
 3224      5609B6B7 
 3224      9FB83276 
 3224      7DBF
 3225 008e 04A781AF 		.ascii	"\004\247\201\257P\3500\357\312Rc{\253\004\343\320\362"
 3225      50E830EF 
 3225      CA52637B 
 3225      AB04E3D0 
 3225      F2
 3226 009f 61DB1CB9 		.ascii	"a\333\034\271\251=\373\257\261\344\303\262\005:M\205"
 3226      A93DFBAF 
 3226      B1E4C3B2 
 3226      053A4D85 
 3227 00af 22356728 		.ascii	"\"5g(v\304&\200K\254\260c[\277KHl\322\316\330\307\256"
 3227      76C42680 
 3227      4BACB063 
 3227      5BBF4B48 
 3227      6CD2CED8 
 3228 00c5 94A42B25 		.ascii	"\224\244+%q@\307`\216P\330a\373\240\203G@6KT\266(V\233"
 3228      7140C760 
 3228      8E50D861 
 3228      FBA08347 
 3228      40364B54 
 3229 00dd C30E9B29 		.ascii	"\303\016\233)%\351\217\234\021o\247KP~\275\261kg\203"
 3229      25E98F9C 
 3229      116FA74B 
 3229      507EBDB1 
 3229      6B6783
 3230 00f0 A20F0C41 		.ascii	"\242\017\014A\034\205\275)q7\205m4N\001d#\222@\305\210"
 3230      1C85BD29 
 3230      7137856D 
 3230      344E0164 
 3230      239240C5 
 3231 0105 AE208B87 		.ascii	"\256 \213\207t=\326\255\017\311qJa\037\240\003>\005"
 3231      743DD6AD 
 3231      0FC9714A 
 3231      611FA003 
 3231      3E05
 3232 0117 D88B8DC1 		.ascii	"\330\213\215\301\005wO^\206w\266\351\355\003f.g\267"
 3232      05774F5E 
 3232      8677B6E9 
 3232      ED03662E 
 3232      67B7
 3233 0129 1E8CE97A 		.ascii	"\036\214\351z\362\255\206gc[lq*\303\027<\303\347\000"
 3233      F2AD8667 
 3233      635B6C71 
 3233      2AC3173C 
 3233      C3E700
 3234 013c 9F01ABEB 		.ascii	"\237\001\253\353\336\225\247\0208\000\202\204\242^a"
 3234      DE95A710 
 3234      38008284 
 3234      A25E61
 3235 014b 54008780 		.ascii	"T\000\207\200\231\351s\354\227!\\\277\320t\352R\256"
 3235      99E973EC 
ARM GAS  C:\Users\nello\AppData\Local\Temp\ccQFdKYI.s 			page 73


 3235      97215CBF 
 3235      D074EA52 
 3235      AE
 3236 015c E0B0C097 		.ascii	"\340\260\300\227\3004\202\003\330V,\356w\027\261bL9"
 3236      C0348203 
 3236      D8562CEE 
 3236      7717B162 
 3236      4C39
 3237 016e 7A7CE752 		.ascii	"z|\347R\024F\325\224\222\244\225b\253\0126b\377H\021"
 3237      1446D594 
 3237      92A49562 
 3237      AB0A3662 
 3237      FF4811
 3238 0181 1CC6B583 		.ascii	"\034\306\265\203,\025\301\252p$U\225#HpL 4\200\311\320"
 3238      2C15C1AA 
 3238      70245595 
 3238      2348704C 
 3238      203480C9 
 3239 0196 DBD29258 		.ascii	"\333\322\222X \030\024\370\012\230\310\310<\214\014"
 3239      201814F8 
 3239      0A98C8C8 
 3239      3C8C0C
 3240 01a5 8AFB6ADE 		.ascii	"\212\373j\3364\014BI\322J\301@\367d\346mm^$\362Z\341"
 3240      340C4249 
 3240      D24AC140 
 3240      F764E66D 
 3240      6D5E24F2 
 3241 01bb EBCCBCC7 		.ascii	"\353\314\274\3071\257\325\255O\2677\241$i\245\221w_"
 3241      31AFD5AD 
 3241      4FB737A1 
 3241      2469A591 
 3241      775F
 3242 01cd 66DEAD09 		.ascii	"f\336\255\011\243g68\231\231\367\033\314kso\235.\257"
 3242      A3673638 
 3242      9999F71B 
 3242      CC6B736F 
 3242      9D2EAF
 3243 01e0 5092B432 		.ascii	"P\222\2642\243g\343Ep\012\340\004@\302\350\234\304;"
 3243      A367E345 
 3243      700AE004 
 3243      40C2E89C 
 3243      C43B
 3244 01f2 3702A966 		.ascii	"7\002\251f\211\006\262\224\311\017\216\266d\363C\267"
 3244      8906B294 
 3244      C90F8EB6 
 3244      64F343B7 
 3245 0202 C368E6D8 		.ascii	"\303h\346\330\340\241\037f}\242\307L\355\356\367\033"
 3245      E0A11F66 
 3245      7DA2C74C 
 3245      EDEEF71B 
 3246 0212 9AF51C51 		.ascii	"\232\365\034Q\374\314m\332\275l@\316\002\214\361\212"
 3246      FCCC6DDA 
 3246      BD6C40CE 
 3246      028CF18A 
 3247 0222 C4FD491E 		.ascii	"\304\375I\036\256K82\270\362\321\031\313\220\376\317"
 3247      AE4B3832 
 3247      B8F2D119 
ARM GAS  C:\Users\nello\AppData\Local\Temp\ccQFdKYI.s 			page 74


 3247      CB90FECF 
 3248 0232 AD365D3F 		.ascii	"\2556]?=\377\207\356k\2669\200C\351\220\360g\006e\221"
 3248      3DFF87EE 
 3248      6BB63980 
 3248      43E990F0 
 3248      67066591 
 3249 0246 CC220B8B 		.ascii	"\314\"\013\213\024\026e\023\364\314\302(\213\2206J\336"
 3249      14166513 
 3249      F4CCC228 
 3249      8B90364A 
 3249      DE
 3250 0257 8B7D07A0 		.ascii	"\213}\007\240\017\021\022\243\022\217\0330\376\025\364"
 3250      0F1112A3 
 3250      128F1B30 
 3250      FE15F4
 3251 0266 3FDFDEB3 		.ascii	"?\337\336\263\247\214\325\302xb\277\202\227z\025G\005"
 3251      A78CD5C2 
 3251      7862BF82 
 3251      977A1547 
 3251      05
 3252 0277 595DC7A1 		.ascii	"Y]\307\241\0117\344\214B\223\256\017\314\213\323l\370"
 3252      0937E48C 
 3252      4293AE0F 
 3252      CC8BD36C 
 3252      F8
 3253 0288 160CE595 		.ascii	"\026\014\345\225\275\257w\265v\002N\021\367\015\236"
 3253      BDAF77B5 
 3253      76024E11 
 3253      F70D9E
 3254 0297 B4C35120 		.ascii	"\264\303Q \277A\375\001{?\235e<\0313\371\226\243 a8"
 3254      BF41FD01 
 3254      7B3F9D65 
 3254      3C1933F9 
 3254      96A32061 
 3255 02ac 40795FDF 		.ascii	"@y_\337a\3149\360=\3009~s)\366\031k\334\005\347\241"
 3255      61CC39F0 
 3255      3DC0397E 
 3255      7329F619 
 3255      6BDC05E7 
 3256 02c1 87F2A934 		.ascii	"\207\362\2514V\262\340\002\256\000[ai\273v=`$\315\002"
 3256      56B2E002 
 3256      AE005B61 
 3256      69BB763D 
 3256      6024CD02 
 3257 02d5 33CF2C2C 		.ascii	"3\317,,\005?\002a\226\311\205l\376/\242Gb\036\316|`"
 3257      053F0261 
 3257      96C9856C 
 3257      FE2FA247 
 3257      621ECE7C 
 3258 02ea 32B9B520 		.ascii	"2\271\265 \023\273\276o1\006\354A\340\324\207\024~\031"
 3258      13BBBE6F 
 3258      3106EC41 
 3258      E0D48714 
 3258      7E19
 3259 02fc 35369D00 		.ascii	"56\235\000\243\204\222\346V\006h\272\336\335\3603\300"
 3259      A38492E6 
 3259      560668BA 
ARM GAS  C:\Users\nello\AppData\Local\Temp\ccQFdKYI.s 			page 75


 3259      DEDDF033 
 3259      C0
 3260 030d 4F40A250 		.ascii	"O@\242P\317\031\025\230H%VqL\242 \320\255\354\270R\313"
 3260      CF191598 
 3260      48255671 
 3260      4CA220D0 
 3260      ADECB852 
 3261 0322 A7784607 		.ascii	"\247xF\007\210\256\035\354\350x\003\2736\"\272\3263"
 3261      88AE1DEC 
 3261      E87803BB 
 3261      3622BAD6 
 3261      33
 3262 0333 62C7572A 		.ascii	"b\307W*IB\263Jx\265\331\275\370\326\031\271c\365_\322"
 3262      4942B34A 
 3262      78B5D9BD 
 3262      F8D619B9 
 3262      63F55FD2 
 3263 0347 D5BB27FB 		.ascii	"\325\273'\373\234\014`\222U\272\2550\\2j\336\302\317"
 3263      9C0C6092 
 3263      55BAAD30 
 3263      5C326ADE 
 3263      C2CF
 3264 0359 CC389D43 		.ascii	"\3148\235C\330\241\323\321\344\215\001q\352\354\257"
 3264      D8A1D3D1 
 3264      E48D0171 
 3264      EAECAF
 3265 0368 8C165D86 		.ascii	"\214\026]\206-|\010\352\373$\346K\360\276\360\275\220"
 3265      2D7C08EA 
 3265      FB24E64B 
 3265      F0BEF0BD 
 3265      90
 3266 0379 14BDE8D4 		.ascii	"\024\275\350\324\270\350\324\271a\007\276\244\0218\332"
 3266      B8E8D4B9 
 3266      6107BEA4 
 3266      1138DA
 3267 0388 1711C473 		.ascii	"\027\021\304s{)\276u\261b\234\316\023\226\263\206\345"
 3267      7B29BE75 
 3267      B1629CCE 
 3267      1396B386 
 3267      E5
 3268 0399 FCB02484 		.ascii	"\374\260$\204\3754\233K\357\351\245\026B\246\260\216"
 3268      FD349B4B 
 3268      EFE9A516 
 3268      42A6B08E 
 3269 03a9 A36DBEB0 		.ascii	"\243m\276\260\215\001\352\270\361\"\032\3315\251\340"
 3269      8D01EAB8 
 3269      F1221AD9 
 3269      35A9E0
 3270 03b8 C1377436 		.ascii	"\3017t6\337\304;\354&\026!\227!z\371\350\372~jlP\274"
 3270      DFC43BEC 
 3270      26162197 
 3270      217AF9E8 
 3270      FA7E6A6C 
 3271 03ce CD63D492 		.ascii	"\315c\324\222\336\033s\376=L\331\314t\342(J\306\221"
 3271      DE1B73FE 
 3271      3D4CD9CC 
 3271      74E2284A 
ARM GAS  C:\Users\nello\AppData\Local\Temp\ccQFdKYI.s 			page 76


 3271      C691
 3272 03e0 E6A69B9A 		.ascii	"\346\246\233\232;\200#\302;:\003\376\000Hb\226$4\032"
 3272      3B8023C2 
 3272      3B3A03FE 
 3272      00486296 
 3272      24341A
 3273 03f3 27B0A097 		.ascii	"'\260\240\227\342#.|\256\263|\376\027\362Y\232\234\033"
 3273      E2232E7C 
 3273      AEB37CFE 
 3273      17F2599A 
 3273      9C1B
 3274 0405 A7797055 		.ascii	"\247ypU0/\342U\025\321\302T\325[\310m\002S\004\026\214"
 3274      302FE255 
 3274      15D1C254 
 3274      D55BC86D 
 3274      02530416 
 3275 041a 92094DE1 		.ascii	"\222\011M\341w0\200\255S\201\337L\230\300\362t\230\327"
 3275      773080AD 
 3275      5381DF4C 
 3275      98C0F274 
 3275      98D7
 3276 042c EE84C9D4 		.ascii	"\356\204\311\324\256k\034\363^\023S\205\033\231\230"
 3276      AE6B1CF3 
 3276      5E135385 
 3276      1B9998
 3277 043b B6A9983D 		.ascii	"\266\251\230=\211\014L\213\211)\233\230\226\024f\033"
 3277      890C4C8B 
 3277      89299B98 
 3277      9614661B 
 3278 044b 750CB635 		.ascii	"u\014\2665\236\223pvc\324>\225x0M\254LG|\363N\304L\355"
 3278      9E937076 
 3278      63D43E95 
 3278      78304DAC 
 3278      4C477CF3 
 3279 0463 DA2D3162 		.ascii	"\332-1b\227I|\037\350\222I\334\2063oe\365\363W>\261"
 3279      97497C1F 
 3279      E89249DC 
 3279      86336F65 
 3279      F5F3573E 
 3280 0478 6EE526FF 		.ascii	"n\345&\377z\377\332pd\203?\260\356\325@\360\225P\255"
 3280      7AFFDA70 
 3280      64833FB0 
 3280      EED540F0 
 3280      9550AD
 3281 048b D7A7BD1C 		.ascii	"\327\247\275\034\011i\301u\317h\241p$\250\225\005*\375"
 3281      0969C175 
 3281      CF68A170 
 3281      24A89505 
 3281      2AFD
 3282 049d BEBA65C4 		.ascii	"\276\272e\304Z\355\365\327\024\370\010\365\006+sD\\"
 3282      5AEDF5D7 
 3282      14F808F5 
 3282      062B7344 
 3282      5C
 3283 04ae B0BC7879 		.ascii	"\260\274xy\3612\337c\217\023I\253\222k\274\325Z~AA!"
 3283      F132DF63 
 3283      8F1349AB 
ARM GAS  C:\Users\nello\AppData\Local\Temp\ccQFdKYI.s 			page 77


 3283      926BBCD5 
 3283      5A7E4141 
 3284 04c3 7E7D2C6B 		.ascii	"~},k T\\TTT\030\010\025\006\303\205\376\032_Ud\203\206"
 3284      20545C54 
 3284      54541808 
 3284      1506C385 
 3284      FE1A5F55 
 3285 04da 77825AA5 		.ascii	"w\202Z\245?\024\016\276V\260\211P-T\373\310\177;\264"
 3285      3F140EBE 
 3285      56B08950 
 3285      2D54FBC8 
 3285      7F3BB4
 3286 04ed 3AAD261C 		.ascii	":\255&\034\342\372\252ZE\374\263l\254\362V\206d\255"
 3286      E2FAAA5A 
 3286      45FCB36C 
 3286      ACF25686 
 3286      64AD
 3287 04ff 2E1CB2FB 		.ascii	".\034\262\373\0025\241H\265\026$\367;\035/\272\\\256"
 3287      0235A148 
 3287      B51624F7 
 3287      3B1D2FBA 
 3287      5CAE
 3288 0511 97D4B5A5 		.ascii	"\227\324\265\245k+J\312=\252\247\242\242\364yO\305j"
 3288      6B2B4ACA 
 3288      3DAAA7A2 
 3288      A2F4794F 
 3288      C56A
 3289 0523 952F3B1D 		.ascii	"\225/;\035N\007Y\341t\270\363\363\363U\317\013\245\253"
 3289      4E0759E1 
 3289      74B8F3F3 
 3289      F355CF0B 
 3289      A5AB
 3290 0535 5795A072 		.ascii	"W\225\240r\025j\327x\3245\245e%(\365\270\324\207\312"
 3290      156AD778 
 3290      D435A565 
 3290      2528F5B8 
 3290      D487CA
 3291 0548 BD3501D5 		.ascii	"\2755\001\325S\253\005\303\336B\354O$\344]\202\306G"
 3291      53AB05C3 
 3291      DE42EC4F 
 3291      24E45D82 
 3291      C647
 3292 055a 9D0EF43D 		.ascii	"\235\016\364=\2312>]\362\377l\377\002\354\013\350j"
 3292      99323E5D 
 3292      F2FF6CFF 
 3292      02EC0BE8 
 3292      6A
 3293              		.text
 3294              		.section	.gnu.lto_main.407.6c44194f,"e",%progbits
 3295 0000 789C8D96 		.ascii	"x\234\215\226KL\023Q\024\206\357\177\357@\247\005\265"
 3295      4B4C1351 
 3295      1486EF7F 
 3295      EF40A705 
 3295      B5
 3296 0011 BE507C36 		.ascii	"\276P|6&\306\270\220h\\\230\270\"a\341\306\235[\022"
 3296      26C6B890 
 3296      685C98B8 
ARM GAS  C:\Users\nello\AppData\Local\Temp\ccQFdKYI.s 			page 78


 3296      2261E1C6 
 3296      9D5B12
 3297 0024 83D86863 		.ascii	"\203\330hc\024S@\227\016\010\004\211J\241\204\030\304"
 3297      14534097 
 3297      0E080489 
 3297      4AA18418 
 3297      C4
 3298 0035 26EAC4B0 		.ascii	"&\352\304\260s\243\242\342\243\342\203\005\232\020b"
 3298      73A3A2E2 
 3298      A3E28305 
 3298      9A1062
 3299 0044 880B4583 		.ascii	"\210\013E\203\032\361\205\210\212\004\011x\037\323v"
 3299      1AF18588 
 3299      8A040978 
 3299      1FD376
 3300 0053 3A53489B 		.ascii	":SH\233L{\346\336\377~\347\2363\267\347LX'd\027!\244"
 3300      4C7BE6DE 
 3300      FF7EE79E 
 3300      33B7E74C 
 3300      58276417 
 3301 0069 985FC821 		.ascii	"\230_\310!hmi\242\3040\214b\017E\264\305'-\2066\313"
 3301      686D69A2 
 3301      C4308C62 
 3301      0F45B4C5 
 3301      272D8636 
 3302 007e D210DD21 		.ascii	"\322\020\335!\015\220S\224i\340_$\365\211\262N\206V"
 3302      0D905394 
 3302      69E05F24 
 3302      F589B24E 
 3302      8656
 3303 0090 663202CD 		.ascii	"f2\002\315\262\200\300V\276`\252\276c\352*:\273\342"
 3303      B280C056 
 3303      BE60AABE 
 3303      63EA2A3A 
 3303      BBE2
 3304 00a2 9AC92889 		.ascii	"\232\311(\211q\301M\340\006\324\262\\\"F\204\177~]\037"
 3304      71C14DE0 
 3304      06D4B25C 
 3304      2246847F 
 3304      7E5D1F
 3305 00b5 CC891B33 		.ascii	"\314\211\0333s\315\206\361t\004\303\2337\201\230\214"
 3305      73CD86F1 
 3305      7404C39B 
 3305      3781988C 
 3306 00c5 4F3633F2 		.ascii	"O63\362\344Gc\016\2148!\021F\245]\303\355/0F\376\364"
 3306      E447630E 
 3306      8C382111 
 3306      46A55DC3 
 3306      ED2F3046 
 3307 00db 79D10D32 		.ascii	"y\321\0152\216\323\001R\007j2-\3068\312d9rz\322\223"
 3307      8ED30152 
 3307      076A322D 
 3307      C638CA64 
 3307      39727AD2 
 3308 00f0 3E455353 		.ascii	">ESS3b\252\301\232\312\215\011Gb\323\036\360-\3075a"
 3308      3362AAC1 
 3308      9ACA8D09 
ARM GAS  C:\Users\nello\AppData\Local\Temp\ccQFdKYI.s 			page 79


 3308      4762D31E 
 3308      F02DC735 
 3309 0105 EA903F5E 		.ascii	"\352\220?^\324zL\346\223\213f\335\213\320\003%\326q"
 3309      D47A4CE6 
 3309      938B66DD 
 3309      8BD00325 
 3309      D671
 3310 0117 1F095DC4 		.ascii	"\037\011]\304\307u\365\226./\3064B\254\244\344CXr<\277"
 3310      C775F596 
 3310      2E2FC634 
 3310      42ACA4E4 
 3310      4358723C 
 3311 012c 8BC9E16B 		.ascii	"\213\311\341k\"\316E\350\005\036\201\257\2505\014]\350"
 3311      22CE45E8 
 3311      051E81AF 
 3311      A8350C5D 
 3311      E8
 3312 013d 1E834726 		.ascii	"\036\203G&\226,\026\363K$\267\335G\306P\333\356\275"
 3312      962C16F3 
 3312      4B24B7DD 
 3312      47C650DB 
 3312      EEBD
 3313 014f C260F1FC 		.ascii	"\302`\361\374)\236\277\213\207.a\014}\3003\236\207q"
 3313      299EBF8B 
 3313      872E610C 
 3313      7DC0339E 
 3313      8771
 3314 0161 D4599B58 		.ascii	"\324Y\233X\032\343q\023\276\316d\313$\352\226o\276\370"
 3314      1AE37113 
 3314      BECE64CB 
 3314      24EA966F 
 3314      BEF8
 3315 0173 23C9F8A1 		.ascii	"#\311\370\241\342O\206u\333\275\206\207\217\347\300"
 3315      E24F8675 
 3315      DBBD8687 
 3315      8FE7C0
 3316 0182 8BA4E66E 		.ascii	"\213\244\346nF\215\342\005l\272{\013\350\014j\023>X"
 3316      468DE205 
 3316      6CBA7B0B 
 3316      E80C6A13 
 3316      3E58
 3317 0194 48A8D984 		.ascii	"H\250\331\204\003\363F\324\310#J\337\345`\006\350P\002"
 3317      03F346D4 
 3317      C8234ADF 
 3317      E56006E8 
 3317      5002
 3318 01a6 AADB842F 		.ascii	"\252\333\204/\027\020\372m\272\241\214:\014\330\235"
 3318      1710FA6D 
 3318      BAA18C3A 
 3318      0CD89D
 3319 01b5 BECAAC79 		.ascii	"\276\312\254yh\327\274\026O\270wB\267\036\257\007\352"
 3319      68D7BC16 
 3319      4FB87742 
 3319      B71EAF07 
 3319      EA
 3320 01c6 8418F250 		.ascii	"\204\030\362P,G?\360F\016m\277,GV`\030\227\304\037("
 3320      2C473FF0 
ARM GAS  C:\Users\nello\AppData\Local\Temp\ccQFdKYI.s 			page 80


 3320      460E6DBF 
 3320      2C475660 
 3320      1897C41F 
 3321 01db 35B4126F 		.ascii	"5\264\022o\371\020\177\370\326}\001\336\361{\252\222"
 3321      F9107FF8 
 3321      D67D01DE 
 3321      F17BAA92 
 3322 01eb B10A906E 		.ascii	"\261\012\220n\206SnR\360\036\027\374\275\033\376\301"
 3322      86536E52 
 3322      F01E17FC 
 3322      BD1BFEC1 
 3323 01fb 01FFA8E0 		.ascii	"\001\377\250\340\030Q\340\361\354\300\237\334\340Q\007"
 3323      1851E0F1 
 3323      ECC09FDC 
 3323      E05107
 3324 020a F833BF67 		.ascii	"\3703\277g\211]\007$|\";\37077\374\273\003>f\207\033"
 3324      895D0724 
 3324      7C223BF8 
 3324      3737FCBB 
 3324      033E6687 
 3325 021f 54D27F67 		.ascii	"T\322\177gG\377\351\246O8\350\277\322\350\232*E\231"
 3325      47FFE9A6 
 3325      4F38E8BF 
 3325      D2E89A2A 
 3325      4599
 3326 0231 E8432EFA 		.ascii	"\350C.\372\244\233\376\327A\237J\317\370Tv\340i7\370"
 3326      A49BFED7 
 3326      419F4ACF 
 3326      F85476E0 
 3326      6937F8
 3327 0244 9F033C63 		.ascii	"\237\003<c?'\206.\351\323\331\321\347\334t\203\246\323"
 3327      3F27862E 
 3327      E9D3D9D1 
 3327      E7DC7483 
 3327      A6D3
 3328 0256 6BA88DEE 		.ascii	"k\250\215\356W58;x\035u\301\353\035\360\006\005\307"
 3328      5735383B 
 3328      781D75C1 
 3328      EB1DF006 
 3328      05C7
 3329 0268 579593D9 		.ascii	"W\225\223\331\354\300\215n\360\031\007\270\311\276k"
 3329      ECC08D6E 
 3329      F01907B8 
 3329      C9BE6B
 3330 0277 9592485E 		.ascii	"\225\222H^V\360sn\370y\007\274\231\312s\202\263\352"
 3330      56F0736E 
 3330      F87907BC 
 3330      99CA7382 
 3330      B3EA
 3331 0289 00B6E7F1 		.ascii	"\000\266\347\361\372p\201\237\027Y V\307Xn\262m\024"
 3331      FA70819F 
 3331      17592056 
 3331      C7586EB2 
 3331      6D14
 3332 029b A6CA7C61 		.ascii	"\246\312|a\027\337P\242m\254A\224\242\225\252\2661Z"
 3332      17DF50A2 
 3332      6DAC4194 
ARM GAS  C:\Users\nello\AppData\Local\Temp\ccQFdKYI.s 			page 81


 3332      A295AAB6 
 3332      315A
 3333 02ad 20846DD4 		.ascii	" \204m\324\352\033k\021a\252P\325@\315\363*\263.\306"
 3333      EA1B6B11 
 3333      61AA50D5 
 3333      40CDF32A 
 3333      B32EC6
 3334 02c0 6B4A3750 		.ascii	"kJ7Pd\262\365\322iGf\247\011W\314\346\252\303\351\352"
 3334      64B2F5D2 
 3334      694766A7 
 3334      0957CCE6 
 3334      AAC3E9EA 
 3335 02d4 A2708576 		.ascii	"\242p\205vj\325\3154/z\322\213\350\332\214\347\211\027"
 3335      6AD5CD34 
 3335      2F7AD28B 
 3335      E8DA8CE7 
 3335      8917
 3336 02e6 6BDEB621 		.ascii	"k\336\266!\233O\236\364}\247\237\332Z\324\206\030\363"
 3336      9B4F9EF4 
 3336      7DA79FDA 
 3336      5AD48618 
 3336      F3
 3337 02f7 AA4CEB68 		.ascii	"\252L\353h\334b\262\215R\323\335\237O\304;\200\246\010"
 3337      DC62B28D 
 3337      52D3DD9F 
 3337      4FC43B80 
 3337      A608
 3338 0309 E0268847 		.ascii	"\340&\210G\2742l+\331]Zr8t \264\257\252\372`\250\242"
 3338      BC326C2B 
 3338      D95D5A72 
 3338      387420B4 
 3338      AFAAFA60 
 3339 031f F46445F8 		.ascii	"\364dE\370H\345\361\262\362\340\376\352\312`\270tO\260"
 3339      48E5F1B2 
 3339      F2E0FEEA 
 3339      CA60B874 
 3339      4FB0
 3340 0331 B2AA3A1C 		.ascii	"\262\252:\034\334[q(T~b'\361\034-\013\035+*'\377\001"
 3340      DC5B7128 
 3340      547E6227 
 3340      F11C2D0B 
 3340      1D2B2A27 
 3341 0347 75126999 		.ascii	"u\022i\231"
 3342              		.text
 3343              		.section	.gnu.lto_.symbol_nodes.6c44194f,"e",%progbits
 3344 0000 789C7591 		.ascii	"x\234u\221\273N\0031\020Eg|\327\011\331\315\003\222"
 3344      BB4E0331 
 3344      1045677C 
 3344      D709D9CD 
 3344      0392
 3345 0012 828EF009 		.ascii	"\202\216\360\011|\003\342\277\306\305\026\224\021\357"
 3345      7C03E2BF 
 3345      C6C51694 
 3345      11EF
 3346 0020 37018C84 		.ascii	"7\001\214\204\370\002D\027ikD\201\370\202\355IM\003"
 3346      F8024417 
 3346      696B4481 
ARM GAS  C:\Users\nello\AppData\Local\Temp\ccQFdKYI.s 			page 82


 3346      F882ED49 
 3346      4D03
 3347 0032 5EEFAE43 		.ascii	"^\357\256C\201]\035\335sm\2155\037\212\210\324\021\204"
 3347      815D1DDD 
 3347      736D8D35 
 3347      1F8A88D4 
 3347      1184
 3348 0044 8BAF7DCD 		.ascii	"\213\257}\315\2637\"!z\231/\314\0161UG[$\333U\351\004"
 3348      B3372221 
 3348      7A992FCC 
 3348      0E315547 
 3348      5B24DB55 
 3349 005a 42CFB34F 		.ascii	"B\317\263O\376\2674\007U%}\000mv\211\240N!\352\357\223"
 3349      FEB73407 
 3349      55257D00 
 3349      6D7689A0 
 3349      4E21EAEF 
 3350 006f AF66A1DA 		.ascii	"\257f\241\332\362\025\340\313\207P\276\254\217\301\036"
 3350      F215E0CB 
 3350      8750BEAC 
 3350      8FC11E
 3351 007e F816829F 		.ascii	"\370\026\202\237\346L\375U\"cLu\217\037 I\314\335Ct"
 3351      E64CFD55 
 3351      22634C75 
 3351      8F1F2049 
 3351      CCDD4374 
 3352 0092 CCDD413A 		.ascii	"\314\335A:1\367\010\351\306\334\015d-\346. \275\230"
 3352      31F708E9 
 3352      C6DC0D64 
 3352      2DE62E20 
 3352      BD98
 3353 00a4 BB86A431 		.ascii	"\273\206\2441w\011\311b\356\034\322\217\2713\310 \342"
 3353      7709C962 
 3353      EE1CD28F 
 3353      B933C820 
 3353      E2
 3354 00b5 403D4726 		.ascii	"@=G&a\333]a\0125\360\273\312\035\365\353\260\310\240"
 3354      61DB5D61 
 3354      0A35F0BB 
 3354      CA1DF5EB 
 3354      B0C8A0
 3355 00c8 B2C60FA1 		.ascii	"\262\306\017\241\322\367\345\367\023\263\035\007,'\253"
 3355      D2F7E5F7 
 3355      13B31D07 
 3355      2C27AB
 3356 00d7 74137AE2 		.ascii	"t\023z\342\327\267\007=\366\2203\364\310S\021(\357@"
 3356      D7B7073D 
 3356      F69033F4 
 3356      C8531128 
 3356      EF40
 3357 00e9 6FD499A3 		.ascii	"o\324\231\243uOn\214\306\226\201\334<m\026\310f!\013"
 3357      754F6E8C 
 3357      C69681DC 
 3357      3C6D16C8 
 3357      66210B
 3358 00fc E4E66AB3 		.ascii	"\344\346j\263@v\024\262@nh=\254i\253\245\322Q\363\375"
 3358      407614B2 
ARM GAS  C:\Users\nello\AppData\Local\Temp\ccQFdKYI.s 			page 83


 3358      406E683D 
 3358      AC69ABA5 
 3358      D251F3FD 
 3359 0110 624ABFE6 		.ascii	"bJ\277\346f\371\016"
 3359      66F90E
 3360              		.text
 3361              		.section	.gnu.lto_.refs.6c44194f,"e",%progbits
 3362 0000 789C15C7 		.ascii	"x\234\025\307\301\015\300 \020\003\301\305\201K\204"
 3362      C10DC020 
 3362      1003C1C5 
 3362      814B84
 3363 000f 78A484BC 		.ascii	"x\244\204\274x\321@t\375\367\205\221<\2266\201\342\005"
 3363      78D14074 
 3363      FDF78591 
 3363      3C963681 
 3363      E205
 3364 0021 4DE775BD 		.ascii	"M\347u\275P?\233\266(U\021M\321]\003\335?\302\236DJ"
 3364      503F9BB6 
 3364      2855114D 
 3364      D15D03DD 
 3364      3FC29E44 
 3365 0036 D837B502 		.ascii	"\3307\265\002 "
 3365      20
 3366              		.text
 3367              		.section	.gnu.lto_.decls.6c44194f,"e",%progbits
 3368 0000 789C9D7B 		.ascii	"x\234\235{\011T\024Y\232n\374q#2\223d\263D\333\236\356"
 3368      09541459 
 3368      9A6EFC71 
 3368      23329364 
 3368      B344DB9E 
 3369 0015 EA1AA7DA 		.ascii	"\352\032\247\332\232v\246\273\212R\253\253\272\347\365"
 3369      9A76A6BB 
 3369      8A52ABAB 
 3369      BAE7F5
 3370 0024 7BA7AAB5 		.ascii	"{\247\252\265\226>]\325\345S\373\365\351>=\207GA\012"
 3370      963E5DD5 
 3370      E553FBF5 
 3370      E93E3D87 
 3370      47410A
 3371 0037 4CC96266 		.ascii	"L\311bf\242\345;\363^'\240,\212\012\256 \210\010.\270"
 3371      A2E53BF3 
 3371      5E27A02C 
 3371      8A0AAE20 
 3371      88082EB8 
 3372 004b 80288228 		.ascii	"\200(\202(\262\010\202\270\240\270\243\242\200+\213"
 3372      B20882B8 
 3372      A0B8A3A2 
 3372      802B8B
 3373 005a 0A082AB8 		.ascii	"\012\010*\270\300\373\357\275\221\031\221\213c\315P"
 3373      C0FBEFBD 
 3373      9119918B 
 3373      63CD50
 3374 0069 F5676444 		.ascii	"\365gdD|\367\337\357\177\377\270\221.\375\225 \\7\012"
 3374      7CF7DFEF 
 3374      7FFFB891 
 3374      2EFD9520 
 3374      5C370A
ARM GAS  C:\Users\nello\AppData\Local\Temp\ccQFdKYI.s 			page 84


 3375 007c C22F8820 		.ascii	"\302/\210 \214\342\237,\010\302Y$\274$\204!\375\014"
 3375      8CE29F2C 
 3375      08C25924 
 3375      BC248421 
 3375      FD0C
 3376 008e A90A6910 		.ascii	"\251\012i\020i\030i\004\351\317H\000\202@\220\336@\242"
 3376      69186904 
 3376      E9CF4800 
 3376      824090DE 
 3376      40A2
 3377 00a0 7F7E48E3 		.ascii	"\177~H\343\361\373\004\244\037!MD\3729\322\207H\277"
 3377      F1FB04A4 
 3377      1F214D44 
 3377      FA39D287 
 3377      48BF
 3378 00b2 41FA02E9 		.ascii	"A\372\002\351_\221\376\015)\012\351oH\361H\213\221t"
 3378      5F91FE0D 
 3378      290AE96F 
 3378      48F1488B 
 3378      9174
 3379 00c4 3876291E 		.ascii	"8v)\036\327!e \015 5\213\202pU\024\234\376JQ9*\356\232"
 3379      D7216520 
 3379      0D20358B 
 3379      82705514 
 3379      9CFE4A51 
 3380 00dc E63A3D1F 		.ascii	"\346:=\037\000g\\ \336\037\217\307p\244\261H\343\024"
 3380      00675C20 
 3380      DE1F8FC7 
 3380      70A4B148 
 3380      E314
 3381 00ee 5B7E8AB8 		.ascii	"[~\212\270V\274\327\206\324\216\324\201t\006\251\022"
 3381      56BCD786 
 3381      D48ED481 
 3381      7406A912 
 3382 00fe 295EE436 		.ascii	")^\3446\016P\376H7\361\374\026\322?\342\367\333\"\367"
 3382      0E50FE48 
 3382      37F1FC16 
 3382      D23FE2F7 
 3382      DB22F7
 3383 0111 C3DFE378 		.ascii	"\303\337\343x=\036\217\343\371A$\013R\027\236\267 ]"
 3383      3D1E8FE3 
 3383      F941240B 
 3383      52179EB7 
 3383      205D
 3384 0123 46BA8484 		.ascii	"F\272\204\204nd>\350\024\271\017\250j\315.v\374\034"
 3384      6E643EE8 
 3384      14B90FA8 
 3384      6ACD2E76 
 3384      FC1C
 3385 0135 CF7FEA41 		.ascii	"\317\177\352A\277A\221\353\370\030\217O\220~\215\337"
 3385      BF4191EB 
 3385      F8188F4F 
 3385      907E8DDF 
 3386 0145 3F002EFB 		.ascii	"?\000.\373\212\310u\177\206\364\334\203\356)\210{\201"
 3386      8AC8757F 
 3386      86F4DC83 
 3386      EE29887B 
ARM GAS  C:\Users\nello\AppData\Local\Temp\ccQFdKYI.s 			page 85


 3386      81
 3387 0156 C7CFF1F8 		.ascii	"\307\317\361\370\022\217\377\015\217#x\374%\036GE\256"
 3387      128FFF0D 
 3387      8F2378FC 
 3387      251E4745 
 3387      AE
 3388 0167 188D1DE0 		.ascii	"\030\215\035\340\361\237\201\307R$<\266\204p\275\265"
 3388      F19F81C7 
 3388      52243CB6 
 3388      8470BDB5 
 3389 0177 76E99578 		.ascii	"v\351\225xR;\274\010\217\337o\224x\322\270\022\305."
 3389      523BBC08 
 3389      8FDF6F94 
 3389      78D2B812 
 3389      C52E
 3390 0189 1A37D738 		.ascii	"\0327\3278\375\222\332\256\261\355/\212\376F\034\024"
 3390      FD92DAAE 
 3390      B1ED2F8A 
 3390      FE461C14 
 3391 0199 87786FC2 		.ascii	"\207xo\302}M\355\2429\024\201\344Cx\\\037)9\365\377"
 3391      7D4DEDA2 
 3391      391481E4 
 3391      43785C1F 
 3391      2939F5FF 
 3392 01ad 14BD7DF1 		.ascii	"\024\275}\361z$x\216\213\037\336\363GZ\013jN\376\025"
 3392      7A24788E 
 3392      8B1FDEF3 
 3392      475A0B6A 
 3392      4EFE15
 3393 01c0 78BC68AC 		.ascii	"x\274h\254$A\215\317%%F4\257\177\244\344]\274\222\217"
 3393      24418DCF 
 3393      25254634 
 3393      AF7FA4E4 
 3393      5DBC928F 
 3394 01d4 7F5372F2 		.ascii	"\177Sr\362_\225\374\035\257\344\257\244\344\026\265"
 3394      5F95FC1D 
 3394      AFE4AFA4 
 3394      E416B5
 3395 01e3 2F43C94F 		.ascii	"/C\311O\355\337*\002c\341\227\354S\302\317q01\213\210"
 3395      EDDF2A02 
 3395      63E197EC 
 3395      53C2CF71 
 3395      30318B88 
 3396 01f7 A5A5035B 		.ascii	"\245\245\003[d\243\315f\353\263\325,\366\302[e\000\245"
 3396      64A3CD66 
 3396      EBB3D52C 
 3396      F6C25B65 
 3396      00A5
 3397 0209 34110E80 		.ascii	"4\021\016\200\000\201\260\037\030\376C\206/&D\024\262"
 3397      0081B01F 
 3397      18FE4386 
 3397      2F264414 
 3397      B2
 3398 021a 88EEE585 		.ascii	"\210\356\345\205\213\315z\343\217\001\360\377\032\233"
 3398      8BCD7AE3 
 3398      8F01F0FF 
 3398      1A9B
ARM GAS  C:\Users\nello\AppData\Local\Temp\ccQFdKYI.s 			page 86


 3399 0228 ADD3561B 		.ascii	"\255\323V\033G\004\230\006\357\013p\010\240\002\007"
 3399      47049806 
 3399      EF0B7008 
 3399      A00207
 3400 0237 1E06A804 		.ascii	"\036\006\250\004\021\277\306\333l/\376\036\217(\351"
 3400      11BFC6DB 
 3400      6C2FFE1E 
 3400      8F28E9
 3401 0246 467BD626 		.ascii	"F{\326&\375X\224\264\330f\373\337x\011\016\002\224S"
 3401      FD5894B4 
 3401      D866FBDF 
 3401      78090E02 
 3401      9453
 3402 0258 4955C0A4 		.ascii	"IU\300\244\011D/\004\332\330_\255^\200j\256\375\004"
 3402      09442F04 
 3402      DAD85FAD 
 3402      5E806AAE 
 3402      FD04
 3403 026a 6FA6C044 		.ascii	"o\246\300D2\231\352\3773\240\223\336\237}\023\310\273"
 3403      3299EAFF 
 3403      33A093DE 
 3403      9F7D13C8 
 3403      BB
 3404 027b A88C9858 		.ascii	"\250\214\230Xs\257\331`lW\014\020\024\375\241\036\020"
 3404      73AFD960 
 3404      6C570C10 
 3404      14FDA11E 
 3404      10
 3405 028c 52037014 		.ascii	"R\003p\024\240\216\333\360C\362\241@~#\220O\350\250"
 3405      A08EDBF0 
 3405      43F2A140 
 3405      7E23904F 
 3405      E8A8
 3406 029e FBF55DA7 		.ascii	"\373\365]\247|\2155\377\341(2]`f\217a\303E\362)=\375"
 3406      7C8D35FF 
 3406      E128325D 
 3406      60668F61 
 3406      C345F229 
 3407 02b4 47D480B0 		.ascii	"G\324\200\260\243@~O9=M,\310\361\246\234\356\333j\342"
 3407      A3407E4F 
 3407      393D4D2C 
 3407      C8F1A69C 
 3407      EEDB6AE2 
 3408 02c8 65019A00 		.ascii	"e\001\232\000N#\247s\200\020\344t\026\240\031\310\034"
 3408      4E23A773 
 3408      8010E474 
 3408      16A019C8 
 3408      1C
 3409 02d9 EAB60B67 		.ascii	"\352\266\013g7\\\025\003&M\342.\250\021\005\207\257"
 3409      375C1503 
 3409      264DE22E 
 3409      A8110587 
 3409      AF
 3410 02ea 2F02855E 		.ascii	"/\002\205^\002\270L\215F^C\375\211\307\342\003\323\357"
 3410      02B84C8D 
 3410      465E43FD 
 3410      89C7E203 
ARM GAS  C:\Users\nello\AppData\Local\Temp\ccQFdKYI.s 			page 87


 3410      D3EF
 3411 02fc 25DA9A6D 		.ascii	"%\332\232m\004\316\003\\\000\012\342\2741.HS(\256\270"
 3411      04CE035C 
 3411      000AE2BC 
 3411      312E4853 
 3411      28AEB8
 3412 030f F256A26D 		.ascii	"\362V\242mL\274\017\205\234q\2034\001\025[\237\333\034"
 3412      4CBC0F85 
 3412      9C718334 
 3412      01155B9F 
 3412      DB1C
 3413 0321 3D69D238 		.ascii	"=i\3228\032\342\252[rA\015\203\235\002\270\012\016\371"
 3413      1AE2AA5B 
 3413      72410D83 
 3413      9D02B80A 
 3413      0EF9
 3414 0333 0E7E7D87 		.ascii	"\016~}\207\362W\370\245\305\0218\011p\302\003\204\345"
 3414      F257F8A5 
 3414      C5113809 
 3414      70C20384 
 3414      E5
 3415 0344 89AD4652 		.ascii	"\211\255FRU\277\312T\277\002\320BUG\177<,\257[\3517"
 3415      55BFCA54 
 3415      BF02D042 
 3415      55477F3C 
 3415      2CAF5BE9 
 3416 0359 2EF73540 		.ascii	".\3675@\346\3221\344(z\261\021\370\231\201\234\302\263"
 3416      E6D231E4 
 3416      287AB111 
 3416      F899819C 
 3416      C2B3
 3417 036b 73485791 		.ascii	"sHW\221:\224\253\223Y\010jDr\217\032\363\203\336\266"
 3417      3A94AB93 
 3417      59086A44 
 3417      728F1AF3 
 3417      83DEB6
 3418 037e F4CBFE93 		.ascii	"\364\313\376\223\360/`\022\373\353@\037\034OH\262\215"
 3418      F02F6012 
 3418      FBEB401F 
 3418      1C4F48B2 
 3418      8D
 3419 038f 59EC030D 		.ascii	"Y\354\003\015\000\265\000=\252\316G\200)M1\345*\346"
 3419      00B5003D 
 3419      AACE4780 
 3419      294D31E5 
 3419      2AE6
 3420 03a1 BA13A695 		.ascii	"\272\023\246\225~\224\201\260\031\025\256\316\237\337"
 3420      7E9481B0 
 3420      1915AECE 
 3420      9FDF
 3421 03af 883A5E03 		.ascii	"\210:^\0038\356\2049\346\340\323\267[\361\017\362\271"
 3421      38EE8439 
 3421      E6E0D3B7 
 3421      5BF10FF2 
 3421      B9
 3422 03c0 E98409E4 		.ascii	"\351\204\011\344l\224\330\242\335w\000n\323\033=\314"
 3422      6C94D8A2 
ARM GAS  C:\Users\nello\AppData\Local\Temp\ccQFdKYI.s 			page 88


 3422      DD77006E 
 3422      D31B3DCC 
 3423 03d0 EE5E806E 		.ascii	"\356^\200n\200\007\000\367\001\372\001:\001\272\000"
 3423      800700F7 
 3423      01FA013A 
 3423      01BA00
 3424 03df 1E02DC03 		.ascii	"\036\002\334\003\350\243\376\240:\026\251:\266;\361"
 3424      E8A3FEA0 
 3424      3A16A93A 
 3424      B63BF1
 3425 03ee 6E5374A4 		.ascii	"nSt\244\240B\025\324\341\016\342\3066\252\230FwC\024"
 3425      A04215D4 
 3425      E10EE2C6 
 3425      36AA9846 
 3425      774314
 3426 0401 46BB54D0 		.ascii	"F\273T\320-7K8\237\023*\344\256\273c\025>{T\320\015"
 3426      2D374B38 
 3426      9F132AE4 
 3426      AEBB6315 
 3426      3E7B54D0 
 3427 0416 77CF4E11 		.ascii	"w\317N\021\310}\03281\365vQ\265>\300\325=\360\010\276"
 3427      C87D1A38 
 3427      31F57651 
 3427      B53EC0D5 
 3427      3DF008BE 
 3428 042a A78390C5 		.ascii	"\247\203\220\305@f\367f\311\207\315\331\334Z\011\006"
 3428      4066F766 
 3428      C987CDD9 
 3428      DC5A0906 
 3429 043a 54518394 		.ascii	"TQ\203\224\005\317\227\217\020\330\223]\276J\364T\323"
 3429      05CF978F 
 3429      10D8935D 
 3429      BE4AF454 
 3429      D3
 3430 044b 9EB09AF6 		.ascii	"\236\260\232\366\230\327\203_\361\314\"8`]\327\243\225"
 3430      98D7835F 
 3430      F1CC2238 
 3430      605DD7A3 
 3430      95
 3431 045c 466D691A 		.ascii	"Fmi\032\002xJ\007\014\003\033\304Y\277\215\310'/\017"
 3431      02784A07 
 3431      0C031BC4 
 3431      59BF8DC8 
 3431      272F0F
 3432 046f B7E83CB1 		.ascii	"\267\350<\261~\316X?\343\254\177\312Xg\2108`\367\303"
 3432      7ECE583F 
 3432      E3AC7FCA 
 3432      58678838 
 3432      60F7C3
 3433 0482 A233DE5A 		.ascii	"\2423\336Z\326/\001^\320\001#\300\006Q\303\272\206\026"
 3433      D62F015E 
 3433      D00123C0 
 3433      0651C3BA 
 3433      8616
 3434 0494 F7F8D3EA 		.ascii	"\367\370\323\352\015a\020\215\347\317o\357O\020'\330"
 3434      0D61108D 
 3434      E7CF6FEF 
ARM GAS  C:\Users\nello\AppData\Local\Temp\ccQFdKYI.s 			page 89


 3434      4F1027D8 
 3435 04a4 6849B18D 		.ascii	"hI\261\215\203p\307\234\266a\311\030\345C\026\257Xr"
 3435      8370C79C 
 3435      B661C918 
 3435      E54316AF 
 3435      5872
 3436 04b6 43A7FAC2 		.ascii	"C\247\372\302&:\024\211\023\251/\3100\363\372\263\325"
 3436      263A1489 
 3436      13A92FC8 
 3436      30F3FAB3 
 3436      D5
 3437 04c7 07DA7CDC 		.ascii	"\007\332|\334\313\\\274\250-s\270\036\223D\244\245H"
 3437      CB5CBCA8 
 3437      2D73B81E 
 3437      9344A4A5 
 3437      48
 3438 04d8 6922AF79 		.ascii	"i\"\257y6 y\264\326\033\223Z\036\236\327\261\371F\313"
 3438      362079B4 
 3438      D61B935A 
 3438      1E9ED7B1 
 3438      F946CB
 3439 04eb 52F6EAAE 		.ascii	"R\366\352\256\222\017\352\022lt\232`\211H\021a\271\350"
 3439      920FEA12 
 3439      6C749A60 
 3439      89481161 
 3439      B9E8
 3440 04fd 96A6B42E 		.ascii	"\226\246\264.])\211Q0K\2340\201*\344\224\003\222\350"
 3440      5D298951 
 3440      304B9C30 
 3440      812AE494 
 3440      0392E8
 3441 0510 0699A299 		.ascii	"\006\231\242\231H\311\"M%Hb \034\220*\3022\021V\210"
 3441      48C9224D 
 3441      25486220 
 3441      1C902AC2 
 3441      32115688 
 3442 0524 B054E4C5 		.ascii	"\260T\344\305\262\370\272\203\323bw\2050\003\273\250"
 3442      B2F8BA83 
 3442      D3627785 
 3442      3003BBA8 
 3443 0534 25627AE1 		.ascii	"%bz\341\226U\276,\003k\264|Wz\346\213\003\2322:\267"
 3443      9655BE2C 
 3443      036BB47C 
 3443      577AE68B 
 3443      039A323A 
 3444 0549 F9AA3E4E 		.ascii	"\371\252>NS\031\247\213\014\260\353V\305u\237; P\274"
 3444      5319A78B 
 3444      0CB0EB56 
 3444      C5759F3B 
 3444      2050BC
 3445 055c 140A58DA 		.ascii	"\024\012X\332>\304\017\243\360\027\"\214\263\2116Q\027"
 3445      3EC40FA3 
 3445      F017228C 
 3445      B3893651 
 3445      17
 3446 056d 4A442331 		.ascii	"JD#1\222Pc#\2745y\220|l\020'\373\033\015\005u0\306("
 3446      92506323 
ARM GAS  C:\Users\nello\AppData\Local\Temp\ccQFdKYI.s 			page 90


 3446      BC357990 
 3446      7C6C1027 
 3446      FB1B0D05 
 3447 0585 1B44B153 		.ascii	"\033D\261S\037j\234\374\014v\213\271\272\211\037\333"
 3447      1F6A9CFC 
 3447      0C768BB9 
 3447      BA891FDB 
 3448 0595 A4D0D4F1 		.ascii	"\244\320\324\361\235z\233\230\366\207q\323>\306\317"
 3448      9D7A9B98 
 3448      F68771D3 
 3448      3EC6CF
 3449 05a4 4E7D2384 		.ascii	"N}#\204\342\250\231\222a\014~\353\324\033\007I\356r"
 3449      E2A89992 
 3449      610C7EEB 
 3449      D41B0749 
 3449      EE72
 3450 05b6 5D689398 		.ascii	"]h\223\230\3743\234\327\306\320\251\264\246\177l0\274"
 3450      FC339CD7 
 3450      C6D0A9B4 
 3450      A67F6C30 
 3450      BC
 3451 05c7 E55F4B6A 		.ascii	"\345_Kj\311g\202`0\024\027\2157v\352\375\221\305\344"
 3451      C9678260 
 3451      3014178D 
 3451      3776EAFD 
 3451      91C5E4
 3452 05da D0896342 		.ascii	"\320\211cB'\3727\202\034\032j\0347Y@%B\247N\375X4\""
 3452      27FA3782 
 3452      1C1A6A1C 
 3452      37594025 
 3452      42A74EFD 
 3453 05f1 67C9D008 		.ascii	"g\311\320\010S\011\370L\265u\364L0\312F\257\267&N\026"
 3453      5309F84C 
 3453      B575F44C 
 3453      30CA46AF 
 3453      B7264E16 
 3454 0605 8450E133 		.ascii	"\204P\3413\021\371\222Q\373\037\350Qf\250z\0120\331"
 3454      11F99251 
 3454      FB1FE851 
 3454      66A87A0A 
 3454      30D9
 3455 0617 284E15C9 		.ascii	"(N\025\311\357;\261\333\022El\231l\222\301\307\007l"
 3455      EF3BB1DB 
 3455      12456C99 
 3455      6C92C1C7 
 3455      076C
 3456 0629 78F00AFA 		.ascii	"x\360\012\372}\350\314\251F\241S/\342\255q,#\325\221"
 3456      7DE8CCA9 
 3456      46A1532F 
 3456      E2AD712C 
 3456      23D591
 3457 063c 461D363B 		.ascii	"F\0356;\017\275\321\333\354?\372\001\312\007m\202(i"
 3457      0FBDD1DB 
 3457      EC3FFA01 
 3457      CA076D82 
 3457      2869
 3458 064e C5B0EB74 		.ascii	"\305\260\353t:\210\012\232B\370U\307A\371N\001\242\302"
ARM GAS  C:\Users\nello\AppData\Local\Temp\ccQFdKYI.s 			page 91


 3458      3A880A9A 
 3458      42F855C7 
 3458      41F94E01 
 3458      A2C2
 3459 0660 C7DED601 		.ascii	"\307\336\326\001\037\243\010\241\237\032\346\016\010"
 3459      1FA308A1 
 3459      9F1AE60E 
 3459      08
 3460 066d 28103B1F 		.ascii	"(\020;\037>F\0018\306*_\251\014\006\026\265c\3308'\305"
 3460      3E460138 
 3460      C62A5FA9 
 3460      0C0616B5 
 3460      63D83827 
 3461 0682 55968283 		.ascii	"U\226\202\203\255]%\201\237`\336\034Y}-I\276\213~\263"
 3461      AD5D2581 
 3461      9F60DE1C 
 3461      597D2D49 
 3461      BE8B7EB3 
 3462 0696 75EE49F5 		.ascii	"u\356I\365\205\361i\037c\237\273\222\010o\027g\330\206"
 3462      85F1691F 
 3462      639FBB92 
 3462      086F1767 
 3462      D886
 3463 06a8 46366426 		.ascii	"F6d&\350\262\261\227\300\333\314\215k\330\204\246\343"
 3463      E8B2B197 
 3463      C0DBCC8D 
 3463      6BD884A6 
 3463      E3
 3464 06b9 D7A0F4D5 		.ascii	"\327\240\364\325\"\254\022'\244\377\204l\347\370\342"
 3464      22AC1227 
 3464      A4FF846C 
 3464      E7F8E2
 3465 06c8 AE729B4D 		.ascii	"\256r\233M\266c\3279\260\353\034\3303?!e\204\365<\213"
 3465      B663D739 
 3465      B0EB1CD8 
 3465      333F2165 
 3465      84F53C8B 
 3466 06dc 57F5EA1C 		.ascii	"W\365\352\034e\345/\216\262\222\211\320h\246X\331@\343"
 3466      65E52F8E 
 3466      B29289D0 
 3466      68A658D9 
 3466      40E3
 3467 06ee 7AFDDBE5 		.ascii	"z\375\333\345\031\266\276\241\374\371\0054\273\360&"
 3467      19B6BEA1 
 3467      FCF90534 
 3467      BBF026
 3468 06fd D6313BD3 		.ascii	"\3261;\323\014\007\323%?!\025D \015\214\361\351\306"
 3468      0C07D325 
 3468      3F211544 
 3468      200D8CF1 
 3468      E9C6
 3469 070f 9A277EEE 		.ascii	"\232'~\356U&[[e\020v~\317\223+\006V\3466\212\254\316"
 3469      55265B5B 
 3469      6510767E 
 3469      CF932B06 
 3469      56E6368A 
 3470 0725 B55D1BCC 		.ascii	"\265]\033\314\364\366P\3476\241\230\034>\305\362/\254"
ARM GAS  C:\Users\nello\AppData\Local\Temp\ccQFdKYI.s 			page 92


 3470      F4F650E7 
 3470      36A1981C 
 3470      3EC5F22F 
 3470      AC
 3471 0736 BC20BD9D 		.ascii	"\274 \275\235\201\245\247%g\3512\364K\255\210\267!\313"
 3471      81A5A725 
 3471      67E932F4 
 3471      4BAD88B7 
 3471      21CB
 3472 0748 A152168B 		.ascii	"\241R\026\213:\211\223(:w\244y\007\353\305:k<\267\244"
 3472      3A899328 
 3472      3A77A479 
 3472      07EBC53A 
 3472      6B3CB7A4 
 3473 075c 54E8C64D 		.ascii	"T\350\306M\351>\352\254\316Sgu>\027\271ziG\267\027S"
 3473      E93EEAAC 
 3473      CE536775 
 3473      3E17B97A 
 3473      6947B717 
 3474 0771 339FD58D 		.ascii	"3\237\325\215kK\366\256\200\000\336\230\326(\351\261"
 3474      6B4BF6AE 
 3474      8000DE98 
 3474      D628E9B1 
 3475 0781 55914F96 		.ascii	"U\221O\2262\271]\227\012\257HN\020\330&:@\010H9s+YV"
 3475      32B95D97 
 3475      0AAF484E 
 3475      10D8263A 
 3475      40084839 
 3476 0799 856E5785 		.ascii	"\205nW\205\026p\2415U\011\245>Lh\201\010[\350\302\261"
 3476      1670A135 
 3476      5509A53E 
 3476      4C688108 
 3476      5BE8C2B1 
 3477 07ad FFEEB16A 		.ascii	"\377\356\261j\243\207h\355D\347\354\340\203*\006/<\225"
 3477      A38768ED 
 3477      44E7ECE0 
 3477      832A062F 
 3477      3C95
 3478 07bf 9973466E 		.ascii	"\231sFn\246\365\000s\316N\0216;\234\263\231;"
 3478      A6F50073 
 3478      CE4E1136 
 3478      3B9CB399 
 3478      3B
 3479 07d0 A75912C8 		.ascii	"\247Y\022\310]\246\350\320\365-M^\316\212\026\212Pd"
 3479      5DA6E8D0 
 3479      F52D4D5E 
 3479      CE8A168A 
 3479      5064
 3480 07e2 B7E63103 		.ascii	"\267\3461\003\025\036\277\330N\234A{T\020\002\036t\017"
 3480      151EBFD8 
 3480      4E9C417B 
 3480      5410021E 
 3480      740F
 3481 07f4 9ED414C6 		.ascii	"\236\324\024\306b\325\232\275\\\261U\331y\267\2715{"
 3481      62D59ABD 
 3481      5CB155D9 
 3481      79B7B935 
ARM GAS  C:\Users\nello\AppData\Local\Temp\ccQFdKYI.s 			page 93


 3481      7B
 3482 0805 31D22451 		.ascii	"1\322$Qfl\037$?\321\271gI\211K\226\034\255\335\263D"
 3482      666C1F24 
 3482      3FD1B967 
 3482      49894B96 
 3482      1CADDDB3 
 3483 081a B57BBFE8 		.ascii	"\265{\277\3500\274\024\015\337\307\371W\227\217\274"
 3483      30BC140D 
 3483      DFC7F957 
 3483      978FBC
 3484 0829 E4865FEA 		.ascii	"\344\206_\352\266\235\237X\233\220;\031oc!\265\033\276"
 3484      B69D9F58 
 3484      9B903B19 
 3484      6F6321B5 
 3484      1BBE
 3485 083b 9B1B5E2D 		.ascii	"\233\033^-\013\344\024\023\336\360\370\344Z\331]x\271"
 3485      0BE41413 
 3485      DEF0F8E4 
 3485      5AD95D78 
 3485      B9
 3486 084c 8BF0CD6D 		.ascii	"\213\360\315m\327*\270\342\007y\212>\332\2673\337\317"
 3486      D72AB8E2 
 3486      07798A3E 
 3486      DAB733DF 
 3486      CF
 3487 085d A1CD4155 		.ascii	"\241\315AU\233\012\324\346\220\262\014\\\177\324\344"
 3487      9B0AD4E6 
 3487      90B20C5C 
 3487      7FD4E4
 3488 086c 4BB5E92B 		.ascii	"K\265\351+\270\223\264\302\0063\361&\034p\350r\200\353"
 3488      B893B4C2 
 3488      0633F126 
 3488      1C70E872 
 3488      80EB
 3489 087e D2C2F428 		.ascii	"\322\302\364(]\272\375<\237\003\373\271\200\202m\351"
 3489      5DBAFD3C 
 3489      9F03FBB9 
 3489      80826DE9 
 3490 088e BD925D62 		.ascii	"\275\222]b\025\015\374\251\373e\347\034\316\253\026"
 3490      150DFCA9 
 3490      FB65E71C 
 3490      CEAB16
 3491 089d C9001B98 		.ascii	"\311\000\033\230\266u\305O\235crD\204Z{\340l:\21294"
 3491      B675C54F 
 3491      9D637244 
 3491      845A7BE0 
 3491      6C3A8A39 
 3492 08b2 50386270 		.ascii	"P8bp\006\325\251 \004\\\251N\336\350\247\006\356\250"
 3492      06D5A920 
 3492      045CA94E 
 3492      DEE8A706 
 3492      EEA8
 3493 08c4 1AB87A6E 		.ascii	"\032\270zn\312\366\2655\365\300d\327\343(\252M\366\363"
 3493      CAF6B535 
 3493      F5C064D7 
 3493      E328AA4D 
 3493      F6F3
ARM GAS  C:\Users\nello\AppData\Local\Temp\ccQFdKYI.s 			page 94


 3494 08d6 8B297E1E 		.ascii	"\213)~\036\346\3501\264\277\201\017\332Rv\267\201\315"
 3494      E6E831B4 
 3494      BF810FDA 
 3494      5276B781 
 3494      CD
 3495 08e7 D1BED184 		.ascii	"\321\276\321\204Df\3771\021*\035\366Wr\373W\352\334"
 3495      4466FF31 
 3495      112A1DF6 
 3495      5772FB57 
 3495      EADC
 3496 08f9 5A1DB299 		.ascii	"Z\035\262\231]\333\231\222\323N<\3642pRT\272\031\004"
 3496      5DDB9992 
 3496      D34E3CF4 
 3496      32705254 
 3496      BA1904
 3497 090c C55FAEA8 		.ascii	"\305_\256\250\367f\003O\211pB$;\330\320\213\266\246"
 3497      F766034F 
 3497      89704224 
 3497      3BD8D08B 
 3497      B6A6
 3498 091e 6C837B58 		.ascii	"l\203{XO\273\204\265\256\"\357\037\330\3303\030@\021"
 3498      4FBB84B5 
 3498      AE22EF1F 
 3498      D8D83318 
 3498      4011
 3499 0930 1B9C3F3B 		.ascii	"\033\234?;\236#\377\214\275\322^\306k\325\300\323F\017"
 3499      9E23FF8C 
 3499      BDD25EC6 
 3499      6BD5C0D3 
 3499      460F
 3500 0942 F9795E44 		.ascii	"\371y^D\014\362:'\302Y\352\220\003K\327Uq\027]\020\241"
 3500      0CF23A27 
 3500      C259EA90 
 3500      034BD755 
 3500      71175D10 
 3501 0957 995E693E 		.ascii	"\231^i>v\253\316\250\330tQ$\345\214\333\342\244\314"
 3501      76ABCEA8 
 3501      D8745124 
 3501      E58CDBE2 
 3501      A4CC
 3502 0969 E3A2732C 		.ascii	"\343\242s,.\213\320b\017X-\007=\336\364Dv\006]QA\010"
 3502      2E8BD062 
 3502      0F582D07 
 3502      3DDEF444 
 3502      76065D51 
 3503 097f B89499B9 		.ascii	"\270\224\231\271GT]sU\015\3305\356\373GG\372\356\352"
 3503      47545D73 
 3503      550DD835 
 3503      EEFB4747 
 3503      FAEEEA
 3504 0992 1DE1B9A6 		.ascii	"\035\341\271\246\346g+\306\347\022\307t\224\345\355"
 3504      E6672BC6 
 3504      E712C774 
 3504      94E5ED
 3505 09a1 F6556A68 		.ascii	"\366Ujh\353\016=+\023\255\"\034wD\3508\217\320I\246"
 3505      EB0E3D2B 
 3505      13AD221C 
ARM GAS  C:\Users\nello\AppData\Local\Temp\ccQFdKYI.s 			page 95


 3505      7744E838 
 3505      8FD049A6 
 3506 09b5 D3939C86 		.ascii	"\323\223\234\206K\334\232\004:w;\330\305\346\033\233"
 3506      4BDC9A04 
 3506      3A773BD8 
 3506      C5E61B9B 
 3507 09c5 4FFABBFB 		.ascii	"O\372\273\373\246\335\305\317\345\227\252\352x2w\210"
 3507      A6DDC5CF 
 3507      E597AAEA 
 3507      78327788 
 3508 09d5 D026BEA2 		.ascii	"\320&\276\242x\336R\355\273\330\322\270\302\337\331"
 3508      78DE52ED 
 3508      BBD8D2B8 
 3508      C2DFD9
 3509 09e4 01F844A0 		.ascii	"\001\370D\240\001\234\253\3149\257\351\371o\253\016"
 3509      019CABCC 
 3509      39AFE9F9 
 3509      6FAB0E
 3510 09f3 B8834A93 		.ascii	"\270\203J\223\207<\251\236\225\364\373z\000\301]\221"
 3510      873CA99E 
 3510      95F4FB7A 
 3510      00C15D91 
 3511 0a03 C1109215 		.ascii	"\301\020\222\025\377x+\267\352\236\0107\251f\307\257"
 3511      FF782BB7 
 3511      EA9E0837 
 3511      A966C7AF 
 3512 0a13 E5F4183D 		.ascii	"\345\364\030=$66\213\320\311\007\335oI\370\021\363\333"
 3512      2436368B 
 3512      D0C907DD 
 3512      6F49F811 
 3512      F3DB
 3513 0a25 A3A7C52F 		.ascii	"\243\247\305/\377\341\010\2552]\"\334p\370\355\006\367"
 3513      FFE108AD 
 3513      325D22DC 
 3513      70F8ED06 
 3513      F7
 3514 0a36 5BB99E82 		.ascii	"[\271\236\202\333w\035X\351g\257\340tf\327\2446\354"
 3514      DB771D58 
 3514      E967AFE0 
 3514      7466D7A4 
 3514      36EC
 3515 0a48 F334731E 		.ascii	"\3634s\036\240\200\373\\@j\321\205\245F&a\303Hq\023"
 3515      A080FB5C 
 3515      406AD185 
 3515      A5462661 
 3515      C3487113 
 3516 0a5c 2FE00F44 		.ascii	"/\340\017D\350qH\350\341\022\2562\011\253O\015\017\353"
 3516      E87148E8 
 3516      E112AE32 
 3516      09AB4F0D 
 3516      0FEB
 3517 0a6e 9C9D854D 		.ascii	"\234\235\205Mq\237\352\254cK\232\226q@\215\035\260\322"
 3517      719FEAAC 
 3517      634B9A96 
 3517      71408D1D 
 3517      B0D2
 3518 0a80 09D0707A 		.ascii	"\011\320pzW\257QuT\277\352\315G\\\241\370\252\201Z^"
ARM GAS  C:\Users\nello\AppData\Local\Temp\ccQFdKYI.s 			page 96


 3518      57AF5175 
 3518      54BFEACD 
 3518      475CA1F8 
 3518      AA815A5E 
 3519 0a94 7B1ED1E0 		.ascii	"{\036\321\340\337drowl\177\350\222\245\203\"<\266\247"
 3519      DF64726F 
 3519      776C7FE8 
 3519      92A58322 
 3519      3CB6A7
 3520 0aa7 F2200375 		.ascii	"\362 \003u\234\271\325\352\002z\242\202\350\243\210"
 3520      9CB9D5EA 
 3520      027AA282 
 3520      E8A388
 3521 0ab6 ED653BA8 		.ascii	"\355e;\250\262\237\252\262\207\270\354%\011C{\370\272"
 3521      B29FAAB2 
 3521      87B8EC25 
 3521      09437BF8 
 3521      BA
 3522 0ac7 3B24C200 		.ascii	";$\302\000\235\245:6K\365\354\033\345\373\035\2113P"
 3522      9DA53A36 
 3522      4BF5EC1B 
 3522      E5FB1D89 
 3522      3350
 3523 0ad9 64EFA58B 		.ascii	"d\357\245\213\265\352C\230#\033_\210\210\303l|.\302"
 3523      B5EA4398 
 3523      231B5F88 
 3523      88C36C7C 
 3523      2EC2
 3524 0aeb 331AE1E2 		.ascii	"3\032\341\342\035'\017K\216\000\274T\347\306\010F`\230"
 3524      1D270F4B 
 3524      8E00BC54 
 3524      E7C60846 
 3524      6098
 3525 0afd 0BADBD9F 		.ascii	"\013\255\275\237\274\216\367\0279y\351Y\357\260\030"
 3525      BC8EF717 
 3525      3979E959 
 3525      EFB018
 3526 0b0c 8F88D0EB 		.ascii	"\217\210\320\353\210@/\217@\031\023\234T\261\342\244"
 3526      88402F8F 
 3526      4019139C 
 3526      54B1E2A4 
 3527 0b1c A79CA1BD 		.ascii	"\247\234\241\275\006\357\240N-\2719 2~i\333:Jx\316\304"
 3527      06EFA04E 
 3527      2DB93920 
 3527      327E69DB 
 3527      3A4A78CE 
 3528 0b31 11B0113B 		.ascii	"\021\260\021;?\033a\374\2728\277\363\313\232\030\272"
 3528      3F1B61FC 
 3528      BA38BFF3 
 3528      CB9A18BA 
 3529 0b41 FCDCF6BD 		.ascii	"\374\334\366\275\377\227\205\037\301\011\016p\002\007"
 3529      FF97851F 
 3529      C1090E70 
 3529      0207
 3530 0b4f 677A09A4 		.ascii	"gz\011\244\300\013\007H\335\011\315K\244\200I\256\333"
 3530      C00B0748 
 3530      DD09CD4B 
ARM GAS  C:\Users\nello\AppData\Local\Temp\ccQFdKYI.s 			page 97


 3530      A48049AE 
 3530      DB
 3531 0b60 30742D48 		.ascii	"0t-H\242\243 \231\216\250a\013cq\311d\345I\015\327\221"
 3531      A2A32099 
 3531      8EA8610B 
 3531      6371C964 
 3531      E5490DD7 
 3532 0b75 444201CE 		.ascii	"DB\001\316\217X\250@\302\313\241\231\001n\334\352\234"
 3532      8F58A840 
 3532      C2CBA199 
 3532      016EDCEA 
 3532      9C
 3533 0b86 B8D1D298 		.ascii	"\270\321\322\230\032\267\332\367\035j\325\241]\351="
 3533      1AB7DAF7 
 3533      1D6AD5A1 
 3533      5DE93D
 3534 0b95 DEA8A804 		.ascii	"\336\250\250\004)\004\2260\220\235\351\022\"L\250~\223"
 3534      29049630 
 3534      909DE912 
 3534      224CA87E 
 3534      93
 3535 0ba6 1CF7E24F 		.ascii	"\034\367\342O\313i\204?H\376\035;\233B{\271K\345ezO"
 3535      CB69843F 
 3535      48FE1D3B 
 3535      9B427BB9 
 3535      4BE5657A 
 3536 0bbb CFCED8FA 		.ascii	"\317\316\330\372\342\263\363\012:`2\374\215}\012\344"
 3536      E2B3F30A 
 3536      3A6032FC 
 3536      8D7D0AE4 
 3537 0bcb 82177F12 		.ascii	"\202\027\177\022\255ayy#\253\200\325\371A[MF\032>M\254"
 3537      AD617979 
 3537      23AB80D5 
 3537      F9415B4D 
 3537      461A3E4D 
 3538 0be0 26F4E90E 		.ascii	"&\364\351\016\030\026uH'(\017q\225=\253+\374\225\247"
 3538      18167548 
 3538      27280F71 
 3538      953DAB2B 
 3538      FC95A7
 3539 0bf3 ED5C1F58 		.ascii	"\355\\\037XC`9\201T\264\002\326\022&Gx'-\215\366\330"
 3539      43603981 
 3539      54B402D6 
 3539      12264778 
 3539      272D8DF6 
 3540 0c08 1909BA38 		.ascii	"\031\011\2728[\315\017\3612,cV\330q\313\320\212\341"
 3540      5BCD0FF1 
 3540      322C6356 
 3540      D871CBD0 
 3540      8AE1
 3541 0c1a 37499B17 		.ascii	"7I\233\027C\026wb\033\376\006P\330z'\330z\204=x\223"
 3541      43167762 
 3541      1BFE0650 
 3541      D87A27D8 
 3541      7A843D78 
 3542 0c2f 7429C6B6 		.ascii	"t)\306\266+O\315:v\326\"\220\007\312\215f\201\014x\275"
 3542      2B4FCD3A 
ARM GAS  C:\Users\nello\AppData\Local\Temp\ccQFdKYI.s 			page 98


 3542      76D62290 
 3542      07CA8D66 
 3542      810C78BD 
 3543 0c43 AA8BCC55 		.ascii	"\252\213\314U\002M\206\031\344\346\341M\007]\346\367"
 3543      024D8619 
 3543      E4E6E14D 
 3543      075DE6F7 
 3544 0c53 66E200D1 		.ascii	"f\342\000\321\2658\263&F\323\271\252\361\314'\312\026"
 3544      B538B326 
 3544      46D3B9AA 
 3544      F1CC27CA 
 3544      16
 3545 0c64 C5FBEC73 		.ascii	"\305\373\354s\022S&W$IF\201\254@Zod\213I}[\251K{\260"
 3545      12532657 
 3545      24494681 
 3545      AC405A6F 
 3545      648B497D 
 3546 0c7d 83C04EBB 		.ascii	"\203\300N\273\022\271\014\224\233\235Q\351\254'\354"
 3546      12B90C94 
 3546      9B9D51E9 
 3546      AC27EC
 3547 0c8c 52410878 		.ascii	"RA\010x\\|\342\274^\325b\267\252E!a\200C\203\335\361"
 3547      5C7CE2BC 
 3547      5ED562B7 
 3547      AA452161 
 3547      804383DD 
 3548 0ca1 229BC785 		.ascii	"\"\233\307\205\204\025\302\253\273\012\313|=\314\232"
 3548      8415C2AB 
 3548      BB0ACB7C 
 3548      3DCC9A
 3549 0cb0 3D189222 		.ascii	"=\030\222\">\246\360\306\343<\315v\306\036\225i1\223"
 3549      3EA6F0C6 
 3549      E33CCD76 
 3549      C61E9569 
 3549      3193
 3550 0cc2 4C7631E5 		.ascii	"Lv1\345\3265\234\310\027=\300`/\261\003K\215\324\023"
 3550      D6359CC8 
 3550      173DC060 
 3550      2FB1034B 
 3550      8DD413
 3551 0cd5 6FC228B0 		.ascii	"o\302(\260\203@*\331\310S\015\313\361\221\271\306y\263"
 3551      83402AD9 
 3551      C8530DCB 
 3551      F191B9C6 
 3551      79B3
 3552 0ce7 BA8C2230 		.ascii	"\272\214\"0\250\245\004\366\323\354\031<\272e\213\267"
 3552      A8A504F6 
 3552      D3EC193C 
 3552      BA658BB7 
 3553 0cf7 CAFE80AA 		.ascii	"\312\376\200\252E9}\345P\217\236lB:\217\324\312\270"
 3553      45397DE5 
 3553      508F9E6C 
 3553      423A8FD4 
 3553      CAB8
 3554 0d09 8EDCCCE9 		.ascii	"\216\334\314\351\366\260\367\354\3242\220\273\010\357"
 3554      F6B0F7EC 
 3554      D43290BB 
ARM GAS  C:\Users\nello\AppData\Local\Temp\ccQFdKYI.s 			page 99


 3554      08EF
 3555 0d17 438AF316 		.ascii	"C\212\363\026H\2227\013\364`\341v\227\336\340\010\201"
 3555      4892370B 
 3555      F460E176 
 3555      97DEE008 
 3555      81
 3556 0d28 5A7B20D2 		.ascii	"Z{ \322\030h\365\211\224\036\243K3\247\202(\227\007"
 3556      1868F589 
 3556      941EA34B 
 3556      33A78228 
 3556      9707
 3557 0d3a 098D064D 		.ascii	"\011\215\006M3\247j[O\265\315\242\\t\227\037\366o\362"
 3557      33A76A5B 
 3557      4FB5CDA2 
 3557      5C74971F 
 3557      F66FF2
 3558 0d4d 56F79C25 		.ascii	"V\367\234%\307\314A\201\307XF\037'\320h/\032i\025\375"
 3558      C7CC4181 
 3558      C758461F 
 3558      27D0682F 
 3558      1A6915FD 
 3559 0d61 7BED45A3 		.ascii	"{\355E\243\236@\003\303x\330\272Y\241\354\371!&\321"
 3559      9E4003C3 
 3559      78D8BA59 
 3559      A1ECF921 
 3559      26D1
 3560 0d73 0DC30ACB 		.ascii	"\015\303\012\313\235\201\233g}\002\334\244\326\271J"
 3560      9D819B67 
 3560      7D02DCA4 
 3560      D6B94A
 3561 0d82 C59A3694 		.ascii	"\305\2326\224\235\223k\010p\327\260\232\300I\206=E\201"
 3561      9D936B08 
 3561      70D7B09A 
 3561      C049863D 
 3561      4581
 3562 0d94 787BA8AC 		.ascii	"x{\250\254j\357\305IklL\275\023x\213\0018\332.\232\014"
 3562      6AEFC549 
 3562      6B6C4CBD 
 3562      13788B01 
 3562      38DA2E9A 
 3563 0da9 31E72D7D 		.ascii	"1\347-}~4\316\337]|\223\023K\222\354\203\330\261\207"
 3563      7E34CEDF 
 3563      5D7C9313 
 3563      4B92EC83 
 3563      D8B187
 3564 0dbc 2F641683 		.ascii	"/d\026\203cC\231\272\241\352\346\346R\273\033\312\011"
 3564      634399BA 
 3564      A1EAE6E6 
 3564      52BB1BCA 
 3564      09
 3565 0dcd 941038A7 		.ascii	"\224\0208\247\232\250l\006S7\354P\334\200\230\203N\030"
 3565      9AA86C06 
 3565      5337EC50 
 3565      DC809883 
 3565      4E18
 3566 0ddf FBA6B2AA 		.ascii	"\373\246\262\252\3006\002[\011\233o\347\230\002-\004"
 3566      C036025B 
ARM GAS  C:\Users\nello\AppData\Local\Temp\ccQFdKYI.s 			page 100


 3566      099B6FE7 
 3566      98022D04 
 3567 0def 2E10384F 		.ascii	".\0208O\3402\201\263\004\232\011\\\"pQ\211Cq\216\312"
 3567      E03281B3 
 3567      049A095C 
 3567      22705189 
 3567      43718ECA 
 3568 0e03 B8C289B1 		.ascii	"\270\302\211\261f'\270o\243\262\025]I\340\260;\210o"
 3568      6627B86F 
 3568      A3B2155D 
 3568      49E0B03B 
 3568      886F
 3569 0e15 E7EFAEE3 		.ascii	"\347\357\256\343\23008\343\0049\242Bv)l\366\021(p7\224"
 3569      983038E3 
 3569      0439A242 
 3569      76296CF6 
 3569      11287037 
 3570 0e2a 07BC6F93 		.ascii	"\007\274o\223\302\007\025:\344n)\177/\220\235\377\007"
 3570      C207153A 
 3570      E46E297F 
 3570      2F909DFF 
 3570      07
 3571 0e3b 0A394DA0 		.ascii	"\0129M\240\212A\\\002SE\235-f\016\226\026z\005\270\371"
 3571      8A415C02 
 3571      53459D2D 
 3571      660E9616 
 3571      7A05B8F9 
 3572 0e4f E5CAEBFD 		.ascii	"\345\312\353\375B\232|pQ`Lr\266u\014\372\2723i\375\036"
 3572      429A7C70 
 3572      51604C72 
 3572      B6750CFA 
 3572      BA3369FD 
 3573 0e64 4C6E3206 		.ascii	"Ln2\006\007\362\2367\030\015\264\032$\267\343tb\325"
 3573      07F29E37 
 3573      180DB41A 
 3573      24B7E374 
 3573      62D5
 3574 0e76 00FD461C 		.ascii	"\000\375F\034\305\200t2\334\226\375\266\034\342\202"
 3574      C5807432 
 3574      DC96FDB6 
 3574      1CE282
 3575 0e85 8376E284 		.ascii	"\203v\342\204|\204j\015!\275`#\256\214\036\330\354R"
 3575      7C846A0D 
 3575      21BD6023 
 3575      AE8C1ED8 
 3575      EC52
 3576 0e97 3E6F13B8 		.ascii	">o\023\270\243\316\332\321\263\375%^\316=\2323`\177"
 3576      A3CEDAD1 
 3576      B3FD255E 
 3576      CE3D9A33 
 3576      607F
 3577 0ea9 B5EDE7EA 		.ascii	"\265\355\347\352\254\276\253\272\372\036\235\325\251"
 3577      ACBEABBA 
 3577      FA1E9DD5 
 3577      A9
 3578 0eb6 BE34655B 		.ascii	"\2764e[KJ\032\274\354\031\313R6'\357l\365\244\243<e"
 3578      4B4A1ABC 
ARM GAS  C:\Users\nello\AppData\Local\Temp\ccQFdKYI.s 			page 101


 3578      EC19CB52 
 3578      3627EF6C 
 3578      F5A4A33C 
 3579 0ecb EF11B845 		.ascii	"\357\021\270E\240\333uV\252\376\312\"\260\201\260&\256"
 3579      A0DB7556 
 3579      AAFECA22 
 3579      B081B026 
 3579      AE
 3580 0edc 9B19D245 		.ascii	"\233\031\322E\240\217\300}\002\017\011< \320O\240\207"
 3580      A08FC07D 
 3580      020F093C 
 3580      20D04FA0 
 3580      87
 3581 0eed 40AF928C 		.ascii	"@\257\222\214}#\267\354\273\253\033\235\270f\023{\016"
 3581      7D23B7EC 
 3581      BBAB1B9D 
 3581      B866137B 
 3581      0E
 3582 0efe A56D4053 		.ascii	"\245m@St\320A\340\006C(\356t\244F\032.\265\222\016\256"
 3582      74D041E0 
 3582      064328EE 
 3582      74A4461A 
 3582      2EB5920E 
 3583 0f13 12D8CEEE 		.ascii	"\022\330\316\356\363x\011\260\205\270 \256\023\270\346"
 3583      F37809B0 
 3583      85B820AE 
 3583      13B8E6
 3584 0f22 84D06C29 		.ascii	"\204\320l)+B\260(wj\2040%\370LK\313f<\260/\271\351f"
 3584      2B42B028 
 3584      776A8430 
 3584      25F84C4B 
 3584      CB663CB0 
 3585 0f3a BDC28223 		.ascii	"\275\302\202#\362\011lrB\344(L\320\373\007+\262\232"
 3585      F2096C72 
 3585      42E4284C 
 3585      D0FB072B 
 3585      B29A
 3586 0f4c B5F9A9B8 		.ascii	"\265\371\251\270\352\311\353]E\0373\363\272R$\326&e"
 3586      EAC9EB5D 
 3586      451F33F3 
 3586      BA5224D6 
 3586      2665
 3587 0f5e AFDE55FA 		.ascii	"\257\336U\372\301*[\356\027\360\210@&\033\3119\011x"
 3587      C12A5BEE 
 3587      17F08840 
 3587      261BC939 
 3587      0978
 3588 0f70 264C48FF 		.ascii	"&LH\3771Y\355\313W\354b\340\235\003\177\315Y\300\337"
 3588      3159EDCB 
 3588      57EC62E0 
 3588      9D037FCD 
 3588      59C0DF
 3589 0f83 1FF429ED 		.ascii	"\037\364)\355\204\236\254W`\235\002\311\363\305e\020"
 3589      849EAC57 
 3589      609D02C9 
 3589      F3C56510 
 3590 0f93 A9C49735 		.ascii	"\251\304\2275\345\003\273\007]\236\234F\010"
ARM GAS  C:\Users\nello\AppData\Local\Temp\ccQFdKYI.s 			page 102


 3590      E503BB07 
 3590      5D9E9C46 
 3590      08
 3591 0fa0 8CAA79D4 		.ascii	"\214\252y\324\333\236Y\244\331\347\032U\315\265\341"
 3591      DB9E59A4 
 3591      D9E71A55 
 3591      CDB5E1
 3592 0faf E24C0E23 		.ascii	"\342L\016#\247z\244\323H\227\030\307\243[\206\272]\266"
 3592      A77AA4D3 
 3592      489718C7 
 3592      A35B86BA 
 3592      5DB6
 3593 0fc1 7D164BB0 		.ascii	"}\026K\260DRV\245\033\014\264\243xp\265\336\031\224"
 3593      445256A5 
 3593      1B0CB4A3 
 3593      7870B5DE 
 3593      1994
 3594 0fd3 A8821090 		.ascii	"\250\202\020\220\327_\221\244\331\351J\222\034b\223"
 3594      D75F91A4 
 3594      D9E94A92 
 3594      1C6293
 3595 0fe2 2556EE47 		.ascii	"%V\356G\017o\277,zhaQV\012e\003K%\307j\224~\306\017"
 3595      0F6FBF2C 
 3595      7A686151 
 3595      560A6503 
 3595      4B25C76A 
 3596 0ffa 43868530 		.ascii	"C\206\2050Y\242"
 3596      59A2
 3597 1000 0B4D8AE4 		.ascii	"\013M\212\344\276\320\024<~\262Mroa\023\235\270\221"
 3597      BED0143C 
 3597      7EB24D72 
 3597      6F61139D 
 3597      B891
 3598 1012 4EB4B21B 		.ascii	"N\264\262\033\251\037i\010i\224[|\347|\232\3133K\232"
 3598      A91F6908 
 3598      69945B7C 
 3598      E77C9ACB 
 3598      334B9A
 3599 1025 04E9AA31 		.ascii	"\004\351\2521\015O\213v\371\253\306\244\253\362WQ\037"
 3599      0D4F8B76 
 3599      F9ABC6A4 
 3599      ABF25751 
 3599      1F
 3600 1036 A6FA0964 		.ascii	"\246\372\011d\015\322\006?\326^\015n\277\341\353\341"
 3600      0DD2063F 
 3600      D65E0D6E 
 3600      BFE1EBE1 
 3601 1046 591DD64A 		.ascii	"Y\035\326J\366\247\365{\3676\344k\032\214u*\277\365"
 3601      F6A7F57B 
 3601      F736E46B 
 3601      1A8C752A 
 3601      BFF5
 3602 1058 945F21F2 		.ascii	"\224_!\362\332\217TI\371\215\275]\321\223\007\223\306"
 3602      DA8F5449 
 3602      F98DBD5D 
 3602      D1930793 
 3602      C6
ARM GAS  C:\Users\nello\AppData\Local\Temp\ccQFdKYI.s 			page 103


 3603 1069 69267959 		.ascii	"i&yYU\307\372\177R&\271M\202\025\022d\273z\304\325\021"
 3603      55C7FA7F 
 3603      5226B94D 
 3603      82151264 
 3603      BB7AC4D5 
 3604 107e 0285207C 		.ascii	"\002\205 |\023\366\213\022l\226 G\202\215\022\344K\220"
 3604      13F68B12 
 3604      6C962047 
 3604      828D12E4 
 3604      4B90
 3605 1090 2541AEC4 		.ascii	"%A\256\304\027\326\276\354\035\253Xy\307g\244\325\036"
 3605      17D6BEEC 
 3605      1DAB5879 
 3605      C767A4D5 
 3605      1E
 3606 10a1 98528557 		.ascii	"\230R\205W\036\347\220\365\022\254y\205\334\356\355"
 3606      1EE790F5 
 3606      12AC7985 
 3606      DCEEED
 3607 10b0 0E2E1B3C 		.ascii	"\016.\033<s)>\235\302\027\266\203\",\177\205\240dEP"
 3607      73293E9D 
 3607      C217B683 
 3607      222C7F85 
 3607      A0644550 
 3608 10c4 1864BC42 		.ascii	"\030d\274B\316\260*'\363\025L\012\025&\253$X\351\001"
 3608      CEB02A27 
 3608      F3154C0A 
 3608      1526AB24 
 3608      58E901
 3609 10d7 C26617EF 		.ascii	"\302f\027\357\225\033\005r\024]~\234\205\360@[\\\236"
 3609      951B0572 
 3609      145D7E9C 
 3609      85F0405B 
 3609      5C9E
 3610 10e9 B76B97B8 		.ascii	"\267k\227\270]\322t\211l\344dr\026\207\\fCz\367\265"
 3610      5DD27489 
 3610      6CE46472 
 3610      16875C66 
 3610      437AF7B5 
 3611 10fd DEF3751D 		.ascii	"\336\363u\035\262K;\204\2641\340\365\341\335\347\335"
 3611      B24B3B84 
 3611      B431E0F5 
 3611      E1DDE7DD 
 3612 110d 80854EC0 		.ascii	"\200\205N\300N\006l\212O\255\324l\322\255\321\364\302"
 3612      4E066C8A 
 3612      4FADD46C 
 3612      D2ADD1F4 
 3612      C2
 3613 111e 92D2E6D7 		.ascii	"\222\322\346\327\010\244\0275\030Dz\306\306\354.K\335"
 3613      08A41735 
 3613      18447AC6 
 3613      C6EC2E4B 
 3613      DD
 3614 112f E2B201BD 		.ascii	"\342\262\001\275_\202R\373\334M\361g\255}]\305i\227"
 3614      5F8252FB 
 3614      DC4DF167 
 3614      AD7D5DC5 
ARM GAS  C:\Users\nello\AppData\Local\Temp\ccQFdKYI.s 			page 104


 3614      6997
 3615 1141 095EA682 		.ascii	"\011^\246\202\350\036c\353\003\315^\313\001\325k\345"
 3615      E81E63EB 
 3615      03CD5ECB 
 3615      01D56BE5 
 3616 1151 343BD7FB 		.ascii	"4;\327\373s\341\277`>h\027I\216?\026%\244\355HEH\373"
 3616      73E1BF60 
 3616      3E681749 
 3616      8E3F1625 
 3616      A4ED4845 
 3617 1167 90CA900E 		.ascii	"\220\312\220\016\"\035F\252F\252E\252GjDj\246Z\374\340"
 3617      221D46AA 
 3617      46AA45AA 
 3617      476A446A 
 3617      A65AFCE0 
 3618 117b 4C556FBF 		.ascii	"LUo\277\350h\267xb\017\215t\264\275\243\276V<\"\301"
 3618      E868B778 
 3618      620F8D74 
 3618      B4BDA3BE 
 3618      563C22C1 
 3619 118f 49093C34 		.ascii	"I\011<4\\C\313y\372 \346\230\023\306u\205S\336.72\020"
 3619      5C43CB79 
 3619      FA20E698 
 3619      13C67585 
 3619      53DE2E37 
 3620 11a5 ED162538 		.ascii	"\355\026%8-A\263\004\247$8'A\223\004\307%8/\301Y\011"
 3620      2D41B304 
 3620      A7243827 
 3620      419304C7 
 3620      25382FC1 
 3621 11bb CE28E5A6 		.ascii	"\316(\345\246\370\271\312\374\250\023s\355{\315\227"
 3621      F8B9CAFC 
 3621      A81373ED 
 3621      7BCD97
 3622 11ca 2AA8D609 		.ascii	"*\250\326\011\324\252\001\015\253\240\00675\025L\352"
 3622      D4AA010D 
 3622      ABA00637 
 3622      35154CEA 
 3623 11da 4A07A6CA 		.ascii	"J\007\246\312\011sD\303\350\231\312\250\336]%\356\223"
 3623      097344C3 
 3623      E899CAA8 
 3623      DE5D25EE 
 3623      93
 3624 11eb 649551B5 		.ascii	"d\225Q\265;#\216y\241\362\251s\327\232cFUL\215\273\377"
 3624      3B238E79 
 3624      A1F2A973 
 3624      D79A6346 
 3624      554C8DBB 
 3625 1200 5121B266 		.ascii	"Q!\262f\014&\301\030\366\032!\351\326N?\347L\272(\301"
 3625      0C26C118 
 3625      F61A21E9 
 3625      D64E3FE7 
 3625      4CBA28C1 
 3626 1214 253593B2 		.ascii	"%5\223\262\356\266\367j\012\347%\225\333e\232J\371\224"
 3626      EEB6F76A 
 3626      0AE72595 
 3626      DB659A4A 
ARM GAS  C:\Users\nello\AppData\Local\Temp\ccQFdKYI.s 			page 105


 3626      F994
 3627 1226 8B6EE3A6 		.ascii	"\213n\343\246Sq\0043\201\302\032\317\360\006\363\262"
 3627      53710433 
 3627      81C21ACF 
 3627      F006F3B2 
 3628 1236 0417B05C 		.ascii	"\004\027\260\\z\232\366\307\367\260\376\0225\253d\010"
 3628      7A9AF6C7 
 3628      F7B0FE12 
 3628      35AB6408 
 3629 1246 FB0F2CDC 		.ascii	"\373\017,\334~yQ!\301!<\2640\024\375\315\011\026c\032"
 3629      7E795121 
 3629      C1213CB4 
 3629      3014FDCD 
 3629      0916631A 
 3630 125a 6496BD3E 		.ascii	"d\226\275><{\005R\214\326\354G\252`\026eU\336\267\271"
 3630      3C7B0552 
 3630      8CD6EC47 
 3630      AA601665 
 3630      55DEB7B9 
 3631 126e AC6BED12 		.ascii	"\254k\355\022t\330'P\023\003\335\335\331p\337\245\271"
 3631      74D82750 
 3631      1303DDDD 
 3631      D970DFA5 
 3631      B9
 3632 127f BBA982E8 		.ascii	"\273\251\202\350\216S\315\305J\315c\354-\325\214\333"
 3632      8E53CDC5 
 3632      4ACD63EC 
 3632      2DD58CDB 
 3633 128f D4EC0ECA 		.ascii	"\324\354\016\312\305P\264\366D\247\201\346?_\343:\034"
 3633      C550B4F6 
 3633      44A781E6 
 3633      3F5FE33A 
 3633      1C
 3634 12a0 8F1AB7D9 		.ascii	"\217\032\267\331\"w\357\325Y}]\202V\211)v\217\031vW"
 3634      2277EFD5 
 3634      597D5D82 
 3634      56892976 
 3634      8F197657 
 3635 12b4 824E09BA 		.ascii	"\202N\011\272\354\011l\377%\006\362ip\343\2434\362\345"
 3635      EC096CFF 
 3635      2506F269 
 3635      70E3A334 
 3635      F2E5
 3636 12c6 4AB77F46 		.ascii	"J\267\177F\204;\222\026\243d\024}\007R<\230\253\013"
 3636      843B9216 
 3636      A364147D 
 3636      07523C98 
 3636      AB0B
 3637 12d8 70937AD3 		.ascii	"p\223z\323\203Tr\227Yto\244\240\303\227\256T\374!\355"
 3637      83547297 
 3637      59746FA4 
 3637      A0C397AE 
 3637      54FC21ED 
 3638 12ec C8157B27 		.ascii	"\310\025{'\272L\202\036\011\036\274\316\"\201B\020~"
 3638      BA4C821E 
 3638      091EBCCE 
 3638      22814210 
ARM GAS  C:\Users\nello\AppData\Local\Temp\ccQFdKYI.s 			page 106


 3638      7E
 3639 12fd 5F825E09 		.ascii	"_\202^\011\036*\253Rq\353V\033\263\247[\2026\306\305"
 3639      1E2AAB52 
 3639      71EB561B 
 3639      B3A75B82 
 3639      36C6C5
 3640 1310 8E767029 		.ascii	"\216vp)nQ \374i\020!.\017\035=T\277\267S\356\247\026"
 3640      6E5120FC 
 3640      6910212E 
 3640      0F1D3D54 
 3640      BFB753EE 
 3641 1326 C224ED1F 		.ascii	"\302$\355\037\255>4\247\256o\225\251\2368\360\206\004"
 3641      AD3E34A7 
 3641      AE6F95A9 
 3641      9E38F086 
 3641      04
 3642 1337 23AE12A8 		.ascii	"#\256\022\250\303\236\327\363\225\244\\\202\022\006"
 3642      C39ED7F3 
 3642      95A45C82 
 3642      1206
 3643 1345 71BCEA92 		.ascii	"q\274\352\222\324)\230\304\035\237/\302>w\214\342\371"
 3643      D42998C4 
 3643      1D9F2FC2 
 3643      3E778CE2 
 3643      F9
 3644 1356 3DDB57F9 		.ascii	"=\333W\371\026\333\360!K\202m\014\304\033\330\255\024"
 3644      16DBF021 
 3644      4B826D0C 
 3644      C41BD8AD 
 3644      14
 3645 1367 B24562D6 		.ascii	"\262Eb\326\364\354pX\023\317 vk\262\035\215r\361C\325"
 3645      F4EC7058 
 3645      13CF2076 
 3645      6BB21D8D 
 3645      72F143D5 
 3646 137b E2834E98 		.ascii	"\342\203N\230\247\352T\336y,\3216&\316\007vK\260\323"
 3646      A7EA54DE 
 3646      792CD136 
 3646      26CE0776 
 3646      4BB0D3
 3647 138e 55D40E2E 		.ascii	"U\324\016.\252EY\210qiLuR9\307\321\325\367%\237\344"
 3647      AA455988 
 3647      71694C75 
 3647      5239C7D1 
 3647      D5F7259F 
 3648 13a3 A663ABF1 		.ascii	"\246c\253\361\222h1\033\210Z\242\262\226qFa\320\347"
 3648      9268311B 
 3648      885AA2B2 
 3648      96714661 
 3648      D0E7
 3649 13b5 C4E7B98A 		.ascii	"\304\347\271\212\351K\335\265\312\236t/\210\033\210"
 3649      E94BDDB5 
 3649      CA9E742F 
 3649      881B88
 3650 13c4 EB3CAC76 		.ascii	"\353<\254v\006q\222\2330\256P\3461\316\247X\202=N\230"
 3650      0671929B 
 3650      30AE50E6 
ARM GAS  C:\Users\nello\AppData\Local\Temp\ccQFdKYI.s 			page 107


 3650      31CEA758 
 3650      823D4E98 
 3651 13d8 AD924B5E 		.ascii	"\255\222K^\015\023\030\"\354\215\313\010\313\254~\011"
 3651      0D131822 
 3651      EC8DCB08 
 3651      CBAC7E09 
 3652 13e8 E2647822 		.ascii	"\342dx\"\301#\011\006\320\034\354\207%x*\301\240\004"
 3652      C1230906 
 3652      D01CEC87 
 3652      25782AC1 
 3652      A004
 3653 13fa 4312D864 		.ascii	"C\022\330dx,\301\013\011\206%x.\3013eB\365\345(!+\222"
 3653      782CC10B 
 3653      09862578 
 3653      2EC13365 
 3653      42F5E528 
 3654 1411 E8838DB3 		.ascii	"\350\203\215\263\037y\305)\276\256\250\215\231\236\340"
 3654      1F79C529 
 3654      BEAEA88D 
 3654      999EE0
 3655 1420 EE4705D4 		.ascii	"\356G\005\324\245\304\014\313\321a\006\342\025J]Y\350"
 3655      A5C40CCB 
 3655      D16106E2 
 3655      154A5D59 
 3655      E8
 3656 1431 B6DAB273 		.ascii	"\266\332\262s\353\015\001n\026\\\371\257[@\372\261\272"
 3656      EB0D016E 
 3656      165CF9AF 
 3656      5B40FAB1 
 3656      BA
 3657 1442 0DB1C2D5 		.ascii	"\015\261\302\325\262\356|\266K\341Z,\303\022Y\251n+"
 3657      B2EE7CB6 
 3657      4BE15A2C 
 3657      C31259A9 
 3657      6E2B
 3658 1454 DE60DDF0 		.ascii	"\336`\335\360\376\242\277s~0MT1x\177\353\341\033\373"
 3658      FEA2BF73 
 3658      7E304D54 
 3658      31787FEB 
 3658      E11BFB
 3659 1467 34353D49 		.ascii	"45=IV;{\231\326\3647\004R\200T\214T\312\030V%\034Z\346"
 3659      563B7B99 
 3659      D6F43704 
 3659      5280548C 
 3659      54CA1856 
 3660 147f E5FED228 		.ascii	"\345\376\322(Uvzi$U\307/Y*\262U\240|UQ\3744\336\360"
 3660      55767A69 
 3660      2455C72F 
 3660      592AB255 
 3660      A07C5551 
 3661 1497 2F976199 		.ascii	"/\227a\231\014+e\017\353\200S\237\277\224\201\220\333"
 3661      0C2B650F 
 3661      EB80539F 
 3661      BF948190 
 3661      DB
 3662 14a8 0AFA4B70 		.ascii	"\012\372Kp\322\303\004\247\257\333\346\345\376H\220"
 3662      D2C304A7 
ARM GAS  C:\Users\nello\AppData\Local\Temp\ccQFdKYI.s 			page 108


 3662      AFDBE6E5 
 3662      FE4890
 3663 14b7 E60C7D84 		.ascii	"\346\014}\204z>c\360-\211WF=\274\033^-kw\361\026\217"
 3663      7A3E63F0 
 3663      2D895746 
 3663      3DBC1B5E 
 3663      2D6B77F1 
 3664 14cd C57E7F2C 		.ascii	"\305~\177,}\200\311k\314\3162z\330\257Z'\303z\306?C"
 3664      7D80C96B 
 3664      CCCE327A 
 3664      D8AF5A27 
 3664      C37AC63F 
 3665 14e2 E605AC1C 		.ascii	"\346\005\254\034K\341\377\214c\346\360\372\204\267]"
 3665      4BE1FF8C 
 3665      63E6F0FA 
 3665      84B75D
 3666 14f1 EA5306E5 		.ascii	"\352S\006\345(6.[\237\346a\267*\323\211!\337\014\007"
 3666      28362E5B 
 3666      9FE661B7 
 3666      2AD38921 
 3666      DF0C07
 3667 1504 928F8AEC 		.ascii	"\222\217\212\354D*aCK\022rV{\370\201W\216\326\307\244"
 3667      442A6143 
 3667      4B127256 
 3667      7BF88157 
 3667      8ED6C7A4 
 3668 1518 12E1750C 		.ascii	"\022\341u\014\336p\356\370#\227D\330,C\236=\021\316"
 3668      DE70EEF8 
 3668      239744D8 
 3668      2C439E3D 
 3668      11CE
 3669 152a 729EDD07 		.ascii	"r\236\335\007\216\271\354C\347\253 \272O\2721e\253f"
 3669      8EB9EC43 
 3669      E7AB20BA 
 3669      4FBA3165 
 3669      AB66
 3670 153c 0B788B1A 		.ascii	"\013x\213\032\245\2554\023:(\027\303\320\313\321TY]"
 3670      A5AD3413 
 3670      3A2817C3 
 3670      D0CBD154 
 3670      595D
 3671 154e E6FA0F4E 		.ascii	"\346\372\017NR\226\271\215\"l\223\241@v]z\334V\234\315"
 3671      5296B98D 
 3671      226C93A1 
 3671      40765D7A 
 3671      DC569CCD 
 3672 1562 0C852376 		.ascii	"\014\205#v\312\260C\206\355\2622-O+\233Q[e\272\316\025"
 3672      CAB04386 
 3672      EDB2322D 
 3672      4F2B9B51 
 3672      5B65BACE 
 3673 1577 C81ED6B9 		.ascii	"\310\036\326\271\342&e-DL\242\033\206-sI\215]mF\367"
 3673      E226652D 
 3673      444CA21B 
 3673      862D7349 
 3673      8D5D6D46 
 3674 158c 652EDF83 		.ascii	"e.\337\203Pr\017\0358\202\224\034@G\226\335\311j1\322"
ARM GAS  C:\Users\nello\AppData\Local\Temp\ccQFdKYI.s 			page 109


 3674      50720F1D 
 3674      3882941C 
 3674      404796DD 
 3674      C96A31D2 
 3675 15a0 5D5F9797 		.ascii	"]_\227\227\021E\262\323\313\010\303\205\335\331I\254"
 3675      1145B2D3 
 3675      CB08C385 
 3675      DDD949AC 
 3676 15b0 D3E5CB62 		.ascii	"\323\345\313b\\\205}\357r\227\014\2712\354\223]\226"
 3676      5C857DEF 
 3676      72970CB9 
 3676      32EC935D 
 3676      96
 3677 15c1 1BFA6BCA 		.ascii	"\033\372k\312\341|\324;\0031{d(d\030{\306\264:y\351"
 3677      E17CD43B 
 3677      03317B64 
 3677      2864187B 
 3677      C6B43A79 
 3678 15d6 870264C9 		.ascii	"\207\002d\311\2645\203\335\014\205#\212e(\221a\257\342"
 3678      B43583DD 
 3678      0C85238A 
 3678      65289161 
 3678      AFE2
 3679 15e8 A5E21EC5 		.ascii	"\245\342\036\305\003\233d\330\310 \256\355,Ig\326\224"
 3679      039B64D8 
 3679      C820AEED 
 3679      2C4967D6 
 3679      94
 3680 15f9 2CCE3D2A 		.ascii	",\316=*\007\270\261\335\357\201-\331\036\200\017\251"
 3680      07B8B1DD 
 3680      EF812DD9 
 3680      1E800FA9 
 3681 1609 481574A4 		.ascii	"H\025t\244\356Hm\306r\231\3770\260\257IY+\256\211P."
 3681      EE486DC6 
 3681      7299FF30 
 3681      B0AF4959 
 3681      2BAE8950 
 3682 161e C3217769 		.ascii	"\303!wi6\327\337\363\035`0\024P!\303Ae\306\364\035\337"
 3682      36D7DFF3 
 3682      1D603014 
 3682      5021C341 
 3682      65C6F41D 
 3683 1633 358B72E1 		.ascii	"5\213r\341+\376!W\007\221:\246\361\362\375g\353\344"
 3683      2BFE2157 
 3683      07913AA6 
 3683      F1F2FD67 
 3683      EBE4
 3684 1645 00378687 		.ascii	"\0007\206\207]\031\222fT\365\002\322\355\000\376~?\377"
 3684      5D199266 
 3684      54F502D2 
 3684      ED00FE7E 
 3684      3FFF
 3685 1657 91AF4FFB 		.ascii	"\221\257O\373+\177\370#\355\333t8\321kR\000\206a\350"
 3685      2B7FF823 
 3685      EDDB7438 
 3685      D16B5200 
 3685      8661E8
ARM GAS  C:\Users\nello\AppData\Local\Temp\ccQFdKYI.s 			page 110


 3686 166a 70F5CDBD 		.ascii	"p\365\315\275\357+M\314\021d*C\335kKQ5\003\341\200Z"
 3686      EF2B4DCC 
 3686      11642A43 
 3686      DD6B4B51 
 3686      3503E180 
 3687 167f 263C731C 		.ascii	"&<s\034\025ZS\336\277\317\350^\213\216:a\361a?\337\326"
 3687      155A53DE 
 3687      BFCFE85E 
 3687      8B8E3A61 
 3687      F1613FDF 
 3688 1694 73C1CFF1 		.ascii	"s\301\317\361P\304\023&\375\362;J\302l\220a-\206EM\206"
 3688      50C41326 
 3688      FDF23B4A 
 3688      C26C9061 
 3688      2D86454D 
 3689 16a9 DBAEC9F0 		.ascii	"\333\256\311\360\204\300c\302\036\372\2161\276\307e"
 3689      84C063C2 
 3689      1EFA8E31 
 3689      BEC765
 3690 16b8 3881D343 		.ascii	"8\201\323C\206S24\312\320$\303I\031N+n.>\245\364\372"
 3690      86533234 
 3690      CAD024C3 
 3690      49194E2B 
 3690      6E2E3EA5 
 3691 16ce E932A430 		.ascii	"\3512\2440\276v\323\266hV\255\234B\276jU\342m\006\342"
 3691      BE76D3B6 
 3691      6856AD9C 
 3691      42BE6A55 
 3691      E26D06E2 
 3692 16e2 7ED6B65F 		.ascii	"~\326\266_;)\204fk\251\014\331\014\303\263G\233\255"
 3692      3B298466 
 3692      6BA90CD9 
 3692      0CC3B347 
 3692      9BAD
 3693 16f4 C5D7153E 		.ascii	"\305\327\025>\3612<#\024\303\2276\245cQ\346k\225\242"
 3693      F1323C23 
 3693      14C39736 
 3693      A56351E6 
 3693      6B95A2
 3694 1707 D11A1956 		.ascii	"\321\032\031V\271k\304\227\377+M<\307\222eHp\302<U7"
 3694      B96BC497 
 3694      FF2B4D3C 
 3694      C7926548 
 3694      70C23C55 
 3695 171c A1BB0A39 		.ascii	"\241\273\0129\246^\206*g\214\272\307\227u\254\267\327"
 3695      A65E862A 
 3695      678CBAC7 
 3695      9775ACB7 
 3695      D7
 3696 172d 10E0E6BB 		.ascii	"\020\340\346\273\262\327\373\016\007\257\271\264\342"
 3696      B2D7FB0E 
 3696      07AFB9B4 
 3696      E2
 3697 173a 80CF3BFC 		.ascii	"\200\317;\374\005o\372\336_\257\262\345&cc#\303 \333"
 3697      056FFADE 
 3697      5FAFB2E5 
 3697      26636323 
ARM GAS  C:\Users\nello\AppData\Local\Temp\ccQFdKYI.s 			page 111


 3697      C320DB
 3698 174d E4E3AC04 		.ascii	"\344\343\254\004<\023&t\277A\012\306\011d7\313\203\353"
 3698      3C132674 
 3698      BF410AC6 
 3698      096437CB 
 3698      83EB
 3699 175f 457D752E 		.ascii	"E}u.\257|\316\311p^\255\251\273\262+\372\015\316\313"
 3699      AF7CCEC9 
 3699      705EADA9 
 3699      BBB22BFA 
 3699      0DCECB
 3700 1772 AF33E068 		.ascii	"\2573\340h\315\306\013\232w\367\027T\323.\312,}\017"
 3700      CDC60B9A 
 3700      77F71754 
 3700      D32ECA2C 
 3700      7D0F
 3701 1784 3FC92C01 		.ascii	"?\311,\001\266\216\016e\334=W:\251\236\247\357E\231"
 3701      B68E0E65 
 3701      DC3D573A 
 3701      A99EA7EF 
 3701      4599
 3702 1796 EE065F7E 		.ascii	"\356\006_~]\372\012\024B\377\021\202bgy\326\251\003"
 3702      5DFA0A14 
 3702      42FF1182 
 3702      626779D6 
 3702      A903
 3703 17a8 06F7C4DD 		.ascii	"\006\367\304\335&\272\340\256n\274}R\263\315\330\242"
 3703      26BAE0AE 
 3703      6EBC7D52 
 3703      B3CDD8A2 
 3704 17b8 CAB98288 		.ascii	"\312\271\202\210wj\330\333\326\226\177\247;\257x\005"
 3704      776AD8DB 
 3704      D6967FA7 
 3704      3BAF7805 
 3705 17c8 CECADA57 		.ascii	"\316\312\332W\306x\0265"
 3705      C6781635 
 3706 17d0 E1E49BC8 		.ascii	"\341\344\233\310\246\177\353\352j\315\257\003\036\251"
 3706      A67FEBEA 
 3706      6ACDAF03 
 3706      1EA9
 3707 17de 9B1ED798 		.ascii	"\233\036\327\230ub\\\313\345+\2325'^\225\323*;~\374"
 3707      75625CCB 
 3707      E52B9A35 
 3707      275E95D3 
 3707      2A3B7EFC 
 3708 17f2 ADA73BB8 		.ascii	"\255\247;\270\227\226Wz{z\313|C\246o\231\257\313\264"
 3708      9796577A 
 3708      7B7ACB7C 
 3708      43A66F99 
 3708      AFCBB4
 3709 1805 E6B5F70D 		.ascii	"\346\265\367\015;\375\336\333>\257\332d\206c\353CF\373"
 3709      3BFDDEDB 
 3709      3EAFDA64 
 3709      8663EB43 
 3709      46FB
 3710 1817 32CDAF92 		.ascii	"2\315\257\222\332T\201\355\034\260\244}\370-\365\376"
 3710      DA5481ED 
ARM GAS  C:\Users\nello\AppData\Local\Temp\ccQFdKYI.s 			page 112


 3710      1CB0A47D 
 3710      F82DF5FE 
 3711 1827 19F57E07 		.ascii	"\031\365~\007\277_\324\177w\2231 \3675\377\330\203\376"
 3711      BF5FD47F 
 3711      77933120 
 3711      F735FFD8 
 3711      83FE
 3712 1839 B86670DD 		.ascii	"\270fp\335s\240\353\311\177\360/H\020v\272\356\306\003"
 3712      73A0EBC9 
 3712      7FF02F48 
 3712      1076BAEE 
 3712      C603
 3713 184b 8D429BD4 		.ascii	"\215B\233\324\372u\233\256\272\203,\317\032.7\354\261"
 3713      FA759BAE 
 3713      BA832CCF 
 3713      1A2E37EC 
 3713      B1
 3714 185c FF7891BD 		.ascii	"\377x\221\275|=\320\273\267\302\307\303\313\327{(\350"
 3714      7C3DD0BB 
 3714      B7C2C7C3 
 3714      CBD77B28 
 3714      E8
 3715 186d 2E8E7B3B 		.ascii	".\216{;-\3036\224\323}\356\312\373\265\011\266\002\233"
 3715      2DC33694 
 3715      D37DEECA 
 3715      FBB509B6 
 3715      029B
 3716 187f 2DED0BBC 		.ascii	"-\355\013\274\005w\224\274\203N\372\335\376\243\317"
 3716      057794BC 
 3716      834EFADD 
 3716      FEA3CF
 3717 188e 4D6F91D2 		.ascii	"Mo\221\322\361\0029<\236{{\034\177\315\014\244~<\212"
 3717      F102393C 
 3717      9E7B7B1C 
 3717      7FCD0CA4 
 3717      7E3C8A
 3718 18a1 F6A93F3C 		.ascii	"\366\251?<\272M\346\317V5\354\007\010\315\366\335[\\"
 3718      BA4DE6CF 
 3718      5635EC07 
 3718      08CDF6DD 
 3718      5B5C
 3719 18b3 14BA65E8 		.ascii	"\024\272e\350\367\264P\367\245(\017\244\373E\372\254"
 3719      F7B450F7 
 3719      A5280FA4 
 3719      FB45FAAC 
 3720 18c3 D2EFBE70 		.ascii	"\322\357\276p\320\352\260LY\313\020\364\300\211\221"
 3720      D0EAB04C 
 3720      59CB10F4 
 3720      C08991
 3721 18d2 F3A28869 		.ascii	"\363\242\210iz_\206\036\231\375\250\261\237e\332\200"
 3721      7A5F861E 
 3721      99FDA8B1 
 3721      9F65DA80 
 3722 18e2 0C0F6578 		.ascii	"\014\017ex$C\257\014}\366\245q\264\334f\363b\217\032"
 3722      2443AF0C 
 3722      7DF6A571 
 3722      B4DC66F3 
ARM GAS  C:\Users\nello\AppData\Local\Temp\ccQFdKYI.s 			page 113


 3722      628F1A
 3723 18f5 5DB29B48 		.ascii	"]\262\233H^k\236\015\306\250\277\234\350\367\320>\024"
 3723      5E6B9E0D 
 3723      C6A8BF9C 
 3723      E8F7D03E 
 3723      14
 3724 1906 DD485EAB 		.ascii	"\335H^\253\375\367\014\212\340=\257\024L\367\354{o\255"
 3724      FDF70C8A 
 3724      E03DAF14 
 3724      4CF7EC7B 
 3724      6FAD
 3725 1918 D3CC9514 		.ascii	"\323\314\225\0245\311\037\363\224\251Z\271\277P\263"
 3725      35C91FF3 
 3725      94A95AB9 
 3725      BF50B3
 3726 1927 853CA8CA 		.ascii	"\205<\250\312}\302\001\2177\355)\227<%\367S\226\334"
 3726      7DC2018F 
 3726      37ED2997 
 3726      3C25F753 
 3726      96DC
 3727 1939 6DFCF581 		.ascii	"m\374\365\201\027\013L#\333\030l/\331%i3}X\206!\372"
 3727      170B4C23 
 3727      DB186C2F 
 3727      D9256933 
 3727      7D588621 
 3728 194e EF129FC9 		.ascii	"\357\022\237\311l\020\373\345\322\215\254\025\232\312"
 3728      6C10FBE5 
 3728      D28DAC15 
 3728      9ACA
 3729 195c F24C95FA 		.ascii	"\362L\225\372\234\003\322\373\216ei\364>\246f\336\013"
 3729      9C03D2FB 
 3729      8E6569F4 
 3729      3EA666DE 
 3729      0B
 3730 196d 0EC8CB2B 		.ascii	"\016\310\313+\274\253\331\367\250P\001/9\340\352\332"
 3730      BCABD9F7 
 3730      A850012F 
 3730      39E0EADA 
 3731 197d 9444CD5B 		.ascii	"\224D\315[\201R\0250\302\001\361K\233Nk6=\257\250:\214"
 3731      81521530 
 3731      C201F14B 
 3731      9B4E6B36 
 3731      3DAFA83A 
 3732 1992 72C08D7B 		.ascii	"r\300\215{/\216k^\375\357T9\330t\014p\346`[\231\246"
 3732      2F8E6B5E 
 3732      FDEF5439 
 3732      D8740C70 
 3732      E6605B99 
 3733 19a7 408CA855 		.ascii	"@\214\250U&\216\003v\354\216o\325l\276\017\253\200x"
 3733      268E0376 
 3733      EC8E6FD5 
 3733      6CBE0FAB 
 3733      8078
 3734 19b9 0E38D478 		.ascii	"\0168\324x._\243C\225\012H@\00095\236\355\216\270\376"
 3734      2E5FA343 
 3734      950A4840 
 3734      0039359E 
ARM GAS  C:\Users\nello\AppData\Local\Temp\ccQFdKYI.s 			page 114


 3734      ED8EB8FE 
 3735 19cd 42F466C6 		.ascii	"B\364f\306\350\023\275\375\347\232Kt\364G5qU\237\331"
 3735      E813BDFD 
 3735      E79A4B74 
 3735      F4473571 
 3735      559FD9
 3736 19e0 7F439948 		.ascii	"\177C\231H/\024\237]\231({\230\203\311\330;&\351\370"
 3736      2F149F5D 
 3736      99287B98 
 3736      83C9D83B 
 3736      26E9F8
 3737 19f3 1CEC5B9A 		.ascii	"\034\354[\232\264\314\257\331f\313M\003\274\016\213"
 3737      B4CCAFD9 
 3737      66CB4D03 
 3737      BC0E8B
 3738 1a02 75CA044C 		.ascii	"u\312\004L\241\337\355\023\260\363'\310\355Dk\361s\315"
 3738      A1DFED13 
 3738      B0F327C8 
 3738      ED446BF1 
 3738      73CD
 3739 1a14 7BFF3835 		.ascii	"{\37785\213\226r;\236\366\227]\325\030\332\245\272j"
 3739      8B96723B 
 3739      9EF6975D 
 3739      D518DAA5 
 3739      BA6A
 3740 1a26 19073CC9 		.ascii	"\031\007<\311\254\332\240\011\370\210\012H\345\200\255"
 3740      ACDAA009 
 3740      F8880A48 
 3740      E580AD
 3741 1a35 6737E66A 		.ascii	"g7\346jv\202\037\250\200\345\034P~\266\360\232&\032"
 3741      76821FA8 
 3741      80E51C50 
 3741      7EB6F09A 
 3741      261A
 3742 1a47 AD2A6005 		.ascii	"\255*`\005\007\254o\255\335\344\245\002\326\252J\256"
 3742      07AC6FAD 
 3742      DDE4A502 
 3742      D6AA4AAE 
 3743 1a57 A4FF7C56 		.ascii	"\244\377|V\012\011\0176\353\"\203#\242\336\0131|\376"
 3743      0A090F36 
 3743      EB228323 
 3743      A2DE0B31 
 3743      7CFE
 3744 1a69 873F4E9C 		.ascii	"\207?N\234>\345#a\014?\177\357\203\251\037L\235\026"
 3744      3EE52361 
 3744      0C3F7FEF 
 3744      83A91F4C 
 3744      9D16
 3745 1a7b F2D1AF05 		.ascii	"\362\321\257\005\351\223\317f}i\210\215\210\262N\233"
 3745      E993CF66 
 3745      7D69888D 
 3745      88B24E9B 
 3746 1a8b 1A6495BF 		.ascii	"\032d\225\277\374z\372\357gI\277\235=k\026\374\011\276"
 3746      FC7AFAEF 
 3746      6749BF9D 
 3746      3D6B16FC 
 3746      09BE
ARM GAS  C:\Users\nello\AppData\Local\Temp\ccQFdKYI.s 			page 115


 3747 1a9d 9043E699 		.ascii	"\220C\346\231\202\315\354\356\224\017\203\254\304b\262"
 3747      82CDECEE 
 3747      940F83AC 
 3747      C462B2
 3748 1aac BE3BFD5F 		.ascii	"\276;\375_\376:=<\342\233\210\331\326\330\320\210\350"
 3748      FE3A3D3C 
 3748      E29B88D9 
 3748      D6D8D088 
 3748      E8
 3749 1abd BF2E8C36 		.ascii	"\277.\2146\177k\211\011\0161\005\305ZL\346\277~n\262"
 3749      7F6B8909 
 3749      0E3105C5 
 3749      5A4CE6BF 
 3749      7E6EB2
 3750 1ad0 5863CDA6 		.ascii	"Xc\315\246/\243\303\"B\026L\023\376\373{\357\005\342"
 3750      2FA3C322 
 3750      42164C13 
 3750      FEFB7BEF 
 3750      05E2
 3751 1ae2 FF217440 		.ascii	"\377!t@\264e\352\224)S\002\243-\201\341\301\363\002"
 3751      B465EA94 
 3751      295302A3 
 3751      2D81E1C1 
 3751      F302
 3752 1af4 63A2CD56 		.ascii	"c\242\315VK\340\3549_M\233\032\370\345\2273\002?\237"
 3752      4BE0EC39 
 3752      5F4D9B1A 
 3752      F8E59733 
 3752      023F9F
 3753 1b07 F9BBAF17 		.ascii	"\371\273\257\027L\015\264X#Q\217\260\230\210\350\367"
 3753      4C0DB458 
 3753      23518FB0 
 3753      9888E8F7 
 3754 1b17 C205F2F5 		.ascii	"\302\005\362\365\214Y\344w3f\3113\3778s\306,\375\327"
 3754      8C59E477 
 3754      3366C933 
 3754      FF3873C6 
 3754      2CFDD7
 3755 1b2a B3677EFA 		.ascii	"\263g~\372\351\214Y\272\257\347\374y\346\247\263\344"
 3755      E98C59BA 
 3755      AFE7FC79 
 3755      E6A7B3E4 
 3756 1b3a AFBE9EF1 		.ascii	"\257\276\236\361\351,\252\376\027>\352\250 \253!\":"
 3756      E92CAAFE 
 3756      173EEAA8 
 3756      20AB2122 
 3756      3A
 3757 1b4b 323AD484 		.ascii	"2:\324\204\332\206\230\247\"M\221-1&S\350\033(4\010"
 3757      DA8698A7 
 3757      224D912D 
 3757      312653E8 
 3757      1B283408 
 3758 1b5f 358CC043 		.ascii	"5\214\300CHt\324\334\2100\2747\355\267\337[\277?\316"
 3758      4874D4DC 
 3758      8830BC37 
 3758      EDB7DF5B 
 3758      BF3FCE
ARM GAS  C:\Users\nello\AppData\Local\Temp\ccQFdKYI.s 			page 116


 3759 1b72 FE64D69C 		.ascii	"\376d\326\234\005\323\0025l\346\315\013E%}f\263\263"
 3759      05D30235 
 3759      6CE6CD0B 
 3759      45257D66 
 3759      B3B3
 3760 1b84 E99CE794 		.ascii	"\351\234\347\224\017\005\257`s\344\202\217L\357F\012"
 3760      0F05AF60 
 3760      73E4828F 
 3760      4CEF460A 
 3761 1b94 C6106462 		.ascii	"\306\020db\372\356\335\310\017\004\177\224i\211\215"
 3761      FAEEDDC8 
 3761      0F047F94 
 3761      69898D
 3762 1ba3 349983AC 		.ascii	"4\231\203\254\341fSp\250\236\307A\360\373f^D\324\267"
 3762      E1665370 
 3762      A89EC741 
 3762      F0FB665E 
 3762      44D4B7
 3763 1bb6 8ECB12BD 		.ascii	"\216\313\022\275l\014\011\237\023\036:{\236\311\024"
 3763      6C0C099F 
 3763      131E3A7B 
 3763      9EC914
 3764 1bc5 E36B5964 		.ascii	"\343kYdA\347\233\314\013P\236\365\027\036\2655[\003"
 3764      41E79BCC 
 3764      0B509EF5 
 3764      171EB535 
 3764      5B03
 3765 1bd7 23A242E6 		.ascii	"#\242B\346\305\206\232\360\016gcA\275\014!\3411f\034"
 3765      C5869AF0 
 3765      0E676341 
 3765      BD0C21E1 
 3765      31661C
 3766 1bea 3B77DC6F 		.ascii	";w\334o\203-\246\331\246\371\261\246(+*:\333\212\210"
 3766      832DA6D9 
 3766      A6F9B1A6 
 3766      282B2A3A 
 3766      DB8A88
 3767 1bfd C8F75F69 		.ascii	"\310\367_i\370\274\210o0\012\024c\011\264\263@v\343"
 3767      F8BC886F 
 3767      300A1463 
 3767      09B4B340 
 3767      76E3
 3768 1c0f 43C23F5D 		.ascii	"C\302?]`\375\334d\375$*t:\315\212\317\346\005\207Y\374"
 3768      60FDDC64 
 3768      FD242A74 
 3768      3ACD8ACF 
 3768      E6058759 
 3769 1c24 4C0B906B 		.ascii	"L\013\220k\320\274\010\213\325\024e2\217q>\015\262\372"
 3769      D0BC088B 
 3769      D5146532 
 3769      8F713E0D 
 3769      B2FA
 3770 1c36 B00B7329 		.ascii	"\260\013s)4\310\372\363\327\253\317\340T{\037&\356O"
 3770      34C8FAF3 
 3770      D7ABCFE0 
 3770      547B1F26 
 3770      EE4F
ARM GAS  C:\Users\nello\AppData\Local\Temp\ccQFdKYI.s 			page 117


 3771 1c48 C111286F 		.ascii	"\301\021(o\2217\273\034\031l\3716\310\372#vc\226)\214"
 3771      9137BB1C 
 3771      196CF936 
 3771      C8FA2376 
 3771      6396298C 
 3772 1c5c CA307F85 		.ascii	"\3120\177\205\327\376\024a\015g\312paA\226\350Xs\210"
 3772      D7FE1461 
 3772      0D67CA70 
 3772      614196E8 
 3772      587388
 3773 1c6f C94F7B12 		.ascii	"\311O{\022d}\203\371t:\232e5\315\266\006[#B\364\326"
 3773      647D83F9 
 3773      743A9A65 
 3773      35CDB606 
 3773      5B2342F4 
 3774 1c84 B9B15121 		.ascii	"\271\261Q!AV\275\025m\304\274\321Y\"\376\017\002\275"
 3774      4156BD15 
 3774      6DC4BCD1 
 3774      5922FE0F 
 3774      02BD
 3775 1c96 42C29558 		.ascii	"B\302\225X\030\370!\310:>(\206G\033\003o\0153G\307\306"
 3775      18F821C8 
 3775      3A3E2886 
 3775      471B036F 
 3775      0D3347C7 
 3776 1cab D004F389 		.ascii	"\320\004\363\211\210\2469\302\2652\362\223\010D\377"
 3776      88A639C2 
 3776      B532F293 
 3776      0844FF
 3777 1cba 8FFF6CCA 		.ascii	"\217\377l\312\323\214\212Q\323)\214\317\240\240\210"
 3777      D38C8A51 
 3777      D3298CCF 
 3777      A0A088
 3778 1cc9 A808EBB8 		.ascii	"\250\010\353\270\367\002\225S\373\021\021zK(Z`\266j"
 3778      F7029553 
 3778      FB11117A 
 3778      4B285A60 
 3778      B66A
 3779 1cdb 333AD41C 		.ascii	"3:\324\034\261\300dVRq\006;\221#-aA\326\367^\251\215"
 3779      B1C06456 
 3779      5271063B 
 3779      91232D61 
 3779      41D6F75E 
 3780 1cf1 DDE92A17 		.ascii	"\335\351*\027\344\215\326\317^d\371\035\212\236\374"
 3780      E48DD6CF 
 3780      5E64F91D 
 3780      8A9EFC
 3781 1d00 FA60616E 		.ascii	"\372`anRu\220\001\035\360\263\357#\011\361~v\003y\254"
 3781      52759001 
 3781      1DF0B3EF 
 3781      2309F17E 
 3781      760379AC 
 3782 1d14 A528D377 		.ascii	"\245(\323w\326\037\273\331\031\344\310\004\343\302\340"
 3782      D61FBBD9 
 3782      19E4C804 
 3782      E3C2E0
 3783 1d23 E9CADC31 		.ascii	"\351\312\3341Z\254\337\006\317\213\010\213\3020-\014"
ARM GAS  C:\Users\nello\AppData\Local\Temp\ccQFdKYI.s 			page 118


 3783      5AACDF06 
 3783      CF8B088B 
 3783      C2302D0C 
 3784 1d33 FE2D9F39 		.ascii	"\376-\2379d\366\214\251X\247\242C\276\225c-\350\026"
 3784      64F68CA9 
 3784      58A7A243 
 3784      BE95632D 
 3784      E816
 3785 1d45 5F365383 		.ascii	"_6S\203\346,\2121\3150\315\325Ec\336\307\232\014\363"
 3785      E62C8A31 
 3785      CD30CDD5 
 3785      4563DEC7 
 3785      9A0CF3
 3786 1d58 83A2A2AD 		.ascii	"\203\242\242\255\021s\027au\010bW\214\366/\310k>\277"
 3786      11731761 
 3786      75086257 
 3786      8CF62FC8 
 3786      6B3EBF
 3787 1d6b 87B9303F 		.ascii	"\207\2710?\310\034\032c5\353i\305\373\025;_h\306sy~"
 3787      C81C1A63 
 3787      35EB69C5 
 3787      FB153B5F 
 3787      68C67379 
 3788 1d80 90353A06 		.ascii	"\2205:\006\231|\023;w\256\311\3545\037KH,\235\226\370"
 3788      997C133B 
 3788      77AEC9EC 
 3788      351F4B48 
 3788      2C9D96F8 
 3789 1d94 6D21E668 		.ascii	"m!\346hDT\330\030G\336X8_\231\013\306\313\\\236\375"
 3789      4454D818 
 3789      47DE5838 
 3789      5F990BC6 
 3789      CB5C9EFD 
 3790 1da8 4B90558A 		.ascii	"K\220U\2121\233\026\374\363\353\375K\247\021\365\300"
 3790      319B16FC 
 3790      F3EBFD4B 
 3790      A711F5C0 
 3791 1db8 F798F6D1 		.ascii	"\367\230\366\321\337\374\233)\204\201\375\235\224\300"
 3791      DFFC9B29 
 3791      8481FD9D 
 3791      94C0
 3792 1dc6 B49E1F44 		.ascii	"\264\236\037D\375\364\375\362\200\215\241\\\374\242"
 3792      FDF4FDF2 
 3792      808DA15C 
 3792      FCA2
 3793 1dd4 63AD31B1 		.ascii	"c\2551\261V\007\223\010\366\3057\"JsQ\266\340<2yYB\331"
 3793      56079308 
 3793      F6C53722 
 3793      4A7351B6 
 3793      E03C3279 
 3794 1deb 11CF59C8 		.ascii	"\021\317Y\310\310\202H\253\2776\017\377\327Wst\346\357"
 3794      C88248AB 
 3794      BF360FFF 
 3794      D7577374 
 3794      E6EF
 3795 1dfd E8342121 		.ascii	"\3504!!\341\357\033i\201S\346\027~\314\243sO\037i\375"
 3795      E1EF1B69 
ARM GAS  C:\Users\nello\AppData\Local\Temp\ccQFdKYI.s 			page 119


 3795      8153E617 
 3795      7ECCA373 
 3795      4F1F69FD 
 3796 1e11 8EDA4A7D 		.ascii	"\216\332J}\025\031\213\005\323`\2121E\205\242S\015\230"
 3796      15198B05 
 3796      D3608A31 
 3796      4585A253 
 3796      0D98
 3797 1e23 C34C9A5E 		.ascii	"\303L\232^\361\262\036!\024\352\245\034\203\254\020"
 3797      F1B21E21 
 3797      14EAA51C 
 3797      83AC10
 3798 1e32 AB332DA4 		.ascii	"\2533-\244\334u\013\255\310'\006\017\026Sd\014\326\017"
 3798      DC750BAD 
 3798      C827060F 
 3798      1653640C 
 3798      D60F
 3799 1e44 CCEAC8E0 		.ascii	"\314\352\310\340\230\360h\263Io\241\345\303\022&/\264"
 3799      98F068B3 
 3799      496FA1E5 
 3799      C312262F 
 3799      B4
 3800 1e55 5ACD3163 		.ascii	"Z\3151c\225ym6a(MQ\264:\340 \364`\214\301\364]\2045"
 3800      95796D36 
 3800      61284D51 
 3800      B43AE020 
 3800      F4608CC1 
 3801 1e6d 04E7B6CE 		.ascii	"\004\347\266\316\034\272\010\361\022B,z+\375D\363X\025"
 3801      1CBA08F1 
 3801      12422C7A 
 3801      2BFD44F3 
 3801      5815
 3802 1e7f D35BF9E2 		.ascii	"\323[\371\342b\260*V\353\026\006\177\203\365U\212\012"
 3802      62B02A56 
 3802      EB16067F 
 3802      83F5558A 
 3802      0A
 3803 1e90 8E34C9D1 		.ascii	"\2164\311\321\013\261\352\371\241\350h\013\316_D w_"
 3803      0BB1EAF9 
 3803      A1E8680B 
 3803      CE5F4420 
 3803      775F
 3804 1ea2 CD77849B 		.ascii	"\315w\204\233\231=$\304\372\035r\017\263\350\346\231"
 3804      993D24C4 
 3804      FA1D720F 
 3804      B3E8E699 
 3805 1eb2 834CDF85 		.ascii	"\203L\337\205\020\363\224)H\357\213\346_\213\346_\211"
 3805      10F39429 
 3805      48EF8BE6 
 3805      5F8BE65F 
 3805      89
 3806 1ec3 E68F44F3 		.ascii	"\346\217D\363\207\242\371\227\242\371\003=\345\216^"
 3806      87A2F997 
 3806      A2F9033D 
 3806      E58E5E
 3807 1ed2 F2A6D503 		.ascii	"\362\246\325\003\031Yq\344G\036\203\031\022\035\031"
 3807      195971E4 
ARM GAS  C:\Users\nello\AppData\Local\Temp\ccQFdKYI.s 			page 120


 3807      471E8319 
 3807      121D19
 3808 1ee1 191DA554 		.ascii	"\031\035\245T\231Of}\265\340\243w\277z\367\223/\347"
 3808      994F667D 
 3808      B5E0A377 
 3808      BF7AF793 
 3808      2FE7
 3809 1ef3 200ED721 		.ascii	" \016\327!Z9DK\014g\203S\016\331\370\260\357\2700\241"
 3809      5A39444B 
 3809      0C678353 
 3809      0ED9F8B0 
 3809      EFB830A1 
 3810 1f07 CBAD243C 		.ascii	"\313\255$<\324\254\213a\312a\255\014\242q1GX\027\361"
 3810      D4AC8B61 
 3810      CA61AD0C 
 3810      A2713147 
 3810      5817F1
 3811 1f1a 6007B85D 		.ascii	"`\007\270]aY\034\021-\321 \310\2211\321\321\363t|U\035"
 3811      61591C11 
 3811      2DD120C8 
 3811      9131D1D1 
 3811      F3747C55 
 3812 1f2f EF6CBDB2 		.ascii	"\357l\275\262\326\216s\277\204\034\314sCbiD\351Q\242"
 3812      D68E73BF 
 3812      841CCC73 
 3812      43626944 
 3812      E951A2
 3813 1f42 31F4A6DF 		.ascii	"1\364\246\337\202xI\375\247\327g=E\243Y:6\312\252\247"
 3813      827849FD 
 3813      A7D7673D 
 3813      45A3593A 
 3813      36CAAAA7 
 3814 1f56 56064584 		.ascii	"V\006E\204z)G\274\202\036\246\012zS\031l\3050/2\332"
 3814      7A2947BC 
 3814      821EA60A 
 3814      7A53196C 
 3814      C5302F32 
 3815 1f6b BF602C16 		.ascii	"\277`,\026XY\332\315\013\266X\255\021\221\230\312\213"
 3815      5859DACD 
 3815      0BB658AD 
 3815      119198CA 
 3815      8B
 3816 1f7c 2CF488B1 		.ascii	",\364\210\261\016\2457|qX\250i\2365\230\245\232\277"
 3816      0EA5377C 
 3816      7158A869 
 3816      9E3598A5 
 3816      9ABF
 3817 1f8e D319C5D0 		.ascii	"\323\031\305\320\223\037\340\325\005\021fk,]\237q\254"
 3817      931FE0D5 
 3817      0511666B 
 3817      2C5D9F71 
 3817      AC
 3818 1f9f D9       		.ascii	"\331"
 3819 1fa0 C2F393F2 		.ascii	"\302\363\223\362Ds#cX\363\364\341\007\270\212x\200!"
 3819      44732363 
 3819      58F3F4E1 
 3819      07B88A78 
ARM GAS  C:\Users\nello\AppData\Local\Temp\ccQFdKYI.s 			page 121


 3819      8021
 3820 1fb2 17B35D12 		.ascii	"\027\263]\022\315\311E\354\252>$\326\214\211i\365Q/"
 3820      CDC945EC 
 3820      AA3E24D6 
 3820      8C8969F5 
 3820      512F
 3821 1fc4 613713FA 		.ascii	"a7\023\372M\030U\201\352h\212DM\276\211\015\363\212"
 3821      4D185581 
 3821      EA688A44 
 3821      4DBE890D 
 3821      F38A
 3822 1fd6 098E8A08 		.ascii	"\011\216\212\010\011\302L\375\036\325\204\215\240S["
 3822      09C24CFD 
 3822      1ED5848D 
 3822      A0535B
 3823 1fe5 CB817649 		.ascii	"\313\201vI\3411\023<u\0108o\003\277\337\342\301\233"
 3823      E131133C 
 3823      7508386F 
 3823      03BFDFE2 
 3823      C19B
 3824 1ff7 05643D36 		.ascii	"\005d=6$\034\027\346\331"
 3824      241C17E6 
 3824      D9
 3825 2000 26EB1C36 		.ascii	"&\353\0346\303\376\200S\342\335\357\021E% 4\222\274"
 3825      C3FE8053 
 3825      E2DDEF11 
 3825      45252034 
 3825      92BC
 3826 2012 EA1BEC0D 		.ascii	"\352\033\354\015\204n!\233to\270\255\371\377\037{\337"
 3826      846E219B 
 3826      746FB8AD 
 3826      F9FF1F7B 
 3826      DF
 3827 2023 DE23     		.ascii	"\336#"
 3828              		.text
 3829              		.section	.gnu.lto_.symtab.6c44194f,"e",%progbits
 3830 0000 6D61696E 		.ascii	"main\000"
 3830      00
 3831 0005 00       		.ascii	"\000"
 3832 0006 00       		.ascii	"\000"
 3833 0007 00       		.ascii	"\000"
 3834 0008 00000000 		.ascii	"\000\000\000\000\000\000\000\000"
 3834      00000000 
 3835 0010 1A010000 		.ascii	"\032\001\000\000"
 3836 0014 63683000 		.ascii	"ch0\000"
 3837 0018 00       		.ascii	"\000"
 3838 0019 02       		.ascii	"\002"
 3839 001a 00       		.ascii	"\000"
 3840 001b 00000000 		.ascii	"\000\000\000\000\000\000\000\000"
 3840      00000000 
 3841 0023 D0020000 		.ascii	"\320\002\000\000"
 3842 0027 67657374 		.ascii	"gesture_events\000"
 3842      7572655F 
 3842      6576656E 
 3842      747300
 3843 0036 00       		.ascii	"\000"
 3844 0037 02       		.ascii	"\002"
ARM GAS  C:\Users\nello\AppData\Local\Temp\ccQFdKYI.s 			page 122


 3845 0038 00       		.ascii	"\000"
 3846 0039 00000000 		.ascii	"\000\000\000\000\000\000\000\000"
 3846      00000000 
 3847 0041 8A010000 		.ascii	"\212\001\000\000"
 3848 0045 53443200 		.ascii	"SD2\000"
 3849 0049 00       		.ascii	"\000"
 3850 004a 02       		.ascii	"\002"
 3851 004b 00       		.ascii	"\000"
 3852 004c 00000000 		.ascii	"\000\000\000\000\000\000\000\000"
 3852      00000000 
 3853 0054 F3010000 		.ascii	"\363\001\000\000"
 3854 0058 63685468 		.ascii	"chThdSleep\000"
 3854      64536C65 
 3854      657000
 3855 0063 00       		.ascii	"\000"
 3856 0064 02       		.ascii	"\002"
 3857 0065 00       		.ascii	"\000"
 3858 0066 00000000 		.ascii	"\000\000\000\000\000\000\000\000"
 3858      00000000 
 3859 006e 20010000 		.ascii	" \001\000\000"
 3860 0072 63687072 		.ascii	"chprintf\000"
 3860      696E7466 
 3860      00
 3861 007b 00       		.ascii	"\000"
 3862 007c 02       		.ascii	"\002"
 3863 007d 00       		.ascii	"\000"
 3864 007e 00000000 		.ascii	"\000\000\000\000\000\000\000\000"
 3864      00000000 
 3865 0086 2B010000 		.ascii	"+\001\000\000"
 3866 008a 63684576 		.ascii	"chEvtGetAndClearFlags\000"
 3866      74476574 
 3866      416E6443 
 3866      6C656172 
 3866      466C6167 
 3867 00a0 00       		.ascii	"\000"
 3868 00a1 02       		.ascii	"\002"
 3869 00a2 00       		.ascii	"\000"
 3870 00a3 00000000 		.ascii	"\000\000\000\000\000\000\000\000"
 3870      00000000 
 3871 00ab 36010000 		.ascii	"6\001\000\000"
 3872 00af 63684576 		.ascii	"chEvtWaitAny\000"
 3872      74576169 
 3872      74416E79 
 3872      00
 3873 00bc 00       		.ascii	"\000"
 3874 00bd 02       		.ascii	"\002"
 3875 00be 00       		.ascii	"\000"
 3876 00bf 00000000 		.ascii	"\000\000\000\000\000\000\000\000"
 3876      00000000 
 3877 00c7 3C010000 		.ascii	"<\001\000\000"
 3878 00cb 63684576 		.ascii	"chEvtRegisterMaskWithFlags\000"
 3878      74526567 
 3878      69737465 
 3878      724D6173 
 3878      6B576974 
 3879 00e6 00       		.ascii	"\000"
 3880 00e7 02       		.ascii	"\002"
ARM GAS  C:\Users\nello\AppData\Local\Temp\ccQFdKYI.s 			page 123


 3881 00e8 00       		.ascii	"\000"
 3882 00e9 00000000 		.ascii	"\000\000\000\000\000\000\000\000"
 3882      00000000 
 3883 00f1 48010000 		.ascii	"H\001\000\000"
 3884 00f5 63685468 		.ascii	"chThdCreateStatic\000"
 3884      64437265 
 3884      61746553 
 3884      74617469 
 3884      6300
 3885 0107 00       		.ascii	"\000"
 3886 0108 02       		.ascii	"\002"
 3887 0109 00       		.ascii	"\000"
 3888 010a 00000000 		.ascii	"\000\000\000\000\000\000\000\000"
 3888      00000000 
 3889 0112 5D010000 		.ascii	"]\001\000\000"
 3890 0116 5F70616C 		.ascii	"_pal_lld_setgroupmode\000"
 3890      5F6C6C64 
 3890      5F736574 
 3890      67726F75 
 3890      706D6F64 
 3891 012c 00       		.ascii	"\000"
 3892 012d 02       		.ascii	"\002"
 3893 012e 00       		.ascii	"\000"
 3894 012f 00000000 		.ascii	"\000\000\000\000\000\000\000\000"
 3894      00000000 
 3895 0137 6A010000 		.ascii	"j\001\000\000"
 3896 013b 67657374 		.ascii	"gesture_init\000"
 3896      7572655F 
 3896      696E6974 
 3896      00
 3897 0148 00       		.ascii	"\000"
 3898 0149 02       		.ascii	"\002"
 3899 014a 00       		.ascii	"\000"
 3900 014b 00000000 		.ascii	"\000\000\000\000\000\000\000\000"
 3900      00000000 
 3901 0153 6E010000 		.ascii	"n\001\000\000"
 3902 0157 73645374 		.ascii	"sdStart\000"
 3902      61727400 
 3903 015f 00       		.ascii	"\000"
 3904 0160 02       		.ascii	"\002"
 3905 0161 00       		.ascii	"\000"
 3906 0162 00000000 		.ascii	"\000\000\000\000\000\000\000\000"
 3906      00000000 
 3907 016a 7F010000 		.ascii	"\177\001\000\000"
 3908 016e 63685379 		.ascii	"chSysInit\000"
 3908      73496E69 
 3908      7400
 3909 0178 00       		.ascii	"\000"
 3910 0179 02       		.ascii	"\002"
 3911 017a 00       		.ascii	"\000"
 3912 017b 00000000 		.ascii	"\000\000\000\000\000\000\000\000"
 3912      00000000 
 3913 0183 82010000 		.ascii	"\202\001\000\000"
 3914 0187 68616C49 		.ascii	"halInit\000"
 3914      6E697400 
 3915 018f 00       		.ascii	"\000"
 3916 0190 02       		.ascii	"\002"
ARM GAS  C:\Users\nello\AppData\Local\Temp\ccQFdKYI.s 			page 124


 3917 0191 00       		.ascii	"\000"
 3918 0192 00000000 		.ascii	"\000\000\000\000\000\000\000\000"
 3918      00000000 
 3919 019a 84010000 		.ascii	"\204\001\000\000"
 3920              		.text
 3921              		.section	.gnu.lto_.ext_symtab.6c44194f,"e",%progbits
 3922 0000 01       		.ascii	"\001"
 3923 0001 01       		.ascii	"\001"
 3924 0002 00       		.ascii	"\000"
 3925 0003 02       		.ascii	"\002"
 3926 0004 01       		.ascii	"\001"
 3927 0005 02       		.ascii	"\002"
 3928 0006 01       		.ascii	"\001"
 3929 0007 02       		.ascii	"\002"
 3930 0008 01       		.ascii	"\001"
 3931 0009 01       		.ascii	"\001"
 3932 000a 00       		.ascii	"\000"
 3933 000b 01       		.ascii	"\001"
 3934 000c 00       		.ascii	"\000"
 3935 000d 01       		.ascii	"\001"
 3936 000e 00       		.ascii	"\000"
 3937 000f 01       		.ascii	"\001"
 3938 0010 00       		.ascii	"\000"
 3939 0011 01       		.ascii	"\001"
 3940 0012 00       		.ascii	"\000"
 3941 0013 01       		.ascii	"\001"
 3942 0014 00       		.ascii	"\000"
 3943 0015 01       		.ascii	"\001"
 3944 0016 00       		.ascii	"\000"
 3945 0017 01       		.ascii	"\001"
 3946 0018 00       		.ascii	"\000"
 3947 0019 01       		.ascii	"\001"
 3948 001a 00       		.ascii	"\000"
 3949 001b 01       		.ascii	"\001"
 3950 001c 00       		.ascii	"\000"
 3951 001d 01       		.ascii	"\001"
 3952 001e 00       		.ascii	"\000"
 3953              		.text
 3954              		.section	.gnu.lto_.opts,"e",%progbits
 3955 0000 272D666E 		.ascii	"'-fno-openmp' '-fno-openacc' '-fno-pie' '-fcf-prote"
 3955      6F2D6F70 
 3955      656E6D70 
 3955      2720272D 
 3955      666E6F2D 
 3956 0033 6374696F 		.ascii	"ction=none' '-g' '-mcpu=cortex-m4' '-mthumb' '-mflo"
 3956      6E3D6E6F 
 3956      6E652720 
 3956      272D6727 
 3956      20272D6D 
 3957 0066 61742D61 		.ascii	"at-abi=soft' '-mlibarch=armv7e-m' '-march=armv7e-m'"
 3957      62693D73 
 3957      6F667427 
 3957      20272D6D 
 3957      6C696261 
 3958 0099 20272D4F 		.ascii	" '-O2' '-fomit-frame-pointer' '-falign-functions=16"
 3958      32272027 
 3958      2D666F6D 
ARM GAS  C:\Users\nello\AppData\Local\Temp\ccQFdKYI.s 			page 125


 3958      69742D66 
 3958      72616D65 
 3959 00cc 2720272D 		.ascii	"' '-ffunction-sections' '-fdata-sections' '-fno-com"
 3959      6666756E 
 3959      6374696F 
 3959      6E2D7365 
 3959      6374696F 
 3960 00ff 6D6F6E27 		.ascii	"mon' '-flto' '-Xassembler' '-alms=./build/lst/main."
 3960      20272D66 
 3960      6C746F27 
 3960      20272D58 
 3960      61737365 
 3961 0132 6C737427 		.ascii	"lst'\000"
 3961      00
 3962              		.text
 3963              		.comm	__gnu_lto_slim,1,1
 3964              		.ident	"GCC: (GNU Arm Embedded Toolchain 10.3-2021.10) 10.3.1 20210824 (release)"
ARM GAS  C:\Users\nello\AppData\Local\Temp\ccQFdKYI.s 			page 126


DEFINED SYMBOLS
                            *ABS*:00000000 main.c
C:\Users\nello\AppData\Local\Temp\ccQFdKYI.s:43     .gnu.debuglto_.debug_info:00000000 main.c.42423c79
                            *COM*:00000001 __gnu_lto_slim

NO UNDEFINED SYMBOLS
